timestamp,hydro_rms_2_5,ratio_4p5_8_over_8_16,hf_event_rate_2_5,effect_tremor_rms_5_15,API,pressure_drop,SO2_flux,GNSS_deformation,local_eq_count_1h
2019-10-01 00:00:00+00:00,-0.24952076178578383,0.4764452366044991,-1.5676855877839126,-1.1258303560336094,,0.0,,-0.9902098383805332,-0.1457949175366577
2019-10-01 01:00:00+00:00,1.5123858422078484,0.03776031107908231,-1.5676855877839126,-0.008788169378767674,-0.4373285142650226,0.22483025315895028,1.5677108921521883,-0.9902098383805332,-0.1457949175366577
2019-10-01 02:00:00+00:00,1.846977986166192,0.590991550419466,-0.7002933735312947,-0.05095400588452391,-0.44400863678936053,2.023472278430041,0.9326399433437488,-0.9902098383805332,-0.1457949175366577
2019-10-01 03:00:00+00:00,1.7835073626316218,-0.29967379814254225,-1.5676855877839126,0.17564715725929392,-0.41699451582942954,1.348981518953446,0.5382860672741276,-0.9902098383805332,-0.1457949175366577
2019-10-01 04:00:00+00:00,1.7245213114492994,0.07200626807699803,-1.5676855877839126,0.05009439755149441,-0.424670966021522,0.8993210126355454,0.6179551638315693,-0.9902098383805332,-0.1457949175366577
2019-10-01 05:00:00+00:00,2.4437113780379764,-0.08146673351069116,-2.4350778020365302,0.14913734869351866,-0.4319716169660291,-0.22483025315895028,0.6937164785999942,-0.9902098383805332,-0.1457949175366577
2019-10-01 06:00:00+00:00,1.6141177163781972,-0.1212488318085241,-1.0602936690286402,0.06857223746085798,-0.43891449191139825,-0.22483025315895028,0.7659355083422825,-0.9902098383805332,-0.1457949175366577
2019-10-01 07:00:00+00:00,1.0860017434375564,-0.2563724394362037,-0.4210554504768188,0.053351019123675854,-0.4455167855218116,-0.8993210126355454,,-0.9902098383805332,-0.1457949175366577
2019-10-01 08:00:00+00:00,1.4897036243673216,-0.4482252279912121,-2.4350778020365302,0.17382972538031227,-0.4517948985328031,-0.22483025315895028,,-0.9902098383805332,-0.1457949175366577
2019-10-01 09:00:00+00:00,1.4655830982504932,-0.053305381969929,-2.4350778020365302,0.11558814945335721,-0.45776447129272363,-0.4496605063176449,,-0.9902098383805332,-0.1457949175366577
2019-10-01 10:00:00+00:00,1.8583512177172814,0.6358420610810781,-2.4350778020365302,0.019918705243506148,-0.46344041619115617,0.6744907594765952,,-0.9902098383805332,-0.1457949175366577
2019-10-01 11:00:00+00:00,1.9689121420667588,0.6295349596095253,-0.7002933735312947,0.06496944590567946,-0.4688369489798836,-0.0,,-0.9902098383805332,-0.1457949175366577
2019-10-01 12:00:00+00:00,1.5430461299170615,0.8499150295307702,-0.7002933735312947,-0.041340276188607424,-0.473967618995941,-0.6744907594765952,,-0.9902098383805332,-0.1457949175366577
2019-10-01 13:00:00+00:00,1.7466953617635324,0.17733160344035298,-1.5676855877839126,0.08195776772767077,-0.4788453382997012,-0.0,,-0.9902098383805332,-0.1457949175366577
2019-10-01 14:00:00+00:00,1.6699885583701948,0.015915472749662464,-1.5676855877839126,0.1788712545250415,-0.48348240974387996,-0.22483025315895028,,-0.9902098383805332,-0.1457949175366577
2019-10-01 15:00:00+00:00,1.9318436192590664,0.5273682562864002,-2.4350778020365302,0.11893455606550929,-0.48789055399185965,-0.0,,-0.9902098383805332,-0.1457949175366577
2019-10-01 16:00:00+00:00,1.8918899905635609,-0.3656583861231576,-2.4350778020365302,0.33850166693561196,-0.4920809355058523,-0.44966050631790055,,-0.9902098383805332,-0.1457949175366577
2019-10-01 17:00:00+00:00,1.4305682178101573,-0.8501034719529486,-1.5676855877839126,0.361890724356933,-0.49606418752719034,-1.3489815189531904,,-0.9902098383805332,-0.1457949175366577
2019-10-01 18:00:00+00:00,1.4701852342105337,-0.2430669154200904,-1.5676855877839126,0.20593607586560542,-0.4998504360724877,-1.5738117721123963,,-0.9902098383805332,-0.1457949175366577
2019-10-01 19:00:00+00:00,1.499932379098271,-0.36837302694179663,-0.19290145477602264,0.22867538663061485,-0.5034493229705813,-1.348981518953446,,-0.9902098383805332,-0.1457949175366577
2019-10-01 20:00:00+00:00,1.7228482039655446,-0.8891632977439954,-1.5676855877839126,0.6671975353946497,-0.5068700279660757,-1.1241512657944956,,-0.9902098383805332,-0.1457949175366577
2019-10-01 21:00:00+00:00,1.6503852077838157,-1.1516093748870024,-0.4210554504768188,0.8211366259752702,-0.510121289915998,-1.1241512657944956,,-0.9902098383805332,-0.1457949175366577
2019-10-01 22:00:00+00:00,1.7738602747587982,-1.4101964565773601,-2.4350778020365302,0.9620115654341325,-0.5132114271065563,1.5738117721123963,1.613383592601226,-0.9902098383805332,-0.1457949175366577
2019-10-01 23:00:00+00:00,0.004430729220318331,-1.861093700722701,-0.19290145477602264,0.05085477487211282,-0.4824589677206086,1.348981518953446,1.0583076796645337,-0.9902098383805332,-0.1457949175366577
2019-10-02 00:00:00+00:00,-0.15806989883769784,-0.6628845155976152,0.0,-0.6722447945647291,-0.4869176509368024,2.697963037906636,0.18358647201533035,-1.225564060836196,-0.1457949175366577
2019-10-02 01:00:00+00:00,1.4367191115637448,-1.011844905457386,0.6744907594765952,0.697739947351602,-0.49115610547502475,1.5738117721123963,0.8193871465676525,-1.225564060836196,-0.1457949175366577
2019-10-02 02:00:00+00:00,1.6764771854340232,-1.3180088403384014,0.16709884072132275,1.0359303480238193,-0.49518508202826905,1.5738117721121407,0.8352012307543789,-1.225564060836196,-0.1457949175366577
2019-10-02 03:00:00+00:00,2.0210628053251574,-1.9305262657272266,-0.19290145477602264,1.7037069508263158,-0.46540987035622094,3.5972840505424375,0.7819376631795334,-1.225564060836196,-0.1457949175366577
2019-10-02 04:00:00+00:00,2.1794712349403516,-2.4092765841014856,0.0,2.8168119877358793,-0.43724348949747427,2.2483025315889913,0.726771942414694,-1.225564060836196,-0.1457949175366577
2019-10-02 05:00:00+00:00,2.934365255988024,-2.8744770341055506,0.4463367637757993,4.7263046002639895,-0.3444086613343537,0.44966050631790055,0.6695631611168653,-1.225564060836196,-0.1457949175366577
2019-10-02 06:00:00+00:00,3.9985893914743595,-3.076614151440512,0.3144904639792498,7.386546587602544,-0.35561869210531905,-0.22483025315895028,,-1.225564060836196,-0.1457949175366577
2019-10-02 07:00:00+00:00,3.7854846698702347,-2.9895998325097803,0.6744907594765952,5.957104918181246,-0.3662853396866804,-1.348981518953446,,-1.225564060836196,-0.1457949175366577
2019-10-02 08:00:00+00:00,2.9715760315738766,-2.695815000710514,-0.19290145477602264,3.603263194400709,-0.37643415270859526,-1.7986420252710908,,-1.225564060836196,-0.1457949175366577
2019-10-02 09:00:00+00:00,2.4830489288825577,-2.301376596248966,0.7746547987902044,2.1576547887846966,-0.38608955364397707,-0.8993210126355454,,-1.225564060836196,-0.1457949175366577
2019-10-02 10:00:00+00:00,2.166633643316794,-1.8596478742702984,0.3144904639792498,1.3304377781728867,-0.39527488129204486,-1.7986420252713464,,-1.225564060836196,-0.1457949175366577
2019-10-02 11:00:00+00:00,1.8202944606729121,-1.6409014039376626,0.3144904639792498,0.9781929866240815,-0.4040124323598513,-2.023472278430041,,-1.225564060836196,-0.1457949175366577
2019-10-02 12:00:00+00:00,1.7779807738914974,-1.5270933120115189,-0.19290145477602264,0.8728355787681602,-0.41232350208455637,-1.1241512657944956,,-1.225564060836196,-0.1457949175366577
2019-10-02 13:00:00+00:00,1.6406599775329316,-1.015148133398588,0.3144904639792498,0.682920971283971,-0.4202284238498458,-2.2483025315889913,,-1.225564060836196,-0.1457949175366577
2019-10-02 14:00:00+00:00,1.7625566976897689,-1.0030749164107133,0.0,0.7445851643268512,-0.42774660775952006,-2.2483025315889913,,-1.225564060836196,-0.1457949175366577
2019-10-02 15:00:00+00:00,1.608380073989966,-0.6938819838336473,0.0,0.5522689238248043,-0.43489657813996,-0.6744907594765952,,-1.225564060836196,-0.1457949175366577
2019-10-02 16:00:00+00:00,1.6232213386540337,0.11037765020038419,0.16709884072132275,0.3144044335593814,-0.44169600995096764,-1.1241512657944956,,-1.225564060836196,-0.1457949175366577
2019-10-02 17:00:00+00:00,1.5621577470743195,-0.14592332027829732,0.3144904639792498,0.389333612083709,-0.44816176409145936,-1.348981518953446,,-1.225564060836196,-0.1457949175366577
2019-10-02 18:00:00+00:00,1.7106931513290957,0.07935625406195135,0.3144904639792498,0.33409012868272914,-0.4543099215926907,-2.023472278430041,,-1.225564060836196,-0.1457949175366577
2019-10-02 19:00:00+00:00,1.7083856521217784,0.2390867757537987,-0.7002933735312947,0.3301052967477785,-0.4601558166972023,-1.7986420252713464,,-1.225564060836196,-0.1457949175366577
2019-10-02 20:00:00+00:00,1.78673868459834,0.24537566913484357,-0.19290145477602264,0.25335422323641604,-0.4657140688265304,-1.1241512657944956,,-1.225564060836196,-0.1457949175366577
2019-10-02 21:00:00+00:00,1.6038429647479797,0.277039692780074,0.6744907594765952,0.20485363082260874,-0.4709986134449796,-1.348981518953446,,-1.225564060836196,-0.1457949175366577
2019-10-02 22:00:00+00:00,1.4209197245369316,0.5487187239276317,-1.0602936690286402,0.2740301099051151,-0.47602273183047056,-0.22483025315869468,,-1.225564060836196,-0.1457949175366577
2019-10-02 23:00:00+00:00,-0.14495881560282467,0.5544731693614922,-0.7002933735312947,-0.7473133669109183,-0.4807990797666846,0.4496605063176449,-1.0861681593615238,-1.225564060836196,-0.1457949175366577
2019-10-03 00:00:00+00:00,-0.06661625378872683,0.2870319514244944,0.16709884072132275,-0.758056483345651,-0.4853397151734859,-1.1241512657944956,-0.5839083993777452,-0.4362663635763508,-0.1457949175366577
2019-10-03 01:00:00+00:00,1.4370377228876272,0.29150419541823214,-0.19290145477602264,0.2589643588189608,-0.4896561246949445,0.6744907594768508,-0.20549346733455057,-0.4362663635763508,-0.1457949175366577
2019-10-03 02:00:00+00:00,1.4052696659411545,0.23343660282400597,0.16709884072132275,0.2435742733964082,-0.49375924926625714,1.3489815189531904,0.8360355567857357,-0.4362663635763508,-0.1457949175366577
2019-10-03 03:00:00+00:00,1.479496560795299,0.5734643308566588,0.4463367637757993,0.22929061777910378,-0.4976595086824936,2.473132784747942,0.058814393821277976,-0.4362663635763508,-0.1457949175366577
2019-10-03 04:00:00+00:00,1.5697484483081434,0.5650260840314886,0.3144904639792498,0.3223460291872484,-0.5013668251934288,0.8993210126355454,0.053597150967010114,-0.4362663635763508,-0.1457949175366577
2019-10-03 05:00:00+00:00,1.579777856732157,0.6159663535531309,-0.4210554504768188,0.36213928322219746,-0.5048906461497799,-0.0,0.048362229302265414,-0.4362663635763508,-0.1457949175366577
2019-10-03 06:00:00+00:00,1.683386290489636,0.4127537386899741,0.16709884072132275,0.36837895161778417,-0.5082399657269788,-0.22483025315869468,0.04310950860902656,-0.4362663635763508,-0.1457949175366577
2019-10-03 07:00:00+00:00,1.707170289096652,-0.14916173047872444,-0.19290145477602264,0.522830263509953,-0.511423345753217,-0.44966050631790055,,-0.4362663635763508,-0.1457949175366577
2019-10-03 08:00:00+00:00,1.5130701888725484,0.16654875258701174,0.4463367637757993,0.41426161872145817,-0.5144489356688947,-1.5738117721123963,,-0.4362663635763508,6.522266957828994
2019-10-03 09:00:00+00:00,1.8720402654564416,0.2997323429181807,0.4463367637757993,0.4271331972729244,-0.48362929844988417,-0.22483025315869468,,-0.4362663635763508,-0.1457949175366577
2019-10-03 10:00:00+00:00,2.9386417707127324,0.4506212827693304,-1.5676855877839126,0.4258634233448651,-0.45447926549159756,-0.44966050631790055,,-0.4362663635763508,-0.1457949175366577
2019-10-03 11:00:00+00:00,0.7804392542763933,1.2691340609548971,-0.19290145477602264,-0.5188827066923218,-0.3605596773244716,-0.22483025315895028,,-0.4362663635763508,-0.1457949175366577
2019-10-03 12:00:00+00:00,0.9710331865397293,1.2287771819140683,-0.4210554504768188,-0.16022711330957,-0.30518424901241076,-0.4496605063176449,,-0.4362663635763508,-0.1457949175366577
2019-10-03 13:00:00+00:00,1.375327022806428,1.3010545266587632,0.6744907594765952,0.007147052841566454,-0.3182889168809372,0.22483025315869468,,-0.4362663635763508,-0.1457949175366577
2019-10-03 14:00:00+00:00,1.311515720103669,1.2850499791476937,0.0,0.007532691706973008,-0.3307617514353516,0.22483025315895028,,-0.4362663635763508,-0.1457949175366577
2019-10-03 15:00:00+00:00,1.171784726734743,0.6741150352302189,0.0,-0.12555491716504133,-0.34263214039256396,-0.22483025315895028,,-0.4362663635763508,-0.1457949175366577
2019-10-03 16:00:00+00:00,1.5994600955844092,0.45400442408483394,0.5656062497087926,-0.0247504758011226,-0.3539282062647252,-0.0,,-0.4362663635763508,-0.1457949175366577
2019-10-03 17:00:00+00:00,1.4377943957237067,0.3926460539473743,0.16709884072132275,-0.1231774105461986,-0.36467685117410814,-0.8993210126355454,,-0.4362663635763508,-0.1457949175366577
2019-10-03 18:00:00+00:00,1.2730751611254056,0.5556805978087448,0.16709884072132275,-0.08922388918099852,-0.37490380102859366,-1.5738117721121407,,-0.4362663635763508,-0.1457949175366577
2019-10-03 19:00:00+00:00,1.1813632026800114,0.5480722252713984,-0.4210554504768188,-0.0975349181726584,-0.38463364895967456,-2.2483025315889913,,-0.4362663635763508,-0.1457949175366577
2019-10-03 20:00:00+00:00,1.6050246204008427,0.5876918462090485,0.16709884072132275,0.07113678218953563,-0.3938898979391126,-1.7986420252713464,,-0.4362663635763508,-0.1457949175366577
2019-10-03 21:00:00+00:00,1.4601675470349318,0.9040177133423077,-0.4210554504768188,0.18746817316313918,-0.40269500250340334,-0.8993210126355454,,-0.4362663635763508,6.522266957828994
2019-10-03 22:00:00+00:00,1.3770769568133514,0.8246591852830101,-0.4210554504768188,0.21465648543528848,-0.4110704095270828,-0.22483025315895028,,-0.4362663635763508,-0.1457949175366577
2019-10-03 23:00:00+00:00,-0.012562183738048753,0.7598146453723068,-0.4210554504768188,-0.7018254934963891,-0.41903659799670323,-0.22483025315895028,,-0.4362663635763508,-0.1457949175366577
2019-10-04 00:00:00+00:00,0.06248999192875372,0.5993462223797751,0.16709884072132275,-0.7304657570225803,-0.42661311774708743,0.8993210126358011,,-0.26979630379063785,-0.1457949175366577
2019-10-04 01:00:00+00:00,1.4558994951212063,0.7089066008536729,-1.0602936690286402,0.19927888813644468,-0.4338186271302863,-0.0,,-0.26979630379063785,-0.1457949175366577
2019-10-04 02:00:00+00:00,1.6793816382599607,0.6790381412313886,0.0,0.33061050370254447,-0.4406709295955971,-0.0,,-0.26979630379063785,-0.1457949175366577
2019-10-04 03:00:00+00:00,1.746938789304617,0.6284491399273237,0.3144904639792498,0.32463468265486173,-0.44718700916609183,1.7986420252710908,,-0.26979630379063785,-0.1457949175366577
2019-10-04 04:00:00+00:00,1.658904619234107,0.6017504600147614,-0.19290145477602264,0.3406023887126193,-0.4533830648034296,1.348981518953446,,-0.26979630379063785,-0.1457949175366577
2019-10-04 05:00:00+00:00,1.7621089843399718,0.5679991392680191,0.3144904639792498,0.3419849429450451,-0.45927454365833875,-0.44966050631790055,,-0.26979630379063785,-0.1457949175366577
2019-10-04 06:00:00+00:00,1.7742407050488764,0.6307573529221244,0.3144904639792498,0.3732028234727948,-0.4648761732091007,-0.6744907594765952,,-0.26979630379063785,-0.1457949175366577
2019-10-04 07:00:00+00:00,1.8422621461584214,0.7979402316995206,-0.19290145477602264,0.6007831042813601,-0.4702019922947185,-0.22483025315895028,,-0.26979630379063785,-0.1457949175366577
2019-10-04 08:00:00+00:00,1.913020857795306,0.9844724431105936,0.16709884072132275,0.5982345308897947,-0.4752653810532423,-0.6744907594765952,,-0.26979630379063785,-0.1457949175366577
2019-10-04 09:00:00+00:00,2.1796708366225364,0.754989499932433,0.16709884072132275,0.7241207069103575,-0.4800790897790119,-0.0,,-0.26979630379063785,-0.1457949175366577
2019-10-04 10:00:00+00:00,2.966771015344084,1.1356879418660137,-0.19290145477602264,0.38951595570631037,-0.4846552667153975,0.22483025315869468,,-0.26979630379063785,-0.1457949175366577
2019-10-04 11:00:00+00:00,1.4668808672308047,1.9046642652930403,1.1103556425108978,-0.17778054614984812,-0.4890054848020289,-0.4496605063176449,,-0.26979630379063785,-0.1457949175366577
2019-10-04 12:00:00+00:00,1.1253852681870695,1.0651954012491127,0.0,-0.07064763482182372,-0.4931407673975271,0.6744907594765952,,-0.26979630379063785,-0.1457949175366577
2019-10-04 13:00:00+00:00,3.345432679215297,0.9059166450659508,0.6744907594765952,0.8094792259689614,-0.49707161300043695,-0.0,,-0.26979630379063785,-0.1457949175366577
2019-10-04 14:00:00+00:00,3.709247659920208,1.4808055739320851,0.5656062497087926,0.7609005758071853,-0.5008080189924335,1.1241512657944956,,-0.26979630379063785,-0.1457949175366577
2019-10-04 15:00:00+00:00,2.3728546780529918,0.24552879199147348,-1.0602936690286402,0.5064362422100208,-0.5043595044289741,0.6744907594768508,,-0.26979630379063785,6.522266957828994
2019-10-04 16:00:00+00:00,1.9257350148989016,0.485150811071327,-0.19290145477602264,0.3673519728178036,-0.507735131903419,-0.0,,-0.26979630379063785,-0.1457949175366577
2019-10-04 17:00:00+00:00,2.2339275825159732,0.6672897340487363,0.3144904639792498,0.40613358717653725,-0.5109435285112721,0.22483025315869468,,-0.26979630379063785,-0.1457949175366577
2019-10-04 18:00:00+00:00,2.4592307975064474,0.7282172575818655,-0.7002933735312947,0.5162695918870579,-0.48031415145536493,-1.1241512657944956,,-0.26979630379063785,-0.1457949175366577
2019-10-04 19:00:00+00:00,2.702846730973188,0.6579531957666325,-1.5676855877839126,0.641986753275216,-0.4179721717157526,-0.8993210126355454,,-0.26979630379063785,-0.1457949175366577
2019-10-04 20:00:00+00:00,2.69499495883953,0.6413423244649044,-1.0602936690286402,0.6262531827482102,-0.42560078332184226,0.22483025315895028,-0.17100939508559218,-0.26979630379063785,-0.1457949175366577
2019-10-04 21:00:00+00:00,2.657458592858387,0.5266190827585415,-1.0602936690286402,0.7289678761982176,-0.3995750190246005,0.22483025315895028,-0.14297955108566593,-0.26979630379063785,-0.1457949175366577
2019-10-04 22:00:00+00:00,2.903473922985876,0.7422086219097339,-1.5676855877839126,0.9721018192524289,-0.4081027446844708,0.4496605063176449,-0.3810535593029301,-0.26979630379063785,-0.1457949175366577
2019-10-04 23:00:00+00:00,0.8554223023158191,0.5401014326490859,-2.4350778020365302,-0.37255350251377295,-0.4162139866579922,0.6744907594768508,-0.6030715850490993,-0.26979630379063785,-0.1457949175366577
2019-10-05 00:00:00+00:00,0.9401828607196219,0.5188024057465453,-0.7002933735312947,-0.27603122262694507,-0.4239286249576814,2.2483025315889913,0.2226250977643458,-0.01722104066748782,-0.1457949175366577
2019-10-05 01:00:00+00:00,2.7954224801139507,0.597862102530604,-1.0602936690286402,0.8668954220602149,-0.4312656346737333,0.22483025315895028,0.757832140485968,-0.01722104066748782,-0.1457949175366577
2019-10-05 02:00:00+00:00,2.6086569252063976,0.34008510504407846,-2.4350778020365302,0.5617619933471811,-0.4382431229481797,2.023472278430041,0.023693935176453868,-0.01722104066748782,-0.1457949175366577
2019-10-05 03:00:00+00:00,1.6508724889623974,-0.21674372903150535,-0.19290145477602264,-0.05052386264862363,-0.44487836485003024,1.1241512657944956,-0.4349446494869959,-0.01722104066748782,-0.1457949175366577
2019-10-05 04:00:00+00:00,1.416683077159055,-0.15193024346333742,0.3144904639792498,-0.15995190242921842,-0.4511878381409779,0.4496605063176449,-0.428050884228693,-0.01722104066748782,-0.1457949175366577
2019-10-05 05:00:00+00:00,1.5603928115181853,-0.11770064241552032,0.3144904639792498,-0.15376086351663223,-0.4571872569271105,-0.22483025315869468,-0.42118774434747075,-0.01722104066748782,-0.1457949175366577
2019-10-05 06:00:00+00:00,1.8662610674801907,0.2978640108075664,-0.19290145477602264,-0.10755075814161749,-0.46289160419725384,-1.5738117721123963,-0.4143549589414407,-0.01722104066748782,-0.1457949175366577
2019-10-05 07:00:00+00:00,1.528452510280899,-0.02363362301175924,-0.4210554504768188,-0.15801704069588735,-0.46831516325312833,-0.8993210126355454,,-0.01722104066748782,-0.1457949175366577
2019-10-05 08:00:00+00:00,1.5289570590291703,-0.07777227866816408,0.16709884072132275,-0.07059576414410614,-0.47347154804048747,-1.348981518953446,,-0.01722104066748782,-0.1457949175366577
2019-10-05 09:00:00+00:00,2.2870296761469975,-0.15252985769266073,-0.19290145477602264,0.2831007363276846,-0.47837373239387015,-0.8993210126355454,,-0.01722104066748782,-0.1457949175366577
2019-10-05 10:00:00+00:00,2.0993653180776426,1.174850292519493,0.8673922142526176,-0.0739176985151486,-0.4830340782105817,1.1241512657944956,,-0.01722104066748782,-0.1457949175366577
2019-10-05 11:00:00+00:00,0.7885453225056792,1.3948675888473783,0.9537286825310711,-0.506650069877001,-0.4874643625720744,-0.22483025315895028,,-0.01722104066748782,-0.1457949175366577
2019-10-05 12:00:00+00:00,3.953821885831546,2.5158336049789436,1.0344910549739406,1.2416972064754177,-0.4916758038330507,-1.348981518953446,,-0.01722104066748782,-0.1457949175366577
2019-10-05 13:00:00+00:00,1.256265193781984,1.541057864937059,1.37478413300789,-0.005904668208804838,-0.49567908670042143,1.1241512657944956,,-0.01722104066748782,-0.1457949175366577
2019-10-05 14:00:00+00:00,1.0679764392663282,0.2411048326220079,-0.7002933735312947,0.23668153607803072,-0.4994843863257287,0.6744907594768508,,-0.01722104066748782,-0.1457949175366577
2019-10-05 15:00:00+00:00,0.763249425829741,0.29196507019207557,-0.7002933735312947,0.2076969505678109,-0.5031013914358399,-0.6744907594768508,,-0.01722104066748782,-0.1457949175366577
2019-10-05 16:00:00+00:00,0.7830042950421172,0.23702331499517817,-0.4210554504768188,0.13055856892416431,-0.274462218724859,0.6744907594768508,,-0.01722104066748782,-0.1457949175366577
2019-10-05 17:00:00+00:00,0.8081718978276756,0.16729682711564592,-1.5676855877839126,-0.08731529784968993,0.6550138552654331,-0.44966050631790055,,-0.01722104066748782,-0.1457949175366577
2019-10-05 18:00:00+00:00,0.713929425051108,0.4675319957130438,-0.7002933735312947,-0.10541437176166985,1.6340397389921328,-0.6744907594765952,,-0.01722104066748782,-0.1457949175366577
2019-10-05 19:00:00+00:00,0.8440497119141603,0.4031332473047117,-0.19290145477602264,-0.3316842267366888,2.1136258631977736,-1.348981518953446,,-0.01722104066748782,-0.1457949175366577
2019-10-05 20:00:00+00:00,0.8176468799791595,0.5289717200645212,0.3144904639792498,-0.3969528519964592,2.0713848666676102,-1.1241512657944956,,-0.01722104066748782,-0.1457949175366577
2019-10-05 21:00:00+00:00,1.0026673921950533,-0.22856201964533132,0.0,-0.12475242415993279,1.9843831526976667,-1.5738117721123963,,-0.01722104066748782,-0.1457949175366577
2019-10-05 22:00:00+00:00,0.7470797028601709,0.287930231809448,-0.4210554504768188,-0.44147628748071654,1.9006891729594717,-2.2483025315889913,,-0.01722104066748782,-0.1457949175366577
2019-10-05 23:00:00+00:00,-0.9501309120332542,0.6829391773925243,0.16709884072132275,-1.3862537281339524,1.7962083957373436,-0.8993210126355454,,-0.01722104066748782,-0.1457949175366577
2019-10-06 00:00:00+00:00,-0.6251997379892273,0.12271555867540936,1.3137289780284165,-1.3025159721541995,1.6954446126915788,-0.6744907594765952,,-0.5855153826945759,6.522266957828994
2019-10-06 01:00:00+00:00,0.09052413886752844,0.9161664975205196,0.0,-0.6231282643309252,1.6476564739653916,-0.6744907594768508,,-0.5855153826945759,-0.1457949175366577
2019-10-06 02:00:00+00:00,-0.6196886422200055,1.110370438635961,0.4463367637757993,-0.9069505890583662,1.6512572753682957,-0.22483025315895028,,-0.5855153826945759,-0.1457949175366577
2019-10-06 03:00:00+00:00,-0.8664303111390012,1.0788568119686341,0.5656062497087926,-0.9990899186393528,1.5806107450473592,0.22483025315895028,,-0.5855153826945759,-0.1457949175366577
2019-10-06 04:00:00+00:00,-0.8810733984233177,1.2379054358884043,1.2495414498339177,-1.0876592690090616,1.4876929980016198,-0.22483025315895028,,-0.5855153826945759,-0.1457949175366577
2019-10-06 05:00:00+00:00,-0.6856519437948414,0.9226747210697988,1.0344910549739406,-0.9299197845051328,1.4236805703990034,-1.5738117721121407,,-0.5855153826945759,-0.1457949175366577
2019-10-06 06:00:00+00:00,-0.6123141091980768,0.8869967507897575,-0.4210554504768188,-0.8538105917674782,1.362306355341254,-1.5738117721123963,,-0.5855153826945759,-0.1457949175366577
2019-10-06 07:00:00+00:00,-0.6086992888460832,0.7921612780471062,-0.19290145477602264,-0.9149350023797722,1.2775806598125243,-1.5738117721121407,,-0.5855153826945759,-0.1457949175366577
2019-10-06 08:00:00+00:00,-0.6811776423990535,0.8207150116990055,0.5656062497087926,-1.0047246471837665,1.1961030452331909,-1.5738117721123963,,-0.5855153826945759,-0.1457949175366577
2019-10-06 09:00:00+00:00,-1.1382815244297744,1.3049092215041318,0.6744907594765952,-1.2352403333551585,1.1177858507201135,-0.8993210126355454,,-0.5855153826945759,6.522266957828994
2019-10-06 10:00:00+00:00,-1.0427262428894197,0.9724637368701878,1.181882678231867,-1.186902156152048,1.0425409285822798,-0.44966050631790055,,-0.5855153826945759,-0.1457949175366577
2019-10-06 11:00:00+00:00,-0.3365273682751482,0.6013469029906667,0.3144904639792498,-0.4433716349827391,0.9702798963440079,-0.6744907594765952,,-0.5855153826945759,6.522266957828994
2019-10-06 12:00:00+00:00,-0.522969216524752,0.8377741398817811,0.0,-1.0170913392909966,0.9009143757160836,-0.22483025315895028,,-0.5855153826945759,-0.1457949175366577
2019-10-06 13:00:00+00:00,-0.7151741897897297,0.8455814994484386,0.5656062497087926,-1.07099793838749,0.8343562178137209,0.44966050631790055,,-0.5855153826945759,-0.1457949175366577
2019-10-06 14:00:00+00:00,-0.9097430547227361,1.0832467520323839,0.5656062497087926,-1.1242400004626687,0.7705177141005982,0.6744907594765952,,-0.5855153826945759,-0.1457949175366577
2019-10-06 15:00:00+00:00,-0.8251889949674028,1.0804384606732658,0.8673922142526176,-1.071072783769454,0.7093117927086406,-0.0,,-0.5855153826945759,-0.1457949175366577
2019-10-06 16:00:00+00:00,-0.6058881523849217,1.146773273223054,0.3144904639792498,-0.9930698130949643,0.650652199942061,-0.6744907594765952,,-0.5855153826945759,-0.1457949175366577
2019-10-06 17:00:00+00:00,-0.6670706795893057,1.2860002903482406,0.16709884072132275,-0.9926410259890063,0.5944536669202822,-0.8993210126358011,,-0.5855153826945759,-0.1457949175366577
2019-10-06 18:00:00+00:00,-0.8143809578082798,1.1307376068403587,0.7746547987902044,-1.051608867490749,0.5406320614469325,-1.3489815189531904,,-0.5855153826945759,-0.1457949175366577
2019-10-06 19:00:00+00:00,-0.5795377373384786,0.6762788855055015,0.0,-0.9248631587109454,0.48910452531063964,-0.8993210126358011,,-0.5855153826945759,-0.1457949175366577
2019-10-06 20:00:00+00:00,-0.6595776194486256,0.43162898042246306,-0.4210554504768188,-0.911728510859543,0.4397895973277243,-0.4496605063176449,,-0.5855153826945759,-0.1457949175366577
2019-10-06 21:00:00+00:00,-0.5692887098191176,0.07833607252903725,0.5656062497087926,-0.7955412243482844,0.39260732252719144,-0.44966050631790055,,-0.5855153826945759,-0.1457949175366577
2019-10-06 22:00:00+00:00,-0.4014942103055762,0.4517315778075831,-0.7002933735312947,-0.858057411281589,0.34747934795501423,0.22483025315895028,,-0.5855153826945759,-0.1457949175366577
2019-10-06 23:00:00+00:00,-1.338855206873479,0.5465697168301852,0.5656062497087926,-1.5328698819732567,0.30432900563810467,0.44966050631790055,,-0.5855153826945759,-0.1457949175366577
2019-10-07 00:00:00+00:00,-1.2529411097646295,0.4695169431523425,-0.19290145477602264,-1.507977481900146,0.26308138329929803,1.5738117721121407,,-0.6831012798103386,-0.1457949175366577
2019-10-07 01:00:00+00:00,-0.12524384377830505,0.5308046288238994,-0.7002933735312947,-0.7244480772222461,0.22366338345392084,0.22483025315895028,,-0.6831012798103386,-0.1457949175366577
2019-10-07 02:00:00+00:00,0.06671316624946946,0.40696470556448955,-0.7002933735312947,-0.6556243322847727,0.18600377154699313,1.348981518953446,,-0.6831012798103386,-0.1457949175366577
2019-10-07 03:00:00+00:00,5.526731417048061,0.8827218509408686,0.3144904639792498,2.2618517369850024,0.15003321380875473,0.6744907594765952,,-0.6831012798103386,-0.1457949175366577
2019-10-07 04:00:00+00:00,0.056726417002465515,0.3554036615047281,-0.4210554504768188,-0.674220970179823,0.11568430551601225,0.6744907594768508,,-0.6831012798103386,-0.1457949175366577
2019-10-07 05:00:00+00:00,-0.02889236085456818,0.4757518140771524,-1.0602936690286402,-0.801447843784791,0.08289159034874063,-0.44966050631790055,,-0.6831012798103386,-0.1457949175366577
2019-10-07 06:00:00+00:00,0.016647392343851042,0.4121620673375002,-0.7002933735312947,-0.8083989275195262,0.05159157152641887,-0.6744907594765952,,-0.6831012798103386,-0.1457949175366577
2019-10-07 07:00:00+00:00,0.1172545683141741,0.2658315984577498,-0.4210554504768188,-0.743196449420361,0.021722715397676992,-0.22483025315895028,,-0.6831012798103386,-0.1457949175366577
2019-10-07 08:00:00+00:00,0.223867253028211,0.4072369649424572,-1.5676855877839126,-0.5758910044691983,-0.006774551859133929,-0.6744907594768508,,-0.6831012798103386,-0.1457949175366577
2019-10-07 09:00:00+00:00,0.15693419706415632,0.3584382439252517,-0.7002933735312947,-0.5721371760156796,-0.03395785378700297,0.22483025315895028,,-0.6831012798103386,-0.1457949175366577
2019-10-07 10:00:00+00:00,-0.04493650219180599,0.4137898661374425,-1.5676855877839126,-0.7331256442758352,-0.05988287883911553,-0.4496605063176449,,-0.6831012798103386,-0.1457949175366577
2019-10-07 11:00:00+00:00,0.022868586751146325,0.40222541662210365,-1.5676855877839126,-0.6712957169381029,-0.0846034006179641,-0.0,,-0.6831012798103386,-0.1457949175366577
2019-10-07 12:00:00+00:00,0.20140029837359777,0.4131189765065778,-2.4350778020365302,-0.6036566710476715,-0.1081713026055423,-0.8993210126358011,,-0.6831012798103386,-0.1457949175366577
2019-10-07 13:00:00+00:00,0.2169970165360741,0.42280552824421597,-1.0602936690286402,-0.6015003288974311,-0.130636606855265,0.6744907594768508,,-0.6831012798103386,-0.1457949175366577
2019-10-07 14:00:00+00:00,0.18765986676711652,0.4282268740027545,-0.7002933735312947,-0.5394754295352723,-0.15204750614702825,1.5738117721121407,,-0.6831012798103386,-0.1457949175366577
2019-10-07 15:00:00+00:00,0.22350990777302346,0.3420695775045847,0.0,-0.5764632043670198,-0.17245039913807536,0.44966050631790055,,-0.6831012798103386,-0.1457949175366577
2019-10-07 16:00:00+00:00,0.19016087224062267,0.2808557306404113,-0.7002933735312947,-0.6356790443138118,-0.15976329447361703,0.44966050631790055,,-0.6831012798103386,-0.1457949175366577
2019-10-07 17:00:00+00:00,0.12334646327160607,0.2862888394986108,0.16709884072132275,-0.639490288975587,-0.17980219412405526,-0.44966050631790055,,-0.6831012798103386,-0.1457949175366577
2019-10-07 18:00:00+00:00,0.09415624913322344,0.37207944698942436,-0.19290145477602264,-0.6617575001007002,-0.16673430605447934,-0.44966050631790055,,-0.6831012798103386,-0.1457949175366577
2019-10-07 19:00:00+00:00,0.14178908678265392,0.3608245489974362,-1.0602936690286402,-0.5856065972597424,-0.1543429950192947,-0.4496605063176449,,-0.6831012798103386,-0.1457949175366577
2019-10-07 20:00:00+00:00,0.3491423351430652,0.27194786893868433,-1.5676855877839126,-0.4215359315950499,-0.17463763907500754,-0.44966050631790055,,-0.6831012798103386,-0.1457949175366577
2019-10-07 21:00:00+00:00,0.20836195456415457,0.24013881620522778,-0.4210554504768188,-0.4592609388089041,-0.16183728788323262,-0.8993210126355454,,-0.6831012798103386,-0.1457949175366577
2019-10-07 22:00:00+00:00,-0.18181696865671126,0.3290625226656462,0.0,-0.6949302046806789,-0.1817782795964283,0.44966050631790055,-0.03004578959949663,-0.6831012798103386,-0.1457949175366577
2019-10-07 23:00:00+00:00,-1.1136606090921914,0.42692686080766745,0.3144904639792498,-1.4377847926774037,-0.20077645693899673,0.4496605063176449,-0.43687098420211445,-0.6831012798103386,-0.1457949175366577
2019-10-08 00:00:00+00:00,-1.0511541405694196,0.2531310522547091,0.16709884072132275,-1.3499770721223174,-0.21887394675405056,2.2483025315889913,-0.7751162412017013,-0.6601398922536885,-0.1457949175366577
2019-10-08 01:00:00+00:00,0.124457415112361,0.2932122171674203,-0.4210554504768188,-0.47759680921628545,-0.23611122123775508,-0.0,-0.8496465133425267,-0.6601398922536885,-0.1457949175366577
2019-10-08 02:00:00+00:00,0.11385541958290017,0.3045488817353861,0.16709884072132275,-0.46012168672792914,-0.25252714158985673,1.1241512657944956,-0.42025814066060535,-0.6601398922536885,-0.1457949175366577
2019-10-08 03:00:00+00:00,0.06727310506173842,0.37904237651451045,-0.19290145477602264,-0.4544246341819825,-0.2681590026446035,0.8993210126355454,-0.6290054889582056,-0.6601398922536885,-0.1457949175366577
2019-10-08 04:00:00+00:00,0.27457340850271317,0.3823267114658534,-1.5676855877839126,-0.3402222729746758,-0.2830425782067281,0.44966050631790055,-0.6510463147645235,-0.6601398922536885,-0.1457949175366577
2019-10-08 05:00:00+00:00,0.37375453795205327,0.5528132976307688,0.3144904639792498,-0.22434064945332333,-0.29721216684303237,-0.6744907594765952,-0.673406151341413,-0.6601398922536885,-0.1457949175366577
2019-10-08 06:00:00+00:00,0.431682037712635,0.415595591755513,-0.4210554504768188,-0.17817558046724247,-0.3107006379046373,-0.8993210126358011,-0.6960943689648529,-0.6601398922536885,-0.1457949175366577
2019-10-08 07:00:00+00:00,0.3460325228795088,0.4340943142635875,0.0,-0.2682576830494595,-0.323539477578109,-0.6744907594765952,,-0.6601398922536885,-0.1457949175366577
2019-10-08 08:00:00+00:00,0.3928813539483578,0.555811701322208,0.6744907594765952,-0.2409599637280361,-0.3357588347854043,-1.5738117721123963,,-0.6601398922536885,-0.1457949175366577
2019-10-08 09:00:00+00:00,0.4005907722491869,0.5801625478455688,-0.19290145477602264,-0.23228178698697607,-0.34738756677291394,-0.22483025315869468,,-0.6601398922536885,-0.1457949175366577
2019-10-08 10:00:00+00:00,0.34754654163932835,0.6008367954315904,-0.4210554504768188,-0.24664629684458858,-0.3584532842488122,-0.0,,-0.6601398922536885,-0.1457949175366577
2019-10-08 11:00:00+00:00,0.4291992390853502,0.5317658836287142,-0.4210554504768188,-0.19504709170636067,-0.368982395945492,-0.44966050631790055,,-0.6601398922536885,-0.1457949175366577
2019-10-08 12:00:00+00:00,0.43218377595392377,0.4605171705060671,0.0,-0.1813459187054453,-0.379000152500098,-0.22483025315895028,,-0.6601398922536885,-0.1457949175366577
2019-10-08 13:00:00+00:00,0.40431622443052456,0.6214834649724036,0.3144904639792498,-0.20240571081189457,-0.38853068956112213,-0.4496605063176449,,-0.6601398922536885,-0.1457949175366577
2019-10-08 14:00:00+00:00,0.3465383554753265,0.5096829657198853,-0.7002933735312947,-0.21887135815536912,-0.3975970700427413,0.4496605063176449,,-0.6601398922536885,-0.1457949175366577
2019-10-08 15:00:00+00:00,0.3981497062202725,0.4460616166908097,0.0,-0.20374231225409292,-0.4062213254611164,0.6744907594768508,,-0.6601398922536885,-0.1457949175366577
2019-10-08 16:00:00+00:00,0.4276513771732199,0.37161305770416747,-0.19290145477602264,-0.1964374558703905,-0.4144244962982939,-0.22483025315895028,,-0.6601398922536885,-0.1457949175366577
2019-10-08 17:00:00+00:00,0.4200800627113826,0.3584401241824738,0.3144904639792498,-0.2508249075675469,-0.422226671349715,-0.44966050631790055,,-0.6601398922536885,-0.1457949175366577
2019-10-08 18:00:00+00:00,0.28455871881672246,0.41075529156306706,0.16709884072132275,-0.3361470068546834,-0.4296470260207137,-0.8993210126355454,,-0.6601398922536885,-0.1457949175366577
2019-10-08 19:00:00+00:00,0.2412224568928563,0.3122426181007933,-1.0602936690286402,-0.30493857254262263,-0.43670385954582375,-0.8993210126355454,,-0.6601398922536885,-0.1457949175366577
2019-10-08 20:00:00+00:00,0.2541222367629546,0.315439199548041,0.16709884072132275,-0.3308378573247184,-0.44341463111229285,-0.22483025315895028,-1.0546391800544919,-0.6601398922536885,-0.1457949175366577
2019-10-08 21:00:00+00:00,0.12748912952875943,0.28702329313730446,-0.19290145477602264,-0.440303483747652,-0.44979599487596944,0.22483025315895028,-0.07709376530890073,-0.6601398922536885,-0.1457949175366577
2019-10-08 22:00:00+00:00,0.11981520130199937,0.2914151767137822,-0.4210554504768188,-0.4638589725896706,-0.45586383386374424,0.22483025315895028,-0.22271954240252806,-0.6601398922536885,-0.1457949175366577
2019-10-08 23:00:00+00:00,-0.996365436832272,0.3441488690919962,0.0,-1.2533009312498546,-0.4616332927620666,-0.0,-1.0566268318672687,-0.6601398922536885,-0.1457949175366577
2019-10-09 00:00:00+00:00,-1.014164631551554,0.37650418547591535,0.6744907594765952,-1.1897847869046727,-0.4671188095957391,1.5738117721121407,-0.8112555038158559,0.10332624400492493,-0.1457949175366577
2019-10-09 01:00:00+00:00,0.23627935483042328,0.34129878794578056,-0.19290145477602264,-0.29258835272521716,-0.472334146305313,0.44966050631790055,-0.5995670978659825,0.10332624400492493,-0.1457949175366577
2019-10-09 02:00:00+00:00,0.18346450474989814,0.36089615511565476,0.4463367637757993,-0.3551223758455255,-0.47729241823497903,1.5738117721121407,0.019513240700969155,0.10332624400492493,-0.1457949175366577
2019-10-09 03:00:00+00:00,0.1734591369960295,0.3837049844027716,0.16709884072132275,-0.305572437462976,-0.48200612254593656,1.348981518953446,0.005492358528128714,0.10332624400492493,-0.1457949175366577
2019-10-09 04:00:00+00:00,0.18606259556191554,0.34890815077386095,0.3144904639792498,-0.29127977124467397,-0.4864871655728727,0.6744907594768508,-0.008656938300224128,0.10332624400492493,-0.1457949175366577
2019-10-09 05:00:00+00:00,0.2230716035936669,0.3954540982606252,0.0,-0.236544992256523,-0.4907468891434239,0.22483025315869468,-0.02293702379592672,0.10332624400492493,-0.1457949175366577
2019-10-09 06:00:00+00:00,0.38608306148669413,0.37365213051455226,0.0,-0.19104743176205777,-0.49479609588237183,-0.4496605063176449,,0.10332624400492493,-0.1457949175366577
2019-10-09 07:00:00+00:00,0.427472959693827,0.23818023665732888,-0.7002933735312947,-0.2038691216114242,-0.49864507352388004,-0.22483025315895028,,0.10332624400492493,-0.1457949175366577
2019-10-09 08:00:00+00:00,0.41018894578498755,0.2687862665188145,0.16709884072132275,-0.1482944245074983,-0.50230361825633,-0.44966050631790055,,0.10332624400492493,-0.1457949175366577
2019-10-09 09:00:00+00:00,0.4521247885921501,0.3202684116453868,-0.4210554504768188,-0.10887260888369074,-0.5057810571253114,-0.22483025315869468,,0.10332624400492493,-0.1457949175366577
2019-10-09 10:00:00+00:00,0.39586364822105646,0.2967234297332597,0.16709884072132275,-0.15806352480930128,-0.5090862695210749,0.8993210126355454,,0.10332624400492493,-0.1457949175366577
2019-10-09 11:00:00+00:00,0.31867471868646247,0.2966737229375871,0.0,-0.23360171329054652,-0.5122277077773042,-0.44966050631790055,,0.10332624400492493,-0.1457949175366577
2019-10-09 12:00:00+00:00,0.275771026904339,0.24906905222846124,0.4463367637757993,-0.24449252867212462,-0.5152134169084218,0.22483025315895028,,0.10332624400492493,-0.1457949175366577
2019-10-09 13:00:00+00:00,0.2696572325926956,0.3502008593761685,-0.19290145477602264,-0.19094729780237815,-0.5180510535128383,1.1241512657944956,,0.10332624400492493,-0.1457949175366577
2019-10-09 14:00:00+00:00,0.3411152101665505,0.30870946703908986,-0.19290145477602264,-0.1281498897139471,-0.5207479038696098,1.1241512657944956,,0.10332624400492493,-0.1457949175366577
2019-10-09 15:00:00+00:00,0.5525803400761861,0.32530034284564513,0.3144904639792498,0.027617849535894683,-0.5233109012558842,1.1241512657944956,,0.10332624400492493,-0.1457949175366577
2019-10-09 16:00:00+00:00,0.5421666268974038,0.27341679184936646,0.8673922142526176,0.04983716259679781,-0.5257466425123404,0.44966050631790055,,0.10332624400492493,-0.1457949175366577
2019-10-09 17:00:00+00:00,0.6440648447277053,0.20090522763607177,0.0,0.1446982812966167,-0.49431317813869036,0.22483025315869468,,0.10332624400492493,-0.1457949175366577
2019-10-09 18:00:00+00:00,1.076745183394987,0.042932657887851416,-0.4210554504768188,0.44008132948796547,-0.464585172289302,-0.4496605063176449,,0.10332624400492493,6.522266957828994
2019-10-09 19:00:00+00:00,1.6413981374487399,0.2908909056627505,-1.5676855877839126,0.5309547115443602,-0.43646325734162833,-0.6744907594768508,,0.10332624400492493,-0.1457949175366577
2019-10-09 20:00:00+00:00,0.5263085852872111,0.9501357446219281,0.5656062497087926,-0.45810602366522624,-0.44318583348015256,-0.4496605063176449,,0.10332624400492493,-0.1457949175366577
2019-10-09 21:00:00+00:00,0.9452087458516957,1.4840420161512335,0.7746547987902044,-0.3263167179775992,-0.4495784331852333,-0.22483025315895028,,0.10332624400492493,-0.1457949175366577
2019-10-09 22:00:00+00:00,0.42535253513816884,1.4377251882841617,0.5656062497087926,-0.29173809900857356,-0.45565696586445786,0.22483025315895028,,0.10332624400492493,-0.1457949175366577
2019-10-09 23:00:00+00:00,-0.33533855123937784,0.38340550826555675,0.7746547987902044,-0.7398816902954805,-0.4614366014582266,0.8993210126355454,,0.10332624400492493,-0.1457949175366577
2019-10-10 00:00:00+00:00,-0.36921716481774036,0.33580543870853646,0.4463367637757993,-0.3642141811138086,-0.46693180215720037,0.6744907594765952,,0.5855153826945755,-0.1457949175366577
2019-10-10 01:00:00+00:00,1.0555979935518125,0.5971247649773597,-0.4210554504768188,0.8214212015271163,-0.47215635301799164,-0.0,,0.5855153826945755,-0.1457949175366577
2019-10-10 02:00:00+00:00,0.9314535783309702,0.4396470465777182,0.16709884072132275,0.6199370317448963,-0.47712339148888233,1.5738117721123963,,0.5855153826945755,-0.1457949175366577
2019-10-10 03:00:00+00:00,0.7098390876725155,0.26046111986491893,0.0,0.47959086028630793,-0.4818454358604491,1.7986420252710908,,0.5855153826945755,-0.1457949175366577
2019-10-10 04:00:00+00:00,0.7197359583662589,0.2573781261837385,-1.0602936690286402,0.45470587949369884,-0.4863344126586425,-0.0,,0.5855153826945755,-0.1457949175366577
2019-10-10 05:00:00+00:00,0.6703662004353649,0.04258354259131906,-0.7002933735312947,0.42362168875526524,-0.490601683000121,0.22483025315895028,,0.5855153826945755,-0.1457949175366577
2019-10-10 06:00:00+00:00,0.6350393539226339,0.01676324112399829,0.0,0.48408007723866175,-0.4946580679315307,-0.8993210126355454,,0.5855153826945755,-0.1457949175366577
2019-10-10 07:00:00+00:00,0.5726264276460254,-0.1797466759507881,-0.7002933735312947,0.413167839450523,-0.49851387277598935,-0.22483025315895028,,0.5855153826945755,-0.1457949175366577
2019-10-10 08:00:00+00:00,0.6381174471838316,-0.22180566506922628,-0.4210554504768188,0.5936307075191541,-0.5021789105112937,-1.1241512657944956,,0.5855153826945755,-0.1457949175366577
2019-10-10 09:00:00+00:00,0.6887865025002549,-0.2036359995825277,0.4463367637757993,0.5603766458828878,-0.5056625242053736,0.22483025315895028,,0.5855153826945755,-0.1457949175366577
2019-10-10 10:00:00+00:00,0.5715819564572469,-0.2331404455339421,-0.19290145477602264,0.4398850640972773,-0.5089736085352806,0.8993210126355454,,0.5855153826945755,-0.1457949175366577
2019-10-10 11:00:00+00:00,0.5836648621787521,-0.15570564788131927,0.5656062497087926,0.46212481372463,-0.5121206304165479,1.1241512657944956,,0.5855153826945755,-0.1457949175366577
2019-10-10 12:00:00+00:00,0.5510596044666454,-0.16564476950585091,0.3144904639792498,0.3832612509416994,-0.5151116487701318,0.6744907594768508,,0.5855153826945755,-0.1457949175366577
2019-10-10 13:00:00+00:00,0.627902677862216,0.020105466232892166,-1.0602936690286402,0.35252656417744505,-0.5179543334543362,1.1241512657944956,,0.5855153826945755,-0.1457949175366577
2019-10-10 14:00:00+00:00,0.5948339657200253,0.11540743118658757,0.3144904639792498,0.3333954542033248,-0.4533987566628106,0.6744907594765952,,0.5855153826945755,-0.1457949175366577
2019-10-10 15:00:00+00:00,0.4591968978459223,-0.07145741445610615,-0.19290145477602264,0.23054923219943968,-0.29385484961946456,1.348981518953446,,0.5855153826945755,-0.1457949175366577
2019-10-10 16:00:00+00:00,0.5744309955493383,0.08310886733520548,0.0,0.36763869835231566,-0.27482946334204256,0.6744907594765952,,0.5855153826945755,-0.1457949175366577
2019-10-10 17:00:00+00:00,0.5377071270377737,-0.2531235212788919,0.3144904639792498,0.3660085500934519,-0.2243708556473832,0.6744907594768508,,0.5855153826945755,-0.1457949175366577
2019-10-10 18:00:00+00:00,0.5339391500614767,-0.1775859515087171,0.0,0.39456543293792,-0.2413464180387793,-0.22483025315895028,,0.5855153826945755,-0.1457949175366577
2019-10-10 19:00:00+00:00,0.4484885363757948,-0.20565034999238438,-0.4210554504768188,0.30506281869139246,-0.09685093294509961,-0.44966050631790055,,0.5855153826945755,-0.1457949175366577
2019-10-10 20:00:00+00:00,0.43538216724794165,-0.3278689632606492,-0.7002933735312947,0.29765172015366914,-0.02491994201072167,-0.4496605063176449,,0.5855153826945755,-0.1457949175366577
2019-10-10 21:00:00+00:00,0.3968540546921327,-0.5238112279478172,-0.19290145477602264,0.4782001762412935,0.22687789556564977,-0.6744907594768508,,0.5855153826945755,-0.1457949175366577
2019-10-10 22:00:00+00:00,0.3826113058288787,-0.41591005670653225,-0.4210554504768188,0.282640432757207,0.6025722683908735,0.22483025315895028,,0.5855153826945755,-0.1457949175366577
2019-10-10 23:00:00+00:00,-0.7441788634912,-0.16475931526281937,0.3144904639792498,-0.5769713356024843,1.1029185203098866,0.6744907594765952,,0.5855153826945755,-0.1457949175366577
2019-10-11 00:00:00+00:00,-0.8511018827042893,0.34355989548119936,0.8673922142526176,-0.8238246704072263,1.8154895035256426,1.1241512657944956,,-0.9930800118251144,-0.1457949175366577
2019-10-11 01:00:00+00:00,3.82617034868623,0.12851031886702596,0.4463367637757993,2.4928414487622588,2.8338024668176973,0.44966050631790055,,-0.9930800118251144,10.42283310740629
2019-10-11 02:00:00+00:00,0.5940425408262782,0.48835669430877343,-1.0602936690286402,0.2550239010833174,3.166508813408635,1.1241512657944956,,-0.9930800118251144,-0.1457949175366577
2019-10-11 03:00:00+00:00,0.6082855239304021,0.6097230413568688,-0.7002933735312947,0.27145449789035264,3.6720764365861074,2.023472278430041,,-0.9930800118251144,-0.1457949175366577
2019-10-11 04:00:00+00:00,0.5259392202228952,0.3792380466531552,-0.7002933735312947,0.15994981851784887,4.068432623533903,0.44966050631790055,,-0.9930800118251144,-0.1457949175366577
2019-10-11 05:00:00+00:00,0.4223043345646814,0.2078476320011515,0.16709884072132275,-0.008320731567195445,4.538229979164604,-0.22483025315895028,,-0.9930800118251144,-0.1457949175366577
2019-10-11 06:00:00+00:00,0.48995537419221735,0.33779332073403867,0.16709884072132275,0.19330079912806514,4.405448728615444,-1.5738117721123963,,-0.9930800118251144,-0.1457949175366577
2019-10-11 07:00:00+00:00,0.5120224038277349,0.11585640514549891,0.0,0.2473894332077738,4.458212542982012,-1.1241512657944956,,-0.9930800118251144,-0.1457949175366577
2019-10-11 08:00:00+00:00,0.6194382962297942,0.195344821978702,0.6744907594765952,0.2031942206495219,4.459338002775837,-1.7986420252710908,,-0.9930800118251144,-0.1457949175366577
2019-10-11 09:00:00+00:00,0.5149243423428899,0.08374080537248886,0.16709884072132275,0.03558507329251892,4.427801978127693,-0.0,,-0.9930800118251144,-0.1457949175366577
2019-10-11 10:00:00+00:00,0.4855535127780205,0.039728374225795574,-0.7002933735312947,0.0664227012918373,4.495485476552346,0.44966050631790055,,-0.9930800118251144,-0.1457949175366577
2019-10-11 11:00:00+00:00,0.8001028569233353,-0.08056221520026838,-0.19290145477602264,0.25515741525170915,4.478545275379263,0.4496605063176449,,-0.9930800118251144,-0.1457949175366577
2019-10-11 12:00:00+00:00,0.8290864999878588,-0.06059074690761326,-0.7002933735312947,0.3390715212845383,4.3476398812002275,-1.348981518953446,,-0.9930800118251144,-0.1457949175366577
2019-10-11 13:00:00+00:00,0.8681582638861376,-0.09868850902512193,0.0,0.326114920536928,4.287956485626792,0.6744907594768508,,-0.9930800118251144,-0.1457949175366577
2019-10-11 14:00:00+00:00,0.7038125473375108,-0.10501437037877538,-0.7002933735312947,0.10954890054152958,4.230768651376803,1.1241512657944956,,-0.9930800118251144,-0.1457949175366577
2019-10-11 15:00:00+00:00,0.8076964850455997,-0.06745280226523516,0.7746547987902044,0.06922129218384389,4.19292782921122,1.7986420252710908,,-0.9930800118251144,-0.1457949175366577
2019-10-11 16:00:00+00:00,1.0834933586596605,-0.0398799786723903,0.3144904639792498,0.35242527061404366,4.0712228703522,0.6744907594768508,,-0.9930800118251144,-0.1457949175366577
2019-10-11 17:00:00+00:00,1.0079875749896405,0.23260165159571544,0.16709884072132275,0.5415805512020202,3.9007889057018605,-0.0,,-0.9930800118251144,-0.1457949175366577
2019-10-11 18:00:00+00:00,0.9365542230314239,0.26643055672917826,0.0,0.3687729588329239,3.734827844822087,-0.8993210126358011,,-0.9930800118251144,-0.1457949175366577
2019-10-11 19:00:00+00:00,0.763446539052622,0.4375664833784683,-0.7002933735312947,0.43317327428674574,3.573328274889509,-1.5738117721121407,,-0.9930800118251144,-0.1457949175366577
2019-10-11 20:00:00+00:00,0.8427330859384216,0.41204811758513865,0.16709884072132275,0.42625705423722626,3.416272987369146,-0.8993210126355454,,-0.9930800118251144,-0.1457949175366577
2019-10-11 21:00:00+00:00,0.7838684269862576,0.30617015031308753,-0.4210554504768188,0.24899018519979252,3.263639067646234,-0.44966050631790055,,-0.9930800118251144,-0.1457949175366577
2019-10-11 22:00:00+00:00,0.582482171974102,0.19066215544104836,0.0,0.14393947509565894,3.1153980135709998,0.44966050631790055,,-0.9930800118251144,-0.1457949175366577
2019-10-11 23:00:00+00:00,-0.7124306555774762,0.21026541331858506,0.0,-0.8796264843371353,3.011871494581973,0.6744907594765952,,-0.9930800118251144,-0.1457949175366577
2019-10-12 00:00:00+00:00,-0.7630676881235661,0.4044323648728702,-0.19290145477602264,-0.8686567281841815,3.113193920129282,0.22483025315895028,,-0.32432959923768195,-0.1457949175366577
2019-10-12 01:00:00+00:00,0.6199306246640597,0.4904071496537199,0.3144904639792498,0.2049340500126497,3.049875923221462,-0.22483025315895028,,-0.32432959923768195,-0.1457949175366577
2019-10-12 02:00:00+00:00,0.5526677714941854,0.2786740230587404,0.5656062497087926,0.0391379151911956,3.02942503244782,0.8993210126355454,-1.6045103878597113,-0.32432959923768195,-0.1457949175366577
2019-10-12 03:00:00+00:00,0.23845969903857517,0.29705166053812737,0.4463367637757993,-0.1887128388736578,2.94929891252527,0.8993210126355454,-1.5119122824362052,-0.32432959923768195,-0.1457949175366577
2019-10-12 04:00:00+00:00,0.2973930762328755,0.4260154136063262,-0.4210554504768188,-0.10915327832563017,2.831102114158718,0.44966050631790055,-1.5153520512415548,-0.32432959923768195,-0.1457949175366577
2019-10-12 05:00:00+00:00,0.3351052325331855,0.4197107909558436,0.5656062497087926,-0.07123693159481223,2.695841457646135,-0.6744907594765952,-1.5187994959260032,-0.32432959923768195,-0.1457949175366577
2019-10-12 06:00:00+00:00,0.28842950071571344,0.5255450088256706,0.16709884072132275,-0.07244375135906306,2.5648067664302996,-0.22483025315895028,-1.522254650823787,-0.32432959923768195,-0.1457949175366577
2019-10-12 07:00:00+00:00,0.371235583332814,0.5780628235939946,0.16709884072132275,-0.03939229457870624,2.4379442574316523,-0.8993210126355454,,-0.32432959923768195,-0.1457949175366577
2019-10-12 08:00:00+00:00,0.2431861243722185,0.5046907999190591,0.4463367637757993,-0.08832774033089813,2.3151957895933877,-0.8993210126358011,,-0.32432959923768195,-0.1457949175366577
2019-10-12 09:00:00+00:00,0.18027432323238177,0.5616352747455124,0.0,-0.1702720795406694,2.1964991350693808,-0.4496605063176449,,-0.32432959923768195,-0.1457949175366577
2019-10-12 10:00:00+00:00,0.2153457242468268,0.4297752735466733,-0.4210554504768188,-0.13647465712080994,2.0817882628928994,-0.0,,-0.32432959923768195,-0.1457949175366577
2019-10-12 11:00:00+00:00,0.21379992348117785,0.3390090270564504,0.5656062497087926,-0.2135921247672807,1.9709936325403057,-0.44966050631790055,,-0.32432959923768195,-0.1457949175366577
2019-10-12 12:00:00+00:00,0.20311540447193827,0.3666834917686821,0.5656062497087926,-0.20929056939088206,1.8640424948130663,-1.348981518953446,,-0.32432959923768195,-0.1457949175366577
2019-10-12 13:00:00+00:00,0.252108988601118,0.45825707439954355,0.3144904639792498,-0.08750328519333726,1.7849912664700514,-0.0,,-0.32432959923768195,-0.1457949175366577
2019-10-12 14:00:00+00:00,0.2847649295094581,0.39830516942139493,0.16709884072132275,-0.0834686928764599,1.6846298210591353,0.22483025315895028,,-0.32432959923768195,-0.1457949175366577
2019-10-12 15:00:00+00:00,0.32176649776400096,0.3562972611349738,0.16709884072132275,-0.08182516256509705,1.587896722960185,0.44966050631790055,,-0.32432959923768195,-0.1457949175366577
2019-10-12 16:00:00+00:00,0.3034993087569772,0.4610094653286321,-0.7002933735312947,-0.044557156278418164,1.4947098990216818,-0.0,,-0.32432959923768195,-0.1457949175366577
2019-10-12 17:00:00+00:00,0.3694293886899329,0.482174236584969,0.16709884072132275,0.038329348911966786,1.404985525248137,-0.22483025315895028,,-0.32432959923768195,-0.1457949175366577
2019-10-12 18:00:00+00:00,0.28635419409608637,0.523825040402952,0.0,-0.0001387264594436025,1.3186383236641,-2.2483025315889913,,-0.32432959923768195,-0.1457949175366577
2019-10-12 19:00:00+00:00,0.36210409015954514,0.4551220699118785,-0.4210554504768188,0.06911984916934191,1.235581851648414,-1.5738117721123963,,-0.32432959923768195,-0.1457949175366577
2019-10-12 20:00:00+00:00,0.4206183476078809,0.41112448361683845,0.0,0.12444232978664864,1.1557287821675668,-0.22483025315869468,,-0.32432959923768195,-0.1457949175366577
2019-10-12 21:00:00+00:00,0.43744521937816727,0.33957353972854065,0.0,0.07379980783753734,1.0789911735317326,-0.8993210126358011,-1.5750312718913342,-0.32432959923768195,-0.1457949175366577
2019-10-12 22:00:00+00:00,0.42925234531378054,0.3751172701573654,0.3144904639792498,0.11527481289726028,1.0052807274940128,-0.4496605063176449,-1.3301967913937622,-0.32432959923768195,-0.1457949175366577
2019-10-12 23:00:00+00:00,-0.8086491085907862,0.3053338126486772,-0.7002933735312947,-0.9159165395049691,0.9345090347090167,-0.0,-1.3237183905038044,-0.32432959923768195,-0.1457949175366577
2019-10-13 00:00:00+00:00,-0.6783609853619521,0.024649569330560273,0.3144904639792498,-0.8702683746635179,0.8665878067583394,-0.0,-1.3172670429158158,-1.248525448392846,-0.1457949175366577
2019-10-13 01:00:00+00:00,0.4754023903020897,-0.3431961546832253,0.0,0.07005983637688243,0.8014290941350463,0.6744907594765952,-1.3108425236240764,-1.248525448392846,-0.1457949175366577
2019-10-13 02:00:00+00:00,0.7274640389123934,-0.3923362072408789,0.3144904639792498,0.1646904446341017,0.7389454897547738,0.22483025315895028,,-1.248525448392846,-0.1457949175366577
2019-10-13 03:00:00+00:00,0.8883733605187023,-0.28777651694699835,-0.4210554504768188,0.3980660427832631,0.6790503177257419,0.44966050631790055,,-1.248525448392846,-0.1457949175366577
2019-10-13 04:00:00+00:00,1.0683215150376293,-0.47106118867600116,-1.5676855877839126,0.6506571374068926,0.6216578072624418,0.6744907594765952,,-1.248525448392846,-0.1457949175366577
2019-10-13 05:00:00+00:00,1.4820966035689191,-0.5548017594784647,0.16709884072132275,0.9563009446929414,0.5666832517670322,-0.6744907594765952,,-1.248525448392846,-0.1457949175366577
2019-10-13 06:00:00+00:00,2.1657054354910055,0.4334632003513996,1.0344910549739406,0.3697193352112701,0.5140431532279202,-0.22483025315895028,,-1.248525448392846,-0.1457949175366577
2019-10-13 07:00:00+00:00,3.0963385421637013,1.9136848066276522,1.9018832692265584,1.0182038709655876,0.4636553521963177,-1.7986420252713464,,-1.248525448392846,-0.1457949175366577
2019-10-13 08:00:00+00:00,1.4604963767733163,1.1782331303879956,1.6420470130428222,0.14269228573181617,0.4154391436987064,-0.8993210126355454,,-1.248525448392846,-0.1457949175366577
2019-10-13 09:00:00+00:00,1.7114355099414726,1.208556045728688,1.2495414498339177,0.16904532558232835,0.369315379526409,-0.6744907594765952,,-1.248525448392846,-0.1457949175366577
2019-10-13 10:00:00+00:00,3.024537591425421,1.3880896606927005,0.7746547987902044,1.0310696851848862,0.32520655741323123,-0.22483025315895028,,-1.248525448392846,-0.1457949175366577
2019-10-13 11:00:00+00:00,0.8627370656658311,0.5930755941767958,-1.5676855877839126,0.7683903445579692,0.28303689766908335,-0.0,,-1.248525448392846,-0.1457949175366577
2019-10-13 12:00:00+00:00,0.42481103136372417,0.3775590933533959,0.3144904639792498,0.47280989465590134,0.24273240788235384,1.1241512657944956,,-1.248525448392846,-0.1457949175366577
2019-10-13 13:00:00+00:00,0.19929338881219272,0.4707182708226146,-0.4210554504768188,0.3426701056278371,0.2042209363374229,0.44966050631790055,,-1.248525448392846,-0.1457949175366577
2019-10-13 14:00:00+00:00,0.39039824769549014,0.422012167976538,-0.4210554504768188,0.4820501630732437,0.16743221481706044,2.2483025315889913,,-1.248525448392846,-0.1457949175366577
2019-10-13 15:00:00+00:00,0.40546375268288587,0.3621470426620711,-1.0602936690286402,0.5470656177351094,0.1322978914734404,0.6744907594765952,,-1.248525448392846,-0.1457949175366577
2019-10-13 16:00:00+00:00,0.2569048057698701,0.3199186183278505,0.16709884072132275,0.4648062726024809,0.09875155445718123,0.8993210126355454,,-1.248525448392846,-0.1457949175366577
2019-10-13 17:00:00+00:00,0.28630637520102364,0.16538351454342867,-1.0602936690286402,0.5283744668184333,0.06672874699211832,1.7986420252713464,,-1.248525448392846,-0.1457949175366577
2019-10-13 18:00:00+00:00,0.27865371083055435,-0.1596426794790171,-0.4210554504768188,0.663207305060021,0.03616697457540582,0.4496605063176449,,-1.248525448392846,-0.1457949175366577
2019-10-13 19:00:00+00:00,-0.23059935506394252,-1.052264590815723,0.0,0.5311109732555632,0.007005704968953689,-1.1241512657944956,,-1.248525448392846,-0.1457949175366577
2019-10-13 20:00:00+00:00,-0.9523683230486539,-1.5669631439810363,0.4463367637757993,0.6083227849126965,-0.020813638370010455,0.44966050631790055,,-1.248525448392846,-0.1457949175366577
2019-10-13 21:00:00+00:00,-0.8118865561387607,-1.1814342221819598,1.1103556425108978,0.28602044026625617,-0.04734768879348155,1.348981518953446,,-1.248525448392846,-0.1457949175366577
2019-10-13 22:00:00+00:00,-1.135594042626127,-1.094587168158187,0.16709884072132275,-0.3225068991484065,-0.07265115430161125,1.7986420252710908,,-1.248525448392846,-0.1457949175366577
2019-10-13 23:00:00+00:00,-1.8801337915030498,-1.2139213959655892,0.7746547987902044,-1.16054286647744,-0.09677684014276366,2.023472278430041,,-1.248525448392846,-0.1457949175366577
2019-10-14 00:00:00+00:00,-1.7312899905570716,-1.5867072206235275,1.4329984639614104,-0.41428516974207613,-0.11977567563059298,1.348981518953446,,0.06888416266995029,-0.1457949175366577
2019-10-14 01:00:00+00:00,-0.8091058206001011,-1.6317790672803225,1.541882973729213,0.870641005131946,-0.14169674466440918,3.147623544224537,,0.06888416266995029,-0.1457949175366577
2019-10-14 02:00:00+00:00,-1.3244368522952763,-0.24571774245652872,0.9537286825310711,-0.9227048522872386,-0.1625873194701676,1.5738117721123963,,0.06888416266995029,-0.1457949175366577
2019-10-14 03:00:00+00:00,-0.9047703705374824,-1.4376362207175615,0.9537286825310711,0.30385321444543206,-0.02357101550986192,1.348981518953446,,0.06888416266995029,-0.1457949175366577
2019-10-14 04:00:00+00:00,-0.6321860450662837,-1.7763478423837435,1.3137289780284165,0.761468665147326,0.2583223374327039,2.9227932910655867,,0.06888416266995029,-0.1457949175366577
2019-10-14 05:00:00+00:00,-0.8980343150038812,-1.4105396373124413,1.6420470130428222,0.06923869425413835,0.2794809770331984,2.2483025315889913,,0.06888416266995029,-0.1457949175366577
2019-10-14 06:00:00+00:00,-1.2213314533719006,-0.7957429884102603,1.6420470130428222,-0.8178489173529336,0.3591804430839828,2.023472278430041,,0.06888416266995029,-0.1457949175366577
2019-10-14 07:00:00+00:00,-0.9020975162258569,-1.5606126420369257,1.5929669010828926,0.020365855200983426,0.3155161226797114,2.2483025315889913,,0.06888416266995029,-0.1457949175366577
2019-10-14 08:00:00+00:00,-0.4628121573060943,-2.172584325368545,2.2120210942227003,1.3527444598952172,0.39302100215778063,-0.0,,0.06888416266995029,-0.1457949175366577
2019-10-14 09:00:00+00:00,-0.5519058057250781,-2.02056195536468,2.1169336640865355,0.8439747401231369,0.46584253373922063,2.697963037906892,,0.06888416266995029,-0.1457949175366577
2019-10-14 10:00:00+00:00,-0.12397737019904284,-2.2615979429407957,2.3003906782140278,1.8913898845706445,0.5631932624062949,2.473132784747942,,0.06888416266995029,-0.1457949175366577
2019-10-14 11:00:00+00:00,-0.3734878039963238,-2.1642032736822356,1.9403903827166824,1.245783525268815,0.6544050566809179,1.7986420252710908,,0.06888416266995029,-0.1457949175366577
2019-10-14 12:00:00+00:00,-0.323360358223862,-2.155150578272272,2.3829293212830405,1.3194354479657733,0.9337471581687997,0.8993210126355454,,0.06888416266995029,-0.1457949175366577
2019-10-14 13:00:00+00:00,-0.3937516032839712,-2.083344725195993,1.4886246193366648,1.0536648692624213,1.1625692324573087,1.7986420252713464,,0.06888416266995029,-0.1457949175366577
2019-10-14 14:00:00+00:00,-0.18291169366653937,-1.8890171070717066,1.6420470130428222,0.6927065986178672,1.499822384597342,3.5972840505421817,,0.06888416266995029,-0.1457949175366577
2019-10-14 15:00:00+00:00,-0.055288281914921224,-2.02726228958635,1.7347844285052354,1.0140102588569209,2.2019681990392836,2.2483025315889913,,0.06888416266995029,-0.1457949175366577
2019-10-14 16:00:00+00:00,0.275897666250726,-2.213130202485628,1.8621535054720906,1.5385934446838012,2.5114133542472836,2.2483025315889913,,0.06888416266995029,-0.1457949175366577
2019-10-14 17:00:00+00:00,0.2512746682789929,-2.1200173073579944,2.1169336640865355,1.474297039771833,3.215788991903193,1.7986420252713464,,0.06888416266995029,-0.1457949175366577
2019-10-14 18:00:00+00:00,0.3645475172547905,-2.219212526850202,1.9777478567635156,1.5945937996873945,3.2655811142098696,0.4496605063176449,,0.06888416266995029,-0.1457949175366577
2019-10-14 19:00:00+00:00,-0.011508038328885969,-1.7915955387247746,1.0344910549739406,0.07909484023344658,3.4270759126220565,1.348981518953446,,0.06888416266995029,-0.1457949175366577
2019-10-14 20:00:00+00:00,-0.5467578015465819,-1.1965511807632128,0.8673922142526176,-0.7157143879274476,3.650692544151839,-0.8993210126355454,,0.06888416266995029,-0.1457949175366577
2019-10-14 21:00:00+00:00,-0.8409795615817287,-1.615424578124478,0.8673922142526176,-0.4000175123427233,3.944818997428252,0.6744907594765952,,0.06888416266995029,-0.1457949175366577
2019-10-14 22:00:00+00:00,-0.850335523791423,-1.8465538877564687,1.3137289780284165,-0.14876479636791617,3.9551442291575363,1.5738117721123963,,0.06888416266995029,-0.1457949175366577
2019-10-14 23:00:00+00:00,-1.9847481898771477,-1.2502621022468774,0.6744907594765952,-1.5508650030662359,4.051836292120191,0.8993210126355454,,0.06888416266995029,-0.1457949175366577
2019-10-15 00:00:00+00:00,-2.1411364967460993,-0.9722254371415564,1.3137289780284165,-1.739801722019008,4.056697473733963,0.6744907594768508,,-0.77781700348152,-0.1457949175366577
2019-10-15 01:00:00+00:00,-1.4114853495648327,-1.093655022248184,1.2495414498339177,-0.9041203971084448,3.939514050469346,1.1241512657944956,,-0.77781700348152,-0.1457949175366577
2019-10-15 02:00:00+00:00,-1.4519405482864474,-1.2487331884095658,0.8673922142526176,-0.8093901545521266,3.8973212329171427,1.1241512657944956,,-0.77781700348152,-0.1457949175366577
2019-10-15 03:00:00+00:00,-1.39234420172684,-1.1778889277544755,1.6892745969871394,-0.8591672530107495,4.015078190342955,1.3489815189531904,,-0.77781700348152,-0.1457949175366577
2019-10-15 04:00:00+00:00,-1.316320238517501,-0.903681818976635,1.3137289780284165,-1.0263364858479704,4.004439427477651,1.1241512657944956,,-0.77781700348152,-0.1457949175366577
2019-10-15 05:00:00+00:00,-1.2553125069749553,-0.9907471490715506,1.37478413300789,-0.9471501245811832,3.9418690190813597,0.6744907594768508,,-0.77781700348152,-0.1457949175366577
2019-10-15 06:00:00+00:00,-1.2881665332085508,-0.19437019337869502,1.181882678231867,-1.2921147532380077,4.004713878996002,0.8993210126355454,,-0.77781700348152,-0.1457949175366577
2019-10-15 07:00:00+00:00,-1.3051526539435925,-0.37216721688074533,1.4886246193366648,-1.1968499334219003,4.14953613732562,0.44966050631790055,,-0.77781700348152,-0.1457949175366577
2019-10-15 08:00:00+00:00,-1.275222691611202,-0.7437716252613971,1.1103556425108978,-1.1868703991313245,4.081043857151963,0.6744907594765952,,-0.77781700348152,-0.1457949175366577
2019-10-15 09:00:00+00:00,-1.3278750010073932,0.21635100132731738,1.4886246193366648,-1.4023880099771653,4.049967510512648,2.2483025315889913,,-0.77781700348152,-0.1457949175366577
2019-10-15 10:00:00+00:00,-1.4323551005350685,-0.9371154622988195,0.8673922142526176,-1.1538829971408318,4.457082979421061,2.473132784747942,,-0.77781700348152,-0.1457949175366577
2019-10-15 11:00:00+00:00,-1.7568224489248878,0.08270238036516141,1.4329984639614104,-1.8081901241717329,4.571204158120402,0.22483025315895028,,-0.77781700348152,-0.1457949175366577
2019-10-15 12:00:00+00:00,-1.8954184413805977,0.4481590235726382,1.77869709012431,-2.0437669744049596,4.534607850134291,-0.6744907594768508,,-0.77781700348152,-0.1457949175366577
2019-10-15 13:00:00+00:00,-1.4409098844879684,1.101808360429517,0.9537286825310711,-1.2092810934921407,4.580032570108022,0.6744907594768508,,-0.77781700348152,-0.1457949175366577
2019-10-15 14:00:00+00:00,-0.9735119717375248,0.7573011532617373,1.1103556425108978,0.00484931457729373,4.494666634244996,0.4496605063176449,,-0.77781700348152,-0.1457949175366577
2019-10-15 15:00:00+00:00,-0.9416613548867586,0.21788762820747717,0.5656062497087926,0.22094614100764648,4.379730264370436,0.44966050631790055,,-0.77781700348152,-0.1457949175366577
2019-10-15 16:00:00+00:00,-0.844157229357281,-0.07030142350670603,-0.19290145477602264,0.16791967989007509,4.251965781274419,-0.0,,-0.77781700348152,-0.1457949175366577
2019-10-15 17:00:00+00:00,-1.0573553310651738,-0.6662915365277277,-0.4210554504768188,-0.005217833421222876,4.094089950292035,-0.44966050631790055,,-0.77781700348152,-0.1457949175366577
2019-10-15 18:00:00+00:00,-0.9730171406372499,-0.5625509898470815,-1.5676855877839126,0.17676947251035457,3.923064109089528,-1.1241512657944956,,-0.77781700348152,-0.1457949175366577
2019-10-15 19:00:00+00:00,-0.9958407870132854,-0.5646788760763576,-0.7002933735312947,0.10101664990943308,3.7745228414010983,-1.5738117721121407,,-0.77781700348152,-0.1457949175366577
2019-10-15 20:00:00+00:00,-1.1545853031276343,-1.195102430031418,-0.4210554504768188,0.022213781520079478,3.611946514982673,-1.7986420252713464,-0.9318320709973511,-0.77781700348152,-0.1457949175366577
2019-10-15 21:00:00+00:00,-1.1339232400499732,-1.480242520155858,-0.7002933735312947,-0.01591672212474922,3.453819156124092,-1.5738117721121407,0.48850265352790145,-0.77781700348152,-0.1457949175366577
2019-10-15 22:00:00+00:00,-1.134562933738983,-1.416396729501594,-0.4210554504768188,-0.08992925170161024,3.300119219294118,-0.8993210126358011,1.21579675525851,-0.77781700348152,-0.1457949175366577
2019-10-15 23:00:00+00:00,-1.852883719864699,-2.1403767884947444,0.16709884072132275,-0.6368869486008866,3.1508195401956582,-0.8993210126355454,1.1545091274146997,-0.77781700348152,-0.1457949175366577
2019-10-16 00:00:00+00:00,-1.762387722675539,-2.292021524865446,-1.0602936690286402,-0.5329265693672649,3.005887475389549,-0.22483025315895028,1.0906893534138034,0.7519854424802879,-0.1457949175366577
2019-10-16 01:00:00+00:00,-0.9762962504579474,-2.4415275331164548,-1.0602936690286402,0.8478520422330936,2.865285068366113,-1.7986420252710908,1.0241191470272746,0.7519854424802879,-0.1457949175366577
2019-10-16 02:00:00+00:00,-0.7316196240908748,-2.427076977761812,-0.4210554504768188,0.9881011375254161,2.728969240292736,-0.0,0.3156888907681526,0.7519854424802879,-0.1457949175366577
2019-10-16 03:00:00+00:00,-0.8588320016050979,-2.466849646109865,-1.0602936690286402,0.8868690741774817,2.5968920034367255,-0.6744907594765952,0.503300246071311,0.7519854424802879,-0.1457949175366577
2019-10-16 04:00:00+00:00,-0.7214363864835708,-2.3053048288165736,-1.0602936690286402,0.6345233954692661,2.469000695068984,-1.348981518953446,0.4674192101077398,0.7519854424802879,-0.1457949175366577
2019-10-16 05:00:00+00:00,-0.5906393783420405,-2.598022851700983,-1.0602936690286402,1.0440716911947034,2.3452382294980776,-2.473132784747942,0.43068496104957044,0.7519854424802879,-0.1457949175366577
2019-10-16 06:00:00+00:00,-0.3394789292474741,-2.7487734805755033,-1.5676855877839126,1.7275860110566938,2.22554336576746,-3.147623544224537,0.39305593145041445,0.7519854424802879,-0.1457949175366577
2019-10-16 07:00:00+00:00,-0.31826334316892607,-2.7462308322389517,-0.7002933735312947,1.6259572213230047,2.109850988471449,-2.922793291065842,,0.7519854424802879,-0.1457949175366577
2019-10-16 08:00:00+00:00,-0.36387202697844234,-2.7314712236608085,-2.4350778020365302,1.1860904715436307,1.9980923991076442,-4.271774810019033,,0.7519854424802879,-0.1457949175366577
2019-10-16 09:00:00+00:00,-0.36811587498553966,-2.790034110753399,-2.4350778020365302,1.3895794431645003,1.890195615383469,-2.9227932910655867,,0.7519854424802879,-0.1457949175366577
2019-10-16 10:00:00+00:00,-0.38248423555203886,-2.916834168453257,-2.4350778020365302,1.8131399229859269,1.7860856759303514,-2.473132784747942,,0.7519854424802879,-0.1457949175366577
2019-10-16 11:00:00+00:00,-0.2746797540334319,-2.859177031322466,-1.5676855877839126,1.5967978417693451,1.6856849479480833,-1.5738117721123963,,0.7519854424802879,-0.1457949175366577
2019-10-16 12:00:00+00:00,-0.24726505238809382,-2.7428926416261117,-1.5676855877839126,1.4969870402569025,1.5889134354007046,-2.697963037906636,,0.7519854424802879,-0.1457949175366577
2019-10-16 13:00:00+00:00,-0.4242021823466714,-2.6418615101058576,-1.5676855877839126,0.895603871980694,1.4956890855102773,-1.348981518953446,,0.7519854424802879,-0.1457949175366577
2019-10-16 14:00:00+00:00,-0.5460880373371981,-2.695011758909053,-1.5676855877839126,0.7380200471757078,1.405928091442097,-0.22483025315895028,,0.7519854424802879,-0.1457949175366577
2019-10-16 15:00:00+00:00,-0.43895489178234026,-2.7417589591262295,-1.5676855877839126,0.9451285086931663,1.3195451892401207,-1.1241512657944956,,0.7519854424802879,-0.1457949175366577
2019-10-16 16:00:00+00:00,-0.3607688621957726,-2.505385474407029,-1.5676855877839126,0.7050068718565887,1.2364539472505034,-1.5738117721121407,,0.7519854424802879,-0.1457949175366577
2019-10-16 17:00:00+00:00,-0.11805710224328354,-2.1574807148825355,-1.5676855877839126,0.8080770151640692,1.1565670464600226,-1.5738117721123963,,0.7519854424802879,-0.1457949175366577
2019-10-16 18:00:00+00:00,-0.32755106068403617,-2.2611235060936545,-1.5676855877839126,0.7245164142282453,1.0797965503708922,-2.023472278430041,,0.7519854424802879,-0.1457949175366577
2019-10-16 19:00:00+00:00,-0.38745376346706734,-2.1080641911487032,-1.5676855877839126,0.7886776590033461,1.0060541632303568,-2.2483025315889913,,0.7519854424802879,-0.1457949175366577
2019-10-16 20:00:00+00:00,-0.3704624453218525,-1.7367721534728353,-2.4350778020365302,0.2871854375283861,0.9352514756291398,-2.023472278430041,,0.7519854424802879,-0.1457949175366577
2019-10-16 21:00:00+00:00,-0.2938169395770295,-1.4875829913617853,-2.4350778020365302,0.02859922074594075,0.86730019667428,-0.8993210126358011,-0.32035075607499686,0.7519854424802879,-0.1457949175366577
2019-10-16 22:00:00+00:00,-0.526876614722727,-1.9196598791976194,-2.4350778020365302,-2.4389517001077125e-05,0.8021123721265346,-1.1241512657944956,1.0379116943194362,0.7519854424802879,-0.1457949175366577
2019-10-16 23:00:00+00:00,-1.4070023721465812,-2.1192159854732195,-1.0602936690286402,-0.8359585410093406,0.7396005880681342,0.22483025315895028,-1.6100049553833895,0.7519854424802879,-0.1457949175366577
2019-10-17 00:00:00+00:00,-1.2771818252453662,-2.1699847856764354,-1.5676855877839126,-0.7682750124488358,0.679678159831489,-0.0,0.5125265906894895,-0.7089328408115698,-0.1457949175366577
2019-10-17 01:00:00+00:00,-0.3261015165964413,-2.007135616766208,-2.4350778020365302,0.11498681638133333,0.6222593060720388,-1.1241512657944956,1.3743189130950964,-0.7089328408115698,-0.1457949175366577
2019-10-17 02:00:00+00:00,-0.443324029706454,-1.9887875546204685,-2.4350778020365302,-0.08672054406214653,0.5672593080078656,0.6744907594768508,2.4260191575481262,-0.7089328408115698,-0.1457949175366577
2019-10-17 03:00:00+00:00,-0.24328584109521958,-2.157827198848313,-2.4350778020365302,0.21213509579231185,0.5145946539742778,0.6744907594765952,2.3560322987603706,-0.7089328408115698,-0.1457949175366577
2019-10-17 04:00:00+00:00,-0.3746178714284549,-2.506871836962449,-2.4350778020365302,0.6684312920270986,0.464183169553034,-1.1241512657944956,2.2827238204040223,-0.7089328408115698,-0.1457949175366577
2019-10-17 05:00:00+00:00,-0.5597931155869704,-2.4367972690855635,-2.4350778020365302,0.6078114537156954,0.415944133633183,-1.348981518953446,2.205762652242959,-0.7089328408115698,-0.1457949175366577
2019-10-17 06:00:00+00:00,-0.34309775228211575,-2.306309266882472,-2.4350778020365302,0.37826116861479936,0.3697983808438887,-0.6744907594765952,,-0.7089328408115698,-0.1457949175366577
2019-10-17 07:00:00+00:00,-0.399781969383836,-1.429537283536451,-2.4350778020365302,-0.39224110910920024,0.32566839086953525,-2.023472278430041,,-0.7089328408115698,-0.1457949175366577
2019-10-17 08:00:00+00:00,-0.38395134717896223,-0.8563435620126495,-2.4350778020365302,-0.5976695055783838,0.2834783652144718,-2.023472278430297,,-0.7089328408115698,-0.1457949175366577
2019-10-17 09:00:00+00:00,-0.44392847589585294,-1.3073091199298248,-2.4350778020365302,-0.3939638190031867,0.24315429202974834,-1.7986420252710908,,-0.7089328408115698,-0.1457949175366577
2019-10-17 10:00:00+00:00,-0.4299245632190046,-1.7512256496701477,-2.4350778020365302,-0.11959435172347335,0.20462399964793837,-0.6744907594765952,,-0.7089328408115698,-0.1457949175366577
2019-10-17 11:00:00+00:00,-0.3570229640638622,-1.291049960968385,-2.4350778020365302,-0.16999045306346994,0.16781719949557572,-0.6744907594768508,,-0.7089328408115698,-0.1457949175366577
2019-10-17 12:00:00+00:00,-0.4204796927813016,-1.225330502772845,-2.4350778020365302,-0.25095346742365704,0.1326655190668506,0.22483025315895028,,-0.7089328408115698,-0.1457949175366577
2019-10-17 13:00:00+00:00,-0.2242980765149981,-1.4146434975904976,-2.4350778020365302,-0.2215432020375726,0.09910252564794421,-0.44966050631790055,,-0.7089328408115698,-0.1457949175366577
2019-10-17 14:00:00+00:00,-0.3537542492109556,-1.3072208523545827,-2.4350778020365302,-0.48717916561758595,0.06706374147976708,-0.22483025315869468,,-0.7089328408115698,-0.1457949175366577
2019-10-17 15:00:00+00:00,-0.5188018156802952,-0.6432224983371582,-2.4350778020365302,-0.6208692447366483,0.036486651038811206,-0.0,,-0.7089328408115698,-0.1457949175366577
2019-10-17 16:00:00+00:00,-0.6169638168523995,-0.437455012277412,-1.5676855877839126,-0.5234435545910606,0.007310701102299178,-0.44966050631790055,,-0.7089328408115698,-0.1457949175366577
2019-10-17 17:00:00+00:00,-0.5728108356846153,-0.45725446673240183,-2.4350778020365302,-0.46214518859599557,-0.02052270575436995,-0.0,,-0.7089328408115698,-0.1457949175366577
2019-10-17 18:00:00+00:00,-0.49714102811460215,-0.43757856698374265,-2.4350778020365302,-0.4385002698389195,-0.047070223601845027,-2.023472278430041,,-0.7089328408115698,-0.1457949175366577
2019-10-17 19:00:00+00:00,-0.5223458609826185,-0.31166147784941606,-2.4350778020365302,-0.500377719628248,-0.07238658094173463,-1.1241512657944956,,-0.7089328408115698,-0.1457949175366577
2019-10-17 20:00:00+00:00,-0.7872361965744145,-0.19877482959608841,-2.4350778020365302,-0.584089340431383,-0.09652460325862283,0.22483025315895028,-0.03923487455702273,-0.7089328408115698,-0.1457949175366577
2019-10-17 21:00:00+00:00,-0.9043775736332125,-0.2915542160882192,-1.5676855877839126,-0.7320493790974174,-0.11953523979477478,-0.8993210126358011,-0.0755743063051244,-0.7089328408115698,-0.1457949175366577
2019-10-17 22:00:00+00:00,-0.8000546289004644,-0.3582273711496804,-1.5676855877839126,-0.6813389648048227,-0.1414675940334663,-0.0,-0.6367362153898861,-0.7089328408115698,-0.1457949175366577
2019-10-17 23:00:00+00:00,-1.6421164199940628,-0.33879194131433293,-1.5676855877839126,-1.4799733055945639,-0.16236895740793858,-0.22483025315869468,-1.212625952581036,-0.7089328408115698,-0.1457949175366577
2019-10-18 00:00:00+00:00,-1.5968158194871696,-0.5068011766254655,-1.0602936690286402,-1.519594318552729,-0.18228484578431745,1.1241512657944956,-1.0929988643552917,-0.22674370212191933,-0.1457949175366577
2019-10-18 01:00:00+00:00,-0.5543241202207554,-0.2984902675925187,-2.4350778020365302,-0.7607389019518721,-0.20125903829809272,0.8993210126355454,-0.9819729305155737,-0.22674370212191933,-0.1457949175366577
2019-10-18 02:00:00+00:00,-0.51195965519085,-0.3063326283242541,-2.4350778020365302,-0.802243479339569,-0.21933361815460886,1.348981518953446,-1.5000967448657778,-0.22674370212191933,-0.1457949175366577
2019-10-18 03:00:00+00:00,-0.32510481501565824,-0.31891759042445844,-2.4350778020365302,-0.7553778573637925,-0.2365490150342129,2.2483025315889913,-1.3146412503970328,-0.22674370212191933,-0.1457949175366577
2019-10-18 04:00:00+00:00,-0.3738944115392965,-0.48459639173111474,-2.4350778020365302,-0.7960926897918212,-0.2529440487720326,0.8993210126355454,-1.149081549185008,-0.22674370212191933,-0.1457949175366577
2019-10-18 05:00:00+00:00,-0.5656969993099709,-0.6536583732780059,-2.4350778020365302,-0.9313360527649178,-0.26855597401063613,0.8993210126355454,-0.9995593604718817,-0.22674370212191933,-0.1457949175366577
2019-10-18 06:00:00+00:00,-0.5617698219814686,-0.5495228256724549,-2.4350778020365302,-0.7969616289242389,-0.2834205255509366,0.8993210126355454,,-0.22674370212191933,-0.1457949175366577
2019-10-18 07:00:00+00:00,-0.5263895547193789,-0.46408879274525106,-2.4350778020365302,-0.7263231398683595,-0.2975719641525327,-0.6744907594765952,,-0.22674370212191933,-0.1457949175366577
2019-10-18 08:00:00+00:00,-0.4817324377542926,-0.7421433071123421,-2.4350778020365302,-0.6563002501465831,-0.3110431225591734,-0.22483025315895028,,-0.22674370212191933,-0.1457949175366577
2019-10-18 09:00:00+00:00,-0.47859492845400603,-0.5021095859381746,-2.4350778020365302,-0.6962943604834481,-0.3238654515481384,0.6744907594765952,,-0.22674370212191933,-0.1457949175366577
2019-10-18 10:00:00+00:00,-0.6019231367969873,-0.9205171960262335,-1.5676855877839126,-0.753722889741674,-0.3360690658240277,-0.0,,-0.22674370212191933,-0.1457949175366577
2019-10-18 11:00:00+00:00,-0.44552358428127187,-1.1217893555970073,-1.5676855877839126,-0.8012818016015355,-0.3148145547685139,0.22483025315895028,,-0.22674370212191933,-0.1457949175366577
2019-10-18 12:00:00+00:00,-0.35588842972262286,-0.8555644210297938,-2.4350778020365302,-0.8147084321794044,-0.26206997128483295,0.6744907594768508,,-0.22674370212191933,-0.1457949175366577
2019-10-18 13:00:00+00:00,-0.4564732356603867,-1.1586084537893149,-2.4350778020365302,-0.5115657313980055,-0.21233817322489995,2.697963037906636,,-0.22674370212191933,-0.1457949175366577
2019-10-18 14:00:00+00:00,-0.3958859207810105,-1.268017079545421,-1.0602936690286402,-0.3445383169054814,-0.06986762014173345,2.023472278430041,,-0.22674370212191933,-0.1457949175366577
2019-10-18 15:00:00+00:00,-0.4327555058602891,-1.522242132864821,-1.5676855877839126,-0.12133894904393763,-0.030930072354547877,0.22483025315895028,,-0.22674370212191933,-0.1457949175366577
2019-10-18 16:00:00+00:00,-0.25083358924828325,-1.3829006801307333,-1.5676855877839126,-0.05291486687941255,0.2516150209145858,1.1241512657944956,,-0.22674370212191933,-0.1457949175366577
2019-10-18 17:00:00+00:00,-0.3397777935887343,-1.2538405522017197,-1.5676855877839126,-0.2682541419554773,0.4804798515162267,0.6744907594768508,,-0.22674370212191933,-0.1457949175366577
2019-10-18 18:00:00+00:00,-0.5473688092485267,-0.9643842023847763,-2.4350778020365302,-0.790469232474556,0.5480763640881328,-0.6744907594768508,,-0.22674370212191933,-0.1457949175366577
2019-10-18 19:00:00+00:00,-0.5361698503673455,-1.0445468556527593,-2.4350778020365302,-0.574100799322821,0.49623048991203544,-0.4496605063176449,,-0.22674370212191933,-0.1457949175366577
2019-10-18 20:00:00+00:00,-0.6294390867953614,-0.504247361008377,-1.5676855877839126,-0.7598198612113438,0.4466086153844965,0.4496605063176449,,-0.22674370212191933,-0.1457949175366577
2019-10-18 21:00:00+00:00,-0.6609928999198263,-0.6481429643449521,-1.5676855877839126,-0.7691410680935508,0.3991305671623668,-0.22483025315895028,,-0.22674370212191933,-0.1457949175366577
2019-10-18 22:00:00+00:00,-0.33918690912261135,-0.7343849206170026,-1.0602936690286402,-0.6187320685197955,0.3537177612081119,0.22483025315895028,,-0.22674370212191933,-0.1457949175366577
2019-10-18 23:00:00+00:00,-1.4366036171749539,-1.48809566693539,-1.0602936690286402,-1.3209554978645226,0.3102932875286125,0.44966050631790055,,-0.22674370212191933,-0.1457949175366577
2019-10-19 00:00:00+00:00,-1.3233669977888225,-1.1073119467739607,-1.5676855877839126,-1.4867681495706127,0.26878198257900826,1.7986420252710908,,-1.0361326134938333,-0.1457949175366577
2019-10-19 01:00:00+00:00,-0.5321324351530842,-0.9384536186863314,-1.5676855877839126,-0.8465939197387518,0.22911048995729802,-0.0,,-1.0361326134938333,-0.1457949175366577
2019-10-19 02:00:00+00:00,-0.7469918717154586,-0.8870682233388353,-1.5676855877839126,-0.9437522515031895,0.1912073100453488,0.44966050631790055,0.6650081181136455,-1.0361326134938333,-0.1457949175366577
2019-10-19 03:00:00+00:00,-0.7793683931614633,-1.2148170221150558,-1.5676855877839126,-1.0473556581195629,0.1550028392719358,0.4496605063176449,0.6848588358599169,-1.0361326134938333,-0.1457949175366577
2019-10-19 04:00:00+00:00,-0.7306824151669017,-1.6611818334160624,-2.4350778020365302,-0.8434795972036094,0.12042939968442751,-0.4496605063176449,0.6561727376938715,-1.0361326134938333,-0.1457949175366577
2019-10-19 05:00:00+00:00,-0.8582046160289617,-2.165233854533993,-2.4350778020365302,-0.5878372274369218,0.08742125951871389,-0.6744907594768508,0.6269438927758418,-1.0361326134938333,-0.1457949175366577
2019-10-19 06:00:00+00:00,-0.8441112971179152,-2.1196509365627634,-2.4350778020365302,-0.5759235599530234,0.05591464545293866,-1.1241512657944956,0.5971513666292213,-1.0361326134938333,-0.1457949175366577
2019-10-19 07:00:00+00:00,-0.8526891879601957,-1.905781938938094,-2.4350778020365302,-0.6107438965576071,0.02584774722047491,-2.2483025315889913,,-1.0361326134938333,-0.1457949175366577
2019-10-19 08:00:00+00:00,-1.1265025094950014,-2.118171044374707,-1.5676855877839126,-0.7692250745180456,-0.0028392847577204763,-2.023472278430041,,-1.0361326134938333,-0.1457949175366577
2019-10-19 09:00:00+00:00,-1.1349545995219765,-1.6049147617549178,-1.0602936690286402,-1.1518897433931496,-0.030204348080861324,-1.5738117721121407,,-1.0361326134938333,-0.1457949175366577
2019-10-19 10:00:00+00:00,-1.0336032008765625,-1.8487423132546885,-2.4350778020365302,-0.945291577844419,-0.056303402798851716,-1.348981518953446,,-1.0361326134938333,-0.1457949175366577
2019-10-19 11:00:00+00:00,-0.9425681202048315,-1.4376784144956127,-1.5676855877839126,-1.1471257200946925,-0.08119049097418593,-0.8993210126355454,,-1.0361326134938333,-0.1457949175366577
2019-10-19 12:00:00+00:00,-1.0047099547897682,-1.478265137175507,-1.0602936690286402,-1.0743363199535962,-0.10491776081195806,-0.22483025315895028,,-1.0361326134938333,-0.1457949175366577
2019-10-19 13:00:00+00:00,-0.9658287169726909,-1.4623396808607756,-2.4350778020365302,-0.9259350714800719,-0.12753549482435417,-0.0,,-1.0361326134938333,-0.1457949175366577
2019-10-19 14:00:00+00:00,-1.0083335312500679,-1.5025314787652337,-1.0602936690286402,-1.0791653847167317,-0.1490921415266651,0.6744907594765952,,-1.0361326134938333,-0.1457949175366577
2019-10-19 15:00:00+00:00,-0.9989144741168503,-1.3094194618786155,-2.4350778020365302,-1.0453364694926577,-0.16963435019306658,-0.22483025315895028,,-1.0361326134938333,-0.1457949175366577
2019-10-19 16:00:00+00:00,-1.083082144913194,-1.3918631110312436,-2.4350778020365302,-1.1348844178257158,-0.18920700823176193,-0.22483025315869468,,-1.0361326134938333,-0.1457949175366577
2019-10-19 17:00:00+00:00,-1.0472838992671565,-1.22993325556737,-0.7002933735312947,-0.99403757152176,-0.20785328077022658,-0.22483025315895028,,-1.0361326134938333,-0.1457949175366577
2019-10-19 18:00:00+00:00,-1.1070840428851163,-1.3683467685820536,-2.4350778020365302,-0.9761474776669963,-0.22561465207194126,-1.348981518953446,,-1.0361326134938333,-0.1457949175366577
2019-10-19 19:00:00+00:00,-1.0866255135940432,-1.990004820825371,-2.4350778020365302,-0.8434427389880865,-0.24253096843590424,-0.6744907594765952,,-1.0361326134938333,-0.1457949175366577
2019-10-19 20:00:00+00:00,-1.1182981862177548,-1.7862871619699814,-1.0602936690286402,-0.9008317648727137,-0.2586404822591817,-1.1241512657944956,0.10543758001395483,-1.0361326134938333,-0.1457949175366577
2019-10-19 21:00:00+00:00,-1.0867297570869547,-1.829650180523563,-1.0602936690286402,-0.9850658832728227,-0.2739798969706286,-0.6744907594768508,0.33020337073143413,-1.0361326134938333,-0.1457949175366577
2019-10-19 22:00:00+00:00,-1.0794058914027882,-1.560186019995744,-1.0602936690286402,-1.0663891370673155,-0.28858441257057044,-0.4496605063176449,0.5263831036760084,-1.0361326134938333,-0.1457949175366577
2019-10-19 23:00:00+00:00,-1.842268990593239,-1.2188903249419192,-2.4350778020365302,-1.8612285045691188,-0.30248777153659656,0.6744907594765952,0.5414864024776843,-1.0361326134938333,-0.1457949175366577
2019-10-20 00:00:00+00:00,-1.8026803876526178,-1.0056057805681513,-1.0602936690286402,-1.8430892475787246,-0.3157223048796112,1.348981518953446,0.5564434757351103,-0.3731225477955638,-0.1457949175366577
2019-10-20 01:00:00+00:00,-1.1089719032239391,-0.7105892443003246,-2.4350778020365302,-1.2893346595605701,-0.328318978156893,0.4496605063176449,0.5712571277421297,-0.3731225477955638,-0.1457949175366577
2019-10-20 02:00:00+00:00,-1.0590074160607834,-0.8173639131156538,-2.4350778020365302,-1.3023425954844654,-0.3403074372701078,0.6744907594768508,0.5859300828876272,-0.3731225477955638,-0.1457949175366577
2019-10-20 03:00:00+00:00,-1.130181501634348,-0.8369811643256923,-1.5676855877839126,-1.3481751154584845,-0.3517160538960103,1.348981518953446,0.9493609768832012,-0.3731225477955638,-0.1457949175366577
2019-10-20 04:00:00+00:00,-1.0085793740057887,-0.630553934950184,-1.5676855877839126,-1.405713583722484,-0.36257197041597056,0.6744907594765952,0.9044204747866583,-0.3731225477955638,-0.1457949175366577
2019-10-20 05:00:00+00:00,-0.9949743682794415,-0.8249118206484027,-0.7002933735312947,-1.3039936557435263,-0.37290114422751724,0.44966050631790055,0.8581333975028568,-0.3731225477955638,-0.1457949175366577
2019-10-20 06:00:00+00:00,-1.0180145692633777,-0.7932950781018518,-1.5676855877839126,-1.2714869490200145,-0.38272839133681846,-0.0,0.8104165495494987,-0.3731225477955638,-0.1457949175366577
2019-10-20 07:00:00+00:00,-1.06880022782669,-0.5389012359232921,-0.7002933735312947,-1.17246232069366,-0.3920774291454909,-0.6744907594768508,,-0.3731225477955638,-0.1457949175366577
2019-10-20 08:00:00+00:00,-1.1976183750351097,-1.0083507994725567,-2.4350778020365302,-1.1209033171898826,-0.4009709183583867,-0.6744907594765952,,-0.3731225477955638,-0.1457949175366577
2019-10-20 09:00:00+00:00,-1.1065844608185216,-1.5071466853501108,-1.0602936690286402,-0.9631451808840005,-0.4094305039511048,-0.8993210126355454,,-0.3731225477955638,-0.1457949175366577
2019-10-20 10:00:00+00:00,-1.0143438963856228,-1.7362597885597923,-1.5676855877839126,-0.8386899686362828,-0.41747685514698313,-0.22483025315895028,,-0.3731225477955638,-0.1457949175366577
2019-10-20 11:00:00+00:00,-0.9899978196583635,-1.9180149265390911,-0.7002933735312947,-0.7277056910813452,-0.42512970436330294,0.22483025315895028,,-0.3731225477955638,-0.1457949175366577
2019-10-20 12:00:00+00:00,-1.0321524826191135,-1.4769953831837646,-1.0602936690286402,-0.9225772704978042,-0.43240788509544553,1.5738117721121407,,-0.3731225477955638,-0.1457949175366577
2019-10-20 13:00:00+00:00,-1.058697752987473,-1.157855070383824,-0.19290145477602264,-1.0765428362991774,-0.43932936871583866,1.348981518953446,,-0.3731225477955638,-0.1457949175366577
2019-10-20 14:00:00+00:00,-1.0816323658490372,-1.3370553631415127,-0.7002933735312947,-1.1309876634315437,-0.4459113001717922,1.348981518953446,,-0.3731225477955638,-0.1457949175366577
2019-10-20 15:00:00+00:00,-0.9705540185550852,-1.9194525850382,-2.4350778020365302,-0.8478891200106542,-0.4521700325727901,0.6744907594765952,,-0.3731225477955638,-0.1457949175366577
2019-10-20 16:00:00+00:00,-1.104714994797081,-1.7704997533105638,-2.4350778020365302,-0.9625542046743061,-0.45812116066355835,0.6744907594768508,,-0.3731225477955638,-0.1457949175366577
2019-10-20 17:00:00+00:00,-1.0989494505292008,-1.161480422798935,-2.4350778020365302,-1.267967946967894,-0.46377955318430314,-0.0,,-0.3731225477955638,-0.1457949175366577
2019-10-20 18:00:00+00:00,-0.8557814488477432,-1.4737449683492685,-2.4350778020365302,-1.260954691348998,-0.46915938412397795,-0.22483025315895028,,-0.3731225477955638,-0.1457949175366577
2019-10-20 19:00:00+00:00,-0.7650362864911967,-1.4887261953622302,-1.5676855877839126,-1.265221364765765,-0.4742741628763379,-0.22483025315895028,,-0.3731225477955638,-0.1457949175366577
2019-10-20 20:00:00+00:00,-0.9287718583131634,-0.9539616120715371,-1.5676855877839126,-1.3952057367821231,-0.4791367633119213,-0.44966050631790055,-0.08303317180627878,-0.3731225477955638,6.522266957828994
2019-10-20 21:00:00+00:00,-0.8662240581063483,-1.4671419439544282,-0.7002933735312947,-1.2178405900512934,-0.4502295099583016,0.22483025315895028,1.5252368188776053,-0.3731225477955638,-0.1457949175366577
2019-10-20 22:00:00+00:00,-0.9854207944274274,-1.1391828771725405,-2.4350778020365302,-1.2877998813108171,-0.45627603964652635,1.348981518953446,0.5930279883178773,-0.3731225477955638,-0.1457949175366577
2019-10-20 23:00:00+00:00,-1.7463735487835108,-0.8642087002034287,-1.5676855877839126,-1.9052713920825206,-0.46202521955528647,1.348981518953446,-0.2573025674050545,-0.3731225477955638,-0.1457949175366577
2019-10-21 00:00:00+00:00,-1.7188742889649613,-0.9777195352331465,-1.0602936690286402,-1.8995677005193514,-0.4674914395408347,2.697963037906636,0.06989919403522926,-0.6945819735886641,-0.1457949175366577
2019-10-21 01:00:00+00:00,-0.7266114846389062,-1.2939311377121252,-0.7002933735312947,-1.291348759901909,-0.47268841546854806,2.2483025315889913,0.3397675741529671,-0.6945819735886641,-0.1457949175366577
2019-10-21 02:00:00+00:00,-0.664521778902263,-1.1329430771381563,-1.0602936690286402,-1.2675588024465068,-0.47762921862530044,2.023472278430297,-0.4124876317411867,-0.6945819735886641,-0.1457949175366577
2019-10-21 03:00:00+00:00,-0.7646279016063455,-1.4235249244144537,-0.4210554504768188,-1.1331519861125718,-0.4823263040584642,2.2483025315889913,0.5897959677932232,-0.6945819735886641,-0.1457949175366577
2019-10-21 04:00:00+00:00,-0.7252249508050546,-1.8337375795761377,-1.5676855877839126,-1.0039938873028063,-0.4867915378593398,0.4496605063176449,0.6575697322936662,-0.6945819735886641,-0.1457949175366577
2019-10-21 05:00:00+00:00,-0.8901600856729558,-2.602505346875259,-0.7002933735312947,-0.14821000248632332,-0.4910362234110285,0.44966050631790055,0.7224948257504773,-0.6945819735886641,-0.1457949175366577
2019-10-21 06:00:00+00:00,-0.8409873153374628,-2.8432090454738925,-0.7002933735312947,0.3912150585929821,-0.4950711266226206,-0.44966050631790055,0.7848010908913254,-0.6945819735886641,-0.1457949175366577
2019-10-21 07:00:00+00:00,-0.7539187807843537,-2.896620135714201,-1.0602936690286402,0.49487945877585887,-0.49890650017309973,-0.6744907594765952,,-0.6945819735886641,-0.1457949175366577
2019-10-21 08:00:00+00:00,-0.9961879832109474,-2.7093417514588016,-1.0602936690286402,-0.07905052303113229,-0.5025521067896017,-1.5738117721123963,,-0.6945819735886641,-0.1457949175366577
2019-10-21 09:00:00+00:00,-0.7712876067347585,-2.9321409374924006,-1.0602936690286402,0.772117330376457,-0.5060172415856414,-0.22483025315895028,,-0.6945819735886641,-0.1457949175366577
2019-10-21 10:00:00+00:00,-0.7679145921153596,-2.7997742079338925,-2.4350778020365302,0.20585680219724448,-0.5093107534856619,0.6744907594768508,,-0.6945819735886641,-0.1457949175366577
2019-10-21 11:00:00+00:00,-0.6718712986366493,-2.907421135429669,-1.0602936690286402,0.655321961462518,-0.5124410657627911,0.4496605063176449,,-0.6945819735886641,-0.1457949175366577
2019-10-21 12:00:00+00:00,-0.7742012121173312,-2.8444893054093616,-0.4210554504768188,0.2975476036945745,-0.515416195717043,1.7986420252713464,,-0.6945819735886641,-0.1457949175366577
2019-10-21 13:00:00+00:00,-0.7214616342445004,-2.8904073695792545,-1.0602936690286402,0.41678531049035267,-0.5182437735213773,1.1241512657944956,,-0.6945819735886641,-0.1457949175366577
2019-10-21 14:00:00+00:00,-0.7288543984047071,-2.7648491124989953,-1.5676855877839126,0.1319828252406756,-0.5209310602630828,0.8993210126355454,,-0.6945819735886641,-0.1457949175366577
2019-10-21 15:00:00+00:00,-0.8456234639762915,-2.4425762654740653,-0.4210554504768188,-0.5508391301963469,-0.5234849652078563,0.6744907594765952,,-0.6945819735886641,-0.1457949175366577
2019-10-21 16:00:00+00:00,-0.6706820904462147,-2.664747493258432,-0.7002933735312947,0.45198715566818043,-0.49217445941676463,0.44966050631790055,,-0.6945819735886641,-0.1457949175366577
2019-10-21 17:00:00+00:00,-0.5828055406174725,-2.843740665287986,-1.0602936690286402,0.8308788873177542,-0.46256222191420904,1.1241512657944956,,-0.6945819735886641,-0.1457949175366577
2019-10-21 18:00:00+00:00,-0.4329825372608239,-2.9541436538604735,-0.7002933735312947,1.5603595534225383,-0.4012602331427694,-0.6744907594765952,,-0.6945819735886641,-0.1457949175366577
2019-10-21 19:00:00+00:00,-0.5455858712277749,-2.927164541482926,-0.19290145477602264,1.144436586643547,-0.37653748882140364,-0.44966050631790055,,-0.6945819735886641,-0.1457949175366577
2019-10-21 20:00:00+00:00,-0.33478612190027585,-3.0224563960365916,-0.4210554504768188,2.1154423393715542,-0.35313371960894935,-0.6744907594765952,1.4652355865485769,-0.6945819735886641,-0.1457949175366577
2019-10-21 21:00:00+00:00,-0.4898493536063486,-3.0034865915437687,-1.0602936690286402,1.5682255807290826,-0.3639208945512242,-0.6744907594768508,1.536239105452154,-0.6945819735886641,-0.1457949175366577
2019-10-21 22:00:00+00:00,-0.33410597390906294,-3.0346172341939215,-1.0602936690286402,1.7618031473614728,-0.374184561050369,-0.0,0.9631228943899504,-0.6945819735886641,-0.1457949175366577
2019-10-21 23:00:00+00:00,-1.5231715910519072,-2.7514106978518136,-1.0602936690286402,-0.731492203653736,-0.383949392340862,0.22483025315895028,1.3078824145543677,-0.6945819735886641,-0.1457949175366577
2019-10-22 00:00:00+00:00,-1.7037289403886404,-2.6255366097316526,-0.4210554504768188,-0.9618448888200453,-0.3601506687123291,1.348981518953446,1.5895674759136436,0.9270660225997442,-0.1457949175366577
2019-10-22 01:00:00+00:00,-0.81230983266878,-2.46631946989168,-0.7002933735312947,-0.3188017534994916,-0.3705973963556669,0.22483025315895028,1.827726488721335,0.9270660225997442,-0.1457949175366577
2019-10-22 02:00:00+00:00,-0.7451370437664547,-2.767090445308548,0.16709884072132275,0.32253776120313005,-0.38053665250592683,1.3489815189531904,2.2140110070577443,0.9270660225997442,-0.1457949175366577
2019-10-22 03:00:00+00:00,-0.7882062555153758,-2.710187570939948,0.3144904639792498,0.24888135771474815,-0.3899924006583765,0.8993210126358011,2.0686911435346054,0.9270660225997442,-0.1457949175366577
2019-10-22 04:00:00+00:00,-0.7209371451703551,-2.51656227305347,-2.4350778020365302,-0.14458939176578028,-0.39898753816284277,0.4496605063176449,2.04003336800611,0.9270660225997442,-0.1457949175366577
2019-10-22 05:00:00+00:00,-0.30318876805028644,-2.301479387948553,-1.5676855877839126,0.6778515577060711,-0.40754393740982087,0.6744907594768508,2.0108339270873166,0.9270660225997442,6.522266957828994
2019-10-22 06:00:00+00:00,-0.6249343748954576,-2.386669520261555,-1.0602936690286402,0.0029448949114876453,-0.4156824860365766,0.4496605063176449,1.9810719494366542,0.9270660225997442,-0.1457949175366577
2019-10-22 07:00:00+00:00,-0.8352368061613897,-2.5102674970156627,-1.5676855877839126,-0.015495152500721652,-0.4234231261107931,-0.22483025315895028,,0.9270660225997442,-0.1457949175366577
2019-10-22 08:00:00+00:00,-0.9137729973112485,-2.2866124674522985,-0.19290145477602264,-0.5787901731594634,-0.4307848922585334,-0.0,,0.9270660225997442,-0.1457949175366577
2019-10-22 09:00:00+00:00,-0.9090246072573877,-2.3391867388842207,-1.0602936690286402,-0.3902885720123024,-0.4377859487115944,0.8993210126358011,,0.9270660225997442,-0.1457949175366577
2019-10-22 10:00:00+00:00,-0.9072717942321727,-2.0336708350730546,-1.5676855877839126,-0.7297125017453134,-0.44444362525676784,2.023472278430041,,0.9270660225997442,-0.1457949175366577
2019-10-22 11:00:00+00:00,-1.219338504987147,-1.3953310366187888,-0.7002933735312947,-1.2349543186972867,-0.41740611825638285,1.5738117721121407,,0.9270660225997442,-0.1457949175366577
2019-10-22 12:00:00+00:00,-1.164778569601503,-1.75046140019469,0.3144904639792498,-1.0330152454428698,-0.3918195303144084,2.697963037906892,,0.9270660225997442,-0.1457949175366577
2019-10-22 13:00:00+00:00,-1.0479738868361503,-1.8795332725789107,-1.0602936690286402,-0.9701757104129916,-0.3346367168663706,3.8221143037013876,,0.9270660225997442,-0.1457949175366577
2019-10-22 14:00:00+00:00,-0.7139139422006304,-2.3888746070660747,-0.19290145477602264,0.15339299936041434,-0.15148690494925546,2.697963037906636,,0.9270660225997442,-0.1457949175366577
2019-10-22 15:00:00+00:00,-0.17896932385226302,-3.1055971860399114,1.181882678231867,2.470623835463662,0.14182691351212415,1.348981518953446,,0.9270660225997442,-0.1457949175366577
2019-10-22 16:00:00+00:00,-0.27033451056877816,-3.077695331483179,-0.19290145477602264,2.2723602609238,0.1996751625001452,0.6744907594765952,,0.9270660225997442,-0.1457949175366577
2019-10-22 17:00:00+00:00,0.01402344475156242,-3.0379697218099437,0.4463367637757993,2.4913169946999596,0.19358902922616128,-0.0,,0.9270660225997442,-0.1457949175366577
2019-10-22 18:00:00+00:00,-0.18305187626426261,-3.017663593890978,0.7746547987902044,2.033006403739391,0.18780216047617135,-0.22483025315869468,,0.9270660225997442,-0.1457949175366577
2019-10-22 19:00:00+00:00,-0.11370228311269577,-3.019579364079011,-0.19290145477602264,2.2484178875428924,0.18230007688621974,-0.44966050631790055,,0.9270660225997442,-0.1457949175366577
2019-10-22 20:00:00+00:00,-0.3937679547741886,-2.879385003234426,-0.19290145477602264,1.212347580709522,0.1770689769722518,0.22483025315895028,1.489957447467362,0.9270660225997442,-0.1457949175366577
2019-10-22 21:00:00+00:00,-0.6870539529563959,-2.82025627463079,-0.7002933735312947,0.5980999824853536,0.14150046062251692,-0.22483025315895028,1.8433782136838368,0.9270660225997442,-0.1457949175366577
2019-10-22 22:00:00+00:00,-0.6350408479717803,-2.8495325175017165,-1.0602936690286402,0.7197226561041298,0.13828529354792699,0.6744907594765952,0.9704127753867257,0.9270660225997442,-0.1457949175366577
2019-10-22 23:00:00+00:00,-1.756033948809763,-2.2668003463974364,-1.0602936690286402,-1.3065019137325564,0.1044677872584927,-0.0,0.05472791131900985,0.9270660225997442,-0.1457949175366577
2019-10-23 00:00:00+00:00,-1.7689947215932569,-1.751307931306778,-0.19290145477602264,-1.5692959099106645,0.07218486663018747,-3.5972840505421817,0.1402975762965613,0.08610520333743711,-0.1457949175366577
2019-10-23 01:00:00+00:00,-0.9325409074994032,-2.038223023132184,-2.4350778020365302,-0.7170034977140628,0.04137369609892262,-1.1241512657944956,-0.5252027285885649,0.08610520333743711,-0.1457949175366577
2019-10-23 02:00:00+00:00,-0.9146444448183981,-1.9709022918534809,-0.7002933735312947,-0.6924235874553116,0.011973402855637496,-1.1241512657944956,-0.020847405834844093,0.08610520333743711,-0.1457949175366577
2019-10-23 03:00:00+00:00,-0.9048780461712901,-1.410874269174179,-2.4350778020365302,-1.0433446042597478,-0.01607492862901735,-1.5738117721123963,-0.5234852406996454,0.08610520333743711,-0.1457949175366577
2019-10-23 04:00:00+00:00,-0.9919312102815679,-1.2335033852040778,-1.0602936690286402,-1.1441796608187156,-0.042828268122077205,-1.7986420252710908,-0.5142016183897276,0.08610520333743711,-0.1457949175366577
2019-10-23 05:00:00+00:00,-0.9596458678391583,-1.5195024227319245,-2.4350778020365302,-0.9882065411357457,0.025874439145259585,-2.922793291065842,-0.5049734504322987,0.08610520333743711,-0.1457949175366577
2019-10-23 06:00:00+00:00,-1.1031181485644037,-1.5565776812017138,-2.4350778020365302,-1.1297189207578697,0.09050625137718864,-3.5972840505424375,-0.4958000782624157,0.08610520333743711,-0.1457949175366577
2019-10-23 07:00:00+00:00,-1.0550382693670028,-0.8904564097556872,-1.5676855877839126,-1.2312307757928627,0.05885900790873138,-3.147623544224537,,0.08610520333743711,-0.1457949175366577
2019-10-23 08:00:00+00:00,-0.8566799545802917,-0.8345337675618201,-2.4350778020365302,-1.20686102748493,0.05976254138307647,-2.697963037906636,,0.08610520333743711,-0.1457949175366577
2019-10-23 09:00:00+00:00,-0.8048284854831853,-0.9773536397994139,-2.4350778020365302,-1.2062553351072187,0.02951947005421077,-1.5738117721123963,,0.08610520333743711,-0.1457949175366577
2019-10-23 10:00:00+00:00,-0.8031038864667046,-0.7272542252441668,-2.4350778020365302,-1.1955639585207487,0.0006636192410857542,-1.1241512657944956,,0.08610520333743711,-0.1457949175366577
2019-10-23 11:00:00+00:00,-0.855847442492126,-1.4185627198736066,-2.4350778020365302,-1.0515296556890916,-0.026863151318146237,-0.8993210126355454,,0.08610520333743711,-0.1457949175366577
2019-10-23 12:00:00+00:00,-0.8612083599878868,-2.045687165267828,-1.5676855877839126,-0.750590087990185,-0.05311704224527078,-0.8993210126355454,,0.08610520333743711,-0.1457949175366577
2019-10-23 13:00:00+00:00,-0.8205333768998346,-2.0679993790896094,-1.5676855877839126,-0.6895552239080097,-0.07815233347554687,-0.22483025315895028,,0.08610520333743711,-0.1457949175366577
2019-10-23 14:00:00+00:00,-0.7124484774338764,-2.0962316049968788,-1.5676855877839126,-0.683484789918623,-0.10202140784797595,0.6744907594765952,,0.08610520333743711,-0.1457949175366577
2019-10-23 15:00:00+00:00,-0.7514104259879913,-2.3310978949668764,-1.5676855877839126,-0.5054178948960965,-0.12477477879492314,0.44966050631790055,,0.08610520333743711,-0.1457949175366577
2019-10-23 16:00:00+00:00,-0.6928661384175954,-2.3283511107203534,-1.5676855877839126,-0.5001765048663168,-0.14646112162426092,0.22483025315895028,,0.08610520333743711,-0.1457949175366577
2019-10-23 17:00:00+00:00,-0.633161924936742,-2.4114302569961708,-1.0602936690286402,-0.26374661040338676,-0.16712730791838196,-0.44966050631790055,,0.08610520333743711,-0.1457949175366577
2019-10-23 18:00:00+00:00,-0.41168839167158816,-2.6986902729704245,-1.0602936690286402,0.2786348372167304,-0.18681844260576738,-1.1241512657944956,,0.08610520333743711,-0.1457949175366577
2019-10-23 19:00:00+00:00,-0.5609182059803851,-2.688540702821057,-2.4350778020365302,0.1945780609043613,-0.20557790329199274,-0.6744907594765952,,0.08610520333743711,-0.1457949175366577
2019-10-23 20:00:00+00:00,-0.4507490813154428,-2.85406566336566,-1.5676855877839126,0.713162948373476,-0.2234473814677729,0.8993210126355454,,0.08610520333743711,-0.1457949175366577
2019-10-23 21:00:00+00:00,-0.506300720824003,-2.644419607102111,-2.4350778020365302,0.22937657223056765,-0.24046692524165486,-0.0,-0.3643606469786117,0.08610520333743711,-0.1457949175366577
2019-10-23 22:00:00+00:00,-0.4362940342996593,-2.5992074181247027,-2.4350778020365302,0.12393549829823303,-0.25667498327406457,1.348981518953446,1.012703526816958,0.08610520333743711,-0.1457949175366577
2019-10-23 23:00:00+00:00,-1.3870245888898645,-2.783405490660298,-0.4210554504768188,-0.6802519511746502,-0.2721084496174286,0.8993210126355454,0.7393652427850578,0.08610520333743711,-0.1457949175366577
2019-10-24 00:00:00+00:00,-1.330219160426734,-2.7647392952872365,0.5656062497087926,-0.5485217128461147,-0.28680270919390755,2.2483025315889913,-0.12527573344493845,-2.4626088154507166,-0.1457949175366577
2019-10-24 01:00:00+00:00,-0.25305705314582577,-2.834607699422485,-0.4210554504768188,0.8910571149091883,-0.3007916836678038,1.348981518953446,0.3486533194027443,-2.4626088154507166,-0.1457949175366577
2019-10-24 02:00:00+00:00,-0.24092746138448287,-2.8439208379476923,0.0,1.0887427539360537,-0.3141078774938732,1.7986420252710908,1.8371387372801185,-2.4626088154507166,-0.1457949175366577
2019-10-24 03:00:00+00:00,0.13932544581677278,-2.9291159483603053,0.0,1.808369583917123,-0.29401466180867575,1.7986420252710908,0.8578859977275389,-2.4626088154507166,-0.1457949175366577
2019-10-24 04:00:00+00:00,-0.08436829057766919,-2.8279355251060583,-0.7002933735312947,1.063661925597106,-0.2749808612936746,1.1241512657944956,0.842312339785825,-2.4626088154507166,-0.1457949175366577
2019-10-24 05:00:00+00:00,0.05359320408176625,-2.9747559274291477,-0.19290145477602264,1.4586083733601107,-0.2569478909166409,1.1241512657944956,0.8265800878911533,-2.4626088154507166,-0.1457949175366577
2019-10-24 06:00:00+00:00,0.243329699909875,-3.0117270381732077,0.0,2.118158194362373,-0.27236829982650385,0.22483025315895028,0.8106859787078943,-2.4626088154507166,-0.1457949175366577
2019-10-24 07:00:00+00:00,0.039300372285075415,-2.969879503296482,0.0,1.5277367658227434,-0.2870500998677358,-0.22483025315895028,,-2.4626088154507166,-0.1457949175366577
2019-10-24 08:00:00+00:00,0.20806594123187402,-2.9720240156340436,-1.0602936690286402,1.8247249723249128,-0.3010271878473395,-1.7986420252710908,,-2.4626088154507166,6.522266957828994
2019-10-24 09:00:00+00:00,0.016309835449041823,-2.7557109500195818,-0.7002933735312947,1.0185790938758874,-0.3143320441580974,-2.2483025315889913,,-2.4626088154507166,-0.1457949175366577
2019-10-24 10:00:00+00:00,-0.35556521966048066,-2.685105945791227,-0.4210554504768188,0.40958512554753973,-0.3269957788048588,-1.348981518953446,,-2.4626088154507166,-0.1457949175366577
2019-10-24 11:00:00+00:00,0.008711257045650529,-2.9703200074825915,-0.7002933735312947,1.875352268003341,-0.3390481772332851,-0.6744907594765952,,-2.4626088154507166,-0.1457949175366577
2019-10-24 12:00:00+00:00,0.14074693627945678,-2.8464338635452004,-0.7002933735312947,1.6062113075704325,-0.35051774580673045,-0.44966050631790055,,-2.4626088154507166,-0.1457949175366577
2019-10-24 13:00:00+00:00,-0.06912768761326765,-2.7816625944034,-1.5676855877839126,0.8560884733918243,-0.3614317567954835,-0.8993210126355454,,-2.4626088154507166,-0.1457949175366577
2019-10-24 14:00:00+00:00,-0.010209951942311965,-2.795556886908167,-1.0602936690286402,0.777553731982587,-0.371816292759794,0.22483025315895028,,-2.4626088154507166,-0.1457949175366577
2019-10-24 15:00:00+00:00,-0.3332653744474061,-2.519888151667213,-1.0602936690286402,-0.14828896734445718,-0.3816962902239761,-0.0,,-2.4626088154507166,-0.1457949175366577
2019-10-24 16:00:00+00:00,-0.22103027995980307,-2.331538351128358,-0.7002933735312947,-0.488509108079402,-0.3910955825534872,-0.22483025315895028,,-2.4626088154507166,-0.1457949175366577
2019-10-24 17:00:00+00:00,-0.30238816732022716,-2.246581522037908,-0.4210554504768188,-0.5567467442195896,-0.4000369419602606,-0.44966050631790055,,-2.4626088154507166,-0.1457949175366577
2019-10-24 18:00:00+00:00,0.0017505184346441442,-2.461390040770972,-0.4210554504768188,-0.007089010028119093,-0.4085421205737955,-0.8993210126355454,,-2.4626088154507166,-0.1457949175366577
2019-10-24 19:00:00+00:00,0.09707723508786072,-2.690814933098603,0.16709884072132275,0.25242294926898934,-0.4166318905266282,-0.6744907594765952,,-2.4626088154507166,-0.1457949175366577
2019-10-24 20:00:00+00:00,-0.14337881394431543,-2.7491735686140655,0.3144904639792498,0.11973237222661334,-0.42432608301289154,-0.0,0.5690741676866521,-2.4626088154507166,-0.1457949175366577
2019-10-24 21:00:00+00:00,-0.2841597231454074,-2.786028113182831,0.16709884072132275,0.329901843064648,-0.43164362628778036,0.4496605063176449,0.09924509533029911,-2.4626088154507166,-0.1457949175366577
2019-10-24 22:00:00+00:00,-0.419785403260928,-2.7533609676087565,0.0,0.3639903166092199,-0.43860258258393164,0.22483025315895028,0.7644701058563219,-2.4626088154507166,-0.1457949175366577
2019-10-24 23:00:00+00:00,-1.3363808063496176,-2.7830306335061126,-0.19290145477602264,-0.4700744892082368,-0.4452201839280788,1.348981518953446,1.227960731708617,-2.4626088154507166,-0.1457949175366577
2019-10-25 00:00:00+00:00,-1.3929162890288889,-2.5176548577023046,0.5656062497087926,-1.0672773703866585,-0.4515128668478866,0.6744907594765952,1.5840134711616285,0.09184555022659939,-0.1457949175366577
2019-10-25 01:00:00+00:00,-0.4984451200722248,-2.582262804862585,-0.4210554504768188,-0.031038943535201664,-0.4574963059647031,0.6744907594768508,,0.09184555022659939,-0.1457949175366577
2019-10-25 02:00:00+00:00,-0.21022484697736987,-2.493012843298858,-1.0602936690286402,-0.3080486649046139,-0.4631854464731073,1.1241512657944956,2.1166633299609434,0.09184555022659939,-0.1457949175366577
2019-10-25 03:00:00+00:00,-0.33106387859276515,-2.7021520336865907,-0.4210554504768188,0.4238362109268268,-0.4685945355126602,0.22483025315895028,2.058767693906646,0.09184555022659939,-0.1457949175366577
2019-10-25 04:00:00+00:00,-0.396644475276703,-2.8761978335117573,-0.7002933735312947,1.1374873478481673,-0.47373715244122505,-0.44966050631790055,1.998617631224483,0.09184555022659939,-0.1457949175366577
2019-10-25 05:00:00+00:00,-0.39184239538346993,-2.8135062480288804,0.16709884072132275,0.8055573702051914,-0.47862623802265425,-1.348981518953446,1.9360304307696017,0.09184555022659939,-0.1457949175366577
2019-10-25 06:00:00+00:00,-0.23554465816386605,-2.8210961272580763,-1.5676855877839126,0.6421274324842696,-0.48327412254460866,-1.5738117721121407,,0.09184555022659939,-0.1457949175366577
2019-10-25 07:00:00+00:00,-0.19348550254969515,-1.8613564053500822,-0.7002933735312947,-0.31347721539635787,-0.4541432890454975,-2.473132784747942,,0.09184555022659939,-0.1457949175366577
2019-10-25 08:00:00+00:00,-0.4713712009724418,-0.7151328017287055,0.4463367637757993,-1.1855570538603404,-0.45999737974141874,-2.922793291065842,,0.09184555022659939,-0.1457949175366577
2019-10-25 09:00:00+00:00,-0.6099244710153432,-0.5397625365310924,-1.5676855877839126,-1.1795213196991754,-0.46556343074018913,-1.5738117721121407,,0.09184555022659939,-0.1457949175366577
2019-10-25 10:00:00+00:00,-0.698506467981947,-0.6615168305879447,-0.4210554504768188,-1.1605622107638798,-0.4708553960980288,-0.44966050631790055,,0.09184555022659939,-0.1457949175366577
2019-10-25 11:00:00+00:00,-0.5468287755617397,-0.6164889785413541,-0.7002933735312947,-1.2172563281170288,-0.4758865748724383,-0.0,,0.09184555022659939,-0.1457949175366577
2019-10-25 12:00:00+00:00,-0.5534183506084258,-0.6705793467049854,-0.7002933735312947,-1.2799505825991244,-0.4806696398440905,-1.5738117721121407,,0.09184555022659939,-0.1457949175366577
2019-10-25 13:00:00+00:00,-0.5616653018233694,-0.6516896553305032,-1.0602936690286402,-1.2921258706125545,-0.4852166651764941,-0.22483025315895028,,0.09184555022659939,-0.1457949175366577
2019-10-25 14:00:00+00:00,-0.6287517601298459,-0.7449536002517758,-1.0602936690286402,-1.2811305447244257,-0.489539153032693,0.6744907594765952,,0.09184555022659939,-0.1457949175366577
2019-10-25 15:00:00+00:00,-0.6664091716977624,-0.8114784528556562,-1.0602936690286402,-1.17962272031237,-0.4936480591702485,-0.0,,0.09184555022659939,-0.1457949175366577
2019-10-25 16:00:00+00:00,-0.7019747799508894,-1.0742214777201275,-0.4210554504768188,-1.1629581572152248,-0.49755381753739075,-0.8993210126355454,,0.09184555022659939,-0.1457949175366577
2019-10-25 17:00:00+00:00,-0.6830597653110113,-1.3127925209436453,-0.7002933735312947,-1.0504791093274555,-0.501266363894567,-0.44966050631790055,,0.09184555022659939,-0.1457949175366577
2019-10-25 18:00:00+00:00,-0.8065354540581117,-1.3436110242155308,-1.0602936690286402,-0.9588858546938367,-0.5047951584866788,-0.6744907594765952,,0.09184555022659939,-0.1457949175366577
2019-10-25 19:00:00+00:00,-0.9206320316364638,-1.4423393498056811,-1.0602936690286402,-0.990428191258291,-0.5081492077921204,-1.1241512657944956,,0.09184555022659939,-0.1457949175366577
2019-10-25 20:00:00+00:00,-0.8819583293706919,-1.163900544645398,-0.19290145477602264,-1.0065008089990504,-0.5113370853753393,-1.348981518953446,,0.09184555022659939,-0.1457949175366577
2019-10-25 21:00:00+00:00,-0.9230025025032503,-1.1061505277444341,-1.0602936690286402,-1.0110426058541995,-0.5143669518700451,-0.22483025315895028,,0.09184555022659939,-0.1457949175366577
2019-10-25 22:00:00+00:00,-0.8970568078803037,-0.8650525019772727,-1.5676855877839126,-0.9626242960635838,-0.517246574120439,-0.0,,0.09184555022659939,-0.1457949175366577
2019-10-25 23:00:00+00:00,-1.7672123216328346,-0.2869387716668158,-1.0602936690286402,-1.6824254332887039,-0.5199833435079222,0.6744907594768508,-0.17017961166133286,0.09184555022659939,-0.1457949175366577
2019-10-26 00:00:00+00:00,-1.7103221794192565,-1.40378634816152,-0.7002933735312947,-1.5102890902688446,-0.5225842934907055,0.4496605063176449,0.5052538097717864,-2.141149389657616,-0.1457949175366577
2019-10-26 01:00:00+00:00,-0.9470406061586222,-1.0620148011514445,-1.5676855877839126,-0.8468442245132408,-0.5250561163835804,0.6744907594768508,0.9736369945744875,-2.141149389657616,-0.1457949175366577
2019-10-26 02:00:00+00:00,-0.9747458034969574,-1.5023198532502564,-0.7002933735312947,-0.8188796743930542,-0.5274051794048628,2.697963037906636,1.3325608987512232,-2.141149389657616,-0.1457949175366577
2019-10-26 03:00:00+00:00,-0.9729482914335403,-1.7007808705422327,-0.7002933735312947,-0.7701488198371026,-0.5296375400171747,1.348981518953446,1.1852616013771247,-2.141149389657616,-0.1457949175366577
2019-10-26 04:00:00+00:00,-1.046916953194906,-1.5479059468328247,-0.7002933735312947,-0.8834786609111672,-0.5317589605883218,-0.0,1.1694518656290078,-2.141149389657616,-0.1457949175366577
2019-10-26 05:00:00+00:00,-0.8909744437644768,-1.8479846058166696,-1.5676855877839126,-0.8013985143604924,-0.5337749223980414,-0.22483025315895028,1.1534786660228689,-2.141149389657616,-0.1457949175366577
2019-10-26 06:00:00+00:00,-0.8554390651046331,-2.22717490363576,-0.7002933735312947,-0.5154259069723204,-0.5356906390158757,-0.6744907594765952,1.1373385869621888,-2.141149389657616,-0.1457949175366577
2019-10-26 07:00:00+00:00,-0.8456540282991697,-1.9262179566727833,-1.0602936690286402,-0.5857751242236339,-0.5375110690748532,-1.1241512657944956,,-2.141149389657616,-0.1457949175366577
2019-10-26 08:00:00+00:00,-0.8559443540978325,-2.013461318125093,-2.4350778020365302,-0.6090903620248006,-0.5392409284650556,-2.2483025315889913,,-2.141149389657616,-0.1457949175366577
2019-10-26 09:00:00+00:00,-0.9202249135909892,-1.6394374302816344,0.0,-0.8329260368523984,-0.5408847019705176,-0.8993210126355454,,-2.141149389657616,-0.1457949175366577
2019-10-26 10:00:00+00:00,-0.8812986048570616,-1.947743275369346,-1.5676855877839126,-0.602818442241297,-0.5424466543722586,-1.1241512657944956,,-2.141149389657616,-0.1457949175366577
2019-10-26 11:00:00+00:00,-0.7554282139261003,-2.190086836627193,-2.4350778020365302,-0.32904236708560913,-0.5439308410395702,-0.44966050631790055,,-2.141149389657616,-0.1457949175366577
2019-10-26 12:00:00+00:00,-0.7123319034865708,-2.4439395855785535,-1.5676855877839126,-0.094589586715244,-0.5453411180310159,0.22483025315895028,,-2.141149389657616,-0.1457949175366577
2019-10-26 13:00:00+00:00,-0.7414808598243914,-2.5664614901745826,-1.0602936690286402,0.13349729824260537,-0.5466811517259077,0.22483025315895028,,-2.141149389657616,-0.1457949175366577
2019-10-26 14:00:00+00:00,-0.6488972419851334,-2.093844751513006,-2.4350778020365302,-0.3165943921371956,-0.5479544280063453,0.22483025315895028,,-2.141149389657616,-0.1457949175366577
2019-10-26 15:00:00+00:00,-0.7599740372485984,-1.6689688842931225,-1.5676855877839126,-0.6410524661029497,-0.549164261009218,0.4496605063176449,,-2.141149389657616,-0.1457949175366577
2019-10-26 16:00:00+00:00,-0.743332646138498,-1.6244692813190533,-1.0602936690286402,-0.8009547471628775,-0.5503138014668882,-0.22483025315895028,,-2.141149389657616,-0.1457949175366577
2019-10-26 17:00:00+00:00,-0.8016160350382995,-1.2335421120308263,0.16709884072132275,-0.9115973552171931,-0.5514060446546091,-0.4496605063176449,,-2.141149389657616,-0.1457949175366577
2019-10-26 18:00:00+00:00,-0.7822028359056414,-1.08618942185607,-0.7002933735312947,-1.0474064649811012,-0.5524438379620559,-0.6744907594768508,,-2.141149389657616,-0.1457949175366577
2019-10-26 19:00:00+00:00,-0.7504476721488957,-0.7286641531630215,-1.5676855877839126,-1.0187905146762175,-0.5534298881057103,-0.8993210126355454,,-2.141149389657616,-0.1457949175366577
2019-10-26 20:00:00+00:00,-0.7042171452648838,-1.0317260798792833,-2.4350778020365302,-1.0059077928889217,-0.554366767998183,-0.8993210126355454,,-2.141149389657616,-0.1457949175366577
2019-10-26 21:00:00+00:00,-0.7069005633278072,-1.0582103746336142,-1.5676855877839126,-0.9417305875629395,-0.5552569232899466,-0.6744907594765952,0.8725134476308909,-2.141149389657616,-0.1457949175366577
2019-10-26 22:00:00+00:00,-0.7346111737115982,-1.015604669087293,-1.5676855877839126,-1.0100395825262853,-0.556102678598326,0.22483025315869468,0.1915872221441256,-2.141149389657616,-0.1457949175366577
2019-10-26 23:00:00+00:00,-1.551376401639535,-1.2173562196913081,-1.5676855877839126,-1.7069929631344751,-0.5569062434380065,0.22483025315895028,-1.0554232733026525,-2.141149389657616,-0.1457949175366577
2019-10-27 00:00:00+00:00,-1.5225190607784644,-1.190789342473842,-0.4210554504768188,-1.5441386246071147,-0.5576697178667354,1.5738117721123963,-0.9485931877981083,-0.6744907594765952,-0.1457949175366577
2019-10-27 01:00:00+00:00,-0.6282035351439423,-1.529174321962217,-1.0602936690286402,-0.726675559073398,-0.5583950978593243,0.22483025315895028,-0.848675060491237,-0.6744907594765952,-0.1457949175366577
2019-10-27 02:00:00+00:00,-0.6457542491664642,-2.0210798640667647,-2.4350778020365302,-0.4608952125625846,-0.5590842804225218,0.4496605063176449,-0.7548285714062527,-0.6744907594765952,-0.1457949175366577
2019-10-27 03:00:00+00:00,-0.7145192149160674,-2.1421291121540658,-1.0602936690286402,-0.3236644253439694,-0.5597390684627847,0.8993210126355454,,-0.6744907594765952,-0.1457949175366577
2019-10-27 04:00:00+00:00,-0.6920406460598988,-2.0852938781113264,-1.0602936690286402,-0.4314531735507159,-0.560361175418473,-0.0,,-0.6744907594765952,-0.1457949175366577
2019-10-27 05:00:00+00:00,-0.77350440103383,-1.773992748960304,-1.0602936690286402,-0.6764479444197958,-0.5609522296674898,-0.0,,-0.6744907594765952,-0.1457949175366577
2019-10-27 06:00:00+00:00,-0.7481661686613006,-1.638468588671002,-0.4210554504768188,-0.6801903173800924,-0.5615137787209145,-1.1241512657944956,,-0.6744907594765952,-0.1457949175366577
2019-10-27 07:00:00+00:00,-0.640146638900741,-2.0082734670751017,-1.0602936690286402,-0.5225531642081629,-0.5620472932127115,-1.5738117721121407,,-0.6744907594765952,-0.1457949175366577
2019-10-27 08:00:00+00:00,-0.6643106010058404,-2.1671267040301316,-0.7002933735312947,-0.41071424719345323,-0.5625541706951562,-2.023472278430041,,-0.6744907594765952,-0.1457949175366577
2019-10-27 09:00:00+00:00,-0.6600338663392255,-1.5752717137213144,-1.5676855877839126,-0.7427572698061231,-0.5630357392491867,-0.8993210126358011,,-0.6744907594765952,-0.1457949175366577
2019-10-27 10:00:00+00:00,-0.6165702942222392,-1.5778373107189578,-2.4350778020365302,-0.7571173364464409,-0.5634932609184813,-0.6744907594765952,,-0.6744907594765952,-0.1457949175366577
2019-10-27 11:00:00+00:00,-0.6049831923360243,-1.4863019286623864,-0.4210554504768188,-0.7073638917503473,-0.5639279349756663,-0.0,,-0.6744907594765952,-0.1457949175366577
2019-10-27 12:00:00+00:00,-0.6642894943783499,-1.321538832629545,-2.4350778020365302,-0.833894646530729,-0.5643409010286731,0.44966050631790055,,-0.6744907594765952,-0.1457949175366577
2019-10-27 13:00:00+00:00,-0.6433407435915335,-0.9649664842745488,-1.5676855877839126,-0.9507762110028449,-0.5647332419749046,0.6744907594765952,,-0.6744907594765952,-0.1457949175366577
2019-10-27 14:00:00+00:00,-0.7082366898869422,-0.9981518685559282,-2.4350778020365302,-1.017560900383329,-0.565105986810516,1.1241512657944956,,-0.6744907594765952,-0.1457949175366577
2019-10-27 15:00:00+00:00,-0.8589803504370405,-1.2663321981463793,-0.7002933735312947,-0.9693197036592995,-0.5654601133017814,0.44966050631790055,,-0.6744907594765952,-0.1457949175366577
2019-10-27 16:00:00+00:00,-0.6992811409317411,-1.3943994365704095,-1.5676855877839126,-0.8204523873842667,-0.5657965505251932,-0.44966050631790055,,-0.6744907594765952,-0.1457949175366577
2019-10-27 17:00:00+00:00,-0.805306449575501,-1.2311697525369973,-1.5676855877839126,-0.8957201243677905,-0.5661161812826373,-0.6744907594765952,,-0.6744907594765952,-0.1457949175366577
2019-10-27 18:00:00+00:00,-0.6592055254002914,-0.7368161643054236,-1.5676855877839126,-1.0082957416014653,-0.5664198443976852,-1.1241512657944956,,-0.6744907594765952,-0.1457949175366577
2019-10-27 19:00:00+00:00,-0.6565257724329325,-0.41526774695695146,-2.4350778020365302,-1.127128211617978,-0.5667083368987673,-1.1241512657944956,,-0.6744907594765952,-0.1457949175366577
2019-10-27 20:00:00+00:00,-0.5301495840357251,-0.39096778441742513,-0.4210554504768188,-1.1313812391355302,-0.5669824160947173,-0.8993210126358011,,-0.6744907594765952,-0.1457949175366577
2019-10-27 21:00:00+00:00,-0.5302480883252069,-0.3752999707004938,-0.4210554504768188,-1.0976481053110028,-0.5672428015479226,-0.22483025315869468,0.4058995642954594,-0.6744907594765952,-0.1457949175366577
2019-10-27 22:00:00+00:00,-0.7841328290062269,-0.5407162830006176,-0.19290145477602264,-1.1336144290149792,-0.5674901769500635,0.22483025315869468,0.1425913613179478,-0.6744907594765952,-0.1457949175366577
2019-10-27 23:00:00+00:00,-1.5472344012971728,-0.5305372890843344,-1.0602936690286402,-1.7421404685519408,-0.5677251919051929,0.8993210126358011,-0.6622240964818555,-0.6744907594765952,-0.1457949175366577
2019-10-28 00:00:00+00:00,-1.4503450733001495,-0.5856058992255633,-0.7002933735312947,-1.7371840974881274,-0.5679484636246782,1.5738117721121407,-0.6345013072217373,0.4506172307992565,-0.1457949175366577
2019-10-28 01:00:00+00:00,-0.546013449106111,-0.5334169014610031,-0.19290145477602264,-1.1330763588628554,-0.5681605785383157,0.44966050631790055,-0.607267240375372,0.4506172307992565,-0.1457949175366577
2019-10-28 02:00:00+00:00,-0.5914728108027845,-0.4089949990727328,0.3144904639792498,-1.1496795050866817,-0.568362093825717,1.7986420252710908,-0.5805049627437577,0.4506172307992565,-0.1457949175366577
2019-10-28 03:00:00+00:00,-0.46836725769680326,-0.4085535125777721,0.16709884072132275,-1.0328632477458668,-0.5685535388718751,1.348981518953446,,0.4506172307992565,-0.1457949175366577
2019-10-28 04:00:00+00:00,-0.40413132365856796,-0.5381733225575802,0.0,-1.127899379624681,-0.5687354166506278,0.44966050631790055,,0.4506172307992565,-0.1457949175366577
2019-10-28 05:00:00+00:00,-0.46916772202192825,-0.5490076860110069,-0.19290145477602264,-0.9729522226232595,-0.5689082050395577,0.6744907594765952,,0.4506172307992565,-0.1457949175366577
2019-10-28 06:00:00+00:00,-0.6491452366478146,-0.6135590264405731,0.3144904639792498,-1.0828541708019004,-0.5690723580696987,-0.44966050631790055,,0.4506172307992565,-0.1457949175366577
2019-10-28 07:00:00+00:00,-0.6883088700442419,-0.5760773927574853,0.7746547987902044,-1.0832956911280265,-0.5692283071132528,-0.8993210126355454,,0.4506172307992565,-0.1457949175366577
2019-10-28 08:00:00+00:00,-0.6314870894922019,-0.6527121275172512,0.3144904639792498,-1.0809321788411843,-0.5693764620123714,-0.22483025315895028,,0.4506172307992565,-0.1457949175366577
2019-10-28 09:00:00+00:00,-0.5662988668121467,-0.5356211599627538,0.3144904639792498,-1.0366266028807514,-0.5695172121519013,-0.6744907594765952,,0.4506172307992565,-0.1457949175366577
2019-10-28 10:00:00+00:00,-0.5296753223251637,-0.5348339461442023,0.6744907594765952,-1.0746520384603517,-0.5696509274788601,0.6744907594765952,,0.4506172307992565,-0.1457949175366577
2019-10-28 11:00:00+00:00,-0.5594041382197298,-0.5562558426010411,0.5656062497087926,-1.024732705928391,-0.5358228928539247,0.8993210126358011,,0.4506172307992565,-0.1457949175366577
2019-10-28 12:00:00+00:00,-0.48390566517839645,-0.5392117730044215,0.3144904639792498,-0.9866845863500707,-0.5376367437489276,0.8993210126355454,,0.4506172307992565,-0.1457949175366577
2019-10-28 13:00:00+00:00,-0.47613333345173553,-0.5622289536899212,0.6744907594765952,-0.9280414562629786,-0.5393603496801306,1.1241512657944956,,0.4506172307992565,-0.1457949175366577
2019-10-28 14:00:00+00:00,-0.3820569972701972,-0.5462618847981381,-0.4210554504768188,-1.044881139770217,-0.5409981794612735,1.5738117721121407,,0.4506172307992565,-0.1457949175366577
2019-10-28 15:00:00+00:00,-0.4493074391797906,-0.7402557192721149,0.16709884072132275,-1.034637100430853,-0.5425544826712035,0.6744907594768508,,0.4506172307992565,-0.1457949175366577
2019-10-28 16:00:00+00:00,-0.32327198947889957,-1.440760368470736,0.6744907594765952,-0.8233340842634644,-0.5440333002096768,-0.22483025315895028,,0.4506172307992565,-0.1457949175366577
2019-10-28 17:00:00+00:00,-0.4251795716362975,-1.1643654944055055,0.5656062497087926,-0.9154926418592491,-0.5454384743643651,-0.22483025315895028,,0.4506172307992565,-0.1457949175366577
2019-10-28 18:00:00+00:00,-0.35855788123642535,-0.6687225687275347,0.7746547987902044,-0.9681045677955645,-0.5467736584097888,-0.6744907594765952,,0.4506172307992565,-0.1457949175366577
2019-10-28 19:00:00+00:00,-0.511303187396162,-0.6307026285244715,0.3144904639792498,-0.9906156902815237,-0.48051543467159846,-1.1241512657944956,,0.4506172307992565,-0.1457949175366577
2019-10-28 20:00:00+00:00,-0.4089781979264537,-0.570510226390557,0.3144904639792498,-0.9849675182304235,-0.38495233488182456,-0.22483025315895028,,0.4506172307992565,-0.1457949175366577
2019-10-28 21:00:00+00:00,-0.5079120829796423,-0.7670428875330643,0.4463367637757993,-1.0650639287608186,-0.3611001366888943,-0.0,-0.14423344604760374,0.4506172307992565,-0.1457949175366577
2019-10-28 22:00:00+00:00,-0.4264095613196124,-0.3824939286880678,0.4463367637757993,-0.9450760186174089,-0.2405160804397747,0.8993210126355454,-0.6692607663095583,0.4506172307992565,-0.1457949175366577
2019-10-28 23:00:00+00:00,-1.4728928822239442,-0.42482215064866624,0.0,-1.6719050462282363,-0.19200912768400868,0.44966050631790055,-1.4706656917985825,0.4506172307992565,-0.1457949175366577
2019-10-29 00:00:00+00:00,-1.575184660678115,-0.37942670191413275,0.6744907594765952,-1.6676641694878838,-0.17830812470635013,2.2483025315889913,-0.8004779103016669,-0.23535422245566323,-0.1457949175366577
2019-10-29 01:00:00+00:00,-0.8303803335759625,-0.34882964952677503,-0.7002933735312947,-0.949734652335497,-0.19747056079168632,0.6744907594765952,0.06692043368189025,-0.23535422245566323,-0.1457949175366577
2019-10-29 02:00:00+00:00,-0.4897168706227324,-0.2657572869283315,-0.4210554504768188,-0.9898100541027554,-0.215724952401071,2.2483025315889913,-0.7525843206348424,-0.23535422245566323,-0.1457949175366577
2019-10-29 03:00:00+00:00,-0.5265073549830737,-0.23985122983570123,-0.19290145477602264,-1.0005840170639093,-0.23311206233401838,2.473132784747942,-0.776424707852603,-0.23535422245566323,-0.1457949175366577
2019-10-29 04:00:00+00:00,-0.6021132660581336,-0.2681287197131954,0.16709884072132275,-1.0640647386223834,-0.24967103456424947,0.6744907594765952,-0.8006387674967806,-0.23535422245566323,-0.1457949175366577
2019-10-29 05:00:00+00:00,-0.5009577157856381,-0.6041538681978883,-0.4210554504768188,-0.8667512715072787,-0.265439438717422,-0.22483025315869468,-0.8252384001707409,-0.23535422245566323,-0.1457949175366577
2019-10-29 06:00:00+00:00,-0.6841956953323718,-0.8577399743061899,-0.19290145477602264,-0.8419697308055416,-0.2804533153008772,-0.0,,-0.23535422245566323,-0.1457949175366577
2019-10-29 07:00:00+00:00,-0.6602595340221049,-1.4143150822990103,0.4463367637757993,-0.6467361603732615,-0.294747221431446,-0.44966050631790055,,-0.23535422245566323,-0.1457949175366577
2019-10-29 08:00:00+00:00,-0.6186551941899453,-1.9718791194392826,0.4463367637757993,-0.2703594077950872,-0.30835427683212524,-1.348981518953446,,-0.23535422245566323,-0.1457949175366577
2019-10-29 09:00:00+00:00,-0.5487196168279569,-2.276134657584719,0.3144904639792498,-0.015146712308431804,-0.3213062098918269,-0.22483025315895028,,-0.23535422245566323,-0.1457949175366577
2019-10-29 10:00:00+00:00,-0.5836949467386159,-2.286006560425375,-0.4210554504768188,-0.016290907181276307,-0.3336334036043893,-0.0,,-0.23535422245566323,-0.1457949175366577
2019-10-29 11:00:00+00:00,-0.5913683273033732,-2.20641125808187,1.0344910549739406,-0.1820829433272854,-0.34536494122361927,-0.4496605063176449,,-0.23535422245566323,-0.1457949175366577
2019-10-29 12:00:00+00:00,-0.568902500586189,-2.051709600978569,1.0344910549739406,-0.24674797836522186,-0.3565286514903153,0.6744907594765952,,-0.23535422245566323,-0.1457949175366577
2019-10-29 13:00:00+00:00,-0.47718610777169385,-2.0875166146053385,0.3144904639792498,-0.24971674286369644,-0.3671511533050293,0.44966050631790055,,-0.23535422245566323,-0.1457949175366577
2019-10-29 14:00:00+00:00,-0.3687007366435127,-2.1509215756248676,0.4463367637757993,-0.16522422886505628,-0.37725789973679197,-0.22483025315895028,,-0.23535422245566323,-0.1457949175366577
2019-10-29 15:00:00+00:00,-0.5299174236403079,-1.847230463667303,-0.7002933735312947,-0.36331259815652667,-0.38687322127320517,0.8993210126355454,,-0.23535422245566323,-0.1457949175366577
2019-10-29 16:00:00+00:00,-0.5322964921803935,-1.2683605195628702,0.6744907594765952,-0.7391335208902295,-0.3960203682312316,0.44966050631790055,,-0.23535422245566323,-0.1457949175366577
2019-10-29 17:00:00+00:00,-0.4451519801287905,-1.9065033808172704,0.0,-0.454856661532983,-0.40472155226075984,-0.44966050631790055,,-0.23535422245566323,-0.1457949175366577
2019-10-29 18:00:00+00:00,-0.4781825914627734,-1.5092780084835815,1.3137289780284165,-0.7558663999419494,-0.4129979868846356,-0.6744907594765952,,-0.23535422245566323,-0.1457949175366577
2019-10-29 19:00:00+00:00,-0.251677690876558,-1.2067981296211197,0.9537286825310711,-0.824280478476995,-0.42086992702940046,-1.5738117721123963,,-0.23535422245566323,-0.1457949175366577
2019-10-29 20:00:00+00:00,-0.37816334681795627,-0.6481041513114919,0.5656062497087926,-1.0282131782373762,-0.42835670751052124,-1.5738117721121407,-1.250758926467146,-0.23535422245566323,-0.1457949175366577
2019-10-29 21:00:00+00:00,-0.32655585069970644,-0.4880174928782644,0.4463367637757993,-1.0668795667085984,-0.4354767804445018,-0.6744907594768508,-1.2626681062814535,-0.23535422245566323,-0.1457949175366577
2019-10-29 22:00:00+00:00,-0.43368451296514404,-0.42084128338055876,0.6744907594765952,-1.0332654735296638,-0.44224775156798535,0.44966050631790055,-0.9050156038606088,-0.23535422245566323,-0.1457949175366577
2019-10-29 23:00:00+00:00,-1.339009922294199,-0.7482112190579187,0.4463367637757993,-1.5983764311030444,-0.44868641545087196,-0.0,-1.1181446475050372,-0.23535422245566323,-0.1457949175366577
2019-10-30 00:00:00+00:00,-1.341620083221377,-0.7467021028971781,0.6744907594765952,-1.6608703923069164,-0.4548087895966152,0.6744907594765952,0.31022187498421555,-0.1090665908940877,-0.1457949175366577
2019-10-30 01:00:00+00:00,-0.596587475243144,-1.035836038717119,-0.4210554504768188,-0.7987609011503874,-0.4606301474283179,1.348981518953446,1.0395097283364974,-0.1090665908940877,-0.1457949175366577
2019-10-30 02:00:00+00:00,-0.7012936978356397,-0.9536920974115584,-2.4350778020365302,-0.7013259093776539,-0.46616505016404464,1.348981518953446,1.490854151241434,-0.1090665908940877,-0.1457949175366577
2019-10-30 03:00:00+00:00,-0.7153986483932545,-1.310834646848689,0.16709884072132275,-0.7284971322499617,-0.4714273775889812,2.023472278430041,1.4203117284700608,-0.1090665908940877,-0.1457949175366577
2019-10-30 04:00:00+00:00,-0.7746370238750064,-1.6444847283478576,-1.5676855877839126,-0.46721142721329956,-0.4764303577357389,1.5738117721123963,1.3463934598202913,-0.1090665908940877,-0.1457949175366577
2019-10-30 05:00:00+00:00,-0.7131775900845739,-2.4215360396382604,0.0,0.3625576190534182,-0.48118659548727194,-0.0,1.2687599284549507,-0.1090665908940877,-0.1457949175366577
2019-10-30 06:00:00+00:00,-0.6276315875163264,-2.472371170083963,-0.7002933735312947,0.3241790992505922,-0.48570810011960014,-0.44966050631790055,,-0.1090665908940877,-0.1457949175366577
2019-10-30 07:00:00+00:00,-0.6861333532276804,-2.3522428821133152,0.16709884072132275,0.24188674052188283,-0.4900063118038384,-1.348981518953446,,-0.1090665908940877,-0.1457949175366577
2019-10-30 08:00:00+00:00,-0.716603379714354,-2.3317452749886254,0.3144904639792498,0.2453117399443752,-0.4940921270889765,-1.348981518953446,,-0.1090665908940877,-0.1457949175366577
2019-10-30 09:00:00+00:00,-0.6741159181363854,-2.2626573638838474,0.16709884072132275,0.1363030785376019,-0.4979759233884622,-0.6744907594765952,,-0.1090665908940877,-0.1457949175366577
2019-10-30 10:00:00+00:00,-0.7392665042822185,-2.069133578353742,0.0,-0.10218442537019783,-0.501667582494945,-0.22483025315895028,,-0.1090665908940877,-0.1457949175366577
2019-10-30 11:00:00+00:00,-0.8255083527792764,-1.8049387930483614,0.0,-0.30168819629716453,-0.5051765131485741,0.44966050631790055,,-0.1090665908940877,-0.1457949175366577
2019-10-30 12:00:00+00:00,-0.7000493474745627,-2.130201089497671,-0.19290145477602264,0.0628023661458607,-0.5085116726850439,1.1241512657944956,,-0.1090665908940877,-0.1457949175366577
2019-10-30 13:00:00+00:00,-0.7674049457444435,-2.169530081142535,-0.4210554504768188,0.03584825300508602,-0.5116815877901585,0.4496605063176449,,-0.1090665908940877,-0.1457949175366577
2019-10-30 14:00:00+00:00,-0.7618844878188434,-2.0608432883453442,0.3144904639792498,0.3378949210010934,-0.5146943743880806,0.8993210126358011,,-0.1090665908940877,-0.1457949175366577
2019-10-30 15:00:00+00:00,-0.7731629224226491,-0.8277153157897582,-0.19290145477602264,-0.6879873527748582,-0.5175577566906499,0.22483025315869468,,-0.1090665908940877,-0.1457949175366577
2019-10-30 16:00:00+00:00,-0.7020981869235402,-0.5518386020952026,-0.4210554504768188,-0.7061138994986725,-0.5202790854352346,-0.22483025315869468,,-0.1090665908940877,-0.1457949175366577
2019-10-30 17:00:00+00:00,-0.8423914341619286,-1.1252665802468307,0.4463367637757993,-0.7018860018696932,-0.5228653553385237,-0.8993210126358011,,-0.1090665908940877,-0.1457949175366577
2019-10-30 18:00:00+00:00,-0.735368544522006,-0.7838355736360335,-0.19290145477602264,-0.6994311320800293,-0.5253232217934987,-3.147623544224537,,-0.1090665908940877,-0.1457949175366577
2019-10-30 19:00:00+00:00,-0.6507273861587483,-0.4201771022790599,-0.4210554504768188,-0.9045197733103183,-0.5276590168365587,-1.5738117721121407,,-0.1090665908940877,-0.1457949175366577
2019-10-30 20:00:00+00:00,-0.6660619736245175,-0.29804040268095117,0.5656062497087926,-0.9069795744466213,-0.5298787644114282,-0.6744907594768508,,-0.1090665908940877,-0.1457949175366577
2019-10-30 21:00:00+00:00,-0.5945308724705791,-0.3184532717549534,-0.7002933735312947,-0.8342672576117417,-0.5319881949560459,-1.1241512657944956,-1.4201659895469505,-0.1090665908940877,-0.1457949175366577
2019-10-30 22:00:00+00:00,-0.5665975753154439,-0.28604588907461875,-1.0602936690286402,-0.8832222926104633,-0.5339927593381624,-0.22483025315895028,-1.5256658660531934,-0.1090665908940877,-0.1457949175366577
2019-10-30 23:00:00+00:00,-1.5507816066140354,-0.19549821108133159,-0.4210554504768188,-1.5839258800978129,-0.5358976421648342,-0.22483025315869468,-1.381802601786295,-0.1090665908940877,-0.1457949175366577
2019-10-31 00:00:00+00:00,-1.28903582078943,-0.2258577592975641,-0.4210554504768188,-1.5789011521868723,-0.5377077744904332,1.1241512657944956,-1.2502022960942516,0.6601398922536875,-0.1457949175366577
2019-10-31 01:00:00+00:00,-0.45382554457827334,-0.12420481347725475,0.0,-0.9608961856536977,-0.5394278459471801,0.4496605063176449,-0.38463255779018907,0.6601398922536875,-0.1457949175366577
2019-10-31 02:00:00+00:00,-0.31891307740725067,-0.16558506152999108,-1.0602936690286402,-0.9348030424358471,-0.5410623163215789,1.1241512657944956,-0.38446746080253863,0.6601398922536875,-0.1457949175366577
2019-10-31 03:00:00+00:00,-0.33771458130520277,-0.20910692726936453,-1.0602936690286402,-0.991629053064236,-0.5426154265994738,0.6744907594768508,-0.38430238145629764,0.6601398922536875,-0.1457949175366577
2019-10-31 04:00:00+00:00,-0.3719513988721117,-0.1455114418665129,-1.5676855877839126,-0.9890569110665314,-0.5440912095017838,0.22483025315869468,-0.3378880397245502,0.6601398922536875,-0.1457949175366577
2019-10-31 05:00:00+00:00,-0.34573770778009716,-0.19447993184365547,-2.4350778020365302,-0.9540363014624341,-0.545493499532289,0.6744907594768508,-0.2928275802929749,0.6601398922536875,-0.1457949175366577
2019-10-31 06:00:00+00:00,-0.31846099022743996,-0.3258484390580917,-1.5676855877839126,-0.9402323977861192,-0.5468259425581625,-0.44966050631790055,-0.2490442525598796,0.6601398922536875,-0.1457949175366577
2019-10-31 07:00:00+00:00,-0.2962391010554302,-0.5342999097692668,-0.19290145477602264,-0.8199998117443807,-0.5480920049432546,-0.8993210126355454,,0.6601398922536875,-0.1457949175366577
2019-10-31 08:00:00+00:00,-0.4118831264200335,-1.868993976832014,-1.5676855877839126,-0.322805474354067,-0.5492949822534547,-1.348981518953446,,0.6601398922536875,-0.1457949175366577
2019-10-31 09:00:00+00:00,-0.19209879092042342,-2.456245269501819,-0.19290145477602264,0.2864923670259402,-0.5504380075527745,-0.0,,0.6601398922536875,-0.1457949175366577
2019-10-31 10:00:00+00:00,-0.227968425451781,-2.4154261282306413,-0.4210554504768188,0.46588874329555385,-0.5515240593081292,0.6744907594768508,,0.6601398922536875,-0.1457949175366577
2019-10-31 11:00:00+00:00,0.014055594282020486,-2.661689007449684,-1.5676855877839126,0.938461988928773,-0.552555968920128,0.22483025315869468,,0.6601398922536875,-0.1457949175366577
2019-10-31 12:00:00+00:00,0.18483325746483328,-2.8178268395845762,-1.0602936690286402,2.055935844928989,-0.553536427896534,2.023472278430297,,0.6601398922536875,-0.1457949175366577
2019-10-31 13:00:00+00:00,0.48020213280270047,-3.029550403814069,-0.19290145477602264,2.9086903321898663,-0.5544679946844159,0.6744907594765952,,0.6601398922536875,-0.1457949175366577
2019-10-31 14:00:00+00:00,0.3002709550672739,-2.875267697938185,-0.19290145477602264,2.0865541500810965,-0.555353101176388,-0.6744907594765952,,0.6601398922536875,6.522266957828994
2019-10-31 15:00:00+00:00,-0.2731162844317939,-2.6401604283020395,-1.0602936690286402,1.1126949805510031,-0.5561940589057253,0.6744907594765952,,0.6601398922536875,-0.1457949175366577
2019-10-31 16:00:00+00:00,-0.1189314420048474,-2.6278771036207424,-0.19290145477602264,1.1634941064426096,-0.5569930649445426,-0.44966050631790055,,0.6601398922536875,-0.1457949175366577
2019-10-31 17:00:00+00:00,-0.4449950231745064,-2.177874082964011,-0.4210554504768188,0.17180753179083685,-0.5577522075186523,-1.5738117721121407,,0.6601398922536875,-0.1457949175366577
2019-10-31 18:00:00+00:00,-0.5161328292103959,-1.824428815686131,-0.19290145477602264,-0.13250965475395277,-0.5584734713521485,-1.5738117721123963,,0.6601398922536875,-0.1457949175366577
2019-10-31 19:00:00+00:00,-0.396804137260292,-1.8758031850969725,-0.4210554504768188,-0.16702119929558606,-0.5591587427542222,-1.348981518953446,,0.6601398922536875,-0.1457949175366577
2019-10-31 20:00:00+00:00,-0.2939812909151825,-1.8189641592677843,0.16709884072132275,-0.08561099031322675,-0.5598098144601842,-1.5738117721121407,0.2610279692365505,0.6601398922536875,-0.1457949175366577
2019-10-31 21:00:00+00:00,-0.36678707274834615,-1.4705108292931994,-0.7002933735312947,-0.29197090703673695,-0.5604283902381583,-1.1241512657944956,0.3861487704521643,0.6601398922536875,-0.1457949175366577
2019-10-31 22:00:00+00:00,-0.3957872721211609,-0.9141214807576479,-0.4210554504768188,-0.6414577998127537,-0.561016089272418,-0.44966050631790055,0.09619516925526458,0.6601398922536875,-0.1457949175366577
2019-10-31 23:00:00+00:00,-1.4098375758258281,-0.9006186809980498,-0.19290145477602264,-1.4995391298479712,-0.561574450333858,-0.0,0.572828336073977,0.6601398922536875,-0.1457949175366577
2019-11-01 00:00:00+00:00,-1.2464323075554502,-0.671779443152235,0.0,-1.4701009403347425,-0.5621049357476361,0.22483025315895028,0.9365611704882598,-1.1825114591674775,-0.1457949175366577
2019-11-01 01:00:00+00:00,-0.3590891495508539,-0.4121270436598611,0.0,-0.8740445581051116,-0.5626089351675756,0.6744907594765952,1.2307665225479982,-1.1825114591674775,-0.1457949175366577
2019-11-01 02:00:00+00:00,-0.30433013972482387,-0.5093693126203164,-0.4210554504768188,-0.8303396115233459,-0.5630877691664934,0.44966050631790055,1.0697435875483818,-1.1825114591674775,-0.1457949175366577
2019-11-01 03:00:00+00:00,-0.43308077209070694,-1.0077530980555132,-0.19290145477602264,-0.774280890476176,-0.5635426926512067,2.2483025315889913,0.9909154820297297,-1.1825114591674775,-0.1457949175366577
2019-11-01 04:00:00+00:00,-0.6123701040543958,-1.325907971849471,-0.7002933735312947,-0.5703657559375602,-0.5639748981105797,1.1241512657944956,0.9327225512779539,-1.1825114591674775,-0.1457949175366577
2019-11-01 05:00:00+00:00,-0.422701024227176,-2.3225051113497592,-0.7002933735312947,0.07286736049169006,-0.5643855187045895,0.8993210126355454,0.8722515229066148,-1.1825114591674775,-0.1457949175366577
2019-11-01 06:00:00+00:00,-0.25741536314654806,-2.578426507970956,0.0,0.4980175096537886,-0.5647756312020306,-1.1241512657944956,0.8093167414761807,-1.1825114591674775,-0.1457949175366577
2019-11-01 07:00:00+00:00,-0.17526686062589186,-2.712324213776723,0.16709884072132275,0.8764544307277494,-0.5651462587741242,-1.1241512657944956,,-1.1825114591674775,-0.1457949175366577
2019-11-01 08:00:00+00:00,-0.20360732657043787,-2.0025036541903227,0.0,-0.11971619092292142,-0.5654983736509694,-2.473132784747942,,-1.1825114591674775,-0.1457949175366577
2019-11-01 09:00:00+00:00,-0.28534084932792336,-0.3340933521778634,-0.19290145477602264,-0.8431671123027229,-0.5318974476186695,-1.5738117721121407,,-1.1825114591674775,-0.1457949175366577
2019-11-01 10:00:00+00:00,-0.26621327945462164,-0.18348928737941372,-1.0602936690286402,-0.8415318100238536,-0.5339065239603638,-0.8993210126355454,,-1.1825114591674775,-0.1457949175366577
2019-11-01 11:00:00+00:00,-0.37117472916630884,-0.18758764974082479,0.0,-0.8674088099019263,-0.535815695612664,-1.7986420252713464,,-1.1825114591674775,-0.1457949175366577
2019-11-01 12:00:00+00:00,-0.3011143029122476,-0.1286024301774079,-0.4210554504768188,-0.8920296081575633,-0.5038343471996384,-1.348981518953446,,-1.1825114591674775,-0.1457949175366577
2019-11-01 13:00:00+00:00,-0.2979392855341875,-0.15770136360322043,-1.5676855877839126,-0.8418049293349162,-0.5072359842371954,-0.4496605063176449,,-1.1825114591674775,-0.1457949175366577
2019-11-01 14:00:00+00:00,-0.33005577183176116,-0.4920114457712569,-1.5676855877839126,-0.7013419805992032,-0.5104691139215121,-0.44966050631790055,,-1.1825114591674775,-0.1457949175366577
2019-11-01 15:00:00+00:00,-0.49074359619332125,-0.41722153080111074,-1.0602936690286402,-0.6974995166015239,-0.5135420094576149,0.22483025315895028,,-1.1825114591674775,-0.1457949175366577
2019-11-01 16:00:00+00:00,-0.4232645930528883,-0.5790660668095758,-0.19290145477602264,-0.6958830738810073,-0.5164625450350638,-0.8993210126355454,,-1.1825114591674775,-0.1457949175366577
2019-11-01 17:00:00+00:00,-0.46068255952248194,-0.6667307011510644,-0.4210554504768188,-0.5445426878373469,-0.519238214377815,-1.1241512657944956,,-1.1825114591674775,-0.1457949175366577
2019-11-01 18:00:00+00:00,-0.4038747232472256,-0.4451026312197443,0.3144904639792498,-0.6303932046155238,-0.5218761484993872,-2.023472278430041,,-1.1825114591674775,-0.1457949175366577
2019-11-01 19:00:00+00:00,-0.34168134307942205,-0.30777127855499586,-0.7002933735312947,-0.6972839264495576,-0.5243831326906536,-1.5738117721123963,,-1.1825114591674775,-0.1457949175366577
2019-11-01 20:00:00+00:00,-0.2834119026467031,-0.2962141603226711,0.4463367637757993,-0.6965140409454901,-0.5267656227673432,-1.1241512657944956,-0.5386162156344275,-1.1825114591674775,-0.1457949175366577
2019-11-01 21:00:00+00:00,-0.4359744166574324,-0.15310555023068412,-1.5676855877839126,-0.7248667783228943,-0.5290297606040254,-0.8993210126355454,-0.31270737251965086,-1.1825114591674775,-0.1457949175366577
2019-11-01 22:00:00+00:00,-0.4331541826811658,-0.06262775831183609,-1.0602936690286402,-0.6734523382598974,-0.531181388980951,-1.348981518953446,-0.7219398609257358,-1.1825114591674775,-0.1457949175366577
2019-11-01 23:00:00+00:00,-1.4066289868286368,-0.0007290382291617605,-1.5676855877839126,-1.5056044201238599,-0.5332260657696674,0.6744907594765952,-1.8125781121163493,-1.1825114591674775,-0.1457949175366577
2019-11-02 00:00:00+00:00,-1.413239366625056,0.02599513255099638,0.0,-1.4723042929425754,-0.5351690774828095,-0.22483025315869468,-0.35538295425955435,-1.2226938873916149,-0.1457949175366577
2019-11-02 01:00:00+00:00,-0.4860056185366981,-0.10225472989170463,-0.19290145477602264,-0.7727779276540713,-0.5370154522129124,-0.22483025315895028,0.38095565240853846,-1.2226938873916149,-0.1457949175366577
2019-11-02 02:00:00+00:00,-0.49537952810688757,-0.0494616807740087,0.0,-0.7586715250760326,-0.5387699719844933,-0.0,0.33738916943079034,-1.2226938873916149,-0.1457949175366577
2019-11-02 03:00:00+00:00,-0.5867433797770207,0.019221032980742254,-0.4210554504768188,-0.6991364588551191,-0.5404371845430297,1.348981518953446,0.2925583574253491,-1.2226938873916149,-0.1457949175366577
2019-11-02 04:00:00+00:00,-0.5997820466114824,0.06097647817908129,-1.0602936690286402,-0.7021267775309568,-0.5420214146038101,0.8993210126355454,0.2463876341005289,-1.2226938873916149,-0.1457949175366577
2019-11-02 05:00:00+00:00,-0.5308084602368103,0.21933745585123263,0.16709884072132275,-0.6012403364451259,-0.5435267745829743,-0.0,,-1.2226938873916149,-0.1457949175366577
2019-11-02 06:00:00+00:00,-0.4672566761060974,0.20969949246908115,-0.4210554504768188,-0.7763616413584619,-0.5449571748323812,-0.6744907594768508,,-1.2226938873916149,-0.1457949175366577
2019-11-02 07:00:00+00:00,-0.39836890373037426,0.34882218172235446,-0.7002933735312947,-0.6693855435524503,-0.5463163333992653,-1.3489815189531904,,-1.2226938873916149,-0.1457949175366577
2019-11-02 08:00:00+00:00,-0.41442028639636563,0.1170241785346683,-0.19290145477602264,-0.7276798792562855,-0.5476077853309517,-1.7986420252713464,,-1.2226938873916149,-0.1457949175366577
2019-11-02 09:00:00+00:00,-0.3984044056002168,-0.0912326085389365,-1.0602936690286402,-0.8441917382721519,-0.5488348915442227,-0.22483025315895028,,-1.2226938873916149,-0.1457949175366577
2019-11-02 10:00:00+00:00,-0.23294798753480092,-0.020177422444850504,-0.19290145477602264,-0.8638233457822598,-0.5500008472782419,-0.4496605063176449,,-1.2226938873916149,-0.1457949175366577
2019-11-02 11:00:00+00:00,-0.09491523875862687,0.054590458765893815,0.7746547987902044,-0.8076037177303712,-0.5511086901492729,-0.0,,-1.2226938873916149,-0.1457949175366577
2019-11-02 12:00:00+00:00,-0.11156328878320224,0.08936638123776071,0.0,-0.8771032973303232,-0.5521613078247558,-0.44966050631790055,,-1.2226938873916149,-0.1457949175366577
2019-11-02 13:00:00+00:00,-0.09757575356501846,0.046803028226094966,0.16709884072132275,-0.8839092668930105,-0.5531614453336611,-0.22483025315895028,,-1.2226938873916149,-0.1457949175366577
2019-11-02 14:00:00+00:00,-0.012991792901157992,-0.14340186249593376,0.0,-0.8529485092918466,-0.5541117120293826,0.44966050631790055,,-1.2226938873916149,-0.1457949175366577
2019-11-02 15:00:00+00:00,0.012677780212815987,-0.3528643132978084,0.16709884072132275,-0.8421210562636386,-0.5550145882208118,-0.0,,-1.2226938873916149,-0.1457949175366577
2019-11-02 16:00:00+00:00,-0.07256174879822747,-0.24268429378172354,0.16709884072132275,-0.862745926164983,-0.5558724314866125,-0.22483025315895028,,-1.2226938873916149,-0.1457949175366577
2019-11-02 17:00:00+00:00,-0.19316412554181273,-0.33049183728018255,-1.5676855877839126,-0.7875707087761965,-0.5566874826871172,-0.4496605063176449,,-1.2226938873916149,-0.1457949175366577
2019-11-02 18:00:00+00:00,-0.15231912136629133,-0.9345557128975739,-0.7002933735312947,-0.7188675529894065,-0.5574618716876807,-0.44966050631790055,,-1.2226938873916149,-0.1457949175366577
2019-11-02 19:00:00+00:00,-0.3901257685540231,-0.37562185808722964,-1.5676855877839126,-0.8035250029468594,-0.5581976228067559,-0.22483025315895028,,-1.2226938873916149,-0.1457949175366577
2019-11-02 20:00:00+00:00,-0.4246521774173261,-0.1455320038821952,-0.4210554504768188,-0.7793316828628835,-0.558896660001406,-0.4496605063176449,-0.7799664990550894,-1.2226938873916149,-0.1457949175366577
2019-11-02 21:00:00+00:00,-0.3841791915001754,-0.2170765806839788,0.16709884072132275,-0.8491687039086322,-0.5595608118024336,0.22483025315869468,-0.8827954084956195,-1.2226938873916149,-0.1457949175366577
2019-11-02 22:00:00+00:00,-0.36165119925995276,-0.20632938222453043,0.0,-0.8081113183262657,-0.5601918160107846,0.22483025315895028,-0.9929598174643888,-1.2226938873916149,-0.1457949175366577
2019-11-02 23:00:00+00:00,-1.3794154239895347,-0.2804368595144287,-1.0602936690286402,-1.5857740804506586,-0.5607913241663928,0.8993210126355454,-1.1115872590985345,-1.2226938873916149,-0.1457949175366577
2019-11-03 00:00:00+00:00,-1.3285292324506468,-0.15287059601322134,0.4463367637757993,-1.5807318519934779,-0.5613609058001352,0.22483025315895028,-0.15867710384841782,-1.0648343479396458,-0.1457949175366577
2019-11-03 01:00:00+00:00,-0.23887153581091033,-0.26118275302507943,-0.7002933735312947,-0.995204203469367,-0.5619020524791156,1.348981518953446,0.42632486788476814,-1.0648343479396458,-0.1457949175366577
2019-11-03 02:00:00+00:00,-0.26237228453425765,-0.2812248707027696,0.0,-1.067843036742721,-0.5624161816550316,1.348981518953446,0.37374663894541726,-1.0648343479396458,-0.1457949175366577
2019-11-03 03:00:00+00:00,-0.12994353793028904,-0.3203007639328033,-0.4210554504768188,-1.0227867327899909,-0.5629046403249578,1.348981518953446,0.31931574807504526,-1.0648343479396458,-0.1457949175366577
2019-11-03 04:00:00+00:00,-0.14824792888034727,-0.1573128282367271,-0.7002933735312947,-0.9423075302072694,-0.563368708513454,0.8993210126355454,0.26289684980980277,-1.0648343479396458,-0.1457949175366577
2019-11-03 05:00:00+00:00,-0.2456552117093983,0.08156462500094035,-1.0602936690286402,-0.7930521424913003,-0.5638096025845103,-0.0,,-1.0648343479396458,-0.1457949175366577
2019-11-03 06:00:00+00:00,-0.27589605147881907,0.05860399899724789,-1.0602936690286402,-0.8538052732134678,-0.5642284783914564,-0.8993210126355454,,-1.0648343479396458,-0.1457949175366577
2019-11-03 07:00:00+00:00,-0.31670457228297755,0.08560012675586083,-1.0602936690286402,-0.8093783187656836,-0.5646264342725901,-0.6744907594768508,,-1.0648343479396458,-0.1457949175366577
2019-11-03 08:00:00+00:00,-0.4173271164644055,0.08924135904367873,-0.4210554504768188,-0.8099165290290972,-0.5650045138999293,-1.1241512657944956,,-1.0648343479396458,-0.1457949175366577
2019-11-03 09:00:00+00:00,-0.46682163403942933,0.06687828732980362,-1.0602936690286402,-0.8345106552961306,-0.5653637089881485,-0.22483025315895028,,-1.0648343479396458,-0.1457949175366577
2019-11-03 10:00:00+00:00,-0.2192084024156717,0.034095436337479725,-0.4210554504768188,-0.8659709543698532,-0.5657049618704374,0.22483025315895028,,-1.0648343479396458,-0.1457949175366577
2019-11-03 11:00:00+00:00,-0.24535973857404472,0.1010588319711583,-0.19290145477602264,-0.8544130298547322,-0.5660291679477041,-0.6744907594765952,,-1.0648343479396458,-0.1457949175366577
2019-11-03 12:00:00+00:00,-0.1893318312955327,0.16173022336154816,0.0,-0.883617790912935,-0.5663371780172505,-1.1241512657944956,,-1.0648343479396458,-0.1457949175366577
2019-11-03 13:00:00+00:00,0.02752267885630809,0.08826454843513308,-0.19290145477602264,-0.934714293240445,-0.5666298004867569,0.22483025315895028,,-1.0648343479396458,-0.1457949175366577
2019-11-03 14:00:00+00:00,-0.014525909166642093,0.0018082270179779073,-0.4210554504768188,-0.9866784516136397,-0.5669078034791418,0.8993210126355454,,-1.0648343479396458,-0.1457949175366577
2019-11-03 15:00:00+00:00,-0.14766949548456434,0.06114565690058742,-0.4210554504768188,-0.9751313915974992,-0.5671719168336006,0.4496605063176449,,-1.0648343479396458,-0.1457949175366577
2019-11-03 16:00:00+00:00,0.8940384546027821,0.15208582484416905,0.4463367637757993,-0.7185345117169175,-0.5674228340078761,0.44966050631790055,,-1.0648343479396458,-0.1457949175366577
2019-11-03 17:00:00+00:00,0.023916939617178258,-0.01743846813237899,0.3144904639792498,-1.0266621419274866,-0.5676612138865736,-0.0,,-1.0648343479396458,-0.1457949175366577
2019-11-03 18:00:00+00:00,-0.019863972262514115,-0.02373875847252514,0.5656062497087926,-0.9565109510462765,-0.5678876825001082,-0.8993210126355454,,-1.0648343479396458,-0.1457949175366577
2019-11-03 19:00:00+00:00,0.09661349580845836,-0.02583436398159748,0.16709884072132275,-1.0060043331031348,-0.5681028346586469,-0.22483025315895028,,-1.0648343479396458,-0.1457949175366577
2019-11-03 20:00:00+00:00,0.06713003453954239,0.012709341660163454,-0.19290145477602264,-1.0221098282709289,-0.5683072355052086,-0.0,-1.1339187594160487,-1.0648343479396458,-0.1457949175366577
2019-11-03 21:00:00+00:00,-0.05165192316839512,-0.0742478825240284,-0.4210554504768188,-0.9579339510159538,-0.5685014219918787,0.22483025315895028,-1.1934885143729408,-1.0648343479396458,-0.1457949175366577
2019-11-03 22:00:00+00:00,-0.18221716954736084,0.045469984893799414,0.8673922142526176,-0.8719037073347069,-0.5686859042829067,0.8993210126355454,-1.2619206228172903,-1.0648343479396458,-0.1457949175366577
2019-11-03 23:00:00+00:00,-1.1815596146338951,0.04007387983766404,0.16709884072132275,-1.5171061360970528,-0.5688611670882783,1.1241512657944956,-1.2747068304530544,-1.0648343479396458,-0.1457949175366577
2019-11-04 00:00:00+00:00,-1.0484398398060801,-0.1613151641907797,0.4463367637757993,-1.519940503477999,-0.5690276709311745,1.5738117721123963,-1.2875997460389998,-1.4207358550677214,-0.1457949175366577
2019-11-04 01:00:00+00:00,0.05293169905841345,-0.1524322432730747,-0.19290145477602264,-0.824811143096282,-0.5691858533525684,0.8993210126355454,-1.300601165648177,-1.4207358550677214,-0.1457949175366577
2019-11-04 02:00:00+00:00,0.021906160660873013,-0.4988043020950086,-0.7002933735312947,-0.7586286055993307,-0.5693361300560561,1.5738117721121407,,-1.4207358550677214,-0.1457949175366577
2019-11-04 03:00:00+00:00,0.13989537786168818,-1.0430605146412426,0.0,-0.6111414067264646,-0.5694788959958599,2.2483025315889913,,-1.4207358550677214,-0.1457949175366577
2019-11-04 04:00:00+00:00,0.16234829553896782,-1.5669727201196777,0.16709884072132275,-0.3462800505218666,-0.56961452641081,1.348981518953446,,-1.4207358550677214,-0.1457949175366577
2019-11-04 05:00:00+00:00,0.4223699763961218,-2.1816923968578363,0.16709884072132275,0.1662947752134343,-0.5697433778069656,1.1241512657944956,,-1.4207358550677214,-0.1457949175366577
2019-11-04 06:00:00+00:00,0.26401515058251684,-1.6822973616836587,0.3144904639792498,-0.264889748381372,-0.5698657888914114,0.22483025315895028,,-1.4207358550677214,-0.1457949175366577
2019-11-04 07:00:00+00:00,0.24721327846952795,-1.7514334007677164,-1.0602936690286402,-0.19827086380734413,-0.5699820814596418,-0.6744907594765952,,-1.4207358550677214,-0.1457949175366577
2019-11-04 08:00:00+00:00,0.2476067485513554,-1.918101089910566,-0.4210554504768188,-0.02382660693481589,-0.5700925612388247,-0.6744907594768508,,-1.4207358550677214,-0.1457949175366577
2019-11-04 09:00:00+00:00,0.15056557063302817,-1.023532796311654,0.0,-0.5405451512017626,-0.5701975186891284,-0.4496605063176449,,-1.4207358550677214,-0.1457949175366577
2019-11-04 10:00:00+00:00,0.19597683558633064,-1.0197462739243062,-1.0602936690286402,-0.5085297132607811,-0.5702972297651852,0.6744907594765952,,-1.4207358550677214,-0.1457949175366577
2019-11-04 11:00:00+00:00,0.12874905527570138,-0.552219507833157,-0.19290145477602264,-0.5631284713038524,-0.570391956639666,0.22483025315895028,,-1.4207358550677214,-0.1457949175366577
2019-11-04 12:00:00+00:00,0.01681835582520411,-0.07747794713344856,0.16709884072132275,-0.6531243097217232,-0.5704819483908415,0.22483025315895028,,-1.4207358550677214,-0.1457949175366577
2019-11-04 13:00:00+00:00,0.11497554607168216,-0.0003165892196308189,-0.19290145477602264,-0.6299179519260658,-0.5705674416559153,0.8993210126355454,,-1.4207358550677214,-0.1457949175366577
2019-11-04 14:00:00+00:00,-0.005531161023116331,0.0035629094024070274,-0.19290145477602264,-0.5771060628311001,-0.5706486612518253,1.1241512657944956,,-1.4207358550677214,-0.1457949175366577
2019-11-04 15:00:00+00:00,0.013696966935445112,0.02570627379159243,-0.19290145477602264,-0.6236697588789968,-0.5707258207651275,0.4496605063176449,,-1.4207358550677214,-0.1457949175366577
2019-11-04 16:00:00+00:00,-0.026656511209269446,0.04127435189531018,-0.19290145477602264,-0.6124605719826929,-0.5707991231124945,0.44966050631790055,,-1.4207358550677214,-0.1457949175366577
2019-11-04 17:00:00+00:00,-0.034040052161414654,0.15651141076180553,0.0,-0.5590853174874709,-0.5708687610732905,-0.22483025315895028,,-1.4207358550677214,-0.1457949175366577
2019-11-04 18:00:00+00:00,0.0028068548404212466,0.12148211481776269,-0.7002933735312947,-0.5349071984212522,-0.5709349177956048,-0.8993210126355454,,-1.4207358550677214,-0.1457949175366577
2019-11-04 19:00:00+00:00,0.13133873279278982,0.06918169815985228,-0.7002933735312947,-0.6367704493285723,-0.5709977672770657,-0.22483025315895028,,-1.4207358550677214,-0.1457949175366577
2019-11-04 20:00:00+00:00,-0.020815483274236428,0.10187881392672662,0.16709884072132275,-0.6747605487733674,-0.5710574748216883,0.44966050631790055,-1.5710141649387515,-1.4207358550677214,-0.1457949175366577
2019-11-04 21:00:00+00:00,0.08250224057363315,0.031723259202999884,0.4463367637757993,-0.6824125505753054,-0.5711141974739423,-0.0,-0.8231048028375927,-1.4207358550677214,-0.1457949175366577
2019-11-04 22:00:00+00:00,0.16861423190566804,0.04379932634461627,-0.7002933735312947,-0.6652334075021261,-0.5711680844311795,0.8993210126355454,0.8783306855840414,-1.4207358550677214,-0.1457949175366577
2019-11-04 23:00:00+00:00,-1.0164657414645208,-0.012213897328933979,0.4463367637757993,-1.4095738089935088,-0.5712192774354913,0.6744907594765952,0.8508741141348731,-1.4207358550677214,-0.1457949175366577
2019-11-05 00:00:00+00:00,-0.9880933325932533,-0.20645930985964636,0.4463367637757993,-1.3915027134818974,-0.5712679111460229,1.348981518953446,0.822920728782919,-1.363332386176096,-0.1457949175366577
2019-11-05 01:00:00+00:00,0.23843370802292463,-0.4751867586781219,0.0,-0.5648203977577957,-0.5713141134927157,0.8993210126355454,0.794452218455603,-1.363332386176096,-0.1457949175366577
2019-11-05 02:00:00+00:00,0.21659527608141851,-0.5956369393775501,0.0,-0.5432973945452582,-0.5713580060124008,1.348981518953446,,-1.363332386176096,-0.1457949175366577
2019-11-05 03:00:00+00:00,0.02193310883542154,-0.6550713620925588,0.3144904639792498,-0.3776709610045736,-0.5713997041681254,1.348981518953446,,-1.363332386176096,-0.1457949175366577
2019-11-05 04:00:00+00:00,0.1301282795641931,-0.5190576657510667,-0.7002933735312947,-0.4028041221646259,-0.5714393176525427,0.44966050631790055,,-1.363332386176096,-0.1457949175366577
2019-11-05 05:00:00+00:00,0.12330798971108314,-0.8855958161388908,0.16709884072132275,-0.16515476281081806,-0.5714769506761642,-0.22483025315895028,,-1.363332386176096,-0.1457949175366577
2019-11-05 06:00:00+00:00,0.10092251630115447,-0.8404423771039514,-0.7002933735312947,-0.0653308197894618,-0.5715127022412226,-0.8993210126355454,,-1.363332386176096,-0.1457949175366577
2019-11-05 07:00:00+00:00,0.12986870628147035,-0.874561515691291,-0.19290145477602264,-0.14592865494082347,-0.5715466664018679,-0.22483025315895028,,-1.363332386176096,-0.1457949175366577
2019-11-05 08:00:00+00:00,0.07593630262158585,-0.8395795221488357,0.16709884072132275,-0.14821855344284693,-0.5715789325113728,-1.7986420252713464,,-1.363332386176096,-0.1457949175366577
2019-11-05 09:00:00+00:00,0.0762722960573976,-0.7220666503893706,-0.19290145477602264,-0.17889244204967839,-0.5716095854569988,-0.4496605063176449,,-1.363332386176096,-0.1457949175366577
2019-11-05 10:00:00+00:00,0.02983732825400605,-0.10821308799686659,0.16709884072132275,-0.33105997571994844,-0.571638705883135,0.4496605063176449,,-1.363332386176096,-0.1457949175366577
2019-11-05 11:00:00+00:00,0.23539273457807824,-0.055280931929782,-0.4210554504768188,-0.45366451764041144,-0.5716663704032978,-0.0,,-1.363332386176096,-0.1457949175366577
2019-11-05 12:00:00+00:00,0.32250776447701995,0.05138339550737668,-0.7002933735312947,-0.5077667409767218,-0.5716926518015412,0.8993210126358011,,-1.363332386176096,-0.1457949175366577
2019-11-05 13:00:00+00:00,0.4428207463213754,0.03821770490526147,0.0,-0.5922876746050505,-0.5717176192238134,1.5738117721121407,,-1.363332386176096,-0.1457949175366577
2019-11-05 14:00:00+00:00,0.19742678519936854,-0.11073943978265945,-0.4210554504768188,-0.506133027276987,-0.5717413383597545,0.22483025315895028,,-1.363332386176096,-0.1457949175366577
2019-11-05 15:00:00+00:00,0.26566894110994693,-0.08427396894446927,0.7746547987902044,-0.44074566977609037,-0.571763871615415,-0.0,,-1.363332386176096,-0.1457949175366577
2019-11-05 16:00:00+00:00,0.17339297463565928,0.16224997648833564,-1.5676855877839126,-0.46744884939688663,-0.5717852782773493,-0.6744907594765952,,-1.363332386176096,-0.1457949175366577
2019-11-05 17:00:00+00:00,0.11861076098942293,-0.005441798776614479,0.16709884072132275,-0.40706287064864216,-0.5718056146685109,-1.348981518953446,,-1.363332386176096,-0.1457949175366577
2019-11-05 18:00:00+00:00,0.035164130324324624,-0.322784027281762,-0.7002933735312947,-0.17817903631058396,-0.5718249342963623,-1.5738117721123963,,-1.363332386176096,-0.1457949175366577
2019-11-05 19:00:00+00:00,0.411923798847817,-1.4272140778445048,0.4463367637757993,0.12268792911940272,-0.571843287993585,-0.22483025315895028,,-1.363332386176096,-0.1457949175366577
2019-11-05 20:00:00+00:00,0.706084901453053,-1.3384480130245997,0.9537286825310711,0.10023219829733304,-0.5718607240517614,-1.1241512657944956,,-1.363332386176096,-0.1457949175366577
2019-11-05 21:00:00+00:00,0.16005081608700156,-0.23345159544052552,0.0,-0.29539849868045376,-0.5718772883483768,-0.22483025315869468,0.07582688246033377,-1.363332386176096,-0.1457949175366577
2019-11-05 22:00:00+00:00,0.25459828382069993,-0.6874729548528632,0.3144904639792498,-0.13479224771039955,-0.5718930244674781,-0.44966050631790055,-0.528693722926492,-1.363332386176096,-0.1457949175366577
2019-11-05 23:00:00+00:00,-0.8997705176907979,0.05377553113157965,0.0,-1.22559974049402,-0.571907973814303,-0.0,-1.535692770424209,-1.363332386176096,-0.1457949175366577
2019-11-06 00:00:00+00:00,-0.799600059412766,-0.16352960686610601,0.6744907594765952,-1.155203513549878,-0.5719221757241816,-0.0,0.08081720109939453,-0.5395926075812767,-0.1457949175366577
2019-11-06 01:00:00+00:00,0.25846794477012824,-0.36430177574073264,-0.19290145477602264,-0.09557213149697971,-0.5719356675659979,0.44966050631790055,-0.3737881060230112,-0.5395926075812767,-0.1457949175366577
2019-11-06 02:00:00+00:00,0.18628304785714203,-0.33073136947810583,-0.7002933735312947,-0.07827960705128405,-0.5719484848404803,0.4496605063176449,-0.4751964935163316,-0.5395926075812767,-0.1457949175366577
2019-11-06 03:00:00+00:00,0.2539030410121781,0.05754548895160812,0.7746547987902044,-0.1056712639123395,-0.5719606612735822,1.1241512657944956,0.011660609817734298,-0.5395926075812767,-0.1457949175366577
2019-11-06 04:00:00+00:00,0.14887900095716974,0.16238324198068793,0.6744907594765952,-0.28378808808251427,-0.5719722289051938,-0.0,-0.007281977935063796,-0.5395926075812767,-0.1457949175366577
2019-11-06 05:00:00+00:00,0.0024472342778021003,0.15959677424668806,0.3144904639792498,-0.219012119482906,-0.5719832181734239,-0.22483025315895028,-0.026459714917459656,-0.5395926075812767,-0.1457949175366577
2019-11-06 06:00:00+00:00,0.13427506632620106,0.17425386156451994,0.6744907594765952,-0.3802985041659105,-0.5719936579946671,-0.6744907594765952,-0.04587851277664638,-0.5395926075812767,-0.1457949175366577
2019-11-06 07:00:00+00:00,0.2074168866447491,0.033422000642276475,0.4463367637757993,-0.3108420285291757,-0.5720035758396713,-1.5738117721123963,,-0.5395926075812767,-0.1457949175366577
2019-11-06 08:00:00+00:00,0.24350343972658334,0.08391768574392794,-0.19290145477602264,-0.339424683967443,-0.5720129978058033,-1.1241512657944956,,-0.5395926075812767,-0.1457949175366577
2019-11-06 09:00:00+00:00,0.21192738303422598,-0.022592220304889037,-0.7002933735312947,-0.3890005066605728,-0.5720219486857024,-0.22483025315869468,,-0.5395926075812767,-0.1457949175366577
2019-11-06 10:00:00+00:00,0.09791955485259499,0.07282348916380885,-0.7002933735312947,-0.34456676508103073,-0.5720304520325031,0.22483025315869468,,-0.5395926075812767,-0.1457949175366577
2019-11-06 11:00:00+00:00,0.2520669408753331,0.001713283965154967,0.7746547987902044,-0.3357217146409667,-0.572038530221798,-0.4496605063176449,,-0.5395926075812767,-0.1457949175366577
2019-11-06 12:00:00+00:00,0.21449914129588898,0.12181116358835781,0.7746547987902044,-0.3185087124143471,-0.5720462045105034,-0.8993210126355454,,-0.5395926075812767,-0.1457949175366577
2019-11-06 13:00:00+00:00,0.26799353282279753,0.04355898026810595,0.4463367637757993,-0.33663966368023923,-0.5720534950927836,0.22483025315869468,,-0.5395926075812767,-0.1457949175366577
2019-11-06 14:00:00+00:00,0.1853215242127412,-0.07233917803923752,0.5656062497087926,-0.39718620819214007,-0.5720604211531788,-0.0,,-0.5395926075812767,-0.1457949175366577
2019-11-06 15:00:00+00:00,0.34651328294088973,0.15283252656664156,0.7746547987902044,-0.48880546154326393,-0.5720670009170785,-0.4496605063176449,,-0.5395926075812767,-0.1457949175366577
2019-11-06 16:00:00+00:00,0.31328163051347985,0.0818647117788928,-0.7002933735312947,-0.4283354489654085,-0.5720732516986713,-0.0,,-0.5395926075812767,-0.1457949175366577
2019-11-06 17:00:00+00:00,0.2217536452545335,0.05941441166414084,0.6744907594765952,-0.39790912405051476,-0.5720791899464986,-0.44966050631790055,,-0.5395926075812767,-0.1457949175366577
2019-11-06 18:00:00+00:00,0.1472576031423632,-0.05010243379461167,0.16709884072132275,-0.35879664702381103,-0.5720848312867304,-0.22483025315895028,,-0.5395926075812767,-0.1457949175366577
2019-11-06 19:00:00+00:00,0.11447024814856535,0.08114841129992253,0.4463367637757993,-0.38788597582802825,-0.572090190564279,-0.4496605063176449,,-0.5395926075812767,-0.1457949175366577
2019-11-06 20:00:00+00:00,0.18642839821859705,0.14582950889950194,0.3144904639792498,-0.34080171536377146,-0.5720952818818564,-1.1241512657944956,,-0.5395926075812767,-0.1457949175366577
2019-11-06 21:00:00+00:00,0.15028393745880378,0.11293704380337162,0.8673922142526176,-0.31227879655697294,-0.5721001186370805,-1.348981518953446,,-0.5395926075812767,-0.1457949175366577
2019-11-06 22:00:00+00:00,0.04420299599499973,0.3712755204996128,0.0,-0.35724615418404765,-0.5721047135577252,-0.22483025315895028,,-0.5395926075812767,-0.1457949175366577
2019-11-06 23:00:00+00:00,-1.1222701473819323,0.17560063989669197,0.0,-1.2242680241254809,-0.572109078735209,0.22483025315895028,,-0.5395926075812767,-0.1457949175366577
2019-11-07 00:00:00+00:00,-1.041549915367512,0.006796600564096606,1.0344910549739406,-1.2230575771047278,-0.5721132256564103,1.5738117721123963,,-0.09184555022660038,-0.1457949175366577
2019-11-07 01:00:00+00:00,0.059371659579794685,0.06887045838540432,1.181882678231867,-0.2925132582880089,-0.5721171652338904,-0.0,,-0.09184555022660038,-0.1457949175366577
2019-11-07 02:00:00+00:00,-0.040690551719557676,0.07319091427943769,-0.4210554504768188,-0.21204799907984953,-0.5721209078346075,0.6744907594765952,,-0.09184555022660038,-0.1457949175366577
2019-11-07 03:00:00+00:00,-0.11230730820891337,0.23592408195475612,-0.7002933735312947,-0.3347265364687247,-0.5721244633071935,0.6744907594765952,,-0.09184555022660038,-0.1457949175366577
2019-11-07 04:00:00+00:00,-0.11365641869411025,0.25398029106866216,0.3144904639792498,-0.30702482194857705,-0.5721278410078696,-0.0,,-0.09184555022660038,-0.1457949175366577
2019-11-07 05:00:00+00:00,-0.0522957547056231,0.15731616894985845,-0.19290145477602264,-0.19356930611968112,-0.5721310498250636,0.22483025315895028,,-0.09184555022660038,6.522266957828994
2019-11-07 06:00:00+00:00,-0.03861545932602973,0.17780157201581123,0.5656062497087926,-0.35482340485029906,-0.5721340982027983,-0.4496605063176449,,-0.09184555022660038,-0.1457949175366577
2019-11-07 07:00:00+00:00,-0.011409159843367763,0.13659682383889565,0.3144904639792498,-0.3068953206615231,-0.5721369941629101,-0.44966050631790055,,-0.09184555022660038,-0.1457949175366577
2019-11-07 08:00:00+00:00,0.029177484512064054,0.09439898098142062,0.6744907594765952,-0.37246826535778993,-0.5721397453261569,-1.1241512657944956,,-0.09184555022660038,-0.1457949175366577
2019-11-07 09:00:00+00:00,0.02971158817956659,0.174308496604161,0.16709884072132275,-0.4267091298796775,-0.5721423589322707,-0.8993210126355454,,-0.09184555022660038,-0.1457949175366577
2019-11-07 10:00:00+00:00,-0.011527893154236853,0.1303311386918012,-0.4210554504768188,-0.3290553942802645,-0.5721448418590079,-0.22483025315895028,,-0.09184555022660038,-0.1457949175366577
2019-11-07 11:00:00+00:00,-8.382315910293403e-05,0.10916477379863633,0.0,-0.2891392532302384,-0.5721472006402468,0.22483025315895028,,-0.09184555022660038,-0.1457949175366577
2019-11-07 12:00:00+00:00,0.08621855185900498,0.027778194598590635,1.1103556425108978,-0.410992598955307,-0.5721494414831805,-0.8993210126355454,,-0.09184555022660038,-0.1457949175366577
2019-11-07 13:00:00+00:00,0.16067355678380243,0.13644921209507485,0.4463367637757993,-0.3623031354083712,-0.5721515702846502,0.6744907594765952,,-0.09184555022660038,-0.1457949175366577
2019-11-07 14:00:00+00:00,0.201852369390529,0.08574684700696554,0.3144904639792498,-0.2959983957885366,-0.572153592646663,0.8993210126355454,,-0.09184555022660038,-0.1457949175366577
2019-11-07 15:00:00+00:00,0.2245998756630809,0.15933607557753335,0.6744907594765952,-0.26546968622996053,-0.5721555138911314,0.44966050631790055,,-0.09184555022660038,-0.1457949175366577
2019-11-07 16:00:00+00:00,0.2328538591062057,0.037955991371138934,0.4463367637757993,-0.24660825294185024,-0.5721573390738783,-0.6744907594768508,,-0.09184555022660038,-0.1457949175366577
2019-11-07 17:00:00+00:00,0.048171462338255124,0.06505155383487508,0.8673922142526176,-0.19026441677362585,-0.5721590729979409,-0.4496605063176449,,-0.09184555022660038,-0.1457949175366577
2019-11-07 18:00:00+00:00,0.13549832027758893,-0.024209431196128495,0.7746547987902044,-0.2888769176303301,-0.5721607202262095,-1.348981518953446,,-0.09184555022660038,-0.1457949175366577
2019-11-07 19:00:00+00:00,0.10906892233765794,0.042472912821581284,0.6744907594765952,-0.3374288842811762,-0.5721622850934335,-0.6744907594765952,,-0.09184555022660038,-0.1457949175366577
2019-11-07 20:00:00+00:00,0.04222368575538649,0.12143015593971271,0.3144904639792498,-0.34212757816286776,-0.5721637717176293,-1.348981518953446,-1.0580929858504595,-0.09184555022660038,-0.1457949175366577
2019-11-07 21:00:00+00:00,0.005831660019533096,0.02129261824828877,0.0,-0.3165180746406283,-0.572165184010916,-0.6744907594768508,-1.0381212524724395,-0.09184555022660038,6.522266957828994
2019-11-07 22:00:00+00:00,0.06306814202945689,-0.01941360824097959,0.16709884072132275,-0.320654517953081,-0.5721665256898096,0.44966050631790055,-1.0184044135593036,-0.09184555022660038,-0.1457949175366577
2019-11-07 23:00:00+00:00,-1.2702663754893888,0.01520226137611219,0.5656062497087926,-1.0429725780378392,-0.5721678002850034,0.6744907594765952,-0.9989360447037272,-0.09184555022660038,-0.1457949175366577
2019-11-08 00:00:00+00:00,-1.3077901109189325,-0.08224873297278558,1.0344910549739406,-1.0354594637468435,-0.5721690111506584,2.2483025315889913,,0.7204135345898943,-0.1457949175366577
2019-11-08 01:00:00+00:00,-0.18445364316744786,0.041041445009989234,0.8673922142526176,-0.1620231393785141,-0.5721701614732302,-0.0,,0.7204135345898943,-0.1457949175366577
2019-11-08 02:00:00+00:00,-0.06031873945981548,0.1893695734034177,0.5656062497087926,-0.04622180770873922,-0.5721712542798532,0.6744907594768508,,0.7204135345898943,-0.1457949175366577
2019-11-08 03:00:00+00:00,0.29478239160065384,0.21754049329436714,-0.7002933735312947,-0.19384536695573218,-0.5721722924463076,1.348981518953446,,0.7204135345898943,-0.1457949175366577
2019-11-08 04:00:00+00:00,0.21269168728215482,0.13649809574356556,0.5656062497087926,-0.1780734657746725,-0.5721732787045858,-0.44966050631790055,,0.7204135345898943,-0.1457949175366577
2019-11-08 05:00:00+00:00,-0.08048149870583192,0.0743941163349382,0.3144904639792498,-0.22321894718452087,-0.5721742156500824,0.44966050631790055,,0.7204135345898943,-0.1457949175366577
2019-11-08 06:00:00+00:00,-0.16788036391417138,0.06857293029585644,0.5656062497087926,-0.21600475731055355,-0.5721751057484236,-0.8993210126358011,,0.7204135345898943,-0.1457949175366577
2019-11-08 07:00:00+00:00,-0.223084944826513,0.04605800110783031,0.0,-0.3265464984723582,-0.5721759513419553,-0.8993210126355454,,0.7204135345898943,-0.1457949175366577
2019-11-08 08:00:00+00:00,-0.3046543117802047,0.011208607741594658,0.6744907594765952,-0.2072492521488221,-0.5721767546559079,-2.023472278430041,,0.7204135345898943,-0.1457949175366577
2019-11-08 09:00:00+00:00,-0.18903953684689392,0.20648418597311624,-0.4210554504768188,-0.20623893127027496,-0.5721775178042505,-0.8993210126355454,,0.7204135345898943,-0.1457949175366577
2019-11-08 10:00:00+00:00,-0.25100975727616415,0.15165283269160143,0.5656062497087926,-0.24510902077987048,-0.5721782427952552,-0.44966050631790055,,0.7204135345898943,-0.1457949175366577
2019-11-08 11:00:00+00:00,-0.1446685770871133,0.0918404547645322,0.16709884072132275,-0.35744543150908475,-0.5721789315367812,0.8993210126355454,,0.7204135345898943,-0.1457949175366577
2019-11-08 12:00:00+00:00,-0.21848677805879346,0.0926534443404255,0.9537286825310711,-0.39684923312274456,-0.5721795858412955,0.44966050631790055,,0.7204135345898943,-0.1457949175366577
2019-11-08 13:00:00+00:00,-0.25442225161045867,0.1809371515950095,0.7746547987902044,-0.2120534498573946,-0.5721802074306421,0.6744907594765952,,0.7204135345898943,-0.1457949175366577
2019-11-08 14:00:00+00:00,-0.2410713690701968,0.2974058242843073,0.16709884072132275,-0.22496089626541,-0.5721807979405741,1.1241512657944956,,0.7204135345898943,-0.1457949175366577
2019-11-08 15:00:00+00:00,-0.2005200161918091,0.16671591219226942,0.16709884072132275,-0.3092995715069025,-0.5721813589250568,0.44966050631790055,,0.7204135345898943,-0.1457949175366577
2019-11-08 16:00:00+00:00,-0.18738380326102644,0.20728050643769366,0.4463367637757993,-0.1959688547942952,-0.5721818918603583,-0.0,,0.7204135345898943,-0.1457949175366577
2019-11-08 17:00:00+00:00,-0.1578980054036128,-0.1432430406127626,0.6744907594765952,-0.19040560770900627,-0.5721823981489331,-0.6744907594765952,,0.7204135345898943,-0.1457949175366577
2019-11-08 18:00:00+00:00,-0.2321044218390529,-0.03060992247938766,0.6744907594765952,-0.36632042445636653,-0.5721828791231143,-0.44966050631790055,,0.7204135345898943,-0.1457949175366577
2019-11-08 19:00:00+00:00,-0.27609591202243605,0.12006034245302012,-0.7002933735312947,-0.25257977994235536,-0.5721833360486177,-0.44966050631790055,,0.7204135345898943,-0.1457949175366577
2019-11-08 20:00:00+00:00,-0.19618326900099084,-0.03485256276811953,0.4463367637757993,-0.28656597847409826,-0.5721837701278745,-0.6744907594765952,,0.7204135345898943,-0.1457949175366577
2019-11-08 21:00:00+00:00,-0.23820182707030924,-0.07903007618515001,0.3144904639792498,-0.3033906503925219,-0.572184182503194,0.44966050631790055,,0.7204135345898943,-0.1457949175366577
2019-11-08 22:00:00+00:00,-0.05666643941378633,-0.15261284897982003,0.0,-0.21492484678696908,-0.5721845742597707,0.8993210126355454,,0.7204135345898943,-0.1457949175366577
2019-11-08 23:00:00+00:00,-1.1487518039671991,-0.1638162052892278,0.6744907594765952,-1.0099615218351525,-0.5721849464285393,1.1241512657944956,,0.7204135345898943,-0.1457949175366577
2019-11-09 00:00:00+00:00,-1.3155350852677652,-0.337235853685419,1.0344910549739406,-1.1086171915621101,-0.5721852999888885,1.1241512657944956,,0.22100335523275655,-0.1457949175366577
2019-11-09 01:00:00+00:00,-0.27472794693761887,-0.23709628961827608,0.0,-0.11987254984016202,-0.5382185928821079,1.1241512657944956,,0.22100335523275655,-0.1457949175366577
2019-11-09 02:00:00+00:00,-0.21156350659252685,-0.21147540794434716,0.7746547987902044,-0.13991163472302504,-0.5061063831759134,1.348981518953446,,0.22100335523275655,-0.1457949175366577
2019-11-09 03:00:00+00:00,-0.13116862985970693,-0.11383069140537061,-0.4210554504768188,-0.05279873948910055,-0.5093954789324087,2.473132784747686,,0.22100335523275655,-0.1457949175366577
2019-11-09 04:00:00+00:00,-0.16684893628615943,-0.22493316738295016,0.9537286825310711,-0.0463137471347438,-0.512521591916771,0.6744907594768508,,0.22100335523275655,-0.1457949175366577
2019-11-09 05:00:00+00:00,-0.2860308571512633,-0.2548781559701852,0.0,-0.0014796074905361685,-0.5154927289672989,0.6744907594765952,,0.22100335523275655,-0.1457949175366577
2019-11-09 06:00:00+00:00,-0.13941492927171967,-0.18485656694286262,-0.19290145477602264,0.08795010008311968,-0.5183165102818881,-0.0,,0.22100335523275655,-0.1457949175366577
2019-11-09 07:00:00+00:00,-0.11024722655207124,-0.4198817824871612,-0.19290145477602264,0.1309067071017255,-0.5210001874385358,-0.6744907594765952,,0.22100335523275655,-0.1457949175366577
2019-11-09 08:00:00+00:00,-0.16734974290113272,-0.8420308603994282,0.7746547987902044,0.18792686331931244,-0.48982472482498146,-0.22483025315895028,,0.22100335523275655,-0.1457949175366577
2019-11-09 09:00:00+00:00,-0.2517640182864233,-1.0196908281618309,0.9537286825310711,0.2611840966186068,-0.4939195158202071,-0.0,,0.22100335523275655,-0.1457949175366577
2019-11-09 10:00:00+00:00,-0.3326570216257844,-0.8131698692783997,0.0,0.21505676908992497,-0.497811849039425,1.348981518953446,,0.22100335523275655,-0.1457949175366577
2019-11-09 11:00:00+00:00,-0.26241112110705245,-0.8455984786848947,0.3144904639792498,0.16354082778857032,-0.5015116272557514,1.5738117721121407,,0.22100335523275655,-0.1457949175366577
2019-11-09 12:00:00+00:00,-0.23099992407364164,-0.9565320119016171,0.3144904639792498,0.44337630973909903,-0.5050282792321086,2.2483025315889913,,0.22100335523275655,-0.1457949175366577
2019-11-09 13:00:00+00:00,-0.1751910014119971,-0.7722953584525127,0.4463367637757993,0.3946269194184178,-0.5083707814085561,2.023472278430297,,0.22100335523275655,-0.1457949175366577
2019-11-09 14:00:00+00:00,-0.0952064362666414,-0.6603869745520403,-0.7002933735312947,0.5036971181842494,-0.5115476786949714,2.023472278430041,,0.22100335523275655,6.522266957828994
2019-11-09 15:00:00+00:00,-0.1713184987527775,-0.7907725629167379,0.0,0.5524954754371689,-0.5145671043962344,1.7986420252710908,,0.22100335523275655,-0.1457949175366577
2019-11-09 16:00:00+00:00,-0.10661851510726295,-1.2260989889284606,0.4463367637757993,1.0857609557621284,-0.22001372288081042,2.473132784747942,,0.22100335523275655,-0.1457949175366577
2019-11-09 17:00:00+00:00,-0.060471688257229324,-1.8584133636717857,-0.19290145477602264,1.8137349424001585,0.17170554507184652,1.5738117721123963,,0.22100335523275655,-0.1457949175366577
2019-11-09 18:00:00+00:00,0.2960895401211394,-2.232664888436453,-1.0602936690286402,2.926906390938128,0.8079548613876233,1.1241512657944956,,0.22100335523275655,-0.1457949175366577
2019-11-09 19:00:00+00:00,0.38230642700774264,-2.1922966466913656,-0.19290145477602264,2.9469145471281433,0.8565386753435729,0.6744907594765952,,0.22100335523275655,-0.1457949175366577
2019-11-09 20:00:00+00:00,0.5491892001042967,-2.238942413842288,0.0,3.1702162577789936,0.8473071492460608,0.44966050631790055,,0.22100335523275655,-0.1457949175366577
2019-11-09 21:00:00+00:00,0.7566900095534757,-2.314157812002499,-0.19290145477602264,3.716308040308618,0.8661504374351637,0.4496605063176449,,0.22100335523275655,-0.1457949175366577
2019-11-09 22:00:00+00:00,0.643899552401104,-2.192253886426147,0.4463367637757993,3.0710891092365302,0.9387759863296444,1.5738117721123963,,0.22100335523275655,-0.1457949175366577
2019-11-09 23:00:00+00:00,-0.6889378927542447,-2.226605667940773,0.0,1.1304474049098774,0.925561490728701,2.2483025315889913,,0.22100335523275655,-0.1457949175366577
2019-11-10 00:00:00+00:00,-0.7728626191425015,-2.102386274081359,0.4463367637757993,0.8253472877195345,0.8855487818713358,1.1241512657944956,,0.6572697188091073,-0.1457949175366577
2019-11-10 01:00:00+00:00,0.7629042973360092,-2.163550626130338,0.3144904639792498,2.9870480408141336,0.8749069924760765,2.023472278430041,,0.6572697188091073,-0.1457949175366577
2019-11-10 02:00:00+00:00,0.21598756388118082,-1.575646898388309,0.0,1.3082560612405396,0.919708639810981,1.5738117721123963,,0.6572697188091073,-0.1457949175366577
2019-11-10 03:00:00+00:00,0.07543440915252654,-0.5178952939893513,0.16709884072132275,0.46346452270607136,1.1496743743417048,2.9227932910655867,,0.6572697188091073,-0.1457949175366577
2019-11-10 04:00:00+00:00,-0.014130128682375807,-0.6038309502398901,-0.19290145477602264,0.38211183998206305,1.152935875672469,2.023472278430041,,0.6572697188091073,-0.1457949175366577
2019-11-10 05:00:00+00:00,0.050516042435467486,-1.0902770260500922,-0.7002933735312947,0.7614906843394491,1.1029866979188727,1.7986420252713464,,0.6572697188091073,-0.1457949175366577
2019-11-10 06:00:00+00:00,0.10661787095202774,-1.1016798356460666,0.0,0.8241283373673702,1.0819547407847812,0.4496605063176449,,0.6572697188091073,-0.1457949175366577
2019-11-10 07:00:00+00:00,0.12474035993606652,-1.0704078054519992,0.5656062497087926,0.7607194704703952,1.0619140402000378,-0.22483025315895028,,0.6572697188091073,-0.1457949175366577
2019-11-10 08:00:00+00:00,0.3394181011217453,-1.4964553767861801,-0.19290145477602264,1.6582882462529398,1.0963356188982314,0.44966050631790055,,0.6572697188091073,-0.1457949175366577
2019-11-10 09:00:00+00:00,0.40019619411491225,-1.9372557616749315,0.0,2.138284640647836,1.2861982697893246,0.6744907594765952,,0.6572697188091073,-0.1457949175366577
2019-11-10 10:00:00+00:00,0.04320702102116492,-1.0269598940137792,0.16709884072132275,0.7411811094238269,1.7098228613426598,1.5738117721123963,,0.6572697188091073,-0.1457949175366577
2019-11-10 11:00:00+00:00,-0.11535763448604291,-0.5679539222168064,0.16709884072132275,0.33487344993467033,1.6121741141316464,3.147623544224537,,0.6572697188091073,-0.1457949175366577
2019-11-10 12:00:00+00:00,-0.012071901966459842,-1.142373708733766,0.0,0.801447141052152,1.5680136304485253,-0.6744907594765952,,0.6572697188091073,-0.1457949175366577
2019-11-10 13:00:00+00:00,0.0007791929067141141,-1.055925487389406,0.3144904639792498,0.6855451621070073,1.6743062747618072,2.9227932910655867,,0.6572697188091073,-0.1457949175366577
2019-11-10 14:00:00+00:00,-0.0753000286133666,-0.5815004911098006,-0.7002933735312947,0.45743129922471615,1.7009957824442852,2.023472278430041,,0.6572697188091073,-0.1457949175366577
2019-11-10 15:00:00+00:00,-0.22309853813433148,0.2038482468969851,-0.7002933735312947,0.07406660605663298,1.6774840408147873,-0.6744907594765952,,0.6572697188091073,-0.1457949175366577
2019-11-10 16:00:00+00:00,-0.1879891662951363,-0.5717439508409665,-0.19290145477602264,0.12912014279572626,1.655072450316184,-0.8993210126355454,,0.6572697188091073,-0.1457949175366577
2019-11-10 17:00:00+00:00,-0.164005058122641,-0.06832953650083044,0.3144904639792498,0.08042956425720023,1.7072062697296315,-1.5738117721123963,,0.6572697188091073,-0.1457949175366577
2019-11-10 18:00:00+00:00,-0.17165629264266902,-0.6880515453945416,0.0,0.08445170805250274,1.6589091489089456,-2.2483025315889913,,0.6572697188091073,-0.1457949175366577
2019-11-10 19:00:00+00:00,-0.2218420556847983,-0.2177611260807696,-0.4210554504768188,-0.11600378258943907,1.5879559895772823,-1.7986420252710908,,0.6572697188091073,6.522266957828994
2019-11-10 20:00:00+00:00,-0.19603470115784297,-0.23646851745269554,-0.4210554504768188,-0.1306588770793164,1.4947669780125612,-1.5738117721123963,,0.6572697188091073,-0.1457949175366577
2019-11-10 21:00:00+00:00,-0.15356068006858956,0.16104134220016,-1.0602936690286402,-0.02625550305929837,1.405040469420261,-1.1241512657944956,-0.026494743784112193,0.6572697188091073,-0.1457949175366577
2019-11-10 22:00:00+00:00,-0.22887766137589882,0.06277238818689523,-0.7002933735312947,-0.22767456784265247,1.3186911866413988,-0.22483025315895028,-0.7314633744690489,0.6572697188091073,-0.1457949175366577
2019-11-10 23:00:00+00:00,-1.3699633879032045,0.4955445699225799,-0.19290145477602264,-1.1319439559965483,1.2356326876933676,-0.4496605063176449,-2.0652654955080374,0.6572697188091073,-0.1457949175366577
2019-11-11 00:00:00+00:00,-1.3276081454671649,0.27413816798906043,0.16709884072132275,-1.1162845025891799,1.1557776460094158,1.348981518953446,-1.9331040716466485,0.8036485644827503,-0.1457949175366577
2019-11-11 01:00:00+00:00,-0.24549259884757643,0.18512921692487053,-0.4210554504768188,-0.10838957087426321,1.0790381202016182,0.4496605063176449,-1.8113631056167243,0.8036485644827503,-0.1457949175366577
2019-11-11 02:00:00+00:00,-0.24926015541252886,0.25135849074061806,-0.19290145477602264,-0.19165459063716192,1.0053258121677209,1.348981518953446,-1.6985187823355825,0.8036485644827503,-0.1457949175366577
2019-11-11 03:00:00+00:00,-0.2158993870436261,0.23891370329894018,0.0,-0.21599634328943731,0.9345523125578772,0.8993210126355454,,0.8036485644827503,-0.1457949175366577
2019-11-11 04:00:00+00:00,-0.2193091384242188,0.2593280795602797,0.0,-0.21444776274661692,0.9215412675155901,0.44966050631790055,,0.8036485644827503,-0.1457949175366577
2019-11-11 05:00:00+00:00,-0.07107801670590264,0.5716431088629447,-0.19290145477602264,0.07726422393013224,0.9908517952532341,-0.22483025315895028,,0.8036485644827503,-0.1457949175366577
2019-11-11 06:00:00+00:00,-0.11033808864463839,0.3036031314467823,-1.0602936690286402,-0.057412573482837605,1.188801440124245,-0.22483025315895028,,0.8036485644827503,-0.1457949175366577
2019-11-11 07:00:00+00:00,-0.09176267998019753,-0.14908103222560937,-0.4210554504768188,0.08563581454803663,1.473294163187299,-1.1241512657944956,,0.8036485644827503,-0.1457949175366577
2019-11-11 08:00:00+00:00,-0.22186315882805469,-0.20186738402544047,-0.4210554504768188,0.1268780054875301,1.9008136231000123,-0.6744907594765952,,0.8036485644827503,-0.1457949175366577
2019-11-11 09:00:00+00:00,-0.1484348660316515,0.5481132707064611,-0.7002933735312947,0.1115673819833126,2.124960513335713,-0.22483025315895028,,0.8036485644827503,-0.1457949175366577
2019-11-11 10:00:00+00:00,-0.2374545981459781,0.37876977611414675,-0.4210554504768188,-0.13742723176281138,2.2642507263787626,-0.22483025315895028,,0.8036485644827503,-0.1457949175366577
2019-11-11 11:00:00+00:00,-0.2699629468584738,0.5616421989022022,-0.19290145477602264,-0.03263213686807131,2.282944605593058,-0.22483025315895028,,0.8036485644827503,-0.1457949175366577
2019-11-11 12:00:00+00:00,-0.2482364645440521,0.4664369771042608,0.0,0.025862903911243632,2.2107344556072603,-0.4496605063176449,,0.8036485644827503,-0.1457949175366577
2019-11-11 13:00:00+00:00,-0.14808836842665463,-0.20596764989112096,-0.19290145477602264,0.25265234048987434,2.0955420173052812,-1.1241512657944956,,0.8036485644827503,-0.1457949175366577
2019-11-11 14:00:00+00:00,-0.1681981611779875,-0.9608011682175629,0.0,0.27661050031045564,1.9842744640665166,-1.348981518953446,,0.8036485644827503,-0.1457949175366577
2019-11-11 15:00:00+00:00,-0.09758229009989446,-1.1808109604289736,-0.7002933735312947,0.616099340964883,1.9005846420542918,-1.1241512657944956,,0.8036485644827503,-0.1457949175366577
2019-11-11 16:00:00+00:00,-0.1378885657493422,-1.0496587126660957,-2.4350778020365302,0.5328900169145334,1.8201152673125265,-2.023472278430041,,0.8036485644827503,-0.1457949175366577
2019-11-11 17:00:00+00:00,-0.26131213100600065,-0.578767470142584,-0.4210554504768188,0.36556702939308056,1.7427784971248987,-2.023472278430041,,0.8036485644827503,-0.1457949175366577
2019-11-11 18:00:00+00:00,-0.27280115103108066,-0.29990345278580444,0.0,0.15316040330243436,1.6439368842366073,-2.473132784747942,,0.8036485644827503,-0.1457949175366577
2019-11-11 19:00:00+00:00,-0.14060849177582263,0.1339991150238478,-0.7002933735312947,0.23910801894637132,1.5486896947944366,-2.023472278430041,,0.8036485644827503,-0.1457949175366577
2019-11-11 20:00:00+00:00,-0.2480680159591964,0.3264165950570312,-0.19290145477602264,-0.0534279674271449,1.4569540905321732,-1.7986420252713464,-0.43346801269554736,0.8036485644827503,-0.1457949175366577
2019-11-11 21:00:00+00:00,-0.385465274215174,0.3796538027301863,0.16709884072132275,-0.2116573025714955,1.3686456066897308,-1.348981518953446,-0.645338813653493,0.8036485644827503,-0.1457949175366577
2019-11-11 22:00:00+00:00,-0.6029847713835311,0.06722872273450842,0.3144904639792498,-0.45631025486005694,1.2836784459467199,-0.6744907594765952,-0.3392888899055068,0.8036485644827503,-0.1457949175366577
2019-11-11 23:00:00+00:00,-1.462142716835547,0.35194828528677835,0.5656062497087926,-1.21132996829489,1.2019657641490313,-0.44966050631790055,-2.202736102406358,0.8036485644827503,-0.1457949175366577
2019-11-12 00:00:00+00:00,-1.3625949042114969,0.3262819721400844,0.0,-1.0892777703893934,1.1234199463378394,-0.0,-0.2554314632315931,1.3920341206219085,-0.1457949175366577
2019-11-12 01:00:00+00:00,-0.5613877398188241,-0.13679335841008114,-0.19290145477602264,-0.26148969504721453,1.0479528717865187,-0.0,0.5647299721991124,1.3920341206219085,-0.1457949175366577
2019-11-12 02:00:00+00:00,-0.36851077398542176,-0.38887431870610684,-0.4210554504768188,-0.004165584874179954,0.9754761669477169,-0.4496605063176449,1.3482058100725756,1.3920341206219085,-0.1457949175366577
2019-11-12 03:00:00+00:00,-0.47727766824008566,0.02616950335845623,-0.4210554504768188,-0.3316796839629314,1.0683980186174729,-0.44966050631790055,0.8971603538645272,1.3920341206219085,-0.1457949175366577
2019-11-12 04:00:00+00:00,-0.4485574307055869,-0.7496397055366255,-0.7002933735312947,0.04592707256061823,1.022106222918595,-0.8993210126355454,0.8523828560292563,1.3920341206219085,-0.1457949175366577
2019-11-12 05:00:00+00:00,-0.4372170614377876,0.027896413192631694,-0.19290145477602264,-0.26540418465208926,0.9506610241280598,-1.348981518953446,0.8062686796573323,1.3920341206219085,-0.1457949175366577
2019-11-12 06:00:00+00:00,-0.5062085557061757,0.19914491876302157,0.7746547987902044,-0.4317380564175407,0.8820867381883767,-2.023472278430041,0.758735558783761,1.3920341206219085,-0.1457949175366577
2019-11-12 07:00:00+00:00,-0.5452505263585045,0.16698217056966944,0.16709884072132275,-0.41232188522349644,0.8440102981630838,-1.5738117721123963,,1.3920341206219085,-0.1457949175366577
2019-11-12 08:00:00+00:00,-0.3527996167299202,0.19970977347054475,-0.19290145477602264,-0.2401593462462483,0.7797757336175302,-0.8993210126355454,,1.3920341206219085,-0.1457949175366577
2019-11-12 09:00:00+00:00,-0.20353159875609825,0.39143401294945246,-0.19290145477602264,-0.0018522228656066963,0.7181865602838048,-1.5738117721121407,,1.3920341206219085,-0.1457949175366577
2019-11-12 10:00:00+00:00,-0.24259532332467929,0.37413971427027504,-0.4210554504768188,-0.1773357523426909,0.6591563928195593,-0.8993210126358011,,1.3920341206219085,-0.1457949175366577
2019-11-12 11:00:00+00:00,-0.23533656539488293,0.6555390345365095,-0.7002933735312947,-0.04448648928128834,0.6025998070259463,-0.22483025315869468,,1.3920341206219085,-0.1457949175366577
2019-11-12 12:00:00+00:00,-0.35677761965528715,0.4673437336685285,-0.7002933735312947,-0.17166454522489857,0.5484324938877332,-0.6744907594768508,,1.3920341206219085,-0.1457949175366577
2019-11-12 13:00:00+00:00,-0.30566470831744397,0.6125414061070531,-1.0602936690286402,-0.10348986311153961,0.4965713990079366,-0.22483025315895028,,1.3920341206219085,-0.1457949175366577
2019-11-12 14:00:00+00:00,-0.2641197683489279,0.5717159256671656,-0.19290145477602264,-0.07412223174004344,0.44693484773254843,-0.0,,1.3920341206219085,-0.1457949175366577
2019-11-12 15:00:00+00:00,-0.2777016977273828,0.47376140122071214,-0.19290145477602264,-0.026794432954193568,0.39944265635329884,0.22483025315895028,,1.3920341206219085,-0.1457949175366577
2019-11-12 16:00:00+00:00,-0.21747213182173383,0.5636821701760175,-0.19290145477602264,0.10223862506876719,0.3540162298549802,-0.22483025315895028,,1.3920341206219085,-0.1457949175366577
2019-11-12 17:00:00+00:00,-0.1495988266224405,0.48458206583490654,-1.0602936690286402,0.246144717318115,0.3105786467391764,-0.6744907594765952,,1.3920341206219085,-0.1457949175366577
2019-11-12 18:00:00+00:00,-0.17009567136841433,0.7375406210127387,-0.4210554504768188,0.009032076202193295,0.26905473150895026,-1.348981518953446,,1.3920341206219085,-0.1457949175366577
2019-11-12 19:00:00+00:00,-0.15056777530234877,0.6885704408870216,-0.7002933735312947,0.02698556819214,0.22937111543997538,-0.6744907594765952,,1.3920341206219085,-0.1457949175366577
2019-11-12 20:00:00+00:00,-0.1489812353143218,0.8767059211623871,-1.0602936690286402,0.12830530958633068,0.1914562862935903,-0.0,,1.3920341206219085,-0.1457949175366577
2019-11-12 21:00:00+00:00,-0.20263969799975798,0.7986446445098446,-0.7002933735312947,0.023951175023318005,0.15524062764729848,-0.44966050631790055,-0.21827506933243407,1.3920341206219085,-0.1457949175366577
2019-11-12 22:00:00+00:00,-0.23211975030118906,0.4731572352442787,-0.19290145477602264,-0.030519473296668286,0.12065644852928047,0.22483025315895028,0.16837158188766116,1.3920341206219085,-0.1457949175366577
2019-11-12 23:00:00+00:00,-1.2539502482087486,0.2873373447708873,-1.0602936690286402,-0.9188136194301659,0.08763800404652054,0.6744907594765952,-0.42995143928046586,1.3920341206219085,-0.1457949175366577
2019-11-13 00:00:00+00:00,-1.2969480630544454,0.18449759801732113,0.16709884072132275,-0.8729681347275967,0.05612150769215821,0.8993210126358011,1.3198827300062494,0.691711800144082,-0.1457949175366577
2019-11-13 01:00:00+00:00,-0.36767535669223217,0.15514797543795555,-0.19290145477602264,-0.1466432360602952,0.02604513600758906,0.6744907594765952,1.282523985911295,0.691711800144082,-0.1457949175366577
2019-11-13 02:00:00+00:00,-0.287884213313873,0.4856203937503325,0.0,-0.023718131404805144,-0.002650973740429974,0.8993210126355454,1.2442393945303838,0.691711800144082,-0.1457949175366577
2019-11-13 03:00:00+00:00,-0.2208323933254832,0.46356470164804725,-0.4210554504768188,0.08323795905437334,-0.03002473222701587,0.8993210126355454,1.204981897331386,0.691711800144082,-0.1457949175366577
2019-11-13 04:00:00+00:00,-0.13257285778389535,0.4443838987678874,-0.4210554504768188,0.10040717218565524,-0.056132112463224144,0.44966050631790055,,0.691711800144082,-0.1457949175366577
2019-11-13 05:00:00+00:00,-0.11850729101185487,0.1367949740054998,-0.19290145477602264,0.2521339930844411,-0.08102716932537667,0.22483025315895028,,0.691711800144082,-0.1457949175366577
2019-11-13 06:00:00+00:00,-0.11861616445996456,0.1427093444694447,-0.4210554504768188,0.2311249100624108,-0.10476206365618643,-0.22483025315895028,,0.691711800144082,-0.1457949175366577
2019-11-13 07:00:00+00:00,-0.13176383499313218,0.26507412577174044,-1.0602936690286402,0.09456986497506006,-0.12738709040385054,-0.44966050631790055,,0.691711800144082,-0.1457949175366577
2019-11-13 08:00:00+00:00,-0.10992205641486226,0.3849309838273285,-0.4210554504768188,0.1196118950487297,-0.14895071029593915,-0.22483025315869468,,0.691711800144082,-0.1457949175366577
2019-11-13 09:00:00+00:00,-0.17262815159959696,0.5028725084005282,-0.4210554504768188,0.07518231784121104,-0.16949958457611844,-0.0,,0.691711800144082,-0.1457949175366577
2019-11-13 10:00:00+00:00,-0.10566972132482252,0.3597792839096159,-0.4210554504768188,0.12746688012172916,-0.18907861236309007,0.4496605063176449,,0.691711800144082,-0.1457949175366577
2019-11-13 11:00:00+00:00,-0.11932860505174814,0.36606599530930883,-1.5676855877839126,-0.0217789765229342,-0.20773097022228137,1.348981518953446,,0.691711800144082,-0.1457949175366577
2019-11-13 12:00:00+00:00,-0.17577750199732853,0.3698665299951098,-1.0602936690286402,0.026706360520402195,-0.2254981535714666,1.5738117721123963,,0.691711800144082,-0.1457949175366577
2019-11-13 13:00:00+00:00,-0.053999435429408514,0.5549659964926218,-0.19290145477602264,0.2013172523717264,-0.24242001957141382,0.8993210126355454,,0.691711800144082,-0.1457949175366577
2019-11-13 14:00:00+00:00,-0.1126759729546457,0.4801658303374424,-1.0602936690286402,0.15749770405298683,-0.2585348311816236,1.5738117721121407,,0.691711800144082,-0.1457949175366577
2019-11-13 15:00:00+00:00,-0.17905533593009326,0.28857310589957724,-0.4210554504768188,0.03370746147112985,-0.27387930208911015,1.1241512657944956,,0.691711800144082,-0.1457949175366577
2019-11-13 16:00:00+00:00,-0.199041318329772,0.41524895129105327,-1.0602936690286402,0.08426563415860715,-0.2884886422448383,1.1241512657944956,,0.691711800144082,-0.1457949175366577
2019-11-13 17:00:00+00:00,-0.0877147447958661,0.23475481190546207,-0.4210554504768188,0.3364562094906,-0.30239660376780325,0.6744907594768508,,0.691711800144082,-0.1457949175366577
2019-11-13 18:00:00+00:00,-0.09853546803763075,-0.017744783461807846,0.16709884072132275,0.329559349084547,-0.2829212251292063,-0.6744907594768508,,0.691711800144082,-0.1457949175366577
2019-11-13 19:00:00+00:00,0.15943751387972852,-1.316143897240901,0.0,1.6700457658008425,-0.26447105883892347,-0.0,,0.691711800144082,-0.1457949175366577
2019-11-13 20:00:00+00:00,0.20942385269247857,-1.5348570249305653,0.3144904639792498,1.7163537906154953,-0.2469895774207304,0.44966050631790055,,0.691711800144082,-0.1457949175366577
2019-11-13 21:00:00+00:00,0.07911577231324048,-0.8075115724729898,-0.19290145477602264,0.7874328708842292,0.1780841501323248,0.22483025315895028,,0.691711800144082,-0.1457949175366577
2019-11-13 22:00:00+00:00,0.029059354762139115,-0.7004834831588591,-1.0602936690286402,0.6842741673082374,0.5875029748520686,1.348981518953446,,0.691711800144082,-0.1457949175366577
2019-11-13 23:00:00+00:00,-1.0712411349345388,-0.23866045728224597,-0.7002933735312947,-0.6154235411236705,0.6771945882918753,1.1241512657944956,,0.691711800144082,-0.1457949175366577
2019-11-14 00:00:00+00:00,-1.134494275815951,0.2868313934410767,0.7746547987902044,-0.9898321052392561,0.7332670192046383,0.8993210126355454,,-0.11193676433866934,-0.1457949175366577
2019-11-14 01:00:00+00:00,0.03909826522743291,0.48217022766442685,-1.5676855877839126,0.14386278795874816,0.673608212560815,-0.22483025315895028,-0.08529956142013242,-0.11193676433866934,-0.1457949175366577
2019-11-14 02:00:00+00:00,-0.08248758775651036,0.4217023475439493,-0.19290145477602264,0.06225734632149899,0.6164441420349331,0.6744907594765952,0.17985251461026733,-0.11193676433866934,-0.1457949175366577
2019-11-14 03:00:00+00:00,-0.07145748457008827,0.4425794944041053,-1.0602936690286402,-0.012915144780371418,0.5616902075685405,1.1241512657944956,-0.16521863020968972,-0.11193676433866934,-0.1457949175366577
2019-11-14 04:00:00+00:00,-0.10503058442322047,0.3601255061749934,-0.7002933735312947,0.009526814678506858,0.5092630303815178,0.22483025315895028,0.16554012868475004,-0.11193676433866934,-0.1457949175366577
2019-11-14 05:00:00+00:00,-0.2165012905655131,0.2916383546702898,-0.7002933735312947,-0.10194080369949013,0.45908058162410603,0.44966050631790055,0.43782062695993385,-0.11193676433866934,-0.1457949175366577
2019-11-14 06:00:00+00:00,-0.19526685100544472,-0.05379589809386857,0.0,0.05440186104383143,0.4110622970025863,-1.348981518953446,0.6692270021775004,-0.11193676433866934,-0.1457949175366577
2019-11-14 07:00:00+00:00,-0.24144292634593703,-0.43179678959939566,-2.4350778020365302,0.10402248357083867,0.36512917782683657,-0.0,,-0.11193676433866934,-0.1457949175366577
2019-11-14 08:00:00+00:00,-0.22872277822533774,0.01742041259511017,-0.19290145477602264,0.009214007030763,0.3212038789965766,-1.7986420252710908,,-0.11193676433866934,-0.1457949175366577
2019-11-14 09:00:00+00:00,-0.18762168459155315,0.4249345915440953,0.16709884072132275,-0.042927494184372285,0.2792107844988691,-1.348981518953446,,-0.11193676433866934,-0.1457949175366577
2019-11-14 10:00:00+00:00,-0.1545123528975872,0.322496749037614,-0.4210554504768188,0.028503310886772763,0.23907607103323308,-0.0,,-0.11193676433866934,-0.1457949175366577
2019-11-14 11:00:00+00:00,-0.22629853550527293,-0.4942728454298889,-0.4210554504768188,0.07224961613018954,0.20072776041336166,-0.0,,-0.11193676433866934,-0.1457949175366577
2019-11-14 12:00:00+00:00,-0.16576731180331558,-1.1877477328791546,-0.4210554504768188,0.3965106606918049,0.19458989507084387,1.348981518953446,,-0.11193676433866934,-0.1457949175366577
2019-11-14 13:00:00+00:00,-0.15353528370959363,-0.7337503299105579,0.0,0.1967841319306083,0.18875379473749093,-0.0,,-0.11193676433866934,-0.1457949175366577
2019-11-14 14:00:00+00:00,-0.12253834422464166,-0.42187921775310055,-0.19290145477602264,0.33764223655093667,0.15265959480195573,-0.22483025315895028,,-0.11193676433866934,-0.1457949175366577
2019-11-14 15:00:00+00:00,-0.16323650895795358,-0.6825843751675292,-0.7002933735312947,0.2724809877772483,0.11819200521324857,-0.8993210126355454,,-0.11193676433866934,-0.1457949175366577
2019-11-14 16:00:00+00:00,-0.02921491724067212,-1.2184367945040742,0.16709884072132275,0.6036013156676608,0.08528542383097835,-1.348981518953446,,-0.11193676433866934,-0.1457949175366577
2019-11-14 17:00:00+00:00,-0.0829344163687397,-1.230688127193445,-0.7002933735312947,0.5484910613427385,0.053876207492274585,-1.348981518953446,,-0.11193676433866934,-0.1457949175366577
2019-11-14 18:00:00+00:00,-0.05105116122142169,-1.0533708235510797,0.0,0.6115407378926101,0.023902676141446335,-2.2483025315889913,,-0.11193676433866934,-0.1457949175366577
2019-11-14 19:00:00+00:00,-0.06867922816243309,-1.3495002198334851,-1.0602936690286402,0.7518997791426879,-0.004694889977837981,-1.5738117721123963,,-0.11193676433866934,-0.1457949175366577
2019-11-14 20:00:00+00:00,0.021228919932104726,-1.538311457889451,0.3144904639792498,0.820422249569067,-0.03197425942877768,-0.8993210126355454,2.339208110923452,-0.11193676433866934,-0.1457949175366577
2019-11-14 21:00:00+00:00,-0.005681457469656152,-1.4190650656869914,-0.7002933735312947,0.7381739387591493,-0.05799126437036877,-0.6744907594765952,1.5383781090501922,-0.11193676433866934,-0.1457949175366577
2019-11-14 22:00:00+00:00,-0.07627702320642427,-1.2764972936800016,-0.7002933735312947,0.5788546871027467,-0.08279982043946035,-0.6744907594768508,1.3322765949005373,-0.11193676433866934,-0.1457949175366577
2019-11-14 23:00:00+00:00,-1.1744582044217318,-1.201294312281702,0.16709884072132275,-0.630105095836097,-0.10645195116458649,-0.8993210126355454,0.36487069152927626,-0.11193676433866934,-0.1457949175366577
2019-11-15 00:00:00+00:00,-1.263401334653791,-0.8673911909927102,-0.19290145477602264,-0.8066403650147965,-0.12899781637996074,0.6744907594768508,0.8313004783192666,1.779507535640377,6.522266957828994
2019-11-15 01:00:00+00:00,-0.11433499416642387,-1.5500399238225233,-0.4210554504768188,0.6907684914975407,-0.1504857441387266,-0.6744907594768508,1.2178661637034616,1.779507535640377,-0.1457949175366577
2019-11-15 02:00:00+00:00,-0.11022464048039327,-1.46663374076293,0.0,0.6546126043598314,-0.17096226565578881,0.44966050631790055,0.8826365325862542,1.779507535640377,-0.1457949175366577
2019-11-15 03:00:00+00:00,-0.107775074906241,-1.5043721481556613,0.16709884072132275,0.7471621464361824,-0.1904721528419,-0.0,1.7570068335782554,1.779507535640377,-0.1457949175366577
2019-11-15 04:00:00+00:00,-0.08347687506652723,-1.4968075863627468,0.16709884072132275,0.8450326403683099,-0.20905845802178993,-0.6744907594768508,1.7001824625431363,1.779507535640377,-0.1457949175366577
2019-11-15 05:00:00+00:00,0.003204741459354708,-1.5994079695891978,-1.0602936690286402,0.8827821530427652,-0.226762555459735,-1.3489815189531904,1.641187895944899,1.779507535640377,-0.1457949175366577
2019-11-15 06:00:00+00:00,-0.07384371002555726,-1.2476730003232164,-0.4210554504768188,0.6065212776437648,-0.2436241843458107,-1.1241512657944956,1.5798507638808863,1.779507535640377,-0.1457949175366577
2019-11-15 07:00:00+00:00,0.003112396558605613,-1.5695708550198588,-0.4210554504768188,0.8833469709111371,-0.2596814929249707,-1.5738117721123963,,1.779507535640377,-0.1457949175366577
2019-11-15 08:00:00+00:00,0.09537810889226646,-1.6477282612507325,0.16709884072132275,1.0037590080990466,-0.27497108347889154,-2.9227932910655867,,1.779507535640377,-0.1457949175366577
2019-11-15 09:00:00+00:00,-0.012809640726971352,-1.5479674184371204,0.0,0.8880322331865524,-0.28952805789709696,-2.2483025315889913,,1.779507535640377,-0.1457949175366577
2019-11-15 10:00:00+00:00,-0.006556479960234374,-1.2940679598006097,-0.19290145477602264,0.6689848428047038,-0.3033860635991463,-0.8993210126358011,,1.779507535640377,-0.1457949175366577
2019-11-15 11:00:00+00:00,-0.0974834156235271,-1.2661286997223855,0.0,0.5037485141747613,-0.31657733959357853,-1.1241512657944956,,1.779507535640377,-0.1457949175366577
2019-11-15 12:00:00+00:00,-0.10879894327473204,-0.9698442854716885,-0.4210554504768188,0.3454201666298088,-0.32913276248180856,0.44966050631790055,,1.779507535640377,-0.1457949175366577
2019-11-15 13:00:00+00:00,-0.011479111349211335,-0.9510970014308785,0.3144904639792498,0.38804998808591623,-0.34108189223627966,-0.22483025315895028,,1.779507535640377,-0.1457949175366577
2019-11-15 14:00:00+00:00,-0.2041975753149144,-0.8105592821795196,0.4463367637757993,0.06862363533452094,-0.35245301760186915,-0.22483025315895028,,1.779507535640377,-0.1457949175366577
2019-11-15 15:00:00+00:00,-0.18887695291784637,-0.02382885520703434,0.5656062497087926,-0.10939707830760947,-0.36327320098785854,-0.8993210126355454,,1.779507535640377,-0.1457949175366577
2019-11-15 16:00:00+00:00,-0.040365330535486355,0.3083226843097774,-0.19290145477602264,-0.10850670914885628,-0.3735683227347407,-0.8993210126355454,,1.779507535640377,-0.1457949175366577
2019-11-15 17:00:00+00:00,-0.07920523582900438,0.4142667565522801,0.0,-0.0702383863144862,-0.3833631246557851,-0.8993210126355454,,1.779507535640377,-0.1457949175366577
2019-11-15 18:00:00+00:00,-0.10875635260885795,0.16271720062972772,-0.4210554504768188,-0.03488116372608401,-0.392681252767669,-2.023472278430041,,1.779507535640377,-0.1457949175366577
2019-11-15 19:00:00+00:00,-0.08457538417764156,0.2989430539152942,-0.19290145477602264,-0.053646770047415644,-0.40154529913765935,-1.348981518953446,,1.779507535640377,-0.1457949175366577
2019-11-15 20:00:00+00:00,0.015463341122207758,0.2891107990334129,0.0,0.07967104115272412,-0.40997684278685825,-0.8993210126355454,0.28665544417421274,1.779507535640377,-0.1457949175366577
2019-11-15 21:00:00+00:00,0.04918393113565006,0.3450301261633538,-0.7002933735312947,-0.014085671426262264,-0.4179964895999591,0.22483025315869468,0.16172045357059692,1.779507535640377,-0.1457949175366577
2019-11-15 22:00:00+00:00,0.1428727770560875,0.47028449256705956,-0.19290145477602264,0.07697913007590175,-0.42562391120187343,0.22483025315895028,1.2158478673569693,1.779507535640377,-0.1457949175366577
2019-11-15 23:00:00+00:00,-1.0016331269615313,0.6468346797936013,0.0,-0.8465571262109717,-0.4328778827705315,0.44966050631790055,0.36445760189706133,1.779507535640377,-0.1457949175366577
2019-11-16 00:00:00+00:00,-1.0123519635596274,0.7352600142222171,0.0,-0.8672230424564067,-0.43977631976320286,1.1241512657944956,0.385404463106707,0.16934023323029357,-0.1457949175366577
2019-11-16 01:00:00+00:00,0.09106949815522232,0.5176637546217967,0.16709884072132275,0.128007846354955,-0.4463363135408876,-0.0,0.40607110579559375,0.16934023323029357,-0.1457949175366577
2019-11-16 02:00:00+00:00,0.06264417798305713,0.3497098157786763,-0.19290145477602264,0.1184487225760211,-0.45257416588174976,1.348981518953446,0.42646492839635153,0.16934023323029357,-0.1457949175366577
2019-11-16 03:00:00+00:00,0.022389179348498992,0.3798272691131615,-0.7002933735312947,0.13516484646165605,-0.45850542238026887,1.1241512657944956,,0.16934023323029357,-0.1457949175366577
2019-11-16 04:00:00+00:00,0.12739668991496417,0.16477735117737394,-0.7002933735312947,0.13823053241113326,-0.46414490473381886,0.4496605063176449,,0.16934023323029357,-0.1457949175366577
2019-11-16 05:00:00+00:00,0.1366312951586093,-0.24559201052341686,0.0,0.28585458478293785,-0.46950674192280784,-0.22483025315895028,,0.16934023323029357,-0.1457949175366577
2019-11-16 06:00:00+00:00,0.09886871674565542,-0.643666622916453,-0.7002933735312947,0.3747005699846607,-0.47460440029437834,-0.8993210126355454,,0.16934023323029357,-0.1457949175366577
2019-11-16 07:00:00+00:00,-0.013603216953027613,-0.15868409218488805,0.3144904639792498,0.139751770358763,-0.4794507125630138,-1.1241512657944956,,0.16934023323029357,-0.1457949175366577
2019-11-16 08:00:00+00:00,0.04063964391559346,0.08904448554674188,0.16709884072132275,0.1053402999688594,-0.48405790574428365,-1.348981518953446,,0.16934023323029357,-0.1457949175366577
2019-11-16 09:00:00+00:00,0.015716946307795347,-0.0978718342372668,0.3144904639792498,0.14322026195335197,-0.48843762804041774,-0.8993210126355454,,0.16934023323029357,-0.1457949175366577
2019-11-16 10:00:00+00:00,0.009326704572169825,0.13364925981105408,0.4463367637757993,0.21315605132757132,-0.492600974698474,-0.0,,0.16934023323029357,-0.1457949175366577
2019-11-16 11:00:00+00:00,-0.09221994152723743,0.13323874415323492,-0.19290145477602264,0.20162352625014085,-0.4965585128635926,-0.4496605063176449,,0.16934023323029357,-0.1457949175366577
2019-11-16 12:00:00+00:00,-0.04672587048868838,0.07539116807274968,0.3144904639792498,0.12983761114870634,-0.5003203054512418,1.1241512657944956,,0.16934023323029357,-0.1457949175366577
2019-11-16 13:00:00+00:00,-0.10463386265458417,-0.023929713040145375,-0.4210554504768188,-0.06616515435393254,-0.503895934063496,0.22483025315869468,,0.16934023323029357,-0.1457949175366577
2019-11-16 14:00:00+00:00,-0.19037859219848252,-0.3778178394099701,0.7746547987902044,-0.05505717041191879,-0.5072945209752695,-0.22483025315869468,,0.16934023323029357,-0.1457949175366577
2019-11-16 15:00:00+00:00,-0.1200059568477487,-0.4866859934743382,-0.19290145477602264,-0.021101627166459656,-0.5105247502170844,0.22483025315869468,,0.16934023323029357,-0.1457949175366577
2019-11-16 16:00:00+00:00,-0.057704971363845364,-0.2312187122178974,0.0,0.08767365127599265,-0.5135948877814133,-1.1241512657944956,,0.16934023323029357,-0.1457949175366577
2019-11-16 17:00:00+00:00,-0.1750184503171531,0.004156792890394152,-0.4210554504768188,-0.010847666311209871,-0.516512800979921,-0.22483025315869468,,0.16934023323029357,-0.1457949175366577
2019-11-16 18:00:00+00:00,-0.09221420240362992,0.019712517148027613,1.0344910549739406,-0.03150055942266358,-0.5192859769790532,-0.6744907594768508,,0.16934023323029357,-0.1457949175366577
2019-11-16 19:00:00+00:00,-0.06374372356775379,0.2662662538257692,-0.19290145477602264,-0.037089252762388523,-0.5219215405414144,-0.6744907594765952,,0.16934023323029357,-0.1457949175366577
2019-11-16 20:00:00+00:00,-0.06476533545093144,0.3375019433246329,0.16709884072132275,-0.05980474295308419,-0.5244262710002511,-0.6744907594768508,0.7538635697308933,0.16934023323029357,-0.1457949175366577
2019-11-16 21:00:00+00:00,-0.005947314838742078,0.4241395606746868,0.5656062497087926,-0.03574969662382022,-0.5268066184941212,-0.6744907594765952,-0.05226313780017808,0.16934023323029357,-0.1457949175366577
2019-11-16 22:00:00+00:00,-0.02728443730372764,0.33953335725131917,-0.19290145477602264,-0.059847098904055145,-0.5290687194885152,0.6744907594765952,-0.04838008547178239,0.16934023323029357,-0.1457949175366577
2019-11-16 23:00:00+00:00,-1.2346314761448336,0.14336245193321193,0.0,-1.0106719779419118,-0.5312184116107955,0.6744907594768508,-0.0445067686348577,0.16934023323029357,-0.1457949175366577
2019-11-17 00:00:00+00:00,-1.2000074880530962,0.01143410751259214,1.181882678231867,-0.9668827913129667,-0.5332612478243646,2.2483025315889913,-0.04064313859430496,1.3949042940664895,-0.1457949175366577
2019-11-17 01:00:00+00:00,-0.13219394828839162,0.18930173795913782,0.3144904639792498,0.002729100954142106,-0.5352025099674503,1.348981518953446,,1.3949042940664895,-0.1457949175366577
2019-11-17 02:00:00+00:00,-0.3425219500614925,-0.10185968576996497,0.5656062497087926,-0.1875139719929409,-0.5370472216813498,1.1241512657944956,,1.3949042940664895,-0.1457949175366577
2019-11-17 03:00:00+00:00,-0.19105756933289533,-0.07192700466653326,-0.7002933735312947,0.009666747824923017,-0.5388001607523616,1.3489815189531904,,1.3949042940664895,-0.1457949175366577
2019-11-17 04:00:00+00:00,-0.1386989123975384,-0.11648376240777772,0.6744907594765952,0.2096505415777081,-0.5404658708910278,1.7986420252713464,,1.3949042940664895,-0.1457949175366577
2019-11-17 05:00:00+00:00,-0.13033390125971359,-0.22304967493031835,-0.19290145477602264,0.32244417132920045,-0.5420486729716493,0.6744907594765952,,1.3949042940664895,-0.1457949175366577
2019-11-17 06:00:00+00:00,-0.178559005114427,-0.3321990627387337,0.7746547987902044,0.2039223453705168,-0.5435526757543753,0.44966050631790055,,1.3949042940664895,-0.1457949175366577
2019-11-17 07:00:00+00:00,-0.11020931312070843,-0.39141462828255386,0.0,0.34560037701624396,-0.5449817861115012,-0.44966050631790055,,1.3949042940664895,-0.1457949175366577
2019-11-17 08:00:00+00:00,-0.06847593442876165,-0.6366877604558996,0.0,0.4642736150024213,-0.5463397187789143,-0.6744907594765952,,1.3949042940664895,-0.1457949175366577
2019-11-17 09:00:00+00:00,-0.21306885871583806,-0.6872812040300821,0.3144904639792498,0.24940921912480538,-0.5476300056529542,0.22483025315895028,,1.3949042940664895,-0.1457949175366577
2019-11-17 10:00:00+00:00,-0.23110048187685406,-0.7582742052047969,0.16709884072132275,0.12243026883096275,-0.5488560046522607,0.8993210126355454,,1.3949042940664895,-0.1457949175366577
2019-11-17 11:00:00+00:00,-0.21589779654605235,-0.7314285143853925,-0.19290145477602264,0.3748074762873224,-0.5500209081635111,0.4496605063176449,,1.3949042940664895,-0.1457949175366577
2019-11-17 12:00:00+00:00,-0.21227646772157308,-0.5648559076221885,0.16709884072132275,0.22070983334091152,-0.4166766469584074,1.1241512657944956,,1.3949042940664895,-0.1457949175366577
2019-11-17 13:00:00+00:00,-0.15303509759147782,-0.69475904496325,0.16709884072132275,0.34681891931077163,-0.4243686496797873,1.348981518953446,,1.3949042940664895,-0.1457949175366577
2019-11-17 14:00:00+00:00,-0.09176598890980485,-0.7301629138484104,0.0,0.4185496885096841,-0.3984089510207219,1.7986420252713464,,1.3949042940664895,-0.1457949175366577
2019-11-17 15:00:00+00:00,-0.08693715554972407,-0.3422959582566113,-0.7002933735312947,0.1597773893440314,-0.4069935874733595,0.8993210126355454,,1.3949042940664895,-0.1457949175366577
2019-11-17 16:00:00+00:00,-0.06132883385767603,-0.12370583925137132,-0.19290145477602264,0.034097062459470015,-0.41515902739453825,0.4496605063176449,,1.3949042940664895,-0.1457949175366577
2019-11-17 17:00:00+00:00,-0.038585341185966175,-0.3210343934106529,0.4463367637757993,0.07142233690783109,-0.4229252739317623,0.22483025315895028,,1.3949042940664895,-0.1457949175366577
2019-11-17 18:00:00+00:00,-0.04189084369166355,-0.4131191293613787,-0.4210554504768188,0.0723291566904628,-0.43031142031325764,-0.22483025315895028,,1.3949042940664895,-0.1457949175366577
2019-11-17 19:00:00+00:00,0.16401938308111488,-0.5752138659112924,0.0,0.41173391197373826,-0.43733568696709657,-0.0,,1.3949042940664895,-0.1457949175366577
2019-11-17 20:00:00+00:00,0.07775818619246523,-0.9455045685111155,-0.19290145477602264,0.6983550380505472,-0.4440154575431681,0.22483025315895028,,1.3949042940664895,-0.1457949175366577
2019-11-17 21:00:00+00:00,0.11761472151887577,-0.9327765331609068,-0.4210554504768188,0.7346242321341494,-0.41700096989379176,0.8993210126355454,,1.3949042940664895,-0.1457949175366577
2019-11-17 22:00:00+00:00,0.08123065113182765,-1.0186749060416629,0.0,0.7579529975386029,-0.4246771042974969,0.8993210126358011,,1.3949042940664895,-0.1457949175366577
2019-11-17 23:00:00+00:00,-1.1061862697566798,-1.0792027100276629,0.16709884072132275,-0.3936997870021515,-0.43197745458257897,0.4496605063176449,,1.3949042940664895,-0.1457949175366577
2019-11-18 00:00:00+00:00,-1.050992537804516,-1.0050674022560155,0.16709884072132275,-0.28867399672430566,-0.4389200433035103,2.922793291065842,,0.10619641744950607,-0.1457949175366577
2019-11-18 01:00:00+00:00,-0.016144919246007864,-1.076210957036185,-0.19290145477602264,0.8177349106522401,-0.44552206445937276,1.1241512657944956,,0.10619641744950607,-0.1457949175366577
2019-11-18 02:00:00+00:00,-0.18517986643129752,-0.7041640481921599,-0.4210554504768188,-0.10696185471314767,-0.4517999181485621,0.4496605063176449,0.05656245679246719,0.10619641744950607,-0.1457949175366577
2019-11-18 03:00:00+00:00,-0.25303892580929477,-0.5739008665866087,-0.19290145477602264,-0.18158015139331563,-0.3580491277304202,1.1241512657944956,-0.23633770231669707,0.10619641744950607,-0.1457949175366577
2019-11-18 04:00:00+00:00,-0.10792740081912244,-0.6069959184231515,-0.7002933735312947,-0.03435800691933425,-0.045876265238608036,0.22483025315895028,-0.24295980637330936,0.10619641744950607,-0.1457949175366577
2019-11-18 05:00:00+00:00,-0.20470372439828072,-0.9235090073125504,0.3144904639792498,-0.20524650930872737,-0.0712480916079968,-0.6744907594765952,-0.24961041796314526,0.10619641744950607,-0.1457949175366577
2019-11-18 06:00:00+00:00,-0.24503130495987022,-0.7314610144076525,0.5656062497087926,-0.31802413356742104,-0.09543919397356325,-1.1241512657944956,-0.25628978359225457,0.10619641744950607,-0.1457949175366577
2019-11-18 07:00:00+00:00,-0.3696464079066133,-0.9400536915932641,-0.7002933735312947,-0.34792293789198075,-0.118500607256587,-1.5738117721123963,,0.10619641744950607,-0.1457949175366577
2019-11-18 08:00:00+00:00,-0.3818973494705596,-0.7443434660521053,0.16709884072132275,-0.42746349448512017,-0.14048151914252674,-1.7986420252710908,,0.10619641744950607,-0.1457949175366577
2019-11-18 09:00:00+00:00,-0.22005330370913123,-0.32197692421198837,0.16709884072132275,-0.35472466407370895,-0.16142930365172248,-1.348981518953446,,0.10619641744950607,-0.1457949175366577
2019-11-18 10:00:00+00:00,-0.35937805304093334,-0.360815001819478,0.3144904639792498,-0.34557922856663875,-0.14931230276789173,-0.6744907594768508,,0.10619641744950607,-0.1457949175366577
2019-11-18 11:00:00+00:00,-0.32642731329115493,-0.02897421472979969,0.0,-0.3352654404990938,-0.13782108621417266,0.22483025315895028,,0.10619641744950607,-0.1457949175366577
2019-11-18 12:00:00+00:00,-0.313478139463444,-0.04289000890701267,0.3144904639792498,-0.28584247038273874,-0.06342570150642837,0.8993210126355454,,0.10619641744950607,-0.1457949175366577
2019-11-18 13:00:00+00:00,-0.24847291546999956,0.06888953136007657,-0.7002933735312947,-0.2104589144363371,0.09969836253228984,0.22483025315895028,,0.10619641744950607,-0.1457949175366577
2019-11-18 14:00:00+00:00,-0.34184920202432934,-0.06741150444550155,0.0,-0.3276496089454033,0.3112119626134126,0.6744907594768508,,0.10619641744950607,-0.1457949175366577
2019-11-18 15:00:00+00:00,-0.2422923751235587,-0.02313450140430315,0.16709884072132275,-0.22139193455450748,0.4184841841667161,0.6744907594765952,,0.10619641744950607,-0.1457949175366577
2019-11-18 16:00:00+00:00,-0.20154215685775623,-0.03221753051399392,-0.4210554504768188,-0.14107083203653492,0.4018061437323506,-0.0,,0.10619641744950607,-0.1457949175366577
2019-11-18 17:00:00+00:00,-0.3040547725212598,-0.17670197515132358,-0.4210554504768188,-0.3115503784535359,0.35627658666110723,-0.8993210126355454,,0.10619641744950607,-0.1457949175366577
2019-11-18 18:00:00+00:00,-0.35171534160034823,-0.14764553822750617,-0.7002933735312947,-0.41477236895159536,0.31273974125348886,-0.6744907594768508,,0.10619641744950607,-0.1457949175366577
2019-11-18 19:00:00+00:00,-0.31783607404323727,-0.3159867485091225,0.16709884072132275,-0.11799790094766775,0.2711203417029217,-1.1241512657944956,,0.10619641744950607,-0.1457949175366577
2019-11-18 20:00:00+00:00,0.2281917039328147,-1.1693644664871894,1.821120896783689,0.36124249256910096,0.23134492615889812,-0.4496605063176449,-0.35296612508928077,0.10619641744950607,-0.1457949175366577
2019-11-18 21:00:00+00:00,-0.10369957407163718,-0.6320705701582481,0.5656062497087926,-0.08030929591839378,0.19334188698593802,-0.22483025315895028,-0.42923202515320014,0.10619641744950607,-0.1457949175366577
2019-11-18 22:00:00+00:00,-1.8417205181112717,-1.5551708788813507,0.16709884072132275,-1.635889634883271,0.1570415106053195,0.44966050631790055,-0.5094593064509371,0.10619641744950607,-0.1457949175366577
2019-11-19 03:00:00+00:00,-1.47800903475329,-1.4955823845854552,0.3144904639792498,-1.0761619135882086,-0.0012247616214448383,1.5738117721123963,1.1337364959684442,0.5682943420270876,-0.1457949175366577
2019-11-19 04:00:00+00:00,-0.3001885401588306,-0.4970853190327062,0.16709884072132275,-0.20549398779882697,-0.02866436726701773,0.8993210126355454,1.1222328946349098,0.5682943420270876,-0.1457949175366577
2019-11-19 05:00:00+00:00,-0.23627691840358156,-0.09736303216494549,0.0,-0.2959600777088076,-0.054834796070180866,-0.0,1.1106429920655174,0.5682943420270876,-0.1457949175366577
2019-11-19 06:00:00+00:00,-0.32189069901212397,-0.3136035773445148,0.4463367637757993,-0.2747142268619438,-0.07979019985895779,-0.4496605063176449,1.098965483584258,0.5682943420270876,-0.1457949175366577
2019-11-19 07:00:00+00:00,-0.30209239358236434,-0.2609891171481143,0.6744907594765952,-0.2757792746728111,-0.10358283510093674,-0.8993210126358011,,0.5682943420270876,-0.1457949175366577
2019-11-19 08:00:00+00:00,-0.2416858348605085,-0.27172188675539377,0.4463367637757993,-0.2063335454856118,-0.12626309084951765,-1.1241512657944956,,0.5682943420270876,-0.1457949175366577
2019-11-19 09:00:00+00:00,-0.23727659565270567,-0.21522146112411472,0.5656062497087926,-0.1499124652960605,-0.14787952024978246,-0.6744907594765952,,0.5682943420270876,-0.1457949175366577
2019-11-19 10:00:00+00:00,-0.15105266162879805,-0.10718040000160688,0.5656062497087926,-0.007173822270499224,-0.16847887513042953,-0.6744907594765952,,0.5682943420270876,-0.1457949175366577
2019-11-19 11:00:00+00:00,-0.22322617338859,-0.23977561821229268,-0.4210554504768188,-0.06923978099146072,-0.18810614323956878,-0.0,,0.5682943420270876,-0.1457949175366577
2019-11-19 12:00:00+00:00,-0.1993395871164223,-0.4680411623179296,0.16709884072132275,-0.07120988257672815,-0.20680458771333401,0.4496605063176449,,0.5682943420270876,-0.1457949175366577
2019-11-19 13:00:00+00:00,-0.22351897259323703,-0.25156688096870117,0.0,-0.11211172347823285,-0.2246157883969535,0.44966050631790055,,0.5682943420270876,-0.1457949175366577
2019-11-19 14:00:00+00:00,-0.2526332441886891,-0.2498935090674188,0.3144904639792498,-0.21012403186803189,-0.2415796846678725,0.4496605063176449,,0.5682943420270876,-0.1457949175366577
2019-11-19 15:00:00+00:00,-0.18904929370063245,-0.08696227748407588,0.0,-0.13937645253270264,-0.2577346194395479,0.6744907594768508,,0.5682943420270876,-0.1457949175366577
2019-11-19 16:00:00+00:00,-0.1339955305561126,-0.06401863864834635,-0.7002933735312947,-0.07017986331315247,-0.27311738405247465,-0.0,,0.5682943420270876,-0.1457949175366577
2019-11-19 17:00:00+00:00,-0.1045396059934592,0.05073271591247709,0.8673922142526176,-0.16696410778694082,-0.2877632637857357,-0.44966050631790055,,0.5682943420270876,-0.1457949175366577
2019-11-19 18:00:00+00:00,-0.1030209739610238,0.18986042269786874,-0.19290145477602264,-0.060728889668279044,-0.3017060837478024,-0.22483025315895028,,0.5682943420270876,-0.1457949175366577
2019-11-19 19:00:00+00:00,-0.06731646731853853,0.3044431556368268,-0.19290145477602264,-0.01125944076343316,-0.31497825492938863,-0.6744907594765952,,0.5682943420270876,-0.1457949175366577
2019-11-19 20:00:00+00:00,-0.03940817411965727,0.5988722636751194,-1.5676855877839126,0.04656559020741951,-0.32761082022384636,-0.44966050631790055,0.9254740395143438,0.5682943420270876,-0.1457949175366577
2019-11-19 21:00:00+00:00,0.015784931000844774,0.6963542486309436,-0.7002933735312947,0.09625883165581019,-0.33963350024186645,-0.0,0.9025915701579322,0.5682943420270876,-0.1457949175366577
2019-11-19 22:00:00+00:00,-0.05957394465608044,0.5700959715258702,-0.19290145477602264,2.43895170007106e-05,-0.3510747387671178,-0.0,0.20622953351724183,0.5682943420270876,-0.1457949175366577
2019-11-19 23:00:00+00:00,-0.47751679275114145,0.5080540437232806,-0.7002933735312947,-0.3929618457419226,-0.3619617477179414,-0.22483025315869468,-1.5272227102725617,0.5682943420270876,-0.1457949175366577
2019-11-20 00:00:00+00:00,-1.1830172046774854,0.4593891341138175,0.16709884072132275,-0.972641590088132,-0.37232055149734344,1.3489815189531904,-0.9609419813865535,0.11767711122783112,-0.1457949175366577
2019-11-20 01:00:00+00:00,-0.04177844665554175,0.455309037574389,0.0,0.06362134547886228,-0.3821760306293385,0.8993210126358011,-1.312379541555174,0.11767711122783112,-0.1457949175366577
2019-11-20 02:00:00+00:00,-0.11875780133634856,0.4686889576609818,-1.5676855877839126,0.07616437080890003,-0.3915519645942359,0.6744907594765952,-0.9942387708827258,0.11767711122783112,-0.1457949175366577
2019-11-20 03:00:00+00:00,-0.1513570777998059,0.26351666909659577,-0.19290145477602264,-0.006156175686981048,-0.40047107378878405,1.5738117721123963,-0.9816519411576359,0.11767711122783112,-0.1457949175366577
2019-11-20 04:00:00+00:00,-0.27101684445788404,0.19153828566972533,0.16709884072132275,-0.11806193873285775,-0.4089550605492577,-0.0,-0.969166832858511,0.11767711122783112,-0.1457949175366577
2019-11-20 05:00:00+00:00,-0.2425697521334345,0.05066094722553704,0.16709884072132275,-0.07407622133681332,-0.417024649186636,0.22483025315869468,-0.9567818150183808,0.11767711122783112,-0.1457949175366577
2019-11-20 06:00:00+00:00,-0.16803745052024138,0.22748017976762744,0.0,-0.005060186721944284,-0.4246996249930582,-1.1241512657944956,,0.11767711122783112,-0.1457949175366577
2019-11-20 07:00:00+00:00,-0.09024203181547652,0.302143390269862,-0.4210554504768188,0.04520632558553327,-0.4319988721878011,-1.7986420252710908,,0.11767711122783112,-0.1457949175366577
2019-11-20 08:00:00+00:00,-0.0638214567412399,0.042798826429532956,-1.0602936690286402,0.10086043872061844,-0.43894041077917595,-1.1241512657944956,,0.11767711122783112,-0.1457949175366577
2019-11-20 09:00:00+00:00,-0.1263957711920598,-0.0887373041863608,-0.4210554504768188,0.10602164189564416,-0.4455414323260458,-1.7986420252710908,,0.11767711122783112,-0.1457949175366577
2019-11-20 10:00:00+00:00,-0.05078789186277114,0.28882160674361024,0.0,0.21469253813490036,-0.451818334589181,-0.44966050631790055,,0.11767711122783112,-0.1457949175366577
2019-11-20 11:00:00+00:00,-0.07245129326580103,0.24437313615675468,0.4463367637757993,0.12885326566353225,-0.4577867550684568,-0.0,,0.11767711122783112,-0.1457949175366577
2019-11-20 12:00:00+00:00,0.06420322806911231,0.5708875423130868,-0.4210554504768188,0.24415015797037676,-0.46346160342701526,0.44966050631790055,,0.11767711122783112,-0.1457949175366577
2019-11-20 13:00:00+00:00,-0.0027582537318189943,0.6867126333991943,-0.19290145477602264,0.08262856737555117,-0.4688570928080081,-0.0,,0.11767711122783112,-0.1457949175366577
2019-11-20 14:00:00+00:00,8.382315910293403e-05,0.5893177501409982,0.3144904639792498,0.10387506945526408,-0.4739867700534687,0.22483025315869468,,0.11767711122783112,-0.1457949175366577
2019-11-20 15:00:00+00:00,-0.0801780096292628,0.4730117663411269,-0.7002933735312947,0.11376515264118206,-0.4788635448382714,-0.0,,0.11767711122783112,-0.1457949175366577
2019-11-20 16:00:00+00:00,0.1508212829457362,0.9733744462447804,-0.7002933735312947,0.2031255874814136,-0.48349971773507755,-0.6744907594765952,,0.11767711122783112,6.522266957828994
2019-11-20 17:00:00+00:00,0.1994960009700392,0.8652178045115325,0.16709884072132275,0.1030848938555348,-0.48790700722867436,-2.023472278430041,,0.11767711122783112,-0.1457949175366577
2019-11-20 18:00:00+00:00,0.09094180013637214,0.6748664837229716,0.16709884072132275,0.06170126037217547,-0.49209657570023474,-2.473132784747942,,0.11767711122783112,-0.1457949175366577
2019-11-20 19:00:00+00:00,0.05573281860023538,0.769947295619519,0.0,0.022619265844211405,-0.4960790544037943,-2.2483025315889913,,0.11767711122783112,-0.1457949175366577
2019-11-20 20:00:00+00:00,0.1089337653591539,0.9206275846528533,0.4463367637757993,0.0850297767965295,-0.4998645674586913,-1.5738117721123963,,0.11767711122783112,-0.1457949175366577
2019-11-20 21:00:00+00:00,0.22311583092376655,0.8831941894412222,0.16709884072132275,0.06636850828961342,-0.5034627548828845,-0.4496605063176449,,0.11767711122783112,-0.1457949175366577
2019-11-20 22:00:00+00:00,1.8904683793567674,0.5781245912752192,-0.4210554504768188,1.6598658415400014,-0.5068827946929741,-0.0,,0.11767711122783112,6.522266957828994
2019-11-20 23:00:00+00:00,-0.9643786319940033,0.7532897712023924,0.0,-0.9152750739210356,-0.5101334240974363,-0.0,,0.11767711122783112,-0.1457949175366577
2019-11-21 00:00:00+00:00,-1.0280478461254168,0.8087776975642256,0.5656062497087926,-0.900402261084027,-0.5132229598100643,-0.44966050631790055,,-0.07749468300369469,-0.1457949175366577
2019-11-21 01:00:00+00:00,0.22365218445113996,0.8008596476485689,-0.19290145477602264,0.10411718198101254,-0.5161593175109116,-0.4496605063176449,,-0.07749468300369469,-0.1457949175366577
2019-11-21 02:00:00+00:00,0.07063644427334458,0.5898738260380233,0.4463367637757993,-0.029424474382453783,-0.5189500304821819,-0.0,,-0.07749468300369469,-0.1457949175366577
2019-11-21 03:00:00+00:00,0.008339709616413253,0.4432580646701552,-0.4210554504768188,-0.01528459426983969,-0.5216022674465116,0.22483025315869468,,-0.07749468300369469,-0.1457949175366577
2019-11-21 04:00:00+00:00,-0.031977094035484196,0.44821712177695944,0.16709884072132275,0.04795827652562006,-0.5241228496349852,-0.6744907594765952,,-0.07749468300369469,-0.1457949175366577
2019-11-21 05:00:00+00:00,0.10199622240636853,0.5429134767955767,0.16709884072132275,0.059212647991872466,-0.5265182671119969,-0.8993210126355454,,-0.07749468300369469,-0.1457949175366577
2019-11-21 06:00:00+00:00,0.0820132767651864,0.5801990131011162,-0.7002933735312947,0.13160969930537175,-0.5287946943837676,-1.1241512657944956,,-0.07749468300369469,-0.1457949175366577
2019-11-21 07:00:00+00:00,0.13345635383332122,0.6805236722774691,0.16709884072132275,0.1364646828519236,-0.5309580053169399,-2.023472278430041,,-0.07749468300369469,-0.1457949175366577
2019-11-21 08:00:00+00:00,0.15377825312360416,0.9288162305203992,0.16709884072132275,0.19989659277924796,-0.5330137873932154,-1.348981518953446,,-0.07749468300369469,-0.1457949175366577
2019-11-21 09:00:00+00:00,0.22227579253805244,0.8849513668776376,-0.4210554504768188,0.1464249322613625,-0.5349673553254969,-2.2483025315889913,,-0.07749468300369469,-0.1457949175366577
2019-11-21 10:00:00+00:00,0.26007755165932867,0.9239643728846886,0.3144904639792498,0.2221445437302773,-0.5368237640604395,-0.0,,-0.07749468300369469,-0.1457949175366577
2019-11-21 11:00:00+00:00,0.27043113639964866,0.918649868747876,0.3144904639792498,0.21517458200788622,-0.5385878211917264,-0.44966050631790055,,-0.07749468300369469,-0.1457949175366577
2019-11-21 12:00:00+00:00,0.3307369119807872,0.9544288307398504,0.6744907594765952,0.24848854359637587,-0.5402640988077585,0.44966050631790055,,-0.07749468300369469,-0.1457949175366577
2019-11-21 13:00:00+00:00,0.17361705753556797,0.7766125991363634,-0.19290145477602264,0.06625122763272985,-0.5418569447968102,0.22483025315895028,,-0.07749468300369469,-0.1457949175366577
2019-11-21 14:00:00+00:00,0.1392281953757052,0.7219397392028247,0.0,0.054812806709754774,-0.5433704936320335,0.8993210126355454,,-0.07749468300369469,-0.1457949175366577
2019-11-21 15:00:00+00:00,0.20757608885418852,0.8216339906138721,0.0,0.11763893273187061,-0.5448086766580265,-0.0,,-0.07749468300369469,-0.1457949175366577
2019-11-21 16:00:00+00:00,0.2650289294604297,0.8276769504076452,0.16709884072132275,0.11433164442639594,-0.5461752318999921,-0.44966050631790055,,-0.07749468300369469,-0.1457949175366577
2019-11-21 17:00:00+00:00,0.23545127823576398,0.7950143771219991,0.0,0.10930561062707905,-0.5474737134158393,-1.5738117721121407,,-0.07749468300369469,-0.1457949175366577
2019-11-21 18:00:00+00:00,0.23881971173004352,0.8950909419695918,-0.4210554504768188,0.1403678093140164,-0.5487075002108839,-0.44966050631790055,,-0.07749468300369469,-0.1457949175366577
2019-11-21 19:00:00+00:00,0.5011309113298091,1.0834170754698484,0.16709884072132275,0.25206194076227384,-0.549879804734132,-0.6744907594765952,,-0.07749468300369469,-0.1457949175366577
2019-11-21 20:00:00+00:00,0.6282457296542211,1.0938939834596015,-1.5676855877839126,0.2170288682140513,-0.5509936809744517,-0.22483025315895028,,-0.07749468300369469,-0.1457949175366577
2019-11-21 21:00:00+00:00,0.5031541550887396,0.9313975662605137,-0.7002933735312947,0.15907710103810738,-0.5520520321742699,0.22483025315895028,-0.5285869172094885,-0.07749468300369469,-0.1457949175366577
2019-11-21 22:00:00+00:00,0.5617991136144119,1.0154859611195624,0.3144904639792498,0.18283007181384364,-0.5530576181777784,0.8993210126355454,-0.21258135480863077,-0.07749468300369469,-0.1457949175366577
2019-11-21 23:00:00+00:00,-0.709704269790127,1.0917875401774468,0.0,-0.7675933881377585,-0.5540130624299826,1.1241512657944956,-1.3332825901866094,-0.07749468300369469,-0.1457949175366577
2019-11-22 00:00:00+00:00,-0.6236917011008489,1.1526946332510843,0.0,-0.7571119518463043,-0.5549208586422993,2.2483025315889913,0.656469983323871,-0.9701186242684643,-0.1457949175366577
2019-11-22 01:00:00+00:00,0.8619309596040563,1.2700449521539288,0.16709884072132275,0.3714323730736563,-0.5557833771397881,0.8993210126355454,0.6123329137671332,-0.9701186242684643,-0.1457949175366577
2019-11-22 02:00:00+00:00,0.8373005800483597,1.206906515901697,-0.4210554504768188,0.27727788458355196,-0.5566028709045018,2.473132784747942,0.5668976848469602,-0.9701186242684643,-0.1457949175366577
2019-11-22 03:00:00+00:00,0.8696695018856777,1.1155936453291293,0.3144904639792498,0.23055891834834039,-0.5573814813288496,1.348981518953446,0.520085613577926,-0.9701186242684643,-0.1457949175366577
2019-11-22 04:00:00+00:00,0.832143228752932,1.0762114815853228,0.4463367637757993,0.25420802102911866,-0.5581212436923019,0.8993210126355454,,-0.9701186242684643,-0.1457949175366577
2019-11-22 05:00:00+00:00,1.0147833202733425,1.198001039492974,-0.7002933735312947,0.16921558350539728,-0.5588240923742052,1.1241512657944956,,-0.9701186242684643,-0.1457949175366577
2019-11-22 06:00:00+00:00,1.7625038530491781,1.595620566125483,-1.0602936690286402,0.045643684899209516,-0.5594918658149458,-2.2483025315889913,,-0.9701186242684643,-0.1457949175366577
2019-11-22 07:00:00+00:00,3.0698063540021856,2.8579852868053384,1.2495414498339177,0.5921438509508931,-0.5601263112371747,-1.7986420252713464,,-0.9701186242684643,-0.1457949175366577
2019-11-22 08:00:00+00:00,4.536289502514252,3.10637989020033,1.9777478567635156,1.7548122367286658,-0.5607290891383075,-1.3489815189531904,,-0.9701186242684643,-0.1457949175366577
2019-11-22 09:00:00+00:00,0.9567162705537643,1.0456101117397263,0.7746547987902044,0.11330569215515306,-0.5613017775650277,-0.22483025315895028,,-0.9701186242684643,-0.1457949175366577
2019-11-22 10:00:00+00:00,0.5432583230859234,0.7395994737544144,1.0344910549739406,0.13969598140793224,-0.5618458761800518,0.22483025315895028,,-0.9701186242684643,-0.1457949175366577
2019-11-22 11:00:00+00:00,0.6204344410235382,0.871214220588564,0.4463367637757993,0.21010374765740158,-0.5623628101309632,0.22483025315869468,,-0.9701186242684643,-0.1457949175366577
2019-11-22 12:00:00+00:00,0.5867812462409195,0.9740870677883692,0.3144904639792498,0.22708642057559078,-0.562853933730493,1.1241512657944956,,-0.9701186242684643,-0.1457949175366577
2019-11-22 13:00:00+00:00,0.6256608154426669,0.969059977078444,0.0,0.21962154081536964,-0.5633205339571943,1.1241512657944956,,-0.9701186242684643,-0.1457949175366577
2019-11-22 14:00:00+00:00,0.5817971678947114,0.907131270066427,0.5656062497087926,0.20031738000113739,-0.5637638337850728,1.1241512657944956,,-0.9701186242684643,-0.1457949175366577
2019-11-22 15:00:00+00:00,0.5843403859862931,0.9772481906427893,-1.0602936690286402,0.17763528956691008,-0.564184995350332,0.8993210126358011,,-0.9701186242684643,-0.1457949175366577
2019-11-22 16:00:00+00:00,0.5284294930111342,0.8453103271232049,0.0,0.12854540970668754,-0.5645851229630339,0.8993210126355454,,-0.9701186242684643,-0.1457949175366577
2019-11-22 17:00:00+00:00,0.503287615343105,0.7651962161299177,-0.4210554504768188,0.17085099770328685,-0.5649652659711106,-0.0,,-0.9701186242684643,-0.1457949175366577
2019-11-22 18:00:00+00:00,0.6443534801585359,0.7385588837588845,-0.7002933735312947,0.18456450740823138,-0.5653264214838288,0.4496605063176449,,-0.9701186242684643,-0.1457949175366577
2019-11-22 19:00:00+00:00,0.7578534110881991,0.975821871139859,-1.0602936690286402,0.1883693086290674,-0.5656695369614725,0.6744907594768508,,-0.9701186242684643,-0.1457949175366577
2019-11-22 20:00:00+00:00,0.8320723667434012,0.9700770783096062,0.3144904639792498,0.2085446403714842,-0.5659955126777052,0.4496605063176449,-0.6235159829216754,-0.9701186242684643,-0.1457949175366577
2019-11-22 21:00:00+00:00,0.8522099260966559,0.8864540069963615,0.16709884072132275,0.1753950489427222,-0.5663052040607666,0.8993210126358011,-1.2040411397920254,-0.9701186242684643,-0.1457949175366577
2019-11-22 22:00:00+00:00,1.2826484941741398,0.9740609436982766,-1.0602936690286402,0.18294015321433113,-0.5665994239193699,-0.0,-1.2830034097615082,-0.9701186242684643,-0.1457949175366577
2019-11-22 23:00:00+00:00,-0.19764237461663076,1.0401291733126636,0.0,-0.7649370910980225,-0.5668789445588985,0.6744907594765952,-2.0267825196673592,-0.9701186242684643,-0.1457949175366577
2019-11-23 00:00:00+00:00,-0.16677845740907044,1.2109179466350097,0.0,-0.693190830047666,-0.5671444997932282,-0.6744907594765952,-1.9466049508060879,0.33006994612684376,-0.1457949175366577
2019-11-23 01:00:00+00:00,1.5461311581135877,1.246251973618396,-1.5676855877839126,0.3298486649444848,-0.5673967868572569,0.6744907594765952,-1.8703839754850706,0.33006994612684376,-0.1457949175366577
2019-11-23 02:00:00+00:00,1.4212019492775092,1.136071048584168,-0.4210554504768188,0.35735090903798405,-0.5676364682249784,0.6744907594765952,-1.7977473901739718,0.33006994612684376,-0.1457949175366577
2019-11-23 03:00:00+00:00,1.998533670630507,1.1301370138679747,-1.0602936690286402,0.43423442264022816,-0.5678641733377114,0.44966050631790055,,0.33006994612684376,-0.1457949175366577
2019-11-23 04:00:00+00:00,3.074550791642807,1.726866468673989,-2.4350778020365302,0.46751992698607203,-0.5680805002468711,0.44966050631790055,,0.33006994612684376,-0.1457949175366577
2019-11-23 05:00:00+00:00,3.7578475279660486,2.422615246734383,0.7746547987902044,1.1517803083692368,-0.5682860171754645,0.22483025315869468,,0.33006994612684376,-0.1457949175366577
2019-11-23 06:00:00+00:00,3.29276871086466,2.500485553297665,1.1103556425108978,1.2790802077794998,-0.5684812640022899,-0.4496605063176449,,0.33006994612684376,-0.1457949175366577
2019-11-23 07:00:00+00:00,1.6499552902133598,1.6429518707274708,0.3144904639792498,0.3611297424152472,-0.5686667536726291,-1.1241512657944956,,0.33006994612684376,-0.1457949175366577
2019-11-23 08:00:00+00:00,2.7551932615336856,2.033248378394792,1.1103556425108978,0.7637110276794584,-0.5688429735390378,-1.5738117721123963,,0.33006994612684376,-0.1457949175366577
2019-11-23 09:00:00+00:00,4.467194778545307,2.7832585997663335,1.2495414498339177,1.2547165792149892,-0.5690103866356718,-1.1241512657944956,,0.33006994612684376,-0.1457949175366577
2019-11-23 10:00:00+00:00,3.709169026341866,2.190711812512237,0.7746547987902044,1.1415756882259043,-0.5691694328894118,-0.0,,0.33006994612684376,-0.1457949175366577
2019-11-23 11:00:00+00:00,2.736223485980522,1.4033444764301934,0.3144904639792498,0.9697853430949054,-0.5693205302708991,0.22483025315895028,,0.33006994612684376,-0.1457949175366577
2019-11-23 12:00:00+00:00,1.0907090142058258,1.1739896596200141,-0.7002933735312947,0.3217709344237406,-0.5694640758884421,0.22483025315895028,,0.33006994612684376,-0.1457949175366577
2019-11-23 13:00:00+00:00,0.5592177412829789,1.4895184034677211,0.3144904639792498,0.07988082709415374,-0.5696004470276059,0.6744907594765952,,0.33006994612684376,6.522266957828994
2019-11-23 14:00:00+00:00,1.2625332230526376,1.260070700728724,-0.4210554504768188,0.48603514277366106,-0.5697300021391676,1.1241512657944956,,0.33006994612684376,-0.1457949175366577
2019-11-23 15:00:00+00:00,1.276030210970374,0.9338432208312891,-0.19290145477602264,0.49117322432899135,-0.5698530817779817,1.1241512657944956,,0.33006994612684376,-0.1457949175366577
2019-11-23 16:00:00+00:00,9.334009469500284,0.8612926740911623,-0.19290145477602264,3.486402623465092,-0.5699700094951843,0.22483025315895028,,0.33006994612684376,10.42283310740629
2019-11-23 17:00:00+00:00,1.2720196082916566,0.48783476910468815,-1.5676855877839126,0.4408656190536678,-0.5700810926860377,-0.0,,0.33006994612684376,-0.1457949175366577
2019-11-23 18:00:00+00:00,1.5429284338928384,0.41721978951571226,-0.19290145477602264,0.4512133757107482,-0.5701866233956119,-0.22483025315895028,,0.33006994612684376,-0.1457949175366577
2019-11-23 19:00:00+00:00,1.621703772562792,0.2690909196042942,-0.7002933735312947,0.4662102752347721,-0.5702868790843872,-0.8993210126355454,,0.33006994612684376,-0.1457949175366577
2019-11-23 20:00:00+00:00,1.3313787919396134,0.21424552641726188,-0.19290145477602264,0.4454868232780091,-0.5703821233557624,-0.22483025315895028,,0.33006994612684376,6.522266957828994
2019-11-23 21:00:00+00:00,1.3950715770797675,0.3895487314419432,0.16709884072132275,0.4757617135345956,-0.570472606647356,0.44966050631790055,,0.33006994612684376,-0.1457949175366577
2019-11-23 22:00:00+00:00,1.3023268296183357,0.48099456793042944,0.3144904639792498,0.4134712002438146,-0.5705585668878923,0.22483025315895028,,0.33006994612684376,-0.1457949175366577
2019-11-23 23:00:00+00:00,0.0365171352419345,0.44288755664725077,0.0,-0.6202942834159991,-0.5706402301213811,0.22483025315869468,,0.33006994612684376,-0.1457949175366577
2019-11-24 00:00:00+00:00,-0.1259974300814575,0.5081412001357746,0.4463367637757993,-0.660175812595693,-0.570717811100211,0.8993210126358011,,0.2984980382364502,-0.1457949175366577
2019-11-24 01:00:00+00:00,1.6007371530621886,0.43951281945713133,-0.19290145477602264,0.4584744405788656,-0.5707915138486997,1.1241512657944956,-0.6839701129620674,0.2984980382364502,-0.1457949175366577
2019-11-24 02:00:00+00:00,1.6893170524898824,0.3961143184363522,0.0,0.4737387423482376,-0.5708615321985668,1.1241512657944956,-0.4596879665377728,0.2984980382364502,-0.1457949175366577
2019-11-24 03:00:00+00:00,1.6507498632808546,0.5831233087480044,-0.19290145477602264,0.523594200979053,-0.5709280502977238,1.7986420252710908,-0.4661573289316371,0.2984980382364502,6.522266957828994
2019-11-24 04:00:00+00:00,1.8421449238157548,0.47898622055437845,-0.19290145477602264,0.5159387724916324,-0.5709912430937065,1.7986420252710908,-0.4700221945094603,0.2984980382364502,-0.1457949175366577
2019-11-24 05:00:00+00:00,1.698705768161229,0.47299454826768184,-0.19290145477602264,0.5385125476535637,-0.5710512767930099,0.6744907594768508,-0.4738967530878373,0.2984980382364502,-0.1457949175366577
2019-11-24 06:00:00+00:00,1.8330606061249757,0.4747502178920172,-0.19290145477602264,0.5136505710165317,-0.5711083092975223,-0.0,-0.4777810534087157,0.2984980382364502,-0.1457949175366577
2019-11-24 07:00:00+00:00,1.6935606718158802,0.4785908884485658,-1.5676855877839126,0.5088106963847382,-0.5711624906191989,-0.6744907594768508,,0.2984980382364502,6.522266957828994
2019-11-24 08:00:00+00:00,1.9448504159008415,0.6263663704479178,-1.0602936690286402,0.5327465548606405,-0.5712139632740547,-0.8993210126355454,,0.2984980382364502,-0.1457949175366577
2019-11-24 09:00:00+00:00,1.5885360669073099,0.4799698785897254,-0.4210554504768188,0.471101456605699,-0.5712628626565079,-0.0,,0.2984980382364502,-0.1457949175366577
2019-11-24 10:00:00+00:00,1.7827064096094682,0.5535701032071781,-0.19290145477602264,0.4804979819609756,-0.5713093173950505,-0.0,,0.2984980382364502,-0.1457949175366577
2019-11-24 11:00:00+00:00,1.7845756720733918,0.5466693809733714,-1.0602936690286402,0.4626886782700049,-0.5713534496901737,1.348981518953446,,0.2984980382364502,-0.1457949175366577
2019-11-24 12:00:00+00:00,1.9187185939074065,0.7466405427115567,-1.0602936690286402,0.5374147344708397,-0.5713953756354347,0.6744907594765952,,0.2984980382364502,-0.1457949175366577
2019-11-24 13:00:00+00:00,1.906160948731841,0.774436350923329,-1.0602936690286402,0.5232221598101441,-0.5714352055225026,0.22483025315895028,,0.2984980382364502,-0.1457949175366577
2019-11-24 14:00:00+00:00,1.9736684749252067,0.6311790349658695,-1.0602936690286402,0.544363854147504,-0.5714730441309803,0.22483025315895028,,0.2984980382364502,6.522266957828994
2019-11-24 15:00:00+00:00,2.067790897976044,0.682926726777471,-1.0602936690286402,0.5065604295512157,-0.5715089910037624,0.8993210126355454,,0.2984980382364502,-0.1457949175366577
2019-11-24 16:00:00+00:00,2.1183358398540544,0.8081266245237035,-1.0602936690286402,0.5440484791594321,-0.5715431407086498,-0.4496605063176449,,0.2984980382364502,-0.1457949175366577
2019-11-24 17:00:00+00:00,2.2483086970945356,0.8276122565565659,-2.4350778020365302,0.5357388881669187,-0.5715755830869034,-1.1241512657944956,,0.2984980382364502,-0.1457949175366577
2019-11-24 18:00:00+00:00,2.489322589824857,0.8716124197397402,-0.7002933735312947,0.572709711152376,-0.5716064034893918,-1.1241512657944956,,0.2984980382364502,-0.1457949175366577
2019-11-24 19:00:00+00:00,2.602196737066422,1.005575586206315,-1.5676855877839126,0.6527933116701535,-0.5716356830009478,-0.6744907594768508,,0.2984980382364502,-0.1457949175366577
2019-11-24 20:00:00+00:00,2.574189881751892,0.9862279382182927,-0.19290145477602264,0.6219483705331524,-0.5716634986535226,-1.348981518953446,,0.2984980382364502,-0.1457949175366577
2019-11-24 21:00:00+00:00,3.016446769077245,1.2526276466692736,-0.7002933735312947,0.82955610179479,-0.5716899236286981,-1.1241512657944956,,0.2984980382364502,-0.1457949175366577
2019-11-24 22:00:00+00:00,3.896423453252976,2.0036870915243474,0.3144904639792498,0.8230617379755951,-0.5717150274500848,-1.1241512657944956,,0.2984980382364502,-0.1457949175366577
2019-11-24 23:00:00+00:00,2.5768159622056657,2.1894257796100827,0.8673922142526176,0.4545793730690576,-0.5717388761661135,-0.6744907594765952,,0.2984980382364502,-0.1457949175366577
2019-11-25 00:00:00+00:00,3.001256631843027,2.224379009499912,1.4886246193366648,0.6116143070803418,-0.5717615325236959,-0.0,,0.0,-0.1457949175366577
2019-11-25 01:00:00+00:00,6.394022288722585,2.2185396500571253,1.6892745969871394,2.4082616177295155,-0.5717830561332122,-0.0,,0.0,-0.1457949175366577
2019-11-25 02:00:00+00:00,5.84406083053079,2.211278975793373,1.5929669010828926,2.198141438004476,-0.5718035036252598,0.6744907594765952,,0.0,-0.1457949175366577
2019-11-25 03:00:00+00:00,3.182687794490934,1.0769952099538218,-0.4210554504768188,1.0011750744359347,-0.571822928799569,0.6744907594768508,,0.0,-0.1457949175366577
2019-11-25 04:00:00+00:00,1.9411738303022852,0.047739789500771075,-1.5676855877839126,0.6664801772707418,-0.5718413827664829,-0.22483025315895028,,0.0,-0.1457949175366577
2019-11-25 05:00:00+00:00,1.6532161800205338,-0.0530650983971153,-1.5676855877839126,0.6995632487777681,-0.5718589140813677,-1.1241512657944956,,0.0,-0.1457949175366577
2019-11-25 06:00:00+00:00,1.5763673687624356,-0.1004970258719371,-1.0602936690286402,0.7604947762768668,-0.5718755688723092,-1.5738117721123963,,0.0,-0.1457949175366577
2019-11-25 07:00:00+00:00,1.5943553125654255,-0.047057232978737706,-0.19290145477602264,0.8347535873456593,-0.5718913909614294,-2.023472278430041,,0.0,-0.1457949175366577
2019-11-25 08:00:00+00:00,1.6708386533837525,0.04631024847111447,-1.0602936690286402,0.7037299561136202,-0.571906421980141,-1.7986420252710908,,0.0,-0.1457949175366577
2019-11-25 09:00:00+00:00,1.5745846381322126,0.2011388447422036,0.16709884072132275,0.6290822088167055,-0.5719207014786449,-0.8993210126355454,,0.0,-0.1457949175366577
2019-11-25 10:00:00+00:00,1.4420005152348887,0.041797077104710915,0.16709884072132275,0.5931617062276759,-0.5719342670299559,0.22483025315869468,,0.0,-0.1457949175366577
2019-11-25 11:00:00+00:00,1.6146939031158045,0.3239007665829848,0.3144904639792498,0.5821930702507616,-0.5719471543287297,-0.22483025315869468,,0.0,-0.1457949175366577
2019-11-25 12:00:00+00:00,2.012767188210593,0.281185195162728,0.16709884072132275,0.6732021453914476,-0.5719593972851529,-0.44966050631790055,,0.0,6.522266957828994
2019-11-25 13:00:00+00:00,2.284762896233565,0.20274984062852,-0.4210554504768188,0.7344739908598248,-0.5719710281141409,0.22483025315895028,,0.0,-0.1457949175366577
2019-11-25 14:00:00+00:00,2.49058020360306,0.17322511095528173,-1.0602936690286402,0.7335524700301326,-0.5719820774200778,-0.22483025315895028,,0.0,-0.1457949175366577
2019-11-25 15:00:00+00:00,2.522657782748902,0.3136602472286193,-1.5676855877839126,0.8178304334896007,-0.5719925742773225,0.22483025315895028,,0.0,-0.1457949175366577
2019-11-25 16:00:00+00:00,2.417793567382237,0.5150629781419314,-1.0602936690286402,0.7708442857493577,-0.5720025463066906,-0.22483025315895028,,0.0,-0.1457949175366577
2019-11-25 17:00:00+00:00,2.701162294297821,0.7103859353394021,-1.0602936690286402,0.888138618812054,-0.5720120197481149,-0.8993210126355454,,0.0,-0.1457949175366577
2019-11-25 18:00:00+00:00,2.846335937595345,0.6840597943722908,-2.4350778020365302,0.8327067353274366,-0.5720210195296739,-0.8993210126355454,,0.0,-0.1457949175366577
2019-11-25 19:00:00+00:00,2.858900395382473,0.7151099966629204,-0.4210554504768188,0.8260517418398977,-0.5720295693331708,-1.1241512657944956,,0.0,-0.1457949175366577
2019-11-25 20:00:00+00:00,2.98756362775376,0.5275243593145283,-1.5676855877839126,0.7775102217172157,-0.5720376916564348,-1.348981518953446,,0.0,-0.1457949175366577
2019-11-25 21:00:00+00:00,2.835252366852902,0.8506201955121774,-0.4210554504768188,0.8514947696375958,-0.5720454078725083,-0.6744907594768508,,0.0,-0.1457949175366577
2019-11-25 22:00:00+00:00,3.227998152286626,0.8568046097232794,-0.7002933735312947,0.9358939730074847,-0.5720527382858759,-0.0,-0.6417502383232726,0.0,-0.1457949175366577
2019-11-25 23:00:00+00:00,0.8234521734397577,0.7305373745024168,-0.7002933735312947,-0.4252839471192208,-0.5720597021858833,0.22483025315895028,-0.6364422668417137,0.0,-0.1457949175366577
2019-11-26 00:00:00+00:00,1.236985738805817,0.800055742630977,-0.7002933735312947,-0.17013384520609778,-0.5720663178974861,0.6744907594768508,-0.6311524701489637,0.7577257893694511,-0.1457949175366577
2019-11-26 01:00:00+00:00,3.7059936932155395,1.3981616371441068,-1.0602936690286402,1.0484705852548342,-0.5720726028294614,0.22483025315869468,-0.6258807242066462,0.7577257893694511,-0.1457949175366577
2019-11-26 02:00:00+00:00,3.748349747669572,1.0447844168607572,-1.5676855877839126,1.2291953650726477,-0.5720785735202101,1.1241512657944956,,0.7577257893694511,-0.1457949175366577
2019-11-26 03:00:00+00:00,3.8484335329648003,1.3037053222771176,0.16709884072132275,1.0760542190176858,-0.57208424568127,1.1241512657944956,,0.7577257893694511,-0.1457949175366577
2019-11-26 04:00:00+00:00,5.233591597717988,2.027413212952166,1.181882678231867,1.959395504210395,-0.5720896342386526,0.6744907594768508,,0.7577257893694511,-0.1457949175366577
2019-11-26 05:00:00+00:00,7.049157347288086,1.6699339903858206,2.049274892484485,2.791719528219487,-0.5720947533721152,-0.22483025315895028,,0.7577257893694511,-0.1457949175366577
2019-11-26 06:00:00+00:00,8.598355577045666,2.498879632420925,2.083561487822116,3.4156455424451377,-0.5720996165524688,-0.6744907594765952,,0.7577257893694511,-0.1457949175366577
2019-11-26 07:00:00+00:00,5.634584711800278,1.2339637737904867,1.1103556425108978,2.5700175088951087,-0.5721042365770213,-0.8993210126358011,,0.7577257893694511,-0.1457949175366577
2019-11-26 08:00:00+00:00,2.432482879374851,0.2757803743302888,0.16709884072132275,1.1424101228219488,-0.5721086256032493,-0.8993210126355454,,0.7577257893694511,-0.1457949175366577
2019-11-26 09:00:00+00:00,2.3350907300165855,-0.26717300504240904,-1.0602936690286402,1.0441283669489443,-0.5721127951807856,-0.6744907594765952,,0.7577257893694511,-0.1457949175366577
2019-11-26 10:00:00+00:00,2.177329953166197,-0.2642220900433397,-0.7002933735312947,0.951580398966474,-0.5721167562818097,0.4496605063176449,,0.7577257893694511,-0.1457949175366577
2019-11-26 11:00:00+00:00,2.1281628830416723,-0.1605840904613133,-0.4210554504768188,0.8955582646700581,-0.5721205193299166,-0.0,,0.7577257893694511,-0.1457949175366577
2019-11-26 12:00:00+00:00,2.7746133891123534,-0.2140697537630287,-1.0602936690286402,1.152408212247448,-0.5721240942275441,0.8993210126358011,,0.7577257893694511,-0.1457949175366577
2019-11-26 13:00:00+00:00,2.679295578609076,-0.14610672389578058,-1.5676855877839126,1.1023702169915242,-0.5721274903820284,0.4496605063176449,,0.7577257893694511,-0.1457949175366577
2019-11-26 14:00:00+00:00,2.6180082669507736,-0.009751099587151792,-1.5676855877839126,1.1007472575718924,-0.572130716730357,1.1241512657944956,,0.7577257893694511,-0.1457949175366577
2019-11-26 15:00:00+00:00,2.4360467507903385,-0.10096207128117654,-0.7002933735312947,0.9773490691429347,-0.5721337817626849,0.6744907594768508,,0.7577257893694511,-0.1457949175366577
2019-11-26 16:00:00+00:00,2.6139873307553176,0.0462952985322475,-1.5676855877839126,0.9729156139726937,-0.5721366935446742,-0.0,,0.7577257893694511,-0.1457949175366577
2019-11-26 17:00:00+00:00,2.4792481556131674,0.38000991118565103,-0.4210554504768188,0.9636012782872728,-0.5721394597387172,-0.6744907594768508,,0.7577257893694511,-0.1457949175366577
2019-11-26 18:00:00+00:00,2.7950076373477697,0.3740215522387235,-1.0602936690286402,0.956441929166614,-0.5721420876240986,-1.1241512657944956,,0.7577257893694511,-0.1457949175366577
2019-11-26 19:00:00+00:00,2.938442833804922,0.5142213423719585,-2.4350778020365302,0.8786855919707842,-0.5721445841161502,-0.4496605063176449,,0.7577257893694511,-0.1457949175366577
2019-11-26 20:00:00+00:00,2.9706893313870704,0.5542568105180237,-0.19290145477602264,1.079018749214853,-0.5721469557844469,-0.22483025315895028,,0.7577257893694511,-0.1457949175366577
2019-11-26 21:00:00+00:00,2.093560291921893,0.6922438094545038,0.16709884072132275,0.9353839487742042,-0.5721492088700938,-0.22483025315895028,-0.524056100262349,0.7577257893694511,-0.1457949175366577
2019-11-26 22:00:00+00:00,2.1375032292216085,0.8696414168544546,0.3144904639792498,0.9116063735644712,-0.5721513493021487,0.44966050631790055,-0.6569190544865657,0.7577257893694511,-0.1457949175366577
2019-11-26 23:00:00+00:00,0.6940308945805431,0.996311179596307,-0.7002933735312947,-0.2462190170442524,-0.5721533827132239,0.22483025315869468,-1.0958615789406134,0.7577257893694511,-0.1457949175366577
2019-11-27 00:00:00+00:00,1.701260367473216,1.359614023113419,0.4463367637757993,-0.2017222513202061,-0.5721553144543079,0.8993210126358011,-1.7113289737556137,-0.9155853288214206,-0.1457949175366577
2019-11-27 01:00:00+00:00,3.620939631799799,1.1298056700943497,-0.4210554504768188,1.0573006492469699,-0.5721571496088451,-0.22483025315895028,-0.8959668632624416,-0.9155853288214206,-0.1457949175366577
2019-11-27 02:00:00+00:00,4.758677885894049,2.1620506901237273,1.1103556425108978,1.3490122000282934,-0.5721588930061134,1.5738117721121407,-0.9020275865367825,-0.9155853288214206,-0.1457949175366577
2019-11-27 03:00:00+00:00,7.927835420405607,2.629143929248388,2.2421763472605076,3.0136978726997725,-0.5721605492339318,1.348981518953446,-0.9081121801164875,-0.9155853288214206,-0.1457949175366577
2019-11-27 04:00:00+00:00,9.168120952183228,2.612357260300119,1.3137289780284165,3.552555018459719,-0.5721621226507323,0.44966050631790055,-0.914220832772834,-0.9155853288214206,-0.1457949175366577
2019-11-27 05:00:00+00:00,8.318694177649464,2.2809842776650866,1.821120896783689,3.335935394466737,-0.5721636173970295,0.4496605063176449,,-0.9155853288214206,-0.1457949175366577
2019-11-27 06:00:00+00:00,3.499814130053956,0.9424141971381396,0.4463367637757993,1.3890364628654497,-0.5721650374063156,-0.8993210126355454,,-0.9155853288214206,-0.1457949175366577
2019-11-27 07:00:00+00:00,1.5795078316076119,0.6801840762875244,0.6744907594765952,1.011094265377368,-0.5721663864154118,-1.1241512657944956,,-0.9155853288214206,-0.1457949175366577
2019-11-27 08:00:00+00:00,1.4179533021726216,0.8217179299543833,0.0,0.8004279359330756,-0.5721676679743006,-0.6744907594765952,,-0.9155853288214206,-0.1457949175366577
2019-11-27 09:00:00+00:00,1.5810080138191902,0.7844704988738473,0.9537286825310711,0.8744184598643999,-0.5721688854554684,-1.348981518953446,,-0.9155853288214206,-0.1457949175366577
2019-11-27 10:00:00+00:00,1.5859331223538295,0.6706048242477338,-0.19290145477602264,0.7474575091670699,-0.5721700420627793,0.44966050631790055,,-0.9155853288214206,-0.1457949175366577
2019-11-27 11:00:00+00:00,1.781435618526348,0.5129294739108248,-0.4210554504768188,0.8203647403191652,-0.5721711408399067,-0.22483025315895028,,-0.9155853288214206,-0.1457949175366577
2019-11-27 12:00:00+00:00,1.8991259499176742,0.38862330335409645,0.16709884072132275,0.9761790779090382,-0.5721721846783419,2.473132784747942,,-0.9155853288214206,-0.1457949175366577
2019-11-27 13:00:00+00:00,2.0866229330625434,0.24818861903676623,-1.0602936690286402,1.0384478705438767,-0.5721731763250035,-0.22483025315895028,,-0.9155853288214206,-0.1457949175366577
2019-11-27 14:00:00+00:00,2.4073377674372964,0.19613147553963423,0.0,1.159684211356158,-0.5721741183894657,1.348981518953446,,-0.9155853288214206,-0.1457949175366577
2019-11-27 15:00:00+00:00,2.3688396641250415,0.34008693800297435,-1.0602936690286402,1.1255348668462475,-0.5721750133508257,0.22483025315869468,,-0.9155853288214206,-0.1457949175366577
2019-11-27 16:00:00+00:00,2.445160573138739,0.534939944448828,0.3144904639792498,1.0407546207862894,-0.5721758635642266,-0.6744907594765952,,-0.9155853288214206,-0.1457949175366577
2019-11-27 17:00:00+00:00,2.4837233256166242,0.534129633099624,-0.7002933735312947,1.0535832804057053,-0.5721766712670556,-2.023472278430041,,-0.9155853288214206,-0.1457949175366577
2019-11-27 18:00:00+00:00,2.440100212960768,0.6184613825957455,-0.7002933735312947,1.0728427749024327,-0.5721774385848319,-1.7986420252713464,,-0.9155853288214206,-0.1457949175366577
2019-11-27 19:00:00+00:00,2.4431945333849288,0.618536738335629,-0.7002933735312947,1.166376953167563,-0.5721781675367996,-1.1241512657944956,,-0.9155853288214206,-0.1457949175366577
2019-11-27 20:00:00+00:00,3.108719144487586,0.6040797686685069,0.16709884072132275,1.0909535524475082,-0.5721788600412411,-0.22483025315869468,,-0.9155853288214206,-0.1457949175366577
2019-11-27 21:00:00+00:00,3.058251022106346,0.8060764807078883,0.16709884072132275,1.0382670278892203,-0.5721795179205258,0.6744907594765952,,-0.9155853288214206,-0.1457949175366577
2019-11-27 22:00:00+00:00,2.6507043317163763,0.42244745740151285,-0.4210554504768188,1.2136389631220732,-0.572180142905905,0.44966050631790055,,-0.9155853288214206,-0.1457949175366577
2019-11-27 23:00:00+00:00,1.4705261174004862,0.8594549232911429,-0.4210554504768188,-0.24181075444717542,-0.5721807366420685,-0.22483025315895028,,-0.9155853288214206,-0.1457949175366577
2019-11-28 00:00:00+00:00,1.844968112607524,1.2020894305873353,0.3144904639792498,-0.2441127366800504,-0.5721813006914717,1.348981518953446,,-0.27553665067980115,-0.1457949175366577
2019-11-28 01:00:00+00:00,3.871430418154617,1.091125804365234,0.7746547987902044,1.3269442746441764,-0.572181836538448,0.22483025315869468,,-0.27553665067980115,-0.1457949175366577
2019-11-28 02:00:00+00:00,5.037704925029394,1.9155351475796911,1.4886246193366648,1.4961620920110907,-0.5721823455931145,0.44966050631790055,,-0.27553665067980115,-0.1457949175366577
2019-11-28 03:00:00+00:00,3.209333728296446,0.4879775816264809,0.4463367637757993,1.476651644661053,-0.5721828291950831,1.1241512657944956,,-0.27553665067980115,-0.1457949175366577
2019-11-28 04:00:00+00:00,2.6764663221480056,0.4896491999564384,-0.7002933735312947,1.0568638854107029,-0.572183288616985,0.6744907594765952,,-0.27553665067980115,-0.1457949175366577
2019-11-28 05:00:00+00:00,3.371163564342656,0.5849594795720556,0.3144904639792498,1.0276427719416068,-0.5721837250678204,0.22483025315895028,,-0.27553665067980115,-0.1457949175366577
2019-11-28 06:00:00+00:00,3.080201543347563,0.730100330641496,-0.19290145477602264,0.9952365468544399,-0.57218413969614,-0.22483025315895028,,-0.27553665067980115,-0.1457949175366577
2019-11-28 07:00:00+00:00,2.6421259983479,0.4267512414202839,-0.7002933735312947,1.161929999217792,-0.572184533593067,-0.22483025315869468,,-0.27553665067980115,-0.1457949175366577
2019-11-28 08:00:00+00:00,3.5481842936586143,0.9027808009135858,-0.4210554504768188,0.9892806022171242,-0.5721849077951688,-0.22483025315895028,,-0.27553665067980115,-0.1457949175366577
2019-11-28 09:00:00+00:00,4.043802558789298,1.5067310636288984,0.3144904639792498,1.1945614938432063,-0.5721852632871844,-1.5738117721123963,,-0.27553665067980115,-0.1457949175366577
2019-11-28 10:00:00+00:00,5.563927162187338,1.8488583329311046,1.4886246193366648,1.8394883856747601,-0.5721856010046166,0.44966050631790055,,-0.27553665067980115,-0.1457949175366577
2019-11-28 11:00:00+00:00,8.013347497449246,1.668288474044897,2.3829293212830405,3.0364775524975927,-0.5721859218361927,0.4496605063176449,,-0.27553665067980115,-0.1457949175366577
2019-11-28 12:00:00+00:00,8.35230159753354,1.5903249909117774,1.9403903827166824,3.2710128670706986,-0.5721862266262039,-0.0,,-0.27553665067980115,-0.1457949175366577
2019-11-28 13:00:00+00:00,6.757155102886722,1.3159839632636179,1.4329984639614104,2.8761401395445465,-0.5721865161767272,0.22483025315895028,,-0.27553665067980115,-0.1457949175366577
2019-11-28 14:00:00+00:00,1.9158949556429468,0.062443231406646905,-0.4210554504768188,1.2064463584380292,-0.5721867912497357,0.8993210126355454,,-0.27553665067980115,-0.1457949175366577
2019-11-28 15:00:00+00:00,0.9083827668517137,0.5200146344982147,1.0344910549739406,0.186463814454214,-0.5721870525691042,0.6744907594768508,,-0.27553665067980115,-0.1457949175366577
2019-11-28 16:00:00+00:00,0.8246785700231025,0.9028691007698338,0.8673922142526176,-0.09246890855914092,-0.5721873008225135,-0.44966050631790055,,-0.27553665067980115,-0.1457949175366577
2019-11-28 17:00:00+00:00,0.7265533496455695,1.0442958360051502,1.181882678231867,-0.07178386575051413,-0.5382204842174622,-0.6744907594765952,,-0.27553665067980115,-0.1457949175366577
2019-11-28 18:00:00+00:00,0.673487539444202,1.074098916829361,0.6744907594765952,0.026410328047766052,-0.5061081714923358,-0.44966050631790055,,-0.27553665067980115,-0.1457949175366577
2019-11-28 19:00:00+00:00,0.7967507115804501,1.001133031197359,1.2495414498339177,0.1425909241346548,-0.4757410872744621,-1.1241512657944956,,-0.27553665067980115,-0.1457949175366577
2019-11-28 20:00:00+00:00,0.7631363015421141,1.120746930894141,1.3137289780284165,0.1726835215600787,-0.4470172380204493,-1.1241512657944956,-1.1807794315744786,-0.27553665067980115,-0.1457949175366577
2019-11-28 21:00:00+00:00,0.8476073202802196,1.210805268951597,1.1103556425108978,0.18434690004570056,-0.45322163531529697,-0.4496605063176449,-0.724038366172872,-0.27553665067980115,-0.1457949175366577
2019-11-28 22:00:00+00:00,0.9478239193847277,1.3878723126239632,0.9537286825310711,0.2819487608117083,-0.4591210528318938,0.4496605063176449,-0.9482388697333015,-0.27553665067980115,-0.1457949175366577
2019-11-28 23:00:00+00:00,-0.5546519796542243,1.368376803473176,1.181882678231867,-0.8085848679742903,-0.4647302368579118,0.44966050631790055,-0.9296990130530033,-0.27553665067980115,-0.1457949175366577
2019-11-29 00:00:00+00:00,-0.501582606425797,1.5025551966188846,1.6420470130428222,-0.6386407521295744,-0.47006324422734125,0.8993210126355454,-0.9113790124086324,0.5424627810258569,-0.1457949175366577
2019-11-29 01:00:00+00:00,1.0032752198466683,1.4786579141463254,1.1103556425108978,0.49847810132551357,-0.4751334722878867,0.22483025315895028,-0.8932737144984827,0.5424627810258569,-0.1457949175366577
2019-11-29 02:00:00+00:00,1.2441273532833925,1.3722927725900338,1.0344910549739406,0.6800018114589775,-0.47995368778687375,0.8993210126355454,,0.5424627810258569,-0.1457949175366577
2019-11-29 03:00:00+00:00,1.2845393743174225,1.373415502376198,1.181882678231867,0.5488955414039928,-0.48453605469217886,0.22483025315895028,,0.5424627810258569,-0.1457949175366577
2019-11-29 04:00:00+00:00,1.5551226249988563,1.3733436014879181,0.9537286825310711,0.7157748549514037,-0.488892160967112,-0.0,,0.5424627810258569,-0.1457949175366577
2019-11-29 05:00:00+00:00,2.651302728226077,1.2827656394494997,1.2495414498339177,0.8448613078038786,-0.4930330443202176,-0.0,,0.5424627810258569,-0.1457949175366577
2019-11-29 06:00:00+00:00,2.6154943056369437,1.2974319728775938,1.0344910549739406,1.0589737936478418,-0.496969216952651,-1.1241512657944956,,0.5424627810258569,-0.1457949175366577
2019-11-29 07:00:00+00:00,2.959198834108189,1.0632775365693692,0.7746547987902044,0.9655555643783617,-0.4670973924620088,-0.6744907594768508,,0.5424627810258569,-0.1457949175366577
2019-11-29 08:00:00+00:00,4.332498049905662,1.3625908552439725,1.9403903827166824,1.6534803711057409,-0.4723137844397116,-0.4496605063176449,,0.5424627810258569,-0.1457949175366577
2019-11-29 09:00:00+00:00,5.840986544106721,1.1905225074226264,1.6420470130428222,2.351103386299167,-0.47727306037295025,-1.348981518953446,,0.5424627810258569,-0.1457949175366577
2019-11-29 10:00:00+00:00,7.717561973480652,1.2125648245883005,1.9403903827166824,3.3162098259302453,-0.48198771984297456,-0.0,,0.5424627810258569,-0.1457949175366577
2019-11-29 11:00:00+00:00,8.639831092412642,1.8301060191101615,1.6892745969871394,3.408572876700491,-0.4864696714970645,-0.6744907594765952,,0.5424627810258569,-0.1457949175366577
2019-11-29 12:00:00+00:00,9.932548021532076,2.002478487353821,1.5929669010828926,4.102483928929502,-0.4907302593721014,-0.44966050631790055,,0.5424627810258569,-0.1457949175366577
2019-11-29 13:00:00+00:00,6.694484091685799,1.9072826012415438,1.3137289780284165,2.9531033220286327,-0.427776866351385,0.44966050631790055,,0.5424627810258569,-0.1457949175366577
2019-11-29 14:00:00+00:00,2.544397784767364,0.7084653158611223,1.37478413300789,1.4122721383298151,-0.4016343952639979,0.4496605063176449,,0.5424627810258569,-0.1457949175366577
2019-11-29 15:00:00+00:00,2.044381733007755,-0.06334126724969996,1.0344910549739406,1.0073410283022572,-0.4100615889342399,0.8993210126355454,,0.5424627810258569,-0.1457949175366577
2019-11-29 16:00:00+00:00,1.9695644295054717,-0.012862517717101235,-0.4210554504768188,0.9119671938410371,-0.41807709327541337,-0.0,,0.5424627810258569,-0.1457949175366577
2019-11-29 17:00:00+00:00,2.185855730418921,0.14352659400832263,0.3144904639792498,0.9024845182991629,-0.4257005704793598,-0.6744907594765952,,0.5424627810258569,-0.1457949175366577
2019-11-29 18:00:00+00:00,2.0608349666435717,0.4834628468136993,0.8673922142526176,0.7283665353984299,-0.36654997402514494,-0.8993210126355454,,0.5424627810258569,-0.1457949175366577
2019-11-29 19:00:00+00:00,2.2637466476905557,0.3707913810978675,0.0,0.9574402829635168,-0.2781375275280366,-1.1241512657944956,,0.5424627810258569,-0.1457949175366577
2019-11-29 20:00:00+00:00,2.3311230721185345,0.6069061502420998,0.5656062497087926,0.9215158917404047,-0.22749027527636095,-0.22483025315895028,,0.5424627810258569,-0.1457949175366577
2019-11-29 21:00:00+00:00,2.4464546895179233,0.30912962219336004,0.5656062497087926,1.0104773889117986,-0.21194291599554765,0.22483025315895028,,0.5424627810258569,-0.1457949175366577
2019-11-29 22:00:00+00:00,2.3195758144853564,0.4781805453064206,0.6744907594765952,0.8987033399354737,-0.22950989559015278,0.8993210126355454,,0.5424627810258569,-0.1457949175366577
2019-11-29 23:00:00+00:00,0.5345501185197535,0.6735183102817188,0.6744907594765952,-0.3263135454980041,-0.2462406022835704,0.6744907594765952,,0.5424627810258569,-0.1457949175366577
2019-11-30 00:00:00+00:00,0.674865600816805,0.4782444812968783,0.6744907594765952,-0.2028515455094868,-0.2621729344833481,0.6744907594768508,,0.24683491623398776,-0.1457949175366577
2019-11-30 01:00:00+00:00,2.723213225475702,0.3723757337233131,1.1103556425108978,1.1479989639770412,-0.2773432518757985,0.22483025315895028,,0.24683491623398776,-0.1457949175366577
2019-11-30 02:00:00+00:00,3.01604842939357,0.2933070226445857,0.4463367637757993,1.3685163468454749,-0.29178642106851105,0.6744907594765952,,0.24683491623398776,-0.1457949175366577
2019-11-30 03:00:00+00:00,3.0385550226397924,0.5483112846693665,0.8673922142526176,1.182707281854801,-0.3055358615481481,0.6744907594765952,,0.24683491623398776,-0.1457949175366577
2019-11-30 04:00:00+00:00,3.372230197024641,0.9350187104577893,0.6744907594765952,1.3818989765218417,-0.31862359174290195,0.6744907594768508,,0.24683491623398776,-0.1457949175366577
2019-11-30 05:00:00+00:00,2.8416450564746087,0.43764444869901703,0.9537286825310711,1.2828315172222986,-0.3310802750012759,-0.0,,0.24683491623398776,-0.1457949175366577
2019-11-30 06:00:00+00:00,3.756812759622872,1.080274119292415,0.8673922142526176,1.3064146441609819,-0.34293526531973006,-0.0,,0.24683491623398776,-0.1457949175366577
2019-11-30 07:00:00+00:00,5.996127920973514,1.3989775997458664,2.27162199866546,2.1879426535318145,-0.3542166526712034,-0.6744907594768508,,0.24683491623398776,-0.1457949175366577
2019-11-30 08:00:00+00:00,7.767197461825346,1.4179911878084706,2.083561487822116,3.173402678546921,-0.36495130780462337,-0.8993210126355454,,0.24683491623398776,-0.1457949175366577
2019-11-30 09:00:00+00:00,9.05792218039934,1.4839538305325788,2.2421763472605076,3.987680490961386,-0.3751649264022582,-1.1241512657944956,,0.24683491623398776,-0.1457949175366577
2019-11-30 10:00:00+00:00,7.7115190578338995,1.3666595464145035,2.049274892484485,3.3057750715253107,-0.38488207249721545,0.22483025315895028,,0.24683491623398776,-0.1457949175366577
2019-11-30 11:00:00+00:00,3.350287223455686,0.4479993914315867,0.9537286825310711,1.6778629651093195,-0.39412622106757533,0.22483025315895028,,0.24683491623398776,-0.1457949175366577
2019-11-30 12:00:00+00:00,3.286652407269631,0.1988172664336099,1.4886246193366648,1.5521225272283914,-0.36978454647553993,1.1241512657944956,,0.24683491623398776,-0.1457949175366577
2019-11-30 13:00:00+00:00,2.188961367481182,0.1448639809947478,0.7746547987902044,0.8051039471840968,-0.3797633150736157,0.6744907594765952,,0.24683491623398776,6.522266957828994
2019-11-30 14:00:00+00:00,2.333831730391438,-0.016924646648350205,0.5656062497087926,0.9659171565986648,-0.3561877028741095,0.8993210126355454,,0.24683491623398776,6.522266957828994
2019-11-30 15:00:00+00:00,2.7867528528031786,-0.13111867271761574,0.4463367637757993,1.2879206561937122,-0.30106443129830995,0.44966050631790055,,0.24683491623398776,-0.1457949175366577
2019-11-30 16:00:00+00:00,2.9211236039130783,-0.2605198820358201,0.7746547987902044,1.5635667234224624,-0.3143674946207449,-0.0,,0.24683491623398776,-0.1457949175366577
2019-11-30 17:00:00+00:00,3.468808358452191,0.18907400140182642,0.5656062497087926,1.419868869894002,-0.26164853988899867,-0.22483025315895028,,0.24683491623398776,6.522266957828994
2019-11-30 18:00:00+00:00,3.4318037671001127,0.14655526776215735,1.2495414498339177,1.4240061959702734,-0.27684396515580245,-0.8993210126355454,,0.24683491623398776,-0.1457949175366577
2019-11-30 19:00:00+00:00,3.4715364861892146,-0.36243827228536296,0.16709884072132275,1.660693352966576,-0.2913110908586338,-0.22483025315895028,,0.24683491623398776,-0.1457949175366577
2019-11-30 20:00:00+00:00,3.3603453522100026,-0.00906334629808,0.8673922142526176,1.5572142234734117,-0.30508338450969097,-0.22483025315895028,,0.24683491623398776,-0.1457949175366577
2019-11-30 21:00:00+00:00,3.4261206373893387,-0.20916403074120513,0.8673922142526176,1.511810824224666,-0.3181929110105198,-0.0,,0.24683491623398776,-0.1457949175366577
2019-11-30 22:00:00+00:00,4.698803517506537,0.43741867508283366,1.5929669010828926,2.023377657765905,-0.2978839494638421,0.22483025315895028,,0.24683491623398776,-0.1457949175366577
2019-11-30 23:00:00+00:00,3.282769371463065,0.9938096553029812,1.8621535054720906,0.9002844808789323,-0.2786463708087092,0.8993210126355454,,0.24683491623398776,-0.1457949175366577
2019-12-01 00:00:00+00:00,4.554663898717186,1.5199481064519793,2.2120210942227003,1.4238201256724992,-0.2604208675834947,1.5738117721123963,,1.1164974699421073,-0.1457949175366577
2019-12-01 01:00:00+00:00,4.342970305033965,0.597597475191986,0.8673922142526176,2.323225056424482,-0.24315169979562004,0.22483025315895028,,1.1164974699421073,-0.1457949175366577
2019-12-01 02:00:00+00:00,5.517521025006678,0.4594568883984911,1.77869709012431,2.4318368654902716,-0.25923157229969335,1.348981518953446,,1.1164974699421073,-0.1457949175366577
2019-12-01 03:00:00+00:00,7.670830189662119,1.3293452716757703,2.1169336640865355,3.571245042332219,-0.2745426975439852,0.6744907594765952,,1.1164974699421073,-0.1457949175366577
2019-12-01 04:00:00+00:00,2.643887306852876,-0.2890216306828611,0.3144904639792498,1.567117391434083,-0.28912021983543434,-0.8993210126355454,,1.1164974699421073,-0.1457949175366577
2019-12-01 05:00:00+00:00,3.6172767384135125,-0.13233692478289846,0.7746547987902044,1.467754710316213,-0.302997827690326,1.1241512657944956,,1.1164974699421073,-0.1457949175366577
2019-12-01 06:00:00+00:00,2.438967334179076,-0.731129892503189,1.2495414498339177,1.3678287490815688,-0.3162077998920875,-0.44966050631790055,,1.1164974699421073,-0.1457949175366577
2019-12-01 07:00:00+00:00,2.4790303895121855,-0.5769940636473133,0.4463367637757993,1.3944875887778092,-0.32878105149924164,-0.8993210126355454,,1.1164974699421073,-0.1457949175366577
2019-12-01 08:00:00+00:00,2.907223979832202,-0.6995933143992746,0.16709884072132275,1.714437461006145,-0.34074717963223233,-1.1241512657944956,,1.1164974699421073,-0.1457949175366577
2019-12-01 09:00:00+00:00,3.39574135367751,-0.2613225259907919,0.8673922142526176,1.7277715988973927,-0.35213450888757525,-0.8993210126355454,,1.1164974699421073,-0.1457949175366577
2019-12-01 10:00:00+00:00,3.034273435636583,-0.40236416317101353,0.6744907594765952,1.6925962947339157,-0.29724487193505106,0.22483025315895028,,1.1164974699421073,-0.1457949175366577
2019-12-01 11:00:00+00:00,3.202365015089198,0.11215108891404005,0.4463367637757993,1.4927953580645075,-0.2780409582077854,0.6744907594765952,,1.1164974699421073,-0.1457949175366577
2019-12-01 12:00:00+00:00,3.341263226146244,-0.2800703058624174,0.0,1.8395125263600012,-0.25984726137264696,2.2483025315889913,,1.1164974699421073,-0.1457949175366577
2019-12-01 13:00:00+00:00,3.679819040959663,0.48830568616268927,1.37478413300789,1.2674600927108877,-0.24260815272005445,0.6744907594765952,,1.1164974699421073,-0.1457949175366577
2019-12-01 14:00:00+00:00,4.870138666748243,0.7804667916889134,1.77869709012431,1.7639895475231206,-0.2587139809601393,1.348981518953446,,1.1164974699421073,-0.1457949175366577
2019-12-01 15:00:00+00:00,5.767172011835773,1.7320347602541808,1.821120896783689,1.9824362197106442,-0.27404987816373627,-0.0,,1.1164974699421073,-0.1457949175366577
2019-12-01 16:00:00+00:00,5.1055366509556475,1.3291104260440678,1.4329984639614104,2.1480055411029197,-0.2560657925402872,0.8993210126355454,,1.1164974699421073,-0.1457949175366577
2019-12-01 17:00:00+00:00,3.0491364428709047,0.21892994454749157,0.7746547987902044,0.9741275855899617,-0.27152840419062274,-1.1241512657944956,,1.1164974699421073,-0.1457949175366577
2019-12-01 18:00:00+00:00,4.189006772337384,1.217824355478608,0.5656062497087926,1.0011409025688771,-0.2536766862021602,-1.3489815189531904,,1.1164974699421073,-0.1457949175366577
2019-12-01 19:00:00+00:00,3.6163697084153665,0.9083304813513788,1.0344910549739406,1.236407240723297,-0.23676078735468895,-1.5738117721123963,,1.1164974699421073,-0.1457949175366577
2019-12-01 20:00:00+00:00,3.195676908180274,0.35602631025105475,0.4463367637757993,1.0949984655368294,-0.2207295079115956,-0.6744907594765952,,1.1164974699421073,-0.1457949175366577
2019-12-01 21:00:00+00:00,3.02012800876626,0.3625381315503623,0.0,0.9863894293433579,-0.17334375435509142,-0.22483025315895028,,1.1164974699421073,-0.1457949175366577
2019-12-01 22:00:00+00:00,3.223648048632689,0.5813492000430786,0.4463367637757993,0.8897509161425429,-0.16061039950037537,0.4496605063176449,,1.1164974699421073,-0.1457949175366577
2019-12-01 23:00:00+00:00,1.4927889220959996,0.9435340761917302,1.181882678231867,-0.39663290735137474,-0.18060931291580917,1.5738117721123963,,1.1164974699421073,-0.1457949175366577
2019-12-02 00:00:00+00:00,1.0158172522917306,0.24030558410706054,0.4463367637757993,-0.14221589706799526,-0.1996628318522367,0.44966050631790055,,0.8754029005972818,-0.1457949175366577
2019-12-02 01:00:00+00:00,3.2859455609137505,0.8166941183960119,1.1103556425108978,0.6951571798452215,-0.1855643189412136,0.22483025315869468,,0.8754029005972818,-0.1457949175366577
2019-12-02 02:00:00+00:00,4.124071557231208,1.0979784105198114,1.5929669010828926,1.1946769560134423,-0.20438319427064383,1.1241512657944956,,0.8754029005972818,-0.1457949175366577
2019-12-02 03:00:00+00:00,4.765568471456065,1.616051404230766,1.181882678231867,1.4815327711637511,-0.2223094212369516,1.7986420252713464,,0.8754029005972818,-0.1457949175366577
2019-12-02 04:00:00+00:00,5.882894206377811,1.9263224288482867,1.821120896783689,1.9805313760799435,-0.23938315369510887,0.6744907594765952,,0.8754029005972818,-0.1457949175366577
2019-12-02 05:00:00+00:00,6.138277221401193,2.187314793730779,1.4329984639614104,2.1141105033950227,-0.2556429431588408,0.6744907594768508,,0.8754029005972818,-0.1457949175366577
2019-12-02 06:00:00+00:00,5.7217512367457335,1.5981045056624121,1.5929669010828926,2.220142962582246,-0.2711257835901725,-0.6744907594768508,,0.8754029005972818,-0.1457949175366577
2019-12-02 07:00:00+00:00,3.3108604127164902,0.19883815959554124,1.0344910549739406,0.9481341915193672,-0.28586715684328656,-1.5738117721121407,,0.8754029005972818,-0.1457949175366577
2019-12-02 08:00:00+00:00,5.151475547848488,1.3781238321866836,1.2495414498339177,1.4981156287432897,-0.29990107851813336,0.4496605063176449,,0.8754029005972818,-0.1457949175366577
2019-12-02 09:00:00+00:00,5.857765351306139,1.3136982831512805,1.4329984639614104,2.319708652244788,-0.3132601440034892,-0.0,,0.8754029005972818,-0.1457949175366577
2019-12-02 10:00:00+00:00,3.379103694864061,0.4233499835328379,1.1103556425108978,0.9423432327664232,-0.32597557451203424,-0.4496605063176449,,0.8754029005972818,-0.1457949175366577
2019-12-02 11:00:00+00:00,4.875028297005974,1.2749410170599933,1.2495414498339177,1.671900477052306,-0.3380772629314763,0.4496605063176449,,0.8754029005972818,6.522266957828994
2019-12-02 12:00:00+00:00,3.911667849339769,0.6495702093189026,1.3137289780284165,1.2137819436248873,-0.34959381933580935,1.348981518953446,,0.8754029005972818,-0.1457949175366577
2019-12-02 13:00:00+00:00,1.7464134275775696,-0.2938832721322993,0.16709884072132275,0.6392198773831739,-0.3605526160194561,1.7986420252710908,,0.8754029005972818,-0.1457949175366577
2019-12-02 14:00:00+00:00,1.51989990047845,-0.7375807207488669,0.3144904639792498,0.6508628372950077,-0.3709798319343479,1.7986420252713464,,0.8754029005972818,-0.1457949175366577
2019-12-02 15:00:00+00:00,1.4305352852983504,-0.8279017842288601,-0.19290145477602264,0.6661623546877596,-0.3809004964259796,1.1241512657944956,,0.8754029005972818,-0.1457949175366577
2019-12-02 16:00:00+00:00,1.5338737271006868,-0.883745394734391,0.7746547987902044,0.7589638764217006,-0.39033853217917686,-0.22483025315895028,,0.8754029005972818,-0.1457949175366577
2019-12-02 17:00:00+00:00,1.8010059187835668,-0.636941141949972,0.4463367637757993,0.741752461399734,-0.3993167972977994,0.6744907594765952,,0.8754029005972818,-0.1457949175366577
2019-12-02 18:00:00+00:00,2.1579921417454484,-0.5794740991494778,1.0344910549739406,0.8992616787643285,-0.3416993428736452,-0.22483025315869468,,0.8754029005972818,-0.1457949175366577
2019-12-02 19:00:00+00:00,1.9643642397897945,-0.7967742741697343,0.4463367637757993,0.9376958898483463,-0.12605049264698562,-0.6744907594768508,,0.8754029005972818,-0.1457949175366577
2019-12-02 20:00:00+00:00,1.9261406596839643,-0.6799376463519968,0.8673922142526176,0.8381133310386127,-0.05236454740309813,-0.22483025315895028,,0.8754029005972818,-0.1457949175366577
2019-12-02 21:00:00+00:00,2.473609105351058,-0.4763626225391763,0.3144904639792498,1.2079079935165844,-0.04584236283430698,0.6744907594768508,,0.8754029005972818,-0.1457949175366577
2019-12-02 22:00:00+00:00,2.1404751556007886,-0.6023205898654178,1.0344910549739406,1.056009065954017,-0.0396520676681961,1.5738117721121407,,0.8754029005972818,-0.1457949175366577
2019-12-02 23:00:00+00:00,0.5524210633606397,-0.47136461895237264,0.3144904639792498,-0.14880088595845437,-0.06531290826840089,1.5738117721123963,,0.8754029005972818,-0.1457949175366577
2019-12-03 00:00:00+00:00,0.5242067094699845,-0.6136403937213092,1.6420470130428222,-0.061596920285728995,-0.08978059107672737,4.046944556860082,,0.7491152690357067,-0.1457949175366577
2019-12-03 01:00:00+00:00,2.4479329927524165,-1.1488644396685657,1.181882678231867,1.7284450991025258,-0.11310659568100463,0.44966050631790055,,0.7491152690357067,-0.1457949175366577
2019-12-03 02:00:00+00:00,2.024475427564378,-1.7647932617967723,1.5929669010828926,2.1223352705725484,-0.1353405468970683,1.7986420252710908,,0.7491152690357067,-0.1457949175366577
2019-12-03 03:00:00+00:00,1.8731443665931014,-1.4737601206107618,0.4463367637757993,1.8797431491557701,-0.15653024760818857,0.44966050631790055,,0.7491152690357067,-0.1457949175366577
2019-12-03 04:00:00+00:00,1.4139485111861576,-0.4977222966099171,0.0,1.2012264515851818,0.3188931376342693,-0.8993210126355454,,0.7491152690357067,-0.1457949175366577
2019-12-03 05:00:00+00:00,1.5451793481948066,0.910971182610114,0.7746547987902044,1.2532824206172841,0.4550151249052035,-0.8993210126355454,,0.7491152690357067,-0.1457949175366577
2019-12-03 06:00:00+00:00,1.2503112623269457,1.0413138870116756,0.9537286825310711,1.169343132362487,0.4071728358705221,-1.1241512657944956,,0.7491152690357067,6.522266957828994
2019-12-03 07:00:00+00:00,1.804286400717476,1.169022457090174,0.6744907594765952,1.5893779259183065,0.3614092307042324,-1.7986420252713464,,0.7491152690357067,-0.1457949175366577
2019-12-03 08:00:00+00:00,1.7548368926315638,1.0287400513041614,0.8673922142526176,1.7118723158867524,0.31764710506848337,-1.1241512657944956,,0.7491152690357067,-0.1457949175366577
2019-12-03 09:00:00+00:00,1.8004059398833507,0.9630888751398968,1.1103556425108978,1.1320535097002071,0.2758109894348787,-1.348981518953446,,0.7491152690357067,-0.1457949175366577
2019-12-03 10:00:00+00:00,2.981548856634863,1.546298022724882,1.1103556425108978,1.1127852758437884,0.23582721175328913,-1.1241512657944956,,0.7491152690357067,-0.1457949175366577
2019-12-03 11:00:00+00:00,4.074317236299451,1.5381702795019643,1.541882973729213,1.411669021761168,0.19762394895225674,-1.3489815189531904,,0.7491152690357067,-0.1457949175366577
2019-12-03 12:00:00+00:00,4.576554375085238,1.7096302085840402,1.37478413300789,1.8670712675984322,0.16113126794383723,0.4496605063176449,,0.7491152690357067,-0.1457949175366577
2019-12-03 13:00:00+00:00,2.312578008615702,1.161844409282577,1.2495414498339177,1.9613621197197277,0.12628115681819316,-0.22483025315895028,,0.7491152690357067,-0.1457949175366577
2019-12-03 14:00:00+00:00,1.8814325947343224,1.0511131271312186,0.9537286825310711,1.4592071331194305,0.09300754691755264,0.22483025315895028,,0.7491152690357067,-0.1457949175366577
2019-12-03 15:00:00+00:00,2.35736520289794,1.2193766105781085,0.7746547987902044,1.78457156263119,0.06124632647624928,0.44966050631790055,,0.7491152690357067,-0.1457949175366577
2019-12-03 16:00:00+00:00,1.9367381260809287,1.094841399724969,1.3137289780284165,1.646160527962958,0.030935346504424022,-1.5738117721123963,,0.7491152690357067,-0.1457949175366577
2019-12-03 17:00:00+00:00,2.1075308522710245,1.2000040961114335,0.4463367637757993,1.588620461259259,0.002014419578497213,-1.1241512657944956,,0.7491152690357067,-0.1457949175366577
2019-12-03 18:00:00+00:00,2.0136085073182755,1.0959324022586423,1.37478413300789,1.5708559270145137,-0.025574687817417903,-1.1241512657944956,,0.7491152690357067,-0.1457949175366577
2019-12-03 19:00:00+00:00,1.971694635577957,1.1165449193898191,1.0344910549739406,1.5874716007960037,-0.05188826877759909,-0.8993210126355454,,0.7491152690357067,-0.1457949175366577
2019-12-03 20:00:00+00:00,2.171846839614049,1.5638640979375105,1.2495414498339177,1.1970378368571986,-0.07698069469226303,-0.6744907594765952,0.42003305898059234,0.7491152690357067,-0.1457949175366577
2019-12-03 21:00:00+00:00,2.553251491664613,1.7731048259048514,1.541882973729213,1.1896783679130591,-0.10090443862832787,-0.0,1.209884254294446,0.7491152690357067,-0.1457949175366577
2019-12-03 22:00:00+00:00,2.026276108695874,1.0269111787179042,0.3144904639792498,1.756263482922418,-0.12371010283456474,0.22483025315869468,-0.3371219976595355,0.7491152690357067,-0.1457949175366577
2019-12-03 23:00:00+00:00,0.40932235013887003,1.1030056114475335,0.3144904639792498,0.35531065394866634,-0.14544644986283164,0.6744907594768508,-1.8272058363286172,0.7491152690357067,-0.1457949175366577
2019-12-04 00:00:00+00:00,0.027527824181347388,1.2062131998329417,1.1103556425108978,0.2508278177284101,-0.16616043682823387,2.697963037906636,-1.7937384018075289,0.7806871769261002,-0.1457949175366577
2019-12-04 01:00:00+00:00,2.3396206749872706,1.1517369005565758,1.1103556425108978,1.7571360406481022,-0.1858972523624001,0.44966050631790055,-1.785883461961303,0.7806871769261002,-0.1457949175366577
2019-12-04 02:00:00+00:00,2.4466436574133645,1.2733436868366008,0.8673922142526176,1.5281902243174148,-0.20470035584527038,0.8993210126355454,-1.7780682582373752,0.7806871769261002,-0.1457949175366577
2019-12-04 03:00:00+00:00,2.3844364293073883,1.3822966221284299,0.7746547987902044,1.5716517605686915,-0.22261151853153988,1.348981518953446,-1.7702923906287642,0.7806871769261002,-0.1457949175366577
2019-12-04 04:00:00+00:00,2.3607595584865,1.2353525755928436,0.8673922142526176,1.67208459786156,-0.23967086621795164,-0.0,,0.7806871769261002,-0.1457949175366577
2019-12-04 05:00:00+00:00,2.5095270469560154,1.4368732744736643,0.9537286825310711,1.112292950764257,-0.2559169231267746,0.44966050631790055,,0.7806871769261002,-0.1457949175366577
2019-12-04 06:00:00+00:00,2.4039978139001246,1.0767489499325285,1.3137289780284165,1.489851092313647,-0.2713866567088718,0.22483025315869468,,0.7806871769261002,-0.1457949175366577
2019-12-04 07:00:00+00:00,2.235640519316004,1.4613094446612023,1.0344910549739406,1.0420389701524875,-0.2861155230966419,-1.1241512657944956,,0.7806871769261002,-0.1457949175366577
2019-12-04 08:00:00+00:00,2.3035087288696072,1.2403853974958328,1.4886246193366648,1.0880906741106575,-0.3001375129627041,-1.3489815189531904,,0.7806871769261002,-0.1457949175366577
2019-12-04 09:00:00+00:00,1.7973933790885566,0.9993474092263555,0.4463367637757993,1.6494092701652583,-0.31348519756443116,-0.22483025315895028,,0.7806871769261002,-0.1457949175366577
2019-12-04 10:00:00+00:00,2.1029450620173757,1.0405996705583334,0.8673922142526176,1.4393067006899891,-0.3261897747772829,-0.0,,0.7806871769261002,-0.1457949175366577
2019-12-04 11:00:00+00:00,1.885343579916574,0.9183228963986365,0.8673922142526176,1.5093537000074517,-0.3382811149413267,-0.0,,0.7806871769261002,-0.1457949175366577
2019-12-04 12:00:00+00:00,1.8625323932317925,1.11910715816443,0.7746547987902044,1.0471446106851465,-0.34978780636536627,0.8993210126355454,,0.7806871769261002,-0.1457949175366577
2019-12-04 13:00:00+00:00,2.014886550798204,1.327192163350312,0.7746547987902044,1.1406950469855595,-0.360737200351739,0.8993210126355454,,0.7806871769261002,-0.1457949175366577
2019-12-04 14:00:00+00:00,2.158403923078888,1.0141489582798762,0.6744907594765952,1.890013623257858,-0.3711554556221239,0.6744907594768508,,0.7806871769261002,-0.1457949175366577
2019-12-04 15:00:00+00:00,2.5500530970009767,1.0397316442910576,1.0344910549739406,1.1632336817327635,-0.3810675820406594,0.22483025315869468,,0.7806871769261002,-0.1457949175366577
2019-12-04 16:00:00+00:00,2.634491982194056,1.5178659069402824,1.181882678231867,1.1481089713263777,-0.3904974835453551,-0.22483025315869468,,0.7806871769261002,-0.1457949175366577
2019-12-04 17:00:00+00:00,2.209136927142358,0.9971451117647083,0.4463367637757993,1.3053041759713033,-0.39946800021224066,-1.1241512657944956,,0.7806871769261002,-0.1457949175366577
2019-12-04 18:00:00+00:00,2.9020248301900473,1.4632552344758614,1.7347844285052354,1.2109458598592868,-0.4080009493889927,-1.5738117721123963,,0.7806871769261002,-0.1457949175366577
2019-12-04 19:00:00+00:00,3.926269657892963,1.3119014042597579,1.3137289780284165,1.4562949273907837,-0.41611716584597114,-1.348981518953446,,0.7806871769261002,-0.1457949175366577
2019-12-04 20:00:00+00:00,4.463222920925211,1.741246961062162,1.8621535054720906,1.7648475561391472,-0.4238365409027475,-1.1241512657944956,,0.7806871769261002,-0.1457949175366577
2019-12-04 21:00:00+00:00,4.102470574318263,1.489831458058388,1.3137289780284165,1.625696206232307,-0.43117806049737495,-0.22483025315895028,,0.7806871769261002,-0.1457949175366577
2019-12-04 22:00:00+00:00,2.499165449282772,0.7914427861616482,1.37478413300789,1.8708750811735444,-0.43815984217390497,-0.4496605063176449,,0.7806871769261002,-0.1457949175366577
2019-12-04 23:00:00+00:00,0.8681114562695285,0.9137518871805311,0.4463367637757993,0.544627746848195,-0.4447991709710525,0.6744907594765952,,0.7806871769261002,-0.1457949175366577
2019-12-05 00:00:00+00:00,0.7551586542058478,0.7843724519150593,0.9537286825310711,0.4130470596138504,-0.451112534201516,0.6744907594768508,,0.33868046646058814,-0.1457949175366577
2019-12-05 01:00:00+00:00,2.9982293369039597,0.9408479792960833,0.7746547987902044,1.8587464095338024,-0.45711565511732777,0.4496605063176449,,0.33868046646058814,-0.1457949175366577
2019-12-05 02:00:00+00:00,2.7194397790537557,0.8848634186166258,1.2495414498339177,1.8825132267168567,-0.4628235254617981,0.8993210126355454,,0.33868046646058814,-0.1457949175366577
2019-12-05 03:00:00+00:00,3.3030558323424937,1.0737163918555657,0.7746547987902044,1.9502552614834083,-0.4682504369131854,0.8993210126358011,,0.33868046646058814,-0.1457949175366577
2019-12-05 04:00:00+00:00,3.5237566915029563,1.3008259828286861,1.3137289780284165,1.613183213065571,-0.4734100114292134,0.4496605063176449,,0.33868046646058814,-0.1457949175366577
2019-12-05 05:00:00+00:00,3.732231183942127,1.4925090180878575,1.4329984639614104,1.717219035287146,-0.4783152305050287,-0.0,,0.33868046646058814,-0.1457949175366577
2019-12-05 06:00:00+00:00,4.670171430446171,1.536571307453508,1.4329984639614104,1.8291910981068171,-0.48297846336018024,-0.8993210126355454,,0.33868046646058814,-0.1457949175366577
2019-12-05 07:00:00+00:00,4.474226524764897,1.5401281373962032,1.541882973729213,1.8576163249637574,-0.48741149407276113,-1.348981518953446,,0.33868046646058814,-0.1457949175366577
2019-12-05 08:00:00+00:00,2.666157187172095,1.016946437928714,1.1103556425108978,1.915176669700699,-0.491625547681014,-1.5738117721121407,,0.33868046646058814,-0.1457949175366577
2019-12-05 09:00:00+00:00,3.313526293884881,0.8873545129179349,0.9537286825310711,1.94860140577637,-0.49563131527451015,-0.8993210126358011,,0.33868046646058814,-0.1457949175366577
2019-12-05 10:00:00+00:00,2.5975860890334306,0.8307702864041557,0.8673922142526176,1.7247759253770465,-0.4994389780984966,0.22483025315895028,,0.33868046646058814,-0.1457949175366577
2019-12-05 11:00:00+00:00,3.256490949479694,1.0771639755867435,1.0344910549739406,2.038657528712022,-0.5030582306962056,-0.0,,0.33868046646058814,-0.1457949175366577
2019-12-05 12:00:00+00:00,3.615625323909832,1.245580906198317,1.37478413300789,1.848803593747451,-0.5064983031148578,0.6744907594768508,,0.33868046646058814,-0.1457949175366577
2019-12-05 13:00:00+00:00,3.418311876501681,1.3521453950853197,1.4329984639614104,1.667344138251075,-0.5097679822018032,-0.0,,0.33868046646058814,-0.1457949175366577
2019-12-05 14:00:00+00:00,3.038518702880803,0.9215987805855401,1.181882678231867,1.911232654974305,-0.5128756320177458,-0.22483025315895028,,0.33868046646058814,-0.1457949175366577
2019-12-05 15:00:00+00:00,3.282303875571491,1.2864169714002087,1.0344910549739406,1.443814074338991,-0.515829213394321,-0.22483025315895028,,0.33868046646058814,-0.1457949175366577
2019-12-05 16:00:00+00:00,3.025086588687112,0.8659532187265516,0.7746547987902044,1.8142020135566934,-0.5186363026634615,-1.1241512657944956,,0.33868046646058814,-0.1457949175366577
2019-12-05 17:00:00+00:00,3.350261175873379,1.1522829996862054,1.4886246193366648,1.7786385258201622,-0.5213041095860035,-1.348981518953446,,0.33868046646058814,-0.1457949175366577
2019-12-05 18:00:00+00:00,3.458808506646321,1.2239452062035725,1.181882678231867,1.5238902811223225,-0.5238394945068905,-1.348981518953446,,0.33868046646058814,-0.1457949175366577
2019-12-05 19:00:00+00:00,3.8735289749783814,1.570747999418216,0.9537286825310711,1.5243433760235678,-0.5262489847641202,-1.5738117721121407,,0.33868046646058814,-0.1457949175366577
2019-12-05 20:00:00+00:00,4.175480856737952,1.4466290988782553,1.7347844285052354,1.8581820463004097,-0.528538790378283,-1.1241512657944956,,0.33868046646058814,6.522266957828994
2019-12-05 21:00:00+00:00,2.988863960115563,1.2220405365043783,1.4886246193366648,1.9694473721418784,-0.53071481904916,-0.22483025315895028,,0.33868046646058814,-0.1457949175366577
2019-12-05 22:00:00+00:00,3.2586626181658436,1.2155247296171943,1.2495414498339177,1.737864468893028,-0.5327826904854047,0.6744907594765952,,0.33868046646058814,-0.1457949175366577
2019-12-05 23:00:00+00:00,1.2163637403152285,1.528670664902425,0.6744907594765952,-0.02032163515964352,-0.5347477500928278,0.44966050631790055,,0.33868046646058814,-0.1457949175366577
2019-12-06 00:00:00+00:00,0.6536248989390357,1.129872974838975,1.37478413300789,0.21849932521159593,-0.5366150820462575,0.6744907594765952,,1.2198237139470323,-0.1457949175366577
2019-12-06 01:00:00+00:00,3.056721319273281,0.8829878249804841,1.37478413300789,1.8646897769111916,-0.5383895217693578,0.22483025315895028,,1.2198237139470323,-0.1457949175366577
2019-12-06 02:00:00+00:00,3.4236460671953504,0.727902989210193,1.0344910549739406,2.12634241440164,-0.5400756678461714,0.22483025315895028,,1.2198237139470323,-0.1457949175366577
2019-12-06 03:00:00+00:00,3.3048868080896923,1.2675435104021258,0.5656062497087926,1.5357956892386908,-0.54167789338751,-0.0,,1.2198237139470323,-0.1457949175366577
2019-12-06 04:00:00+00:00,4.445142843799905,1.1533400598566852,1.1103556425108978,2.887790553838672,-0.5432003568746533,0.22483025315895028,,1.2198237139470323,6.522266957828994
2019-12-06 05:00:00+00:00,2.7043663334516155,0.9689824785098218,1.4886246193366648,1.5386165133786311,-0.544647012502149,-0.22483025315895028,,1.2198237139470323,-0.1457949175366577
2019-12-06 06:00:00+00:00,3.1966164315778918,1.0781288850782906,0.9537286825310711,1.619811538605608,-0.5460216200408228,-0.8993210126355454,,1.2198237139470323,-0.1457949175366577
2019-12-06 07:00:00+00:00,3.6842326561556322,1.2499526388955124,1.5929669010828926,1.380175971089009,-0.5473277542414227,-1.5738117721123963,,1.2198237139470323,-0.1457949175366577
2019-12-06 08:00:00+00:00,4.198746611728911,1.278606858887526,0.9537286825310711,1.7164442246132183,-0.5485688137986378,-0.8993210126355454,,1.2198237139470323,-0.1457949175366577
2019-12-06 09:00:00+00:00,3.6060030054110817,0.6422803105136742,0.8673922142526176,2.1761908323504477,-0.5497480298945524,-0.8993210126355454,,1.2198237139470323,6.522266957828994
2019-12-06 10:00:00+00:00,3.9658240679418064,1.291277382574132,1.4886246193366648,1.4718360641082613,-0.5508684743399167,-0.6744907594768508,,1.2198237139470323,-0.1457949175366577
2019-12-06 11:00:00+00:00,4.486647006948122,1.1923595140527323,1.4329984639614104,1.8399412434546036,-0.5519330673309485,-0.0,,1.2198237139470323,-0.1457949175366577
2019-12-06 12:00:00+00:00,3.4666609892075098,0.7835949964482164,1.2495414498339177,1.9595567993737335,-0.552944584838723,-0.0,,1.2198237139470323,-0.1457949175366577
2019-12-06 13:00:00+00:00,3.886372792737502,1.287712295491483,1.0344910549739406,1.4642081025601748,-0.553905665647562,-0.0,,1.2198237139470323,-0.1457949175366577
2019-12-06 14:00:00+00:00,3.7974235205506424,1.280092596765364,0.9537286825310711,1.6981345512400994,-0.5548188180581952,0.22483025315895028,,1.2198237139470323,-0.1457949175366577
2019-12-06 15:00:00+00:00,2.5477246265689826,0.7306314449684751,1.1103556425108978,1.8315261158599907,-0.5556864262708533,-0.6744907594765952,,1.2198237139470323,6.522266957828994
2019-12-06 16:00:00+00:00,2.6894086523240035,0.9870368852521566,1.1103556425108978,1.7576580891707605,-0.522621608644937,-0.22483025315895028,,1.2198237139470323,-0.1457949175366577
2019-12-06 17:00:00+00:00,2.952096551708955,0.901633199751171,1.37478413300789,1.6179405095336237,-0.5250915786439381,-1.1241512657944956,,1.2198237139470323,-0.1457949175366577
2019-12-06 18:00:00+00:00,3.3916077968188567,1.131456548382512,1.2495414498339177,1.407350376488997,-0.5274388801700339,-1.1241512657944956,,1.2198237139470323,-0.1457949175366577
2019-12-06 19:00:00+00:00,3.042616882692576,0.8506563225442004,1.5929669010828926,1.7991497851328073,-0.5296695662362335,-1.348981518953446,,1.2198237139470323,-0.1457949175366577
2019-12-06 20:00:00+00:00,3.133831690121305,1.1317019421089929,0.8673922142526176,1.426004629437953,-0.5317893949716428,-1.1241512657944956,,1.2198237139470323,-0.1457949175366577
2019-12-06 21:00:00+00:00,3.3516884079225067,1.2008399598940234,1.4329984639614104,1.5786945768191236,-0.5338038436187725,-0.22483025315895028,,1.2198237139470323,-0.1457949175366577
2019-12-06 22:00:00+00:00,3.043325451134767,0.781433353573874,1.2495414498339177,1.8440178111546441,-0.535718121902338,0.6744907594768508,,1.2198237139470323,-0.1457949175366577
2019-12-06 23:00:00+00:00,1.0053050961437642,1.1350839578883845,0.4463367637757993,-0.024595404046540103,-0.5375371847942256,-0.0,,1.2198237139470323,-0.1457949175366577
2019-12-07 00:00:00+00:00,1.0714125831272097,0.9072846254192266,1.5929669010828926,0.16487233991975564,-0.5392657446986946,1.348981518953446,,2.333451010444559,-0.1457949175366577
2019-12-07 01:00:00+00:00,2.5576797471686006,0.9674720715520321,1.181882678231867,1.3263263941785173,-0.5409082830812533,-0.0,,2.333451010444559,-0.1457949175366577
2019-12-07 02:00:00+00:00,2.6730754401272434,1.001017606299492,0.8673922142526176,1.5496746096538336,-0.5424690615639962,0.6744907594765952,,2.333451010444559,-0.1457949175366577
2019-12-07 03:00:00+00:00,2.485507269929853,0.42772415749881454,1.1103556425108978,1.6137533356469875,-0.5439521325095206,0.8993210126355454,,2.333451010444559,-0.1457949175366577
2019-12-07 04:00:00+00:00,2.384903814687972,0.8350685481977471,0.6744907594765952,1.195809312758602,-0.5453613491148616,0.22483025315895028,,2.333451010444559,-0.1457949175366577
2019-12-07 05:00:00+00:00,2.4984737904007175,0.9052816931177047,1.2495414498339177,1.3288421097687444,-0.5467003750362088,-0.22483025315895028,,2.333451010444559,-0.1457949175366577
2019-12-07 06:00:00+00:00,2.6407325200096547,0.34340986850471433,1.4886246193366648,1.6726888409500806,-0.5479726935644751,-1.348981518953446,,2.333451010444559,-0.1457949175366577
2019-12-07 07:00:00+00:00,2.1696661332649074,0.3542454521891792,0.3144904639792498,1.118656184340946,-0.549181616371107,-1.5738117721121407,,2.333451010444559,-0.1457949175366577
2019-12-07 08:00:00+00:00,2.3759818352716184,0.5669171009275769,0.5656062497087926,1.1902559190512847,-0.5503302918428494,-0.44966050631790055,,2.333451010444559,-0.1457949175366577
2019-12-07 09:00:00+00:00,2.5660069027778167,0.3601083600466213,0.9537286825310711,1.5727972928107012,-0.5514217130235038,-1.1241512657944956,,2.333451010444559,-0.1457949175366577
2019-12-07 10:00:00+00:00,2.8412782943553534,0.4061920474044896,1.37478413300789,1.7131405276511906,-0.5524587251800527,0.22483025315895028,,2.333451010444559,-0.1457949175366577
2019-12-07 11:00:00+00:00,2.9445560198521408,0.5090200930105937,1.37478413300789,1.4745358252202974,-0.553444033009876,-0.22483025315895028,,2.333451010444559,-0.1457949175366577
2019-12-07 12:00:00+00:00,2.870931564334896,0.4540704766107756,1.0344910549739406,1.1547622664400348,-0.5543802075051417,1.7986420252713464,,2.333451010444559,-0.1457949175366577
2019-12-07 13:00:00+00:00,2.777882890471979,0.7133256680764203,1.6892745969871394,1.4026345351834237,-0.5552696924898257,1.3489815189531904,,2.333451010444559,6.522266957828994
2019-12-07 14:00:00+00:00,2.5855373055217528,0.7063679525606013,1.37478413300789,1.223089205810793,-0.5561148108442069,0.8993210126358011,,2.333451010444559,-0.1457949175366577
2019-12-07 15:00:00+00:00,2.8027783841221696,0.7897917869577628,1.181882678231867,1.316617775231872,-0.5569177704310838,0.22483025315869468,,2.333451010444559,-0.1457949175366577
2019-12-07 16:00:00+00:00,2.4694452908220774,0.46514212960412754,0.7746547987902044,1.5705738964618499,-0.5576806697373812,-0.22483025315869468,,2.333451010444559,-0.1457949175366577
2019-12-07 17:00:00+00:00,2.10749736479497,0.5366826492115466,0.4463367637757993,1.4593682879860612,-0.29182710631605163,-0.44966050631790055,,2.333451010444559,-0.1457949175366577
2019-12-07 18:00:00+00:00,1.9208859091390684,0.6435955411014846,0.4463367637757993,1.2921072707240755,0.34951990137449784,-1.348981518953446,,2.333451010444559,-0.1457949175366577
2019-12-07 19:00:00+00:00,1.808527047584396,0.5138297703527306,0.7746547987902044,1.4159364017491414,1.1761471500852925,-1.348981518953446,,2.333451010444559,-0.1457949175366577
2019-12-07 20:00:00+00:00,2.079080390675756,0.49739463026190933,1.0344910549739406,1.2977073692088539,2.0887626113419895,-0.6744907594765952,,2.333451010444559,-0.1457949175366577
2019-12-07 21:00:00+00:00,1.9718905640691724,0.5706888105199504,0.7746547987902044,1.1223474133110856,2.36461957601811,0.8993210126355454,,2.333451010444559,-0.1457949175366577
2019-12-07 22:00:00+00:00,2.2587785512104297,0.595895425442063,1.0344910549739406,1.08288700547477,2.4439911769584413,1.5738117721123963,,2.333451010444559,-0.1457949175366577
2019-12-07 23:00:00+00:00,1.7975365157656134,1.3313941827076254,1.6892745969871394,0.43764181174257066,2.6045200575478216,1.348981518953446,,2.333451010444559,-0.1457949175366577
2019-12-08 00:00:00+00:00,0.461893503732678,-0.2523353815252602,1.4886246193366648,-0.07898700153144865,2.5628885071931293,2.697963037906636,,0.3817330681293062,-0.1457949175366577
2019-12-08 01:00:00+00:00,3.845115504777799,0.5289967764799598,1.821120896783689,1.510995529688314,2.4360876551049664,0.6744907594768508,,0.3817330681293062,-0.1457949175366577
2019-12-08 02:00:00+00:00,1.8367245552117777,-1.192751805862218,0.7746547987902044,0.31276423050300806,2.313399947441779,2.2483025315889913,,0.3817330681293062,-0.1457949175366577
2019-12-08 03:00:00+00:00,2.065283966606397,-1.3215286237625583,1.3137289780284165,0.5592698639625386,2.1947630976569883,2.023472278430041,,0.3817330681293062,-0.1457949175366577
2019-12-08 04:00:00+00:00,1.645622028960449,-1.5245073006253045,1.5929669010828926,0.5488070095142957,2.080111020385765,1.1241512657944956,,0.3817330681293062,-0.1457949175366577
2019-12-08 05:00:00+00:00,3.4686286635769186,-1.3237845142169935,2.3285128155389607,2.42423704454876,1.9927797828675715,1.1241512657944956,,0.3817330681293062,-0.1457949175366577
2019-12-08 06:00:00+00:00,3.489397184673096,-1.5004757080848512,2.4350778020365302,2.7293486985841175,1.9793641348570516,-0.22483025315895028,,0.3817330681293062,-0.1457949175366577
2019-12-08 07:00:00+00:00,10.941178445018984,-0.07645588817443469,2.8077825969692993,5.0679947004619175,1.8721205100769933,-0.8993210126355454,,0.3817330681293062,-0.1457949175366577
2019-12-08 08:00:00+00:00,7.287081905748754,-0.8712498988174948,2.3829293212830405,2.1496959479777273,1.8167746669421154,-0.44966050631790055,,0.3817330681293062,-0.1457949175366577
2019-12-08 09:00:00+00:00,10.39160180038002,-1.0320839856728792,1.4329984639614104,3.2790979626717505,1.715274867483232,-0.6744907594765952,,0.3817330681293062,-0.1457949175366577
2019-12-08 10:00:00+00:00,-0.760236932849568,-2.7204218970858673,0.3144904639792498,-1.4597442674876016,1.788097794698223,0.8993210126355454,,0.3817330681293062,-0.1457949175366577
2019-12-08 11:00:00+00:00,-0.6087924819668442,0.06109883723761417,0.16709884072132275,-1.9564782751850769,1.8326863511170843,0.6744907594765952,,0.3817330681293062,-0.1457949175366577
2019-12-08 12:00:00+00:00,0.1738323664292438,0.6886690913136454,-0.4210554504768188,-1.644025459923208,1.7306185801996776,0.44966050631790055,,0.3817330681293062,-0.1457949175366577
2019-12-08 13:00:00+00:00,-0.9854100456549841,0.34687437253497827,0.0,-2.116602188051524,2.176500527329155,0.44966050631790055,,0.3817330681293062,-0.1457949175366577
2019-12-08 14:00:00+00:00,-0.9131959747173212,0.0003165892196308189,0.8673922142526176,-2.0696783964944574,2.785862598340933,0.6744907594765952,,0.3817330681293062,-0.1457949175366577
2019-12-08 15:00:00+00:00,-0.12150843029788223,0.5844071693773171,0.5656062497087926,-1.7866904840657076,2.8814066625789048,1.7986420252710908,,0.3817330681293062,-0.1457949175366577
2019-12-08 16:00:00+00:00,-0.1918539655130166,0.331318525826521,0.5656062497087926,-1.8618093373882456,2.827778419636964,0.44966050631790055,,0.3817330681293062,-0.1457949175366577
2019-12-08 17:00:00+00:00,-0.006184372521911861,0.5873355762727687,0.16709884072132275,-1.872323636523259,2.69262063415711,-0.6744907594765952,,0.3817330681293062,-0.1457949175366577
2019-12-08 18:00:00+00:00,-0.7197626177626975,0.08432242565280544,0.3144904639792498,-2.042583677366641,2.5616875658668214,-0.44966050631790055,,0.3817330681293062,-0.1457949175366577
2019-12-08 19:00:00+00:00,0.3206448894514895,-0.032953472034199786,0.4463367637757993,-1.7137732691634908,2.4349253231302326,-0.44966050631790055,,0.3817330681293062,-0.1457949175366577
2019-12-08 20:00:00+00:00,3.3405705237402805,1.8806783677987113,1.4329984639614104,-1.196806824984992,2.312275662729819,-0.22483025315869468,-1.0760574680795665,0.3817330681293062,-0.1457949175366577
2019-12-08 21:00:00+00:00,2.0960223831362716,2.394565855931587,1.541882973729213,-1.2722770174171558,2.193676261386753,-0.6744907594768508,-1.0436145342571361,0.3817330681293062,-0.1457949175366577
2019-12-08 22:00:00+00:00,1.3371481947182475,0.3802051804429186,0.3144904639792498,-1.3593307626211613,2.0790609996996494,-0.22483025315895028,-0.9520435666837186,0.3817330681293062,-0.1457949175366577
2019-12-08 23:00:00+00:00,0.48548960742836245,0.41762494183631266,-0.19290145477602264,-1.8300961309821289,1.968360255915689,0.6744907594768508,-1.2017106572398824,0.3817330681293062,-0.1457949175366577
2019-12-09 00:00:00+00:00,1.5938499588661001,1.7662495567160386,1.4886246193366648,-1.6362700103416898,1.8615012069581085,1.5738117721121407,-1.3380483541341677,0.8007783910381692,-0.1457949175366577
2019-12-09 01:00:00+00:00,10.627649281799204,-0.37893715203136186,1.77869709012431,5.328598332572982,1.7584081341792064,1.7986420252713464,-1.4875928282772484,0.8007783910381692,-0.1457949175366577
2019-12-09 02:00:00+00:00,-0.9279449900680756,-0.9747030250909792,0.16709884072132275,-1.6075880718483264,1.6590027313854636,1.5738117721121407,0.26853043008087985,0.8007783910381692,-0.1457949175366577
2019-12-09 03:00:00+00:00,-0.9735026790265119,-1.4331953060306437,0.6744907594765952,-1.5716410369050295,1.5632044127877163,1.1241512657944956,0.26853043008087985,0.8007783910381692,-0.1457949175366577
2019-12-09 04:00:00+00:00,-2.131316556046006,-1.5998702210804046,0.7746547987902044,-2.266210193791637,1.4709306186607607,0.8993210126358011,0.26853043008087985,0.8007783910381692,-0.1457949175366577
2019-12-09 05:00:00+00:00,-2.0064675911975782,-1.7429936814074927,0.4463367637757993,-2.2308273736619952,1.3820971166492764,1.3489815189531904,0.26853043008087985,0.8007783910381692,-0.1457949175366577
2019-12-09 06:00:00+00:00,-0.9030165730812196,-1.8809136311524195,0.6744907594765952,-1.689478040355534,1.2966182968263693,-0.6744907594765952,,0.8007783910381692,-0.1457949175366577
2019-12-09 07:00:00+00:00,-1.0276915354707175,-2.1971280558794435,0.0,-2.1122009284312893,1.2144074587932228,-1.5738117721123963,,0.8007783910381692,-0.1457949175366577
2019-12-09 08:00:00+00:00,-1.362408542651162,-2.0193490591392953,-0.19290145477602264,-1.9758076770617303,1.1353770892991792,-1.1241512657944956,,0.8007783910381692,-0.1457949175366577
2019-12-09 09:00:00+00:00,-1.5700442292456411,-1.3243694247769777,-0.7002933735312947,-2.173943763050987,1.0594391290572631,-0.8993210126355454,,0.8007783910381692,-0.1457949175366577
2019-12-09 10:00:00+00:00,-1.5991244478305382,-1.736707746409415,0.5656062497087926,-1.8689014069384393,0.9865052276270128,-2.023472278430041,,0.8007783910381692,-0.1457949175366577
2019-12-09 11:00:00+00:00,-1.0542625126345757,-1.8475716677568503,0.16709884072132275,-1.4670263334124882,0.9437980284832741,-0.6744907594765952,,0.8007783910381692,-0.1457949175366577
2019-12-09 12:00:00+00:00,-1.4696359402112429,-1.0741372973429086,0.3144904639792498,-2.1227415161515713,0.8755010459273534,0.4496605063176449,,0.8007783910381692,-0.1457949175366577
2019-12-09 13:00:00+00:00,-1.962240856113563,-1.0772340248479642,0.16709884072132275,-2.2520843624576727,0.8099783026633285,0.6744907594768508,,0.8007783910381692,-0.1457949175366577
2019-12-09 14:00:00+00:00,-1.6484961534457299,-1.0674876800162174,1.0344910549739406,-2.0557751495464545,0.7471423078828174,0.22483025315869468,,0.8007783910381692,-0.1457949175366577
2019-12-09 15:00:00+00:00,-1.9294084075199907,-1.298852807146399,0.0,-2.1357777369223605,0.6869062776070338,-0.22483025315869468,,0.8007783910381692,-0.1457949175366577
2019-12-09 16:00:00+00:00,-2.1124355763781355,-1.3967109164766986,0.0,-2.1373735593161345,0.6291843105869632,-0.44966050631790055,,0.8007783910381692,-0.1457949175366577
2019-12-09 17:00:00+00:00,-1.674392766291596,-1.4017684312938803,1.0344910549739406,-1.9619308502349566,0.5738915493604706,-0.8993210126355454,,0.8007783910381692,-0.1457949175366577
2019-12-09 18:00:00+00:00,-1.6075389561796296,-1.592721804803299,1.181882678231867,-1.8577665183714025,0.5209443265998712,-1.1241512657944956,,0.8007783910381692,-0.1457949175366577
2019-12-09 19:00:00+00:00,-2.3868365151760282,-2.0858719779472312,0.5656062497087926,-2.1415214183343614,0.47026029699669375,-0.6744907594768508,,0.8007783910381692,-0.1457949175366577
2019-12-09 20:00:00+00:00,-2.280216834651741,-1.9524944847258323,0.3144904639792498,-2.1067822367766325,0.4217585550294183,-0.8993210126355454,,0.8007783910381692,-0.1457949175366577
2019-12-09 21:00:00+00:00,-2.3309796092622106,-1.847563544635704,-0.19290145477602264,-2.1307875923350466,0.3753597390450351,-0.22483025315895028,,0.8007783910381692,-0.1457949175366577
2019-12-09 22:00:00+00:00,-2.377203271960586,-1.9186539194498755,0.3144904639792498,-2.154754446480641,0.3309861221568403,-0.0,,0.8007783910381692,-0.1457949175366577
2019-12-09 23:00:00+00:00,-2.6788086890382887,-1.7501785802235976,0.6744907594765952,-2.4912311783312466,0.2885616905194776,0.44966050631790055,,0.8007783910381692,-0.1457949175366577
2019-12-10 00:00:00+00:00,-2.626579341784496,-1.7445272387452446,-0.19290145477602264,-2.463128575248345,0.24801220958867393,1.7986420252710908,,-0.7060626673669886,-0.1457949175366577
2019-12-10 01:00:00+00:00,-1.3515462715537814,-1.7399805622990296,0.0,-1.7998293741064864,0.209265279008189,0.6744907594768508,,-0.7060626673669886,-0.1457949175366577
2019-12-10 02:00:00+00:00,-0.5751362057238166,-1.404341003722151,-0.19290145477602264,-1.6961942705331003,0.17225037679115435,-0.22483025315895028,,-0.7060626673669886,-0.1457949175366577
2019-12-10 03:00:00+00:00,-0.17672123003904788,-1.015130326084528,0.16709884072132275,-1.1325993123226652,0.13689889347817544,-0.0,,-0.7060626673669886,-0.1457949175366577
2019-12-10 04:00:00+00:00,-0.29441854477834284,-1.0273805447343392,0.5656062497087926,-1.7321411952998682,0.10314415696129617,-0.0,,-0.7060626673669886,-0.1457949175366577
2019-12-10 05:00:00+00:00,0.924345879997939,-0.6690089912152131,0.7746547987902044,-1.5673674365493973,0.07092144866214514,-0.0,,-0.7060626673669886,-0.1457949175366577
2019-12-10 06:00:00+00:00,0.5983337892145829,-0.5701110008528087,0.4463367637757993,-1.6243978711286764,0.04016801174528886,-1.1241512657944956,,-0.7060626673669886,-0.1457949175366577
2019-12-10 07:00:00+00:00,4.368952825497348,-0.13160318575369911,0.6744907594765952,-1.1626880952907497,0.010823052034892838,-0.44966050631790055,,-0.7060626673669886,-0.1457949175366577
2019-12-10 08:00:00+00:00,2.274896667225569,-0.1288424055688143,0.0,-1.3679834208871995,-0.01717226771484359,-0.4496605063176449,,-0.7060626673669886,-0.1457949175366577
2019-12-10 09:00:00+00:00,2.9340528243960433,0.6471987471472085,0.6744907594765952,-1.0492308671551145,-0.04387483956657374,-0.0,,-0.7060626673669886,-0.1457949175366577
2019-12-10 10:00:00+00:00,0.9547096260075842,-0.46622599792250574,0.3144904639792498,-1.6253145575463281,-0.06933962755980348,-0.22483025315895028,,-0.7060626673669886,-0.1457949175366577
2019-12-10 11:00:00+00:00,1.1287053327747467,-0.27554340623972573,0.6744907594765952,-1.3661279995342557,-0.0936196897069515,1.5738117721123963,,-0.7060626673669886,-0.1457949175366577
2019-12-10 12:00:00+00:00,1.3544126499064584,-0.2503689823819343,0.3144904639792498,-1.3654111587095803,-0.11676620427739245,0.6744907594765952,,-0.7060626673669886,-0.1457949175366577
2019-12-10 13:00:00+00:00,1.7638908720770097,-0.31753597935231836,-0.7002933735312947,-1.2940074079736286,-0.1388284998516421,0.6744907594765952,,-0.7060626673669886,-0.1457949175366577
2019-12-10 14:00:00+00:00,2.846692980865213,-0.09005742555958421,0.3144904639792498,-1.1278303961115796,-0.15985408865884254,1.348981518953446,,-0.7060626673669886,-0.1457949175366577
2019-12-10 15:00:00+00:00,3.1682320011776133,0.033771944134955934,0.16709884072132275,-1.2545395670852357,-0.17988870274203447,0.44966050631790055,,-0.7060626673669886,-0.1457949175366577
2019-12-10 16:00:00+00:00,2.151667604943458,-0.1799053644008899,0.3144904639792498,-1.2720469658348252,-0.19897633252698588,-0.22483025315895028,,-0.7060626673669886,-0.1457949175366577
2019-12-10 17:00:00+00:00,1.791451579340482,-0.9478586699977554,-0.19290145477602264,-1.1914755986548458,-0.21715926740126526,-0.0,,-0.7060626673669886,-0.1457949175366577
2019-12-10 18:00:00+00:00,3.6610791401495626,-0.5462584440597434,0.4463367637757993,-0.9841736990157373,-0.2344781379405407,0.6744907594765952,,-0.7060626673669886,-0.1457949175366577
2019-12-10 19:00:00+00:00,11.097069343603334,-0.32927749836669523,1.77869709012431,0.7062923295597495,-0.250971959448522,-0.4496605063176449,,-0.7060626673669886,-0.1457949175366577
2019-12-10 20:00:00+00:00,10.34572202478883,-0.15766104415491441,1.9777478567635156,0.3462355406452907,-0.26667817650538783,-0.0,,-0.7060626673669886,-0.1457949175366577
2019-12-10 21:00:00+00:00,12.888374591232493,-0.3818511696127766,2.27162199866546,0.8566628609260355,-0.28163270824678993,0.4496605063176449,,-0.7060626673669886,-0.1457949175366577
2019-12-10 22:00:00+00:00,7.147591954306929,-0.9637902211128947,1.7347844285052354,-0.11857341795930917,-0.29586999412152837,1.5738117721123963,,-0.7060626673669886,-0.1457949175366577
2019-12-10 23:00:00+00:00,9.338799921572821,-0.7618608284794361,2.3285128155389607,-0.49837451224658735,-0.3094230399006452,1.1241512657944956,,-0.7060626673669886,-0.1457949175366577
