timestamp,hydro_rms_2_5,ratio_4p5_8_over_8_16,hf_event_rate_2_5,effect_tremor_rms_5_15,API,pressure_drop,SO2_flux,GNSS_deformation,local_eq_count_1h
2019-10-01 00:00:00+00:00,1.5692876415233974e-06,1.9321121972230995,1.0,2.480016682832723e-06,,,,0.00963,0.0
2019-10-01 01:00:00+00:00,2.3481929314415457e-06,1.7562268902867026,1.0,3.7707504116867673e-06,0.20512820512820515,0.10000000000002274,11.4497105,0.00963,0.0
2019-10-01 02:00:00+00:00,2.496109802333233e-06,1.9780381280939814,3.0,3.7220280788764344e-06,0.13321647677475898,0.8999999999999773,7.253356285714285,0.00963,0.0
2019-10-01 03:00:00+00:00,2.468050636094769e-06,1.6209368485781315,1.0,3.983864185479829e-06,0.12426294686478655,0.6000000000000227,5.3939815,0.00963,0.0
2019-10-01 04:00:00+00:00,2.4419740154645353e-06,1.7699573841045488,1.0,3.838788814999314e-06,0.0967977665454254,0.39999999999997726,,0.00963,0.0
2019-10-01 05:00:00+00:00,2.7599144249064975e-06,1.7084242781780794,0.0,3.953232278000715e-06,0.0785277017343101,-0.10000000000002274,,0.00963,0.0
2019-10-01 06:00:00+00:00,2.393166670348468e-06,1.6924741368293477,2.0,3.86013983357459e-06,0.06551188958427469,-0.10000000000002274,,0.00963,0.0
2019-10-01 07:00:00+00:00,2.1596966017510862e-06,1.6382979939553188,4.0,3.842551819084742e-06,0.05577988329595808,-0.39999999999997726,,0.00963,0.0
2019-10-01 08:00:00+00:00,2.3381655518886214e-06,1.561376986101708,0.0,3.9817641550015766e-06,0.04823697670392084,-0.10000000000002274,,0.00963,0.0
2019-10-01 09:00:00+00:00,2.3275023235576007e-06,1.7197152245299703,0.0,3.914466402761968e-06,0.04222633413288973,-0.1999999999999318,,0.00963,0.0
2019-10-01 10:00:00+00:00,2.5011376936988525e-06,1.9960203868290487,0.0,3.803921008370417e-06,0.03732995853348182,0.2999999999999545,,0.00963,0.0
2019-10-01 11:00:00+00:00,2.5500145963977097e-06,1.9934916323320155,3.0,3.855976832354974e-06,0.03326917556713199,-0.0,,0.00963,0.0
2019-10-01 12:00:00+00:00,2.3617472649661018e-06,2.0818503015849825,3.0,3.733136676921677e-06,0.029851048128527135,-0.2999999999999545,,0.00963,0.0
2019-10-01 13:00:00+00:00,2.451776744780789e-06,1.8121862774643442,1.0,3.875606723212649e-06,0.026937756086202837,-0.0,,0.00963,0.0
2019-10-01 14:00:00+00:00,2.4178661145323516e-06,1.7474684719527602,1.0,3.987589608490696e-06,0.024428224138902912,-0.10000000000002274,,0.00963,0.0
2019-10-01 15:00:00+00:00,2.5336273002299683e-06,1.9525291535070473,0.0,3.918333153143474e-06,0.02224663923646818,-0.0,,0.00963,0.0
2019-10-01 16:00:00+00:00,2.515964553358206e-06,1.594481142364516,0.0,4.172041508841167e-06,0.020335020685161024,-0.20000000000004547,,0.00963,0.0
2019-10-01 17:00:00+00:00,2.312022907460712e-06,1.4002488638950679,1.0,4.199067414993969e-06,0.0186482668929053,-0.599999999999909,,0.00963,0.0
2019-10-01 18:00:00+00:00,2.329536840802494e-06,1.64363267960179,1.0,4.018862830624136e-06,0.017150766307594132,-0.7000000000000455,,0.00963,0.0
2019-10-01 19:00:00+00:00,2.3426874909018074e-06,1.593392740630546,5.0,4.045137954639523e-06,0.01581402508034109,-0.6000000000000227,,0.00963,0.0
2019-10-01 20:00:00+00:00,2.441234366214111e-06,1.3845883087941326,1.0,4.551847548079406e-06,0.014614972544823163,-0.5,,0.00963,0.0
2019-10-01 21:00:00+00:00,2.4091998433568377e-06,1.2793637930958457,4.0,4.729723262959487e-06,0.013534728843437026,-0.5,,0.00963,0.0
2019-10-01 22:00:00+00:00,2.4637858404634747e-06,1.1756864939991833,0.0,4.892503455687124e-06,0.012557694046384868,0.7000000000000455,11.823264,0.00963,0.0
2019-10-01 23:00:00+00:00,1.6815547125174746e-06,0.9949048086283149,5.0,3.8396674258223425e-06,0.01873290240893538,0.6000000000000227,,0.00963,0.0
2019-10-02 00:00:00+00:00,1.6097163080912054e-06,1.4753119939158459,6.0,3.0041311394687207e-06,0.017436705889196134,1.1999999999999318,4.082292,0.00881,0.0
2019-10-02 01:00:00+00:00,2.3147421011856287e-06,1.3354006322349796,11.0,4.587139123164094e-06,0.016252918948224053,0.7000000000000455,6.6699655,0.00881,0.0
2019-10-02 02:00:00+00:00,2.4207346140660634e-06,1.212647981012907,7.0,4.977916199895191e-06,0.015168893682376394,0.6999999999999318,6.748881222222222,0.00881,0.0
2019-10-02 03:00:00+00:00,2.5730694234121795e-06,0.967066678579566,5.0,5.74952869953142e-06,0.020733974939935746,1.6000000000000227,,0.00881,0.0
2019-10-02 04:00:00+00:00,2.643098812957842e-06,0.7751176468404403,6.0,7.035717284136113e-06,0.025854092789145963,1.0,,0.00881,0.0
2019-10-02 05:00:00+00:00,2.9768233392738234e-06,0.5886012676010214,9.0,9.24213249924667e-06,0.04330758391045561,0.20000000000004547,,0.00881,0.0
2019-10-02 06:00:00+00:00,3.4472971123002856e-06,0.5075568850453271,8.0,1.2316045356936531e-05,0.04058757667317294,-0.10000000000002274,,0.00881,0.0
2019-10-02 07:00:00+00:00,3.3530874454248732e-06,0.5424442023486579,11.0,1.0664322591725486e-05,0.0380706378919034,-0.6000000000000227,,0.00881,0.0
2019-10-02 08:00:00+00:00,2.993273530008226e-06,0.6602336049646312,5.0,7.944459622842572e-06,0.03573780414329169,-0.7999999999999545,,0.00881,0.0
2019-10-02 09:00:00+00:00,2.777304819601852e-06,0.8183788153411443,12.0,6.274063478800789e-06,0.033572336972253286,-0.39999999999997726,,0.00881,0.0
2019-10-02 10:00:00+00:00,2.637423554792948e-06,0.9954844949009923,8.0,5.318217978032679e-06,0.03155940568346395,-0.8000000000000682,,0.00881,0.0
2019-10-02 11:00:00+00:00,2.484313518603256e-06,1.0831881925596891,8.0,4.9112009976987215e-06,0.0296858229936513,-0.8999999999999773,,0.00881,0.0
2019-10-02 12:00:00+00:00,2.4656074354266477e-06,1.1288181424748833,5.0,4.789461106313261e-06,0.027939823542695943,-0.5,,0.00881,0.0
2019-10-02 13:00:00+00:00,2.4049005027068443e-06,1.3340762437581626,8.0,4.5700158844343906e-06,0.026310877367302678,-1.0,,0.00881,0.0
2019-10-02 14:00:00+00:00,2.458788742218464e-06,1.3389168511099623,6.0,4.641268494756863e-06,0.024789532060814374,-1.0,,0.00881,0.0
2019-10-02 15:00:00+00:00,2.3906301670323803e-06,1.462883941576423,6.0,4.419048233165281e-06,0.023367278598097757,-0.2999999999999545,,0.00881,0.0
2019-10-02 16:00:00+00:00,2.397191209802893e-06,1.7853419162132422,7.0,4.144197310668925e-06,0.022036436784222103,-0.5,,0.00881,0.0
2019-10-02 17:00:00+00:00,2.370196149674877e-06,1.6825812051932612,8.0,4.2307774970501564e-06,0.020790057055489263,-0.6000000000000227,,0.00881,0.0
2019-10-02 18:00:00+00:00,2.435860846801143e-06,1.7729042702766538,8.0,4.166944004707106e-06,0.019621835970082577,-0.8999999999999773,,0.00881,0.0
2019-10-02 19:00:00+00:00,2.434840744945796e-06,1.8369462516627992,3.0,4.162339557006776e-06,0.018526043209802858,-0.8000000000000682,,0.00881,0.0
2019-10-02 20:00:00+00:00,2.4694791426065647e-06,1.8394677058506552,5.0,4.0736541887874415e-06,0.0174974583017199,-0.5,,0.00881,0.0
2019-10-02 21:00:00+00:00,2.3886243967467975e-06,1.8521630053552196,11.0,4.0176120725142244e-06,0.016531315580139774,-0.6000000000000227,,0.00881,0.0
2019-10-02 22:00:00+00:00,2.307757491193925e-06,1.9610893600147496,2.0,4.0975450411127625e-06,0.015623256161196494,-0.09999999999990905,,0.00881,0.0
2019-10-02 23:00:00+00:00,1.6155124658048556e-06,1.9633965338939776,3.0,2.917389990825562e-06,0.014769285907051049,0.1999999999999318,1.234144,0.00881,0.0
2019-10-03 00:00:00+00:00,1.6501462062068234e-06,1.8561692781409935,7.0,2.904976404364121e-06,0.013965738523760658,-0.5,,0.01156,0.0
2019-10-03 01:00:00+00:00,2.314882953222509e-06,1.8579623691768683,5.0,4.080136663842012e-06,0.013209243073884996,0.3000000000000682,2.95078125,0.01156,0.0
2019-10-03 02:00:00+00:00,2.300838896523548e-06,1.8346808845572165,7.0,4.06235352067055e-06,0.01249669529772138,0.599999999999909,6.753067166666667,0.01156,0.0
2019-10-03 03:00:00+00:00,2.3336532021469416e-06,1.971010805719378,9.0,4.045848850194355e-06,0.011825232230356671,1.1000000000000227,3.687963,0.01156,0.0
2019-10-03 04:00:00+00:00,2.3735518552352253e-06,1.9676275947939683,8.0,4.153373773250737e-06,0.011192209679175048,0.39999999999997726,,0.01156,0.0
2019-10-03 05:00:00+00:00,2.377985667172992e-06,1.9880514671882745,4.0,4.199354623175847e-06,0.010595182191001407,-0.0,,0.01156,0.0
2019-10-03 06:00:00+00:00,2.423788998991277e-06,1.9065758771717143,7.0,4.20656452019654e-06,0.01003188519203776,-0.09999999999990905,,0.01156,0.0
2019-10-03 07:00:00+00:00,2.4343034558876004e-06,1.681282804589671,5.0,4.3850320422244344e-06,0.009500219029050232,-0.20000000000004547,,0.01156,0.0
2019-10-03 08:00:00+00:00,2.348495468161562e-06,1.8078630264893585,9.0,4.259581650890213e-06,0.008998234678409975,-0.7000000000000455,,0.01156,1.0
2019-10-03 09:00:00+00:00,2.5071893637983654e-06,1.8612613433707343,9.0,4.274454678735771e-06,0.013793085041322612,-0.09999999999990905,,0.01156,0.0
2019-10-03 10:00:00+00:00,2.978713906758113e-06,1.9217584016346827,1.0,4.2729874629595046e-06,0.018323112311069818,-0.20000000000004547,,0.01156,0.0
2019-10-03 11:00:00+00:00,2.024613237841835e-06,2.249930998516383,5.0,3.1813398567818627e-06,0.03308713212037019,-0.10000000000002274,,0.01156,0.0
2019-10-03 12:00:00+00:00,2.1088711875896137e-06,2.2337504059223026,4.0,3.595763769127965e-06,0.04181475118761105,-0.1999999999999318,,0.01156,0.0
2019-10-03 13:00:00+00:00,2.2876018209015367e-06,2.2627291152995226,11.0,3.7891634515035308e-06,0.039633313840191836,0.09999999999990905,,0.01156,0.0
2019-10-03 14:00:00+00:00,2.2593920527087183e-06,2.2563122894922736,6.0,3.7896090545677617e-06,0.037570155253419446,0.10000000000002274,,0.01156,0.0
2019-10-03 15:00:00+00:00,2.1976196301442325e-06,2.011365463474953,6.0,3.6358272470332535e-06,0.035618409927431455,-0.10000000000002274,,0.01156,0.0
2019-10-03 16:00:00+00:00,2.386686813089961e-06,1.923114830392689,10.0,3.752306076600514e-06,0.03377165648962548,-0.0,,0.01156,0.0
2019-10-03 17:00:00+00:00,2.3152174639641253e-06,1.8985139491296312,7.0,3.638574439208087e-06,0.03202388442810772,-0.39999999999997726,,0.01156,0.0
2019-10-03 18:00:00+00:00,2.2423982101206564e-06,1.9638806374286373,7.0,3.677807495142049e-06,0.030369463756601708,-0.6999999999999318,,0.01156,0.0
2019-10-03 19:00:00+00:00,2.2018540926090526e-06,1.9608301543571827,4.0,3.6682041592576194e-06,0.028803117310619013,-1.0,,0.01156,0.0
2019-10-03 20:00:00+00:00,2.389146784387944e-06,1.976715152413535,7.0,3.86310314763475e-06,0.02731989540954244,-0.8000000000000682,,0.01156,0.0
2019-10-03 21:00:00+00:00,2.3251082108217028e-06,2.1035421049604413,4.0,3.997523291036783e-06,0.02591515264963266,-0.39999999999997726,,0.01156,1.0
2019-10-03 22:00:00+00:00,2.288375433589455e-06,2.0717242825244124,4.0,4.028939206439589e-06,0.024584526619473145,-0.10000000000002274,,0.01156,0.0
2019-10-03 23:00:00+00:00,1.674042472058253e-06,2.045725664514725,4.0,2.969950872144618e-06,0.02332391835255188,-0.10000000000002274,,0.01156,0.0
2019-10-04 00:00:00+00:00,1.7072215979217072e-06,1.9813878307087496,7.0,2.936857271723228e-06,0.022129474351997257,0.40000000000009095,,0.012140000000000001,0.0
2019-10-04 01:00:00+00:00,2.323221385821712e-06,2.025314712337676,2.0,4.011170494123075e-06,0.020997570040326548,-0.0,,0.012140000000000001,0.0
2019-10-04 02:00:00+00:00,2.4220186178333063e-06,2.0133393220684734,6.0,4.162923320396137e-06,0.01992479450276003,-0.0,,0.012140000000000001,0.0
2019-10-04 03:00:00+00:00,2.4518843595048197e-06,1.9930562863308898,8.0,4.156018297602835e-06,0.01890793640648439,0.7999999999999545,,0.012140000000000001,0.0
2019-10-04 04:00:00+00:00,2.4129661143000514e-06,1.9823517801170205,5.0,4.1744688793793444e-06,0.01794397099045832,0.6000000000000227,,0.012140000000000001,0.0
2019-10-04 05:00:00+00:00,2.45859081659058e-06,1.9688196045996158,8.0,4.176066411929685e-06,0.017030048031149197,-0.20000000000004547,,0.012140000000000001,0.0
2019-10-04 06:00:00+00:00,2.4639540215205153e-06,1.9939817358447496,8.0,4.212138473383307e-06,0.016163480699151994,-0.2999999999999545,,0.012140000000000001,0.0
2019-10-04 07:00:00+00:00,2.4940250183326714e-06,2.0610116478323888,5.0,4.475106072836714e-06,0.015341735230124212,-0.10000000000002274,,0.012140000000000001,0.0
2019-10-04 08:00:00+00:00,2.5253061118030406e-06,2.135799435943108,7.0,4.472161211746106e-06,0.014562421341007914,-0.2999999999999545,,0.012140000000000001,0.0
2019-10-04 09:00:00+00:00,2.643187053113241e-06,2.0437910819992933,7.0,4.6176219346948124e-06,0.01382328332921682,-0.0,,0.012140000000000001,0.0
2019-10-04 10:00:00+00:00,2.9911493218243406e-06,2.196427423969554,5.0,4.230988193948565e-06,0.01312219179844375,0.09999999999990905,,0.012140000000000001,0.0
2019-10-04 11:00:00+00:00,2.328076042672231e-06,2.5047389906612803,16.0,3.5754809019969726e-06,0.012457135960078455,-0.1999999999999318,,0.012140000000000001,0.0
2019-10-04 12:00:00+00:00,2.177107310199005e-06,2.168164309780526,6.0,3.6992722274917925e-06,0.011826216463993759,0.2999999999999545,,0.012140000000000001,0.0
2019-10-04 13:00:00+00:00,3.1585486048488685e-06,2.1043034581997033,11.0,4.716253204624098e-06,0.011227638716725564,-0.0,,0.012140000000000001,0.0
2019-10-04 14:00:00+00:00,3.3193844716120165e-06,2.3347980793377574,10.0,4.660120857067428e-06,0.010659706648896866,0.5,,0.012140000000000001,0.0
2019-10-04 15:00:00+00:00,2.7285900052850555e-06,1.8395290985702821,2.0,4.3660888519401e-06,0.01012081689716849,0.3000000000000682,,0.012140000000000001,1.0
2019-10-04 16:00:00+00:00,2.530926801254449e-06,1.9356025898672546,5.0,4.2053778527419315e-06,0.009609453369083835,-0.0,,0.012140000000000001,0.0
2019-10-04 17:00:00+00:00,2.6671729418808076e-06,2.0086289431994944,8.0,4.250189761810938e-06,0.009124182161950411,0.09999999999990905,,0.012140000000000001,0.0
2019-10-04 18:00:00+00:00,2.7667752696409573e-06,2.0330570818337637,3.0,4.377451226671138e-06,0.013711061957132313,-0.5,,0.012140000000000001,0.0
2019-10-04 19:00:00+00:00,2.874473318107821e-06,2.0048855734005335,1.0,4.5227166404514645e-06,0.023109381807213614,-0.39999999999997726,,0.012140000000000001,0.0
2019-10-04 20:00:00+00:00,2.871002196298028e-06,1.9982256495522586,2.0,4.50453659444311e-06,0.02194403284559626,0.10000000000002274,3.0399595,0.012140000000000001,0.0
2019-10-04 21:00:00+00:00,2.854408070145051e-06,1.952228781626846,2.0,4.623222810219113e-06,0.025878520094215075,0.10000000000002274,3.1139276666666666,0.012140000000000001,0.0
2019-10-04 22:00:00+00:00,2.9631668565944125e-06,2.038666746689055,1.0,4.904162687703687e-06,0.024574617371552414,0.1999999999999318,2.526389,0.012140000000000001,0.0
2019-10-04 23:00:00+00:00,2.057761815328866e-06,1.9576343634254048,0.0,3.3504221601559325e-06,0.02333688963742994,0.3000000000000682,2.05434,0.012140000000000001,0.0
2019-10-05 00:00:00+00:00,2.095232845258519e-06,1.9490947814470336,3.0,3.461952949868235e-06,0.022161931583914173,1.0,,0.01302,0.0
2019-10-05 01:00:00+00:00,2.9153993286394148e-06,1.980792791171229,2.0,4.782597289134625e-06,0.021046517730132226,0.10000000000002274,6.3703703,0.01302,0.0
2019-10-05 02:00:00+00:00,2.8328337649913545e-06,1.8774402853385812,0.0,4.430017416861058e-06,0.019987592477414176,0.8999999999999773,3.5825925999999995,0.01302,0.0
2019-10-05 03:00:00+00:00,2.409415261164924e-06,1.654186636321308,5.0,3.7225251064022e-06,0.018982260757720894,0.5,2.4054975,0.01302,0.0
2019-10-05 04:00:00+00:00,2.305884549577547e-06,1.6801728034756076,8.0,3.596081773351268e-06,0.018027779235881544,0.1999999999999318,,0.01302,0.0
2019-10-05 05:00:00+00:00,2.369415905022283e-06,1.6938967395771158,8.0,3.6032354749988007e-06,0.017121548029160823,-0.09999999999990905,,0.01302,0.0
2019-10-05 06:00:00+00:00,2.504634489250508e-06,1.8605122586686764,5.0,3.6566309263324664e-06,0.016261102910412745,-0.7000000000000455,,0.01302,0.0
2019-10-05 07:00:00+00:00,2.3552957016129597e-06,1.7316117500954427,4.0,3.598317492385e-06,0.015444107963580516,-0.39999999999997726,,0.01302,0.0
2019-10-05 08:00:00+00:00,2.355518753075533e-06,1.7099055242527246,7.0,3.699332163698762e-06,0.014668348662593167,-0.6000000000000227,,0.01302,0.0
2019-10-05 09:00:00+00:00,2.690648381117174e-06,1.6799323955503942,5.0,4.108026091021597e-06,0.013931725346808999,-0.39999999999997726,,0.01302,0.0
2019-10-05 10:00:00+00:00,2.6076854920404373e-06,2.212129085148789,13.0,3.695493691668188e-06,0.013232247068081888,0.5,,0.01302,0.0
2019-10-05 11:00:00+00:00,2.028196776173062e-06,2.300342304806605,14.0,3.1954745762347817e-06,0.012568025786294767,-0.10000000000002274,,0.01302,0.0
2019-10-05 12:00:00+00:00,3.4275062230199506e-06,2.7497797947691978,15.0,5.215678704519862e-06,0.011937270891830023,-0.6000000000000227,,0.01302,0.0
2019-10-05 13:00:00+00:00,2.23496684223609e-06,2.3589554918231266,20.0,3.7740822774568036e-06,0.011338284034941856,0.5,,0.01302,0.0
2019-10-05 14:00:00+00:00,2.1517279571560702e-06,1.837755366658613,3.0,4.054389007827861e-06,0.010769454243372723,0.3000000000000682,,0.01302,0.0
2019-10-05 15:00:00+00:00,2.0170139422204622e-06,1.8581471512296357,3.0,4.020897509735275e-06,0.010229253310825331,-0.3000000000000682,,0.01302,0.0
2019-10-05 16:00:00+00:00,2.025747193495041e-06,1.8361189325374692,4.0,3.931764622105249e-06,0.04482292971166361,0.3000000000000682,,0.01302,0.0
2019-10-05 17:00:00+00:00,2.036873311259965e-06,1.8081629577393838,1.0,3.6800128590924436e-06,0.19802412009834316,-0.20000000000004547,,0.01302,0.0
2019-10-05 18:00:00+00:00,1.9952105099397783e-06,1.9285385432888686,3.0,3.6590995058182936e-06,0.38363202344345393,-0.2999999999999545,,0.01302,0.0
2019-10-05 19:00:00+00:00,2.0527342096324424e-06,1.9027186598803993,5.0,3.3976463084165447e-06,0.4847138194770214,-0.6000000000000227,,0.01302,0.0
2019-10-05 20:00:00+00:00,2.041062020408923e-06,1.953172042520018,8.0,3.3222288919348783e-06,0.4754552088712944,-0.5,,0.01302,0.0
2019-10-05 21:00:00+00:00,2.122856068481121e-06,1.649448238553054,6.0,3.636754522055125e-06,0.45663819610166806,-0.7000000000000455,,0.01302,0.0
2019-10-05 22:00:00+00:00,2.0098656158461337e-06,1.856529432575371,4.0,3.270782392935508e-06,0.43876635823329235,-1.0,,0.01302,0.0
2019-10-05 23:00:00+00:00,1.2595614313350722e-06,2.0149033943733277,7.0,2.179099701664102e-06,0.4167813788213887,-0.39999999999997726,,0.01302,0.0
2019-10-06 00:00:00+00:00,1.4032072131097462e-06,1.7902886483501714,19.0,2.275857953290425e-06,0.39590020706805923,-0.2999999999999545,,0.011040000000000001,1.0
2019-10-06 01:00:00+00:00,1.7196149563112118e-06,2.1084130100446075,6.0,3.060884910352663e-06,0.38608639846431014,-0.3000000000000682,,0.011040000000000001,0.0
2019-10-06 02:00:00+00:00,1.4056435620391975e-06,2.1862766835009873,9.0,2.732930453301035e-06,0.3867833467886352,-0.10000000000002274,,0.011040000000000001,0.0
2019-10-06 03:00:00+00:00,1.2965638446761122e-06,2.1736416838086154,10.0,2.6264642080142475e-06,0.3724193479799979,0.10000000000002274,,0.011040000000000001,0.0
2019-10-06 04:00:00+00:00,1.2900904195063394e-06,2.2374102666985682,18.0,2.5241230553300697e-06,0.35376774918950243,-0.10000000000002274,,0.011040000000000001,0.0
2019-10-06 05:00:00+00:00,1.3764824616415244e-06,2.111022401956592,15.0,2.7063897338783634e-06,0.3410595346479501,-0.6999999999999318,,0.011040000000000001,0.0
2019-10-06 06:00:00+00:00,1.40890370057366e-06,2.0967177600862184,4.0,2.7943332927476397e-06,0.32898866684347283,-0.7000000000000455,,0.011040000000000001,0.0
2019-10-06 07:00:00+00:00,1.4105017427979307e-06,2.0586946476853956,5.0,2.723704528255301e-06,0.31251603903612846,-0.6999999999999318,,0.011040000000000001,0.0
2019-10-06 08:00:00+00:00,1.378460463762759e-06,2.070142914802232,10.0,2.6199533254174855e-06,0.2968693071086178,-0.7000000000000455,,0.011040000000000001,0.0
2019-10-06 09:00:00+00:00,1.1763836973936695e-06,2.264274607625733,11.0,2.3535943779056985e-06,0.2820069550466494,-0.39999999999997726,,0.011040000000000001,1.0
2019-10-06 10:00:00+00:00,1.2186268318737944e-06,2.1309846933793577,17.0,2.4094487315210693e-06,0.2678895642674239,-0.20000000000004547,,0.011040000000000001,0.0
2019-10-06 11:00:00+00:00,1.5308236967250062e-06,1.982189978908638,8.0,3.268592333033555e-06,0.2544797066302256,-0.2999999999999545,,0.011040000000000001,1.0
2019-10-06 12:00:00+00:00,1.4484013518585296e-06,2.076982561714879,6.0,2.605663714312281e-06,0.241741843004237,-0.10000000000002274,,0.011040000000000001,0.0
2019-10-06 13:00:00+00:00,1.363431247698348e-06,2.0801128261799726,10.0,2.543375084424865e-06,0.22964222709527735,0.20000000000004547,,0.011040000000000001,0.0
2019-10-06 14:00:00+00:00,1.2774161200695436e-06,2.175401776099501,10.0,2.481854325383682e-06,0.21814881425010188,0.2999999999999545,,0.011040000000000001,0.0
2019-10-06 15:00:00+00:00,1.3147958317054833e-06,2.1742758263370976,13.0,2.5432886012070643e-06,0.20723117497278334,-0.0,,0.011040000000000001,0.0
2019-10-06 16:00:00+00:00,1.4117444919063412e-06,2.200871950769488,8.0,2.6334203906190715e-06,0.19686041290260842,-0.2999999999999545,,0.011040000000000001,0.0
2019-10-06 17:00:00+00:00,1.3846968792404316e-06,2.256693305040034,7.0,2.6339158506067344e-06,0.18700908701692645,-0.40000000000009095,,0.011040000000000001,0.0
2019-10-06 18:00:00+00:00,1.319573855635303e-06,2.1944426482347086,12.0,2.565778995209543e-06,0.177651137835544,-0.599999999999909,,0.011040000000000001,0.0
2019-10-06 19:00:00+00:00,1.4233935012905253e-06,2.0122330325380493,6.0,2.7122326239940024e-06,0.16876181741562668,-0.40000000000009095,,0.011040000000000001,0.0
2019-10-06 20:00:00+00:00,1.3880094162542307e-06,1.9141436723988725,4.0,2.727409603274958e-06,0.16031762293770097,-0.1999999999999318,,0.011040000000000001,0.0
2019-10-06 21:00:00+00:00,1.427924398375343e-06,1.7724952410814232,10.0,2.861663082453996e-06,0.15229623369429104,-0.20000000000004547,,0.011040000000000001,0.0
2019-10-06 22:00:00+00:00,1.5021031082263997e-06,1.9222035607277588,3.0,2.7894261268190775e-06,0.144676451303025,0.10000000000002274,,0.011040000000000001,0.0
2019-10-06 23:00:00+00:00,1.0877139729215327e-06,1.9602277421406225,10.0,2.009686028564227e-06,0.13743814297574333,0.20000000000004547,,0.011040000000000001,0.0
2019-10-07 00:00:00+00:00,1.1256949235279486e-06,1.929334383467775,5.0,2.038448975358685e-06,0.13056218768427708,0.6999999999999318,,0.010700000000000001,0.0
2019-10-07 01:00:00+00:00,1.6242280757050564e-06,1.953906924666569,3.0,2.943810653558949e-06,0.12403042507217198,0.10000000000002274,,0.010700000000000001,0.0
2019-10-07 02:00:00+00:00,1.709088582236829e-06,1.9042548357843876,3.0,3.0233359547523386e-06,0.11782560696974888,0.6000000000000227,,0.010700000000000001,0.0
2019-10-07 03:00:00+00:00,4.12286077646611e-06,2.0950037917497326,8.0,6.394462644253149e-06,0.11193135137754297,0.2999999999999545,,0.010700000000000001,0.0
2019-10-07 04:00:00+00:00,1.7046736320681851e-06,1.8835820715002025,4.0,3.0018476838939692e-06,0.10633209879038216,0.3000000000000682,,0.010700000000000001,0.0
2019-10-07 05:00:00+00:00,1.666823214439625e-06,1.9318341780185122,2.0,2.8548380305582797e-06,0.10101307074117581,-0.20000000000004547,,0.010700000000000001,0.0
2019-10-07 06:00:00+00:00,1.6869554646904938e-06,1.906338653844948,3.0,2.846806108512414e-06,0.09596023044991356,-0.2999999999999545,,0.010700000000000001,0.0
2019-10-07 07:00:00+00:00,1.731431966358685e-06,1.8476692582594128,4.0,2.922147056614888e-06,0.09116024546944353,-0.10000000000002274,,0.010700000000000001,0.0
2019-10-07 08:00:00+00:00,1.7785633903450208e-06,1.9043639948219424,1.0,3.1154672018919007e-06,0.08660045222533147,-0.3000000000000682,,0.010700000000000001,0.0
2019-10-07 09:00:00+00:00,1.74897356925128e-06,1.884798749870945,3.0,3.1198047220121216e-06,0.08226882235251758,0.10000000000002274,,0.010700000000000001,0.0
2019-10-07 10:00:00+00:00,1.6597304077953437e-06,1.9069912996845917,1.0,2.9337837928687876e-06,0.07815393073660425,-0.1999999999999318,,0.010700000000000001,0.0
2019-10-07 11:00:00+00:00,1.6897057352849402e-06,1.9023546763720407,1.0,3.0052277912968784e-06,0.07424492517244467,-0.0,,0.010700000000000001,0.0
2019-10-07 12:00:00+00:00,1.7686311802328406e-06,1.9067223147667631,0.0,3.0833841867159017e-06,0.07053149755727373,-0.40000000000009095,,0.010700000000000001,0.0
2019-10-07 13:00:00+00:00,1.7755261904376667e-06,1.9106060181410909,2.0,3.0858758235261214e-06,0.06700385653994624,0.3000000000000682,,0.010700000000000001,0.0
2019-10-07 14:00:00+00:00,1.7625567987800183e-06,1.9127796398163897,3.0,3.1575451215149604e-06,0.06365270155193645,0.6999999999999318,,0.010700000000000001,0.0
2019-10-07 15:00:00+00:00,1.7784054148548387e-06,1.8782359350806026,6.0,3.1148060292799617e-06,0.06046919814962042,0.20000000000004547,,0.010700000000000001,0.0
2019-10-07 16:00:00+00:00,1.7636624453607827e-06,1.8536929986403603,3.0,3.046382580826927e-06,0.06244625053538327,0.20000000000004547,,0.010700000000000001,0.0
2019-10-07 17:00:00+00:00,1.7341250762687256e-06,1.855871336585296,7.0,3.041978717039884e-06,0.059323169219280894,-0.20000000000004547,,0.010700000000000001,0.0
2019-10-07 18:00:00+00:00,1.721220642571127e-06,1.8902680218890116,5.0,3.016249126856822e-06,0.06135748649468111,-0.20000000000004547,,0.010700000000000001,0.0
2019-10-07 19:00:00+00:00,1.7422782064131498e-06,1.8857555094394722,2.0,3.1042409086814545e-06,0.06329004151170864,-0.1999999999999318,,0.010700000000000001,0.0
2019-10-07 20:00:00+00:00,1.833945105274663e-06,1.8501215014258647,1.0,3.2938233257249763e-06,0.0601248714123363,-0.20000000000004547,,0.010700000000000001,0.0
2019-10-07 21:00:00+00:00,1.7717087950159458e-06,1.8373680542982271,4.0,3.250232361162994e-06,0.06211902767382547,-0.39999999999997726,,0.010700000000000001,0.0
2019-10-07 22:00:00+00:00,1.5992181853715992e-06,1.8730209169672147,6.0,2.9779183245855974e-06,0.059012484565748126,0.20000000000004547,3.425926,0.010700000000000001,0.0
2019-10-07 23:00:00+00:00,1.1872681258057455e-06,1.9122584155697042,8.0,2.119556007643821e-06,0.05606132631664393,0.1999999999999318,2.401253816666667,0.010700000000000001,0.0
2019-10-08 00:00:00+00:00,1.214901021890313e-06,1.8425771310008656,7.0,2.22101706227664e-06,0.05325777805597671,1.0,1.732454,0.010780000000000001,0.0
2019-10-08 01:00:00+00:00,1.7346162067687728e-06,1.8586471794179547,4.0,3.2290454003037785e-06,0.0505944542056394,-0.0,1.6037615,0.010780000000000001,0.0
2019-10-08 02:00:00+00:00,1.729929267907931e-06,1.8631924751670244,7.0,3.2492377733823772e-06,0.04806433896178425,0.5,2.4380261818181816,0.010780000000000001,0.0
2019-10-08 03:00:00+00:00,1.7093361204395292e-06,1.893059722550322,5.0,3.2558206749942456e-06,0.04566076775778688,0.39999999999997726,2.0034952,0.010780000000000001,0.0
2019-10-08 04:00:00+00:00,1.8009796103464233e-06,1.8943765361160196,1.0,3.387780658456674e-06,0.043377409658777316,0.20000000000004547,,0.010780000000000001,0.0
2019-10-08 05:00:00+00:00,1.8448256892017055e-06,1.9627310288085598,8.0,3.5216810348984984e-06,0.04120825064069939,-0.2999999999999545,,0.010780000000000001,0.0
2019-10-08 06:00:00+00:00,1.8704343289167104e-06,1.9077152830861113,4.0,3.575024442650148e-06,0.03914757770925683,-0.40000000000009095,,0.010780000000000001,0.0
2019-10-08 07:00:00+00:00,1.8325703167851391e-06,1.9151321175769864,6.0,3.4709352186376313e-06,0.03718996381637688,-0.2999999999999545,,0.010780000000000001,0.0
2019-10-08 08:00:00+00:00,1.853281288659098e-06,1.9639332017643694,11.0,3.5024775365560896e-06,0.03533025353397755,-0.7000000000000455,,0.010780000000000001,0.0
2019-10-08 09:00:00+00:00,1.8566894750295104e-06,1.973696373156212,5.0,3.5125051074379434e-06,0.03356354944686795,-0.09999999999990905,,0.010780000000000001,0.0
2019-10-08 10:00:00+00:00,1.83323963550498e-06,1.9819854575782292,4.0,3.4959070195440234e-06,0.03188519922854993,-0.0,,0.010780000000000001,0.0
2019-10-08 11:00:00+00:00,1.8693367311164765e-06,1.954292327917402,4.0,3.5555295314886878e-06,0.030290783365527377,-0.20000000000004547,,0.010780000000000001,0.0
2019-10-08 12:00:00+00:00,1.8706561377997359e-06,1.9257260356943655,6.0,3.5713611393503536e-06,0.02877610349747358,-0.10000000000002274,,0.010780000000000001,0.0
2019-10-08 13:00:00+00:00,1.8583364261851877e-06,1.9902634849233696,8.0,3.547026699602912e-06,0.02733717134226146,-0.1999999999999318,,0.010780000000000001,0.0
2019-10-08 14:00:00+00:00,1.832793935695549e-06,1.9454384545143129,3.0,3.528000761812536e-06,0.025970198176430943,0.1999999999999318,,0.010780000000000001,0.0
2019-10-08 15:00:00+00:00,1.8556103264278815e-06,1.9199302597928185,6.0,3.545482266178487e-06,0.024671584843156846,0.3000000000000682,,0.010780000000000001,0.0
2019-10-08 16:00:00+00:00,1.8686524509619625e-06,1.8900810288609493,5.0,3.553922975609389e-06,0.023437912261193582,-0.10000000000002274,,0.010780000000000001,0.0
2019-10-08 17:00:00+00:00,1.8653053176170706e-06,1.8847995037368734,8.0,3.4910786649396124e-06,0.022265932409613685,-0.20000000000004547,,0.010780000000000001,0.0
2019-10-08 18:00:00+00:00,1.8053939248155302e-06,1.9057746244596654,7.0,3.392489598629734e-06,0.021152559764429372,-0.39999999999997726,,0.010780000000000001,0.0
2019-10-08 19:00:00+00:00,1.7862357934584213e-06,1.8662771838118373,2.0,3.4285507167847363e-06,0.020094863164393743,-0.39999999999997726,,0.010780000000000001,0.0
2019-10-08 20:00:00+00:00,1.7919385390251858e-06,1.8675588136930623,7.0,3.398624282084966e-06,0.019090058084424058,-0.10000000000002274,1.280208,0.010780000000000001,0.0
2019-10-08 21:00:00+00:00,1.7359564695633126e-06,1.8561658067075995,5.0,3.272137558903995e-06,0.018135499296176954,0.10000000000002274,3.2931711833333335,0.010780000000000001,0.0
2019-10-08 22:00:00+00:00,1.7325639730853756e-06,1.8579266782259278,4.0,3.2449193675416802e-06,0.01722867389633779,0.10000000000002274,2.906973425,0.010780000000000001,0.0
2019-10-08 23:00:00+00:00,1.2391220446421868e-06,1.879069601381363,6.0,2.3327255110806426e-06,0.016367194684165868,-0.0,1.2772761833333333,0.010780000000000001,0.0
2019-10-09 00:00:00+00:00,1.2312533659843758e-06,1.8920420661780366,11.0,2.4061178760576653e-06,0.015548793870767432,0.6999999999999318,,0.01344,0.0
2019-10-09 01:00:00+00:00,1.7840505427374558e-06,1.8779268965195641,5.0,3.4428213060373185e-06,0.014771317103450953,0.20000000000004547,2.0612764285714285,0.01344,0.0
2019-10-09 02:00:00+00:00,1.7607021096513148e-06,1.8857842190288576,9.0,3.37056369883829e-06,0.01403271778935742,0.6999999999999318,3.5702082400000004,0.01344,0.0
2019-10-09 03:00:00+00:00,1.7562789283698496e-06,1.8949291376403634,7.0,3.4278182904809242e-06,0.013331051703353757,0.6000000000000227,,0.01344,0.0
2019-10-09 04:00:00+00:00,1.7618506757972053e-06,1.880977776635867,8.0,3.4443333624408335e-06,0.01266447186593289,0.3000000000000682,,0.01344,0.0
2019-10-09 05:00:00+00:00,1.7782116489755796e-06,1.8996397998420431,6.0,3.507579004362507e-06,0.012031223677580955,0.09999999999990905,,0.01344,0.0
2019-10-09 06:00:00+00:00,1.8502758936044378e-06,1.8908985699394139,6.0,3.5601511100541924e-06,0.011429640296752993,-0.1999999999999318,,0.01344,0.0
2019-10-09 07:00:00+00:00,1.868573576005893e-06,1.8365827859999628,3.0,3.5453357388715097e-06,0.010858138249244812,-0.10000000000002274,,0.01344,0.0
2019-10-09 08:00:00+00:00,1.8609326439787419e-06,1.8488538959539793,7.0,3.6095519066286606e-06,0.01031521325736246,-0.20000000000004547,,0.01344,0.0
2019-10-09 09:00:00+00:00,1.8794716782462964e-06,1.8694950266846195,4.0,3.6551035370693084e-06,0.009799436277873452,-0.09999999999990905,,0.01344,0.0
2019-10-09 10:00:00+00:00,1.8545997039124327e-06,1.8600549567632143,7.0,3.5982637803210063e-06,0.009309449738277244,0.39999999999997726,,0.01344,0.0
2019-10-09 11:00:00+00:00,1.8204759551766512e-06,1.860035027436937,6.0,3.5109799420697945e-06,0.008843963961457835,-0.20000000000004547,,0.01344,0.0
2019-10-09 12:00:00+00:00,1.8015090545061185e-06,1.840948522220802,9.0,3.4983956831692943e-06,0.008401753769280334,0.10000000000002274,,0.01344,0.0
2019-10-09 13:00:00+00:00,1.7988062631295285e-06,1.881496072196226,5.0,3.560266814131358e-06,0.00798165525616704,0.5,,0.01344,0.0
2019-10-09 14:00:00+00:00,1.8303964669407628e-06,1.864860610497411,5.0,3.6328287745144876e-06,0.0075825627241385505,0.5,,0.01344,0.0
2019-10-09 15:00:00+00:00,1.9238811581870803e-06,1.8715125173986673,8.0,3.8128173169677134e-06,0.0072034257712326,0.5,,0.01344,0.0
2019-10-09 16:00:00+00:00,1.919277454470416e-06,1.8507104479384484,13.0,3.8384915817586625e-06,0.006843246525619093,0.20000000000004547,,0.01344,0.0
2019-10-09 17:00:00+00:00,1.9643247114458476e-06,1.8216378311558719,6.0,3.948102965239865e-06,0.011501181956948001,0.09999999999990905,,0.01344,0.0
2019-10-09 18:00:00+00:00,2.155604452370752e-06,1.7583006789060682,4.0,4.289416164080013e-06,0.01592621108515346,-0.1999999999999318,,0.01344,1.0
2019-10-09 19:00:00+00:00,2.4052268292661188e-06,1.8577164782182158,1.0,4.394419791845799e-06,0.02012998015474556,-0.3000000000000682,,0.01344,0.0
2019-10-09 20:00:00+00:00,1.9122669171699784e-06,2.1220325604444157,10.0,3.2515668569723946e-06,0.019123463035730467,-0.1999999999999318,,0.01344,0.0
2019-10-09 21:00:00+00:00,2.097454693480039e-06,2.3360956909035413,12.0,3.4038484255664314e-06,0.018167273538545903,-0.10000000000002274,,0.01344,0.0
2019-10-09 22:00:00+00:00,1.8676361768555425e-06,2.3175255303812414,10.0,3.443803768035779e-06,0.017258895109922758,0.10000000000002274,,0.01344,0.0
2019-10-09 23:00:00+00:00,1.5313492498274304e-06,1.8948090663790793,12.0,2.9259772347364306e-06,0.016395937041043307,0.39999999999997726,,0.01344,0.0
2019-10-10 00:00:00+00:00,1.5163721677302366e-06,1.8757244059380966,9.0,3.360058184658335e-06,0.015576128173681723,0.2999999999999545,,0.01512,0.0
2019-10-10 01:00:00+00:00,2.146255681463091e-06,1.9804971647789777,4.0,4.73005208836726e-06,0.0147973109211972,-0.0,,0.01512,0.0
2019-10-10 02:00:00+00:00,2.0913737955624514e-06,1.9173584170702658,7.0,4.4972383200828136e-06,0.01405743558862143,0.7000000000000455,,0.01512,0.0
2019-10-10 03:00:00+00:00,1.993402249769899e-06,1.8455160311464363,6.0,4.335069179827393e-06,0.01335455497687174,0.7999999999999545,,0.01512,0.0
2019-10-10 04:00:00+00:00,1.997777467618327e-06,1.8442799428781924,2.0,4.3063147399076745e-06,0.012686819256870879,-0.0,,0.01512,0.0
2019-10-10 05:00:00+00:00,1.975952039069108e-06,1.7581607054364687,3.0,4.270397152765926e-06,0.01205247110006671,0.10000000000002274,,0.01512,0.0
2019-10-10 06:00:00+00:00,1.9603347141659253e-06,1.7478083742198656,6.0,4.340256442072419e-06,0.011449841052521469,-0.39999999999997726,,0.01512,0.0
2019-10-10 07:00:00+00:00,1.9327431507239237e-06,1.669020148161384,3.0,4.258317795850428e-06,0.010877343140382802,-0.10000000000002274,,0.01512,0.0
2019-10-10 08:00:00+00:00,1.961695480465358e-06,1.652157115537979,4.0,4.4668415217967864e-06,0.010333470695159101,-0.5,,0.01512,0.0
2019-10-10 09:00:00+00:00,1.9840953032995043e-06,1.659442018677133,9.0,4.428416656342695e-06,0.009816792387801294,0.10000000000002274,,0.01512,0.0
2019-10-10 10:00:00+00:00,1.9322814099534854e-06,1.6476125751968551,5.0,4.289189380653706e-06,0.009325948461143947,0.39999999999997726,,0.01512,0.0
2019-10-10 11:00:00+00:00,1.9376230318867085e-06,1.6786591016677088,10.0,4.314887271999896e-06,0.008859647150781526,0.5,,0.01512,0.0
2019-10-10 12:00:00+00:00,1.9232088700155823e-06,1.674674133514278,8.0,4.223760922322947e-06,0.008416661284952488,0.3000000000000682,,0.01512,0.0
2019-10-10 13:00:00+00:00,1.957179725857586e-06,1.749148398129792,2.0,4.188247187752551e-06,0.007995825054475747,0.5,,0.01512,0.0
2019-10-10 14:00:00+00:00,1.9425606793476965e-06,1.7873585448255012,8.0,4.166141312807557e-06,0.017596102419522353,0.2999999999999545,,0.01512,0.0
2019-10-10 15:00:00+00:00,1.8825981225584505e-06,1.7124373911247608,5.0,4.047303170899395e-06,0.04171646107829039,0.6000000000000227,,0.01512,0.0
2019-10-10 16:00:00+00:00,1.9335409157398114e-06,1.7744088342563469,6.0,4.205709162268546e-06,0.04463065682268348,0.2999999999999545,,0.01512,0.0
2019-10-10 17:00:00+00:00,1.9173059947558755e-06,1.6396006075945397,8.0,4.203825536352715e-06,0.052399171587542835,0.3000000000000682,,0.01512,0.0
2019-10-10 18:00:00+00:00,1.9156402441034712e-06,1.6698864639602309,6.0,4.2368228328535115e-06,0.04977919775555461,-0.10000000000002274,,0.01512,0.0
2019-10-10 19:00:00+00:00,1.8778641606550754e-06,1.658634389740053,4.0,4.1334031349829926e-06,0.07229036236762224,-0.20000000000004547,,0.01512,0.0
2019-10-10 20:00:00+00:00,1.8720700854373772e-06,1.6096323450897085,3.0,4.124839658539342e-06,0.08367590406948122,-0.1999999999999318,,0.01512,0.0
2019-10-10 21:00:00+00:00,1.8550375436694173e-06,1.5310717122504602,5.0,4.333462253075239e-06,0.12449231259500408,-0.3000000000000682,,0.01512,0.0
2019-10-10 22:00:00+00:00,1.848741096841848e-06,1.5743333552162853,4.0,4.107494213233378e-06,0.18826799937571345,0.10000000000002274,,0.01512,0.0
2019-10-10 23:00:00+00:00,1.3506088426212315e-06,1.6750291454653434,8.0,3.114218887518438e-06,0.27885500747365555,0.2999999999999545,,0.01512,0.0
2019-10-11 00:00:00+00:00,1.3033402459344705e-06,1.8788334596808285,13.0,2.8289817853564897e-06,0.4199128607512791,0.5,,0.00962,0.0
2019-10-11 01:00:00+00:00,3.371073832929203e-06,1.7926119859339842,9.0,6.6613704029934115e-06,0.6489181487315291,0.20000000000004547,,0.00962,2.0
2019-10-11 02:00:00+00:00,1.942210805509416e-06,1.9368879491864635,2.0,4.07558349063903e-06,0.7314725601375737,0.5,,0.00962,0.0
2019-10-11 03:00:00+00:00,1.9485073564789294e-06,1.985548288213925,3.0,4.094568938180807e-06,0.8648994216873529,0.8999999999999773,,0.00962,0.0
2019-10-11 04:00:00+00:00,1.9121036279306618e-06,1.893138174077583,3.0,3.965726014854909e-06,0.9766548401428282,0.20000000000004547,,0.00962,0.0
2019-10-11 05:00:00+00:00,1.866288625669722e-06,1.8244213025075855,7.0,3.771290532862388e-06,1.1178225655933873,-0.10000000000002274,,0.00962,0.0
2019-10-11 06:00:00+00:00,1.896195857092352e-06,1.8765214227031246,7.0,4.0042628517640305e-06,1.0769313086781802,-0.7000000000000455,,0.00962,0.0
2019-10-11 07:00:00+00:00,1.905951269261048e-06,1.7875385553933933,6.0,4.066761912880927e-06,1.0930847915190491,-0.5,,0.00962,0.0
2019-10-11 08:00:00+00:00,1.953437784263286e-06,1.81940845513032,11.0,4.01569463500384e-06,1.0934305529247412,-0.7999999999999545,,0.00962,0.0
2019-10-11 09:00:00+00:00,1.9072341608385454e-06,1.7746622020134433,7.0,3.822023389636627e-06,1.0837589991930998,-0.0,,0.00962,0.0
2019-10-11 10:00:00+00:00,1.894249878278574e-06,1.7570159609168714,3.0,3.857656059100352e-06,1.1045711025596774,0.20000000000004547,,0.00962,0.0
2019-10-11 11:00:00+00:00,2.0333061419726897e-06,1.7087869336316894,5.0,4.075737765389118e-06,1.09934253470454,0.1999999999999318,,0.00962,0.0
2019-10-11 12:00:00+00:00,2.0461192585595038e-06,1.7167942473692586,3.0,4.172699971885417e-06,1.0593753155471624,-0.6000000000000227,,0.00962,0.0
2019-10-11 13:00:00+00:00,2.0633921414920463e-06,1.7015194198250885,6.0,4.157728702952506e-06,1.041406510295458,0.3000000000000682,,0.00962,0.0
2019-10-11 14:00:00+00:00,1.990738031194037e-06,1.6989831437848488,3.0,3.907488091213576e-06,1.0243361491550957,0.5,,0.00962,0.0
2019-10-11 15:00:00+00:00,2.0366631403241684e-06,1.714042990960472,12.0,3.860889811909069e-06,1.0131193194584522,0.7999999999999545,,0.00962,0.0
2019-10-11 16:00:00+00:00,2.1585876924821335e-06,1.7250979742948598,8.0,4.188130143688044e-06,0.9774632863272468,0.3000000000000682,,0.00962,0.0
2019-10-11 17:00:00+00:00,2.12520802016664e-06,1.8343461211666374,7.0,4.406697884201245e-06,0.9285900345605651,-0.0,,0.00962,0.0
2019-10-11 18:00:00+00:00,2.0936286935585157e-06,1.8479094031864036,6.0,4.207019793021529e-06,0.882160453908638,-0.40000000000009095,,0.00962,0.0
2019-10-11 19:00:00+00:00,2.017101082220176e-06,1.9165242409324321,3.0,4.281433949711606e-06,0.8380523599843999,-0.6999999999999318,,0.00962,0.0
2019-10-11 20:00:00+00:00,2.052152154357142e-06,1.9062929670980295,7.0,4.273442300976134e-06,0.7961496777011928,-0.39999999999997726,,0.00962,0.0
2019-10-11 21:00:00+00:00,2.0261292097643383e-06,1.8638425027946521,4.0,4.06861157134436e-06,0.756342135799844,-0.20000000000004547,,0.00962,0.0
2019-10-11 22:00:00+00:00,1.9371001871258377e-06,1.817530997772355,6.0,3.947226169739844e-06,0.7185249766501587,0.20000000000004547,,0.00962,0.0
2019-10-11 23:00:00+00:00,1.364644111101722e-06,1.8253906820881867,6.0,2.764503236058471e-06,0.692598693716263,0.2999999999999545,,0.00962,0.0
2019-10-12 00:00:00+00:00,1.342258458790142e-06,1.903239525036521,5.0,2.7771787011511187e-06,0.7179687907317832,0.10000000000002274,,0.01195,0.0
2019-10-12 01:00:00+00:00,1.9536554332686107e-06,1.937710053951685,8.0,4.0177049963580065e-06,0.7020703323224947,-0.10000000000002274,,0.01195,0.0
2019-10-12 02:00:00+00:00,1.923919809947314e-06,1.8528182699106506,10.0,3.826128674227245e-06,0.6969668099510081,0.39999999999997726,0.5973379999999999,0.01195,0.0
2019-10-12 03:00:00+00:00,1.7850144311398655e-06,1.860186556853623,9.0,3.562848715511142e-06,0.6771184481891679,0.39999999999997726,0.696007,0.01195,0.0
2019-10-12 04:00:00+00:00,1.8110677484772844e-06,1.9118929820627921,4.0,3.654779225497606e-06,0.6482624964109754,0.20000000000004547,,0.01195,0.0
2019-10-12 05:00:00+00:00,1.8277395708525783e-06,1.909365221418475,10.0,3.6985912991736485e-06,0.6158493402507328,-0.2999999999999545,,0.01195,0.0
2019-10-12 06:00:00+00:00,1.807105123372057e-06,1.9517981449389563,7.0,3.6971968273401193e-06,0.5850568449541252,-0.10000000000002274,,0.01195,0.0
2019-10-12 07:00:00+00:00,1.843712107557283e-06,1.9728545146309218,7.0,3.7353875561884043e-06,0.5558039771800474,-0.39999999999997726,,0.01195,0.0
2019-10-12 08:00:00+00:00,1.7871038932320786e-06,1.9434369072464097,9.0,3.678842988877467e-06,0.5280137552834967,-0.40000000000009095,,0.01195,0.0
2019-10-12 09:00:00+00:00,1.759291791555955e-06,1.966268091657834,6.0,3.5841568818519323e-06,0.5016130467279363,-0.1999999999999318,,0.01195,0.0
2019-10-12 10:00:00+00:00,1.7747961857596316e-06,1.9134004515042227,4.0,3.6232095644200918e-06,0.4765323756273155,-0.0,,0.01195,0.0
2019-10-12 11:00:00+00:00,1.7741128168631708e-06,1.8770088451496694,10.0,3.5341008782111363e-06,0.4527057399112389,-0.20000000000004547,,0.01195,0.0
2019-10-12 12:00:00+00:00,1.7693893957683744e-06,1.8881045802364893,10.0,3.5390712946915876e-06,0.43007043763210157,-0.6000000000000227,,0.01195,0.0
2019-10-12 13:00:00+00:00,1.7910485205773556e-06,1.9248198780530343,8.0,3.679795641029875e-06,0.4135669051643187,-0.0,,0.01195,0.0
2019-10-12 14:00:00+00:00,1.8054850866140176e-06,1.9007829016379594,7.0,3.684457584282387e-06,0.3928885473051924,0.10000000000002274,,0.01195,0.0
2019-10-12 15:00:00+00:00,1.8218427715232e-06,1.8839403492437465,7.0,3.6863566720882214e-06,0.37324410856761187,0.20000000000004547,,0.01195,0.0
2019-10-12 16:00:00+00:00,1.813767196965517e-06,1.9259234152279028,3.0,3.7294195942555502e-06,0.3545818928757123,-0.0,,0.01195,0.0
2019-10-12 17:00:00+00:00,1.8429136234626188e-06,1.934409169061821,7.0,3.825194381402925e-06,0.33685278896910126,-0.10000000000002274,,0.01195,0.0
2019-10-12 18:00:00+00:00,1.8061876700548885e-06,1.9511085448265557,6.0,3.7807447835250673e-06,0.3200101411609467,-1.0,,0.01195,0.0
2019-10-12 19:00:00+00:00,1.8396752491398795e-06,1.9235629366938127,4.0,3.860772595193143e-06,0.304009626558271,-0.7000000000000455,,0.01195,0.0
2019-10-12 20:00:00+00:00,1.8655432830763579e-06,1.905922647457306,6.0,3.924697348746327e-06,0.28880913842133066,-0.09999999999990905,,0.01195,0.0
2019-10-12 21:00:00+00:00,1.8729821213395231e-06,1.8772351795387099,6.0,3.866180255739311e-06,0.2743686753551177,-0.40000000000009095,0.6281105,0.01195,0.0
2019-10-12 22:00:00+00:00,1.869360208364624e-06,1.891485999597436,8.0,3.914104344475068e-06,0.26065023604136744,-0.1999999999999318,0.9077031111111111,0.01195,0.0
2019-10-12 23:00:00+00:00,1.322107795186049e-06,1.8635071835296213,3.0,2.722570370047899e-06,0.24761771923403936,-0.0,,0.01195,0.0
2019-10-13 00:00:00+00:00,1.3797056533712196e-06,1.750970300186551,8.0,2.7753164565837716e-06,0.23523682875509064,-0.0,,0.00873,0.0
2019-10-13 01:00:00+00:00,1.889762261029432e-06,1.6034870968466697,6.0,3.861858744043064e-06,0.2234749832405211,0.2999999999999545,,0.00873,0.0
2019-10-13 02:00:00+00:00,2.0011939047041054e-06,1.583784999227013,8.0,3.971203776801538e-06,0.2123012303991696,0.10000000000002274,,0.00873,0.0
2019-10-13 03:00:00+00:00,2.072328850955412e-06,1.625706916645277,4.0,4.240867765340327e-06,0.20168616555862,0.20000000000004547,,0.00873,0.0
2019-10-13 04:00:00+00:00,2.1518805085994737e-06,1.5522211894911428,1.0,4.532735217250408e-06,0.19160185428385565,0.2999999999999545,,0.00873,0.0
2019-10-13 05:00:00+00:00,2.334802631876206e-06,1.5186464410974532,7.0,4.885904865327424e-06,0.18202175886502084,-0.2999999999999545,,0.00873,0.0
2019-10-13 06:00:00+00:00,2.6370132115462965e-06,1.9148790802426763,15.0,4.208113324893664e-06,0.17292066848083046,-0.10000000000002274,,0.00873,0.0
2019-10-13 07:00:00+00:00,3.0484287138729176e-06,2.508355665383965,31.0,4.9574333530896215e-06,0.16427463285384122,-0.8000000000000682,,0.00873,0.0
2019-10-13 08:00:00+00:00,2.325253580227768e-06,2.213485392243465,25.0,3.945785050756835e-06,0.1560608992229889,-0.39999999999997726,,0.00873,0.0
2019-10-13 09:00:00+00:00,2.4361890295350436e-06,2.225642990924378,18.0,3.976235812798612e-06,0.14825785246752488,-0.2999999999999545,,0.00873,0.0
2019-10-13 10:00:00+00:00,3.0166868495318756e-06,2.2976247781615977,12.0,4.972299730660137e-06,0.14084495822477974,-0.10000000000002274,,0.00873,0.0
2019-10-13 11:00:00+00:00,2.060995532955156e-06,1.9788736997186225,1.0,4.668775241066526e-06,0.13380270885206036,-0.0,,0.00873,0.0
2019-10-13 12:00:00+00:00,1.867396788391368e-06,1.892465018472552,8.0,4.327233816301031e-06,0.12711257209047133,0.5,,0.00873,0.0
2019-10-13 13:00:00+00:00,1.7676997558961082e-06,1.929816040971196,4.0,4.1768581130171894e-06,0.1207569422955629,0.20000000000004547,,0.00873,0.0
2019-10-13 14:00:00+00:00,1.8521835548823054e-06,1.910287930132882,4.0,4.337910888886277e-06,0.11471909410646244,1.0,,0.00873,0.0
2019-10-13 15:00:00+00:00,1.8588437264782641e-06,1.8862857469529841,2.0,4.413035844895707e-06,0.10898313843156346,0.2999999999999545,,0.00873,0.0
2019-10-13 16:00:00+00:00,1.7931686594833026e-06,1.8693547813708662,7.0,4.317985680976574e-06,0.10353398063494308,0.39999999999997726,,0.00873,0.0
2019-10-13 17:00:00+00:00,1.8061665302370594e-06,1.8073958386763647,2.0,4.391438334961115e-06,0.09835728081347035,0.8000000000000682,,0.00873,0.0
2019-10-13 18:00:00+00:00,1.8027834338645907e-06,1.6770805974367964,4.0,4.5472368607882825e-06,0.09343941606006952,0.1999999999999318,,0.00873,0.0
2019-10-13 19:00:00+00:00,1.5776524311648202e-06,1.3191948582230075,6.0,4.394600351290697e-06,0.08876744461382964,-0.5,,0.00873,0.0
2019-10-13 20:00:00+00:00,1.2585723153102353e-06,1.1128328253932394,9.0,4.483818128110356e-06,0.08432907180261733,0.20000000000004547,,0.00873,0.0
2019-10-13 21:00:00+00:00,1.320676582312416e-06,1.267405888651051,16.0,4.1113997899797004e-06,0.08011261768856641,0.6000000000000227,,0.00873,0.0
2019-10-13 22:00:00+00:00,1.1775717808892532e-06,1.3022261431542073,7.0,3.4082506434079517e-06,0.07610698633130024,0.7999999999999545,,0.00873,0.0
2019-10-13 23:00:00+00:00,8.48425276085317e-07,1.2543805572572586,12.0,2.4399066683995545e-06,0.07230163658799908,0.8999999999999773,,0.00873,0.0
2019-10-14 00:00:00+00:00,9.142262094353117e-07,1.1049166815314893,21.0,3.3022015272028843e-06,0.06868655437346975,0.6000000000000227,,0.013320000000000002,0.0
2019-10-14 01:00:00+00:00,1.32190589165001e-06,1.0868456808607327,23.0,4.786925288994423e-06,0.06525222630721701,1.3999999999999773,,0.013320000000000002,0.0
2019-10-14 02:00:00+00:00,1.094088046825986e-06,1.6425698632162467,14.0,2.71472652958153e-06,0.06198961467816588,0.7000000000000455,,0.013320000000000002,0.0
2019-10-14 03:00:00+00:00,1.2796144473665357e-06,1.164684859210203,14.0,4.132005445092512e-06,0.08389013594464323,0.6000000000000227,,0.013320000000000002,0.0
2019-10-14 04:00:00+00:00,1.4001187017802852e-06,1.0288826146531822,19.0,4.660777280975737e-06,0.12969563312207563,1.2999999999999545,,0.013320000000000002,0.0
2019-10-14 05:00:00+00:00,1.2825923269664126e-06,1.1755488999187573,25.0,3.8609099198833874e-06,0.13321085175574549,1.0,,0.013320000000000002,0.0
2019-10-14 06:00:00+00:00,1.1396689379182129e-06,1.4220440288911413,25.0,2.8358867204207915e-06,0.14655031021260215,0.8999999999999773,,0.013320000000000002,0.0
2019-10-14 07:00:00+00:00,1.2807960644540406e-06,1.1153789807741252,24.0,3.80443768708733e-06,0.139222794156829,1.0,,0.013320000000000002,0.0
2019-10-14 08:00:00+00:00,1.4749956266376001e-06,0.8700164868834411,40.0,5.343993235519571e-06,0.15226165537053343,-0.0,,0.013320000000000002,0.0
2019-10-14 09:00:00+00:00,1.4356090445349532e-06,0.9309679799790914,37.0,4.756112572394396e-06,0.16464857343370193,1.2000000000000455,,0.013320000000000002,0.0
2019-10-14 10:00:00+00:00,1.6247879593211832e-06,0.8343275754637866,43.0,5.966395490929052e-06,0.18141614583155108,1.1000000000000227,,0.013320000000000002,0.0
2019-10-14 11:00:00+00:00,1.5144842004762688e-06,0.8733767661237883,32.0,5.2204004246069515e-06,0.1973453395052282,0.7999999999999545,,0.013320000000000002,0.0
2019-10-14 12:00:00+00:00,1.536644578149319e-06,0.8770063326261616,46.0,5.305504841578015e-06,0.24747807541594555,0.39999999999997726,,0.013320000000000002,0.0
2019-10-14 13:00:00+00:00,1.5055259654934501e-06,0.905796003237762,22.0,4.9984083421267935e-06,0.29010417397630206,0.8000000000000682,,0.013320000000000002,0.0
2019-10-14 14:00:00+00:00,1.598734228507789e-06,0.9837092634645,25.0,4.5813231185986286e-06,0.35559896868020313,1.599999999999909,,0.013320000000000002,0.0
2019-10-14 15:00:00+00:00,1.6551540848854073e-06,0.9282815636639117,27.0,4.95258765741e-06,0.5028190275124295,1.0,,0.013320000000000002,0.0
2019-10-14 16:00:00+00:00,1.8015650393358947e-06,0.8537601178431734,30.0,5.5587408197778615e-06,0.5726780794123927,1.0,,0.013320000000000002,0.0
2019-10-14 17:00:00+00:00,1.7906796835448924e-06,0.8910925840081442,37.0,5.484446636160476e-06,0.7440441830751143,0.8000000000000682,,0.013320000000000002,0.0
2019-10-14 18:00:00+00:00,1.8407554415065613e-06,0.8513214849531362,33.0,5.623448962513528e-06,0.7568419744629208,0.1999999999999318,,0.013320000000000002,0.0
2019-10-14 19:00:00+00:00,1.6745084894964708e-06,1.0227692389820142,15.0,3.872298629847538e-06,0.798999877434565,0.6000000000000227,,0.013320000000000002,0.0
2019-10-14 20:00:00+00:00,1.4378848777629883e-06,1.261344930671189,13.0,2.953902363160292e-06,0.8590498858562042,-0.39999999999997726,,0.013320000000000002,0.0
2019-10-14 21:00:00+00:00,1.307815128031514e-06,1.093402811451711,13.0,3.3186876995830492e-06,0.9410973945401935,0.2999999999999545,,0.013320000000000002,0.0
2019-10-14 22:00:00+00:00,1.3036790383646338e-06,1.0007343671965758,19.0,3.60900839526769e-06,0.9440425249146945,0.7000000000000455,,0.013320000000000002,0.0
2019-10-14 23:00:00+00:00,8.021772991762511e-07,1.239810199566225,11.0,1.9888928267752454e-06,0.9718403995791727,0.39999999999997726,,0.013320000000000002,0.0
2019-10-15 00:00:00+00:00,7.330410951731126e-07,1.3512855690994965,19.0,1.770578160674593e-06,0.9732483796440117,0.3000000000000682,,0.01037,0.0
2019-10-15 01:00:00+00:00,1.0556056012077554e-06,1.3025998755529078,18.0,2.7362007172399218e-06,0.9395859596670383,0.5,,0.01037,0.0
2019-10-15 02:00:00+00:00,1.0377211461081802e-06,1.2404231987004732,13.0,2.8456607535544114e-06,0.9276066613473812,0.5,,0.01037,0.0
2019-10-15 03:00:00+00:00,1.0640675298199014e-06,1.268827330698122,26.0,2.788143713595609e-06,0.9612263291766545,0.599999999999909,,0.01037,0.0
2019-10-15 04:00:00+00:00,1.097676243804396e-06,1.3787672868836875,19.0,2.5949810235721263e-06,0.9581650126402581,0.5,,0.01037,0.0
2019-10-15 05:00:00+00:00,1.1246465749447972e-06,1.3438595172836225,20.0,2.686480215847809e-06,0.9402567615771967,0.3000000000000682,,0.01037,0.0
2019-10-15 06:00:00+00:00,1.110122449068854e-06,1.6631570293222386,17.0,2.28787647229747e-06,0.9582439239096374,0.39999999999997726,,0.01037,0.0
2019-10-15 07:00:00+00:00,1.1026132156121175e-06,1.5918715069998537,22.0,2.397954159036337e-06,1.00033172862843,0.20000000000004547,,0.01037,0.0
2019-10-15 08:00:00+00:00,1.115844669612361e-06,1.4428813055502208,16.0,2.4094854264900867e-06,0.9803151417839288,0.2999999999999545,,0.01037,0.0
2019-10-15 09:00:00+00:00,1.0925681082005444e-06,1.8278306234960715,22.0,2.160456679838972e-06,0.9712993845179783,1.0,,0.01037,0.0
2019-10-15 10:00:00+00:00,1.0463794909035952e-06,1.3653624802090991,13.0,2.447602091388831e-06,1.0927344175537794,1.1000000000000227,,0.01037,0.0
2019-10-15 11:00:00+00:00,9.029388086404011e-07,1.7742458583222953,21.0,1.691555993653594e-06,1.128097697301792,0.10000000000002274,,0.01037,0.0
2019-10-15 12:00:00+00:00,8.416682315527859e-07,1.9207711891973087,28.0,1.4193491669077277e-06,1.1166928122449993,-0.3000000000000682,,0.01037,0.0
2019-10-15 13:00:00+00:00,1.0425975876131854e-06,2.182843823911499,14.0,2.383590058918992e-06,1.1308581718589474,0.3000000000000682,,0.01037,0.0
2019-10-15 14:00:00+00:00,1.249225118264341e-06,2.044717910872814,16.0,3.786508430701379e-06,1.1043152628633444,0.1999999999999318,,0.01037,0.0
2019-10-15 15:00:00+00:00,1.263305658327357e-06,1.8284467150796606,10.0,4.036206862085805e-06,1.0690994992126652,0.20000000000004547,,0.01037,0.0
2019-10-15 16:00:00+00:00,1.3064103426578013e-06,1.7129008714294633,5.0,3.97493513667881e-06,1.030644523725548,-0.0,,0.01037,0.0
2019-10-15 17:00:00+00:00,1.2121595959426925e-06,1.4739459909210681,4.0,3.774875910331648e-06,0.984112296934055,-0.20000000000004547,,0.01037,0.0
2019-10-15 18:00:00+00:00,1.2494438734964988e-06,1.5155394828169229,1.0,3.985161013308534e-06,0.9349066814793647,-0.5,,0.01037,0.0
2019-10-15 19:00:00+00:00,1.2393539821492098e-06,1.514686333094229,3.0,3.8976291330073856e-06,0.8931613469153792,-0.6999999999999318,,0.01037,0.0
2019-10-15 20:00:00+00:00,1.1691761135957175e-06,1.2619257893975993,4.0,3.806572953310216e-06,0.8485032790716128,-0.8000000000000682,1.468866,0.01037,0.0
2019-10-15 21:00:00+00:00,1.1783104102501382e-06,1.1476023892685852,3.0,3.762513418064479e-06,0.8060781146685895,-0.6999999999999318,,0.01037,0.0
2019-10-15 22:00:00+00:00,1.1780276140972434e-06,1.173200571089792,4.0,3.676992453678196e-06,0.765774208529538,-0.40000000000009095,8.913580283333333,0.01037,0.0
2019-10-15 23:00:00+00:00,8.604719994830601e-07,0.8829297013093277,7.0,3.044986856745129e-06,0.7274854977369872,-0.39999999999997726,,0.01037,0.0
2019-10-16 00:00:00+00:00,9.004785099092622e-07,0.8221296157583952,2.0,3.1651122797738156e-06,0.6911112225197562,-0.10000000000002274,,0.0157,0.0
2019-10-16 01:00:00+00:00,1.2479942426441586e-06,0.7621870268523155,2.0,4.760592772732701e-06,0.656555661095599,-0.7999999999999545,7.756829,0.0157,0.0
2019-10-16 02:00:00+00:00,1.3561610393507503e-06,0.7679807986827667,4.0,4.92264981102313e-06,0.6237278777717211,-0.0,4.5359955,0.0157,0.0
2019-10-16 03:00:00+00:00,1.2999229101157472e-06,0.7520344381560212,2.0,4.8056767303639706e-06,0.5925414836402743,-0.2999999999999545,5.25081,0.0157,0.0
2019-10-16 04:00:00+00:00,1.3606628516835848e-06,0.816803838972755,2.0,4.51409277540415e-06,0.5629144092390787,-0.6000000000000227,,0.0157,0.0
2019-10-16 05:00:00+00:00,1.4184856802775242e-06,0.6994421602253585,2.0,4.9873234773200955e-06,0.534768688579313,-1.1000000000000227,,0.0157,0.0
2019-10-16 06:00:00+00:00,1.5295188684983696e-06,0.639000556040549,1.0,5.777120844327727e-06,0.5080302539718223,-1.3999999999999773,,0.0157,0.0
2019-10-16 07:00:00+00:00,1.5388978702981767e-06,0.640019999511441,3.0,5.6596892482435204e-06,0.48262874111211235,-1.3000000000000682,,0.0157,0.0
2019-10-16 08:00:00+00:00,1.518735150133572e-06,0.6459376824177285,0.0,5.1514254140829775e-06,0.45849730391109694,-1.8999999999999773,,0.0157,0.0
2019-10-16 09:00:00+00:00,1.5168590267356094e-06,0.6224576155815478,0.0,5.386555873143148e-06,0.4355724385843098,-1.2999999999999545,,0.0157,0.0
2019-10-16 10:00:00+00:00,1.5105070515250955e-06,0.5716186973274484,0.0,5.875978004212398e-06,0.4137938165366571,-1.1000000000000227,,0.0157,0.0
2019-10-16 11:00:00+00:00,1.5581653355138603e-06,0.5947356148945998,1.0,5.625995722697834e-06,0.39310412560293473,-0.7000000000000455,,0.0157,0.0
2019-10-16 12:00:00+00:00,1.5702848472180763e-06,0.6413584058399656,1.0,5.510664820895733e-06,0.3734489192263202,-1.1999999999999318,,0.0157,0.0
2019-10-16 13:00:00+00:00,1.4920643517221884e-06,0.681865591165033,1.0,4.815769739629855e-06,0.3547764731779419,-0.6000000000000227,,0.0157,0.0
2019-10-16 14:00:00+00:00,1.4381809675857184e-06,0.6605556548518594,1.0,4.6336825404793546e-06,0.3370376494404712,-0.10000000000002274,,0.0157,0.0
2019-10-16 15:00:00+00:00,1.4855424634484254e-06,0.6418129418471499,1.0,4.872995178078958e-06,0.3201857668975349,-0.5,,0.0157,0.0
2019-10-16 16:00:00+00:00,1.5201069994684727e-06,0.7365839733834352,1.0,4.595536011326238e-06,0.3041764784886594,-0.6999999999999318,,0.0157,0.0
2019-10-16 17:00:00+00:00,1.627405195946607e-06,0.8760720931092485,1.0,4.714632958155102e-06,0.2889676545064676,-0.7000000000000455,,0.0157,0.0
2019-10-16 18:00:00+00:00,1.5347919493399967e-06,0.8345177950624687,1.0,4.6180791721656374e-06,0.27451927172901686,-0.8999999999999773,,0.0157,0.0
2019-10-16 19:00:00+00:00,1.508310119046738e-06,0.8958850384349736,1.0,4.692217114665091e-06,0.26079330809552104,-1.0,,0.0157,0.0
2019-10-16 20:00:00+00:00,1.5158216532247895e-06,1.0447499987055917,0.0,4.112745936760816e-06,0.24775364264828692,-0.8999999999999773,,0.0157,0.0
2019-10-16 21:00:00+00:00,1.549705154374728e-06,1.1446593179297058,0.0,3.813951284697801e-06,0.23536596047755418,-0.40000000000009095,2.667708,0.0157,0.0
2019-10-16 22:00:00+00:00,1.4466739665570146e-06,0.9714234221530097,0.0,3.780876899076793e-06,0.2235976624190941,-0.5,7.8353585,0.0157,0.0
2019-10-16 23:00:00+00:00,1.0575874381948197e-06,0.8914138641284713,2.0,2.8149611946546283e-06,0.2124177792669288,0.10000000000002274,0.591667,0.0157,0.0
2019-10-17 00:00:00+00:00,1.1149785747461809e-06,0.8710587402412296,1.0,2.893168974577282e-06,0.20179689027541484,-0.0,,0.010610000000000001,0.0
2019-10-17 01:00:00+00:00,1.5354327648502733e-06,0.9363511047413472,0.0,3.913771566434573e-06,0.19170704573622288,-0.5,9.984838,0.010610000000000001,0.0
2019-10-17 02:00:00+00:00,1.4836109518574496e-06,0.9437075338192926,0.0,3.6807000929401453e-06,0.18212169342646908,0.3000000000000682,20.699189500000003,0.010610000000000001,0.0
2019-10-17 03:00:00+00:00,1.5720439799197955e-06,0.875933174639241,0.0,4.026025757305371e-06,0.1730156087344399,0.2999999999999545,,0.010610000000000001,0.0
2019-10-17 04:00:00+00:00,1.5139846194498988e-06,0.735988034660522,0.0,4.553273146494961e-06,0.16436482827903098,-0.5,,0.010610000000000001,0.0
2019-10-17 05:00:00+00:00,1.4321222171763504e-06,0.7640835678377781,0.0,4.483227288008856e-06,0.15614658684821447,-0.6000000000000227,,0.010610000000000001,0.0
2019-10-17 06:00:00+00:00,1.5279190565750455e-06,0.8164011219263291,0.0,4.217983358992309e-06,0.14833925749058313,-0.2999999999999545,,0.010610000000000001,0.0
2019-10-17 07:00:00+00:00,1.5028600569205222e-06,1.1679320281213574,0.0,3.3276732759989873e-06,0.14092229460231737,-0.8999999999999773,,0.010610000000000001,0.0
2019-10-17 08:00:00+00:00,1.5098584697603543e-06,1.397746976796607,0.0,3.0903023104948705e-06,0.1338761798598042,-0.900000000000091,,0.010610000000000001,0.0
2019-10-17 09:00:00+00:00,1.4833437378578142e-06,1.2169379018620041,0.0,3.325682697452042e-06,0.12718237085562545,-0.7999999999999545,,0.010610000000000001,0.0
2019-10-17 10:00:00+00:00,1.4895345975135452e-06,1.038955047780566,0.0,3.6427146384889835e-06,0.1208232523027465,-0.2999999999999545,,0.010610000000000001,0.0
2019-10-17 11:00:00+00:00,1.5217629888304766e-06,1.2234568109880366,0.0,3.584482299248184e-06,0.11478208967849603,-0.3000000000000682,,0.010610000000000001,0.0
2019-10-17 12:00:00+00:00,1.4937099925619676e-06,1.2498062166863788,0.0,3.490930114951877e-06,0.1090429851863466,0.10000000000002274,,0.010610000000000001,0.0
2019-10-17 13:00:00+00:00,1.5804381051161627e-06,1.173903507787342,0.0,3.524913465342137e-06,0.10359083591960656,-0.20000000000004547,,0.010610000000000001,0.0
2019-10-17 14:00:00+00:00,1.5232080246647715e-06,1.2169732916569587,0.0,3.2179730594643152e-06,0.09841129411692724,-0.09999999999990905,,0.010610000000000001,0.0
2019-10-17 15:00:00+00:00,1.4502436793133603e-06,1.4831952370810908,0.0,3.0634951901031073e-06,0.09349072940503503,-0.0,,0.010610000000000001,0.0
2019-10-17 16:00:00+00:00,1.4068481546751064e-06,1.565695171173429,1.0,3.1760698315318786e-06,0.0888161929293269,-0.20000000000004547,,0.010610000000000001,0.0
2019-10-17 17:00:00+00:00,1.4263673345651498e-06,1.5577568242611932,0.0,3.24689963211686e-06,0.08437538327793617,-0.0,,0.010610000000000001,0.0
2019-10-17 18:00:00+00:00,1.4598194953538153e-06,1.5656456334387545,0.0,3.274221159133364e-06,0.08015661410959511,-0.8999999999999773,,0.010610000000000001,0.0
2019-10-17 19:00:00+00:00,1.4486769253085904e-06,1.6161305363435057,0.0,3.202722229652676e-06,0.07614878340010442,-0.5,,0.010610000000000001,0.0
2019-10-17 20:00:00+00:00,1.3315740290176858e-06,1.6613910447899196,0.0,3.1059940873414964e-06,0.07234134422647932,0.10000000000002274,3.3996785666666667,0.010610000000000001,0.0
2019-10-17 21:00:00+00:00,1.2797880952648714e-06,1.6241922947964154,1.0,2.93502740883806e-06,0.06872427701188842,-0.40000000000009095,3.2973957499999997,0.010610000000000001,0.0
2019-10-17 22:00:00+00:00,1.3259072482504953e-06,1.5974605161095645,1.0,2.993622896431782e-06,0.0652880631583456,-0.0,1.9885031,0.010610000000000001,0.0
2019-10-17 23:00:00+00:00,9.536481030218317e-07,1.6052529118431007,1.0,2.070807552890398e-06,0.06202365999776737,-0.09999999999990905,1.058552,0.010610000000000001,0.0
2019-10-18 00:00:00+00:00,9.73674614177498e-07,1.537891682401594,2.0,2.0250258238690917e-06,0.05892247699547751,0.5,,0.01229,0.0
2019-10-18 01:00:00+00:00,1.4345399544011718e-06,1.6214113705458288,0.0,2.9018768908069403e-06,0.05597635314353628,0.39999999999997726,1.3900232,0.01229,0.0
2019-10-18 02:00:00+00:00,1.453268466373982e-06,1.6182670727955581,0.0,2.853918679990873e-06,0.053177535484403425,0.6000000000000227,0.709028,0.01229,0.0
2019-10-18 03:00:00+00:00,1.535873387414219e-06,1.6132212875565823,0.0,2.90807153558333e-06,0.05051865870841793,1.0,,0.01229,0.0
2019-10-18 04:00:00+00:00,1.514304447120049e-06,1.5467944168685281,0.0,2.8610258685073486e-06,0.04799272577140383,0.39999999999997726,,0.01229,0.0
2019-10-18 05:00:00+00:00,1.4295122242148625e-06,1.479011101816077,0.0,2.7047532473907226e-06,0.045593089481395774,0.39999999999997726,,0.01229,0.0
2019-10-18 06:00:00+00:00,1.431248353458312e-06,1.5207629644579377,0.0,2.8600218162317284e-06,0.04331343500602831,0.39999999999997726,,0.01229,0.0
2019-10-18 07:00:00+00:00,1.446889286380456e-06,1.5550166855909764,0.0,2.9416440333650986e-06,0.041147763254555735,-0.2999999999999545,,0.01229,0.0
2019-10-18 08:00:00+00:00,1.4666313357587202e-06,1.4435341596164817,0.0,3.022554936897125e-06,0.039090375090770985,-0.10000000000002274,,0.01229,0.0
2019-10-18 09:00:00+00:00,1.4680183680705872e-06,1.5397727177872202,0.0,2.976342053191335e-06,0.03713585633527852,0.2999999999999545,,0.01229,0.0
2019-10-18 10:00:00+00:00,1.4134973486823096e-06,1.3720173502265023,1.0,2.909983837637262e-06,0.03527906351765369,-0.0,,0.01229,0.0
2019-10-18 11:00:00+00:00,1.4826385712130604e-06,1.2913197618116345,1.0,2.855029890983015e-06,0.03851511034319638,0.10000000000002274,,0.01229,0.0
2019-10-18 12:00:00+00:00,1.5222645445951522e-06,1.3980593637580514,0.0,2.8395155260475993e-06,0.04658935482941519,0.3000000000000682,,0.01229,0.0
2019-10-18 13:00:00+00:00,1.4777979415897659e-06,1.2765575987878675,0.0,3.1897945664488617e-06,0.05425988709099364,1.1999999999999318,,0.01229,0.0
2019-10-18 14:00:00+00:00,1.5045824248819218e-06,1.2326915605383102,2.0,3.382793501309751e-06,0.07654689274486058,0.8999999999999773,,0.01229,0.0
2019-10-18 15:00:00+00:00,1.4882830923782786e-06,1.1307631628837758,1.0,3.6406987685474966e-06,0.08271954810983208,0.10000000000002274,,0.01229,0.0
2019-10-18 16:00:00+00:00,1.5687072657790561e-06,1.1866303986994238,1.0,3.719762317599788e-06,0.12858357071997212,0.5,,0.01229,0.0
2019-10-18 17:00:00+00:00,1.5293867463325777e-06,1.238375464219643,1.0,3.470939310346139e-06,0.16715439219646216,0.3000000000000682,,0.01229,0.0
2019-10-18 18:00:00+00:00,1.4376147630575894e-06,1.3544294154040049,0.0,2.867523728860037e-06,0.17879667259022017,-0.3000000000000682,,0.01229,0.0
2019-10-18 19:00:00+00:00,1.4425656065189952e-06,1.3222891888895238,0.0,3.1175357702692453e-06,0.1698568389580968,-0.1999999999999318,,0.01229,0.0
2019-10-18 20:00:00+00:00,1.4013330789383138e-06,1.5389156032557985,1.0,2.902938835137836e-06,0.1613639970078343,0.1999999999999318,,0.01229,0.0
2019-10-18 21:00:00+00:00,1.3873837481207795e-06,1.4812224369603335,1.0,2.892168254116664e-06,0.1532957971553148,-0.10000000000002274,,0.01229,0.0
2019-10-18 22:00:00+00:00,1.5296479649680058e-06,1.4466447889330227,2.0,3.0659646807752047e-06,0.14563100729562872,0.10000000000002274,,0.01229,0.0
2019-10-18 23:00:00+00:00,1.0445013044802444e-06,1.1444537669855646,2.0,2.2545512402673275e-06,0.13834945692911418,0.20000000000004547,,0.01229,0.0
2019-10-19 00:00:00+00:00,1.0945610086800943e-06,1.2971243002088348,1.0,2.062956170799747e-06,0.13143198408109436,0.7999999999999545,,0.00947,0.0
2019-10-19 01:00:00+00:00,1.444350469825835e-06,1.3648259629201485,1.0,2.802672099521473e-06,0.12486038487562802,-0.0,,0.00947,0.0
2019-10-19 02:00:00+00:00,1.3493652661185526e-06,1.3854283030208885,1.0,2.69040643056398e-06,0.11861736563057262,0.20000000000004547,5.9405675,0.00947,0.0
2019-10-19 03:00:00+00:00,1.3350522326022073e-06,1.254021467005843,1.0,2.570693543467665e-06,0.11268649734789422,0.1999999999999318,6.030323966666667,0.00947,0.0
2019-10-19 04:00:00+00:00,1.3565753612831713e-06,1.075057004647686,0.0,2.8062706743082415e-06,0.10705217247946185,-0.1999999999999318,,0.00947,0.0
2019-10-19 05:00:00+00:00,1.3002002651248519e-06,0.872963567450009,0.0,3.1016634325788515e-06,0.10169956385455226,-0.3000000000000682,,0.00947,0.0
2019-10-19 06:00:00+00:00,1.306430648411126e-06,0.8912394758569911,0.0,3.1154295842789614e-06,0.09661458566097944,-0.5,,0.00947,0.0
2019-10-19 07:00:00+00:00,1.3026385290290483e-06,0.9769876110279023,0.0,3.0751949520591417e-06,0.09178385637716768,-1.0,,0.00947,0.0
2019-10-19 08:00:00+00:00,1.1815909710754355e-06,0.8918328203659627,1.0,2.8920711853563804e-06,0.08719466355762089,-0.8999999999999773,,0.00947,0.0
2019-10-19 09:00:00+00:00,1.1778544662633207e-06,1.0976165926200319,2.0,2.44990527933664e-06,0.08283493037911856,-0.6999999999999318,,0.00947,0.0
2019-10-19 10:00:00+00:00,1.2226599516901104e-06,0.9998569450011338,0.0,2.688627751489839e-06,0.07869318385960192,-0.6000000000000227,,0.00947,0.0
2019-10-19 11:00:00+00:00,1.2629047949614754e-06,1.1646679421356205,1.0,2.455410068227509e-06,0.07475852466611578,-0.39999999999997726,,0.00947,0.0
2019-10-19 12:00:00+00:00,1.235433095139996e-06,1.148395196571032,2.0,2.5395176122340356e-06,0.07102059843235328,-0.10000000000002274,,0.00947,0.0
2019-10-19 13:00:00+00:00,1.2526217361841627e-06,1.1547803117391993,0.0,2.7109940374754636e-06,0.06746956851032343,-0.0,,0.00947,0.0
2019-10-19 14:00:00+00:00,1.233831182289895e-06,1.1386659063894269,2.0,2.533937668008148e-06,0.06409609008443527,0.2999999999999545,,0.00947,0.0
2019-10-19 15:00:00+00:00,1.237995164709523e-06,1.2160917863020513,0.0,2.5730266992376026e-06,0.06089128557987778,-0.10000000000002274,,0.00947,0.0
2019-10-19 16:00:00+00:00,1.2007862710007952e-06,1.1830370226381322,0.0,2.4695547902787024e-06,0.057846721300580904,-0.09999999999990905,,0.00947,0.0
2019-10-19 17:00:00+00:00,1.2166119804490704e-06,1.2479607997574798,3.0,2.6323021536871507e-06,0.05495438523527841,-0.10000000000002274,,0.00947,0.0
2019-10-19 18:00:00+00:00,1.1901754979968413e-06,1.1924656099203217,0.0,2.652974010739079e-06,0.0522066659732677,-0.6000000000000227,,0.00947,0.0
2019-10-19 19:00:00+00:00,1.1992198165080791e-06,0.9432194859571142,0.0,2.8063132636816316e-06,0.04959633267438159,-0.2999999999999545,,0.00947,0.0
2019-10-19 20:00:00+00:00,1.185217943033922e-06,1.0248975671294485,2.0,2.7400007052397073e-06,0.0471165160404615,-0.5,3.831597,0.00947,0.0
2019-10-19 21:00:00+00:00,1.1991737324839812e-06,1.0075116999974731,2.0,2.6426688659887472e-06,0.04476069023825701,-0.3000000000000682,,0.00947,0.0
2019-10-19 22:00:00+00:00,1.202411471299046e-06,1.115550029616456,2.0,2.5487005161213947e-06,0.042522655726180435,-0.1999999999999318,5.344907,0.00947,0.0
2019-10-19 23:00:00+00:00,8.651645636070198e-07,1.252388326507364,0.0,1.6302706392904774e-06,0.04039652293972365,0.2999999999999545,,0.00947,0.0
2019-10-20 00:00:00+00:00,8.82665910573808e-07,1.3379021323602533,2.0,1.6512303813074183e-06,0.038376696792604116,0.6000000000000227,,0.011779999999999999,0.0
2019-10-20 01:00:00+00:00,1.1893409116059143e-06,1.4561853716820317,0.0,2.2910888466573716e-06,0.03645786195285356,0.1999999999999318,,0.011779999999999999,0.0
2019-10-20 02:00:00+00:00,1.2114292412358218e-06,1.4133753859613616,0.0,2.276058288540078e-06,0.03463496885510227,0.3000000000000682,5.5942419,0.011779999999999999,0.0
2019-10-20 03:00:00+00:00,1.1799645601163672e-06,1.4055100911915597,1.0,2.2230992075803177e-06,0.03290322041224913,0.6000000000000227,7.343171,0.011779999999999999,0.0
2019-10-20 04:00:00+00:00,1.2337224999774143e-06,1.4882745412242464,1.0,2.156614008450156e-06,0.0312580593915482,0.2999999999999545,,0.011779999999999999,0.0
2019-10-20 05:00:00+00:00,1.2397370090634583e-06,1.410349145587282,3.0,2.274150502622774e-06,0.02969515642189095,0.20000000000004547,,0.011779999999999999,0.0
2019-10-20 06:00:00+00:00,1.229551383223934e-06,1.4230254883188422,1.0,2.311711723099273e-06,0.02821039860072434,-0.0,,0.011779999999999999,0.0
2019-10-20 07:00:00+00:00,1.2071000292596567e-06,1.5250215597833787,3.0,2.4261338394783703e-06,0.026799878670623088,-0.3000000000000682,,0.011779999999999999,0.0
2019-10-20 08:00:00+00:00,1.150152028839889e-06,1.3368015509077011,0.0,2.4857098349883503e-06,0.025459884737033242,-0.2999999999999545,,0.011779999999999999,0.0
2019-10-20 09:00:00+00:00,1.1903963535260226e-06,1.1368154962669825,2.0,2.667998058540285e-06,0.02418689050012861,-0.39999999999997726,,0.011779999999999999,0.0
2019-10-20 10:00:00+00:00,1.2311741164795203e-06,1.0449554250942146,1.0,2.811805051844474e-06,0.022977545975074374,-0.10000000000002274,,0.011779999999999999,0.0
2019-10-20 11:00:00+00:00,1.241937044669734e-06,0.9720829456205521,3.0,2.9400465062757195e-06,0.02182866867627751,0.10000000000002274,,0.011779999999999999,0.0
2019-10-20 12:00:00+00:00,1.2233012860780742e-06,1.148904288763575,2.0,2.7148739493058393e-06,0.020737235242424695,0.6999999999999318,,0.011779999999999999,0.0
2019-10-20 13:00:00+00:00,1.2115661372694218e-06,1.27685965856655,5.0,2.536968000919129e-06,0.01970037348026832,0.6000000000000227,,0.011779999999999999,0.0
2019-10-20 14:00:00+00:00,1.2014271901756117e-06,1.205011512754318,3.0,2.4740574573242606e-06,0.01871535480622319,0.6000000000000227,,0.011779999999999999,0.0
2019-10-20 15:00:00+00:00,1.2505327719973604e-06,0.9715065341879444,0.0,2.8011755059677177e-06,0.01777958706588341,0.2999999999999545,,0.011779999999999999,0.0
2019-10-20 16:00:00+00:00,1.191222808147347e-06,1.0312273337939086,0.0,2.6686809267320927e-06,0.016890607712563406,0.3000000000000682,,0.011779999999999999,0.0
2019-10-20 17:00:00+00:00,1.1937716433002902e-06,1.2754061182573617,0.0,2.3157778998366554e-06,0.016046077326911923,-0.0,,0.011779999999999999,0.0
2019-10-20 18:00:00+00:00,1.3012715003932836e-06,1.150207502477042,0.0,2.3238816566978406e-06,0.015243773460545286,-0.10000000000002274,,0.011779999999999999,0.0
2019-10-20 19:00:00+00:00,1.3413881795523847e-06,1.144200964394379,1.0,2.31895155206323e-06,0.014481584787499033,-0.10000000000002274,,0.011779999999999999,0.0
2019-10-20 20:00:00+00:00,1.2690038548659612e-06,1.358608224361529,1.0,2.1687557337750493e-06,0.013757505548106943,-0.20000000000004547,3.2766976,0.011779999999999999,1.0
2019-10-20 21:00:00+00:00,1.2966550251458707e-06,1.1528549036180864,3.0,2.3736996332995008e-06,0.018069630270798553,0.10000000000002274,11.112090507692308,0.011779999999999999,0.0
2019-10-20 22:00:00+00:00,1.243960458739778e-06,1.2843460439950185,0.0,2.2928622697437753e-06,0.017166148757239326,0.6000000000000227,5.624608384615384,0.011779999999999999,0.0
2019-10-20 23:00:00+00:00,9.075580631465461e-07,1.3945935467052368,1.0,1.5793794959935287e-06,0.016307841319359945,0.6000000000000227,2.820486,0.011779999999999999,0.0
2019-10-21 00:00:00+00:00,9.197149484817764e-07,1.3490827782741208,2.0,1.5859700579348868e-06,0.01549244925337623,1.1999999999999318,,0.01066,0.0
2019-10-21 01:00:00+00:00,1.3583750409083163e-06,1.222301638730171,3.0,2.28876157101549e-06,0.014717826790693231,1.0,4.622955333333333,0.01066,0.0
2019-10-21 02:00:00+00:00,1.385823698951281e-06,1.2868478148114078,2.0,2.316250662828614e-06,0.013981935451145767,0.900000000000091,2.4553623333333334,0.01066,0.0
2019-10-21 03:00:00+00:00,1.3415687186059678e-06,1.1703426093108473,4.0,2.4715566006020235e-06,0.013282838678576925,1.0,5.61076375,0.01066,0.0
2019-10-21 04:00:00+00:00,1.3589880006913946e-06,1.0058729077912614,1.0,2.6207977124612223e-06,0.01261869674463765,0.1999999999999318,,0.01066,0.0
2019-10-21 05:00:00+00:00,1.2860733711543757e-06,0.6976449591051598,3.0,3.6096494556776163e-06,0.011987761907396356,0.20000000000004547,,0.01066,0.0
2019-10-21 06:00:00+00:00,1.3078117002462883e-06,0.6011377817544905,3.0,4.232951496550433e-06,0.011388373812018043,-0.20000000000004547,,0.01066,0.0
2019-10-21 07:00:00+00:00,1.3463030136653096e-06,0.5797232642862353,2.0,4.352735060327431e-06,0.010818955121409474,-0.2999999999999545,,0.01066,0.0
2019-10-21 08:00:00+00:00,1.2392004934456544e-06,0.6548102211901258,2.0,3.6895627487158057e-06,0.010278007365332081,-0.7000000000000455,,0.01066,0.0
2019-10-21 09:00:00+00:00,1.3386245918667937e-06,0.5654816371870076,2.0,4.673081751416133e-06,0.009764106997059234,-0.10000000000002274,,0.01066,0.0
2019-10-21 10:00:00+00:00,1.3401157363444997e-06,0.6185524438227287,0.0,4.018771230422995e-06,0.009275901647200636,0.3000000000000682,,0.01066,0.0
2019-10-21 11:00:00+00:00,1.382574618382824e-06,0.5753927367489609,2.0,4.538125393476184e-06,0.008812106564835519,0.1999999999999318,,0.01066,0.0
2019-10-21 12:00:00+00:00,1.3373365433224995e-06,0.6006244773334676,4.0,4.124719352644549e-06,0.008371501236589153,0.8000000000000682,,0.01066,0.0
2019-10-21 13:00:00+00:00,1.360651690136917e-06,0.5822141961942792,2.0,4.2624977607968486e-06,0.007952926174755553,0.5,,0.01066,0.0
2019-10-21 14:00:00+00:00,1.3573834921262525e-06,0.632555229815415,1.0,3.933410340746966e-06,0.007555279866014037,0.39999999999997726,,0.01066,0.0
2019-10-21 15:00:00+00:00,1.305762148733644e-06,0.761766550556278,4.0,3.144414451717065e-06,0.007177515872709961,0.2999999999999545,,0.01066,0.0
2019-10-21 16:00:00+00:00,1.383100344329249e-06,0.6726897386633528,3.0,4.303173271553571e-06,0.011818640079113846,0.20000000000004547,,0.01066,0.0
2019-10-21 17:00:00+00:00,1.421948868589682e-06,0.6009246353509224,2.0,4.7409803897762124e-06,0.016227708075193695,0.5,,0.01066,0.0
2019-10-21 18:00:00+00:00,1.4881827261754104e-06,0.556659919601891,3.0,5.583891453967927e-06,0.025416322671504378,-0.2999999999999545,,0.01066,0.0
2019-10-21 19:00:00+00:00,1.4384029655251055e-06,0.5674768617516883,5.0,5.103294571349608e-06,0.02914550653795629,-0.20000000000004547,,0.01066,0.0
2019-10-21 20:00:00+00:00,1.5315934681927556e-06,0.5292707686960952,4.0,6.225287162997653e-06,0.032688231211082955,-0.2999999999999545,10.650694,0.01066,0.0
2019-10-21 21:00:00+00:00,1.463043003915219e-06,0.5368764776949796,2.0,5.592980610926458e-06,0.031053819650518077,-0.3000000000000682,11.1986572,0.01066,0.0
2019-10-21 22:00:00+00:00,1.5318941485130816e-06,0.5243950307177639,2.0,5.816658590035351e-06,0.02950112866798249,-0.0,7.417824,0.01066,0.0
2019-10-21 23:00:00+00:00,1.0062312907906606e-06,0.6379431963203666,2.0,2.935671220692236e-06,0.028026072234574626,0.10000000000002274,,0.01066,0.0
2019-10-22 00:00:00+00:00,9.2641041115804e-07,0.6884108584991776,4.0,2.6695005354189365e-06,0.03162476862286615,0.6000000000000227,,0.016309999999999998,0.0
2019-10-22 01:00:00+00:00,1.3204894599546316e-06,0.7522470057676256,3.0,3.4125319121724712e-06,0.03004353019171439,0.10000000000002274,13.731732333333333,0.016309999999999998,0.0
2019-10-22 02:00:00+00:00,1.3501852496626861e-06,0.6316565950864402,7.0,4.1535953183608366e-06,0.02854135368212104,0.599999999999909,17.916666666666668,0.016309999999999998,0.0
2019-10-22 03:00:00+00:00,1.3311451847390524e-06,0.6544711003076928,8.0,4.0684858218966346e-06,0.027114285998008098,0.40000000000009095,16.218402666666666,0.016309999999999998,0.0
2019-10-22 04:00:00+00:00,1.3608835566099425e-06,0.7321027739026436,0.0,3.6138330457915336e-06,0.025758571698101477,0.1999999999999318,,0.016309999999999998,0.0
2019-10-22 05:00:00+00:00,1.545562049537898e-06,0.8183376022777807,1.0,4.56415820725613e-06,0.02447064311319079,0.3000000000000682,,0.016309999999999998,1.0
2019-10-22 06:00:00+00:00,1.4033245250048295e-06,0.7841816700859496,2.0,3.7843078868469783e-06,0.023247110957526188,0.1999999999999318,,0.016309999999999998,0.0
2019-10-22 07:00:00+00:00,1.3103538889735098e-06,0.7346265866691288,1.0,3.763000538860908e-06,0.02208475540964531,-0.10000000000002274,,0.016309999999999998,0.0
2019-10-22 08:00:00+00:00,1.2756345605636571e-06,0.8242983105732637,5.0,3.1121172346162744e-06,0.020980517639158917,-0.0,,0.016309999999999998,0.0
2019-10-22 09:00:00+00:00,1.2777337317686192e-06,0.8032193052787786,2.0,3.329929418184633e-06,0.01993149175719725,0.40000000000009095,,0.016309999999999998,0.0
2019-10-22 10:00:00+00:00,1.2785086164334772e-06,0.925712136440957,1.0,2.937727652288573e-06,0.018934917169334025,0.8999999999999773,,0.016309999999999998,0.0
2019-10-22 11:00:00+00:00,1.1405499816495475e-06,1.181646600672601,3.0,2.3539248654068997e-06,0.022988171310880306,0.6999999999999318,,0.016309999999999998,0.0
2019-10-22 12:00:00+00:00,1.1646698685578966e-06,1.0392614641759,8.0,2.587263771911044e-06,0.026838762745348008,1.2000000000000455,,0.016309999999999998,0.0
2019-10-22 13:00:00+00:00,1.2163069503371893e-06,0.9875116898613076,2.0,2.659874339028366e-06,0.035496824608105625,1.7000000000000455,,0.016309999999999998,0.0
2019-10-22 14:00:00+00:00,1.3639883787786462e-06,0.7832975677453692,5.0,3.958149653978452e-06,0.06372198337777783,1.1999999999999318,,0.016309999999999998,0.0
2019-10-22 15:00:00+00:00,1.6004770743506895e-06,0.49593649501173287,17.0,6.635698029796681e-06,0.11053588420901106,0.6000000000000227,,0.016309999999999998,0.0
2019-10-22 16:00:00+00:00,1.5600862839684625e-06,0.5071233992504135,5.0,6.406605203301824e-06,0.12000908999858398,0.2999999999999545,,0.016309999999999998,0.0
2019-10-22 17:00:00+00:00,1.6857954678445719e-06,0.5230508921822572,9.0,6.659608901721852e-06,0.11900863549865243,-0.0,,0.016309999999999998,0.0
2019-10-22 18:00:00+00:00,1.5986722564785327e-06,0.5311923835668527,12.0,6.130032777235732e-06,0.11805820372371768,-0.09999999999990905,,0.016309999999999998,0.0
2019-10-22 19:00:00+00:00,1.6293303777520128e-06,0.5304242791531022,5.0,6.378939883036115e-06,0.11715529353752988,-0.20000000000004547,,0.016309999999999998,0.0
2019-10-22 20:00:00+00:00,1.5055187368149111e-06,0.5866334779496383,5.0,5.181765365434753e-06,0.11629752886065164,0.10000000000002274,10.838631666666666,0.016309999999999998,0.0
2019-10-22 21:00:00+00:00,1.3758626605046244e-06,0.6103404119564394,3.0,4.47200574188138e-06,0.11048265241760791,-0.10000000000002274,13.881742,0.016309999999999998,0.0
2019-10-22 22:00:00+00:00,1.3988566485953087e-06,0.5986024636849548,2.0,4.612540012954354e-06,0.10995851979672656,0.2999999999999545,7.457639,0.016309999999999998,0.0
2019-10-22 23:00:00+00:00,9.032873891276129e-07,0.8322417360023957,2.0,2.2712522321140654e-06,0.10446059380688073,-0.0,3.675579,0.016309999999999998,0.0
2019-10-23 00:00:00+00:00,8.975576848540237e-07,1.0389220579738234,5.0,1.9675960788887065e-06,0.09923756411652811,-1.599999999999909,3.9418596666666663,0.01338,0.0
2019-10-23 01:00:00+00:00,1.2673376312902358e-06,0.9238869928186789,0.0,2.952412806888297e-06,0.09427568591069395,-0.5,2.212236909090909,0.01338,0.0
2019-10-23 02:00:00+00:00,1.2752493105124562e-06,0.9508784091978848,3.0,2.980814701252784e-06,0.08956190161515226,-0.5,3.452356818181818,0.01338,0.0
2019-10-23 03:00:00+00:00,1.2795668460557636e-06,1.175414733403594,0.0,2.5753282830569388e-06,0.08508380653438834,-0.7000000000000455,2.2158100000000003,0.01338,0.0
2019-10-23 04:00:00+00:00,1.2410823301801107e-06,1.2465294003397702,2.0,2.458814214981311e-06,0.08082961620766323,-0.7999999999999545,,0.01338,0.0
2019-10-23 05:00:00+00:00,1.2553550538821516e-06,1.1318616158499089,0.0,2.6390398615350747e-06,0.09178813539729401,-1.3000000000000682,,0.01338,0.0
2019-10-23 06:00:00+00:00,1.1919287428551277e-06,1.1169967485242425,0.0,2.4755234788553166e-06,0.10219872862744189,-1.6000000000000227,,0.01338,0.0
2019-10-23 07:00:00+00:00,1.2131839239423725e-06,1.3840698514917598,1.0,2.35822738752973e-06,0.09708879219606394,-1.3999999999999773,,0.01338,0.0
2019-10-23 08:00:00+00:00,1.3008742884149363e-06,1.4064913447199165,0.0,2.3863864246660885e-06,0.0972343525862609,-1.1999999999999318,,0.01338,0.0
2019-10-23 09:00:00+00:00,1.323796818685086e-06,1.3492294795326416,0.0,2.387086297072967e-06,0.09237263495694281,-0.7000000000000455,,0.01338,0.0
2019-10-23 10:00:00+00:00,1.3245592305186498e-06,1.4495037532405357,0.0,2.399440092148818e-06,0.08775400320909112,-0.5,,0.01338,0.0
2019-10-23 11:00:00+00:00,1.3012423258815373e-06,1.1723321439813235,0.0,2.565870523791126e-06,0.08336630304863245,-0.39999999999997726,,0.01338,0.0
2019-10-23 12:00:00+00:00,1.298872368111712e-06,0.9208943371467928,1.0,2.913603765399255e-06,0.07919798789619713,-0.39999999999997726,,0.01338,0.0
2019-10-23 13:00:00+00:00,1.3168539902940587e-06,0.9119485303772206,1.0,2.9841290729857854e-06,0.07523808850138393,-0.10000000000002274,,0.01338,0.0
2019-10-23 14:00:00+00:00,1.364636232403755e-06,0.9006291678227623,1.0,2.991143412205201e-06,0.07147618407631172,0.2999999999999545,,0.01338,0.0
2019-10-23 15:00:00+00:00,1.3474119087792578e-06,0.8064624274203903,1.0,3.1968983451302716e-06,0.06790237487249341,0.20000000000004547,,0.01338,0.0
2019-10-23 16:00:00+00:00,1.3732932057180473e-06,0.8075637166650779,1.0,3.202954731793765e-06,0.06450725612886629,0.10000000000002274,,0.01338,0.0
2019-10-23 17:00:00+00:00,1.3996872841518367e-06,0.7742541582724923,2.0,3.476147730496481e-06,0.06128189332242076,-0.20000000000004547,,0.01338,0.0
2019-10-23 18:00:00+00:00,1.4975964572321571e-06,0.659080800036688,2.0,4.102865773595472e-06,0.058217798656297726,-0.5,,0.01338,0.0
2019-10-23 19:00:00+00:00,1.4316248364438148e-06,0.6631501449289384,0.0,4.005738719305181e-06,0.05530690872348103,-0.2999999999999545,,0.01338,0.0
2019-10-23 20:00:00+00:00,1.4803284797867436e-06,0.5967849547958307,1.0,4.604960309448152e-06,0.052541563287305346,0.39999999999997726,,0.01338,0.0
2019-10-23 21:00:00+00:00,1.4557701720155629e-06,0.6808399537446904,0.0,4.0459481699990155e-06,0.049914485122938605,-0.0,2.564699,0.01338,0.0
2019-10-23 22:00:00+00:00,1.4867187772126016e-06,0.6989672229368867,0.0,3.924111708358288e-06,0.047418760866790345,0.6000000000000227,7.692360999999999,0.01338,0.0
2019-10-23 23:00:00+00:00,1.0664192270480465e-06,0.6251152790019251,4.0,2.9948789322278914e-06,0.04504782282344963,0.39999999999997726,6.282793000000001,0.01338,0.0
2019-10-24 00:00:00+00:00,1.0915318009493374e-06,0.6325992596711799,10.0,3.14709220984871e-06,0.042795431682276064,1.0,3.1613426666666666,0.0045000000000000005,0.0
2019-10-24 01:00:00+00:00,1.5677243152007015e-06,0.6045863853017996,4.0,4.810515987637267e-06,0.04065566009816129,0.6000000000000227,4.65539,0.0045000000000000005,0.0
2019-10-24 02:00:00+00:00,1.5730865741860186e-06,0.6008523973465822,6.0,5.038940647125473e-06,0.03862287709325234,0.7999999999999545,13.82175922,0.0045000000000000005,0.0
2019-10-24 03:00:00+00:00,1.741189077988288e-06,0.5666944692471485,6.0,5.8704658986475615e-06,0.04169173323859099,0.7999999999999545,6.863503000000001,0.0045000000000000005,0.0
2019-10-24 04:00:00+00:00,1.6422983719293642e-06,0.6072615112505025,3.0,5.009959886193516e-06,0.04460714657666258,0.5,,0.0045000000000000005,0.0
2019-10-24 05:00:00+00:00,1.7032884987750195e-06,0.5483956828972881,5.0,5.4663184591521684e-06,0.04737678924783048,0.5,,0.0045000000000000005,0.0
2019-10-24 06:00:00+00:00,1.787167365226757e-06,0.533572572316932,6.0,6.228425322463085e-06,0.045007949785438116,0.10000000000002274,,0.0045000000000000005,0.0
2019-10-24 07:00:00+00:00,1.6969699121995054e-06,0.5503508249717477,6.0,5.5461959796925454e-06,0.04275755229616545,-0.10000000000002274,,0.0045000000000000005,0.0
2019-10-24 08:00:00+00:00,1.7715779331945878e-06,0.549491009216125,2.0,5.889364477293808e-06,0.0406196746813565,-0.7999999999999545,,0.0045000000000000005,1.0
2019-10-24 09:00:00+00:00,1.6868062372689376e-06,0.6362190632845074,3.0,4.957866921095679e-06,0.03858869094728806,-1.0,,0.0045000000000000005,0.0
2019-10-24 10:00:00+00:00,1.5224074295339577e-06,0.6645272683705976,4.0,4.254177992573403e-06,0.0366592563999231,-0.6000000000000227,,0.0045000000000000005,0.0
2019-10-24 11:00:00+00:00,1.6834470516677003e-06,0.5501742102547321,3.0,5.947864094801898e-06,0.03482629357992644,-0.2999999999999545,,0.0045000000000000005,0.0
2019-10-24 12:00:00+00:00,1.7418174916612475e-06,0.5998448307473259,3.0,5.636872937908823e-06,0.033084978900929665,-0.20000000000004547,,0.0045000000000000005,0.0
2019-10-24 13:00:00+00:00,1.649035949577991e-06,0.62581407174648,1.0,4.770109921738777e-06,0.03143072995588277,-0.39999999999997726,,0.0045000000000000005,0.0
2019-10-24 14:00:00+00:00,1.6750823485556794e-06,0.6202433266406661,2.0,4.679363481759518e-06,0.029859193458088264,0.10000000000002274,,0.0045000000000000005,0.0
2019-10-24 15:00:00+00:00,1.5322657613366834e-06,0.7307693039182106,2.0,3.609558212341995e-06,0.02836623378518352,-0.0,,0.0045000000000000005,0.0
2019-10-24 16:00:00+00:00,1.5818827350735028e-06,0.8062858319582565,3.0,3.2164363209498444e-06,0.026947922095924042,-0.10000000000002274,,0.0045000000000000005,0.0
2019-10-24 17:00:00+00:00,1.5459159796978725e-06,0.8403482241022763,4.0,3.137588248654158e-06,0.02560052599112757,-0.20000000000004547,,0.0045000000000000005,0.0
2019-10-24 18:00:00+00:00,1.680369842800528e-06,0.7542233995378892,4.0,3.7727137786287904e-06,0.02432049969157095,-0.39999999999997726,,0.0045000000000000005,0.0
2019-10-24 19:00:00+00:00,1.7225119544191892e-06,0.6622383203661703,7.0,4.072578107799526e-06,0.02310447470699218,-0.2999999999999545,,0.0045000000000000005,0.0
2019-10-24 20:00:00+00:00,1.6162109541498863e-06,0.6388401456791039,8.0,3.9192550243654306e-06,0.02194925097164237,-0.0,5.522685,0.0045000000000000005,0.0
2019-10-24 21:00:00+00:00,1.5539744237484296e-06,0.624063770868151,7.0,4.162104467583572e-06,0.020851788423060073,0.1999999999999318,3.812269,0.0045000000000000005,0.0
2019-10-24 22:00:00+00:00,1.4940169245681988e-06,0.637161259730232,6.0,4.201493480439143e-06,0.019809199001906905,0.10000000000002274,,0.0045000000000000005,0.0
2019-10-24 23:00:00+00:00,1.0888078572258148e-06,0.6252655733516619,5.0,3.2377373846516377e-06,0.018818739051811414,0.6000000000000227,,0.0045000000000000005,0.0
2019-10-25 00:00:00+00:00,1.0638146211662146e-06,0.7316647155716351,10.0,2.547674169886376e-06,0.01787780209922071,0.2999999999999545,,0.013399999999999999,0.0
2019-10-25 01:00:00+00:00,1.4592429814710974e-06,0.7057609565053617,4.0,3.7450397955565055e-06,0.016983911994259554,0.3000000000000682,,0.013399999999999999,0.0
2019-10-25 02:00:00+00:00,1.5866596090230741e-06,0.741544627131601,2.0,3.4249570276929364e-06,0.01613471639454647,0.5,16.761458,0.013399999999999999,0.0
2019-10-25 03:00:00+00:00,1.5332390002317313e-06,0.6576928498002537,4.0,4.270645031783215e-06,0.015327980574819048,0.10000000000002274,,0.013399999999999999,0.0
2019-10-25 04:00:00+00:00,1.5042470825660391e-06,0.5879113343160468,3.0,5.095264763061923e-06,0.014561581546078006,-0.20000000000004547,,0.013399999999999999,0.0
2019-10-25 05:00:00+00:00,1.5063699894936675e-06,0.6130467518182063,7.0,4.711721522995529e-06,0.013833502468774028,-0.6000000000000227,,0.013399999999999999,0.0
2019-10-25 06:00:00+00:00,1.5754662078633581e-06,0.6100036834104227,1.0,4.522879194431953e-06,0.013141827345335255,-0.6999999999999318,,0.013399999999999999,0.0
2019-10-25 07:00:00+00:00,1.5940597510577618e-06,0.9947994804500895,3.0,3.4186843771348247e-06,0.01748473597806892,-1.1000000000000227,,0.013399999999999999,0.0
2019-10-25 08:00:00+00:00,1.4712118385890915e-06,1.454363688404639,9.0,2.411002985850742e-06,0.01661049917916539,-1.3000000000000682,,0.013399999999999999,0.0
2019-10-25 09:00:00+00:00,1.409960113436224e-06,1.5246762319342715,1.0,2.4179772256915192e-06,0.01577997422020705,-0.6999999999999318,,0.013399999999999999,0.0
2019-10-25 10:00:00+00:00,1.3707997251061405e-06,1.4758603503414287,4.0,2.439884316239402e-06,0.01499097550919663,-0.20000000000004547,,0.013399999999999999,0.0
2019-10-25 11:00:00+00:00,1.4378535015215159e-06,1.4939137119161756,3.0,2.374374743002108e-06,0.014241426733736736,-0.0,,0.013399999999999999,0.0
2019-10-25 12:00:00+00:00,1.4349403776535766e-06,1.4722268463477535,3.0,2.3019320670419204e-06,0.013529355397049846,-0.6999999999999318,,0.013399999999999999,0.0
2019-10-25 13:00:00+00:00,1.4312945598014408e-06,1.4798004349805411,2.0,2.287863626266714e-06,0.012852887627197305,-0.10000000000002274,,0.013399999999999999,0.0
2019-10-25 14:00:00+00:00,1.4016369327726346e-06,1.4424074072649653,2.0,2.3005686309273964e-06,0.012210243245837395,0.2999999999999545,,0.013399999999999999,0.0
2019-10-25 15:00:00+00:00,1.3849893190889325e-06,1.4157350886182327,2.0,2.4178600581390785e-06,0.011599731083545483,-0.0,,0.013399999999999999,0.0
2019-10-25 16:00:00+00:00,1.3692664514676904e-06,1.3103915153957528,4.0,2.437115820286406e-06,0.011019744529368172,-0.39999999999997726,,0.013399999999999999,0.0
2019-10-25 17:00:00+00:00,1.3776284136201569e-06,1.214739399897944,3.0,2.567084421422771e-06,0.010468757302899732,-0.20000000000004547,,0.013399999999999999,0.0
2019-10-25 18:00:00+00:00,1.3230422009289458e-06,1.202383101352231,2.0,2.6729196752352543e-06,0.009945319437754715,-0.2999999999999545,,0.013399999999999999,0.0
2019-10-25 19:00:00+00:00,1.2726023144446404e-06,1.1627991976451637,2.0,2.6364727630110932e-06,0.009448053465866952,-0.5,,0.013399999999999999,0.0
2019-10-25 20:00:00+00:00,1.2896992086819176e-06,1.2744358002705314,5.0,2.61790098502318e-06,0.00897565079257358,-0.6000000000000227,,0.013399999999999999,0.0
2019-10-25 21:00:00+00:00,1.2715543752260005e-06,1.2975899568352744,2.0,2.6126529760668327e-06,0.008526868252944879,-0.10000000000002274,,0.013399999999999999,0.0
2019-10-25 22:00:00+00:00,1.2830244639214121e-06,1.3942552347976456,1.0,2.6685999367032444e-06,0.008100524840297614,-0.0,,0.013399999999999999,0.0
2019-10-25 23:00:00+00:00,8.983456490299136e-07,1.6260428002764797,2.0,1.8368759371660737e-06,0.007695498598282716,0.3000000000000682,3.04213,0.013399999999999999,0.0
2019-10-26 00:00:00+00:00,9.234956690042912e-07,1.1782565478592864,3.0,2.0357779324222612e-06,0.007310723668368564,0.1999999999999318,,0.00562,0.0
2019-10-26 01:00:00+00:00,1.2609275956405156e-06,1.3152856317194097,1.0,2.8023828743565877e-06,0.006945187484950122,0.3000000000000682,,0.00562,0.0
2019-10-26 02:00:00+00:00,1.2486796651739327e-06,1.138750755027918,3.0,2.834695688866312e-06,0.006597928110702603,1.1999999999999318,9.691898,0.00562,0.0
2019-10-26 03:00:00+00:00,1.249474310394129e-06,1.059180259416515,3.0,2.891003804933683e-06,0.006268031705167461,0.6000000000000227,8.71956,0.00562,0.0
2019-10-26 04:00:00+00:00,1.2167742001853797e-06,1.1204735733987607,3.0,2.7600520770175668e-06,0.005954630119909077,-0.0,,0.00562,0.0
2019-10-26 05:00:00+00:00,1.2857133592234684e-06,1.0001607384472941,1.0,2.8548950303164845e-06,0.005656898613913613,-0.10000000000002274,,0.00562,0.0
2019-10-26 06:00:00+00:00,1.3014228616134354e-06,0.8481290682472423,3.0,3.185334162730538e-06,0.005374053683217923,-0.2999999999999545,,0.00562,0.0
2019-10-26 07:00:00+00:00,1.3057486368385337e-06,0.968794041924705,2.0,3.1040461770638895e-06,0.005105350999057019,-0.5,,0.00562,0.0
2019-10-26 08:00:00+00:00,1.3011994831380368e-06,0.9338148928490355,0.0,3.077105598508971e-06,0.004850083449104161,-1.0,,0.00562,0.0
2019-10-26 09:00:00+00:00,1.2727822934406741e-06,1.0837751547296997,6.0,2.8184652290025146e-06,0.0046075792766489465,-0.39999999999997726,,0.00562,0.0
2019-10-26 10:00:00+00:00,1.2899908601058186e-06,0.9601637310442611,1.0,3.0843527536696783e-06,0.0043772003128164936,-0.5,,0.00562,0.0
2019-10-26 11:00:00+00:00,1.345635722484391e-06,0.8629990709984573,0.0,3.400698957934071e-06,0.004158340297175663,-0.20000000000004547,,0.00562,0.0
2019-10-26 12:00:00+00:00,1.3646877674908444e-06,0.7612199441855593,1.0,3.6716074691506817e-06,0.003950423282316875,0.10000000000002274,,0.00562,0.0
2019-10-26 13:00:00+00:00,1.351801577835917e-06,0.7120962986203643,2.0,3.935160304167869e-06,0.0037529021182010273,0.10000000000002274,,0.00562,0.0
2019-10-26 14:00:00+00:00,1.3927310046502999e-06,0.9015861472701876,0.0,3.4150825021303736e-06,0.0035652570122909717,0.10000000000002274,,0.00562,0.0
2019-10-26 15:00:00+00:00,1.3436261019684742e-06,1.0719348827010504,1.0,3.040173633433528e-06,0.0033869941616764196,0.1999999999999318,,0.00562,0.0
2019-10-26 16:00:00+00:00,1.35098293893839e-06,1.089776449329463,2.0,2.8554077997908863e-06,0.0032176444535925957,-0.10000000000002274,,0.00562,0.0
2019-10-26 17:00:00+00:00,1.3252169808278906e-06,1.2465138732965257,7.0,2.7275611525592857e-06,0.003056762230912963,-0.1999999999999318,,0.00562,0.0
2019-10-26 18:00:00+00:00,1.3337991803325405e-06,1.305593115894729,3.0,2.5706348365591427e-06,0.002903924119367312,-0.3000000000000682,,0.00562,0.0
2019-10-26 19:00:00+00:00,1.3478375236206972e-06,1.448938460041849,1.0,2.60370033113378e-06,0.002758727913398944,-0.39999999999997726,,0.00562,0.0
2019-10-26 20:00:00+00:00,1.3682751451347628e-06,1.3274295207105449,0.0,2.6185862102689804e-06,0.0026207915177289946,-0.39999999999997726,,0.00562,0.0
2019-10-26 21:00:00+00:00,1.3670888579137772e-06,1.3168109695800716,1.0,2.6927424468176834e-06,0.002489751941842543,-0.2999999999999545,6.93831025,0.00562,0.0
2019-10-26 22:00:00+00:00,1.354838533144278e-06,1.3338932014080314,1.0,2.6138119612802704e-06,0.002365264344750414,0.09999999999990905,,0.00562,0.0
2019-10-26 23:00:00+00:00,9.937624941725114e-07,1.2530034070747058,1.0,1.8084883807454721e-06,0.002247001127512892,0.10000000000002274,1.279051,0.00562,0.0
2019-10-27 00:00:00+00:00,1.006519761698606e-06,1.2636550686245962,4.0,1.996665096990952e-06,0.002134651071137246,0.7000000000000455,,0.01073,0.0
2019-10-27 01:00:00+00:00,1.401879292442993e-06,1.12798378721757,2.0,2.9412368157358977e-06,0.0020279185175803823,0.10000000000002274,,0.01073,0.0
2019-10-27 02:00:00+00:00,1.3941204610171398e-06,0.9307603308766699,0.0,3.248343970068528e-06,0.001926522591701362,0.1999999999999318,,0.01073,0.0
2019-10-27 03:00:00+00:00,1.3637207994198028e-06,0.8822271287641176,2.0,3.4069131303380656e-06,0.0018301964621162928,0.39999999999997726,,0.01073,0.0
2019-10-27 04:00:00+00:00,1.373658139924223e-06,0.9050145144314876,2.0,3.2823640264029986e-06,0.001738686639010477,-0.0,,0.01073,0.0
2019-10-27 05:00:00+00:00,1.3376445900149858e-06,1.029826860296338,2.0,2.9992744324623134e-06,0.0016517523070599524,-0.0,,0.01073,0.0
2019-10-27 06:00:00+00:00,1.3488461321625488e-06,1.084163599816694,4.0,2.994950149598233e-06,0.0015691646917069541,-0.5,,0.01073,0.0
2019-10-27 07:00:00+00:00,1.396599477117735e-06,0.9358948977025762,2.0,3.1770986708824657e-06,0.0014907064571216058,-0.6999999999999318,,0.01073,0.0
2019-10-27 08:00:00+00:00,1.3859170566162304e-06,0.8722046528048021,3.0,3.306327701716415e-06,0.0014161711342655248,-0.8999999999999773,,0.01073,0.0
2019-10-27 09:00:00+00:00,1.3878077183248775e-06,1.1095016068946302,1.0,2.922654525207239e-06,0.001345362577552248,-0.40000000000009095,,0.01073,0.0
2019-10-27 10:00:00+00:00,1.4070221234249271e-06,1.1084729624412901,0.0,2.9060615812062532e-06,0.001278094448674635,-0.2999999999999545,,0.01073,0.0
2019-10-27 11:00:00+00:00,1.412144557257268e-06,1.1451729442090193,4.0,2.9635512962095113e-06,0.0012141897262409028,-0.0,,0.01073,0.0
2019-10-27 12:00:00+00:00,1.3859263874481542e-06,1.2112326741685533,0.0,2.8173460082493154e-06,0.0011534802399288573,0.20000000000004547,,0.01073,0.0
2019-10-27 13:00:00+00:00,1.3951874251768063e-06,1.3541959566664303,1.0,2.6822903024854573e-06,0.001095806227932414,0.2999999999999545,,0.01073,0.0
2019-10-27 14:00:00+00:00,1.3664981822068445e-06,1.3408906863904073,0.0,2.605121140332786e-06,0.001041015916535793,0.5,,0.01073,0.0
2019-10-27 15:00:00+00:00,1.299857327971063e-06,1.2333670929415879,3.0,2.660863447844967e-06,0.000988965120709003,0.20000000000004547,,0.01073,0.0
2019-10-27 16:00:00+00:00,1.3704572571783177e-06,1.1820201142148201,1.0,2.83287843152734e-06,0.0009395168646735524,-0.20000000000004547,,0.01073,0.0
2019-10-27 17:00:00+00:00,1.3235855200142993e-06,1.2474650415575181,1.0,2.745907164606355e-06,0.0008925410214398746,-0.2999999999999545,,0.01073,0.0
2019-10-27 18:00:00+00:00,1.3881739118390414e-06,1.4456700117809176,1.0,2.615826955142741e-06,0.0008479139703678806,-0.5,,0.01073,0.0
2019-10-27 19:00:00+00:00,1.3893585788171489e-06,1.5745908813834266,0.0,2.4785170215705274e-06,0.0008055182718494864,-0.5,,0.01073,0.0
2019-10-27 20:00:00+00:00,1.4452270500186542e-06,1.5843336514699267,4.0,2.4736026838957606e-06,0.0007652423582570119,-0.40000000000009095,,0.01073,0.0
2019-10-27 21:00:00+00:00,1.4451835031742405e-06,1.590615468018157,4.0,2.5125810381577903e-06,0.0007269802403441611,-0.09999999999990905,4.8688823,0.01073,0.0
2019-10-27 22:00:00+00:00,1.3329459677433817e-06,1.52429383905781,5.0,2.471022251704089e-06,0.0006906312283269529,0.09999999999990905,3.9492025555555554,0.01073,0.0
2019-10-27 23:00:00+00:00,9.955935917232668e-07,1.5283749810462768,2.0,1.7678757605543964e-06,0.000656099666910605,0.40000000000009095,1.9396028333333335,0.01073,0.0
2019-10-28 00:00:00+00:00,1.0384264745062978e-06,1.5062959014297386,3.0,1.7736028017665324e-06,0.0006232946835650746,0.6999999999999318,,0.01465,0.0
2019-10-28 01:00:00+00:00,1.438213941602267e-06,1.5272204360020822,5.0,2.4716439872552553e-06,0.0005921299493868207,0.20000000000004547,,0.01465,0.0
2019-10-28 02:00:00+00:00,1.4181172358888384e-06,1.577105862233587,8.0,2.4524591911241006e-06,0.0005625234519174796,0.7999999999999545,,0.01465,0.0
2019-10-28 03:00:00+00:00,1.4725398239451533e-06,1.5772828707952133,7.0,2.5874394039964016e-06,0.0005343972793216054,0.6000000000000227,,0.01465,0.0
2019-10-28 04:00:00+00:00,1.5009372912659846e-06,1.5253134076639459,6.0,2.477625943396004e-06,0.000507677415355525,0.20000000000004547,,0.01465,0.0
2019-10-28 05:00:00+00:00,1.472185954113138e-06,1.5209695033476895,5.0,2.656666101839855e-06,0.0004822935445877487,0.2999999999999545,,0.01465,0.0
2019-10-28 06:00:00+00:00,1.3926213710040824e-06,1.495088440051494,8.0,2.529675306345014e-06,0.00045817886735836124,-0.20000000000004547,,0.01465,0.0
2019-10-28 07:00:00+00:00,1.3753078859292264e-06,1.5101162385037241,12.0,2.529165133278961e-06,0.00043526992399044314,-0.39999999999997726,,0.01465,0.0
2019-10-28 08:00:00+00:00,1.400427696529948e-06,1.4793904873759256,8.0,2.531896152079274e-06,0.0004135064277909209,-0.10000000000002274,,0.01465,0.0
2019-10-28 09:00:00+00:00,1.4292461502174957e-06,1.5263366657592747,8.0,2.5830908781836143e-06,0.00039283110640137486,-0.2999999999999545,,0.01465,0.0
2019-10-28 10:00:00+00:00,1.4454367119636571e-06,1.5266522894245618,11.0,2.5391528021207364e-06,0.00037318955108130603,0.2999999999999545,,0.01465,0.0
2019-10-28 11:00:00+00:00,1.4322941765576192e-06,1.5180634444147678,10.0,2.5968341780586367e-06,0.0053545300735272534,0.40000000000009095,,0.01465,0.0
2019-10-28 12:00:00+00:00,1.4656705938560737e-06,1.5248970537731388,8.0,2.6407984678307625e-06,0.00508680356985089,0.39999999999997726,,0.01465,0.0
2019-10-28 13:00:00+00:00,1.4691065917169021e-06,1.5156685992397836,11.0,2.7085601269322595e-06,0.004832463391358345,0.5,,0.01465,0.0
2019-10-28 14:00:00+00:00,1.5106959253325362e-06,1.5220703984571655,4.0,2.573552828969367e-06,0.004590840221790428,0.6999999999999318,,0.01465,0.0
2019-10-28 15:00:00+00:00,1.4809658019616151e-06,1.4442909646656867,7.0,2.585389731849835e-06,0.004361298210700906,0.3000000000000682,,0.01465,0.0
2019-10-28 16:00:00+00:00,1.5366836442687756e-06,1.163432270724689,11.0,2.829548653736861e-06,0.00414323330016586,-0.10000000000002274,,0.01465,0.0
2019-10-28 17:00:00+00:00,1.491632266768972e-06,1.2742493844023122,10.0,2.723060180347984e-06,0.0039360716351575665,-0.10000000000002274,,0.01465,0.0
2019-10-28 18:00:00+00:00,1.5210844315336533e-06,1.4729712985627128,12.0,2.662267527418454e-06,0.0037392680533996875,-0.2999999999999545,,0.01465,0.0
2019-10-28 19:00:00+00:00,1.453558678113014e-06,1.4882149243707115,8.0,2.636256109425439e-06,0.013552304650729726,-0.5,,0.01465,0.0
2019-10-28 20:00:00+00:00,1.4987945816207046e-06,1.5123483251523373,8.0,2.6427825259903136e-06,0.027874689418193273,-0.10000000000002274,,0.01465,0.0
2019-10-28 21:00:00+00:00,1.4550578199122029e-06,1.433550980140595,9.0,2.550231783332508e-06,0.03148095494728362,-0.0,3.11059,0.01465,0.0
2019-10-28 22:00:00+00:00,1.4910885120540871e-06,1.5877311393460092,9.0,2.6888768284241823e-06,0.049906907199919484,0.39999999999997726,,0.01465,0.0
2019-10-28 23:00:00+00:00,1.0284585276489617e-06,1.57076016113723,6.0,1.8490321486034698e-06,0.057411561839923526,0.20000000000004547,0.741898,0.01465,0.0
2019-10-29 00:00:00+00:00,9.832373273592486e-07,1.5889609060673775,11.0,1.853932443096344e-06,0.05954098374792736,1.0,1.687963,0.01226,0.0
2019-10-29 01:00:00+00:00,1.3125008414453101e-06,1.6012284166139363,3.0,2.683493815050797e-06,0.05656393456053098,0.2999999999999545,3.7126253333333334,0.01226,0.0
2019-10-29 02:00:00+00:00,1.46310157208528e-06,1.6345352551747985,4.0,2.6371870154318593e-06,0.053735737832504425,1.0,1.77259825,0.01226,0.0
2019-10-29 03:00:00+00:00,1.4468372091583319e-06,1.6449219690510315,5.0,2.6247377895405114e-06,0.0510489509408792,1.1000000000000227,,0.01226,0.0
2019-10-29 04:00:00+00:00,1.4134132962097286e-06,1.6335844584663288,7.0,2.5513863392549297e-06,0.04849650339383523,0.2999999999999545,,0.01226,0.0
2019-10-29 05:00:00+00:00,1.4581322114055737e-06,1.4988593221767887,4.0,2.779380441047296e-06,0.046071678224143466,-0.09999999999990905,,0.01226,0.0
2019-10-29 06:00:00+00:00,1.3771262409248334e-06,1.3971871025210894,5.0,2.8080153128627523e-06,0.04376809431293629,-0.0,,0.01226,0.0
2019-10-29 07:00:00+00:00,1.3877079550053029e-06,1.1740351818453842,9.0,3.033606168625456e-06,0.04157968959728947,-0.20000000000004547,,0.01226,0.0
2019-10-29 08:00:00+00:00,1.406100429441028e-06,0.9504867622327038,9.0,3.468506690884192e-06,0.03950070511742499,-0.6000000000000227,,0.01226,0.0
2019-10-29 09:00:00+00:00,1.4370175971134475e-06,0.8284992591296182,8.0,3.763403159102922e-06,0.037525669861553736,-0.10000000000002274,,0.01226,0.0
2019-10-29 10:00:00+00:00,1.4215556793258078e-06,0.8245412415180134,4.0,3.7620810498095692e-06,0.035649386368476046,-0.0,,0.01226,0.0
2019-10-29 11:00:00+00:00,1.4181634260252629e-06,0.8564539956811869,15.0,3.570509512640437e-06,0.033866917050052237,-0.1999999999999318,,0.01226,0.0
2019-10-29 12:00:00+00:00,1.4280951340171798e-06,0.9184797158734046,15.0,3.495789527278761e-06,0.03217357119754962,0.2999999999999545,,0.01226,0.0
2019-10-29 13:00:00+00:00,1.4686411805064828e-06,0.9041233356657258,8.0,3.4923591412738624e-06,0.030564892637672134,0.20000000000004547,,0.01226,0.0
2019-10-29 14:00:00+00:00,1.516600470670904e-06,0.8787018990461445,9.0,3.5899896375089443e-06,0.029036648005788524,-0.10000000000002274,,0.01226,0.0
2019-10-29 15:00:00+00:00,1.4453296836468163e-06,1.0004631024349697,3.0,3.3610999571356176e-06,0.027584815605499094,0.39999999999997726,,0.01226,0.0
2019-10-29 16:00:00+00:00,1.4442779433818143e-06,1.2325538625018186,11.0,2.9268417386071393e-06,0.026205574825224134,0.20000000000004547,,0.01226,0.0
2019-10-29 17:00:00+00:00,1.4828028502399318e-06,0.9766983578099948,6.0,3.25532147061953e-06,0.024895296083962924,-0.20000000000004547,,0.01226,0.0
2019-10-29 18:00:00+00:00,1.4682006542969941e-06,1.1359609685599679,19.0,2.9075070284824054e-06,0.023650531279764776,-0.2999999999999545,,0.01226,0.0
2019-10-29 19:00:00+00:00,1.5683341047014813e-06,1.2572365429875323,14.0,2.828455102763811e-06,0.022468004715776535,-0.7000000000000455,,0.01226,0.0
2019-10-29 20:00:00+00:00,1.5124172331312919e-06,1.4812379985670951,10.0,2.5928125209791113e-06,0.021344604479987705,-0.6999999999999318,1.00836225,0.01226,0.0
2019-10-29 21:00:00+00:00,1.535231912497609e-06,1.545422768584498,9.0,2.548133828737543e-06,0.020277374255988318,-0.3000000000000682,0.9929398333333334,0.01226,0.0
2019-10-29 22:00:00+00:00,1.4878723962573108e-06,1.5723562407392029,11.0,2.5869746354204586e-06,0.0192635055431889,0.20000000000004547,1.512095,0.01226,0.0
2019-10-29 23:00:00+00:00,1.0876455762458023e-06,1.441101305207973,9.0,1.9339937978685254e-06,0.018300330266029452,-0.0,1.1883765714285714,0.01226,0.0
2019-10-30 00:00:00+00:00,1.0864916749113365e-06,1.4417063667081298,11.0,1.8617825908738492e-06,0.017385313752727977,0.2999999999999545,,0.012700000000000001,0.0
2019-10-30 01:00:00+00:00,1.41585614155985e-06,1.3257816834368503,4.0,2.857942771448333e-06,0.016516048065091576,0.6000000000000227,7.844502500000001,0.012700000000000001,0.0
2019-10-30 02:00:00+00:00,1.369567544697377e-06,1.3587162829382795,0.0,2.9705281376947594e-06,0.015690245661836997,0.6000000000000227,10.845505166666667,0.012700000000000001,0.0
2019-10-30 03:00:00+00:00,1.3633320188917987e-06,1.2155243853535573,7.0,2.9391320022103e-06,0.014905733378745145,0.8999999999999773,,0.012700000000000001,0.0
2019-10-30 04:00:00+00:00,1.3371438793800858e-06,1.0817515028603908,1.0,3.2410456313321343e-06,0.014160446709807886,0.7000000000000455,,0.012700000000000001,0.0
2019-10-30 05:00:00+00:00,1.3643139058049447e-06,0.7702023694408894,6.0,4.199838007558126e-06,0.01345242437431749,-0.0,,0.012700000000000001,0.0
2019-10-30 06:00:00+00:00,1.402132139434812e-06,0.7498206512615258,3.0,4.15549187391077e-06,0.012779803155601614,-0.20000000000004547,,0.012700000000000001,0.0
2019-10-30 07:00:00+00:00,1.376269639841189e-06,0.7979846057811736,7.0,4.060403587476926e-06,0.012140812997821531,-0.6000000000000227,,0.012700000000000001,0.0
2019-10-30 08:00:00+00:00,1.3627994304799928e-06,0.8062028683901968,8.0,4.064361151901051e-06,0.011533772347930453,-0.6000000000000227,,0.012700000000000001,0.0
2019-10-30 09:00:00+00:00,1.3815823155047757e-06,0.8339028137113277,7.0,3.938402364534301e-06,0.01095708373053393,-0.2999999999999545,,0.012700000000000001,0.0
2019-10-30 10:00:00+00:00,1.3527805015743623e-06,0.9114937871797877,6.0,3.6628316862430848e-06,0.010409229544007232,-0.10000000000002274,,0.012700000000000001,0.0
2019-10-30 11:00:00+00:00,1.3146546498015824e-06,1.0174194258344036,6.0,3.432306502896822e-06,0.00988876806680687,0.20000000000004547,,0.012700000000000001,0.0
2019-10-30 12:00:00+00:00,1.3701176479240636e-06,0.8870095222406009,5.0,3.853472786390926e-06,0.009394329663466526,0.5,,0.012700000000000001,0.0
2019-10-30 13:00:00+00:00,1.3403410411409438e-06,0.8712410484124408,4.0,3.8223274919995596e-06,0.008924613180293198,0.1999999999999318,,0.012700000000000001,0.0
2019-10-30 14:00:00+00:00,1.3427815287453735e-06,0.9148176766454957,8.0,4.17134041780692e-06,0.008478382521278537,0.40000000000009095,,0.012700000000000001,0.0
2019-10-30 15:00:00+00:00,1.337795551099337e-06,1.4092251188091989,5.0,2.9859407358703295e-06,0.008054463395214609,0.09999999999990905,,0.012700000000000001,0.0
2019-10-30 16:00:00+00:00,1.3692118956320247e-06,1.5198344824809853,4.0,2.9649956524920074e-06,0.0076517402254538775,-0.09999999999990905,,0.012700000000000001,0.0
2019-10-30 17:00:00+00:00,1.3071909665108403e-06,1.2899256115018456,9.0,2.969880955191532e-06,0.007269153214181183,-0.40000000000009095,,0.012700000000000001,0.0
2019-10-30 18:00:00+00:00,1.3545037141629728e-06,1.4268181598915979,5.0,2.9727175380772026e-06,0.006905695553472123,-1.3999999999999773,,0.012700000000000001,0.0
2019-10-30 19:00:00+00:00,1.3919219332911915e-06,1.5726225359549744,4.0,2.7357392412637405e-06,0.006560410775798517,-0.6999999999999318,,0.012700000000000001,0.0
2019-10-30 20:00:00+00:00,1.3851428086440234e-06,1.621591738330193,10.0,2.732896960919075e-06,0.00623239023700859,-0.3000000000000682,,0.012700000000000001,0.0
2019-10-30 21:00:00+00:00,1.4167653259095e-06,1.613407450396813,3.0,2.816915459119209e-06,0.00592077072515816,-0.5,0.79977825,0.012700000000000001,0.0
2019-10-30 22:00:00+00:00,1.4291140969579052e-06,1.6264007905324673,2.0,2.760348308525957e-06,0.005624732188900251,-0.10000000000002274,0.680975125,0.012700000000000001,0.0
2019-10-30 23:00:00+00:00,9.940254414500386e-07,1.662704764545599,4.0,1.950691279610952e-06,0.0053434955794552375,-0.09999999999990905,,0.012700000000000001,0.0
2019-10-31 00:00:00+00:00,1.1097381539427955e-06,1.6505324783653368,4.0,1.9564973075933613e-06,0.005076320800482475,0.5,1.009086,0.015379999999999998,0.0
2019-10-31 01:00:00+00:00,1.4789684347331674e-06,1.691288972459999,6.0,2.6705967541943227e-06,0.00482250476045835,0.1999999999999318,2.518229,0.015379999999999998,0.0
2019-10-31 02:00:00+00:00,1.5386106353099102e-06,1.6746980726903236,2.0,2.7007471689560336e-06,0.004581379522435432,0.5,,0.015379999999999998,0.0
2019-10-31 03:00:00+00:00,1.5302988527228751e-06,1.6572485177395897,2.0,2.635085177030669e-06,0.004352310546313659,0.3000000000000682,2.518981,0.015379999999999998,0.0
2019-10-31 04:00:00+00:00,1.5151634155633532e-06,1.682746342759341,1.0,2.6380572660427713e-06,0.004134695018997975,0.09999999999990905,,0.015379999999999998,0.0
2019-10-31 05:00:00+00:00,1.526751983127009e-06,1.6631130310390307,0.0,2.6785232944949233e-06,0.003927960268048076,0.3000000000000682,,0.015379999999999998,0.0
2019-10-31 06:00:00+00:00,1.5388104943416854e-06,1.6104424493327791,1.0,2.6944735929331293e-06,0.003731562254645672,-0.20000000000004547,,0.015379999999999998,0.0
2019-10-31 07:00:00+00:00,1.5486343634420088e-06,1.526866404718376,5.0,2.8334013790753583e-06,0.0035449841419133883,-0.39999999999997726,,0.015379999999999998,0.0
2019-10-31 08:00:00+00:00,1.497510368755391e-06,0.991737290422157,1.0,3.4079056419370184e-06,0.0033677349348177183,-0.6000000000000227,,0.015379999999999998,0.0
2019-10-31 09:00:00+00:00,1.5946727895852392e-06,0.7562861320849644,5.0,4.111945098289743e-06,0.003199348188076832,-0.0,,0.015379999999999998,0.0
2019-10-31 10:00:00+00:00,1.578815514501883e-06,0.7726520630153749,4.0,4.319236469100682e-06,0.00303938077867299,0.3000000000000682,,0.015379999999999998,0.0
2019-10-31 11:00:00+00:00,1.685809680534649e-06,0.6739160008026044,1.0,4.865292051893337e-06,0.0028874117397393404,0.09999999999990905,,0.015379999999999998,0.0
2019-10-31 12:00:00+00:00,1.7613072089891713e-06,0.6113144639557725,2.0,6.15652765164385e-06,0.002743041152752373,0.900000000000091,,0.015379999999999998,0.0
2019-10-31 13:00:00+00:00,1.8918841354588631e-06,0.5264265138271678,5.0,7.1418824313228564e-06,0.0026058890951147543,0.2999999999999545,,0.015379999999999998,0.0
2019-10-31 14:00:00+00:00,1.812340003608845e-06,0.5882842606951654,5.0,6.191906977637168e-06,0.002475594640359016,-0.2999999999999545,,0.015379999999999998,1.0
2019-10-31 15:00:00+00:00,1.5588565153148698e-06,0.6825476189206712,2.0,5.0666173156788115e-06,0.002351814908341065,0.2999999999999545,,0.015379999999999998,0.0
2019-10-31 16:00:00+00:00,1.6270186671498224e-06,0.6874724663591415,5.0,5.125315433954916e-06,0.0022342241629240115,-0.20000000000004547,,0.015379999999999998,0.0
2019-10-31 17:00:00+00:00,1.482872237881435e-06,0.8678956238581542,4.0,3.979427523730542e-06,0.0021225129547778106,-0.6999999999999318,,0.015379999999999998,0.0
2019-10-31 18:00:00+00:00,1.4514235867043272e-06,1.0096051417904837,5.0,3.627791096711801e-06,0.00201638730703892,-0.7000000000000455,,0.015379999999999998,0.0
2019-10-31 19:00:00+00:00,1.5041764990817566e-06,0.9890072224029707,4.0,3.5879132509164333e-06,0.0019155679416869738,-0.6000000000000227,,0.015379999999999998,0.0
2019-10-31 20:00:00+00:00,1.5496324978139116e-06,1.0117961283403216,7.0,3.6819821745490794e-06,0.001819789544602625,-0.6999999999999318,4.343547375,0.015379999999999998,0.0
2019-10-31 21:00:00+00:00,1.5174464645898137e-06,1.1515041906180132,3.0,3.443534760048855e-06,0.0017288000673724936,-0.5,4.794328777777777,0.015379999999999998,0.0
2019-10-31 22:00:00+00:00,1.504626035552278e-06,1.3745816333318441,4.0,3.039705273462675e-06,0.0016423600640038689,-0.20000000000004547,3.802778,0.015379999999999998,0.0
2019-10-31 23:00:00+00:00,1.0563340498782596e-06,1.3799954142530215,5.0,2.0481994162591427e-06,0.0015602420608036751,-0.0,,0.015379999999999998,0.0
2019-11-01 00:00:00+00:00,1.128572338394462e-06,1.4717456824880084,6.0,2.082214983703076e-06,0.0014822299577634912,0.10000000000002274,,0.00896,0.0
2019-11-01 01:00:00+00:00,1.5208495680520234e-06,1.5758501076099565,6.0,2.770953106948669e-06,0.0014081184598753163,0.2999999999999545,9.010108166666667,0.00896,0.0
2019-11-01 02:00:00+00:00,1.5450574711082028e-06,1.5368620199686582,4.0,2.8214538228350788e-06,0.0013377125368815503,0.20000000000004547,8.019295857142856,0.00896,0.0
2019-11-01 03:00:00+00:00,1.4881392984520168e-06,1.3370411919144376,5.0,2.8862292299491322e-06,0.0012708269100374725,1.0,7.570630749999999,0.00896,0.0
2019-11-01 04:00:00+00:00,1.4088789463297548e-06,1.2094809217192888,3.0,3.1218515843953855e-06,0.0012072855645355988,0.5,,0.00896,0.0
2019-11-01 05:00:00+00:00,1.4927279847730844e-06,0.8099075979653424,3.0,3.8651028191438345e-06,0.0011469212863088188,0.39999999999997726,,0.00896,0.0
2019-11-01 06:00:00+00:00,1.5657975902674289e-06,0.7072990723990759,6.0,4.356361058645106e-06,0.0010895752219933776,-0.5,,0.00896,0.0
2019-11-01 07:00:00+00:00,1.6021138621096941e-06,0.6536144397312903,7.0,4.7936426691247474e-06,0.0010350964608937087,-0.5,,0.00896,0.0
2019-11-01 08:00:00+00:00,1.5895850874389562e-06,0.9382082329715953,6.0,3.6425738541502644e-06,0.0009833416378490232,-1.1000000000000227,,0.00896,0.0
2019-11-01 09:00:00+00:00,1.553452270612208e-06,1.607136753170555,5.0,2.8066317481132546e-06,0.005934174555956585,-0.6999999999999318,,0.00896,0.0
2019-11-01 10:00:00+00:00,1.5619082008803714e-06,1.6675195942978587,2.0,2.8085213268262344e-06,0.005637465828158755,-0.39999999999997726,,0.00896,0.0
2019-11-01 11:00:00+00:00,1.5155067662680725e-06,1.6658764064882707,6.0,2.7786206607094082e-06,0.005355592536750816,-0.8000000000000682,,0.00896,0.0
2019-11-01 12:00:00+00:00,1.5464791306131551e-06,1.6895258023164874,4.0,2.7501715263367072e-06,0.010087812909913289,-0.6000000000000227,,0.00896,0.0
2019-11-01 13:00:00+00:00,1.5478827446344363e-06,1.6778589440787879,1.0,2.8082057396449756e-06,0.009583422264417623,-0.1999999999999318,,0.00896,0.0
2019-11-01 14:00:00+00:00,1.5336846648051157e-06,1.5438214424627212,1.0,2.9705095675236835e-06,0.009104251151196742,-0.20000000000004547,,0.00896,0.0
2019-11-01 15:00:00+00:00,1.4626476765269914e-06,1.5738075358633914,2.0,2.974949504695139e-06,0.008649038593636903,0.10000000000002274,,0.00896,0.0
2019-11-01 16:00:00+00:00,1.4924788418650736e-06,1.5089179665267347,5.0,2.976817291653538e-06,0.008216586663955057,-0.39999999999997726,,0.00896,0.0
2019-11-01 17:00:00+00:00,1.4759370807269726e-06,1.4737699132852145,4.0,3.1516899430153066e-06,0.007805757330757303,-0.5,,0.00896,0.0
2019-11-01 18:00:00+00:00,1.5010507293596091e-06,1.562628952740248,8.0,3.0524903278281146e-06,0.007415469464219436,-0.8999999999999773,,0.00896,0.0
2019-11-01 19:00:00+00:00,1.5285452237868658e-06,1.6176902637403916,3.0,2.975198617434344e-06,0.007044695991008463,-0.7000000000000455,,0.00896,0.0
2019-11-01 20:00:00+00:00,1.5543050207876584e-06,1.6223239476654958,9.0,2.9760882141304477e-06,0.006692461191458039,-0.5,2.1844675,0.00896,0.0
2019-11-01 21:00:00+00:00,1.4868600740067815e-06,1.6797015787320821,1.0,2.9433268477178506e-06,0.006357838131885136,-0.39999999999997726,2.6858989999999996,0.00896,0.0
2019-11-01 22:00:00+00:00,1.4881068450460275e-06,1.7159775327861542,2.0,3.0027358321070413e-06,0.006039946225290878,-0.6000000000000227,1.8281444999999998,0.00896,0.0
2019-11-01 23:00:00+00:00,1.0577525045704186e-06,1.7407950606911118,1.0,2.041191027169117e-06,0.0057379489140263334,0.2999999999999545,0.396065,0.00896,0.0
2019-11-02 00:00:00+00:00,1.0548301844352e-06,1.7515097871537526,6.0,2.0796690292251307e-06,0.005451051468325016,-0.09999999999990905,,0.00882,0.0
2019-11-02 01:00:00+00:00,1.4647422450046642e-06,1.700089587580521,5.0,2.887965891615652e-06,0.005178498894908764,-0.10000000000002274,4.774884,0.00882,0.0
2019-11-02 02:00:00+00:00,1.4605982205070584e-06,1.7212563090881108,6.0,2.9042657284914566e-06,0.004919573950163326,-0.0,,0.00882,0.0
2019-11-02 03:00:00+00:00,1.420208025972853e-06,1.7487937955324202,4.0,2.973058030689679e-06,0.004673595252655159,0.6000000000000227,,0.00882,0.0
2019-11-02 04:00:00+00:00,1.4144438832826043e-06,1.7655351259671954,2.0,2.9696027407942396e-06,0.0044399154900224,0.39999999999997726,,0.00882,0.0
2019-11-02 05:00:00+00:00,1.4449357735720748e-06,1.829028005580631,7.0,3.0861762428104058e-06,0.00421791971552128,-0.0,,0.00882,0.0
2019-11-02 06:00:00+00:00,1.4730307906363259e-06,1.825163783107791,4.0,2.883824938748967e-06,0.004007023729745216,-0.3000000000000682,,0.00882,0.0
2019-11-02 07:00:00+00:00,1.5034847459980084e-06,1.8809433084056375,3.0,3.0074349818155106e-06,0.0038066725432579548,-0.599999999999909,,0.00882,0.0
2019-11-02 08:00:00+00:00,1.4963887392604663e-06,1.7880067597219105,5.0,2.940076331637225e-06,0.0036163389160950563,-0.8000000000000682,,0.00882,0.0
2019-11-02 09:00:00+00:00,1.5034690513059228e-06,1.7045087711093372,2.0,2.805447800996785e-06,0.003435521970290303,-0.10000000000002274,,0.00882,0.0
2019-11-02 10:00:00+00:00,1.5766141459609492e-06,1.732997471058652,5.0,2.7827636357312594e-06,0.003263745871775787,-0.1999999999999318,,0.00882,0.0
2019-11-02 11:00:00+00:00,1.6376357688757858e-06,1.7629747302954157,12.0,2.847724967104488e-06,0.0031005585781869976,-0.0,,0.00882,0.0
2019-11-02 12:00:00+00:00,1.6302759860189543e-06,1.7769177072295668,6.0,2.767418758356784e-06,0.0029455306492776473,-0.20000000000004547,,0.00882,0.0
2019-11-02 13:00:00+00:00,1.636459606424684e-06,1.7598524561276907,7.0,2.759554515270962e-06,0.0027982541168137644,-0.10000000000002274,,0.00882,0.0
2019-11-02 14:00:00+00:00,1.6738525500988903e-06,1.6835921525729711,6.0,2.795329422145289e-06,0.0026583414109730757,0.20000000000004547,,0.00882,0.0
2019-11-02 15:00:00+00:00,1.685200575391753e-06,1.5996107679680354,7.0,2.807840457505338e-06,0.002525424340424422,-0.0,,0.00882,0.0
2019-11-02 16:00:00+00:00,1.6475178171262615e-06,1.6437860870256353,7.0,2.7840085854575643e-06,0.0023991531234032,-0.10000000000002274,,0.00882,0.0
2019-11-02 17:00:00+00:00,1.5942018256488104e-06,1.608580736121316,1.0,2.8708729500332467e-06,0.00227919546723304,-0.1999999999999318,,0.00882,0.0
2019-11-02 18:00:00+00:00,1.612258616194131e-06,1.3663887801408305,3.0,2.950258905606571e-06,0.0021652356938713876,-0.20000000000004547,,0.00882,0.0
2019-11-02 19:00:00+00:00,1.5071288771162519e-06,1.590486411242962,1.0,2.8524378896377787e-06,0.002056973909177818,-0.10000000000002274,,0.00882,0.0
2019-11-02 20:00:00+00:00,1.4918654175808614e-06,1.6827380986729157,4.0,2.880393079273063e-06,0.0019541252137189264,-0.1999999999999318,1.7238887999999999,0.00882,0.0
2019-11-02 21:00:00+00:00,1.5097577441787616e-06,1.654053183559079,7.0,2.799696957011314e-06,0.0018564189530329797,0.09999999999990905,,0.00882,0.0
2019-11-02 22:00:00+00:00,1.5197169352598275e-06,1.6583621401467312,6.0,2.847138438649585e-06,0.0017635980053813305,0.10000000000002274,,0.00882,0.0
2019-11-02 23:00:00+00:00,1.0697830906607068e-06,1.6286496617117716,2.0,1.9485557007073167e-06,0.0016754181051122636,0.39999999999997726,1.197685,0.00882,0.0
2019-11-03 00:00:00+00:00,1.0922788852137156e-06,1.6797957807259276,9.0,1.9543819504013804e-06,0.0015916471998566504,0.10000000000002274,,0.00937,0.0
2019-11-03 01:00:00+00:00,1.573995459301982e-06,1.6363693580875,3.0,2.630954120033252e-06,0.0015120648398638176,0.6000000000000227,4.946991,0.00937,0.0
2019-11-03 02:00:00+00:00,1.563606230770577e-06,1.6283337183509081,6.0,2.54702054710316e-06,0.0014364615978706265,0.6000000000000227,,0.00937,0.0
2019-11-03 03:00:00+00:00,1.6221504312945303e-06,1.6126667212086045,4.0,2.599082733995411e-06,0.0013646385179770949,0.6000000000000227,,0.00937,0.0
2019-11-03 04:00:00+00:00,1.614058412085994e-06,1.6780147225389423,3.0,2.6920757942801863e-06,0.00129640659207824,0.39999999999997726,,0.00937,0.0
2019-11-03 05:00:00+00:00,1.5709965267878541e-06,1.773789689350419,2.0,2.8645391968052956e-06,0.0012315862624743279,-0.0,,0.00937,0.0
2019-11-03 06:00:00+00:00,1.55762763383749e-06,1.7645839097187748,2.0,2.794339438294208e-06,0.0011700069493506113,-0.39999999999997726,,0.00937,0.0
2019-11-03 07:00:00+00:00,1.5395869728741918e-06,1.7754076739756177,2.0,2.845674429711569e-06,0.0011115066018830807,-0.3000000000000682,,0.00937,0.0
2019-11-03 08:00:00+00:00,1.495103685748848e-06,1.776867581123789,4.0,2.8450525320303736e-06,0.0010559312717889266,-0.5,,0.00937,0.0
2019-11-03 09:00:00+00:00,1.4732231143393779e-06,1.7679013835100357,2.0,2.816634215037681e-06,0.00100313470819948,-0.10000000000002274,,0.00937,0.0
2019-11-03 10:00:00+00:00,1.5826881520685217e-06,1.7547575039884655,4.0,2.780282091237842e-06,0.000952977972789506,0.10000000000002274,,0.00937,0.0
2019-11-03 11:00:00+00:00,1.5711271497723026e-06,1.7816056510507938,5.0,2.7936371803623023e-06,0.0009053290741500306,-0.2999999999999545,,0.00937,0.0
2019-11-03 12:00:00+00:00,1.595896009193256e-06,1.8059310966634416,6.0,2.7598913134201827e-06,0.000860062620442529,-0.5,,0.00937,0.0
2019-11-03 13:00:00+00:00,1.6917632200464566e-06,1.7764759409654294,5.0,2.700849717931037e-06,0.0008170594894204024,0.10000000000002274,,0.00937,0.0
2019-11-03 14:00:00+00:00,1.673174346764502e-06,1.7418123458787387,4.0,2.640805556468494e-06,0.0007762065149493822,0.39999999999997726,,0.00937,0.0
2019-11-03 15:00:00+00:00,1.614314126364823e-06,1.7656029560876938,4.0,2.6541480898904264e-06,0.000737396189201913,0.1999999999999318,,0.00937,0.0
2019-11-03 16:00:00+00:00,2.0748332812394655e-06,1.8020642941025502,9.0,2.950643732190061e-06,0.0007005263797418172,0.20000000000004547,,0.00937,0.0
2019-11-03 17:00:00+00:00,1.6901691919583569e-06,1.7340956209879135,8.0,2.5946047306551403e-06,0.0006655000607547263,-0.0,,0.00937,0.0
2019-11-03 18:00:00+00:00,1.6708144916044017e-06,1.7315695973299594,10.0,2.6756638570526894e-06,0.00063222505771699,-0.39999999999997726,,0.00937,0.0
2019-11-03 19:00:00+00:00,1.7223069441810266e-06,1.7307293901636445,7.0,2.618474658844149e-06,0.0006006138048311404,-0.10000000000002274,,0.00937,0.0
2019-11-03 20:00:00+00:00,1.7092728717074337e-06,1.7461830132603298,5.0,2.599864891594218e-06,0.0005705831145895833,-0.0,1.166145875,0.00937,0.0
2019-11-03 21:00:00+00:00,1.65676164921356e-06,1.7113185873909993,4.0,2.6740195921793928e-06,0.0005420539588601041,0.10000000000002274,1.084211,0.00937,0.0
2019-11-03 22:00:00+00:00,1.599041264257873e-06,1.7593179888551271,13.0,2.7734268428154536e-06,0.0005149512609170988,0.39999999999997726,0.9939043333333334,0.00937,0.0
2019-11-03 23:00:00+00:00,1.157251294673887e-06,1.7571544871279532,7.0,2.0279008965639215e-06,0.0004892036978712438,0.5,,0.00937,0.0
2019-11-04 00:00:00+00:00,1.2161009615731888e-06,1.6764100353322917,9.0,2.024625810267957e-06,0.00046474351297768154,0.7000000000000455,,0.00813,0.0
2019-11-04 01:00:00+00:00,1.7029960601014071e-06,1.679971532847236,5.0,2.82784192402498e-06,0.0004415063373287974,0.39999999999997726,,0.00813,0.0
2019-11-04 02:00:00+00:00,1.6892802651894584e-06,1.5410979305525572,3.0,2.9043153216085456e-06,0.00041943102046235745,0.6999999999999318,,0.00813,0.0
2019-11-04 03:00:00+00:00,1.741441034015442e-06,1.3228851189746746,6.0,3.0747356321133348e-06,0.0003984594694392396,1.0,,0.00813,0.0
2019-11-04 04:00:00+00:00,1.7513670383790178e-06,1.1128289859586333,7.0,3.380780940881301e-06,0.00037853649596727756,0.6000000000000227,,0.00813,0.0
2019-11-04 05:00:00+00:00,1.8663176446681788e-06,0.8663647180254755,7.0,3.9730575701220805e-06,0.0003596096711689136,0.5,,0.00813,0.0
2019-11-04 06:00:00+00:00,1.7963120067338793e-06,1.0665909941823795,8.0,3.474826842817287e-06,0.00034162918761046794,0.10000000000002274,,0.00813,0.0
2019-11-04 07:00:00+00:00,1.7888842209106338e-06,1.0388717525419195,2.0,3.5518044858129874e-06,0.0003245477282299445,-0.2999999999999545,,0.00813,0.0
2019-11-04 08:00:00+00:00,1.7890581664963052e-06,0.9720483994801293,4.0,3.7533736007005397e-06,0.00030832034181844725,-0.3000000000000682,,0.00813,0.0
2019-11-04 09:00:00+00:00,1.7461581216231627e-06,1.3307145166410146,6.0,3.1563090662473317e-06,0.00029290432472752484,-0.1999999999999318,,0.00813,0.0
2019-11-04 10:00:00+00:00,1.7662335712807265e-06,1.3322326760615202,2.0,3.1933026624878695e-06,0.00027825910849114857,0.2999999999999545,,0.00813,0.0
2019-11-04 11:00:00+00:00,1.736513458570911e-06,1.5196817630262338,5.0,3.130214211608316e-06,0.00026434615306659113,0.10000000000002274,,0.00813,0.0
2019-11-04 12:00:00+00:00,1.687031044362833e-06,1.7100235328491278,7.0,3.026224711469805e-06,0.0002511288454132615,0.10000000000002274,,0.00813,0.0
2019-11-04 13:00:00+00:00,1.7304244543418186e-06,1.7409604270313161,5.0,3.0530394786469423e-06,0.00023857240314259842,0.39999999999997726,,0.00813,0.0
2019-11-04 14:00:00+00:00,1.6771507521584291e-06,1.7425158641256708,5.0,3.1140632112348636e-06,0.00022664378298546846,0.5,,0.00813,0.0
2019-11-04 15:00:00+00:00,1.685651138271136e-06,1.7513939727990693,5.0,3.060259217571998e-06,0.00021531159383619502,0.1999999999999318,,0.00813,0.0
2019-11-04 16:00:00+00:00,1.667811640616541e-06,1.7576358015840512,5.0,3.0732113467972083e-06,0.00020454601414438524,0.20000000000004547,,0.00813,0.0
2019-11-04 17:00:00+00:00,1.664547519005111e-06,1.8038386781586346,6.0,3.1348860450462073e-06,0.00019431871343716594,-0.10000000000002274,,0.00813,0.0
2019-11-04 18:00:00+00:00,1.680836828839221e-06,1.789794114257779,3.0,3.1628236779165975e-06,0.0001846027777653076,-0.39999999999997726,,0.00813,0.0
2019-11-04 19:00:00+00:00,1.737658305332691e-06,1.7688249076552032,3.0,3.045121470755128e-06,0.0001753726388770422,-0.10000000000002274,,0.00813,0.0
2019-11-04 20:00:00+00:00,1.6703938468635182e-06,1.7819344126962156,7.0,3.001224205020815e-06,0.00016660400693319007,0.20000000000004547,0.6323495,0.00813,0.0
2019-11-04 21:00:00+00:00,1.71606862899912e-06,1.7538064088422036,9.0,2.9923823764246654e-06,0.00015827380658653054,-0.0,1.6488813333333334,0.00813,0.0
2019-11-04 22:00:00+00:00,1.7541370887130778e-06,1.7586481589279714,3.0,3.0122327428058363e-06,0.000150360116257204,0.39999999999997726,6.9682580000000005,0.00813,0.0
2019-11-04 23:00:00+00:00,1.2302360899409052e-06,1.736190348173431,9.0,2.1521535519161064e-06,0.0001428421104443438,0.2999999999999545,,0.00813,0.0
2019-11-05 00:00:00+00:00,1.2427789814577242e-06,1.6583100472649106,9.0,2.173034544877585e-06,0.00013570000492212658,0.6000000000000227,,0.00833,0.0
2019-11-05 01:00:00+00:00,1.7850029410097886e-06,1.5505670931137907,6.0,3.1282592034847643e-06,0.00012891500467602024,0.39999999999997726,,0.00833,0.0
2019-11-05 02:00:00+00:00,1.775348588681003e-06,1.502274079677121,6.0,3.1531288699574195e-06,0.00012246925444221922,0.6000000000000227,,0.00833,0.0
2019-11-05 03:00:00+00:00,1.6892921784600063e-06,1.4784445813890355,8.0,3.3445089745789606e-06,0.00011634579172010824,0.6000000000000227,,0.00833,0.0
2019-11-05 04:00:00+00:00,1.7371231871759618e-06,1.5329775943479937,3.0,3.31546779256545e-06,0.00011052850213410282,0.20000000000004547,,0.00833,0.0
2019-11-05 05:00:00+00:00,1.7341080678455697e-06,1.3860186465162512,7.0,3.59006990504221e-06,0.00010500207702739765,-0.10000000000002274,,0.00833,0.0
2019-11-05 06:00:00+00:00,1.7242118794699755e-06,1.4041223606440667,3.0,3.7054157702637372e-06,9.975197317602776e-05,-0.39999999999997726,,0.00833,0.0
2019-11-05 07:00:00+00:00,1.7370084348061386e-06,1.3904427131028338,5.0,3.612285536650427e-06,9.476437451722636e-05,-0.10000000000002274,,0.00833,0.0
2019-11-05 08:00:00+00:00,1.7131659538266504e-06,1.4044683116895473,7.0,3.609639575107773e-06,9.002615579136503e-05,-0.8000000000000682,,0.00833,0.0
2019-11-05 09:00:00+00:00,1.7133144900769201e-06,1.4515836473570216,5.0,3.5741961141858497e-06,8.552484800179677e-05,-0.1999999999999318,,0.00833,0.0
2019-11-05 10:00:00+00:00,1.6927864821056818e-06,1.6977006574322873,7.0,3.3983676259029097e-06,8.124860560170692e-05,0.1999999999999318,,0.00833,0.0
2019-11-05 11:00:00+00:00,1.783658584910429e-06,1.7189231521544703,4.0,3.2566989839768343e-06,7.718617532162156e-05,-0.0,,0.00833,0.0
2019-11-05 12:00:00+00:00,1.8221704713477852e-06,1.7616888978613217,3.0,3.1941842712044438e-06,7.332686655554047e-05,0.40000000000009095,,0.00833,0.0
2019-11-05 13:00:00+00:00,1.8753585390273714e-06,1.7564102766964635,6.0,3.0965209749474495e-06,6.966052322776344e-05,0.6999999999999318,,0.00833,0.0
2019-11-05 14:00:00+00:00,1.7668745662143402e-06,1.6966877478623008,4.0,3.196072015058526e-06,6.617749706637526e-05,0.10000000000002274,,0.00833,0.0
2019-11-05 15:00:00+00:00,1.7970431158508733e-06,1.7072987517759095,12.0,3.271626616245101e-06,6.286862221305649e-05,-0.0,,0.00833,0.0
2019-11-05 16:00:00+00:00,1.7562496792587249e-06,1.806139485265185,1.0,3.240771291777731e-06,5.972519110240366e-05,-0.2999999999999545,,0.00833,0.0
2019-11-05 17:00:00+00:00,1.7320315131262072e-06,1.7389055375113178,7.0,3.310546840243286e-06,5.673893154728347e-05,-0.6000000000000227,,0.00833,0.0
2019-11-05 18:00:00+00:00,1.6951413590344243e-06,1.6116710874155984,3.0,3.5750204494477234e-06,5.3901984969919284e-05,-0.7000000000000455,,0.00833,0.0
2019-11-05 19:00:00+00:00,1.861699589339613e-06,1.1688634887721079,9.0,3.9226701505349175e-06,5.120688572142331e-05,-0.10000000000002274,,0.00833,0.0
2019-11-05 20:00:00+00:00,1.9917425956213876e-06,1.2044531469708384,14.0,3.896722704451742e-06,4.864654143535214e-05,-0.5,,0.00833,0.0
2019-11-05 21:00:00+00:00,1.750351366763648e-06,1.6474878234818124,6.0,3.43957420278888e-06,4.621421436358453e-05,-0.09999999999990905,3.7398724999999997,0.00833,0.0
2019-11-05 22:00:00+00:00,1.7921489903106724e-06,1.465453562650362,8.0,3.625153576634545e-06,4.39035036454053e-05,-0.20000000000004547,,0.00833,0.0
2019-11-05 23:00:00+00:00,1.2818247854070321e-06,1.7626479951177239,6.0,2.36473400090858e-06,4.170832846313503e-05,-0.0,0.6701003333333334,0.00833,0.0
2019-11-06 00:00:00+00:00,1.3261082046200167e-06,1.6755221818707753,11.0,2.446076245782915e-06,3.962291203997827e-05,-0.0,3.755208,0.011199999999999998,0.0
2019-11-06 01:00:00+00:00,1.793859693294204e-06,1.5950250585549803,5.0,3.670472145528129e-06,3.7641766437979354e-05,0.20000000000004547,2.54301225,0.011199999999999998,0.0
2019-11-06 02:00:00+00:00,1.761948133531195e-06,1.6084846986427033,3.0,3.6904535367549834e-06,3.5759678116080386e-05,0.1999999999999318,2.317914,0.011199999999999998,0.0
2019-11-06 03:00:00+00:00,1.7918416367825053e-06,1.7641595131793915,12.0,3.6588026687387025e-06,3.397169421027636e-05,0.5,3.5470370000000004,0.011199999999999998,0.0
2019-11-06 04:00:00+00:00,1.7454125215104153e-06,1.806192916419671,11.0,3.4529899480065596e-06,3.2273109499762536e-05,-0.0,,0.011199999999999998,0.0
2019-11-06 05:00:00+00:00,1.6806778474947577e-06,1.8050757165704263,8.0,3.5278381131064483e-06,3.065945402477441e-05,-0.10000000000002274,,0.011199999999999998,0.0
2019-11-06 06:00:00+00:00,1.7389564020722102e-06,1.8109522948426402,11.0,3.3414728678312667e-06,2.9126481323535684e-05,-0.2999999999999545,,0.011199999999999998,0.0
2019-11-06 07:00:00+00:00,1.7712909986002574e-06,1.7544874982575622,9.0,3.421729316363376e-06,2.7670157257358896e-05,-0.7000000000000455,,0.011199999999999998,0.0
2019-11-06 08:00:00+00:00,1.7872441722713436e-06,1.7747331200154337,5.0,3.3887022667148956e-06,2.628664939449095e-05,-0.5,,0.011199999999999998,0.0
2019-11-06 09:00:00+00:00,1.7732850026155128e-06,1.7320292876584735,3.0,3.3314177681821642e-06,2.4972316924766396e-05,-0.09999999999990905,,0.011199999999999998,0.0
2019-11-06 10:00:00+00:00,1.722884327826612e-06,1.770285038813715,3.0,3.38276062965137e-06,2.3723701078528073e-05,0.09999999999990905,,0.011199999999999998,0.0
2019-11-06 11:00:00+00:00,1.7910299320832344e-06,1.7417742796334323,12.0,3.3929810206710688e-06,2.2537516024601665e-05,-0.1999999999999318,,0.011199999999999998,0.0
2019-11-06 12:00:00+00:00,1.7744219276599523e-06,1.7899260423014514,12.0,3.4128705190091055e-06,2.141064022337158e-05,-0.39999999999997726,,0.011199999999999998,0.0
2019-11-06 13:00:00+00:00,1.7980707733249364e-06,1.7585517951347835,9.0,3.3919203372725892e-06,2.0340108212203e-05,0.09999999999990905,,0.011199999999999998,0.0
2019-11-06 14:00:00+00:00,1.7615230623589978e-06,1.7120838588982348,10.0,3.321959250577148e-06,1.932310280159285e-05,-0.0,,0.011199999999999998,0.0
2019-11-06 15:00:00+00:00,1.8327828516078903e-06,1.8023636749428873,12.0,3.216093886751027e-06,1.83569476615132e-05,-0.1999999999999318,,0.011199999999999998,0.0
2019-11-06 16:00:00+00:00,1.818091774135729e-06,1.7739100054405708,3.0,3.285966533959625e-06,1.7439100278437538e-05,-0.0,,0.011199999999999998,0.0
2019-11-06 17:00:00+00:00,1.7776290048477397e-06,1.7649088346759998,11.0,3.321123926651419e-06,1.656714526451566e-05,-0.20000000000004547,,0.011199999999999998,0.0
2019-11-06 18:00:00+00:00,1.7446957326282551e-06,1.720999407072241,7.0,3.3663181054774257e-06,1.5738788001289875e-05,-0.10000000000002274,,0.011199999999999998,0.0
2019-11-06 19:00:00+00:00,1.730201071822845e-06,1.7736228136036243,9.0,3.33270560032666e-06,1.4951848601225381e-05,-0.1999999999999318,,0.011199999999999998,0.0
2019-11-06 20:00:00+00:00,1.7620123901398575e-06,1.7995559014357612,8.0,3.3871111170190575e-06,1.4204256171164112e-05,-0.5,,0.011199999999999998,0.0
2019-11-06 21:00:00+00:00,1.7460336169972787e-06,1.786368073492053,13.0,3.4200691413724936e-06,1.3494043362605903e-05,-0.6000000000000227,,0.011199999999999998,0.0
2019-11-06 22:00:00+00:00,1.6991372680275646e-06,1.8899456974844393,6.0,3.368109688563996e-06,1.2819341194475607e-05,-0.10000000000002274,,0.011199999999999998,0.0
2019-11-06 23:00:00+00:00,1.183462016153749e-06,1.8114922689938961,6.0,2.3662727878483477e-06,1.2178374134751824e-05,0.10000000000002274,,0.011199999999999998,0.0
2019-11-07 00:00:00+00:00,1.2191468634404653e-06,1.7438123726889183,15.0,2.3676714490900005e-06,1.1569455428014232e-05,0.7000000000000455,,0.01276,0.0
2019-11-07 01:00:00+00:00,1.7058430430401725e-06,1.7687001199087493,17.0,3.4429080771144397e-06,1.099098265661352e-05,-0.0,,0.01276,0.0
2019-11-07 02:00:00+00:00,1.6616074609207994e-06,1.7704323533793138,4.0,3.5358851043993147e-06,1.0441433523782842e-05,0.2999999999999545,,0.01276,0.0
2019-11-07 03:00:00+00:00,1.6299470693358975e-06,1.8356782086159036,3.0,3.394130941768899e-06,9.919361847593699e-06,0.2999999999999545,,0.01276,0.0
2019-11-07 04:00:00+00:00,1.6293506535296318e-06,1.8429176228225883,8.0,3.4261400707765945e-06,9.423393755214013e-06,-0.0,,0.01276,0.0
2019-11-07 05:00:00+00:00,1.6564770236621726e-06,1.8041613360223525,5.0,3.55723710220144e-06,8.95222406745331e-06,0.10000000000002274,,0.01276,1.0
2019-11-07 06:00:00+00:00,1.66252481940008e-06,1.8123747055646395,10.0,3.3709091576282776e-06,8.504612864080643e-06,-0.1999999999999318,,0.01276,0.0
2019-11-07 07:00:00+00:00,1.6745522017757515e-06,1.7958541703042734,8.0,3.42628970857131e-06,8.07938222087661e-06,-0.20000000000004547,,0.01276,0.0
2019-11-07 08:00:00+00:00,1.6924947778557575e-06,1.7789354659878407,11.0,3.350520651061878e-06,7.675413109832778e-06,-0.5,,0.01276,0.0
2019-11-07 09:00:00+00:00,1.6927308948328584e-06,1.8109742000875155,7.0,3.2878457335654846e-06,7.291642454341138e-06,-0.39999999999997726,,0.01276,0.0
2019-11-07 10:00:00+00:00,1.6744997120595365e-06,1.7933420211713995,4.0,3.4006839051058396e-06,6.92706033162408e-06,-0.10000000000002274,,0.01276,0.0
2019-11-07 11:00:00+00:00,1.67955891560987e-06,1.7848556283884627,6.0,3.4468067154762698e-06,6.580707315042875e-06,0.10000000000002274,,0.01276,0.0
2019-11-07 12:00:00+00:00,1.717711538908491e-06,1.7522246838763882,16.0,3.3060060683199737e-06,6.25167194929073e-06,-0.39999999999997726,,0.01276,0.0
2019-11-07 13:00:00+00:00,1.7506266684855855e-06,1.795794987197313,9.0,3.362266383919241e-06,5.939088351826193e-06,0.2999999999999545,,0.01276,0.0
2019-11-07 14:00:00+00:00,1.7688310321652883e-06,1.775466499649576,8.0,3.438881026037361e-06,5.6421339342348825e-06,0.39999999999997726,,0.01276,0.0
2019-11-07 15:00:00+00:00,1.7788872687741024e-06,1.8049711926563956,11.0,3.4741567288215244e-06,5.360027237523138e-06,0.20000000000004547,,0.01276,0.0
2019-11-07 16:00:00+00:00,1.7825361967068419e-06,1.7563053458848488,9.0,3.4959509789998287e-06,5.09202587564698e-06,-0.3000000000000682,,0.01276,0.0
2019-11-07 17:00:00+00:00,1.7008916508199797e-06,1.767168977259555,13.0,3.5610558782963424e-06,4.837424581864631e-06,-0.1999999999999318,,0.01276,0.0
2019-11-07 18:00:00+00:00,1.7394971791839695e-06,1.7313808869101555,12.0,3.4471098423590436e-06,4.595553352771399e-06,-0.6000000000000227,,0.01276,0.0
2019-11-07 19:00:00+00:00,1.7278132492954543e-06,1.7581163497956103,11.0,3.3910083986436324e-06,4.365775685132828e-06,-0.2999999999999545,,0.01276,0.0
2019-11-07 20:00:00+00:00,1.6982622529662513e-06,1.7897732819868661,8.0,3.385579092265057e-06,4.147486900876186e-06,-0.6000000000000227,1.275116,0.01276,0.0
2019-11-07 21:00:00+00:00,1.682174037120561e-06,1.749624372079337,6.0,3.415170686441261e-06,3.940112555832376e-06,-0.3000000000000682,,0.01276,1.0
2019-11-07 22:00:00+00:00,1.7074771869850417e-06,1.733303712937215,7.0,3.4103910563618564e-06,3.743106928040757e-06,0.20000000000004547,,0.01276,0.0
2019-11-07 23:00:00+00:00,1.1180357605517291e-06,1.7471825186545082,10.0,2.575758156283167e-06,3.5559515816387187e-06,0.2999999999999545,,0.01276,0.0
2019-11-08 00:00:00+00:00,1.1014472472086809e-06,1.7081107451446618,15.0,2.5844394978225776e-06,3.3781540025567826e-06,1.0,,0.01559,0.0
2019-11-08 01:00:00+00:00,1.5980525623016831e-06,1.7575424204427612,13.0,3.593688473726587e-06,3.209246302428943e-06,-0.0,,0.01559,0.0
2019-11-08 02:00:00+00:00,1.6529302162707687e-06,1.8170127529565414,10.0,3.727496101061341e-06,3.048783987307496e-06,0.3000000000000682,,0.01559,0.0
2019-11-08 03:00:00+00:00,1.8099136147880895e-06,1.8283075356203538,3.0,3.556918115872736e-06,2.896344787942121e-06,0.6000000000000227,,0.01559,0.0
2019-11-08 04:00:00+00:00,1.7736228868768947e-06,1.7958145864928863,10.0,3.5751424354518143e-06,2.7515275485450147e-06,-0.20000000000004547,,0.01559,0.0
2019-11-08 05:00:00+00:00,1.6440166479080773e-06,1.7709147623943597,8.0,3.522977153831226e-06,2.6139511711177633e-06,0.20000000000004547,,0.01559,0.0
2019-11-08 06:00:00+00:00,1.60537929020178e-06,1.7685808296931358,10.0,3.5313130985690023e-06,2.483253612561875e-06,-0.40000000000009095,,0.01559,0.0
2019-11-08 07:00:00+00:00,1.5809744072846077e-06,1.759553746699244,6.0,3.4035829158829915e-06,2.359090931933781e-06,-0.39999999999997726,,0.01559,0.0
2019-11-08 08:00:00+00:00,1.5449141608874823e-06,1.7455813125167239,11.0,3.5414300221776062e-06,2.2411363853370918e-06,-0.8999999999999773,,0.01559,0.0
2019-11-08 09:00:00+00:00,1.596025226944724e-06,1.8238746456493746,4.0,3.5425974407351088e-06,2.129079566070237e-06,-0.39999999999997726,,0.01559,0.0
2019-11-08 10:00:00+00:00,1.5686293852858479e-06,1.8018906912426749,10.0,3.497683330974294e-06,2.022625587766725e-06,-0.20000000000004547,,0.01559,0.0
2019-11-08 11:00:00+00:00,1.6156407746704532e-06,1.7779096564767816,7.0,3.3678794250786087e-06,1.9214943083783885e-06,0.39999999999997726,,0.01559,0.0
2019-11-08 12:00:00+00:00,1.5830071683071533e-06,1.7782356146138678,14.0,3.322348622776902e-06,1.8254195929594688e-06,0.20000000000004547,,0.01559,0.0
2019-11-08 13:00:00+00:00,1.5671207872456047e-06,1.813631877499714,12.0,3.53587880606484e-06,1.7341486133114952e-06,0.2999999999999545,,0.01559,0.0
2019-11-08 14:00:00+00:00,1.5730229553686662e-06,1.8603285544368042,7.0,3.52096434415296e-06,1.6474411826459202e-06,0.5,,0.01559,0.0
2019-11-08 15:00:00+00:00,1.590949927944128e-06,1.8079300470701156,7.0,3.4235116142206177e-06,1.565069123513624e-06,0.20000000000004547,,0.01559,0.0
2019-11-08 16:00:00+00:00,1.5967571949040347e-06,1.8241939205119977,9.0,3.5544644408117597e-06,1.4868156673379427e-06,-0.0,,0.01559,0.0
2019-11-08 17:00:00+00:00,1.6097922988719216e-06,1.6836558302469562,11.0,3.5608927331760747e-06,1.4124748839710454e-06,-0.2999999999999545,,0.01559,0.0
2019-11-08 18:00:00+00:00,1.5769870701161608e-06,1.7288146889206726,11.0,3.357624435968653e-06,1.3418511397724931e-06,-0.20000000000004547,,0.01559,0.0
2019-11-08 19:00:00+00:00,1.5575392793402269e-06,1.7892240721746895,3.0,3.489050922552541e-06,1.2747585827838682e-06,-0.20000000000004547,,0.01559,0.0
2019-11-08 20:00:00+00:00,1.5928671204225405e-06,1.727113654656706,9.0,3.4497801157950344e-06,1.2110206536446746e-06,-0.2999999999999545,,0.01559,0.0
2019-11-08 21:00:00+00:00,1.5742915246433322e-06,1.7094012258611764,8.0,3.430339329569593e-06,1.1504696209624407e-06,0.20000000000004547,,0.01559,0.0
2019-11-08 22:00:00+00:00,1.6545448279375298e-06,1.67989912121803,6.0,3.532560927451627e-06,1.0929461399143184e-06,0.39999999999997726,,0.01559,0.0
2019-11-08 23:00:00+00:00,1.1717549902301464e-06,1.6754072737700287,11.0,2.6139021597674965e-06,1.0382988329186024e-06,0.5,,0.01559,0.0
2019-11-09 00:00:00+00:00,1.0980233447754372e-06,1.6058768059737314,15.0,2.4999063504850224e-06,9.863838912726723e-07,0.5,,0.013850000000000001,0.0
2019-11-09 01:00:00+00:00,1.5581440303590433e-06,1.646026528331597,6.0,3.6423931825202575e-06,0.005000937064696722,0.5,,0.013850000000000001,0.0
2019-11-09 02:00:00+00:00,1.5860678133711308e-06,1.656298904643144,12.0,3.6192381610396774e-06,0.009750890211461898,0.6000000000000227,,0.013850000000000001,0.0
2019-11-09 03:00:00+00:00,1.6216088417114872e-06,1.6954483486743142,4.0,3.719896501993548e-06,0.009263345700888803,1.099999999999909,,0.013850000000000001,0.0
2019-11-09 04:00:00+00:00,1.6058352645139848e-06,1.6509031820828124,14.0,3.727389865691702e-06,0.008800178415844361,0.3000000000000682,,0.013850000000000001,0.0
2019-11-09 05:00:00+00:00,1.5531472314435244e-06,1.6388971084695818,6.0,3.7791954047041135e-06,0.008360169495052142,0.2999999999999545,,0.013850000000000001,0.0
2019-11-09 06:00:00+00:00,1.6179633113283335e-06,1.6669714004309346,5.0,3.882530822774375e-06,0.007942161020299534,-0.0,,0.013850000000000001,0.0
2019-11-09 07:00:00+00:00,1.6308577918280476e-06,1.5727409407808988,5.0,3.932166893439213e-06,0.007545052969284557,-0.2999999999999545,,0.013850000000000001,0.0
2019-11-09 08:00:00+00:00,1.6056138675437707e-06,1.403485477870733,12.0,3.998053304476958e-06,0.012167800320820342,-0.10000000000002274,,0.013850000000000001,0.0
2019-11-09 09:00:00+00:00,1.5682959410157308e-06,1.3322549063557105,14.0,4.082701556395368e-06,0.011559410304779322,-0.0,,0.013850000000000001,0.0
2019-11-09 10:00:00+00:00,1.5325347023962168e-06,1.4150569360778527,6.0,4.029401731568244e-06,0.010981439789540354,0.6000000000000227,,0.013850000000000001,0.0
2019-11-09 11:00:00+00:00,1.5635890618695864e-06,1.4020550853483102,8.0,3.969875402180066e-06,0.010432367800063335,0.6999999999999318,,0.013850000000000001,0.0
2019-11-09 12:00:00+00:00,1.5774753473165641e-06,1.3575776542717968,8.0,4.29322349307394e-06,0.009910749410060166,1.0,,0.013850000000000001,0.0
2019-11-09 13:00:00+00:00,1.602147398008695e-06,1.4314450667478902,9.0,4.2368938800918386e-06,0.009415211939557156,0.900000000000091,,0.013850000000000001,0.0
2019-11-09 14:00:00+00:00,1.6375070360553042e-06,1.4763133521751046,3.0,4.362923811093213e-06,0.008944451342579297,0.8999999999999773,,0.013850000000000001,1.0
2019-11-09 15:00:00+00:00,1.60385935693242e-06,1.4240368596511352,6.0,4.419310012164523e-06,0.008497228775450331,0.7999999999999545,,0.013850000000000001,0.0
2019-11-09 16:00:00+00:00,1.6324619753920776e-06,1.2494981016464217,9.0,5.035495195485624e-06,0.053072367336677924,1.1000000000000227,,0.013850000000000001,0.0
2019-11-09 17:00:00+00:00,1.6528626005465945e-06,0.9959794566899701,5.0,5.876665546499694e-06,0.11541874896984418,0.7000000000000455,,0.013850000000000001,0.0
2019-11-09 18:00:00+00:00,1.8104914801208912e-06,0.8459279265950883,2.0,7.162931033065449e-06,0.22464781152135224,0.5,,0.013850000000000001,0.0
2019-11-09 19:00:00+00:00,1.8486063157473843e-06,0.8621130749252104,5.0,7.186050398586154e-06,0.23341542094528464,0.2999999999999545,,0.013850000000000001,0.0
2019-11-09 20:00:00+00:00,1.9223819999667103e-06,0.8434110302565969,6.0,7.444074903523917e-06,0.2317446498980204,0.20000000000004547,,0.013850000000000001,0.0
2019-11-09 21:00:00+00:00,2.0141141492830275e-06,0.8132543446218965,5.0,8.075082718292598e-06,0.23515741740311938,0.1999999999999318,,0.013850000000000001,0.0
2019-11-09 22:00:00+00:00,1.9642516388618667e-06,0.8621302191258313,9.0,7.329533751156779e-06,0.24839954653296345,0.7000000000000455,,0.013850000000000001,0.0
2019-11-09 23:00:00+00:00,1.3750298071540691e-06,0.8483572962740249,6.0,5.08713014668762e-06,0.24597956920631525,1.0,,0.013850000000000001,0.0
2019-11-10 00:00:00+00:00,1.337928309366846e-06,0.8981615292101083,9.0,4.734588658314806e-06,0.23868059074599948,0.5,,0.015370000000000002,0.0
2019-11-10 01:00:00+00:00,2.0168613674900508e-06,0.8736384371051865,8.0,7.232424533892647e-06,0.23674656120869952,0.8999999999999773,,0.015370000000000002,0.0
2019-11-10 02:00:00+00:00,1.775079930762605e-06,1.1093511812326744,6.0,5.292587117384999e-06,0.2449092331482646,0.7000000000000455,,0.015370000000000002,0.0
2019-11-10 03:00:00+00:00,1.7129440763553392e-06,1.5334436329606465,7.0,4.316435297354789e-06,0.28766377149085154,1.2999999999999545,,0.015370000000000002,0.0
2019-11-10 04:00:00+00:00,1.6733493137145868e-06,1.4989887921468128,5.0,4.222432785265827e-06,0.288280582916309,0.8999999999999773,,0.015370000000000002,0.0
2019-11-10 05:00:00+00:00,1.701928144676282e-06,1.3039542414395855,3.0,4.660802724023396e-06,0.2788665537704935,0.8000000000000682,,0.015370000000000002,0.0
2019-11-10 06:00:00+00:00,1.726729686498257e-06,1.299382425657853,6.0,4.733180168212244e-06,0.27492322608196884,0.1999999999999318,,0.015370000000000002,0.0
2019-11-10 07:00:00+00:00,1.734741291248313e-06,1.3119205602258919,10.0,4.659911590910612e-06,0.2711770647778704,-0.10000000000002274,,0.015370000000000002,0.0
2019-11-10 08:00:00+00:00,1.829646207511904e-06,1.1411020444907822,5.0,5.697047596389788e-06,0.2776182115389769,0.20000000000004547,,0.015370000000000002,0.0
2019-11-10 09:00:00+00:00,1.8565150395832812e-06,0.9643685702302269,6.0,6.251681350109355e-06,0.3137373009620281,0.2999999999999545,,0.015370000000000002,0.0
2019-11-10 10:00:00+00:00,1.698696966610665e-06,1.3293404641122724,7.0,4.637335129318725e-06,0.3980504359139269,0.7000000000000455,,0.015370000000000002,0.0
2019-11-10 11:00:00+00:00,1.628598578737666e-06,1.5133732437626233,7.0,4.16784912738378e-06,0.3781479141182305,1.3999999999999773,,0.015370000000000002,0.0
2019-11-10 12:00:00+00:00,1.6742592162125092e-06,1.2830667194596328,6.0,4.706972177028329e-06,0.369240518412319,-0.2999999999999545,,0.015370000000000002,0.0
2019-11-10 13:00:00+00:00,1.679940438438541e-06,1.317727066922102,8.0,4.5730481213051085e-06,0.3907784924917031,1.2999999999999545,,0.015370000000000002,0.0
2019-11-10 14:00:00+00:00,1.646307276247778e-06,1.5079419141475798,3.0,4.309463945348552e-06,0.39623956786711795,0.8999999999999773,,0.015370000000000002,0.0
2019-11-10 15:00:00+00:00,1.5809683979448714e-06,1.8228177984077794,3.0,3.866488539275472e-06,0.39142758947376205,-0.2999999999999545,,0.015370000000000002,0.0
2019-11-10 16:00:00+00:00,1.5964895755547596e-06,1.5118536785597394,5.0,3.930102530343433e-06,0.3868562100000739,-0.39999999999997726,,0.015370000000000002,0.0
2019-11-10 17:00:00+00:00,1.6070924883419086e-06,1.7136914751887717,8.0,3.873840894432388e-06,0.39751339950007025,-0.7000000000000455,,0.015370000000000002,0.0
2019-11-10 18:00:00+00:00,1.6037100247522975e-06,1.4652215839132496,6.0,3.878488454406936e-06,0.3876377295250667,-1.0,,0.015370000000000002,0.0
2019-11-10 19:00:00+00:00,1.5815238646506358e-06,1.6537787235304326,4.0,3.646863515898995e-06,0.3732558430488133,-0.7999999999999545,,0.015370000000000002,1.0
2019-11-10 20:00:00+00:00,1.5929327994070805e-06,1.6462782258338464,4.0,3.6299296572787476e-06,0.3545930508963726,-0.7000000000000455,,0.015370000000000002,0.0
2019-11-10 21:00:00+00:00,1.611709746972891e-06,1.805654898263489,2.0,3.7505670279913018e-06,0.33686339835155393,-0.5,3.436111,0.015370000000000002,0.0
2019-11-10 22:00:00+00:00,1.5784135588021506e-06,1.7662551739209202,3.0,3.517828716102648e-06,0.3200202284339762,-0.10000000000002274,,0.015370000000000002,0.0
2019-11-10 23:00:00+00:00,1.0739616517502278e-06,1.9397698392059137,5.0,2.472952469277769e-06,0.30401921701227735,-0.1999999999999318,0.185417,0.015370000000000002,0.0
2019-11-11 00:00:00+00:00,1.092686079840716e-06,1.8509996747989217,7.0,2.4910468366397454e-06,0.28881825616166346,0.6000000000000227,,0.01588,0.0
2019-11-11 01:00:00+00:00,1.5710684148033073e-06,1.8153126343580832,4.0,3.65566168410169e-06,0.27437734335358027,0.1999999999999318,,0.01588,0.0
2019-11-11 02:00:00+00:00,1.569402850583408e-06,1.8418664443375476,5.0,3.5594495422990303e-06,0.2606584761859012,0.6000000000000227,,0.01588,0.0
2019-11-11 03:00:00+00:00,1.5841510040747015e-06,1.836876860397967,6.0,3.5313228209101887e-06,0.24762555237660613,0.39999999999997726,,0.01588,0.0
2019-11-11 04:00:00+00:00,1.5826436186180784e-06,1.8450617526195092,6.0,3.5331121946469414e-06,0.24524427475777583,0.20000000000004547,,0.01588,0.0
2019-11-11 05:00:00+00:00,1.6481737465686156e-06,1.97028060923729,5.0,3.870183365090449e-06,0.2579820610198871,-0.10000000000002274,,0.01588,0.0
2019-11-11 06:00:00+00:00,1.630817623443874e-06,1.8628132882606199,2.0,3.7145652488405575e-06,0.29508295796889283,-0.10000000000002274,,0.01588,0.0
2019-11-11 07:00:00+00:00,1.6390294545098353e-06,1.6813151595583342,4.0,3.8798566814646626e-06,0.3503288100704483,-0.5,,0.01588,0.0
2019-11-11 08:00:00+00:00,1.5815145353571996e-06,1.6601511232576887,4.0,3.927511755699388e-06,0.43781236956692615,-0.2999999999999545,,0.01588,0.0
2019-11-11 09:00:00+00:00,1.61397577076692e-06,1.960846611017816,3.0,3.909820432954798e-06,0.48592175108858,-0.10000000000002274,,0.01588,0.0
2019-11-11 10:00:00+00:00,1.5746218601656358e-06,1.8929504267840462,4.0,3.6221088711376184e-06,0.5166256635341511,-0.10000000000002274,,0.01588,0.0
2019-11-11 11:00:00+00:00,1.5602505451293493e-06,1.9662708678130054,5.0,3.7431988716699724e-06,0.5207943803574435,-0.10000000000002274,,0.01588,0.0
2019-11-11 12:00:00+00:00,1.5698554046067767e-06,1.928099509091657,6.0,3.810789489288549e-06,0.5047546613395713,-0.1999999999999318,,0.01588,0.0
2019-11-11 13:00:00+00:00,1.6141289506936183e-06,1.6585071722615556,5.0,4.072843167857171e-06,0.4795169282725926,-0.5,,0.01588,0.0
2019-11-11 14:00:00+00:00,1.605238798145129e-06,1.3558659887339617,6.0,4.100526665452835e-06,0.4555410818589629,-0.6000000000000227,,0.01588,0.0
2019-11-11 15:00:00+00:00,1.6364567167482734e-06,1.2676557777590354,3.0,4.49280389157667e-06,0.4377640277660147,-0.5,,0.01588,0.0
2019-11-11 16:00:00+00:00,1.6186380872866493e-06,1.3202396529071128,0.0,4.3966560252840235e-06,0.4208758263777139,-0.8999999999999773,,0.01588,0.0
2019-11-11 17:00:00+00:00,1.5640749042310897e-06,1.5090376851752867,4.0,4.20331536200012e-06,0.4048320350588282,-0.8999999999999773,,0.01588,0.0
2019-11-11 18:00:00+00:00,1.5589958297224277e-06,1.620844771383158,6.0,3.957880890783299e-06,0.3845904333058867,-1.1000000000000227,,0.01588,0.0
2019-11-11 19:00:00+00:00,1.6174356603001058e-06,1.7948126510140474,3.0,4.057192792888126e-06,0.3653609116405923,-0.8999999999999773,,0.01588,0.0
2019-11-11 20:00:00+00:00,1.5699298724829442e-06,1.8719600649467918,5.0,3.7191694334772284e-06,0.34709286605856265,-0.8000000000000682,2.408754090909091,0.01588,0.0
2019-11-11 21:00:00+00:00,1.5091891918061966e-06,1.893304866345688,7.0,3.536336551420945e-06,0.32973822275563447,-0.6000000000000227,1.9719081428571428,0.01588,0.0
2019-11-11 22:00:00+00:00,1.4130280205451183e-06,1.768041886260715,8.0,3.2536418543974034e-06,0.3132513116178527,-0.2999999999999545,2.623021727272727,0.01588,0.0
2019-11-11 23:00:00+00:00,1.033210966228774e-06,1.8821966810495347,10.0,2.381222601466743e-06,0.29758874603696,-0.20000000000004547,0.084491,0.01588,0.0
2019-11-12 00:00:00+00:00,1.0772191149122593e-06,1.871906089549667,6.0,2.5222528904529195e-06,0.28270930873511196,-0.0,2.825116,0.01793,0.0
2019-11-12 01:00:00+00:00,1.4314172646026564e-06,1.6862417507285004,5.0,3.47875557989893e-06,0.2685738432983563,-0.0,5.504369166666667,0.01793,0.0
2019-11-12 02:00:00+00:00,1.5166844495001588e-06,1.58517300071074,4.0,3.776091776294436e-06,0.2551451511334385,-0.1999999999999318,9.800723375,0.01793,0.0
2019-11-12 03:00:00+00:00,1.4686007033903506e-06,1.751579698977037,4.0,3.3976515575584103e-06,0.2723878935767666,-0.20000000000004547,7.065972,0.01793,0.0
2019-11-12 04:00:00+00:00,1.4812973662384642e-06,1.4405285711837508,3.0,3.8339734993259575e-06,0.26376849889792825,-0.39999999999997726,,0.01793,0.0
2019-11-12 05:00:00+00:00,1.4863107247202103e-06,1.752272082162695,5.0,3.474232415421683e-06,0.25058007395303183,-0.6000000000000227,,0.01793,0.0
2019-11-12 06:00:00+00:00,1.4558109164350193e-06,1.8209320570377654,12.0,3.2820348463710903e-06,0.23805107025538022,-0.8999999999999773,,0.01793,0.0
2019-11-12 07:00:00+00:00,1.43855121501582e-06,1.8080368000805531,7.0,3.304470087897087e-06,0.2311485167426112,-0.7000000000000455,,0.01793,0.0
2019-11-12 08:00:00+00:00,1.5236300492851631e-06,1.8211585285616916,5.0,3.503402644300595e-06,0.21959109090548062,-0.39999999999997726,,0.01793,0.0
2019-11-12 09:00:00+00:00,1.5896185652483222e-06,1.8980279962497058,5.0,3.7787648501981302e-06,0.20861153636020655,-0.6999999999999318,,0.01793,0.0
2019-11-12 10:00:00+00:00,1.572349244532083e-06,1.8910940606288416,4.0,3.575994858080901e-06,0.1981809595421962,-0.40000000000009095,,0.01793,0.0
2019-11-12 11:00:00+00:00,1.5755582016705624e-06,2.003917645249263,3.0,3.7295012494811996e-06,0.18827191156508635,-0.09999999999990905,,0.01793,0.0
2019-11-12 12:00:00+00:00,1.5218714508645945e-06,1.9284630619455232,3.0,3.582547897634967e-06,0.17885831598683202,-0.3000000000000682,,0.01793,0.0
2019-11-12 13:00:00+00:00,1.5444674840431311e-06,1.9866782767781574,2.0,3.661323262077811e-06,0.1699154001874904,-0.10000000000002274,,0.01793,0.0
2019-11-12 14:00:00+00:00,1.5628337018261617e-06,1.9703098042362865,5.0,3.6952573549517475e-06,0.16141963017811586,-0.0,,0.01793,0.0
2019-11-12 15:00:00+00:00,1.5568293924058253e-06,1.9310361465480534,5.0,3.749944298218149e-06,0.15334864866921005,0.10000000000002274,,0.01793,0.0
2019-11-12 16:00:00+00:00,1.583455723879214e-06,1.9670887691192942,5.0,3.899041117077412e-06,0.14568121623574953,-0.10000000000002274,,0.01793,0.0
2019-11-12 17:00:00+00:00,1.613461206177307e-06,1.9353745584837814,2.0,4.065323651808898e-06,0.13839715542396203,-0.2999999999999545,,0.01793,0.0
2019-11-12 18:00:00+00:00,1.6043999453940469e-06,2.0367951693387187,4.0,3.7913415830709595e-06,0.1314772976527639,-0.6000000000000227,,0.01793,0.0
2019-11-12 19:00:00+00:00,1.6130328526028444e-06,2.017161179974196,3.0,3.8120867201943966e-06,0.12490343277012568,-0.2999999999999545,,0.01793,0.0
2019-11-12 20:00:00+00:00,1.6137342314158649e-06,2.092591778949592,2.0,3.929160996026132e-06,0.11865826113161937,-0.0,,0.01793,0.0
2019-11-12 21:00:00+00:00,1.5900128574084897e-06,2.061294073455301,3.0,3.808580499624523e-06,0.1127253480750384,-0.20000000000004547,2.9182295,0.01793,0.0
2019-11-12 22:00:00+00:00,1.5769802936981263e-06,1.9307939136560108,5.0,3.7456400398281173e-06,0.10708908067128646,0.10000000000002274,4.0324847,0.01793,0.0
2019-11-12 23:00:00+00:00,1.1252488030493515e-06,1.8562917218342714,2.0,2.7192228176395885e-06,0.10173462663772213,0.2999999999999545,2.416522125,0.01793,0.0
2019-11-13 00:00:00+00:00,1.1062403055901682e-06,1.8150593945521152,7.0,2.772196905513229e-06,0.09664789530583602,0.40000000000009095,9.604514,0.01549,0.0
2019-11-13 01:00:00+00:00,1.5170537713813245e-06,1.8032920255921348,5.0,3.611459843214111e-06,0.09181550054054421,0.2999999999999545,,0.01549,0.0
2019-11-13 02:00:00+00:00,1.552327898381382e-06,1.9357908632471297,6.0,3.753498943427026e-06,0.087224725513517,0.39999999999997726,,0.01549,0.0
2019-11-13 03:00:00+00:00,1.5819702169456102e-06,1.9269479056951717,4.0,3.877085975639619e-06,0.08286348923784113,0.39999999999997726,,0.01549,0.0
2019-11-13 04:00:00+00:00,1.6209880595503658e-06,1.9192575994968841,4.0,3.8969248856014335e-06,0.07872031477594907,0.20000000000004547,,0.01549,0.0
2019-11-13 05:00:00+00:00,1.6272061761482314e-06,1.7959336161681378,5.0,4.0722442208154704e-06,0.0747842990371516,0.10000000000002274,,0.01549,0.0
2019-11-13 06:00:00+00:00,1.627158045290242e-06,1.7983049100144914,4.0,4.047968362893793e-06,0.071045084085294,-0.10000000000002274,,0.01549,0.0
2019-11-13 07:00:00+00:00,1.621345712968112e-06,1.8473655589341735,2.0,3.890179916449782e-06,0.0674928298810293,-0.20000000000004547,,0.01549,0.0
2019-11-13 08:00:00+00:00,1.6310015432938714e-06,1.8954206869791828,4.0,3.919115813794561e-06,0.06411818838697782,-0.09999999999990905,,0.01549,0.0
2019-11-13 09:00:00+00:00,1.603280384604531e-06,1.9427078857021804,4.0,3.867777736691129e-06,0.060912278967628915,-0.0,,0.01549,0.0
2019-11-13 10:00:00+00:00,1.6328814188821797e-06,1.8853364233024663,4.0,3.9281921963948664e-06,0.05786666501924746,0.1999999999999318,,0.01549,0.0
2019-11-13 11:00:00+00:00,1.6268430890034872e-06,1.8878570026518278,1.0,3.7557396235162252e-06,0.05497333176828509,0.6000000000000227,,0.01549,0.0
2019-11-13 12:00:00+00:00,1.6018881173836844e-06,1.8893807801304678,2.0,3.8117640976372633e-06,0.05222466517987083,0.7000000000000455,,0.01549,0.0
2019-11-13 13:00:00+00:00,1.6557238591507983e-06,1.9635941268500645,5.0,4.013525810542798e-06,0.049613431920877284,0.39999999999997726,,0.01549,0.0
2019-11-13 14:00:00+00:00,1.6297840897400614e-06,1.9336039233632685,2.0,3.962892612911961e-06,0.04713276032483341,0.6999999999999318,,0.01549,0.0
2019-11-13 15:00:00+00:00,1.600439050065938e-06,1.8567871850078905,4.0,3.81985382198539e-06,0.04477612230859174,0.5,,0.01549,0.0
2019-11-13 16:00:00+00:00,1.5916036318130446e-06,1.9075763018698886,2.0,3.878273447279517e-06,0.042537316193162145,0.5,,0.01549,0.0
2019-11-13 17:00:00+00:00,1.6408189688438886e-06,1.8352094042199802,4.0,4.169677995889776e-06,0.040410450383504035,0.3000000000000682,,0.01549,0.0
2019-11-13 18:00:00+00:00,1.6360353351058963e-06,1.7339728076369159,7.0,4.161708717990997e-06,0.04338992786432884,-0.3000000000000682,,0.01549,0.0
2019-11-13 19:00:00+00:00,1.7500802376170364e-06,1.2133957069319818,6.0,5.7106333556024115e-06,0.046220431471112405,-0.0,,0.01549,0.0
2019-11-13 20:00:00+00:00,1.7721782398282465e-06,1.125705377594492,8.0,5.764142064925521e-06,0.048909409897556794,0.20000000000004547,,0.01549,0.0
2019-11-13 21:00:00+00:00,1.7145715363642982e-06,1.4173255603511048,5.0,4.6907787692327795e-06,0.11646393940267911,0.10000000000002274,,0.01549,0.0
2019-11-13 22:00:00+00:00,1.6924425549613062e-06,1.4602371518932247,2.0,4.571579494381905e-06,0.18564074243254533,0.6000000000000227,,0.01549,0.0
2019-11-13 23:00:00+00:00,1.2060209516149477e-06,1.645399394610629,3.0,3.0697876587329352e-06,0.2013587053109181,0.5,,0.01549,0.0
2019-11-14 00:00:00+00:00,1.178057966431228e-06,1.8560888668926934,12.0,2.6371615355242196e-06,0.21129077004537225,0.39999999999997726,,0.01269,0.0
2019-11-14 01:00:00+00:00,1.696880564549207e-06,1.934407561734605,1.0,3.947137558265089e-06,0.2007262315431036,-0.10000000000002274,3.2704282,0.01269,0.0
2019-11-14 02:00:00+00:00,1.6431297944973378e-06,1.91016371145403,5.0,3.85284301968151e-06,0.1906899199659484,0.2999999999999545,4.0700231,0.01269,0.0
2019-11-14 03:00:00+00:00,1.6480059911187637e-06,1.9185341458359655,2.0,3.7659817200136273e-06,0.18115542396765094,0.5,3.055131,0.01269,0.0
2019-11-14 04:00:00+00:00,1.6331639690186971e-06,1.885475236846928,3.0,3.791913249988659e-06,0.17209765276926836,0.10000000000002274,,0.01269,0.0
2019-11-14 05:00:00+00:00,1.5838849141125682e-06,1.858016158673278,3.0,3.663113189377222e-06,0.16349277013080493,0.20000000000004547,,0.01269,0.0
2019-11-14 06:00:00+00:00,1.5932722511836563e-06,1.7195185581436954,6.0,3.843766059782005e-06,0.15531813162426467,-0.6000000000000227,,0.01269,0.0
2019-11-14 07:00:00+00:00,1.5728586970502786e-06,1.5679637657262175,0.0,3.901102353570839e-06,0.14755222504305143,-0.0,,0.01269,0.0
2019-11-14 08:00:00+00:00,1.578482029661582e-06,1.7480718590108415,5.0,3.7915518028961068e-06,0.14017461379089882,-0.7999999999999545,,0.01269,0.0
2019-11-14 09:00:00+00:00,1.5966520321449987e-06,1.9114596397957164,7.0,3.731302657517701e-06,0.13316588310135385,-0.6000000000000227,,0.01269,0.0
2019-11-14 10:00:00+00:00,1.6112890307205645e-06,1.8703884510613982,4.0,3.8138404615105753e-06,0.12650758894628614,-0.0,,0.01269,0.0
2019-11-14 11:00:00+00:00,1.5795537407031394e-06,1.5429147621782597,4.0,3.864389019716876e-06,0.12018220949897182,-0.0,,0.01269,0.0
2019-11-14 12:00:00+00:00,1.6063134298902696e-06,1.264874564454095,4.0,4.239070531190801e-06,0.11917309902402323,0.6000000000000227,,0.01269,0.0
2019-11-14 13:00:00+00:00,1.6117209742147078e-06,1.4468992202450819,6.0,4.008287819801323e-06,0.11821444407282207,-0.0,,0.01269,0.0
2019-11-14 14:00:00+00:00,1.6254241250335384e-06,1.5719400937620172,5.0,4.171048442546219e-06,0.11230372186918096,-0.10000000000002274,,0.01269,0.0
2019-11-14 15:00:00+00:00,1.6074322491431772e-06,1.4674135783436484,3.0,4.095755040568033e-06,0.1066885357757219,-0.39999999999997726,,0.01269,0.0
2019-11-14 16:00:00+00:00,1.6666806184578036e-06,1.2525701639392517,7.0,4.478362499004321e-06,0.10135410898693581,-0.6000000000000227,,0.01269,0.0
2019-11-14 17:00:00+00:00,1.642932260156366e-06,1.2476581432951208,3.0,4.41468293623706e-06,0.09628640353758901,-0.6000000000000227,,0.01269,0.0
2019-11-14 18:00:00+00:00,1.6570272345267508e-06,1.3187513278601435,6.0,4.487536453298656e-06,0.09147208336070956,-1.0,,0.01269,0.0
2019-11-14 19:00:00+00:00,1.649234204882574e-06,1.2000219010496864,2.0,4.649720489248054e-06,0.08689847919267407,-0.7000000000000455,,0.01269,0.0
2019-11-14 20:00:00+00:00,1.6889808700667148e-06,1.124320365331905,8.0,4.728897805145514e-06,0.08255355523304037,-0.39999999999997726,19.513488909090906,0.01269,0.0
2019-11-14 21:00:00+00:00,1.6770843089859976e-06,1.1721307346270595,3.0,4.6338603612987675e-06,0.07842587747138834,-0.2999999999999545,11.215558714285715,0.01269,0.0
2019-11-14 22:00:00+00:00,1.645875365715683e-06,1.2292915233381245,3.0,4.4497679201201294e-06,0.0745045835978189,-0.3000000000000682,9.689930571428572,0.01269,0.0
2019-11-14 23:00:00+00:00,1.1603906901123228e-06,1.259443230625376,7.0,3.0528232353016038e-06,0.07077935441792794,-0.39999999999997726,4.7150696,0.01269,0.0
2019-11-15 00:00:00+00:00,1.1210706615634655e-06,1.393317566299426,5.0,2.8488381135129892e-06,0.06724038669703154,0.3000000000000682,6.7293405,0.01928,1.0
2019-11-15 01:00:00+00:00,1.629050668360373e-06,1.1196179816608436,4.0,4.579083647341804e-06,0.06387836736217996,-0.3000000000000682,8.926868571428573,0.01928,0.0
2019-11-15 02:00:00+00:00,1.6308677766960882e-06,1.1530586614158171,6.0,4.5373057355954946e-06,0.06068444899407096,0.20000000000004547,6.99049769,0.01928,0.0
2019-11-15 03:00:00+00:00,1.631950682540725e-06,1.1379279127136332,7.0,4.644246182452078e-06,0.0576502265443674,-0.0,13.072569,0.01928,0.0
2019-11-15 04:00:00+00:00,1.6426924495927276e-06,1.1409608304077905,7.0,4.757334970054982e-06,0.054767715217149016,-0.3000000000000682,,0.01928,0.0
2019-11-15 05:00:00+00:00,1.6810127268723367e-06,1.0998244729777682,2.0,4.800954316233114e-06,0.05202932945629156,-0.599999999999909,,0.01928,0.0
2019-11-15 06:00:00+00:00,1.6469510867058593e-06,1.2408482680295698,4.0,4.481736497372629e-06,0.049427862983476976,-0.5,,0.01928,0.0
2019-11-15 07:00:00+00:00,1.6809719029651274e-06,1.1117872958348316,4.0,4.801606960066848e-06,0.04695646983430312,-0.7000000000000455,,0.01928,0.0
2019-11-15 08:00:00+00:00,1.721760803327609e-06,1.0804510483724752,7.0,4.940742393755087e-06,0.04460864634258796,-1.2999999999999545,,0.01928,0.0
2019-11-15 09:00:00+00:00,1.6739330760764355e-06,1.1204489271176594,6.0,4.807020753988716e-06,0.042378214025458556,-1.0,,0.01928,0.0
2019-11-15 10:00:00+00:00,1.676697478348626e-06,1.222246781602359,5.0,4.553912771110985e-06,0.040259303324185626,-0.40000000000009095,,0.01928,0.0
2019-11-15 11:00:00+00:00,1.6365004272535221e-06,1.233448683123248,6.0,4.362983198841833e-06,0.03824633815797634,-0.5,,0.01928,0.0
2019-11-15 12:00:00+00:00,1.631498050019911e-06,1.3522402624749645,4.0,4.1800357908811025e-06,0.036334021250077515,0.20000000000004547,,0.01928,0.0
2019-11-15 13:00:00+00:00,1.6745212775585818e-06,1.3597567546448115,8.0,4.229294277670341e-06,0.034517320187573634,-0.10000000000002274,,0.01928,0.0
2019-11-15 14:00:00+00:00,1.589324149828177e-06,1.4161036187570462,9.0,3.860199223469321e-06,0.03279145417819495,-0.10000000000002274,,0.01928,0.0
2019-11-15 15:00:00+00:00,1.5960971021713534e-06,1.731533474156171,10.0,3.6544975163283915e-06,0.031151881469285197,-0.39999999999997726,,0.01928,0.0
2019-11-15 16:00:00+00:00,1.6617512349578806e-06,1.8647055347355044,5.0,3.6555263316468514e-06,0.029594287395820935,-0.39999999999997726,,0.01928,0.0
2019-11-15 17:00:00+00:00,1.6445808591955835e-06,1.9071825030109615,6.0,3.6997451112928555e-06,0.028114573026029887,-0.39999999999997726,,0.01928,0.0
2019-11-15 18:00:00+00:00,1.6315168785344416e-06,1.8063268130185115,4.0,3.7406001366829753e-06,0.02670884437472839,-0.8999999999999773,,0.01928,0.0
2019-11-15 19:00:00+00:00,1.6422068198294348e-06,1.8609448876858987,5.0,3.7189166085678583e-06,0.025373402155991966,-0.6000000000000227,,0.01928,0.0
2019-11-15 20:00:00+00:00,1.686432018381204e-06,1.8570027664340565,6.0,3.8729644261135485e-06,0.024104732048192364,-0.39999999999997726,4.432928125,0.01928,0.0
2019-11-15 21:00:00+00:00,1.7013392438406388e-06,1.8794229305282444,3.0,3.764629184534449e-06,0.022899495445782743,0.09999999999990905,4.01086525,0.01928,0.0
2019-11-15 22:00:00+00:00,1.7427572851010813e-06,1.9296421229330294,5.0,3.869853941070523e-06,0.021754520673493604,0.10000000000002274,8.913908274999999,0.01928,0.0
2019-11-15 23:00:00+00:00,1.2367933010296473e-06,2.0004277416383602,6.0,2.802714614148541e-06,0.020666794639818922,0.20000000000004547,4.71354165,0.01928,0.0
2019-11-16 00:00:00+00:00,1.2320547113326527e-06,2.0358807881917675,6.0,2.778835313501756e-06,0.019633454907827974,0.5,,0.01367,0.0
2019-11-16 01:00:00+00:00,1.7198560491884409e-06,1.9486382533310287,7.0,3.928817279254323e-06,0.018651782162436573,-0.0,,0.01367,0.0
2019-11-16 02:00:00+00:00,1.7072897606170818e-06,1.8812991943259398,5.0,3.917771775806032e-06,0.01771919305431474,0.6000000000000227,,0.01367,0.0
2019-11-16 03:00:00+00:00,1.6894937984770517e-06,1.893374415551137,3.0,3.937087144981522e-06,0.016833233401599,0.5,,0.01367,0.0
2019-11-16 04:00:00+00:00,1.7359156037830393e-06,1.8071528049556038,3.0,3.940629524600873e-06,0.015991571731519046,0.1999999999999318,,0.01367,0.0
2019-11-16 05:00:00+00:00,1.7399980456503956e-06,1.6426202738831293,6.0,4.111208145044485e-06,0.015191993144943091,-0.10000000000002274,,0.01367,0.0
2019-11-16 06:00:00+00:00,1.7233039340892842e-06,1.483017170812108,3.0,4.21386910993921e-06,0.014432393487695936,-0.39999999999997726,,0.01367,0.0
2019-11-16 07:00:00+00:00,1.6735822512694486e-06,1.6774649311821406,8.0,3.942387304883966e-06,0.013710773813311136,-0.5,,0.01367,0.0
2019-11-16 08:00:00+00:00,1.6975619784773223e-06,1.776788647124872,7.0,3.902625081552319e-06,0.013025235122645577,-0.6000000000000227,,0.01367,0.0
2019-11-16 09:00:00+00:00,1.6865441323640781e-06,1.7018468555024304,8.0,3.946395123755511e-06,0.012373973366513297,-0.39999999999997726,,0.01367,0.0
2019-11-16 10:00:00+00:00,1.6837191292006883e-06,1.7946723808841545,9.0,4.027205464704417e-06,0.01175527469818763,-0.0,,0.01367,0.0
2019-11-16 11:00:00+00:00,1.6388273079697445e-06,1.7945077896974588,5.0,4.013879707988237e-06,0.011167510963278247,-0.1999999999999318,,0.01367,0.0
2019-11-16 12:00:00+00:00,1.6589393624518505e-06,1.7713145179836962,8.0,3.93093156022184e-06,0.010609135415114334,0.5,,0.01367,0.0
2019-11-16 13:00:00+00:00,1.6333393520855053e-06,1.7314930364527044,4.0,3.7044517024778517e-06,0.010078678644358616,0.09999999999990905,,0.01367,0.0
2019-11-16 14:00:00+00:00,1.5954332563397766e-06,1.5896059596329273,12.0,3.7172869007355023e-06,0.009574744712140683,-0.09999999999990905,,0.01367,0.0
2019-11-16 15:00:00+00:00,1.6265436447987493e-06,1.5459566168380359,5.0,3.7565222960262796e-06,0.009096007476533647,0.09999999999990905,,0.01367,0.0
2019-11-16 16:00:00+00:00,1.6540857129188552e-06,1.6483830704531888,6.0,3.882211388043948e-06,0.008641207102706964,-0.5,,0.01367,0.0
2019-11-16 17:00:00+00:00,1.6022236795280045e-06,1.7427539743808704,4.0,3.7683706771527285e-06,0.008209146747571614,-0.09999999999990905,,0.01367,0.0
2019-11-16 18:00:00+00:00,1.638829845125969e-06,1.7489908500437277,15.0,3.7445064015881434e-06,0.0077986894101930325,-0.3000000000000682,,0.01367,0.0
2019-11-16 19:00:00+00:00,1.6514160966144416e-06,1.8478435279649972,5.0,3.738048705072531e-06,0.00740875493968338,-0.2999999999999545,,0.01367,0.0
2019-11-16 20:00:00+00:00,1.65096446163361e-06,1.8764045985268065,7.0,3.711801113634039e-06,0.0070383171926992096,-0.3000000000000682,6.3514613625,0.01367,0.0
2019-11-16 21:00:00+00:00,1.676966778549175e-06,1.911140881980361,10.0,3.7395965529255838e-06,0.006686401333064249,-0.2999999999999545,3.362731588888889,0.01367,0.0
2019-11-16 22:00:00+00:00,1.6675340465527108e-06,1.877219068870373,5.0,3.7117521716269717e-06,0.0063520812664110355,0.2999999999999545,,0.01367,0.0
2019-11-16 23:00:00+00:00,1.1337892564669858e-06,1.7985667653918778,6.0,2.6130812335738293e-06,0.006034477203090483,0.3000000000000682,,0.01367,0.0
2019-11-17 00:00:00+00:00,1.1490958484169155e-06,1.7456717238669395,17.0,2.6636792801748283e-06,0.0057327533429359576,1.0,,0.01794,0.0
2019-11-17 01:00:00+00:00,1.6211555681516284e-06,1.8169855551723366,8.0,3.7840585384104972e-06,0.005446115675789159,0.6000000000000227,,0.01794,0.0
2019-11-17 02:00:00+00:00,1.5281736076400167e-06,1.700247975645765,10.0,3.5642339976570135e-06,0.0051738098919997,0.5,,0.01794,0.0
2019-11-17 03:00:00+00:00,1.5951330936136073e-06,1.7122491147252552,3.0,3.792074941780091e-06,0.004915119397399715,0.599999999999909,,0.01794,0.0
2019-11-17 04:00:00+00:00,1.6182798486179607e-06,1.6943846325983092,11.0,4.023154871274455e-06,0.004669363427529728,0.8000000000000682,,0.01794,0.0
2019-11-17 05:00:00+00:00,1.621977859173385e-06,1.6516583451369036,5.0,4.153487175863978e-06,0.0044358952561532414,0.2999999999999545,,0.01794,0.0
2019-11-17 06:00:00+00:00,1.6006584683702458e-06,1.6078962451431333,12.0,4.0165359783161596e-06,0.004214100493345579,0.20000000000004547,,0.01794,0.0
2019-11-17 07:00:00+00:00,1.6308745526271152e-06,1.5841544949368485,6.0,4.180244022828096e-06,0.0040033954686783,-0.20000000000004547,,0.01794,0.0
2019-11-17 08:00:00+00:00,1.649324077135282e-06,1.4858152595872607,6.0,4.317370198447566e-06,0.0038032256952443846,-0.2999999999999545,,0.01794,0.0
2019-11-17 09:00:00+00:00,1.5854023261699244e-06,1.465530442776297,8.0,4.069095762306254e-06,0.003613064410482165,0.10000000000002274,,0.01794,0.0
2019-11-17 10:00:00+00:00,1.5774308926475012e-06,1.4370666751029597,7.0,3.922372425799045e-06,0.003432411189958056,0.39999999999997726,,0.01794,0.0
2019-11-17 11:00:00+00:00,1.5841517072030665e-06,1.4478301235256181,5.0,4.213992639491206e-06,0.003260790630460153,0.1999999999999318,,0.01794,0.0
2019-11-17 12:00:00+00:00,1.585752626977812e-06,1.514615354480732,7.0,4.035933810130155e-06,0.023097751098937195,0.5,,0.01794,0.0
2019-11-17 13:00:00+00:00,1.6119420968765484e-06,1.4625322947406048,7.0,4.181652040643872e-06,0.021942863543990332,0.6000000000000227,,0.01794,0.0
2019-11-17 14:00:00+00:00,1.6390279916956625e-06,1.4483375504417342,6.0,4.26453648846454e-06,0.025845720366790823,0.8000000000000682,,0.01794,0.0
2019-11-17 15:00:00+00:00,1.6411627261028605e-06,1.6038480194943043,3.0,3.965526774091984e-06,0.024553434348451277,0.39999999999997726,,0.01794,0.0
2019-11-17 16:00:00+00:00,1.6524836729481828e-06,1.6914890300178642,5.0,3.8203040032693166e-06,0.02332576263102871,0.1999999999999318,,0.01794,0.0
2019-11-17 17:00:00+00:00,1.6625381340511608e-06,1.6123725815234202,9.0,3.863433104177758e-06,0.022159474499477267,0.10000000000002274,,0.01794,0.0
2019-11-17 18:00:00+00:00,1.661076834901032e-06,1.5754523430915846,4.0,3.864480928295673e-06,0.0210515007745034,-0.10000000000002274,,0.01794,0.0
2019-11-17 19:00:00+00:00,1.7521057941417266e-06,1.5104624589356401,6.0,4.2566609017094144e-06,0.019998925735778227,-0.0,,0.01794,0.0
2019-11-17 20:00:00+00:00,1.7139713735917165e-06,1.361998971605961,5.0,4.587849856815617e-06,0.018998979448989314,0.10000000000002274,,0.01794,0.0
2019-11-17 21:00:00+00:00,1.731591183182065e-06,1.3671021202988127,4.0,4.62975869618247e-06,0.023049030476539858,0.39999999999997726,,0.01794,0.0
2019-11-17 22:00:00+00:00,1.7155064837072243e-06,1.3326622277919673,6.0,4.656714947633014e-06,0.021896578952712863,0.40000000000009095,,0.01794,0.0
2019-11-17 23:00:00+00:00,1.190572386061168e-06,1.3083943517770509,7.0,3.3259877844770597e-06,0.020801750005077217,0.1999999999999318,,0.01794,0.0
2019-11-18 00:00:00+00:00,1.2149724633359258e-06,1.3381179885002028,7.0,3.447344315994078e-06,0.019761662504823353,1.3000000000000682,,0.01345,0.0
2019-11-18 01:00:00+00:00,1.6724586135060956e-06,1.3095938582167894,5.0,4.7257926005445956e-06,0.018773579379582184,0.5,,0.01345,0.0
2019-11-18 02:00:00+00:00,1.5977315129699676e-06,1.4587614747661701,4.0,3.6573114001152045e-06,0.017834900410603073,0.1999999999999318,3.6811344999999998,0.01345,0.0
2019-11-18 03:00:00+00:00,1.5677323289471529e-06,1.5109888898107213,5.0,3.571090485144954e-06,0.031943155390072954,0.5,2.872685,0.01345,0.0
2019-11-18 04:00:00+00:00,1.6318833421832455e-06,1.4977198372136336,3.0,3.7412046407560093e-06,0.08034599762056942,0.10000000000002274,,0.01345,0.0
2019-11-18 05:00:00+00:00,1.5891003910591568e-06,1.3708178204141674,8.0,3.543744177223213e-06,0.07632869773954094,-0.2999999999999545,,0.01345,0.0
2019-11-18 06:00:00+00:00,1.571272343949876e-06,1.4478170930427863,10.0,3.4134304463327784e-06,0.07251226285256389,-0.5,,0.01345,0.0
2019-11-18 07:00:00+00:00,1.516182407635182e-06,1.3641844334351327,3.0,3.378882596569679e-06,0.06888664970993569,-0.7000000000000455,,0.01345,0.0
2019-11-18 08:00:00+00:00,1.5107665025468276e-06,1.442652033042459,7.0,3.2869740708749497e-06,0.0654423172244389,-0.7999999999999545,,0.01345,0.0
2019-11-18 09:00:00+00:00,1.582314637469143e-06,1.6119946854307032,7.0,3.3710232518707153e-06,0.062170201363216944,-0.6000000000000227,,0.01345,0.0
2019-11-18 10:00:00+00:00,1.5207218493876875e-06,1.596423037527299,8.0,3.381590735513709e-06,0.06406169129505611,-0.3000000000000682,,0.01345,0.0
2019-11-18 11:00:00+00:00,1.5352887364091876e-06,1.7294705057560698,6.0,3.393508242103979e-06,0.06585860673030332,0.10000000000002274,,0.01345,0.0
2019-11-18 12:00:00+00:00,1.541013316661899e-06,1.7238911398200478,8.0,3.4506161241491524e-06,0.07756567639378818,0.39999999999997726,,0.01345,0.0
2019-11-18 13:00:00+00:00,1.5697508742048942e-06,1.7687077669825584,3.0,3.53772128034302e-06,0.10368739257409884,0.10000000000002274,,0.01345,0.0
2019-11-18 14:00:00+00:00,1.5284710165822383e-06,1.7140595488116244,6.0,3.40230827978919e-06,0.13850302294539396,0.3000000000000682,,0.01345,0.0
2019-11-18 15:00:00+00:00,1.5724831720993726e-06,1.7318118667441305,7.0,3.525088253835201e-06,0.15657787179812432,0.2999999999999545,,0.01345,0.0
2019-11-18 16:00:00+00:00,1.5904980592259188e-06,1.7281701383192096,4.0,3.617898716722598e-06,0.1537489782082181,-0.0,,0.01345,0.0
2019-11-18 17:00:00+00:00,1.545179205644145e-06,1.6702408833712887,4.0,3.420910823184965e-06,0.14606152929780716,-0.39999999999997726,,0.01345,0.0
2019-11-18 18:00:00+00:00,1.5241093864219716e-06,1.6818907031609764,3.0,3.301638572131962e-06,0.13875845283291677,-0.3000000000000682,,0.01345,0.0
2019-11-18 19:00:00+00:00,1.5390867577464505e-06,1.6143963724520651,7.0,3.6445593261429604e-06,0.1318205301912709,-0.5,,0.01345,0.0
2019-11-18 20:00:00+00:00,1.7804751472305883e-06,1.2722451082400976,29.0,4.1983183873021815e-06,0.12522950368170735,-0.1999999999999318,2.591088,0.01345,0.0
2019-11-18 21:00:00+00:00,1.6337523831061437e-06,1.4876664650548603,10.0,3.6881082454236055e-06,0.11896802849762196,-0.10000000000002274,,0.01345,0.0
2019-11-18 22:00:00+00:00,8.654070325605267e-07,1.117560788552788,7.0,1.8906476295328981e-06,0.11301962707274084,0.20000000000004547,2.2451389500000003,0.01345,0.0
2019-11-18 23:00:00+00:00,,,,,0.10736864571910379,0.599999999999909,,0.01345,0.0
2019-11-19 00:00:00+00:00,,,,,0.10200021343314859,0.5,3.12902205,0.015059999999999999,0.0
2019-11-19 01:00:00+00:00,,,,,0.09690020276149115,-0.0,3.9473926631578946,0.015059999999999999,0.0
2019-11-19 02:00:00+00:00,,,,,0.09205519262341658,0.5,7.198437375,0.015059999999999999,0.0
2019-11-19 03:00:00+00:00,1.0261967763458946e-06,1.1414520599397828,8.0,2.537408153948093e-06,0.08745243299224574,0.7000000000000455,8.4007406,0.015059999999999999,0.0
2019-11-19 04:00:00+00:00,1.5468883924929196e-06,1.5417871355968595,7.0,3.5434582175954176e-06,0.08307981134263344,0.39999999999997726,,0.015059999999999999,0.0
2019-11-19 05:00:00+00:00,1.5751424897080819e-06,1.7020508534140362,6.0,3.4389253023001807e-06,0.07892582077550177,-0.0,,0.015059999999999999,0.0
2019-11-19 06:00:00+00:00,1.5372942861695935e-06,1.615351875519026,9.0,3.4634747289454948e-06,0.07497952973672667,-0.1999999999999318,,0.015059999999999999,0.0
2019-11-19 07:00:00+00:00,1.5460467355696234e-06,1.636446994002646,11.0,3.4622440739060734e-06,0.07123055324989033,-0.40000000000009095,,0.015059999999999999,0.0
2019-11-19 08:00:00+00:00,1.5727513118724733e-06,1.6321438224851998,9.0,3.542488114685146e-06,0.0676690255873958,-0.5,,0.015059999999999999,0.0
2019-11-19 09:00:00+00:00,1.5747005516411448e-06,1.654796970851974,10.0,3.6076822719321195e-06,0.064285574308026,-0.2999999999999545,,0.015059999999999999,0.0
2019-11-19 10:00:00+00:00,1.6128184936843767e-06,1.698114700939249,10.0,3.772615778666009e-06,0.06107129559262469,-0.2999999999999545,,0.015059999999999999,0.0
2019-11-19 11:00:00+00:00,1.5809119728557449e-06,1.6449522845982896,4.0,3.700898992792316e-06,0.058017730812993454,-0.0,,0.015059999999999999,0.0
2019-11-19 12:00:00+00:00,1.5914717729222819e-06,1.5534320317882864,7.0,3.698622554125702e-06,0.05511684427234377,0.1999999999999318,,0.015059999999999999,0.0
2019-11-19 13:00:00+00:00,1.5807825319633143e-06,1.6402247233159075,6.0,3.6513607628790513e-06,0.052361002058726576,0.20000000000004547,,0.015059999999999999,0.0
2019-11-19 14:00:00+00:00,1.567911672980526e-06,1.640895641128101,8.0,3.538108234756734e-06,0.04974295195579024,0.1999999999999318,,0.015059999999999999,0.0
2019-11-19 15:00:00+00:00,1.5960209136274255e-06,1.7062209076442423,6.0,3.6198565602852386e-06,0.04725580435800072,0.3000000000000682,,0.015059999999999999,0.0
2019-11-19 16:00:00+00:00,1.6203591232770296e-06,1.715419876480536,3.0,3.699812734213481e-06,0.044893014140100676,-0.0,,0.015059999999999999,0.0
2019-11-19 17:00:00+00:00,1.633381021143278e-06,1.7614280159079947,13.0,3.587979219749845e-06,0.04264836343309564,-0.20000000000004547,,0.015059999999999999,0.0
2019-11-19 18:00:00+00:00,1.6340523791689315e-06,1.8172095529234211,5.0,3.7107332685259332e-06,0.04051594526144085,-0.10000000000002274,,0.015059999999999999,0.0
2019-11-19 19:00:00+00:00,1.6498366552619464e-06,1.863150085592607,5.0,3.7678948746072834e-06,0.0384901479983688,-0.2999999999999545,,0.015059999999999999,0.0
2019-11-19 20:00:00+00:00,1.6621743754198218e-06,1.981197802815396,1.0,3.834711302120992e-06,0.036565640598450355,-0.20000000000004547,7.2151622,0.015059999999999999,0.0
2019-11-19 21:00:00+00:00,1.6865741870914494e-06,2.0202820016266245,3.0,3.892131506064912e-06,0.03473735856852783,-0.0,7.094378571428572,0.015059999999999999,0.0
2019-11-19 22:00:00+00:00,1.6532594757411095e-06,1.9696603036157139,5.0,3.780933262915573e-06,0.03300049064010144,-0.0,4.157330249999999,0.015059999999999999,0.0
2019-11-19 23:00:00+00:00,1.4684949910586712e-06,1.9447853583428292,3.0,3.3268404701476168e-06,0.03135046610809636,-0.09999999999990905,0.679282,0.015059999999999999,0.0
2019-11-20 00:00:00+00:00,1.1566069224451905e-06,1.9252737634243562,7.0,2.657025035197343e-06,0.029782942802691538,0.599999999999909,1.4227815333333336,0.01349,0.0
2019-11-20 01:00:00+00:00,1.6611265234712155e-06,1.9236378990706677,6.0,3.854419111454668e-06,0.028293795662556957,0.40000000000009095,0.929832,0.01349,0.0
2019-11-20 02:00:00+00:00,1.6270954303505916e-06,1.9290024129034515,1.0,3.868912492249883e-06,0.026879105879429106,0.2999999999999545,1.3711224999999998,0.01349,0.0
2019-11-20 03:00:00+00:00,1.6126839171504337e-06,1.8467411159013525,5.0,3.773791662295122e-06,0.025535150585457647,0.7000000000000455,,0.01349,0.0
2019-11-20 04:00:00+00:00,1.5597846372962971e-06,1.8178822713749356,7.0,3.64448533093207e-06,0.02425839305618476,-0.0,,0.01349,0.0
2019-11-20 05:00:00+00:00,1.5723605490634295e-06,1.7613992411386867,7.0,3.6953105196521334e-06,0.02304547340337552,0.09999999999990905,,0.01349,0.0
2019-11-20 06:00:00+00:00,1.605309845235216e-06,1.8322927302429113,6.0,3.7750580700088826e-06,0.02189319973320674,-0.5,,0.01349,0.0
2019-11-20 07:00:00+00:00,1.6397017038326093e-06,1.8622280230508732,4.0,3.833140681102409e-06,0.020798539746546402,-0.7999999999999545,,0.01349,0.0
2019-11-20 08:00:00+00:00,1.6513817322722654e-06,1.758247020834513,2.0,3.8974486320304995e-06,0.01975861275921908,-0.5,,0.01349,0.0
2019-11-20 09:00:00+00:00,1.6237188307463423e-06,1.7055092325941417,4.0,3.903412367565474e-06,0.018770682121258122,-0.7999999999999545,,0.01349,0.0
2019-11-20 10:00:00+00:00,1.6571436208515445e-06,1.856886818354476,6.0,4.028980865096718e-06,0.017832148015195212,-0.20000000000004547,,0.01349,0.0
2019-11-20 11:00:00+00:00,1.6475666473943012e-06,1.8390657526256753,9.0,3.929794155604105e-06,0.016940540614435447,-0.0,,0.01349,0.0
2019-11-20 12:00:00+00:00,1.7079789867381443e-06,1.9699776741538164,4.0,4.063018951528163e-06,0.016093513583713675,0.20000000000004547,,0.01349,0.0
2019-11-20 13:00:00+00:00,1.6783766012164254e-06,2.016416314989757,5.0,3.876381827672499e-06,0.01528883790452799,-0.0,,0.01349,0.0
2019-11-20 14:00:00+00:00,1.679633028827528e-06,1.9773670385292421,8.0,3.900932017552258e-06,0.014524396009301587,0.09999999999990905,,0.01349,0.0
2019-11-20 15:00:00+00:00,1.644150814595605e-06,1.930735589694571,3.0,3.9123599421865215e-06,0.013798176208836506,-0.0,,0.01349,0.0
2019-11-20 16:00:00+00:00,1.746271167133228e-06,2.1313498310637407,3.0,4.0156153298308395e-06,0.013108267398394678,-0.2999999999999545,,0.01349,1.0
2019-11-20 17:00:00+00:00,1.7677893268478536e-06,2.0879857603570073,7.0,3.900018974964438e-06,0.012452854028474942,-0.8999999999999773,,0.01349,0.0
2019-11-20 18:00:00+00:00,1.719799596344456e-06,2.0116667474742527,7.0,3.852200466140187e-06,0.011830211327051194,-1.1000000000000227,,0.01349,0.0
2019-11-20 19:00:00+00:00,1.7042343812855382e-06,2.04978822558102,6.0,3.8070414876740646e-06,0.011238700760698632,-1.0,,0.01349,0.0
2019-11-20 20:00:00+00:00,1.7277534989880467e-06,2.1102016278745928,9.0,3.87915640893595e-06,0.0106767657226637,-0.7000000000000455,,0.01349,0.0
2019-11-20 21:00:00+00:00,1.7782312010307663e-06,2.0951931700421667,7.0,3.85759343945367e-06,0.010142927436530514,-0.1999999999999318,,0.01349,0.0
2019-11-20 22:00:00+00:00,2.5153360858200666e-06,1.9728792796204138,4.0,5.69887050040382e-06,0.009635781064703986,-0.0,,0.01349,1.0
2019-11-20 23:00:00+00:00,1.253262790631083e-06,2.0431095967418873,6.0,2.723311578340449e-06,0.009153992011468786,-0.0,,0.01349,0.0
2019-11-21 00:00:00+00:00,1.2251158662167156e-06,2.0653567960221593,10.0,2.740496993401285e-06,0.008696292410895345,-0.20000000000004547,,0.012809999999999998,0.0
2019-11-21 01:00:00+00:00,1.7784683126480501e-06,2.0621821516277,5.0,3.901211776946575e-06,0.008261477790350576,-0.1999999999999318,,0.012809999999999998,0.0
2019-11-21 02:00:00+00:00,1.7108229881579148e-06,1.9775899902974412,9.0,3.74690530350934e-06,0.007848403900833047,-0.0,,0.012809999999999998,0.0
2019-11-21 03:00:00+00:00,1.6832827976841244e-06,1.9188062102096823,4.0,3.7632438374462745e-06,0.007455983705791394,0.09999999999990905,,0.012809999999999998,0.0
2019-11-21 04:00:00+00:00,1.6654595131604964e-06,1.9207944829553225,7.0,3.836320541684736e-06,0.007083184520501824,-0.2999999999999545,,0.012809999999999998,0.0
2019-11-21 05:00:00+00:00,1.7246865443400273e-06,1.9587618178215909,7.0,3.849324891425387e-06,0.006729025294476732,-0.39999999999997726,,0.012809999999999998,0.0
2019-11-21 06:00:00+00:00,1.7158524674820164e-06,1.9737109934503942,3.0,3.932979196225653e-06,0.006392574029752894,-0.5,,0.012809999999999998,0.0
2019-11-21 07:00:00+00:00,1.7385944649809309e-06,2.0139349274079787,7.0,3.938589097239047e-06,0.006072945328265249,-0.8999999999999773,,0.012809999999999998,0.0
2019-11-21 08:00:00+00:00,1.7475783869487383e-06,2.1134847643764494,7.0,4.011884247760112e-06,0.005769298061851985,-0.6000000000000227,,0.012809999999999998,0.0
2019-11-21 09:00:00+00:00,1.7778598361566839e-06,2.0958976886494005,4.0,3.950098098906749e-06,0.005480833158759386,-1.0,,0.012809999999999998,0.0
2019-11-21 10:00:00+00:00,1.7945712696692376e-06,2.1115394719357607,8.0,4.037591608555792e-06,0.005206791500821416,-0.0,,0.012809999999999998,0.0
2019-11-21 11:00:00+00:00,1.7991483911807273e-06,2.109408687090126,8.0,4.02953786361966e-06,0.004946451925780345,-0.20000000000004547,,0.012809999999999998,0.0
2019-11-21 12:00:00+00:00,1.8258084199450367e-06,2.1237538203410278,11.0,4.068031927750233e-06,0.004699129329491327,0.20000000000004547,,0.012809999999999998,0.0
2019-11-21 13:00:00+00:00,1.7563487420128967e-06,2.052460596767425,5.0,3.857457922449728e-06,0.00446417286301676,0.10000000000002274,,0.012809999999999998,0.0
2019-11-21 14:00:00+00:00,1.741146085433324e-06,2.0305401883125787,6.0,3.844240904706611e-06,0.004240964219865922,0.39999999999997726,,0.012809999999999998,0.0
2019-11-21 15:00:00+00:00,1.7713613788460537e-06,2.0705113680567306,6.0,3.916836069075035e-06,0.004028916008872625,-0.0,,0.012809999999999998,0.0
2019-11-21 16:00:00+00:00,1.796760178958753e-06,2.0729342182079162,7.0,3.913014519639994e-06,0.0038274702084289936,-0.20000000000004547,,0.012809999999999998,0.0
2019-11-21 17:00:00+00:00,1.7836844659398638e-06,2.0598385625484523,6.0,3.907206971352771e-06,0.0036360966980075434,-0.6999999999999318,,0.012809999999999998,0.0
2019-11-21 18:00:00+00:00,1.785173585853568e-06,2.099963026146733,4.0,3.943099133781074e-06,0.0034542918631071656,-0.20000000000004547,,0.012809999999999998,0.0
2019-11-21 19:00:00+00:00,1.901136348518794e-06,2.1754700651797356,7.0,4.072160964827802e-06,0.0032815772699518065,-0.2999999999999545,,0.012809999999999998,0.0
2019-11-21 20:00:00+00:00,1.9573313825086856e-06,2.179670652139306,1.0,4.031680479130866e-06,0.0031174984064542156,-0.10000000000002274,,0.012809999999999998,0.0
2019-11-21 21:00:00+00:00,1.9020307859270985e-06,2.1145197190843463,3.0,3.964717595614929e-06,0.0029616234861315044,0.10000000000002274,2.205208,0.012809999999999998,0.0
2019-11-21 22:00:00+00:00,1.9279566019271348e-06,2.1482339232409142,8.0,3.992163995635093e-06,0.0028135423118249288,0.39999999999997726,2.9326968,0.012809999999999998,0.0
2019-11-21 23:00:00+00:00,1.3658493935196279e-06,2.178826099701626,6.0,2.8939565860885315e-06,0.002672865196233682,0.5,0.9038964333333332,0.012809999999999998,0.0
2019-11-22 00:00:00+00:00,1.403873887072453e-06,2.203246046995301,6.0,2.906067803069287e-06,0.0025392219364219976,1.0,5.902315,0.0097,0.0
2019-11-22 01:00:00+00:00,2.06063916881053e-06,2.250296209101031,7.0,4.210092729226266e-06,0.0024122608396008973,0.39999999999997726,,0.0097,0.0
2019-11-22 02:00:00+00:00,2.0497505469417022e-06,2.2249816322976286,4.0,4.1012978236436504e-06,0.002291647797620852,1.1000000000000227,,0.0097,0.0
2019-11-22 03:00:00+00:00,2.064060231045192e-06,2.1883708637633243,8.0,4.047314363180909e-06,0.0021770654077398095,0.6000000000000227,,0.0097,0.0
2019-11-22 04:00:00+00:00,2.0474705801387596e-06,2.1725810712383073,9.0,4.074640746562418e-06,0.0020682121373528186,0.39999999999997726,,0.0097,0.0
2019-11-22 05:00:00+00:00,2.1282122899886143e-06,2.2214110914369254,3.0,3.976432544697853e-06,0.0019648015304851774,0.5,,0.0097,0.0
2019-11-22 06:00:00+00:00,2.458765380599529e-06,2.380831733488624,2.0,3.833646046812152e-06,0.0018665614539609182,-1.0,,0.0097,0.0
2019-11-22 07:00:00+00:00,3.0366993270464024e-06,2.8869612889925573,18.0,4.465123468066735e-06,0.001773233381262872,-0.8000000000000682,,0.0097,0.0
2019-11-22 08:00:00+00:00,3.685004453392892e-06,2.9865520397053746,33.0,5.808580624399932e-06,0.001684571712199728,-0.599999999999909,,0.0097,0.0
2019-11-22 09:00:00+00:00,2.1025419512893465e-06,2.160311829660151,12.0,3.911829038680791e-06,0.0016003431265897412,-0.10000000000002274,,0.0097,0.0
2019-11-22 10:00:00+00:00,1.9197600725053007e-06,2.037620640936524,15.0,3.9423228411240265e-06,0.001520325970260254,0.10000000000002274,,0.0097,0.0
2019-11-22 11:00:00+00:00,1.953878160866489e-06,2.0903899493793765,9.0,4.0236785479139675e-06,0.0014443096717472411,0.09999999999990905,,0.0097,0.0
2019-11-22 12:00:00+00:00,1.939000725787367e-06,2.131635547876949,8.0,4.043301914792335e-06,0.0013720941881598789,0.5,,0.0097,0.0
2019-11-22 13:00:00+00:00,1.9561886412618943e-06,2.129619997897762,6.0,4.034676295271256e-06,0.0013034894787518848,0.5,,0.0097,0.0
2019-11-22 14:00:00+00:00,1.936797359899799e-06,2.104790447103563,10.0,4.0123704646175085e-06,0.0012383150048142905,0.5,,0.0097,0.0
2019-11-22 15:00:00+00:00,1.9379216680657966e-06,2.1329029610729857,2.0,3.9861614591758924e-06,0.0011763992545735758,0.40000000000009095,,0.0097,0.0
2019-11-22 16:00:00+00:00,1.9132045299616263e-06,2.080004102982796,6.0,3.929438430107393e-06,0.0011175792918448968,0.39999999999997726,,0.0097,0.0
2019-11-22 17:00:00+00:00,1.902089786155596e-06,2.047883338894278,4.0,3.978322254942941e-06,0.001061700327252652,-0.0,,0.0097,0.0
2019-11-22 18:00:00+00:00,1.9644523116629603e-06,2.037203429220075,3.0,3.99416812447789e-06,0.0010086153108900193,0.1999999999999318,,0.0097,0.0
2019-11-22 19:00:00+00:00,2.0146284669307692e-06,2.1323310958709576,2.0,3.998564547104859e-06,0.0009581845453455181,0.3000000000000682,,0.0097,0.0
2019-11-22 20:00:00+00:00,2.047439253393716e-06,2.1300277920840203,8.0,4.021877009717128e-06,0.0009102753180782422,0.1999999999999318,2.0141865714285716,0.0097,0.0
2019-11-22 21:00:00+00:00,2.0563416849595093e-06,2.0965001536604335,7.0,3.983572875992402e-06,0.0008647615521743299,0.40000000000009095,1.070023,0.0097,0.0
2019-11-22 22:00:00+00:00,2.246630399198011e-06,2.131625073745432,2.0,3.992291193964209e-06,0.0008215234745656134,-0.0,0.9668788333333334,0.0097,0.0
2019-11-22 23:00:00+00:00,1.5922220779079074e-06,2.15811431503986,6.0,2.8970259163571675e-06,0.0007804473008373326,0.2999999999999545,0.21531633333333333,0.0097,0.0
2019-11-23 00:00:00+00:00,1.6058664218697125e-06,2.226589965943782,6.0,2.9799281584163623e-06,0.0007414249357954658,-0.2999999999999545,,0.01423,0.0
2019-11-23 01:00:00+00:00,2.3631110976155823e-06,2.240756707994078,1.0,4.162043020607524e-06,0.0007043536890056925,0.2999999999999545,,0.01423,0.0
2019-11-23 02:00:00+00:00,2.307882257410035e-06,2.1965810258801537,4.0,4.193821687392084e-06,0.0006691360045554078,0.2999999999999545,,0.01423,0.0
2019-11-23 03:00:00+00:00,2.5631097167829826e-06,2.194201847894544,2.0,4.282660099960676e-06,0.0006356792043276373,0.20000000000004547,,0.01423,0.0
2019-11-23 04:00:00+00:00,3.0387967546597733e-06,2.433453158367175,0.0,4.321121291668714e-06,0.0006038952441112553,0.20000000000004547,,0.01423,0.0
2019-11-23 05:00:00+00:00,3.3408695753841183e-06,2.7124050444690497,12.0,5.111780202625016e-06,0.0005737004819056924,0.09999999999990905,,0.01423,0.0
2019-11-23 06:00:00+00:00,3.1352668416826266e-06,2.7436261828628754,16.0,5.258874568693238e-06,0.0005450154578104078,-0.1999999999999318,,0.01423,0.0
2019-11-23 07:00:00+00:00,2.4090097849167883e-06,2.399808635937802,8.0,4.198188105219385e-06,0.0005177646849198874,-0.5,,0.01423,0.0
2019-11-23 08:00:00+00:00,2.8976147418807326e-06,2.5562932039111623,16.0,4.663368317764441e-06,0.000491876450673893,-0.7000000000000455,,0.01423,0.0
2019-11-23 09:00:00+00:00,3.6544589420898323e-06,2.857000546050562,18.0,5.230722522002317e-06,0.00046728262814019824,-0.5,,0.01423,0.0
2019-11-23 10:00:00+00:00,3.3193497091601743e-06,2.6194262245132145,12.0,5.099988818510355e-06,0.00044391849673318823,-0.0,,0.01423,0.0
2019-11-23 11:00:00+00:00,2.8892285582408422e-06,2.3037410082669143,8.0,4.901486012409976e-06,0.00042172257189652875,0.10000000000002274,,0.01423,0.0
2019-11-23 12:00:00+00:00,2.1617775967566073e-06,2.2117840250090928,3.0,4.152709254953901e-06,0.0004006364433017023,0.10000000000002274,,0.01423,0.0
2019-11-23 13:00:00+00:00,1.926815426511479e-06,2.338291380812214,8.0,3.873206832350429e-06,0.0003806046211366171,0.2999999999999545,,0.01423,1.0
2019-11-23 14:00:00+00:00,2.237737819142904e-06,2.2462971560875684,4.0,4.342515508137091e-06,0.0003615743900797862,0.5,,0.01423,0.0
2019-11-23 15:00:00+00:00,2.243704581641939e-06,2.115500274101882,5.0,4.348452529438392e-06,0.00034349567057579685,0.5,,0.01423,0.0
2019-11-23 16:00:00+00:00,5.805990814058321e-06,2.086412027756268,5.0,7.809427482619684e-06,0.000326320887047007,0.10000000000002274,,0.01423,2.0
2019-11-23 17:00:00+00:00,2.2419315702220624e-06,1.9366786897171338,1.0,4.290322405748009e-06,0.0003100048426946566,-0.0,,0.01423,0.0
2019-11-23 18:00:00+00:00,2.3616952337786343e-06,1.9083664851333115,5.0,4.3022791736604375e-06,0.0002945046005599237,-0.10000000000002274,,0.01423,0.0
2019-11-23 19:00:00+00:00,2.3965203224973694e-06,1.8489760428487798,3.0,4.319607997248276e-06,0.0002797793705319275,-0.39999999999997726,,0.01423,0.0
2019-11-23 20:00:00+00:00,2.2681731404300604e-06,1.8269864593152338,5.0,4.295662178225724e-06,0.00026579040200533106,-0.10000000000002274,,0.01423,1.0
2019-11-23 21:00:00+00:00,2.29633051449996e-06,1.8972721158961408,7.0,4.330644624611823e-06,0.0002525008819050645,0.20000000000004547,,0.01423,0.0
2019-11-23 22:00:00+00:00,2.25532981834931e-06,1.933936195473457,8.0,4.258668327331036e-06,0.00023987583780981126,0.10000000000002274,,0.01423,0.0
2019-11-23 23:00:00+00:00,1.6957394965337341e-06,1.9186576595904585,6.0,3.0641595534839467e-06,0.0002278820459193207,0.09999999999990905,,0.01423,0.0
2019-11-24 00:00:00+00:00,1.6238949296914378e-06,1.944820302630793,9.0,3.0180767545101676e-06,0.00021648794362335463,0.40000000000009095,,0.01412,0.0
2019-11-24 01:00:00+00:00,2.387251376074559e-06,1.917304600362807,5.0,4.310669288656909e-06,0.00020566354644218688,0.5,1.8985146666666666,0.01412,0.0
2019-11-24 02:00:00+00:00,2.4264108769268673e-06,1.8999045069735094,6.0,4.3283070940172365e-06,0.0001953803691200775,0.5,2.351388857142857,0.01412,0.0
2019-11-24 03:00:00+00:00,2.4093610506665583e-06,1.9748834537003326,5.0,4.385914767257006e-06,0.00018561135066407362,0.7999999999999545,2.337384,0.01412,1.0
2019-11-24 04:00:00+00:00,2.493973196544011e-06,1.933130973378696,5.0,4.377068966903794e-06,0.00017633078313086993,0.7999999999999545,,0.01412,0.0
2019-11-24 05:00:00+00:00,2.430561450924707e-06,1.930728686320517,5.0,4.40315282495954e-06,0.0001675142439743264,0.3000000000000682,,0.01412,0.0
2019-11-24 06:00:00+00:00,2.4899571908933117e-06,1.9314326003891058,5.0,4.374424964241678e-06,0.00015913853177561006,-0.0,,0.01412,0.0
2019-11-24 07:00:00+00:00,2.428286900935661e-06,1.9329724698497923,1.0,4.3688325190407985e-06,0.00015118160518682954,-0.3000000000000682,,0.01412,1.0
2019-11-24 08:00:00+00:00,2.5393773601591027e-06,1.992221225612256,2.0,4.396490255763974e-06,0.00014362252492748805,-0.39999999999997726,,0.01412,0.0
2019-11-24 09:00:00+00:00,2.381857506402946e-06,1.9335253589283254,4.0,4.3252597267908405e-06,0.00013644139868111363,-0.0,,0.01412,0.0
2019-11-24 10:00:00+00:00,2.467696549866732e-06,1.9630344606644379,5.0,4.336117353273865e-06,0.0001296193287470579,-0.0,,0.01412,0.0
2019-11-24 11:00:00+00:00,2.4685229155547456e-06,1.9602677012488454,2.0,4.31553881395764e-06,0.00012313836230970498,0.6000000000000227,,0.01412,0.0
2019-11-24 12:00:00+00:00,2.527824973647485e-06,2.040443670638773,2.0,4.40188430857804e-06,0.00011698144419421972,0.2999999999999545,,0.01412,0.0
2019-11-24 13:00:00+00:00,2.5222734751894105e-06,2.0515880569041944,2.0,4.385484875981475e-06,0.00011113237198450871,0.10000000000002274,,0.01412,0.0
2019-11-24 14:00:00+00:00,2.5521172816422416e-06,1.9941508040560743,2.0,4.409913973657098e-06,0.00010557575338528327,0.10000000000002274,,0.01412,1.0
2019-11-24 15:00:00+00:00,2.593727034437953e-06,2.014898402452879,2.0,4.366232349643927e-06,0.0001002969657160191,0.39999999999997726,,0.01412,0.0
2019-11-24 16:00:00+00:00,2.6160720032105385e-06,2.0650957563216656,2.0,4.40954955979519e-06,9.528211743021814e-05,-0.1999999999999318,,0.01412,0.0
2019-11-24 17:00:00+00:00,2.673530562747822e-06,2.0729082800067338,0.0,4.399947878482787e-06,9.051801155870723e-05,-0.5,,0.01412,0.0
2019-11-24 18:00:00+00:00,2.780078287668088e-06,2.0905496024147356,3.0,4.442667437888484e-06,8.599211098077185e-05,-0.5,,0.01412,0.0
2019-11-24 19:00:00+00:00,2.8299778365920723e-06,2.1442604807266004,1.0,4.535203553799402e-06,8.169250543173325e-05,-0.3000000000000682,,0.01412,0.0
2019-11-24 20:00:00+00:00,2.8175965295581434e-06,2.136503280041405,5.0,4.499562409906504e-06,7.760788016014658e-05,-0.6000000000000227,,0.01412,0.0
2019-11-24 21:00:00+00:00,3.013110047578595e-06,2.243312955419577,3.0,4.739451918722902e-06,7.372748615213924e-05,-0.5,,0.01412,0.0
2019-11-24 22:00:00+00:00,3.4021314342739e-06,2.5444409707658915,8.0,4.731947718767471e-06,7.004111184453227e-05,-0.5,,0.01412,0.0
2019-11-24 23:00:00+00:00,2.818757470615124e-06,2.618910605492445,13.0,4.306168562526042e-06,6.653905625230565e-05,-0.2999999999999545,,0.01412,0.0
2019-11-25 00:00:00+00:00,3.0063947706991567e-06,2.63292467164762,22.0,4.487621462049887e-06,6.321210343969036e-05,-0.0,,0.013080000000000001,0.0
2019-11-25 01:00:00+00:00,4.506274424930947e-06,2.6305834525444642,26.0,6.563638712384991e-06,6.0051498267705834e-05,-0.0,,0.013080000000000001,0.0
2019-11-25 02:00:00+00:00,4.2631463684996905e-06,2.62767237480475,24.0,6.320845641645224e-06,5.704892335432054e-05,0.2999999999999545,,0.013080000000000001,0.0
2019-11-25 03:00:00+00:00,3.0866021129846752e-06,2.172895297455411,4.0,4.937756672695059e-06,5.419647718660451e-05,0.3000000000000682,,0.013080000000000001,0.0
2019-11-25 04:00:00+00:00,2.5377520108780973e-06,1.7602280389998972,1.0,4.551018645055279e-06,5.148665332727428e-05,-0.10000000000002274,,0.013080000000000001,0.0
2019-11-25 05:00:00+00:00,2.410451362728217e-06,1.7198115632630724,1.0,4.58924593714059e-06,4.891232066091055e-05,-0.5,,0.013080000000000001,0.0
2019-11-25 06:00:00+00:00,2.3764779548876214e-06,1.7007943173148512,2.0,4.659651958084981e-06,4.646670462786502e-05,-0.7000000000000455,,0.013080000000000001,0.0
2019-11-25 07:00:00+00:00,2.3844300849606466e-06,1.7222203427575542,5.0,4.745457583355883e-06,4.4143369396471765e-05,-0.8999999999999773,,0.013080000000000001,0.0
2019-11-25 08:00:00+00:00,2.4182419254894266e-06,1.7596548821664861,2.0,4.594060542754088e-06,4.193620092664817e-05,-0.7999999999999545,,0.013080000000000001,0.0
2019-11-25 09:00:00+00:00,2.375689843364147e-06,1.821731497051431,7.0,4.507805517006641e-06,3.9839390880315754e-05,-0.39999999999997726,,0.013080000000000001,0.0
2019-11-25 10:00:00+00:00,2.317076909805798e-06,1.757845381805639,7.0,4.466299593653954e-06,3.784742133629996e-05,0.09999999999990905,,0.013080000000000001,0.0
2019-11-25 11:00:00+00:00,2.393421391621384e-06,1.8709513745687785,8.0,4.453625401507563e-06,3.5955050269484956e-05,-0.09999999999990905,,0.013080000000000001,0.0
2019-11-25 12:00:00+00:00,2.5694020871318927e-06,1.8538250933745546,7.0,4.558785839064767e-06,3.41572977560107e-05,-0.20000000000004547,,0.013080000000000001,1.0
2019-11-25 13:00:00+00:00,2.689646280237919e-06,1.8223774059702265,4.0,4.629585093274481e-06,3.244943286821016e-05,0.10000000000002274,,0.013080000000000001,0.0
2019-11-25 14:00:00+00:00,2.7806342551791457e-06,1.8105398299820112,2.0,4.628520281381563e-06,3.082696122479965e-05,-0.10000000000002274,,0.013080000000000001,0.0
2019-11-25 15:00:00+00:00,2.794815152588972e-06,1.866845564715218,1.0,4.725902976631424e-06,2.928561316355967e-05,0.10000000000002274,,0.013080000000000001,0.0
2019-11-25 16:00:00+00:00,2.7484566462506194e-06,1.9475955040984532,2.0,4.671610755781352e-06,2.7821332505381684e-05,-0.10000000000002274,,0.013080000000000001,0.0
2019-11-25 17:00:00+00:00,2.873728660113483e-06,2.025907833242782,2.0,4.807143681974483e-06,2.6430265880112597e-05,-0.39999999999997726,,0.013080000000000001,0.0
2019-11-25 18:00:00+00:00,2.9379072184756945e-06,2.0153526919214673,0.0,4.743092457627904e-06,2.5108752586106967e-05,-0.39999999999997726,,0.013080000000000001,0.0
2019-11-25 19:00:00+00:00,2.943461730969697e-06,2.027801887329273,4.0,4.735402650989392e-06,2.3853314956801616e-05,-0.5,,0.013080000000000001,0.0
2019-11-25 20:00:00+00:00,3.0003413485499132e-06,1.9525917410896572,1.0,4.679313205901536e-06,2.2660649208961532e-05,-0.6000000000000227,,0.013080000000000001,0.0
2019-11-25 21:00:00+00:00,2.9330073785551585e-06,2.0821330291825455,4.0,4.764801923363239e-06,2.1527616748513455e-05,-0.3000000000000682,,0.013080000000000001,0.0
2019-11-25 22:00:00+00:00,3.1066329803720747e-06,2.084612593736624,3.0,4.862324723919829e-06,2.045123591108778e-05,-0.0,1.9788195000000002,0.013080000000000001,0.0
2019-11-25 23:00:00+00:00,2.043628430089084e-06,2.033987304079743,3.0,3.2894925216465867e-06,1.9428674115533388e-05,0.10000000000002274,,0.013080000000000001,0.0
2019-11-26 00:00:00+00:00,2.22644376075283e-06,2.0618598358321494,3.0,3.5843166106447382e-06,1.8457240409756714e-05,0.3000000000000682,,0.01572,0.0
2019-11-26 01:00:00+00:00,3.3179459530659675e-06,2.3016630128182594,2.0,4.992406375340439e-06,1.7534378389268874e-05,0.09999999999990905,,0.01572,0.0
2019-11-26 02:00:00+00:00,3.336670782151888e-06,2.1599807774885966,1.0,5.201232892018227e-06,1.6657659469805428e-05,0.5,,0.01572,0.0
2019-11-26 03:00:00+00:00,3.380915975834017e-06,2.263791919088373,7.0,5.02427911383362e-06,1.5824776496315153e-05,0.5,,0.01572,0.0
2019-11-26 04:00:00+00:00,3.993268983814736e-06,2.5539536663406115,17.0,6.044975692190228e-06,1.5033537671499395e-05,0.3000000000000682,,0.01572,0.0
2019-11-26 05:00:00+00:00,4.795897913168303e-06,2.410626783819723,35.0,7.0067230255473325e-06,1.4281860787924422e-05,-0.10000000000002274,,0.01572,0.0
2019-11-26 06:00:00+00:00,5.48077106722537e-06,2.7429823087065373,36.0,7.727667835427351e-06,1.3567767748528198e-05,-0.2999999999999545,,0.01572,0.0
2019-11-26 07:00:00+00:00,4.170540764401865e-06,2.235829905925739,16.0,6.7505470712849175e-06,1.2889379361101787e-05,-0.40000000000009095,,0.01572,0.0
2019-11-26 08:00:00+00:00,2.7549505159387794e-06,1.8516580971644359,7.0,5.100953003227577e-06,1.2244910393046695e-05,-0.39999999999997726,,0.01572,0.0
2019-11-26 09:00:00+00:00,2.7118952717354585e-06,1.6339676404687957,2.0,4.987388965843886e-06,1.1632664873394359e-05,-0.2999999999999545,,0.01572,0.0
2019-11-26 10:00:00+00:00,2.6421521924968404e-06,1.635150773419473,3.0,4.8804503011482995e-06,1.105103162972464e-05,0.1999999999999318,,0.01572,0.0
2019-11-26 11:00:00+00:00,2.6204163543548015e-06,1.6767031503217031,4.0,4.815717040641106e-06,1.0498480048238408e-05,-0.0,,0.01572,0.0
2019-11-26 12:00:00+00:00,2.9062000178166738e-06,1.6552587337048073,2.0,5.112505742209773e-06,9.973556045826487e-06,0.40000000000009095,,0.01572,0.0
2019-11-26 13:00:00+00:00,2.8640617935574947e-06,1.6825076717762748,1.0,5.054687107027615e-06,9.474878243535162e-06,0.1999999999999318,,0.01572,0.0
2019-11-26 14:00:00+00:00,2.836967818361602e-06,1.7371777765338126,1.0,5.05281178617756e-06,9.001134331358402e-06,0.5,,0.01572,0.0
2019-11-26 15:00:00+00:00,2.7565260367434673e-06,1.700607863097293,3.0,4.910225855743472e-06,8.551077614790481e-06,0.3000000000000682,,0.01572,0.0
2019-11-26 16:00:00+00:00,2.83519023763529e-06,1.7596488881729995,1.0,4.905103022970575e-06,8.123523734050957e-06,-0.0,,0.01572,0.0
2019-11-26 17:00:00+00:00,2.775624568889687e-06,1.8934476436360566,4.0,4.894340360014529e-06,7.717347547348408e-06,-0.3000000000000682,,0.01572,0.0
2019-11-26 18:00:00+00:00,2.9152159343928535e-06,1.891046685020567,2.0,4.886067772098512e-06,7.3314801699809865e-06,-0.5,,0.01572,0.0
2019-11-26 19:00:00+00:00,2.978625960457473e-06,1.9472580606233827,0.0,4.796220763231945e-06,6.964906161481936e-06,-0.1999999999999318,,0.01572,0.0
2019-11-26 20:00:00+00:00,2.9928815363696987e-06,1.9633097874858436,5.0,5.0277046123813964e-06,6.616660853407839e-06,-0.10000000000002274,,0.01572,0.0
2019-11-26 21:00:00+00:00,2.605119199083127e-06,2.0186339717670947,7.0,4.861735393783928e-06,6.285827810737445e-06,-0.10000000000002274,2.2146219333333335,0.01572,0.0
2019-11-26 22:00:00+00:00,2.624545545914442e-06,2.0897593531326666,8.0,4.834260539612804e-06,5.971536420200572e-06,0.20000000000004547,1.9497145466666665,0.01572,0.0
2019-11-26 23:00:00+00:00,1.9864137490291417e-06,2.140546031231366,3.0,3.496400738278214e-06,5.672959599190543e-06,0.09999999999990905,,0.01572,0.0
2019-11-27 00:00:00+00:00,2.4316907910685966e-06,2.2862078227012685,9.0,3.547816432167244e-06,5.389311619231015e-06,0.40000000000009095,0.490625,0.00989,0.0
2019-11-27 01:00:00+00:00,3.2803451250674834e-06,2.19406899969773,4.0,5.002609466052479e-06,5.119846038269463e-06,-0.10000000000002274,1.526852,0.00989,0.0
2019-11-27 02:00:00+00:00,3.7833182887432897e-06,2.6079349012077535,16.0,5.339680628144446e-06,4.863853736355989e-06,0.6999999999999318,,0.00989,0.0
2019-11-27 03:00:00+00:00,5.184345900382701e-06,2.7952101708855506,41.0,7.263218338367123e-06,4.62066104953819e-06,0.6000000000000227,,0.00989,0.0
2019-11-27 04:00:00+00:00,5.732654386490628e-06,2.788479763140471,19.0,7.885866431563551e-06,4.3896279970612795e-06,0.20000000000004547,,0.00989,0.0
2019-11-27 05:00:00+00:00,5.357137671097592e-06,2.655619855334464,29.0,7.635562947607216e-06,4.170146597208215e-06,0.1999999999999318,,0.00989,0.0
2019-11-27 06:00:00+00:00,3.2267977826595646e-06,2.118936701274914,9.0,5.385928462129524e-06,3.961639267347803e-06,-0.39999999999997726,,0.00989,0.0
2019-11-27 07:00:00+00:00,2.3778662941678583e-06,2.0137987705868747,11.0,4.9492182430289145e-06,3.7635573039804123e-06,-0.5,,0.00989,0.0
2019-11-27 08:00:00+00:00,2.306446092013421e-06,2.070545022499386,6.0,4.705794491423109e-06,3.5753794387813916e-06,-0.2999999999999545,,0.00989,0.0
2019-11-27 09:00:00+00:00,2.3785294963761513e-06,2.055611124690279,14.0,4.7912901163952335e-06,3.3966104668423216e-06,-0.6000000000000227,,0.00989,0.0
2019-11-27 10:00:00+00:00,2.3807067937975483e-06,2.0099580877021785,5.0,4.6445874723538055e-06,3.226779943500205e-06,0.20000000000004547,,0.00989,0.0
2019-11-27 11:00:00+00:00,2.467134757091633e-06,1.946740101907259,4.0,4.728831353539227e-06,3.065440946325194e-06,-0.10000000000002274,,0.00989,0.0
2019-11-27 12:00:00+00:00,2.5191634347037735e-06,1.896901076925327,7.0,4.9088739373822485e-06,2.912168899008934e-06,1.1000000000000227,,0.00989,0.0
2019-11-27 13:00:00+00:00,2.602052323128519e-06,1.8405955233983036,2.0,4.980825183363346e-06,2.7665604540584866e-06,-0.10000000000002274,,0.00989,0.0
2019-11-27 14:00:00+00:00,2.743834332967011e-06,1.819723854167229,6.0,5.1209131204396725e-06,2.628232431355562e-06,0.6000000000000227,,0.00989,0.0
2019-11-27 15:00:00+00:00,2.726815042874863e-06,1.8774410202408294,2.0,5.081453735295352e-06,2.496820809787784e-06,0.09999999999990905,,0.00989,0.0
2019-11-27 16:00:00+00:00,2.7605550869213074e-06,1.955564928431112,8.0,4.983490620627791e-06,2.371979769298394e-06,-0.2999999999999545,,0.00989,0.0
2019-11-27 17:00:00+00:00,2.777602957773614e-06,1.955240044095964,3.0,4.998314066648426e-06,2.253380780833474e-06,-0.8999999999999773,,0.00989,0.0
2019-11-27 18:00:00+00:00,2.758317996454338e-06,1.9890518182909478,3.0,5.020568307607281e-06,2.1407117417918003e-06,-0.8000000000000682,,0.00989,0.0
2019-11-27 19:00:00+00:00,2.7596859375644917e-06,1.9890820312448645,3.0,5.1286465480304316e-06,2.03367615470221e-06,-0.5,,0.00989,0.0
2019-11-27 20:00:00+00:00,3.0539019478997206e-06,1.9832856876749858,7.0,5.041495212838915e-06,1.9319923469670993e-06,-0.09999999999990905,,0.00989,0.0
2019-11-27 21:00:00+00:00,3.0315909298139944e-06,2.0642737764602046,7.0,4.980616220667183e-06,1.835392729618744e-06,0.2999999999999545,,0.00989,0.0
2019-11-27 22:00:00+00:00,2.851422137505229e-06,1.9104624540557775,4.0,5.183257551034828e-06,1.7436230931378065e-06,0.20000000000004547,,0.00989,0.0
2019-11-27 23:00:00+00:00,2.3296875388121214e-06,2.0856752042532793,4.0,3.5014944539974617e-06,1.6564419384809157e-06,-0.10000000000002274,,0.00989,0.0
2019-11-28 00:00:00+00:00,2.495221275107147e-06,2.2230502813900483,8.0,3.4988345300838846e-06,1.5736198415568695e-06,0.6000000000000227,,0.012119999999999999,0.0
2019-11-28 01:00:00+00:00,3.3910824744730283e-06,2.1785607848944157,12.0,5.314181252500728e-06,1.4949388494790258e-06,0.09999999999990905,,0.012119999999999999,0.0
2019-11-28 02:00:00+00:00,3.906671051182341e-06,2.509097536753027,22.0,5.509711597214968e-06,1.4201919070050743e-06,0.20000000000004547,,0.012119999999999999,0.0
2019-11-28 03:00:00+00:00,3.098381785232604e-06,1.936735948635251,9.0,5.4871673705773594e-06,1.3491823116548205e-06,0.5,,0.012119999999999999,0.0
2019-11-28 04:00:00+00:00,2.8628110321307744e-06,1.937406163374663,3.0,5.002104787822882e-06,1.2817231960720791e-06,0.2999999999999545,,0.012119999999999999,0.0
2019-11-28 05:00:00+00:00,3.1699237518940956e-06,1.975619643731456,8.0,4.968339951233399e-06,1.217637036268475e-06,0.10000000000002274,,0.012119999999999999,0.0
2019-11-28 06:00:00+00:00,3.0412948468651837e-06,2.033812076737407,5.0,4.930894736945146e-06,1.156755184455051e-06,-0.10000000000002274,,0.012119999999999999,0.0
2019-11-28 07:00:00+00:00,2.8476298166318055e-06,1.9121880031437086,3.0,5.123508116370628e-06,1.0989174252322983e-06,-0.09999999999990905,,0.012119999999999999,0.0
2019-11-28 08:00:00+00:00,3.2481813363611377e-06,2.103046180187283,4.0,4.924012675930929e-06,1.0439715539706834e-06,-0.10000000000002274,,0.012119999999999999,0.0
2019-11-28 09:00:00+00:00,3.4672850207908714e-06,2.3451925844768136,8.0,5.161213635634869e-06,9.91772976272149e-07,-0.7000000000000455,,0.012119999999999999,0.0
2019-11-28 10:00:00+00:00,4.139304341364872e-06,2.4823642907998824,22.0,5.906423536139664e-06,9.421843274585415e-07,0.20000000000004547,,0.012119999999999999,0.0
2019-11-28 11:00:00+00:00,5.222149280603207e-06,2.409967034350681,46.0,7.289540193931837e-06,8.950751110856142e-07,0.1999999999999318,,0.012119999999999999,0.0
2019-11-28 12:00:00+00:00,5.3719949207514594e-06,2.378708537961101,32.0,7.560545126729935e-06,8.503213555313335e-07,-0.0,,0.012119999999999999,0.0
2019-11-28 13:00:00+00:00,4.666808934828377e-06,2.2687148886572173,21.0,7.104270781568686e-06,8.078052877547666e-07,0.10000000000002274,,0.012119999999999999,0.0
2019-11-28 14:00:00+00:00,2.526576696340245e-06,1.7661232025721103,4.0,5.174946534100064e-06,7.674150233670282e-07,0.39999999999997726,,0.012119999999999999,0.0
2019-11-28 15:00:00+00:00,2.0811746287309386e-06,1.949580809604507,15.0,3.996362761195729e-06,7.290442721986767e-07,0.3000000000000682,,0.012119999999999999,0.0
2019-11-28 16:00:00+00:00,2.0441705966633436e-06,2.1030815829249083,13.0,3.674057897930649e-06,6.925920585887427e-07,-0.20000000000004547,,0.012119999999999999,0.0
2019-11-28 17:00:00+00:00,2.000791306339491e-06,2.159784887024276,17.0,3.697959320565239e-06,0.005000657962455672,-0.2999999999999545,,0.012119999999999999,0.0
2019-11-28 18:00:00+00:00,1.977331923509988e-06,2.1717340644712517,11.0,3.811422034137754e-06,0.0097506250643329,-0.20000000000004547,,0.012119999999999999,0.0
2019-11-28 19:00:00+00:00,2.0318242223709434e-06,2.1424792931227725,18.0,3.945667928108152e-06,0.014263093811116267,-0.5,,0.012119999999999999,0.0
2019-11-28 20:00:00+00:00,2.016963932128563e-06,2.1904370100122463,19.0,3.980439724094154e-06,0.018549939120560466,-0.5,1.1014275,0.012119999999999999,0.0
2019-11-28 21:00:00+00:00,2.0543069605558677e-06,2.2265447892172094,16.0,3.993916680611397e-06,0.01762244216453244,-0.1999999999999318,1.8243055,0.012119999999999999,0.0
2019-11-28 22:00:00+00:00,2.0986108119587655e-06,2.2975376351358006,14.0,4.106694990789985e-06,0.016741320056305815,0.1999999999999318,1.4427853333333334,0.012119999999999999,0.0
2019-11-28 23:00:00+00:00,1.434395014077652e-06,2.289721151342197,17.0,2.846591255794669e-06,0.01590425405349052,0.20000000000004547,,0.012119999999999999,0.0
2019-11-29 00:00:00+00:00,1.4578559593157017e-06,2.3435183221348783,25.0,3.0429603503060545e-06,0.015109041350815993,0.39999999999997726,,0.01497,0.0
2019-11-29 01:00:00+00:00,2.1231247775318114e-06,2.3339370016516234,16.0,4.356893269464895e-06,0.014353589283275191,0.10000000000002274,,0.01497,0.0
2019-11-29 02:00:00+00:00,2.2296009330912776e-06,2.2912912108313557,15.0,4.566642812649056e-06,0.013635909819111431,0.39999999999997726,,0.01497,0.0
2019-11-29 03:00:00+00:00,2.247466321469651e-06,2.2917413554831456,17.0,4.415150310466233e-06,0.012954114328155858,0.10000000000002274,,0.01497,0.0
2019-11-29 04:00:00+00:00,2.3670860551707158e-06,2.291712527709342,14.0,4.607978352052233e-06,0.012306408611748063,-0.0,,0.01497,0.0
2019-11-29 05:00:00+00:00,2.8516866774200873e-06,2.25539641168206,18.0,4.757136996260188e-06,0.011691088181160658,-0.0,,0.01497,0.0
2019-11-29 06:00:00+00:00,2.835856443059328e-06,2.2612766970680744,15.0,5.0045427752805025e-06,0.011106533772102623,-0.5,,0.01497,0.0
2019-11-29 07:00:00+00:00,2.9878018015376432e-06,2.1673953656061733,12.0,4.896598526687818e-06,0.015551207083497503,-0.3000000000000682,,0.01497,0.0
2019-11-29 08:00:00+00:00,3.5949119893635985e-06,2.2874013468059626,32.0,5.691492119047569e-06,0.014773646729322626,-0.1999999999999318,,0.01497,0.0
2019-11-29 09:00:00+00:00,4.261787282002458e-06,2.2184126662983106,25.0,6.4975925869172006e-06,0.014034964392856493,-0.6000000000000227,,0.01497,0.0
2019-11-29 10:00:00+00:00,5.091387726292136e-06,2.2272502613344987,32.0,7.612770101038161e-06,0.013333216173213666,-0.0,,0.01497,0.0
2019-11-29 11:00:00+00:00,5.4991066659030205e-06,2.4748457820017653,26.0,7.719495386512637e-06,0.012666555364552983,-0.2999999999999545,,0.01497,0.0
2019-11-29 12:00:00+00:00,6.070594339934053e-06,2.543956395839495,24.0,8.521308321093913e-06,0.012033227596325332,-0.20000000000004547,,0.01497,0.0
2019-11-29 13:00:00+00:00,4.639103201984439e-06,2.505788780146099,19.0,7.193201509855803e-06,0.021431566216509088,0.20000000000004547,,0.01497,0.0
2019-11-29 14:00:00+00:00,2.804426000732436e-06,2.025137784565954,20.0,5.412777169001499e-06,0.025359987905683643,0.1999999999999318,,0.01497,0.0
2019-11-29 15:00:00+00:00,2.5833782827681914e-06,1.715691460183163,15.0,4.944881398308085e-06,0.024091988510399457,0.39999999999997726,,0.01497,0.0
2019-11-29 16:00:00+00:00,2.5503029603983275e-06,1.7359302918336301,4.0,4.834677465403558e-06,0.022887389084879483,-0.0,,0.01497,0.0
2019-11-29 17:00:00+00:00,2.6459212785191345e-06,1.7986325761311628,8.0,4.823720287454621e-06,0.021743019630635504,-0.2999999999999545,,0.01497,0.0
2019-11-29 18:00:00+00:00,2.5906519479771163e-06,1.9349258214298735,13.0,4.622527964469864e-06,0.030655868649103756,-0.39999999999997726,,0.01497,0.0
2019-11-29 19:00:00+00:00,2.6803553910296596e-06,1.889751587766231,6.0,4.887221364329813e-06,0.0441230752166486,-0.5,,0.01497,0.0
2019-11-29 20:00:00+00:00,2.7101412445678265e-06,1.9844188904856257,10.0,4.845710931934432e-06,0.05191692145581619,-0.10000000000002274,,0.01497,0.0
2019-11-29 21:00:00+00:00,2.7611271915378305e-06,1.8650290665212446,10.0,4.948505445677077e-06,0.054321075383025386,0.10000000000002274,,0.01497,0.0
2019-11-29 22:00:00+00:00,2.70503641848372e-06,1.932807947831127,11.0,4.819351157277471e-06,0.051605021613874105,0.39999999999997726,,0.01497,0.0
2019-11-29 23:00:00+00:00,1.915910341589115e-06,2.0111262139712283,11.0,3.403852091343433e-06,0.0490247705331804,0.2999999999999545,,0.01497,0.0
2019-11-30 00:00:00+00:00,1.977941138158938e-06,1.9328335821774463,11.0,3.5465115407924054e-06,0.046573532006521375,0.3000000000000682,,0.013940000000000001,0.0
2019-11-30 01:00:00+00:00,2.883476964990875e-06,1.8903868143983935,16.0,5.1074108793442475e-06,0.0442448554061953,0.10000000000002274,,0.013940000000000001,0.0
2019-11-30 02:00:00+00:00,3.0129339490196785e-06,1.858685190503999,9.0,5.362217571223141e-06,0.04203261263588553,0.2999999999999545,,0.013940000000000001,0.0
2019-11-30 03:00:00+00:00,3.0228836949741495e-06,1.9609260022724884,13.0,5.147516156282866e-06,0.039930982004091245,0.2999999999999545,,0.013940000000000001,0.0
2019-11-30 04:00:00+00:00,3.1703952904211476e-06,2.1159715721605283,11.0,5.3776811324758885e-06,0.03793443290388668,0.3000000000000682,,0.013940000000000001,0.0
2019-11-30 05:00:00+00:00,2.9358334674125706e-06,1.9165555001655108,14.0,5.263209187406601e-06,0.03603771125869234,-0.0,,0.013940000000000001,0.0
2019-11-30 06:00:00+00:00,3.3404121234123143e-06,2.1742099356886357,13.0,5.290459369382024e-06,0.03423582569575772,-0.0,,0.013940000000000001,0.0
2019-11-30 07:00:00+00:00,4.330372484701297e-06,2.3019901629533757,42.0,6.30906098636851e-06,0.03252403441096983,-0.3000000000000682,,0.013940000000000001,0.0
2019-11-30 08:00:00+00:00,5.1133306975529386e-06,2.3096134264342165,36.0,7.447756804331371e-06,0.030897832690421335,-0.39999999999997726,,0.013940000000000001,0.0
2019-11-30 09:00:00+00:00,5.6839374295698415e-06,2.336060333968069,41.0,8.388653116944075e-06,0.02935294105590026,-0.5,,0.013940000000000001,0.0
2019-11-30 10:00:00+00:00,5.088716260227062e-06,2.289032638317749,35.0,7.600712767858985e-06,0.027885294003105247,0.10000000000002274,,0.013940000000000001,0.0
2019-11-30 11:00:00+00:00,3.160694708803079e-06,1.9207071866604262,14.0,5.7196660931871055e-06,0.02649102930294998,0.10000000000002274,,0.013940000000000001,0.0
2019-11-30 12:00:00+00:00,3.1325629373935675e-06,1.8208006888799515,22.0,5.574373609656437e-06,0.030166477837802488,0.5,,0.013940000000000001,0.0
2019-11-30 13:00:00+00:00,2.6472942223487472e-06,1.7991687849382432,12.0,4.711197595321174e-06,0.02865815394591236,0.2999999999999545,,0.013940000000000001,1.0
2019-11-30 14:00:00+00:00,2.711338691605666e-06,1.7343016313706971,10.0,4.897016344481243e-06,0.03222524624861675,0.39999999999997726,,0.013940000000000001,1.0
2019-11-30 15:00:00+00:00,2.9115666481750452e-06,1.6885169459237568,9.0,5.269089661270311e-06,0.04061398393618594,0.20000000000004547,,0.013940000000000001,0.0
2019-11-30 16:00:00+00:00,2.9709694516186295e-06,1.6366351280299376,12.0,5.587597323564805e-06,0.03858328473937664,-0.0,,0.013940000000000001,0.0
2019-11-30 17:00:00+00:00,3.213090705381694e-06,1.8168942470102534,10.0,5.421555154513388e-06,0.04665412050240783,-0.10000000000002274,,0.013940000000000001,1.0
2019-11-30 18:00:00+00:00,3.196731661259568e-06,1.7998468854949172,18.0,5.426335814234589e-06,0.044321414477287435,-0.39999999999997726,,0.013940000000000001,0.0
2019-11-30 19:00:00+00:00,3.214296760111176e-06,1.59577220726731,7.0,5.699826686008346e-06,0.042105343753423057,-0.10000000000002274,,0.013940000000000001,0.0
2019-11-30 20:00:00+00:00,3.1651412209562e-06,1.7374535227272794,13.0,5.580257040267337e-06,0.0400000765657519,-0.10000000000002274,,0.013940000000000001,0.0
2019-11-30 21:00:00+00:00,3.194219254949537e-06,1.6572256228072877,13.0,5.527793631237607e-06,0.038000072737464294,-0.0,,0.013940000000000001,0.0
2019-11-30 22:00:00+00:00,3.7568489250231504e-06,1.9164649790204475,24.0,6.1189068013182646e-06,0.04110006910059109,0.10000000000002274,,0.013940000000000001,0.0
2019-11-30 23:00:00+00:00,3.1308463193438566e-06,2.13954307593808,30.0,4.821178156677434e-06,0.04404506564556154,0.39999999999997726,,0.013940000000000001,0.0
2019-12-01 00:00:00+00:00,3.6931274373997074e-06,2.3504917946809134,40.0,5.426120810929672e-06,0.04684281236328347,0.7000000000000455,,0.01697,0.0
2019-12-01 01:00:00+00:00,3.599541581115656e-06,1.980686692105662,13.0,6.465379281218269e-06,0.0495006717451193,0.10000000000002274,,0.01697,0.0
2019-12-01 02:00:00+00:00,4.118789029088691e-06,1.9253009286686185,28.0,6.590879825435604e-06,0.04702563815786333,0.6000000000000227,,0.01697,0.0
2019-12-01 03:00:00+00:00,5.070728431870931e-06,2.274071940368827,37.0,7.907462714671577e-06,0.044674356249970154,0.2999999999999545,,0.01697,0.0
2019-12-01 04:00:00+00:00,2.848408458205988e-06,1.6252077036592354,8.0,5.591700103487467e-06,0.04244063843747164,-0.39999999999997726,,0.01697,0.0
2019-12-01 05:00:00+00:00,3.2787258276559167e-06,1.6880285027930257,12.0,5.476887006557016e-06,0.04031860651559805,0.5,,0.01697,0.0
2019-12-01 06:00:00+00:00,2.7578171719615842e-06,1.447949852283898,18.0,5.36142305547324e-06,0.03830267618981814,-0.20000000000004547,,0.01697,0.0
2019-12-01 07:00:00+00:00,2.7755282985730956e-06,1.5097487106233805,9.0,5.3922272108129365e-06,0.03638754238032723,-0.39999999999997726,,0.01697,0.0
2019-12-01 08:00:00+00:00,2.9648246868362434e-06,1.4605940540715185,7.0,5.761927754834035e-06,0.03456816526131087,-0.5,,0.01697,0.0
2019-12-01 09:00:00+00:00,3.1807891367984913e-06,1.6363133178418812,13.0,5.777335290231158e-06,0.032839756998245324,-0.39999999999997726,,0.01697,0.0
2019-12-01 10:00:00+00:00,3.0209908850464337e-06,1.5797644140550837,11.0,5.736690387532181e-06,0.04119776914833308,0.10000000000002274,,0.01697,0.0
2019-12-01 11:00:00+00:00,3.0953010465905505e-06,1.7860529545789,9.0,5.505821352544178e-06,0.04413788069091643,0.2999999999999545,,0.01697,0.0
2019-12-01 12:00:00+00:00,3.1567053669963636e-06,1.628796626874788,6.0,5.906451430594954e-06,0.04693098665637062,1.0,,0.01697,0.0
2019-12-01 13:00:00+00:00,3.3063746230927685e-06,1.936867498099799,20.0,5.2454475857827185e-06,0.0495844373235521,0.2999999999999545,,0.01697,0.0
2019-12-01 14:00:00+00:00,3.832593064246543e-06,2.054005887705529,28.0,5.819184965552417e-06,0.047105215457374484,0.6000000000000227,,0.01697,0.0
2019-12-01 15:00:00+00:00,4.2291552111522655e-06,2.4355253210926895,29.0,6.071599141341042e-06,0.04474995468450575,-0.0,,0.01697,0.0
2019-12-01 16:00:00+00:00,3.936658221749945e-06,2.273977781911102,21.0,6.2629138116389254e-06,0.04751245695028047,0.39999999999997726,,0.01697,0.0
2019-12-01 17:00:00+00:00,3.027561543938464e-06,1.8288646189526252,12.0,4.906503449425968e-06,0.04513683410276644,-0.5,,0.01697,0.0
2019-12-01 18:00:00+00:00,3.5314771317922694e-06,2.22935900533539,10.0,4.937717187291686e-06,0.04787999239762813,-0.599999999999909,,0.01697,0.0
2019-12-01 19:00:00+00:00,3.278324846471964e-06,2.105271256068409,15.0,5.209566176672831e-06,0.05048599277774673,-0.7000000000000455,,0.01697,0.0
2019-12-01 20:00:00+00:00,3.0923443587887226e-06,1.883831714830732,9.0,5.046169088036336e-06,0.0529616931388594,-0.2999999999999545,,0.01697,0.0
2019-12-01 21:00:00+00:00,3.014737455118979e-06,1.8864425492161896,6.0,4.920671941718333e-06,0.06031360848191644,-0.10000000000002274,,0.01697,0.0
2019-12-01 22:00:00+00:00,3.1047098803472348e-06,1.9741721467099438,9.0,4.809006682380389e-06,0.062297928057820626,0.1999999999999318,,0.01697,0.0
2019-12-01 23:00:00+00:00,2.339529503661007e-06,2.11938570296066,17.0,3.3225985856054274e-06,0.05918303165492959,0.7000000000000455,,0.01697,0.0
2019-12-02 00:00:00+00:00,2.1286693716826035e-06,1.8374349178303302,9.0,3.616575602159478e-06,0.056223880072183104,0.20000000000004547,,0.01613,0.0
2019-12-02 01:00:00+00:00,3.132250453740525e-06,2.0685307872555456,16.0,4.584154750646999e-06,0.058412686068573964,0.09999999999990905,,0.01613,0.0
2019-12-02 02:00:00+00:00,3.5027704675151187e-06,2.1813082527618572,24.0,5.161347051563758e-06,0.05549205176514526,0.5,,0.01613,0.0
2019-12-02 03:00:00+00:00,3.7863644907006436e-06,2.3890232258833346,17.0,5.492807488367554e-06,0.05271744917688798,0.8000000000000682,,0.01613,0.0
2019-12-02 04:00:00+00:00,4.280313902673261e-06,2.513422564048332,29.0,6.0693981025685725e-06,0.05008157671804358,0.2999999999999545,,0.01613,0.0
2019-12-02 05:00:00+00:00,4.393214129018796e-06,2.6180642317565,21.0,6.2237482319131485e-06,0.04757749788214139,0.3000000000000682,,0.01613,0.0
2019-12-02 06:00:00+00:00,4.209075507791085e-06,2.381827638390852,24.0,6.346268317085587e-06,0.045198622988034315,-0.3000000000000682,,0.01613,0.0
2019-12-02 07:00:00+00:00,3.143264847297497e-06,1.8208090657353786,15.0,4.876468227740825e-06,0.042938691838632595,-0.6999999999999318,,0.01613,0.0
2019-12-02 08:00:00+00:00,3.956966971861272e-06,2.2936291022136337,18.0,5.511968899397311e-06,0.04079175724670096,0.1999999999999318,,0.01613,0.0
2019-12-02 09:00:00+00:00,4.269204889612128e-06,2.2677984734244956,21.0,6.461316089439706e-06,0.03875216938436591,-0.0,,0.01613,0.0
2019-12-02 10:00:00+00:00,3.173433936346144e-06,1.9108243107697644,16.0,4.8697768073650235e-06,0.036814560915147614,-0.1999999999999318,,0.01613,0.0
2019-12-02 11:00:00+00:00,3.834754680535192e-06,2.2522592259011915,18.0,5.712776465853416e-06,0.03497383286939023,0.1999999999999318,,0.01613,1.0
2019-12-02 12:00:00+00:00,3.4088707006489824e-06,2.0015245184414723,19.0,5.183422764255554e-06,0.03322514122592071,0.6000000000000227,,0.01613,0.0
2019-12-02 13:00:00+00:00,2.4516521069954406e-06,1.6232584885191779,7.0,4.5195195319942815e-06,0.031563884164624675,0.7999999999999545,,0.01613,0.0
2019-12-02 14:00:00+00:00,2.3515147545231663e-06,1.4453634723105582,8.0,4.532972902237127e-06,0.029985689956393436,0.8000000000000682,,0.01613,0.0
2019-12-02 15:00:00+00:00,2.312008348620499e-06,1.4091503565898085,5.0,4.550651402960665e-06,0.028486405458573758,0.5,,0.01613,0.0
2019-12-02 16:00:00+00:00,2.35769231907765e-06,1.3867605501417344,12.0,4.6578830122635066e-06,0.02706208518564507,-0.10000000000002274,,0.01613,0.0
2019-12-02 17:00:00+00:00,2.475786417841797e-06,1.4857136694042756,9.0,4.637995323168528e-06,0.02570898092636281,0.2999999999999545,,0.01613,0.0
2019-12-02 18:00:00+00:00,2.633603309255079e-06,1.5087543709957105,15.0,4.8199963146297686e-06,0.03442353188004469,-0.09999999999990905,,0.01613,0.0
2019-12-02 19:00:00+00:00,2.5480040543948106e-06,1.4216305475933124,9.0,4.8644068287078605e-06,0.06770235528604254,-0.3000000000000682,,0.01613,0.0
2019-12-02 20:00:00+00:00,2.531106129176265e-06,1.468474751598097,13.0,4.7493397478708065e-06,0.07931723752174044,-0.10000000000002274,,0.01613,0.0
2019-12-02 21:00:00+00:00,2.7731316503366698e-06,1.5500956450104184,8.0,5.17663544575081e-06,0.08035137564565342,0.3000000000000682,,0.01613,0.0
2019-12-02 22:00:00+00:00,2.625859378733673e-06,1.49959435249911,15.0,5.001117048605755e-06,0.08133380686337076,0.6999999999999318,,0.01613,0.0
2019-12-02 23:00:00+00:00,1.9238107449928227e-06,1.5520995328665632,8.0,3.6089666940008523e-06,0.07726711652020221,0.7000000000000455,,0.01613,0.0
2019-12-03 00:00:00+00:00,1.9113377180216053e-06,1.495055816844463,25.0,3.7097302651798948e-06,0.07340376069419209,1.7999999999999545,,0.01569,0.0
2019-12-03 01:00:00+00:00,2.761780721714248e-06,1.2804643409955416,17.0,5.778113516646633e-06,0.06973357265948248,0.20000000000004547,,0.01569,0.0
2019-12-03 02:00:00+00:00,2.574578079514354e-06,1.0335152811406998,24.0,6.233251917161e-06,0.06624689402650834,0.7999999999999545,,0.01569,0.0
2019-12-03 03:00:00+00:00,2.507677466110866e-06,1.1502014273647951,9.0,5.952937738824619e-06,0.06293454932518291,0.20000000000004547,,0.01569,0.0
2019-12-03 04:00:00+00:00,2.3046756497214423e-06,1.5415317472984238,6.0,5.16891495919132e-06,0.13978782185892397,-0.39999999999997726,,0.01569,0.0
2019-12-03 05:00:00+00:00,2.3626903204423277e-06,2.1063300126483475,12.0,5.229065359191117e-06,0.16279843076597783,-0.39999999999997726,,0.01569,0.0
2019-12-03 06:00:00+00:00,2.2323347220257813e-06,2.1585893113765424,14.0,5.132073952343876e-06,0.15465850922767893,-0.5,,0.01569,1.0
2019-12-03 07:00:00+00:00,2.4772366570593635e-06,2.2097924864566116,11.0,5.617422045108765e-06,0.14692558376629497,-0.8000000000000682,,0.01569,0.0
2019-12-03 08:00:00+00:00,2.4553759620064667e-06,2.1535479871274013,13.0,5.758963741398364e-06,0.1395793045779802,-0.5,,0.01569,0.0
2019-12-03 09:00:00+00:00,2.4755211784813644e-06,2.1272259582668083,16.0,5.088985992168155e-06,0.13260033934908116,-0.6000000000000227,,0.01569,0.0
2019-12-03 10:00:00+00:00,2.9976823302426243e-06,2.3610564684176665,16.0,5.066721651403637e-06,0.1259703223816271,-0.5,,0.01569,0.0
2019-12-03 11:00:00+00:00,3.4807749978954096e-06,2.357797750079554,23.0,5.412080270811566e-06,0.11967180626254571,-0.599999999999909,,0.01569,0.0
2019-12-03 12:00:00+00:00,3.702804816131393e-06,2.426542492602389,20.0,5.938295435018045e-06,0.11368821594941841,0.1999999999999318,,0.01569,0.0
2019-12-03 13:00:00+00:00,2.7019428197329786e-06,2.206914536774773,18.0,6.047248108052221e-06,0.10800380515194748,-0.10000000000002274,,0.01569,0.0
2019-12-03 14:00:00+00:00,2.5113415356388598e-06,2.162518195766871,14.0,5.467010323108155e-06,0.10260361489435009,0.10000000000002274,,0.01569,0.0
2019-12-03 15:00:00+00:00,2.721742398632261e-06,2.229981362860651,12.0,5.842967391412506e-06,0.09747343414963257,0.20000000000004547,,0.01569,0.0
2019-12-03 16:00:00+00:00,2.535791069547958e-06,2.1800505069985334,19.0,5.683034074444001e-06,0.09259976244215093,-0.7000000000000455,,0.01569,0.0
2019-12-03 17:00:00+00:00,2.6112953212463076e-06,2.222214192267725,9.0,5.616546798290407e-06,0.08796977432004337,-0.5,,0.01569,0.0
2019-12-03 18:00:00+00:00,2.569774018483016e-06,2.1804879309999934,20.0,5.596019963506466e-06,0.08357128560404119,-0.5,,0.01569,0.0
2019-12-03 19:00:00+00:00,2.5512446844131138e-06,2.188752265357976,15.0,5.61521929547944e-06,0.07939272132383912,-0.39999999999997726,,0.01569,0.0
2019-12-03 20:00:00+00:00,2.639728210967478e-06,2.3680993694855355,18.0,5.164075036933972e-06,0.07542308525764715,-0.2999999999999545,4.92282025,0.01569,0.0
2019-12-03 21:00:00+00:00,2.8083400589279853e-06,2.4519918570563184,23.0,5.155571209387032e-06,0.07165193099476479,-0.0,8.875712284615386,0.01569,0.0
2019-12-03 22:00:00+00:00,2.575374126773559e-06,2.1528147232346515,8.0,5.810257532811425e-06,0.06806933444502654,0.09999999999990905,2.628107,0.01569,0.0
2019-12-03 23:00:00+00:00,1.8605495386170264e-06,2.1833238469315095,8.0,4.191464185677959e-06,0.0646658677227752,0.3000000000000682,0.3829088333333333,0.01569,0.0
2019-12-04 00:00:00+00:00,1.691765494695869e-06,2.2247036557763,16.0,4.070734943723677e-06,0.06143257433663643,1.1999999999999318,0.413194,0.015799999999999998,0.0
2019-12-04 01:00:00+00:00,2.7138978754794172e-06,2.202862055891128,16.0,5.8112657693173845e-06,0.05836094561980461,0.20000000000004547,,0.015799999999999998,0.0
2019-12-04 02:00:00+00:00,2.7612107307056607e-06,2.251618796061293,13.0,5.5467199487939245e-06,0.05544289833881436,0.39999999999997726,,0.015799999999999998,0.0
2019-12-04 03:00:00+00:00,2.733710080472969e-06,2.295302130843022,12.0,5.59693954538218e-06,0.052670753421873634,0.6000000000000227,,0.015799999999999998,0.0
2019-12-04 04:00:00+00:00,2.7232429796148546e-06,2.2363867288687405,13.0,5.7129892165950136e-06,0.05003721575077994,-0.0,,0.015799999999999998,0.0
2019-12-04 05:00:00+00:00,2.7890103000117966e-06,2.317183966052667,14.0,5.066152772424165e-06,0.04753535496324094,0.20000000000004547,,0.015799999999999998,0.0
2019-12-04 06:00:00+00:00,2.7423578020812133e-06,2.172796562539048,19.0,5.502419267827463e-06,0.04515858721507889,0.09999999999990905,,0.015799999999999998,0.0
2019-12-04 07:00:00+00:00,2.667930199091559e-06,2.3269813469146547,15.0,4.984974679285462e-06,0.042900657854324946,-0.5,,0.015799999999999998,0.0
2019-12-04 08:00:00+00:00,2.6979334612403877e-06,2.2384045766990557,22.0,5.03818717241803e-06,0.04075562496160869,-0.599999999999909,,0.015799999999999998,0.0
2019-12-04 09:00:00+00:00,2.4741893821506124e-06,2.141763370030439,9.0,5.6867879808941715e-06,0.03871784371352825,-0.10000000000002274,,0.015799999999999998,0.0
2019-12-04 10:00:00+00:00,2.6092680295577696e-06,2.158302955103952,13.0,5.444015471602793e-06,0.03678195152785183,-0.0,,0.015799999999999998,0.0
2019-12-04 11:00:00+00:00,2.5130705085176463e-06,2.10927759156197,13.0,5.524954436124178e-06,0.034942853951459234,-0.0,,0.015799999999999998,0.0
2019-12-04 12:00:00+00:00,2.50298611261527e-06,2.189779563373236,12.0,4.9908742189767885e-06,0.03319571125388627,0.39999999999997726,,0.015799999999999998,0.0
2019-12-04 13:00:00+00:00,2.57033901746398e-06,2.273208678157943,12.0,5.098971242263542e-06,0.03153592569119195,0.39999999999997726,,0.015799999999999998,0.0
2019-12-04 14:00:00+00:00,2.6337853500480828e-06,2.147697868452728,11.0,5.964805226959918e-06,0.029959129406632347,0.3000000000000682,,0.015799999999999998,0.0
2019-12-04 15:00:00+00:00,2.8069261084768643e-06,2.1579549306846815,15.0,5.1250145145867465e-06,0.028461172936300724,0.09999999999990905,,0.015799999999999998,0.0
2019-12-04 16:00:00+00:00,2.844254960764008e-06,2.3496569624837984,17.0,5.107537992249511e-06,0.027038114289485684,-0.09999999999990905,,0.015799999999999998,0.0
2019-12-04 17:00:00+00:00,2.656213458477446e-06,2.140880386042459,9.0,5.28917622907929e-06,0.025686208575011395,-0.5,,0.015799999999999998,0.0
2019-12-04 18:00:00+00:00,2.962526239676902e-06,2.3277614873272188,27.0,5.180145684351549e-06,0.02440189814626082,-0.7000000000000455,,0.015799999999999998,0.0
2019-12-04 19:00:00+00:00,3.4153258909685502e-06,2.267078037008805,19.0,5.463645283721298e-06,0.02318180323894778,-0.6000000000000227,,0.015799999999999998,0.0
2019-12-04 20:00:00+00:00,3.6527030566487974e-06,2.43921883931589,30.0,5.820176390636806e-06,0.022022713077000388,-0.5,,0.015799999999999998,0.0
2019-12-04 21:00:00+00:00,3.49322107044816e-06,2.3384168961868337,19.0,5.6593876465322465e-06,0.020921577423150366,-0.10000000000002274,,0.015799999999999998,0.0
2019-12-04 22:00:00+00:00,2.784429631601924e-06,2.0584065772310627,20.0,5.9426907249718675e-06,0.019875498551992846,-0.1999999999999318,,0.015799999999999998,0.0
2019-12-04 23:00:00+00:00,2.0633714487357343e-06,2.107444901828279,9.0,4.410218900052208e-06,0.0188817236243932,0.2999999999999545,,0.015799999999999998,0.0
2019-12-05 00:00:00+00:00,2.013437166267042e-06,2.055571813972182,14.0,4.2581782355120374e-06,0.01793763744317354,0.3000000000000682,,0.014260000000000002,0.0
2019-12-05 01:00:00+00:00,3.005056459970541e-06,2.118308745560344,12.0,5.92867609799231e-06,0.01704075557101486,0.1999999999999318,,0.014260000000000002,0.0
2019-12-05 02:00:00+00:00,2.8818087947892856e-06,2.095862426879546,18.0,5.956138551379213e-06,0.016188717792464117,0.39999999999997726,,0.014260000000000002,0.0
2019-12-05 03:00:00+00:00,3.1398145871557982e-06,2.1715806958038733,12.0,6.034414180637298e-06,0.01537928190284091,0.40000000000009095,,0.014260000000000002,0.0
2019-12-05 04:00:00+00:00,3.2373823456955313e-06,2.2626374834713867,19.0,5.644928941810216e-06,0.014610317807698862,0.1999999999999318,,0.014260000000000002,0.0
2019-12-05 05:00:00+00:00,3.329545062899995e-06,2.3394904308360123,21.0,5.765141851184509e-06,0.013879801917313918,-0.0,,0.014260000000000002,0.0
2019-12-05 06:00:00+00:00,3.7441912029953223e-06,2.3571566619701585,21.0,5.894525065856075e-06,0.01318581182144822,-0.39999999999997726,,0.014260000000000002,0.0
2019-12-05 07:00:00+00:00,3.6575675481938337e-06,2.3585827290396897,23.0,5.9273702902292145e-06,0.012526521230375808,-0.6000000000000227,,0.014260000000000002,0.0
2019-12-05 08:00:00+00:00,2.858253556161136e-06,2.1488194833933254,16.0,5.9938810182284955e-06,0.011900195168857016,-0.6999999999999318,,0.014260000000000002,0.0
2019-12-05 09:00:00+00:00,3.144443383889898e-06,2.0968612003962526,14.0,6.03250315742166e-06,0.011305185410414163,-0.40000000000009095,,0.014260000000000002,0.0
2019-12-05 10:00:00+00:00,2.827939555300725e-06,2.074174453099854,13.0,5.773873803147772e-06,0.010739926139893453,0.10000000000002274,,0.014260000000000002,0.0
2019-12-05 11:00:00+00:00,3.1192291168659543e-06,2.1729629619531394,15.0,6.136562628690975e-06,0.010202929832898779,-0.0,,0.014260000000000002,0.0
2019-12-05 12:00:00+00:00,3.2779957678518003e-06,2.240487651793858,20.0,5.917187218028018e-06,0.00969278334125384,0.3000000000000682,,0.014260000000000002,0.0
2019-12-05 13:00:00+00:00,3.190767146504436e-06,2.283213368466164,21.0,5.707511637503979e-06,0.009208144174191146,-0.0,,0.014260000000000002,0.0
2019-12-05 14:00:00+00:00,3.022867638684648e-06,2.1105910168979594,17.0,5.989323726224479e-06,0.008747736965481588,-0.10000000000002274,,0.014260000000000002,0.0
2019-12-05 15:00:00+00:00,3.1306405322513395e-06,2.2568603681654245,15.0,5.4492237195734706e-06,0.008310350117207507,-0.10000000000002274,,0.014260000000000002,0.0
2019-12-05 16:00:00+00:00,3.0169295510024073e-06,2.088280615610534,12.0,5.877205245144494e-06,0.00789483261134713,-0.5,,0.014260000000000002,0.0
2019-12-05 17:00:00+00:00,3.1606831936501257e-06,2.203081007597566,22.0,5.836111794011728e-06,0.0075000909807797726,-0.6000000000000227,,0.014260000000000002,0.0
2019-12-05 18:00:00+00:00,3.2086699561744678e-06,2.2318130848941595,17.0,5.5417513852023665e-06,0.007125086431740783,-0.6000000000000227,,0.014260000000000002,0.0
2019-12-05 19:00:00+00:00,3.392010207730595e-06,2.3708593848277624,14.0,5.5422749341709696e-06,0.006768832110153743,-0.6999999999999318,,0.014260000000000002,0.0
2019-12-05 20:00:00+00:00,3.5254975732132862e-06,2.321095443447893,27.0,5.928023978751728e-06,0.006430390504646054,-0.5,,0.014260000000000002,1.0
2019-12-05 21:00:00+00:00,3.000916201273789e-06,2.2310494310844144,22.0,6.056590582914147e-06,0.006108870979413751,-0.10000000000002274,,0.014260000000000002,0.0
2019-12-05 22:00:00+00:00,3.1201891712681346e-06,2.228436998726685,18.0,5.788997555545148e-06,0.005803427430443063,0.2999999999999545,,0.014260000000000002,0.0
2019-12-05 23:00:00+00:00,2.2173271663184946e-06,2.3539889968436953,11.0,3.757423571411686e-06,0.005513256058920909,0.20000000000004547,,0.014260000000000002,0.0
2019-12-06 00:00:00+00:00,1.9685510290256505e-06,2.194095984704458,20.0,4.033379582520124e-06,0.005237593255974862,0.2999999999999545,,0.017329999999999998,0.0
2019-12-06 01:00:00+00:00,3.030914676655135e-06,2.0951104307584445,20.0,5.935543632951868e-06,0.004975713593176119,0.10000000000002274,,0.017329999999999998,0.0
2019-12-06 02:00:00+00:00,3.1931252933341623e-06,2.0329310798086295,15.0,6.237882155700486e-06,0.004726927913517313,0.10000000000002274,,0.017329999999999998,0.0
2019-12-06 03:00:00+00:00,3.1406240275523223e-06,2.2492932869017497,10.0,5.5555080268335995e-06,0.004490581517841446,-0.0,,0.017329999999999998,0.0
2019-12-06 04:00:00+00:00,3.6447101860378936e-06,2.2035048228273975,16.0,7.117732800101273e-06,0.004266052441949373,0.10000000000002274,,0.017329999999999998,1.0
2019-12-06 05:00:00+00:00,2.8751451059827393e-06,2.129588925803108,22.0,5.558767475543695e-06,0.004052749819851904,-0.10000000000002274,,0.017329999999999998,0.0
2019-12-06 06:00:00+00:00,3.0927597046262765e-06,2.173349830505514,14.0,5.6525879407549145e-06,0.0038501123288593084,-0.39999999999997726,,0.017329999999999998,0.0
2019-12-06 07:00:00+00:00,3.3083258007841612e-06,2.2422404440658266,24.0,5.375690208354604e-06,0.003657606712416343,-0.7000000000000455,,0.017329999999999998,0.0
2019-12-06 08:00:00+00:00,3.535782935718288e-06,2.253728999940597,14.0,5.764246560996043e-06,0.0034747263767955254,-0.39999999999997726,,0.017329999999999998,0.0
2019-12-06 09:00:00+00:00,3.2737419188483064e-06,1.9986017234825226,13.0,6.295481803465793e-06,0.0033009900579557484,-0.39999999999997726,,0.017329999999999998,1.0
2019-12-06 10:00:00+00:00,3.4328121665192704e-06,2.2588090900416975,22.0,5.4816029908427345e-06,0.0031359405550579604,-0.3000000000000682,,0.017329999999999998,0.0
2019-12-06 11:00:00+00:00,3.663058415709482e-06,2.2191491914355566,21.0,5.9069468113064555e-06,0.002979143527305062,-0.0,,0.017329999999999998,0.0
2019-12-06 12:00:00+00:00,3.2121413932231926e-06,2.0552601027975816,18.0,6.045162068065691e-06,0.0028301863509398086,-0.0,,0.017329999999999998,0.0
2019-12-06 13:00:00+00:00,3.3976882226376413e-06,2.257379712373806,15.0,5.472788918710783e-06,0.002688677033392818,-0.0,,0.017329999999999998,0.0
2019-12-06 14:00:00+00:00,3.358365390873463e-06,2.254324688206743,14.0,5.743089817425249e-06,0.0025542431817231767,0.10000000000002274,,0.017329999999999998,0.0
2019-12-06 15:00:00+00:00,2.805896735256871e-06,2.034025020472155,16.0,5.897223168539589e-06,0.0024265310226370177,-0.2999999999999545,,0.017329999999999998,1.0
2019-12-06 16:00:00+00:00,2.868532594532394e-06,2.136827617371155,16.0,5.811868994024883e-06,0.0073052044715051796,-0.10000000000002274,,0.017329999999999998,0.0
2019-12-06 17:00:00+00:00,2.984662014784591e-06,2.102586063664131,20.0,5.650425975468107e-06,0.00693994424792992,-0.5,,0.017329999999999998,0.0
2019-12-06 18:00:00+00:00,3.178961767954022e-06,2.194730898973344,18.0,5.407090097732207e-06,0.006592947035533423,-0.5,,0.017329999999999998,0.0
2019-12-06 19:00:00+00:00,3.0246793677098244e-06,2.0821475138701797,24.0,5.859812462268736e-06,0.00626329968375675,-0.6000000000000227,,0.017329999999999998,0.0
2019-12-06 20:00:00+00:00,3.0650037373608074e-06,2.194829286559493,13.0,5.42864499418371e-06,0.005950134699568912,-0.5,,0.017329999999999998,0.0
2019-12-06 21:00:00+00:00,3.1613141464639746e-06,2.222549321535688,21.0,5.605077486002069e-06,0.005652627964590465,-0.10000000000002274,,0.017329999999999998,0.0
2019-12-06 22:00:00+00:00,3.024992612631562e-06,2.05439341876465,18.0,5.91165726731209e-06,0.005369996566360942,0.3000000000000682,,0.017329999999999998,0.0
2019-12-06 23:00:00+00:00,2.1240221472577194e-06,2.1961852640476858,9.0,3.7524852609428095e-06,0.005101496738042894,-0.0,,0.017329999999999998,0.0
2019-12-07 00:00:00+00:00,2.15324701108472e-06,2.10485193303966,24.0,3.971413955594894e-06,0.004846421901140748,0.6000000000000227,,0.02121,0.0
2019-12-07 01:00:00+00:00,2.8102977078539556e-06,2.1289833467738046,17.0,5.313467294771761e-06,0.00460410080608371,-0.0,,0.02121,0.0
2019-12-07 02:00:00+00:00,2.861311986538177e-06,2.142433014934469,13.0,5.571545052642168e-06,0.004373895765779524,0.2999999999999545,,0.02121,0.0
2019-12-07 03:00:00+00:00,2.778391606160378e-06,1.9125780818383225,16.0,5.6455877157656824e-06,0.004155200977490547,0.39999999999997726,,0.02121,0.0
2019-12-07 04:00:00+00:00,2.733916702791488e-06,2.0758977881197507,11.0,5.1626554838129485e-06,0.00394744092861602,0.10000000000002274,,0.02121,0.0
2019-12-07 05:00:00+00:00,2.784123862155589e-06,2.104048882052202,18.0,5.316374191317808e-06,0.0037500688821852186,-0.10000000000002274,,0.02121,0.0
2019-12-07 06:00:00+00:00,2.8470137859006424e-06,1.8787733082161384,22.0,5.7136874166831415e-06,0.0035625654380759576,-0.6000000000000227,,0.02121,0.0
2019-12-07 07:00:00+00:00,2.638764161645491e-06,1.8831177017689702,8.0,5.073505454597033e-06,0.0033844371661721595,-0.6999999999999318,,0.02121,0.0
2019-12-07 08:00:00+00:00,2.7299724628859985e-06,1.9683857746808018,10.0,5.156238566678304e-06,0.0032152153078635515,-0.20000000000004547,,0.02121,0.0
2019-12-07 09:00:00+00:00,2.8139789875962944e-06,1.8854683623183632,14.0,5.598263202425102e-06,0.0030544545424703736,-0.5,,0.02121,0.0
2019-12-07 10:00:00+00:00,2.9356713287195844e-06,1.9039450480307607,20.0,5.760429154281962e-06,0.0029017318153468545,0.10000000000002274,,0.02121,0.0
2019-12-07 11:00:00+00:00,2.9813284861204933e-06,1.9451726838822496,20.0,5.484722551576293e-06,0.0027566452245795115,-0.10000000000002274,,0.02121,0.0
2019-12-07 12:00:00+00:00,2.948780486443209e-06,1.9231413133377897,15.0,5.115225839287684e-06,0.0026188129633505355,0.8000000000000682,,0.02121,0.0
2019-12-07 13:00:00+00:00,2.9076454033514695e-06,2.027086482803494,26.0,5.401640966645102e-06,0.0024878723151830085,0.599999999999909,,0.02121,1.0
2019-12-07 14:00:00+00:00,2.822613013402672e-06,2.024296872634851,20.0,5.194177256931221e-06,0.002363478699423858,0.40000000000009095,,0.02121,0.0
2019-12-07 15:00:00+00:00,2.9186512365564856e-06,2.0577446294757817,17.0,5.302249035126987e-06,0.002245304764452665,0.09999999999990905,,0.02121,0.0
2019-12-07 16:00:00+00:00,2.771290905887578e-06,1.9275803559666118,12.0,5.595694078548356e-06,0.002133039526230031,-0.09999999999990905,,0.02121,0.0
2019-12-07 17:00:00+00:00,2.6112805170624723e-06,1.9562636443984391,9.0,5.467196536763744e-06,0.04202638754991863,-0.20000000000004547,,0.02121,0.0
2019-12-07 18:00:00+00:00,2.5287831029016316e-06,1.9991290489550178,9.0,5.273927272817855e-06,0.14492506817242298,-0.6000000000000227,,0.02121,0.0
2019-12-07 19:00:00+00:00,2.479111367095384e-06,1.9471010646547906,12.0,5.417011207135102e-06,0.2926788147638022,-0.6000000000000227,,0.02121,0.0
2019-12-07 20:00:00+00:00,2.5987179069223517e-06,1.9405115980667729,15.0,5.280398157838208e-06,0.4780448740256126,-0.2999999999999545,,0.02121,0.0
2019-12-07 21:00:00+00:00,2.551331300711807e-06,1.969897995093972,12.0,5.077770649843331e-06,0.5391426303243321,0.39999999999997726,,0.02121,0.0
2019-12-07 22:00:00+00:00,2.6781590887917398e-06,1.9800042762639787,15.0,5.032174361505809e-06,0.5571854988081155,0.7000000000000455,,0.02121,0.0
2019-12-07 23:00:00+00:00,2.4742526601769045e-06,2.2748934259607734,26.0,4.286597316650116e-06,0.59432622386771,0.6000000000000227,,0.02121,0.0
2019-12-08 00:00:00+00:00,1.883790240475814e-06,1.63991660250207,22.0,3.68963614736573e-06,0.5846099126743244,1.1999999999999318,,0.01441,0.0
2019-12-08 01:00:00+00:00,3.379449136800265e-06,1.9531820885805589,29.0,5.52685156235497e-06,0.5553794170406081,0.3000000000000682,,0.01441,0.0
2019-12-08 02:00:00+00:00,2.4915769537329335e-06,1.2628682431484244,12.0,4.142302066615294e-06,0.5276104461885777,1.0,,0.01441,0.0
2019-12-08 03:00:00+00:00,2.5926187672121627e-06,1.2112367672877806,19.0,4.427137776607722e-06,0.5012299238791488,0.8999999999999773,,0.01441,0.0
2019-12-08 04:00:00+00:00,2.4070941319409988e-06,1.1298549718253803,24.0,4.415048012410838e-06,0.4761684276851913,0.5,,0.01441,0.0
2019-12-08 05:00:00+00:00,3.2130112656065303e-06,1.210332295850751,44.0,6.582098259895175e-06,0.45736000630093165,0.5,,0.01441,0.0
2019-12-08 06:00:00+00:00,3.2221926440480008e-06,1.1394901422727932,48.0,6.934653730375911e-06,0.45449200598588513,-0.10000000000002274,,0.01441,0.0
2019-12-08 07:00:00+00:00,6.516492536909884e-06,1.7104333147751831,65.0,9.636955297473422e-06,0.4317674056865908,-0.39999999999997726,,0.01441,0.0
2019-12-08 08:00:00+00:00,4.9010801244703115e-06,1.391770465018644,46.0,6.2648670700231165e-06,0.4201790354022612,-0.20000000000004547,,0.01441,0.0
2019-12-08 09:00:00+00:00,6.27353411120333e-06,1.3272860227996341,21.0,7.569887434523326e-06,0.39917008363214806,-0.2999999999999545,,0.01441,0.0
2019-12-08 10:00:00+00:00,1.3435098809112071e-06,0.6503677735446266,8.0,2.094182027792792e-06,0.41421157945054066,0.39999999999997726,,0.01441,0.0
2019-12-08 11:00:00+00:00,1.4104605439200885e-06,1.7655841843216413,7.0,1.5202104262643384e-06,0.4235010004780136,0.2999999999999545,,0.01441,0.0
2019-12-08 12:00:00+00:00,1.7564439259471281e-06,2.017200732645274,4.0,1.8812467573894359e-06,0.40232595045411285,0.20000000000004547,,0.01441,0.0
2019-12-08 13:00:00+00:00,1.2439652105635766e-06,1.8801623583505043,6.0,1.3351887800541202e-06,0.4972096529314074,0.20000000000004547,,0.01441,0.0
2019-12-08 14:00:00+00:00,1.275889651067792e-06,1.7412142921122775,13.0,1.3894087677941842e-06,0.6373491702848374,0.2999999999999545,,0.01441,0.0
2019-12-08 15:00:00+00:00,1.6258794301766658e-06,1.9753982017751148,10.0,1.7163986285426441e-06,0.6604817117705956,0.7999999999999545,,0.01441,0.0
2019-12-08 16:00:00+00:00,1.5947810221868355e-06,1.8739254335925004,10.0,1.6295994924006878e-06,0.6474576261820658,0.20000000000004547,,0.01441,0.0
2019-12-08 17:00:00+00:00,1.6768619799003817e-06,1.9765723103794264,7.0,1.617450318171589e-06,0.6150847448729624,-0.2999999999999545,,0.01441,0.0
2019-12-08 18:00:00+00:00,1.3614027924549054e-06,1.7748953954868716,8.0,1.4207164552807606e-06,0.5843305076293142,-0.20000000000004547,,0.01441,0.0
2019-12-08 19:00:00+00:00,1.8213469299581377e-06,1.7278750716491762,9.0,1.8006537991790716e-06,0.5551139822478484,-0.20000000000004547,,0.01441,0.0
2019-12-08 20:00:00+00:00,3.1563991361136377e-06,2.4951221410786735,21.0,2.398003970470235e-06,0.5273582831354559,-0.09999999999990905,1.2488135,0.01441,0.0
2019-12-08 21:00:00+00:00,2.606207643332907e-06,2.7011589873933026,23.0,2.3107988058341455e-06,0.500990368978683,-0.3000000000000682,1.2965381818181818,0.01441,0.0
2019-12-08 22:00:00+00:00,2.27072368410248e-06,1.8935259344348767,8.0,2.210208954063164e-06,0.4759408505297487,-0.10000000000002274,1.43677675,0.01441,0.0
2019-12-08 23:00:00+00:00,1.8942216269447184e-06,1.90852892595614,5.0,1.666243806438515e-06,0.4521438080032612,0.3000000000000682,1.073148,0.01441,0.0
2019-12-09 00:00:00+00:00,2.384206677637972e-06,2.4492433214781655,22.0,1.890208109133974e-06,0.429536617603098,0.6999999999999318,,0.01587,0.0
2019-12-09 01:00:00+00:00,6.377886654315489e-06,1.5891571850511805,28.0,9.938082813319374e-06,0.4080597867229431,0.8000000000000682,0.7229165,0.01587,0.0
2019-12-09 02:00:00+00:00,1.2693693972872205e-06,1.3502922107878923,7.0,1.9233498299669733e-06,0.38765679738679587,0.6999999999999318,4.369560333333333,0.01587,0.0
2019-12-09 03:00:00+00:00,1.249229226391647e-06,1.1664653891471535,11.0,1.9648863056701125e-06,0.36827395751745606,0.5,,0.01587,0.0
2019-12-09 04:00:00+00:00,7.373822982664756e-07,1.0996391389471645,12.0,1.1623181946469259e-06,0.3498602596415832,0.40000000000009095,,0.01587,0.0
2019-12-09 05:00:00+00:00,7.9257557744093e-07,1.042255553862086,9.0,1.2032026940776462e-06,0.332367246659504,0.599999999999909,,0.01587,0.0
2019-12-09 06:00:00+00:00,1.2803897672307378e-06,0.9869582521267123,11.0,1.8287267140123932e-06,0.31574888432652876,-0.2999999999999545,,0.01587,0.0
2019-12-09 07:00:00+00:00,1.2252733842426929e-06,0.860175981037239,6.0,1.340274392892911e-06,0.29996144011020226,-0.7000000000000455,,0.01587,0.0
2019-12-09 08:00:00+00:00,1.077301501729415e-06,0.9314542757519134,5.0,1.4978754858899254e-06,0.2849633681046921,-0.5,,0.01587,0.0
2019-12-09 09:00:00+00:00,9.85509811794503e-07,1.2100977831802964,3.0,1.2689311482001394e-06,0.27071519969945745,-0.39999999999997726,,0.01587,0.0
2019-12-09 10:00:00+00:00,9.726540146447152e-07,1.0447758219228016,10.0,1.6214046724061128e-06,0.25717943971448454,-0.8999999999999773,,0.01587,0.0
2019-12-09 11:00:00+00:00,1.2135268709355993e-06,1.000326300866176,7.0,2.0857676648570936e-06,0.2493204677287603,-0.2999999999999545,,0.01587,0.0
2019-12-09 12:00:00+00:00,1.0298983582272374e-06,1.3104252664791014,8.0,1.3280948459736429e-06,0.23685444434232228,0.1999999999999318,,0.01587,0.0
2019-12-09 13:00:00+00:00,8.121273505025421e-07,1.3091836718036685,7.0,1.1786404531306526e-06,0.22501172212520612,0.3000000000000682,,0.01587,0.0
2019-12-09 14:00:00+00:00,9.508277474360146e-07,1.313091348481153,15.0,1.4054738358661585e-06,0.2137611360189458,0.09999999999990905,,0.01587,0.0
2019-12-09 15:00:00+00:00,8.266419329982491e-07,1.2203283561104186,6.0,1.3130316194649808e-06,0.2030730792179985,-0.09999999999990905,,0.01587,0.0
2019-12-09 16:00:00+00:00,7.457292089417205e-07,1.181093354873117,6.0,1.3111876622012573e-06,0.19291942525709854,-0.20000000000004547,,0.01587,0.0
2019-12-09 17:00:00+00:00,9.393793606459018e-07,1.1790656067235996,15.0,1.5139100275049992e-06,0.18327345399424358,-0.39999999999997726,,0.01587,0.0
2019-12-09 18:00:00+00:00,9.689341247395284e-07,1.102505208232545,17.0,1.6342709319702418e-06,0.17410978129453136,-0.5,,0.01587,0.0
2019-12-09 19:00:00+00:00,6.244219443676905e-07,0.9047827324367993,10.0,1.306394851441099e-06,0.16540429222980477,-0.3000000000000682,,0.01587,0.0
2019-12-09 20:00:00+00:00,6.715564088893989e-07,0.9582587922889944,8.0,1.346535638623115e-06,0.15713407761831452,-0.39999999999997726,,0.01587,0.0
2019-12-09 21:00:00+00:00,6.491151839984926e-07,1.0003295577313496,5.0,1.3187976830505784e-06,0.14927737373739877,-0.10000000000002274,,0.01587,0.0
2019-12-09 22:00:00+00:00,6.286806117037813e-07,0.9718267492989919,8.0,1.291104216254758e-06,0.1418135050505288,-0.0,,0.01587,0.0
2019-12-09 23:00:00+00:00,4.953467981088488e-07,1.0393748573529364,11.0,9.023087070902381e-07,0.13472282979800235,0.20000000000004547,,0.01587,0.0
2019-12-10 00:00:00+00:00,5.184363623962874e-07,1.041640692973643,5.0,9.347809789996519e-07,0.1279866883081022,0.7999999999999545,,0.010620000000000001,0.0
2019-12-10 01:00:00+00:00,1.082103500292707e-06,1.0434636267827435,6.0,1.7012167627952438e-06,0.12158735389269708,0.3000000000000682,,,0.0
2019-12-10 02:00:00+00:00,1.425339333390025e-06,1.1780341655574356,5.0,1.8209661713486032e-06,0.11550798619806221,-0.10000000000002274,,,0.0
2019-12-10 03:00:00+00:00,1.6014709133730931e-06,1.334083383380969,7.0,2.4721952105345998e-06,0.10973258688815908,-0.0,,,0.0
2019-12-10 04:00:00+00:00,1.5494391963035396e-06,1.3291718093972509,10.0,1.7794298289313553e-06,0.10424595754375111,-0.0,,,0.0
2019-12-10 05:00:00+00:00,2.0882316173426862e-06,1.472856461001111,12.0,1.9698244125749382e-06,0.09903365966656355,-0.0,,,0.0
2019-12-10 06:00:00+00:00,1.9441078845091472e-06,1.5125083897047256,9.0,1.9039262586153284e-06,0.09408197668323535,-0.5,,,0.0
2019-12-10 07:00:00+00:00,3.6110279765415193e-06,1.6883226864014718,11.0,2.437427874566096e-06,0.08937787784907357,-0.20000000000004547,,,0.0
2019-12-10 08:00:00+00:00,2.685284605476844e-06,1.6894295871449172,6.0,2.2002108826161517e-06,0.08490898395661987,-0.1999999999999318,,,0.0
2019-12-10 09:00:00+00:00,2.976685219088045e-06,2.0005737099507157,11.0,2.56852675493043e-06,0.08066353475878887,-0.0,,,0.0
2019-12-10 10:00:00+00:00,2.1016548518979663e-06,1.5541597995510987,8.0,1.9028670357441305e-06,0.07663035802084943,-0.10000000000002274,,,0.0
2019-12-10 11:00:00+00:00,2.1785750477232e-06,1.630611631410569,11.0,2.2023548058600647e-06,0.07279884011980695,0.7000000000000455,,,0.0
2019-12-10 12:00:00+00:00,2.278355972720866e-06,1.6407050059706165,8.0,2.20318310920262e-06,0.06915889811381659,0.2999999999999545,,,0.0
2019-12-10 13:00:00+00:00,2.459378555552209e-06,1.6137752274650463,3.0,2.2856895260165645e-06,0.06570095320812576,0.2999999999999545,,,0.0
2019-12-10 14:00:00+00:00,2.9380650606469707e-06,1.704979946221594,8.0,2.4777056532677404e-06,0.06241590554771946,0.6000000000000227,,,0.0
2019-12-10 15:00:00+00:00,3.0802114754108317e-06,1.7546278037821859,7.0,2.331294277953378e-06,0.059295110270333476,0.20000000000004547,,,0.0
2019-12-10 16:00:00+00:00,2.6308073503331856e-06,1.6689565239857413,8.0,2.311064628466808e-06,0.056330354756816796,-0.10000000000002274,,,0.0
2019-12-10 17:00:00+00:00,2.4715626245095514e-06,1.3610551236676232,5.0,2.404164157380501e-06,0.053513837018975954,-0.0,,,0.0
2019-12-10 18:00:00+00:00,3.2980900593986246e-06,1.5220717779787616,9.0,2.6436997775974984e-06,0.050838145168027156,0.2999999999999545,,,0.0
2019-12-10 19:00:00+00:00,6.585409245029847e-06,1.6090676103221282,28.0,4.5970213500849565e-06,0.04829623790962579,-0.1999999999999318,,,0.0
2019-12-10 20:00:00+00:00,6.253251450557189e-06,1.6778751096639908,33.0,4.180977950332579e-06,0.045881426014144494,-0.0,,,0.0
2019-12-10 21:00:00+00:00,7.3773150917468e-06,1.5879888456647488,42.0,4.770773623246481e-06,0.04358735471343726,0.1999999999999318,,,0.0
2019-12-10 22:00:00+00:00,4.839414099066226e-06,1.3546675648644502,27.0,3.643894320279489e-06,0.0414079869777654,0.7000000000000455,,,0.0
2019-12-10 23:00:00+00:00,5.808108589660694e-06,1.4356286627646748,44.0,3.205036920688743e-06,0.039337587628877124,0.5,,,0.0
