station,time,teleseismic_band,background_seismic,effect_seismic,CO2_3,AirTemp_3,pressure_drop,WindSpeed,API,CO2_SO2
ME02,2008-04-12 00:00:00+00:00,1.9506735046728602e-05,2.0815122822615417e-07,6.405239523664696e-08,0.110228,15.479687,-0.07152399999995396,0.0,0.0,13.0
ME02,2008-04-12 01:00:00+00:00,1.546995133861981e-05,1.512443844229424e-07,6.452721008205604e-08,0.1022,20.390998,0.11443799999995008,3.278689,0.0,13.0
ME02,2008-04-12 02:00:00+00:00,1.522421415293279e-05,1.5190656857472308e-07,7.12506521164701e-08,0.109727,16.810032,0.31470500000000357,0.0,0.0,13.0
ME02,2008-04-12 03:00:00+00:00,1.6444614144770284e-05,1.4958544007014132e-07,6.437699849861117e-08,0.106214,17.158116,0.20026700000005349,0.0,0.0,13.0
ME02,2008-04-12 04:00:00+00:00,1.7292886887163234e-05,1.4833334961616758e-07,6.347700186477004e-08,0.105713,16.290292,-0.028609000000074047,0.0,0.0,13.0
ME02,2008-04-12 05:00:00+00:00,0.00017146354827059058,2.517509299139393e-07,2.070644318924234e-06,0.118256,15.408163,0.21457100000009177,0.0,0.0,13.0
ME02,2008-04-12 06:00:00+00:00,0.014993640016902543,3.040981463279783e-05,7.038214974476561e-05,0.109727,16.571619,-1.2159060000000181,0.0,0.0,12.0
ME02,2008-04-12 07:00:00+00:00,2.1831341124763604e-05,1.6878076375021213e-07,8.720674537217697e-08,0.109225,20.114438,-0.6723250000000007,0.0,0.0,12.0
ME02,2008-04-12 08:00:00+00:00,3.515733094556741e-05,2.27730233140673e-07,1.0154089925914682e-07,0.109727,19.556552,-0.7152399999999943,4.098361,0.0,12.0
ME02,2008-04-12 09:00:00+00:00,2.5374897831619402e-05,1.938363043360785e-07,9.076668480134845e-08,0.110228,21.158688,-0.8725920000000542,4.098361,0.0,12.0
ME02,2008-04-12 10:00:00+00:00,3.091548334311853e-05,1.4973410132762536e-07,7.334171032749178e-08,0.107218,21.854854,-0.27179100000000744,41.393443,0.0,12.0
ME02,2008-04-12 11:00:00+00:00,3.337247588359167e-05,1.4514806674698687e-07,6.520812318828993e-08,0.099691,21.821476,-0.4005339999999933,28.688525,0.0,12.0
ME02,2008-04-12 12:00:00+00:00,2.858829858113282e-05,1.8591594041681708e-07,8.383031715924652e-08,0.099691,22.784665,0.014305000000035761,18.032787,0.0,11.0
ME02,2008-04-12 13:00:00+00:00,3.584594791008868e-05,1.764688644454167e-07,9.055952300764916e-08,0.096179,21.296967,0.08582899999998972,2.04918,0.0,11.0
ME02,2008-04-12 14:00:00+00:00,1.4712365931243199e-05,1.660320989761792e-07,7.590446551129504e-08,0.088151,21.397101,0.100133000000028,20.491803,0.0,11.0
ME02,2008-04-12 15:00:00+00:00,1.3327370263968243e-05,1.656054571048901e-07,6.018670346358182e-08,0.096179,19.647149,-0.17165699999998196,6.147541,0.0,11.0
ME02,2008-04-12 16:00:00+00:00,0.000126488159943126,2.4186817357148516e-07,2.9380988990915687e-06,0.095677,18.774557,0.0143039999999246,25.819672,0.0,11.0
ME02,2008-04-12 17:00:00+00:00,1.332996833874991e-05,1.66470891419998e-07,6.658541215743057e-08,0.087148,17.854282,-0.37192399999992176,0.0,0.0,11.0
ME02,2008-04-12 18:00:00+00:00,1.5886227873980187e-05,1.6287237726955918e-07,6.573898359598314e-08,0.098688,17.263017,-0.41483900000002905,59.016393,0.0,10.0
ME02,2008-04-12 19:00:00+00:00,1.4811137132607447e-05,1.6442211671551243e-07,6.703175384404132e-08,0.1022,14.034904,-1.0156400000000758,0.409836,0.0,10.0
ME02,2008-04-12 20:00:00+00:00,1.8469018735003666e-05,1.6112460295711334e-07,7.150609557110382e-08,0.098186,13.324433,-0.48636199999998553,2.04918,0.0,10.0
ME02,2008-04-12 21:00:00+00:00,1.530945748089364e-05,1.6144719734311704e-07,6.754312634928485e-08,0.106214,12.990654,-0.5292779999999766,0.0,0.0,10.0
ME02,2008-04-12 22:00:00+00:00,1.6974923776092087e-05,1.6204966867786886e-07,6.782851694390029e-08,0.109727,14.244707,0.028610000000071523,11.885246,0.0,10.0
ME02,2008-04-12 23:00:00+00:00,1.602618655136039e-05,1.624439323996909e-07,6.766347908458338e-08,0.126285,12.957276,-0.4434480000001031,27.459016,0.0,10.0
ME02,2008-04-13 00:00:00+00:00,1.8398023725559202e-05,1.6371066972736587e-07,6.774504411497447e-08,0.117755,12.170513,0.08582799999999224,31.147541,0.0,9.0
ME02,2008-04-13 01:00:00+00:00,1.5186564783033221e-05,1.6256884722446972e-07,6.873755186929616e-08,0.121267,11.374213,0.12874300000009953,0.0,0.010000000000000002,9.0
ME02,2008-04-13 02:00:00+00:00,1.4822143356780043e-05,1.6436472050003237e-07,6.848697919719106e-08,0.116751,11.841503,-0.1430480000000216,30.327869,0.044500000000000005,9.0
ME02,2008-04-13 03:00:00+00:00,1.6680760375402795e-05,1.6281365975735852e-07,7.004493352441218e-08,0.124779,12.189586,0.35761999999999716,13.934426,0.067275,9.0
ME02,2008-04-13 04:00:00+00:00,1.6300798847141472e-05,1.6439553073152513e-07,6.930715062740117e-08,0.123776,12.852375,0.12874299999998584,17.622951,0.06391125,9.0
ME02,2008-04-13 05:00:00+00:00,1.6596584030304504e-05,1.6018920878481064e-07,6.787760404065218e-08,0.117253,13.60576,-0.31470500000000357,0.0,0.10571568750000002,9.0
ME02,2008-04-13 06:00:00+00:00,1.3212986307266689e-05,1.5316384180539512e-07,6.593844801807939e-08,0.116249,14.158879,-0.658019999999965,0.0,0.10542990312500002,9.475
ME02,2008-04-13 07:00:00+00:00,1.760676919700009e-05,1.5611916080754818e-07,7.230284556135323e-08,0.116249,14.578486,-1.0442500000000337,6.557377,0.15515840796875002,9.475
ME02,2008-04-13 08:00:00+00:00,1.5243946514401283e-05,1.7187879588360799e-07,8.46945415150534e-08,0.128793,15.412932,-0.9012010000000146,0.0,0.20740048757031254,9.475
ME02,2008-04-13 09:00:00+00:00,6.177809633498504e-05,1.760284113126126e-07,9.201232278347945e-08,0.109727,17.17242,-0.6151059999999688,8.606557,0.2820304631917969,9.475
ME02,2008-04-13 10:00:00+00:00,5.83596890037677e-05,1.9922382506827081e-07,1.456770338932509e-07,0.138828,16.924471,-0.45775300000002517,13.114754,0.2979289400322071,9.475
ME02,2008-04-13 11:00:00+00:00,3.515552825006425e-05,1.704920484943388e-07,9.099364324176016e-08,0.110228,17.983025,-0.10013400000002548,20.081967,0.3180324930305968,9.475
ME02,2008-04-13 12:00:00+00:00,3.3620655911802316e-05,1.9843513239139475e-07,1.1799518386348562e-07,0.105713,18.564753,-0.2574859999999717,9.42623,0.31213086837906695,9.95
ME02,2008-04-13 13:00:00+00:00,2.2506931487135788e-05,1.7955419475790108e-07,1.9665745085351852e-07,0.106214,16.800496,0.5435820000000149,20.491803,0.2965243249601136,9.95
ME02,2008-04-13 14:00:00+00:00,1.4460363257944865e-05,1.4038805293439797e-07,6.026504256198394e-08,0.103204,16.423803,0.7295440000000326,13.934426,0.28169810871210793,9.95
ME02,2008-04-13 15:00:00+00:00,1.2108789337328693e-05,1.3728642294777529e-07,5.88558092609821e-08,0.1022,16.700362,0.5149719999999434,10.655738,0.2676132032765025,9.95
ME02,2008-04-13 16:00:00+00:00,1.5517714541852852e-05,1.4040321235367915e-07,5.987659424542302e-08,0.098186,15.699027,0.0429149999999936,0.0,0.25423254311267734,9.95
ME02,2008-04-13 17:00:00+00:00,1.6545909207620825e-05,1.5338829887166646e-07,6.555441031568689e-08,0.101698,14.611863,0.5006670000000213,0.0,0.24152091595704347,9.95
ME02,2008-04-13 18:00:00+00:00,1.4416495256522444e-05,1.5398221220762655e-07,6.725071362098716e-08,0.101698,13.314896,0.3290100000000393,0.409836,0.2294448701591913,10.425
ME02,2008-04-13 19:00:00+00:00,1.8629511821852808e-05,1.557773871780838e-07,6.797908643343504e-08,0.108723,12.623498,-0.20026700000005349,0.0,0.2179726266512317,10.425
ME02,2008-04-13 20:00:00+00:00,1.2770597380528872e-05,1.5602271324466794e-07,6.732729276837774e-08,0.120765,11.870113,-0.1430480000000216,0.0,0.20707399531867013,10.425
ME02,2008-04-13 21:00:00+00:00,1.5647034479532017e-05,1.562164255434072e-07,6.728653734987104e-08,0.112235,12.175281,-0.07152299999995648,0.0,0.19672029555273662,10.425
ME02,2008-04-13 22:00:00+00:00,1.628934480221915e-05,1.5699782275213741e-07,6.748331935845312e-08,0.125281,11.803357,0.05721900000003188,0.819672,0.18688428077509978,10.425
ME02,2008-04-13 23:00:00+00:00,1.4700006242736124e-05,1.5805002331020985e-07,6.855253023246288e-08,0.115748,11.946405,-0.07152400000006764,0.0,0.1775400667363448,10.425
ME02,2008-04-14 00:00:00+00:00,1.339108737012385e-05,1.6399973349247588e-07,7.446618146919108e-08,0.128292,11.092886,0.6008010000000468,12.704918,0.16866306339952755,10.9
ME02,2008-04-14 01:00:00+00:00,1.6510394335681482e-05,1.659245581320133e-07,7.187901902577834e-08,0.132306,10.797253,0.5149719999999434,0.0,0.16022991022955116,10.9
ME02,2008-04-14 02:00:00+00:00,1.463532889665011e-05,1.7384018595493474e-07,7.173110893183593e-08,0.131302,10.544536,0.4291440000000648,29.098361,0.1522184147180736,10.9
ME02,2008-04-14 03:00:00+00:00,1.7435817761932428e-05,1.7395129288138e-07,7.339073098135926e-08,0.132807,10.058173,0.5292769999999791,16.803279,0.1446074939821699,10.9
ME02,2008-04-14 04:00:00+00:00,1.4159658902658727e-05,1.7393225438190822e-07,7.439321931186449e-08,0.132306,10.163075,-0.6294110000000046,45.491803,0.1373771192830614,10.9
ME02,2008-04-14 05:00:00+00:00,1.851736588329402e-05,1.810489096285261e-07,7.65942502138806e-08,0.127288,10.415792,0.24318200000004708,4.098361,0.13050826331890833,10.9
ME02,2008-04-14 06:00:00+00:00,1.90141804626444e-05,1.8410713728591443e-07,7.789026886647952e-08,0.135316,10.811558,-0.5292780000000903,0.409836,0.12398285015296291,11.8
ME02,2008-04-14 07:00:00+00:00,1.9609811313825456e-05,1.8459154158315467e-07,7.713208562340996e-08,0.132306,11.431432,-0.6294100000000071,31.557377,0.11778370764531476,11.8
ME02,2008-04-14 08:00:00+00:00,1.5858960409320966e-05,1.9537520408487917e-07,8.355481726055347e-08,0.131804,11.741369,-0.2574859999999717,7.786885,0.11689452226304903,11.8
ME02,2008-04-14 09:00:00+00:00,0.00016420982938697933,2.2238560609237343e-07,1.6451999647211645e-07,0.126786,12.156208,0.04291399999999612,4.098361,0.1260497961498966,11.8
ME02,2008-04-14 10:00:00+00:00,0.00021264926322916275,2.1495639946408475e-07,1.4683330230143289e-07,0.12779,13.157543,-0.0,21.311475,0.12974730634240175,11.8
ME02,2008-04-14 11:00:00+00:00,4.4618546150498035e-05,2.7164485769225843e-07,3.689821231061885e-07,0.131804,13.767881,0.18596200000001772,4.508197,0.14325994102528167,11.8
ME02,2008-04-14 12:00:00+00:00,3.0590810881209886e-05,2.0438974066985039e-07,9.827718935699835e-08,0.135818,15.045775,-0.11443799999995008,9.836066,0.16609694397401759,12.7
ME02,2008-04-14 13:00:00+00:00,3.89411349929506e-05,1.6360366358991507e-07,7.490659531070857e-08,0.12779,13.939538,0.7581539999999904,34.42623,0.1877920967753167,12.7
ME02,2008-04-14 14:00:00+00:00,2.0580561390998263e-05,1.3889851334360584e-07,5.926817536868398e-08,0.119762,14.173183,0.14304799999990792,13.934426,0.18840249193655087,12.7
ME02,2008-04-14 15:00:00+00:00,3.795144030528308e-05,1.6260728367244923e-07,7.242519776927562e-08,0.12779,14.416365,0.05721900000003188,40.163934,0.19398236733972332,12.7
ME02,2008-04-14 16:00:00+00:00,1.150236491755752e-05,1.5968037280075907e-07,6.619609018056499e-08,0.11926,15.594126,-0.3719250000000329,13.934426,0.18428324897273715,12.7
ME02,2008-04-14 17:00:00+00:00,1.6251260103363016e-05,1.503040683988529e-07,6.858167076699981e-08,0.12779,12.571047,0.5864970000000085,19.672131,0.17506908652410028,12.7
ME02,2008-04-14 18:00:00+00:00,1.7449609740693396e-05,1.7138639511086648e-07,8.454082889028256e-08,0.123274,9.881747,-0.0,0.0,0.16631563219789525,13.6
ME02,2008-04-14 19:00:00+00:00,1.565242444010978e-05,1.836056805044366e-07,8.030001601953534e-08,0.12779,9.514591,-0.5292779999999766,0.0,0.15799985058800048,13.6
ME02,2008-04-14 20:00:00+00:00,1.5325019520694553e-05,1.8835974656526546e-07,8.347522221945578e-08,0.126786,8.794583,-0.08582799999999224,0.0,0.15009985805860046,13.6
ME02,2008-04-14 21:00:00+00:00,1.513103499191188e-05,1.9551116112439477e-07,8.597274270789054e-08,0.130299,8.909022,0.21457099999997808,0.0,0.14259486515567044,13.6
ME02,2008-04-14 22:00:00+00:00,1.9826224446543067e-05,1.9877423150676067e-07,8.678640001402691e-08,0.135316,8.427427,-0.0,0.0,0.1354651218978869,13.6
ME02,2008-04-14 23:00:00+00:00,1.3600570407291931e-05,1.9915338931138998e-07,8.603177012707946e-08,0.135316,8.060271,0.20026800000005096,0.409836,0.12869186580299255,13.6
ME02,2008-04-15 00:00:00+00:00,1.6916347795317816e-05,1.9691911849364699e-07,8.856161060576409e-08,0.135316,8.498951,0.48636199999998553,3.278689,0.12225727251284292,14.5
ME02,2008-04-15 01:00:00+00:00,1.4799897305995249e-05,1.9309186643909302e-07,9.983804899058256e-08,0.126786,9.032996,0.6866300000000365,6.967213,0.11614440888720078,14.5
ME02,2008-04-15 02:00:00+00:00,1.632084718306985e-05,1.9397391290508158e-07,1.0396332746978185e-07,0.134814,12.304024,0.31470500000000357,43.032787,0.11033718844284073,14.5
ME02,2008-04-15 03:00:00+00:00,1.5418852051403846e-05,1.9734662293057324e-07,1.3492486810010063e-07,0.134814,11.049971,0.5149729999999408,54.098361,0.10482032902069868,14.5
ME02,2008-04-15 04:00:00+00:00,2.0762942746791666e-05,2.07109691707103e-07,1.8112071016054835e-07,0.125783,10.287049,0.1573520000000599,6.967213,0.09957931256966375,14.5
ME02,2008-04-15 05:00:00+00:00,1.8935070137539183e-05,2.0973099713879993e-07,1.5798613692845194e-07,0.138828,11.669846,-0.0,14.344262,0.09460034694118055,14.5
ME02,2008-04-15 06:00:00+00:00,1.7802053880598036e-05,2.1607899542502908e-07,1.259706097720156e-07,0.133811,13.30536,-0.686629000000039,13.934426,0.08987032959412151,13.2875
ME02,2008-04-15 07:00:00+00:00,0.0002774978809843053,2.790762912645497e-07,1.6313157122905472e-07,0.146857,14.468816,-0.6294110000000046,66.393443,0.08537681311441543,13.2875
ME02,2008-04-15 08:00:00+00:00,0.00037882337211883865,3.460582259679197e-07,1.635696394985345e-07,0.126285,16.023269,-0.5721919999999727,21.721311,0.08110797245869465,13.2875
ME02,2008-04-15 09:00:00+00:00,0.00011478110822885334,3.2192766294692546e-07,1.5638976672660735e-07,0.139832,16.380889,-0.3862290000000712,88.52459,0.07705257383575992,13.2875
ME02,2008-04-15 10:00:00+00:00,3.1662437169376054e-05,2.61988180447876e-07,1.1044031451277956e-07,0.115246,17.06275,-1.0442489999999225,52.459016,0.07319994514397192,13.2875
ME02,2008-04-15 11:00:00+00:00,3.879971325197791e-05,2.7297921446614013e-07,1.155042226886252e-07,0.131302,18.250048,-0.08582899999998972,43.852459,0.06953994788677333,13.2875
ME02,2008-04-15 12:00:00+00:00,3.0767071327868774e-05,2.884239637651386e-07,1.4563882203467717e-07,0.140835,16.752813,0.7295439999999189,99.180328,0.06606295049243466,12.075
ME02,2008-04-15 13:00:00+00:00,3.062028019122482e-05,3.0596670733960325e-07,1.324115686395175e-07,0.140835,16.976922,0.22887700000001132,93.032787,0.06275980296781292,12.075
ME02,2008-04-15 14:00:00+00:00,3.7850553604195816e-05,3.1083697566625593e-07,1.5857185995838577e-07,0.135818,17.024604,0.07152400000006764,79.508197,0.05962181281942227,12.075
ME02,2008-04-15 15:00:00+00:00,0.00013103678283133717,3.6044028636460946e-07,1.9167688504712053e-07,0.132306,16.633607,-0.08582899999998972,34.836066,0.056640722178451154,12.075
ME02,2008-04-15 16:00:00+00:00,2.094514695219299e-05,3.1554076878642225e-07,1.7455272585418892e-07,0.126786,15.660881,-0.12874300000009953,62.295082,0.05380868606952859,12.075
ME02,2008-04-15 17:00:00+00:00,1.7868557873308867e-05,2.6549353104391387e-07,1.9798044214373457e-07,0.127288,13.24814,0.2431810000000496,64.754098,0.05111825176605216,12.075
ME02,2008-04-15 18:00:00+00:00,1.7297069893592345e-05,2.717656631990004e-07,1.0131379586995193e-07,0.1308,11.693687,0.12874299999998584,29.918033,0.048562339177749554,10.8625
ME02,2008-04-15 19:00:00+00:00,1.8955961782429652e-05,2.6422502780302963e-07,9.35011349754325e-08,0.127288,10.91646,-0.48636199999998553,0.409836,0.04613422221886208,10.8625
ME02,2008-04-15 20:00:00+00:00,1.4985000051593862e-05,2.5904911234782756e-07,9.100010879583416e-08,0.127288,9.705321,-0.4434489999999869,0.0,0.04382751110791897,10.8625
ME02,2008-04-15 21:00:00+00:00,1.6204007955135925e-05,2.645996348510177e-07,8.690826202800982e-08,0.135316,8.894717,-0.42914300000006733,0.409836,0.04163613555252302,10.8625
ME02,2008-04-15 22:00:00+00:00,1.908327286872885e-05,2.7113639556408914e-07,1.3916950551265592e-07,0.129797,8.58478,-0.557886999999937,0.0,0.03955432877489687,10.8625
ME02,2008-04-15 23:00:00+00:00,1.8182629604321135e-05,2.798422461221869e-07,1.0442487235251817e-07,0.142843,7.988747,0.12874299999998584,0.819672,0.037576612336152025,10.8625
ME02,2008-04-16 00:00:00+00:00,1.351217177394839e-05,2.7583805908091914e-07,1.1258394843059807e-07,0.134313,7.75987,-0.028609999999957836,1.229508,0.03569778171934442,9.65
ME02,2008-04-16 01:00:00+00:00,1.8046926265904712e-05,2.7200935832014887e-07,1.1294937933515895e-07,0.142843,7.798016,0.2860959999999295,0.0,0.0339128926333772,9.65
ME02,2008-04-16 02:00:00+00:00,1.9171788392295756e-05,2.6732936898291766e-07,9.286562706706458e-08,0.142843,7.078009,0.3290100000000393,0.0,0.03221724800170834,9.65
ME02,2008-04-16 03:00:00+00:00,1.4099762644671299e-05,2.63399798368774e-07,8.968648942734772e-08,0.142341,7.011253,0.08582899999998972,0.819672,0.03060638560162292,9.65
ME02,2008-04-16 04:00:00+00:00,1.6862601425273718e-05,2.5790623717974613e-07,9.027275721339404e-08,0.146355,6.505817,-0.18596200000001772,0.0,0.029076066321541773,9.65
ME02,2008-04-16 05:00:00+00:00,1.8099179313342258e-05,2.553462889079701e-07,9.574804978355324e-08,0.146355,7.225825,-0.6008009999999331,0.0,0.027622263005464682,9.65
ME02,2008-04-16 06:00:00+00:00,2.205044451509934e-05,2.2445537472729705e-07,8.094552240368773e-08,0.150871,12.847606,-0.7438490000000684,0.0,0.026241149855191447,9.7125
ME02,2008-04-16 07:00:00+00:00,3.5594286466875705e-05,2.761108253875467e-07,1.3488799930188332e-07,0.137323,12.880984,-0.901202000000012,15.163934,0.024929092362431873,9.7125
ME02,2008-04-16 08:00:00+00:00,8.67154453496404e-05,2.632388608533966e-07,1.0306198486427751e-07,0.150369,13.925234,-0.6008009999999331,0.0,0.02368263774431028,9.7125
ME02,2008-04-16 09:00:00+00:00,3.1816223253666545e-05,2.201022131090744e-07,9.069208721365087e-08,0.13933,14.711997,-0.15735300000005736,0.819672,0.022498505857094765,9.7125
ME02,2008-04-16 10:00:00+00:00,1.2392471473809271e-05,1.674763658447551e-07,6.082987814437234e-08,0.146857,15.408163,-0.24318099999993592,22.95082,0.021373580564240026,9.7125
ME02,2008-04-16 11:00:00+00:00,2.755588744242232e-05,1.644819154094499e-07,5.4984362878512094e-08,0.142843,16.132939,0.3004009999999653,31.147541,0.020304901536028024,9.7125
ME02,2008-04-16 12:00:00+00:00,3.574302290830341e-05,1.7146174489148177e-07,5.694917512108824e-08,0.131302,14.783521,0.05721900000003188,78.688525,0.01928965645922662,9.775
ME02,2008-04-16 13:00:00+00:00,3.839648443043252e-05,1.719860656032804e-07,5.993369886326804e-08,0.142341,14.397292,0.08582799999999224,36.885246,0.01832517363626529,9.775
ME02,2008-04-16 14:00:00+00:00,2.521388535657826e-05,1.6565385621974858e-07,6.260783986295241e-08,0.126285,14.249475,0.8153730000000223,7.377049,0.017408914954452025,9.775
ME02,2008-04-16 15:00:00+00:00,2.0588095842920236e-05,1.908655215572082e-07,7.111301712761224e-08,0.114242,14.459279,0.41483899999991536,30.737705,0.016538469206729422,9.775
ME02,2008-04-16 16:00:00+00:00,1.5161068646053571e-05,1.8847914869803534e-07,6.6135027128604e-08,0.118256,14.70246,-0.11443799999995008,0.409836,0.01571154574639295,9.775
ME02,2008-04-16 17:00:00+00:00,1.4834432282662701e-05,1.9864282231268296e-07,6.623262588831003e-08,0.125783,12.704558,0.9727249999999685,0.0,0.014925968459073303,9.775
ME02,2008-04-16 18:00:00+00:00,1.4278464876545595e-05,1.9749789537863117e-07,6.628121883175968e-08,0.126285,12.342171,-0.1573519999999462,40.163934,0.014179670036119637,9.8375
ME02,2008-04-16 19:00:00+00:00,1.3311002107691177e-05,1.8242850049779257e-07,6.738498371645103e-08,0.130299,11.803357,-0.20026700000005349,27.459016,0.013470686534313655,9.8375
ME02,2008-04-16 20:00:00+00:00,1.705075690633421e-05,1.732343268172568e-07,6.66422690263956e-08,0.126285,11.316994,0.100133000000028,23.360656,0.012797152207597971,9.8375
ME02,2008-04-16 21:00:00+00:00,1.5962589684700572e-05,1.6808711146807294e-07,7.250577442682769e-08,0.134313,11.202556,0.07152399999995396,33.606557,0.012157294597218073,9.8375
ME02,2008-04-16 22:00:00+00:00,1.5938337542972955e-05,1.5897152071358172e-07,6.714250588109497e-08,0.133309,13.13847,0.6008010000000468,31.557377,0.011549429867357169,9.8375
ME02,2008-04-16 23:00:00+00:00,1.4969459276284054e-05,1.5482051911641069e-07,6.576697820701756e-08,0.137825,12.575815,0.1430480000000216,42.213115,0.01097195837398931,9.8375
ME02,2008-04-17 00:00:00+00:00,1.739414193138145e-05,1.5597034603390077e-07,7.98456900957593e-08,0.150871,12.380317,0.9870300000000043,81.557377,0.010423360455289844,9.9
ME02,2008-04-17 01:00:00+00:00,1.4469366414576962e-05,1.7375459060151301e-07,2.0764403630873835e-07,0.142843,13.5247,0.2860959999999295,75.819672,0.009902192432525351,9.9
ME02,2008-04-17 02:00:00+00:00,1.402293870223129e-05,1.9480054203749304e-07,2.5565386339313465e-07,0.146857,13.562846,0.9870300000000043,33.606557,0.009407082810899083,9.9
ME02,2008-04-17 03:00:00+00:00,1.5215533608268079e-05,2.1929868749758579e-07,1.8265165700684695e-07,0.137825,14.573717,0.5435820000000149,46.721311,0.008936728670354128,9.9
ME02,2008-04-17 04:00:00+00:00,1.7404521808270317e-05,2.6989365961816854e-07,5.014919869212792e-07,0.146355,11.655541,0.3290100000000393,25.819672,0.008489892236836421,9.9
ME02,2008-04-17 05:00:00+00:00,1.1354322406720963e-05,3.4204243041051127e-07,5.160422801008762e-07,0.130299,13.834637,-0.1573520000000599,32.377049,0.0080653976249946,9.9
ME02,2008-04-17 06:00:00+00:00,1.593986264669762e-05,3.707926337259198e-07,5.415393553447413e-07,0.138327,15.041007,-0.557886999999937,47.95082,0.007662127743744869,10.158333333333333
ME02,2008-04-17 07:00:00+00:00,1.931695305550313e-05,3.861461460610514e-07,5.528534861664485e-07,0.141839,15.989891,-0.12874299999998584,35.655738,0.0072790213565576255,10.158333333333333
ME02,2008-04-17 08:00:00+00:00,1.2756454312665021e-05,3.588708906954519e-07,5.256102514135677e-07,0.138327,17.482357,-0.3004000000000815,19.262295,0.006915070288729744,10.158333333333333
ME02,2008-04-17 09:00:00+00:00,1.5564062757359665e-05,3.5265824324397393e-07,6.104084239920482e-07,0.125783,15.093458,0.7724580000000287,4.098361,0.02156931677429326,10.158333333333333
ME02,2008-04-17 10:00:00+00:00,2.163195565288558e-05,4.090657119550352e-07,9.363848770808487e-07,0.138327,12.485218,0.47205800000006093,6.967213,0.020490850935578595,10.158333333333333
ME02,2008-04-17 11:00:00+00:00,8.65762162738603e-05,4.0093580298955334e-07,1.429726927465444e-06,0.138828,11.979783,0.6866299999999228,0.409836,0.029466308388799666,10.158333333333333
ME02,2008-04-17 12:00:00+00:00,3.585415477796318e-05,3.920787089099421e-07,1.4697906134155735e-06,0.125783,11.46481,0.7438490000000684,7.786885,0.03299299296935968,10.416666666666668
ME02,2008-04-17 13:00:00+00:00,1.9423032449650606e-05,3.0810090540585643e-07,6.589548022156476e-07,0.146857,10.711425,0.5006669999999076,26.639344,0.0313433433208917,10.416666666666668
ME02,2008-04-17 14:00:00+00:00,3.990006884497975e-05,3.8729784686608076e-07,5.552990204026363e-07,0.14786,11.131032,0.715240000000108,19.672131,0.05477617615484712,10.416666666666668
ME02,2008-04-17 15:00:00+00:00,4.475765002006173e-05,3.5614454091342134e-07,4.520302890660508e-07,0.142341,11.412359,0.2002669999999398,12.295082,0.08703736734710477,10.416666666666668
ME02,2008-04-17 16:00:00+00:00,1.2185376932236543e-05,2.3260177806694538e-07,2.500325121216748e-07,0.142843,12.518596,0.5435820000000149,4.918033,0.12768549897974954,10.416666666666668
ME02,2008-04-17 17:00:00+00:00,1.5158961492941374e-05,2.11795734216456e-07,1.9439372154831728e-07,0.142341,11.016594,0.8296769999999469,14.344262,0.14130122403076206,10.416666666666668
ME02,2008-04-17 18:00:00+00:00,1.5211901392076505e-05,2.1199490908290653e-07,1.7922659339650348e-07,0.138327,9.876979,0.15735300000005736,0.0,0.15423616282922398,10.675
ME02,2008-04-17 19:00:00+00:00,1.2616801148192499e-05,1.9568118810563045e-07,9.27441114043119e-08,0.138327,9.438299,-0.486362999999983,20.901639,0.14652435468776276,10.675
ME02,2008-04-17 20:00:00+00:00,1.64297287927415e-05,1.6942708125501518e-07,6.952923147365552e-08,0.134313,9.385848,-0.8725920000000542,8.606557,0.1391981369533746,10.675
ME02,2008-04-17 21:00:00+00:00,1.3900663803100026e-05,1.6201974398269198e-07,6.621640808176144e-08,0.142341,9.581347,0.658019999999965,9.836066,0.13223823010570587,10.675
ME02,2008-04-17 22:00:00+00:00,1.561370879558282e-05,1.6409388441552754e-07,6.896730200917341e-08,0.134313,9.457372,-0.04291399999999612,0.0,0.12562631860042056,10.675
ME02,2008-04-17 23:00:00+00:00,1.5914203809479253e-05,1.6457277843860135e-07,6.834317385579975e-08,0.142341,9.261873,0.3433150000000751,3.688525,0.11934500267039953,10.675
ME02,2008-04-18 00:00:00+00:00,1.5905305345033123e-05,1.6518129412242118e-07,7.238741964048302e-08,0.141839,9.500286,0.41483900000002905,0.0,0.11337775253687955,10.933333333333334
ME02,2008-04-18 01:00:00+00:00,1.640495112413006e-05,1.692038371989191e-07,7.373282189649691e-08,0.145853,8.751669,0.6008009999999331,0.0,0.10770886491003558,10.933333333333334
ME02,2008-04-18 02:00:00+00:00,1.5040101865071057e-05,1.6522165243552886e-07,7.30065613862686e-08,0.150871,8.184246,0.5721909999999752,0.0,0.10232342166453379,10.933333333333334
ME02,2008-04-18 03:00:00+00:00,1.573247048276149e-05,1.6342893016925435e-07,7.204741127598997e-08,0.141839,8.641999,-0.04291399999999612,0.409836,0.0972072505813071,10.933333333333334
ME02,2008-04-18 04:00:00+00:00,1.5416208082225783e-05,1.6632442710726612e-07,7.367125296191085e-08,0.146355,8.408354,0.05721900000003188,0.0,0.09234688805224174,10.933333333333334
ME02,2008-04-18 05:00:00+00:00,1.5670386968462635e-05,1.602463776654487e-07,6.959106633735682e-08,0.137825,10.625596,-0.3862289999999575,18.442623,0.08772954364962965,10.933333333333334
ME02,2008-04-18 06:00:00+00:00,1.5071334074241773e-05,1.5014328591101067e-07,6.791928641895056e-08,0.149867,12.995422,-0.8010679999999866,0.0,0.08334306646714816,11.191666666666666
ME02,2008-04-18 07:00:00+00:00,3.092032759198917e-05,1.721191030052622e-07,8.700672617177466e-08,0.142843,16.562083,-0.35761999999999716,2.459016,0.07917591314379074,11.191666666666666
ME02,2008-04-18 08:00:00+00:00,5.926988023728631e-05,1.9116847914326215e-07,8.692140780718563e-08,0.137825,18.779325,-0.7152390000001105,0.0,0.0752171174866012,11.191666666666666
ME02,2008-04-18 09:00:00+00:00,3.862404475664979e-05,1.6601716565544028e-07,7.781658346277332e-08,0.142843,18.269121,-0.35761999999999716,26.229508,0.07145626161227114,11.191666666666666
ME02,2008-04-18 10:00:00+00:00,6.155407828545773e-05,1.1634261553057873e-07,5.967621952096547e-08,0.155386,19.771123,-0.11443799999995008,62.295082,0.06788344853165758,11.191666666666666
ME02,2008-04-18 11:00:00+00:00,3.698032180277418e-05,7.746197190419306e-08,4.562391994600273e-08,0.151372,19.80927,0.05721900000003188,111.47541,0.0644892761050747,11.191666666666666
ME02,2008-04-18 12:00:00+00:00,2.8495597926271836e-05,6.241751017679807e-08,4.9374788589133354e-08,0.16492,19.923708,0.07152399999995396,105.327869,0.06126481229982096,11.45
ME02,2008-04-18 13:00:00+00:00,2.723616525596192e-05,7.244751844716238e-08,2.835808807407992e-08,0.140334,21.249285,0.014305000000035761,84.016393,0.05820157168482991,11.45
ME02,2008-04-18 14:00:00+00:00,1.864189330691639e-05,7.11234678209544e-08,2.7980375865520937e-08,0.127288,21.797635,0.22887600000001385,39.754098,0.05529149310058841,11.45
ME02,2008-04-18 15:00:00+00:00,1.682092407757991e-05,9.589006011787922e-08,5.007971606006495e-08,0.128292,20.853519,0.18596200000001772,61.47541,0.052526918445558984,11.45
ME02,2008-04-18 16:00:00+00:00,1.1816484138526669e-05,1.35563158885519e-07,5.917186374107211e-08,0.120263,18.979592,0.25748699999996916,36.065574,0.049900572523281034,11.45
ME02,2008-04-18 17:00:00+00:00,1.341460422986994e-05,1.575401126179421e-07,6.442402819339901e-08,0.124278,17.458516,0.27179100000000744,0.0,0.04740554389711698,11.45
ME02,2008-04-18 18:00:00+00:00,1.4221864139866883e-05,1.599313331499566e-07,6.75116871681618e-08,0.123776,15.675186,-0.22887700000001132,38.934426,0.04503526670226113,11.708333333333334
ME02,2008-04-18 19:00:00+00:00,1.1103830303216683e-05,1.5984498627709123e-07,7.735247939681681e-08,0.140835,15.951745,-0.3719250000000329,61.885246,0.04278350336714807,11.708333333333334
ME02,2008-04-18 20:00:00+00:00,1.64164114435904e-05,1.6781503509329646e-07,6.881771251106194e-08,0.127288,15.689491,-0.37192400000003545,41.393443,0.040644328198790665,11.708333333333334
ME02,2008-04-18 21:00:00+00:00,1.3762480558387312e-05,1.8762963964042902e-07,2.6117221780448865e-07,0.12779,17.42037,-0.27179099999989376,5.737705,0.03861211178885113,11.708333333333334
ME02,2008-04-18 22:00:00+00:00,1.64845953145105e-05,2.431627157696684e-07,5.584646580754368e-07,0.127288,17.754148,0.07152399999995396,12.295082,0.03668150619940857,11.708333333333334
ME02,2008-04-18 23:00:00+00:00,5.754100490218777e-05,4.2673967545698963e-07,9.543252897442974e-07,0.131804,16.118634,-0.08582899999998972,24.180328,0.03484743088943814,11.708333333333334
ME02,2008-04-19 00:00:00+00:00,4.876669735814713e-05,4.697443329770295e-07,9.111623723039329e-07,0.1308,16.166317,0.3719250000000329,25.819672,0.03310505934496623,11.966666666666667
ME02,2008-04-19 01:00:00+00:00,4.077416299638831e-05,4.463024687554733e-07,8.245537942578436e-07,0.135316,18.650582,0.2002669999999398,12.295082,0.031449806377717916,11.966666666666667
ME02,2008-04-19 02:00:00+00:00,3.952995095548451e-05,4.6547163224267027e-07,8.751421187715807e-07,0.131302,18.803166,0.4434479999999894,13.52459,0.02987731605883202,11.966666666666667
ME02,2008-04-19 03:00:00+00:00,1.469567291062313e-05,2.795970067723787e-07,6.698453821825187e-08,0.131302,19.218005,0.05721900000003188,38.52459,0.028383450255890418,11.966666666666667
ME02,2008-04-19 04:00:00+00:00,1.530223558429132e-05,1.9703251307225146e-07,6.393458195663316e-08,0.131302,20.147816,-0.08582799999999224,53.688525,0.026964277743095896,11.966666666666667
ME02,2008-04-19 05:00:00+00:00,1.486822411666144e-05,1.73841888176842e-07,5.893955228394049e-08,0.135316,16.528705,-0.6437160000000404,13.934426,0.0256160638559411,11.966666666666667
ME02,2008-04-19 06:00:00+00:00,9.986559587236267e-06,1.7663971290898431e-07,6.736361517426751e-08,0.140334,20.038146,-0.41483900000002905,0.409836,0.024335260663144044,12.225
ME02,2008-04-19 07:00:00+00:00,9.846564282656105e-06,1.844734302259761e-07,8.19531273835216e-08,0.144348,21.325577,-0.5864959999998973,44.672131,0.023118497629986842,12.225
ME02,2008-04-19 08:00:00+00:00,3.089047094796208e-05,2.1075603996242853e-07,9.200316495663743e-08,0.131302,23.328247,-0.37192400000003545,69.262295,0.0219625727484875,12.225
ME02,2008-04-19 09:00:00+00:00,3.258225372701546e-05,1.48284995683355e-07,6.561553904517345e-08,0.13632,24.315278,0.100133000000028,75.409836,0.020864444111063123,12.225
ME02,2008-04-19 10:00:00+00:00,4.686597976140534e-05,8.606163292769425e-08,5.120275469655499e-08,0.129295,24.711043,-0.04291399999999612,76.639344,0.019821221905509966,12.225
ME02,2008-04-19 11:00:00+00:00,2.789041395510128e-05,8.157149930707706e-08,8.342627507256447e-08,0.133811,23.328247,0.18596199999990404,9.836066,0.018830160810234465,12.225
ME02,2008-04-19 12:00:00+00:00,1.5999748009774913e-05,8.18752665793346e-08,2.1339580301921456e-08,0.125783,22.427046,0.25748600000008537,15.983607,0.017888652769722742,12.483333333333334
ME02,2008-04-19 13:00:00+00:00,1.9416799406948713e-05,7.298816231758829e-08,4.293963497498463e-08,0.121769,21.67366,0.47205799999994724,11.885246,0.016994220131236602,12.483333333333334
ME02,2008-04-19 14:00:00+00:00,1.731540198802311e-05,8.06889382326334e-08,4.0180937292499665e-08,0.109727,20.395766,0.8868969999999763,24.180328,0.016144509124674772,12.483333333333334
ME02,2008-04-19 15:00:00+00:00,2.2258446124802935e-05,1.1830733350632979e-07,5.801201920404686e-08,0.121769,19.580393,0.8582870000000185,8.606557,0.015337283668441032,12.483333333333334
ME02,2008-04-19 16:00:00+00:00,1.113395798630571e-05,1.5033334555573936e-07,6.281963717176983e-08,0.120765,18.650582,0.7438490000000684,14.344262,0.01457041948501898,12.483333333333334
ME02,2008-04-19 17:00:00+00:00,9.986325900833303e-06,1.5563737745106106e-07,6.507822919949322e-08,0.121267,16.795728,0.658019999999965,6.967213,0.01384189851076803,12.483333333333334
ME02,2008-04-19 18:00:00+00:00,1.4850621943285047e-05,1.593330787440866e-07,6.487768508999336e-08,0.128793,15.293725,0.7724590000000262,0.0,0.013149803585229628,12.741666666666667
ME02,2008-04-19 19:00:00+00:00,1.3848867267148766e-05,1.664611549062564e-07,4.0043619993136956e-07,0.125281,14.530803,-0.05721900000003188,2.868852,0.012492313405968146,12.741666666666667
ME02,2008-04-19 20:00:00+00:00,1.43462085860849e-05,1.6143311626226754e-07,6.543933825356268e-08,0.128292,14.011062,-0.15735300000005736,0.409836,0.011867697735669739,12.741666666666667
ME02,2008-04-19 21:00:00+00:00,1.5188253979845236e-05,1.5845012740106973e-07,7.406832785485988e-08,0.132306,13.863246,-0.32900999999992564,0.0,0.011274312848886251,12.741666666666667
ME02,2008-04-19 22:00:00+00:00,1.3689689057430816e-05,1.5361186921713797e-07,6.526550461775412e-08,0.132306,13.543773,-0.04291399999999612,0.0,0.010710597206441939,12.741666666666667
ME02,2008-04-19 23:00:00+00:00,1.3634777907705974e-05,1.547388427994503e-07,6.313466373343298e-08,0.136821,13.100324,0.4148379999999179,0.0,0.01017506734611984,12.741666666666667
ME02,2008-04-20 00:00:00+00:00,1.635528492038706e-05,1.52652754183609e-07,6.396883986627242e-08,0.13933,12.437536,0.3862300000000687,0.0,0.009666313978813849,13.0
ME02,2008-04-20 01:00:00+00:00,1.40050962821616e-05,1.4888645915099328e-07,6.294261016230434e-08,0.139832,12.361244,0.41483800000003157,0.0,0.009182998279873155,13.0
ME02,2008-04-20 02:00:00+00:00,1.609094215491726e-05,1.5053878474185634e-07,6.961172081215353e-08,0.131804,13.405493,-0.3290100000000393,13.52459,0.008723848365879498,13.0
ME02,2008-04-20 03:00:00+00:00,1.2780063547308767e-05,1.485906238257714e-07,6.502001239681592e-08,0.135316,13.763113,-0.1430480000000216,0.0,0.008287655947585522,13.0
ME02,2008-04-20 04:00:00+00:00,1.686629469514358e-05,1.4783983750146158e-07,6.294393062084081e-08,0.13933,13.219531,-0.2002669999999398,0.0,0.007873273150206245,13.0
ME02,2008-04-20 05:00:00+00:00,1.3786523739822178e-05,1.4190660990608902e-07,6.064727851157797e-08,0.139832,13.93477,-0.47205800000006093,0.0,0.007479609492695933,13.0
ME02,2008-04-20 06:00:00+00:00,1.1625136953881844e-05,1.422597269271523e-07,6.738115307210729e-08,0.1308,20.519741,-1.2016019999999799,0.0,0.0071056290180611355,12.6875
ME02,2008-04-20 07:00:00+00:00,1.0984514738514425e-05,2.1119464267539716e-07,8.840943126924095e-08,0.128292,21.78333,-0.686629000000039,1.229508,0.006750347567158079,12.6875
ME02,2008-04-20 08:00:00+00:00,2.3103009502660962e-05,1.7703170368889743e-07,7.946428174606744e-08,0.127288,22.479496,-0.6294110000000046,6.557377,0.006412830188800175,12.6875
ME02,2008-04-20 09:00:00+00:00,2.8410330901304144e-05,9.245878211248883e-08,5.270154494951494e-08,0.124278,23.986267,-0.41483899999991536,4.918033,0.0060921886793601655,12.6875
ME02,2008-04-20 10:00:00+00:00,3.0855115750469345e-05,4.354513685222298e-08,1.587819823702099e-08,0.120765,23.585733,-0.25748600000008537,13.934426,0.005787579245392157,12.6875
ME02,2008-04-20 11:00:00+00:00,9.039201464819504e-06,4.035222738632067e-08,1.0952708751419933e-08,0.112737,23.766927,0.20026700000005349,17.213115,0.005498200283122549,12.6875
ME02,2008-04-20 12:00:00+00:00,8.692512310032588e-06,3.869875479961592e-08,1.8349728878793842e-08,0.114744,22.603471,0.1430480000000216,19.262295,0.005223290268966421,12.375
ME02,2008-04-20 13:00:00+00:00,8.996999514373665e-06,4.007820879797495e-08,1.1043934429927702e-08,0.101197,24.010109,0.18596200000001772,15.163934,0.0049621257555181,12.375
ME02,2008-04-20 14:00:00+00:00,1.3326548252949219e-05,4.276050940942335e-08,1.3055022287566414e-08,0.102702,23.95289,0.5864959999998973,9.836066,0.004714019467742195,12.375
ME02,2008-04-20 15:00:00+00:00,3.7055897083549606e-05,4.5505203330035e-08,2.7324951366774662e-08,0.098186,23.15659,0.5435820000000149,1.639344,0.004478318494355085,12.375
ME02,2008-04-20 16:00:00+00:00,9.365719230507925e-06,1.0311970530545612e-07,5.4282147341498386e-08,0.101698,22.326912,0.22887700000001132,8.196721,0.00425440256963733,12.375
ME02,2008-04-20 17:00:00+00:00,1.0404976212751817e-05,1.3593254012662513e-07,6.28390030900098e-08,0.105713,19.942781,0.3290100000000393,0.0,0.004041682441155463,12.375
ME02,2008-04-20 18:00:00+00:00,1.2863000220665847e-05,1.4405658334140716e-07,9.657333276642625e-08,0.106214,18.07839,0.3862289999999575,0.0,0.0038395983190976897,12.0625
ME02,2008-04-20 19:00:00+00:00,1.165264283020423e-05,1.5586827197048922e-07,1.5851364199316512e-07,0.108723,16.728972,-0.6294100000000071,0.0,0.003647618403142805,12.0625
ME02,2008-04-20 20:00:00+00:00,1.0857363134122212e-05,1.540626513376191e-07,1.22560907243967e-07,0.109225,15.627503,-0.1430480000000216,0.0,0.003465237482985665,12.0625
ME02,2008-04-20 21:00:00+00:00,1.4784831321402416e-05,1.6869020705140155e-07,2.299243728710489e-07,0.125281,15.250811,0.18596200000001772,0.0,0.0032919756088363814,12.0625
ME02,2008-04-20 22:00:00+00:00,1.6138467345662543e-05,1.9683471490576827e-07,3.406581320336378e-07,0.120765,15.765783,0.7009340000000748,0.0,0.003127376828394562,12.0625
ME02,2008-04-20 23:00:00+00:00,1.4125712146615735e-05,1.8381062501798372e-07,2.0614235553162547e-07,0.128793,16.023269,0.557886999999937,0.0,0.002971007986974834,12.0625
ME02,2008-04-21 00:00:00+00:00,1.4613133906786403e-05,2.085648809362276e-07,2.782089089517306e-07,0.124779,15.49876,0.486362999999983,0.0,0.002822457587626092,11.75
ME02,2008-04-21 01:00:00+00:00,2.295560525796996e-05,2.181227054322839e-07,2.941486713124288e-07,0.124278,14.773984,0.6151060000000825,0.0,0.002681334708244787,11.75
ME02,2008-04-21 02:00:00+00:00,1.3905823086719953e-05,2.0046833659935238e-07,1.7275314495202316e-07,0.12779,14.421133,-0.08582899999998972,0.0,0.002547267972832548,11.75
ME02,2008-04-21 03:00:00+00:00,1.5978755457164272e-05,1.8248961524558185e-07,1.006725075026308e-07,0.132306,14.278085,0.6294110000000046,0.0,0.00241990457419092,11.75
ME02,2008-04-21 04:00:00+00:00,1.4610738626065947e-05,1.7409112847099382e-07,6.568386313593426e-08,0.127288,13.505627,0.3147049999998899,0.409836,0.002298909345481374,11.75
ME02,2008-04-21 05:00:00+00:00,1.3534841889722366e-05,1.6936848009365742e-07,2.502656138174472e-07,0.131804,13.968148,-0.3433149999999614,0.0,0.002183963878207305,11.75
ME02,2008-04-21 06:00:00+00:00,1.3007412833512395e-05,1.7398650605875086e-07,1.361267765162122e-07,0.12779,15.327103,-0.3290100000000393,0.0,0.00207476568429694,11.4375
ME02,2008-04-21 07:00:00+00:00,1.6335909007299417e-05,1.7360675546975202e-07,6.898877172438765e-08,0.131302,16.891093,-0.27179099999989376,10.655738,0.001971027400082093,11.4375
ME02,2008-04-21 08:00:00+00:00,1.1676980355799028e-05,1.810323321997e-07,7.667206632069178e-08,0.127288,18.211902,-0.9441160000000082,0.0,0.0018724760300779884,11.4375
ME02,2008-04-21 09:00:00+00:00,4.06708861248693e-05,2.1062931700327636e-07,9.714659788631639e-08,0.132306,19.547015,-0.7009340000000748,13.114754,0.001778852228574089,11.4375
ME02,2008-04-21 10:00:00+00:00,3.766151101959954e-05,1.67457914006236e-07,7.427162720988045e-08,0.123776,20.429144,0.05721900000003188,20.491803,0.0016899096171453843,11.4375
ME02,2008-04-21 11:00:00+00:00,2.8473977946840343e-05,1.4737760076566674e-07,6.906286572904346e-08,0.116751,20.948884,-0.05721900000003188,30.737705,0.001605414136288115,11.4375
ME02,2008-04-21 12:00:00+00:00,3.1033434679003504e-05,1.67481978110847e-07,7.086795979078093e-08,0.120765,20.429144,0.5292769999999791,0.0,0.0015251434294737093,11.125
ME02,2008-04-21 13:00:00+00:00,4.6445740568852864e-05,1.8504931661239155e-07,7.681928680173834e-08,0.105713,20.801068,-0.028609999999957836,18.442623,0.0014488862580000238,11.125
ME02,2008-04-21 14:00:00+00:00,1.7206632229206726e-05,1.795665421922967e-07,1.2971480094649654e-07,0.097183,21.554454,0.2574859999999717,20.901639,0.0013764419451000225,11.125
ME02,2008-04-21 15:00:00+00:00,1.2971618927229195e-05,1.7417152138397024e-07,6.696319668245002e-08,0.097183,21.120542,-0.12874299999998584,25.409836,0.006307619847845022,11.125
ME02,2008-04-21 16:00:00+00:00,1.3640645011636594e-05,1.748096869260053e-07,8.565762188136146e-08,0.117253,20.371924,-0.057218999999918196,24.590164,0.005992238855452771,11.125
ME02,2008-04-21 17:00:00+00:00,1.7601012189341807e-05,1.6452237381130152e-07,3.1477434488498033e-07,0.120765,18.226206,0.1001339999999118,62.295082,0.005692626912680132,11.125
ME02,2008-04-21 18:00:00+00:00,1.4881943946573303e-05,1.6362531358661418e-07,7.487957370414818e-08,0.133309,16.347511,-0.4291439999999511,61.065574,0.005407995567046125,10.8125
ME02,2008-04-21 19:00:00+00:00,1.878244510852369e-05,1.6386101939383856e-07,6.701618529366772e-08,0.120263,14.75968,-0.3290100000000393,25.819672,0.005137595788693819,10.8125
ME02,2008-04-21 20:00:00+00:00,1.4781939375751979e-05,1.6439739396256544e-07,7.229911034823837e-08,0.12779,12.566279,-0.35761999999999716,0.0,0.004880715999259128,10.8125
ME02,2008-04-21 21:00:00+00:00,1.6791978864671474e-05,1.6730347223766057e-07,7.155215744818225e-08,0.132306,11.626931,0.10013400000002548,13.934426,0.004636680199296171,10.8125
ME02,2008-04-21 22:00:00+00:00,1.6226210253277652e-05,1.640306125931504e-07,7.571501667155672e-08,0.131804,11.312226,0.11443799999995008,6.147541,0.004404846189331363,10.8125
ME02,2008-04-21 23:00:00+00:00,1.8572812264218662e-05,1.649076076562823e-07,1.165298424576419e-07,0.13632,13.367347,-0.5149719999999434,0.819672,0.004184603879864794,10.8125
ME02,2008-04-22 00:00:00+00:00,1.9755834888220864e-05,1.6066830931467245e-07,1.3691285693148542e-07,0.12779,12.361244,-0.1859630000000152,17.213115,0.003975373685871554,10.5
ME02,2008-04-22 01:00:00+00:00,1.2575367511665134e-05,1.6209638347855637e-07,1.7890214989271823e-07,0.1308,12.189586,0.24318200000004708,0.0,0.003776605001577976,10.5
ME02,2008-04-22 02:00:00+00:00,1.2747841201210627e-05,1.6215138703822451e-07,1.9806805523743047e-07,0.13933,12.313561,-0.08582899999998972,0.0,0.003587774751499077,10.5
ME02,2008-04-22 03:00:00+00:00,1.6499650268996607e-05,1.644551196162635e-07,2.127080051218859e-07,0.144348,10.954606,0.17165699999998196,0.0,0.003408386013924123,10.5
ME02,2008-04-22 04:00:00+00:00,1.8492154099704316e-05,1.6939074073082762e-07,1.622139388522167e-07,0.143846,9.843601,0.25748699999996916,0.819672,0.0032379667132279165,10.5
ME02,2008-04-22 05:00:00+00:00,1.565468100134222e-05,1.843483897483891e-07,1.2926332575681377e-07,0.13933,10.644669,-0.8439829999999802,0.0,0.0030760683775665205,10.5
ME02,2008-04-22 06:00:00+00:00,1.46591361405501e-05,1.8736569190346316e-07,9.302029573552681e-08,0.138828,14.640473,-0.7724580000000287,13.114754,0.0029222649586881943,10.45
ME02,2008-04-22 07:00:00+00:00,3.184607868358314e-05,2.473141572898426e-07,1.6339247135360761e-07,0.13933,16.028037,-0.47205799999994724,0.409836,0.0027761517107537845,10.45
ME02,2008-04-22 08:00:00+00:00,2.534683600760623e-05,2.764765639042234e-07,4.271589116646201e-07,0.15639,16.786191,-0.3719250000000329,56.557377,0.002637344125216095,10.45
ME02,2008-04-22 09:00:00+00:00,7.21129336443004e-05,2.4354783852365003e-07,3.002551026033612e-07,0.14786,17.520504,-0.8296770000000606,20.081967,0.0025054769189552903,10.45
ME02,2008-04-22 10:00:00+00:00,2.4725840506244693e-05,1.7272244882451133e-07,2.173390634353005e-07,0.139832,15.60843,-0.12874399999998332,27.868852,0.002380203073007526,10.45
ME02,2008-04-22 11:00:00+00:00,2.6840197868795984e-05,1.5167877317435052e-07,9.561534691901906e-08,0.135818,16.73374,-0.12874299999998584,58.606557,0.0022611929193571494,10.45
ME02,2008-04-22 12:00:00+00:00,2.694016715612996e-05,1.2556679583385581e-07,9.972342550057486e-08,0.128793,16.752813,-0.5292769999999791,24.590164,0.012148133273389294,10.4
ME02,2008-04-22 13:00:00+00:00,2.0295253010766256e-05,1.0827119619502731e-07,4.948865377624083e-08,0.123776,15.026702,0.5149729999999408,2.459016,0.021540726609719833,10.4
ME02,2008-04-22 14:00:00+00:00,0.00015118801477320313,1.3739673758201478e-07,1.3019130004714083e-07,0.112235,16.123403,0.17165700000009565,0.819672,0.035463690279233843,10.4
ME02,2008-04-22 15:00:00+00:00,9.69209204401639e-05,1.983474728373322e-07,1.376089010874866e-07,0.119762,15.60843,-0.08582899999998972,0.0,0.05369050576527215,10.4
ME02,2008-04-22 16:00:00+00:00,1.0078529296053293e-05,2.1027595499036057e-07,2.958178776613172e-07,0.123776,14.683387,-0.25748600000008537,22.131148,0.06600598047700855,10.4
ME02,2008-04-22 17:00:00+00:00,1.9363362506088086e-05,2.322531812768797e-07,1.7166038878336563e-07,0.123274,15.122068,-0.45775300000002517,4.098361,0.07270568145315812,10.4
ME02,2008-04-22 18:00:00+00:00,1.428167355253774e-05,2.2095047949568389e-07,1.298789004075804e-07,0.12779,13.381652,-0.21457199999997556,0.0,0.0690703973805002,10.35
ME02,2008-04-22 19:00:00+00:00,1.697571036877878e-05,2.0734870305953868e-07,8.496339874648809e-08,0.127288,12.342171,-0.658019999999965,0.0,0.0656168775114752,10.35
ME02,2008-04-22 20:00:00+00:00,2.0651897248930904e-05,2.0161776498829254e-07,1.410966756262196e-07,0.127288,14.053977,-0.5292769999999791,13.52459,0.062336033635901435,10.35
ME02,2008-04-22 21:00:00+00:00,1.3824304426967903e-05,1.980286448756708e-07,9.787627143766706e-08,0.138828,11.531566,0.014304999999922074,9.016393,0.05921923195410636,10.35
ME02,2008-04-22 22:00:00+00:00,1.3129343459834882e-05,1.9949254734856806e-07,1.005916688819135e-07,0.13933,11.078581,-0.31470600000000104,4.508197,0.05625827035640104,10.35
ME02,2008-04-22 23:00:00+00:00,1.7674908894987935e-05,1.940369814644168e-07,8.461844572235452e-08,0.146857,10.220294,0.05721900000003188,0.0,0.05344535683858098,10.35
ME02,2008-04-23 00:00:00+00:00,1.6005366474201788e-05,1.946114017891399e-07,8.154832449023379e-08,0.180474,10.144002,0.0429149999999936,0.409836,0.05077308899665193,10.3
ME02,2008-04-23 01:00:00+00:00,2.1136934569697234e-05,2.0237953903948803e-07,1.1571193081335542e-07,0.175958,9.552737,0.5578860000000532,0.0,0.04823443454681933,10.3
ME02,2008-04-23 02:00:00+00:00,1.5783805460743544e-05,2.064750645289096e-07,2.912233725721952e-07,0.184488,9.466908,-0.05721900000003188,0.0,0.04582271281947836,10.3
ME02,2008-04-23 03:00:00+00:00,2.081399410359086e-05,2.162494111219215e-07,7.93804595607169e-08,0.183987,9.114057,0.028609999999957836,0.0,0.04353157717850444,10.3
ME02,2008-04-23 04:00:00+00:00,1.8760150164083957e-05,2.1362144053876419e-07,1.0443393260049022e-07,0.183987,8.894717,-0.2002669999999398,0.409836,0.04135499831957922,10.3
ME02,2008-04-23 05:00:00+00:00,2.0351914654380818e-05,2.0627678920025631e-07,1.1384048460310243e-07,0.179973,10.363342,-0.658019999999965,1.639344,0.03928724840360026,10.3
ME02,2008-04-23 06:00:00+00:00,4.258938046369918e-05,1.9824379894942607e-07,1.232946826583506e-07,0.175958,14.053977,-1.00133500000004,1.639344,0.03732288598342025,10.25
ME02,2008-04-23 07:00:00+00:00,0.00016136191168201181,2.3259837593441388e-07,1.1789085388277423e-07,0.191513,14.487889,-0.8868969999999763,25.0,0.035456741684249234,10.25
ME02,2008-04-23 08:00:00+00:00,3.693963132700546e-05,2.5203257807993545e-07,1.231677211668146e-07,0.175958,16.090025,-0.7295440000000326,5.737705,0.03368390460003677,10.25
ME02,2008-04-23 09:00:00+00:00,4.166668502333525e-05,2.0425530263325947e-07,9.868155367191331e-08,0.167429,16.066183,-0.1859630000000152,13.114754,0.03199970937003493,10.25
ME02,2008-04-23 10:00:00+00:00,3.261267481453553e-05,1.7939068550362302e-07,9.409038487916117e-08,0.155888,16.876788,-0.3576189999999997,38.114754,0.030399723901533178,10.25
ME02,2008-04-23 11:00:00+00:00,2.3150025416881477e-05,2.0885965796814374e-07,1.4949222771552367e-07,0.134814,15.536906,0.05721900000003188,25.819672,0.028879737706456517,10.25
ME02,2008-04-23 12:00:00+00:00,4.807042229420064e-05,2.1007006499500896e-07,1.1619124051299936e-07,0.148362,16.466718,-0.0,37.704918,0.02743575082113369,10.2
ME02,2008-04-23 13:00:00+00:00,2.0102990833046004e-05,1.9089788603662433e-07,1.0182230133185391e-07,0.14786,15.293725,0.3290100000000393,4.098361,0.026063963280077006,10.2
ME02,2008-04-23 14:00:00+00:00,2.684958111707197e-05,1.9532892579130875e-07,1.2260538898820654e-07,0.145351,15.560748,-0.12874300000009953,9.016393,0.024760765116073155,10.2
ME02,2008-04-23 15:00:00+00:00,6.289637063966578e-05,1.9741425587503072e-07,1.0451291209113895e-07,0.143846,15.522602,0.05721900000003188,29.098361,0.023522726860269495,10.2
ME02,2008-04-23 16:00:00+00:00,1.298973941154418e-05,1.8189046503798868e-07,7.482920276526409e-08,0.140334,16.094793,-0.2002669999999398,0.0,0.02234659051725602,10.2
ME02,2008-04-23 17:00:00+00:00,1.7063895428529737e-05,1.7936302459676123e-07,7.601444896876178e-08,0.143846,14.821667,-0.18596200000001772,0.0,0.021229260991393217,10.2
ME02,2008-04-23 18:00:00+00:00,1.457760237506541e-05,1.8364613198750235e-07,2.44006479316855e-07,0.152376,12.189586,0.31470500000000357,4.098361,0.020167797941823554,10.15
ME02,2008-04-23 19:00:00+00:00,1.605515054727493e-05,1.7698211762977065e-07,7.429814974804686e-08,0.152376,10.811558,-0.5721909999999752,0.0,0.019159408044732377,10.15
ME02,2008-04-23 20:00:00+00:00,1.3870756012299609e-05,1.779947964564696e-07,7.137536616457529e-08,0.155386,10.711425,-0.8296780000000581,0.0,0.01820143764249576,10.15
ME02,2008-04-23 21:00:00+00:00,1.4492700864104191e-05,1.7656028715742703e-07,6.798288408637262e-08,0.1594,10.411024,-0.31470500000000357,0.0,0.01729136576037097,10.15
ME02,2008-04-23 22:00:00+00:00,1.3857786804167603e-05,1.7957579433694556e-07,7.197034853365403e-08,0.163415,9.753004,-0.0429149999999936,0.0,0.01642679747235242,10.15
ME02,2008-04-23 23:00:00+00:00,1.4752205660313644e-05,1.8429265557072457e-07,7.517267126784735e-08,0.167429,9.805455,-0.17165699999998196,0.0,0.0156054575987348,10.15
ME02,2008-04-24 00:00:00+00:00,1.7607987056931953e-05,1.8522618455288056e-07,7.85287131870232e-08,0.175958,9.762541,0.658019999999965,0.409836,0.01482518471879806,10.1
ME02,2008-04-24 01:00:00+00:00,1.979525772599038e-05,1.8633013603069215e-07,7.900803121561014e-08,0.171944,9.848369,0.1430480000000216,22.131148,0.014083925482858155,10.1
ME02,2008-04-24 02:00:00+00:00,1.741673127548255e-05,1.869586604940891e-07,7.998981839582274e-08,0.175958,9.705321,0.22887600000001385,0.0,0.013379729208715246,10.1
ME02,2008-04-24 03:00:00+00:00,1.8422936646276677e-05,1.8426775866766815e-07,8.29989077950565e-08,0.175457,8.742132,0.21457199999997556,0.0,0.012710742748279484,10.1
ME02,2008-04-24 04:00:00+00:00,1.8396645172198135e-05,1.889982190172729e-07,8.034630916135755e-08,0.178969,8.546634,-0.0,0.0,0.01207520561086551,10.1
ME02,2008-04-24 05:00:00+00:00,1.8250093468549056e-05,1.7326749208819519e-07,7.740248854798995e-08,0.171443,9.986649,-0.3862289999999575,0.0,0.011471445330322233,10.1
ME02,2008-04-24 06:00:00+00:00,1.3892047117684659e-05,1.4460792776828627e-07,6.878529508888731e-08,0.174955,15.851612,-1.058554000000072,0.0,0.01089787306380612,10.15
ME02,2008-04-24 07:00:00+00:00,4.0856466744991835e-05,1.8616605745576638e-07,8.816298228000794e-08,0.174453,15.393858,-0.41483899999991536,1.229508,0.010352979410615814,10.15
ME02,2008-04-24 08:00:00+00:00,2.486738124062179e-05,2.1726527984534257e-07,9.358549858465005e-08,0.162411,17.20103,-0.6437160000000404,5.327869,0.009835330440085022,10.15
ME02,2008-04-24 09:00:00+00:00,3.444341233953888e-05,2.127954457526195e-07,9.76652849889578e-08,0.162913,16.147244,-0.0,19.262295,0.00934356391808077,10.15
ME02,2008-04-24 10:00:00+00:00,2.968656489126146e-05,1.7999514801641947e-07,7.972773101814488e-08,0.155386,17.482357,-0.45775300000002517,13.934426,0.008876385722176732,10.15
ME02,2008-04-24 11:00:00+00:00,2.082187733247684e-05,1.7558059578044488e-07,7.792470933521245e-08,0.143846,17.444211,0.3719250000000329,34.42623,0.008432566436067894,10.15
ME02,2008-04-24 12:00:00+00:00,2.2109218630331746e-05,1.6385571836946668e-07,7.047527587490173e-08,0.149365,18.645813,-0.014305000000035761,4.508197,0.0080109381142645,10.2
ME02,2008-04-24 13:00:00+00:00,2.48583825730793e-05,1.6263138738846334e-07,7.182373272568393e-08,0.131302,18.168987,0.17165699999998196,31.557377,0.012610391208551276,10.2
ME02,2008-04-24 14:00:00+00:00,2.5612397196168816e-05,1.614935557708676e-07,7.839312629429342e-08,0.148864,17.758917,0.6008010000000468,35.245902,0.01197987164812371,10.2
ME02,2008-04-24 15:00:00+00:00,3.445569502987431e-05,1.977385726471254e-07,9.179454360139536e-08,0.140334,17.921038,0.31470600000000104,26.639344,0.011380878065717524,10.2
ME02,2008-04-24 16:00:00+00:00,1.3520356041632145e-05,1.54214412422732e-07,6.86352601510307e-08,0.148864,16.65268,0.1430480000000216,8.606557,0.010811834162431647,10.2
ME02,2008-04-24 17:00:00+00:00,1.1938082016961473e-05,1.5120165154895103e-07,6.545155808748792e-08,0.160404,13.925234,0.758152999999993,18.032787,0.010271242454310065,10.2
ME02,2008-04-24 18:00:00+00:00,1.3288656054153256e-05,1.5361269931998206e-07,6.639879316918312e-08,0.14786,11.96071,0.0429149999999936,0.0,0.009757680331594562,10.25
ME02,2008-04-24 19:00:00+00:00,1.6102697511226674e-05,1.5372149008026072e-07,1.8087597401115674e-07,0.159902,12.427999,-0.7152399999999943,5.737705,0.009269796315014834,10.25
ME02,2008-04-24 20:00:00+00:00,0.00011031013223626204,8.814593746457649e-07,1.4996682992973752e-05,0.159902,11.612626,-0.45775300000002517,0.0,0.008806306499264092,10.25
ME02,2008-04-24 21:00:00+00:00,1.308915515520769e-05,1.56221705206633e-07,6.62967697075081e-08,0.164418,10.973679,-0.12874299999998584,0.0,0.008365991174300886,10.25
ME02,2008-04-24 22:00:00+00:00,1.656888931610246e-05,1.5836939836872297e-07,7.030035585091682e-08,0.162913,11.121495,0.12874299999998584,11.065574,0.00794769161558584,10.25
ME02,2008-04-24 23:00:00+00:00,1.7025563206197666e-05,1.6277415135280102e-07,7.215887872551498e-08,0.168432,11.16441,0.2860960000000432,24.180328,0.007550307034806548,10.25
ME02,2008-04-25 00:00:00+00:00,1.9495139655694932e-05,1.6396132411571953e-07,7.375286455417257e-08,0.168432,10.492085,0.028609999999957836,9.42623,0.00717279168306622,10.3
ME02,2008-04-25 01:00:00+00:00,1.573604162199626e-05,1.6700129224248092e-07,7.495267758166748e-08,0.16793,10.0391,0.100133000000028,0.409836,0.006814152098912909,10.3
ME02,2008-04-25 02:00:00+00:00,1.5407421047838505e-05,1.6922296679827703e-07,7.432378854545189e-08,0.168934,9.905588,-0.04291399999999612,0.0,0.006473444493967263,10.3
ME02,2008-04-25 03:00:00+00:00,1.8652010793392012e-05,1.6485577878767435e-07,7.450111874597743e-08,0.180976,9.986649,-0.07152400000006764,0.0,0.006149772269268899,10.3
ME02,2008-04-25 04:00:00+00:00,1.6798102831400693e-05,1.714901720426041e-07,7.470871798681484e-08,0.170941,9.800687,0.12874299999998584,0.0,0.005842283655805454,10.3
ME02,2008-04-25 05:00:00+00:00,1.5259062918782083e-05,1.5990733048768622e-07,6.926174526608572e-08,0.171443,11.231165,-0.47205799999994724,0.0,0.0055501694730151815,10.3
ME02,2008-04-25 06:00:00+00:00,1.5094606622521541e-05,1.5124809825654044e-07,7.46672339328916e-08,0.166927,15.288957,-0.8296780000000581,10.655738,0.005272660999364422,10.35
ME02,2008-04-25 07:00:00+00:00,0.00018056385298663576,1.763942501123459e-07,9.01582064176005e-08,0.171443,17.143811,-0.5149719999999434,1.639344,0.005009027949396201,10.35
ME02,2008-04-25 08:00:00+00:00,0.0002226075596465846,1.908346812116259e-07,1.0023506775532694e-07,0.180474,16.247377,-0.11443799999995008,0.409836,0.0047585765519263905,10.35
ME02,2008-04-25 09:00:00+00:00,5.0529651073825173e-05,2.0345253546044806e-07,1.0441896276866559e-07,0.164418,15.136372,-0.40053500000010445,0.0,0.004520647724330071,10.35
ME02,2008-04-25 10:00:00+00:00,2.3702236927916032e-05,2.1267422270068278e-07,9.93467808777736e-08,0.164418,15.656113,0.0858290000001034,0.0,0.014294615338113568,10.35
ME02,2008-04-25 11:00:00+00:00,3.1675001501212346e-05,1.831498017687089e-07,8.959211040759059e-08,0.155888,15.770551,0.27179099999989376,2.459016,0.01857988457120789,10.35
ME02,2008-04-25 12:00:00+00:00,2.4986998627301207e-05,1.5058007671689248e-07,6.478951437508047e-08,0.151372,14.826435,0.4291440000000648,29.098361,0.022650890342647497,10.4
ME02,2008-04-25 13:00:00+00:00,4.267754222015184e-05,1.541909892093093e-07,6.633737251125426e-08,0.155888,14.554644,0.3433149999999614,0.0,0.021518345825515123,10.4
ME02,2008-04-25 14:00:00+00:00,4.1988583769503025e-05,1.7212862027145274e-07,7.86824506523032e-08,0.155888,15.207896,0.6151060000000825,0.0,0.020442428534239367,10.4
ME02,2008-04-25 15:00:00+00:00,4.194678671155241e-05,2.0203377876721704e-07,8.976674692921657e-08,0.164418,15.846843,0.24318099999993592,15.983607,0.019420307107527398,10.4
ME02,2008-04-25 16:00:00+00:00,2.4289974194149487e-05,1.8066447267732045e-07,9.721584309612204e-08,0.155888,13.977685,0.3862289999999575,6.147541,0.01844929175215103,10.4
ME02,2008-04-25 17:00:00+00:00,1.2340756641375423e-05,1.5670347279411098e-07,6.66775473277557e-08,0.159902,13.38642,0.25748600000008537,0.409836,0.017526827164543478,10.4
ME02,2008-04-25 18:00:00+00:00,1.2681025317046427e-05,1.5906217948561475e-07,7.10676100502574e-08,0.155386,12.304024,-0.100133000000028,14.344262,0.0166504858063163,10.45
ME02,2008-04-25 19:00:00+00:00,1.3740773876255205e-05,1.5688045228880066e-07,6.528928923268277e-08,0.155386,11.827198,-0.586496000000011,0.0,0.015817961516000487,10.45
ME02,2008-04-25 20:00:00+00:00,1.3523697420709063e-05,1.5831072500079807e-07,6.491770508442224e-08,0.159902,11.340835,-0.25748699999996916,0.0,0.015027063440200461,10.45
ME02,2008-04-25 21:00:00+00:00,1.8208923175621786e-05,1.5862282078900975e-07,6.487794905742318e-08,0.163916,10.949838,0.2431819999999334,0.0,0.014275710268190437,10.45
ME02,2008-04-25 22:00:00+00:00,2.3870248109066427e-05,1.59527717875255e-07,6.412738821968541e-08,0.159902,10.811558,0.05721900000003188,2.459016,0.013561924754780914,10.45
ME02,2008-04-25 23:00:00+00:00,1.9188361350920018e-05,1.6285834925212085e-07,6.66430406150053e-08,0.171944,10.596986,0.658019999999965,27.459016,0.012883828517041868,10.45
ME02,2008-04-26 00:00:00+00:00,2.1212372424520628e-05,1.6323607830688156e-07,6.763981638172774e-08,0.175457,10.406256,0.8439830000000939,14.754098,0.012239637091189774,10.5
ME02,2008-04-26 01:00:00+00:00,2.22048913559975e-05,1.6486251845852814e-07,6.984902873645482e-08,0.171443,9.934198,0.3576189999999997,17.213115,0.011627655236630285,10.5
ME02,2008-04-26 02:00:00+00:00,1.908455026679875e-05,1.7387684465357878e-07,7.597400783128462e-08,0.166927,9.290483,0.4005339999999933,0.0,0.01104627247479877,10.5
ME02,2008-04-26 03:00:00+00:00,1.7617382446862005e-05,1.8023405581978632e-07,7.806982317187604e-08,0.175457,9.142666,0.35761999999999716,0.0,0.010493958851058832,10.5
ME02,2008-04-26 04:00:00+00:00,1.9181037730155925e-05,1.838685917522694e-07,8.025172285578087e-08,0.170941,9.92943,0.17165699999998196,18.442623,0.009969260908505891,10.5
ME02,2008-04-26 05:00:00+00:00,2.2698403939801545e-05,1.7421065949613105e-07,7.385147605374673e-08,0.170439,10.921228,0.05722000000002936,2.459016,0.009470797863080596,10.5
ME02,2008-04-26 06:00:00+00:00,2.4568222702720847e-05,1.529807008746008e-07,6.928877378028386e-08,0.166927,15.699027,-0.22887700000001132,0.0,0.008997257969926566,10.666666666666666
ME02,2008-04-26 07:00:00+00:00,0.00014312700814365494,1.7279598313599124e-07,8.807824363945924e-08,0.170941,16.609765,-0.07152400000006764,14.754098,0.008547395071430238,10.666666666666666
ME02,2008-04-26 08:00:00+00:00,5.748406619256196e-05,1.9070329955289587e-07,9.59388578617554e-08,0.171443,17.286859,-0.18596200000001772,20.901639,0.008120025317858725,10.666666666666666
ME02,2008-04-26 09:00:00+00:00,2.0483746048598537e-05,1.6495406595424737e-07,6.850467566515772e-08,0.163916,15.474919,0.42914300000006733,11.065574,0.01771402405196579,10.666666666666666
ME02,2008-04-26 10:00:00+00:00,2.18353651734755e-05,1.6537867650779443e-07,9.507726056912503e-08,0.186997,11.870113,0.21457199999997556,6.967213,0.07182832284936752,10.666666666666666
ME02,2008-04-26 11:00:00+00:00,0.00041510409919780846,2.155528187230903e-07,1.7473159689963e-07,0.1594,11.202556,0.10013400000002548,0.0,0.15323690670689916,10.666666666666666
ME02,2008-04-26 12:00:00+00:00,3.526119705572034e-05,3.4387128574775817e-07,1.6928968879572113e-07,0.167429,10.530231,-0.07152400000006764,22.540984,0.1555750613715542,10.833333333333334
ME02,2008-04-26 13:00:00+00:00,4.734896930075412e-05,3.1172179855204054e-07,1.285840307006825e-07,0.158899,16.829105,-0.27179100000000744,0.0,0.16279630830297648,10.833333333333334
ME02,2008-04-26 14:00:00+00:00,0.00014008603326654922,2.797938408225117e-07,1.2182427724295318e-07,0.1594,14.282853,0.6723250000000007,4.918033,0.20965649288782767,10.833333333333334
ME02,2008-04-26 15:00:00+00:00,4.057492754110776e-05,3.0206176143513965e-07,1.3851812581239443e-07,0.158899,15.117299,0.40053400000010697,6.967213,0.2641736682434363,10.833333333333334
ME02,2008-04-26 16:00:00+00:00,1.4193526955983268e-05,2.0801713110670058e-07,1.2520206372189553e-07,0.158899,12.957276,0.11443799999995008,10.245902,0.27596498483126447,10.833333333333334
ME02,2008-04-26 17:00:00+00:00,2.212763192258438e-05,1.8152130855989294e-07,7.24420401255847e-08,0.154885,10.782949,-0.21457199999997556,2.459016,0.2671667355897012,10.833333333333334
ME02,2008-04-26 18:00:00+00:00,2.0804225646038038e-05,1.76613169305479e-07,7.057481932156944e-08,0.154383,10.473012,-0.028609000000074047,9.836066,0.29380839881021614,11.0
ME02,2008-04-26 19:00:00+00:00,1.840062138123135e-05,1.802568635476249e-07,7.379668588725622e-08,0.159902,9.805455,-0.7295439999999189,0.0,0.2841179788697053,11.0
ME02,2008-04-26 20:00:00+00:00,1.7892696782693834e-05,1.9031347092498372e-07,8.018615742509426e-08,0.16793,10.053405,-0.30040100000007897,5.737705,0.26991207992622,11.0
ME02,2008-04-26 21:00:00+00:00,1.5640636693152918e-05,1.9407106303671653e-07,7.93236548821002e-08,0.170941,9.71009,0.028610000000071523,8.196721,0.256416475929909,11.0
ME02,2008-04-26 22:00:00+00:00,2.243669970355759e-05,1.8704101636091382e-07,8.188103919400039e-08,0.170941,10.191684,0.1430480000000216,4.508197,0.24359565213341355,11.0
ME02,2008-04-26 23:00:00+00:00,1.8267917019481485e-05,1.8233025078908184e-07,8.153275888061897e-08,0.171443,10.544536,-0.10013400000002548,31.147541,0.23141586952674287,11.0
ME02,2008-04-27 00:00:00+00:00,1.7111907275262683e-05,1.8349227841755997e-07,7.865761601519343e-08,0.175457,9.738699,0.2002669999999398,0.409836,0.2198450760504057,11.166666666666666
ME02,2008-04-27 01:00:00+00:00,1.752230600909228e-05,1.8354028677599843e-07,7.847814850114615e-08,0.174453,9.280946,0.30040100000007897,0.0,0.2088528222478854,11.166666666666666
ME02,2008-04-27 02:00:00+00:00,2.074770493718002e-05,1.822791345516552e-07,7.970646186524697e-08,0.175457,9.328629,0.14304799999990792,2.04918,0.1984101811354911,11.166666666666666
ME02,2008-04-27 03:00:00+00:00,1.951028419740754e-05,1.898379567257199e-07,8.093886635950304e-08,0.171443,8.527561,0.14304700000002413,0.0,0.18848967207871656,11.166666666666666
ME02,2008-04-27 04:00:00+00:00,3.0902556497191146e-05,1.8392345648392052e-07,7.72114917753593e-08,0.170941,7.635895,0.21457199999997556,0.0,0.17906518847478073,11.166666666666666
ME02,2008-04-27 05:00:00+00:00,2.1919560199864115e-05,1.7653933752434603e-07,7.149181900413644e-08,0.170439,9.171276,-0.4005339999999933,2.868852,0.1701119290510417,11.166666666666666
ME02,2008-04-27 06:00:00+00:00,2.422796326823271e-05,1.73286379036004e-07,8.181701036167978e-08,0.166927,13.624833,-0.6723250000000007,0.0,0.1616063325984896,11.333333333333334
ME02,2008-04-27 07:00:00+00:00,0.0001140296811752067,2.477165450453008e-07,1.3792144449254183e-07,0.166425,14.659546,-0.9298109999999724,2.459016,0.15352601596856513,11.333333333333334
ME02,2008-04-27 08:00:00+00:00,7.862123370364738e-05,2.456685310106434e-07,1.1337485447800219e-07,0.162913,15.412932,-0.4291439999999511,8.606557,0.14584971517013687,11.333333333333334
ME02,2008-04-27 09:00:00+00:00,2.8600704554417928e-05,2.38686400047555e-07,1.0448092763141593e-07,0.158899,13.677284,0.15735299999994368,13.934426,0.13855722941163,11.333333333333334
ME02,2008-04-27 10:00:00+00:00,2.4679923586606583e-05,2.110738028782256e-07,9.953772358819564e-08,0.158899,16.090025,-0.4005339999999933,21.721311,0.13162936794104851,11.333333333333334
ME02,2008-04-27 11:00:00+00:00,4.0710273793750375e-05,2.1212483114486913e-07,9.841894939148939e-08,0.167429,16.023269,0.514972000000057,0.819672,0.1250478995439961,11.333333333333334
ME02,2008-04-27 12:00:00+00:00,3.96619459058502e-05,2.1186166225047951e-07,9.510088492719114e-08,0.155386,17.162884,-0.04291399999999612,2.04918,0.11879550456679627,11.5
ME02,2008-04-27 13:00:00+00:00,3.5686907277379544e-05,2.0256316984463292e-07,8.656220533947464e-08,0.150871,17.315468,0.4577529999999115,16.393443,0.11285572933845646,11.5
ME02,2008-04-27 14:00:00+00:00,5.329445972099419e-05,1.984854235052724e-07,8.611190000368212e-08,0.13933,16.066183,0.6151060000000825,10.245902,0.14721294287153364,11.5
ME02,2008-04-27 15:00:00+00:00,3.1759714563643464e-05,2.2887916982664338e-07,1.0151253883276909e-07,0.138327,13.872783,0.21457199999997556,0.0,0.15985229572795695,11.5
ME02,2008-04-27 16:00:00+00:00,3.363060404615632e-05,2.121503654248808e-07,1.0134865010394427e-07,0.146355,16.929239,-0.6008010000000468,11.47541,0.1518596809415591,11.5
ME02,2008-04-27 17:00:00+00:00,1.6132011646924518e-05,1.5788770181409664e-07,6.684202631460261e-08,0.142843,14.645241,0.18596200000001772,0.0,0.14426669689448116,11.5
ME02,2008-04-27 18:00:00+00:00,2.3031624813032374e-05,1.6014307145909053e-07,6.616932230486766e-08,0.150871,11.970246,0.10013400000002548,7.377049,0.1370533620497571,11.666666666666666
ME02,2008-04-27 19:00:00+00:00,1.7526169493774184e-05,1.5952101910055867e-07,6.797064711298779e-08,0.158899,10.992752,-0.40053499999999076,0.409836,0.13020069394726924,11.666666666666666
ME02,2008-04-27 20:00:00+00:00,1.8509140905330608e-05,1.6736654477462704e-07,7.12707322208258e-08,0.154885,10.840168,-0.48636199999998553,8.606557,0.12369065924990577,11.666666666666666
ME02,2008-04-27 21:00:00+00:00,1.88822178740348e-05,1.7017888481429465e-07,7.388568125266623e-08,0.158397,10.568377,-0.0,4.508197,0.11750612628741047,11.666666666666666
ME02,2008-04-27 22:00:00+00:00,2.062313155773108e-05,1.7336762354617773e-07,7.379058880008352e-08,0.162411,10.082014,-0.1430480000000216,0.0,0.11163081997303995,11.666666666666666
ME02,2008-04-27 23:00:00+00:00,1.2799819016766347e-05,1.7528094559674102e-07,7.617685096007531e-08,0.158397,9.924661,0.3576189999999997,16.393443,0.10604927897438794,11.666666666666666
ME02,2008-04-28 00:00:00+00:00,2.1119352579145827e-05,1.8054978230664108e-07,7.824213361047136e-08,0.166425,9.295251,0.6294110000000046,0.0,0.10074681502566854,11.833333333333334
ME02,2008-04-28 01:00:00+00:00,2.150803083046467e-05,1.8282267385008343e-07,8.04037478945615e-08,0.170439,8.971009,0.5149719999999434,0.819672,0.09570947427438511,11.833333333333334
ME02,2008-04-28 02:00:00+00:00,1.7273827815339967e-05,1.826974953870199e-07,7.810757837121974e-08,0.166927,8.856571,0.31470600000000104,0.0,0.09092400056066585,11.833333333333334
ME02,2008-04-28 03:00:00+00:00,2.3228170175707776e-05,1.7614903771500052e-07,7.582847034283608e-08,0.166425,8.656304,0.20026700000005349,0.409836,0.08637780053263255,11.833333333333334
ME02,2008-04-28 04:00:00+00:00,2.075133164539071e-05,1.7749871267277713e-07,7.735899807454e-08,0.165923,8.408354,0.11443799999995008,2.868852,0.08205891050600092,11.833333333333334
ME02,2008-04-28 05:00:00+00:00,1.6616619485040998e-05,1.7061109355839343e-07,7.272561104893457e-08,0.166425,9.781614,-0.17165699999998196,4.918033,0.07795596498070087,11.833333333333334
ME02,2008-04-28 06:00:00+00:00,2.5306480969366034e-05,1.584992813746677e-07,7.484538058447009e-08,0.161408,14.597559,-0.7152399999999943,2.868852,0.07405816673166582,12.0
ME02,2008-04-28 07:00:00+00:00,6.583447632112434e-05,2.0696376445211714e-07,1.1378417195607129e-07,0.166425,16.070952,-0.5292769999999791,38.114754,0.07035525839508253,12.0
ME02,2008-04-28 08:00:00+00:00,0.00010348876142953121,2.2474381421475335e-07,1.0568250074692873e-07,0.162411,16.290292,-0.3862289999999575,33.606557,0.0668374954753284,12.0
ME02,2008-04-28 09:00:00+00:00,8.500977225912812e-05,1.7355271231382503e-07,8.964860720924391e-08,0.162411,15.193591,0.12874299999998584,0.409836,0.06349562070156198,12.0
ME02,2008-04-28 10:00:00+00:00,4.599252011331244e-05,1.4364800414664536e-07,6.434789397870617e-08,0.154383,17.072287,-0.3290100000000393,27.04918,0.060320839666483876,12.0
ME02,2008-04-28 11:00:00+00:00,2.459124118633479e-05,1.1306364289577294e-07,4.4918481399187004e-08,0.151372,18.488461,0.4434479999999894,0.409836,0.05730479768315968,12.0
ME02,2008-04-28 12:00:00+00:00,3.334938126573594e-05,1.0018677095470069e-07,4.110786809025119e-08,0.146355,17.072287,0.6008010000000468,64.754098,0.05443955779900169,12.166666666666666
ME02,2008-04-28 13:00:00+00:00,4.112655000011274e-05,1.0025176129594673e-07,3.723745067570186e-08,0.158397,18.331108,0.014304999999922074,3.278689,0.051717579909051604,12.166666666666666
ME02,2008-04-28 14:00:00+00:00,2.0174699796768426e-05,1.1292548879106467e-07,4.583926930578092e-08,0.138828,18.111768,0.4005339999999933,0.0,0.04913170091359902,12.166666666666666
ME02,2008-04-28 15:00:00+00:00,2.7705658971676474e-05,1.3787800568489044e-07,6.86443224264879e-08,0.125783,15.975586,0.7295440000000326,57.786885,0.04667511586791907,12.166666666666666
ME02,2008-04-28 16:00:00+00:00,2.0510861985066646e-05,1.5998881401533254e-07,7.298342447058045e-08,0.126285,15.393858,0.25748699999996916,13.934426,0.04434136007452312,12.166666666666666
ME02,2008-04-28 17:00:00+00:00,2.2336843742687894e-05,1.5807509686706882e-07,4.711246200502898e-07,0.132807,15.246042,0.1573520000000599,0.819672,0.04212429207079696,12.166666666666666
ME02,2008-04-28 18:00:00+00:00,1.9731127186621472e-05,1.654983767899414e-07,6.84207188985099e-08,0.137323,12.695022,0.4291439999999511,0.0,0.04001807746725711,12.333333333333334
ME02,2008-04-28 19:00:00+00:00,2.130395266415074e-05,1.6392007870931047e-07,7.138098017897931e-08,0.138327,12.532901,-0.11443799999995008,0.409836,0.03801717359389425,12.333333333333334
ME02,2008-04-28 20:00:00+00:00,1.9185068739555413e-05,1.7038266610387134e-07,7.39428306939292e-08,0.150369,12.404158,-0.1859630000000152,3.278689,0.03611631491419953,12.333333333333334
ME02,2008-04-28 21:00:00+00:00,1.6099662562169554e-05,1.6938790994577075e-07,7.628078978188927e-08,0.150871,11.60309,0.4005339999999933,0.0,0.03431049916848956,12.333333333333334
ME02,2008-04-28 22:00:00+00:00,1.635558458483607e-05,1.7003284906728957e-07,7.911901511584932e-08,0.150871,10.740034,0.486362999999983,4.918033,0.032594974210065075,12.333333333333334
ME02,2008-04-28 23:00:00+00:00,1.7258474822451194e-05,1.7397485942716032e-07,7.663752492288911e-08,0.154885,10.344269,0.4005339999999933,0.0,0.03096522549956182,12.333333333333334
ME02,2008-04-29 00:00:00+00:00,1.3488289575561189e-05,1.703286699905628e-07,7.548177919785572e-08,0.155386,10.077246,0.901202000000012,1.229508,0.02941696422458373,12.5
ME02,2008-04-29 01:00:00+00:00,2.1175827391505e-05,1.7130406352472794e-07,7.393953464395058e-08,0.158397,9.872211,0.7295440000000326,9.836066,0.027946116013354543,12.5
ME02,2008-04-29 02:00:00+00:00,1.9512384617334213e-05,1.7055081834149664e-07,7.459850389745963e-08,0.153881,10.878314,0.3003999999999678,30.327869,0.026548810212686815,12.5
ME02,2008-04-29 03:00:00+00:00,2.059452801208168e-05,1.7020782287322736e-07,7.571657331943822e-08,0.158397,11.078581,0.7009350000000723,35.245902,0.025221369702052472,12.5
ME02,2008-04-29 04:00:00+00:00,2.5302454889760407e-05,1.7075606493833155e-07,7.555490013997225e-08,0.158899,11.049971,0.14304799999990792,38.52459,0.023960301216949847,12.5
ME02,2008-04-29 05:00:00+00:00,2.1010001823522023e-05,1.591762879393345e-07,7.074668004814882e-08,0.158397,12.07038,-0.07152399999995396,23.770492,0.022762286156102353,12.5
ME02,2008-04-29 06:00:00+00:00,1.2272029888222814e-05,1.590341096406828e-07,7.383247084954482e-08,0.158397,14.940874,0.014305000000035761,49.590164,0.021624171848297236,11.8
ME02,2008-04-29 07:00:00+00:00,2.3370034965399094e-05,2.0268703183252595e-07,1.0098846627531415e-07,0.161909,16.614534,-0.10013400000002548,54.098361,0.020542963255882372,11.8
ME02,2008-04-29 08:00:00+00:00,5.0077450949384525e-05,2.0400576719718814e-07,1.0315191361175538e-07,0.174955,15.975586,-0.014305000000035761,90.57377,0.01951581509308825,11.8
ME02,2008-04-29 09:00:00+00:00,2.011093613067123e-05,1.6225295424298772e-07,7.129370770389781e-08,0.212085,15.594126,0.4434489999999869,75.0,0.01854002433843384,11.8
ME02,2008-04-29 10:00:00+00:00,3.0368089249334158e-05,1.6583923459592993e-07,7.387112481371173e-08,0.204057,16.709899,0.05721900000003188,164.344262,0.017613023121512146,11.8
ME02,2008-04-29 11:00:00+00:00,7.524954886389263e-05,1.5291473459914066e-07,7.400748889783514e-08,0.187499,17.06275,0.47205799999994724,124.180328,0.01673237196543654,11.8
ME02,2008-04-29 12:00:00+00:00,2.3511372861650124e-05,1.285796744630774e-07,5.5634054864689446e-08,0.175958,17.592027,0.2860960000000432,136.065574,0.01589575336716471,11.1
ME02,2008-04-29 13:00:00+00:00,2.6592002063059344e-05,1.1252624709807009e-07,4.65195857732095e-08,0.171944,18.002098,0.45775300000002517,138.114754,0.015100965698806474,11.1
ME02,2008-04-29 14:00:00+00:00,4.1688745228607805e-05,1.5036191073604953e-07,6.375235468680783e-08,0.192516,17.038909,0.7438489999999547,89.344262,0.01434591741386615,11.1
ME02,2008-04-29 15:00:00+00:00,1.6213736631858896e-05,1.6372730766160563e-07,7.183893497526562e-08,0.166927,17.592027,0.3433150000000751,95.491803,0.01362862154317284,11.1
ME02,2008-04-29 16:00:00+00:00,1.57493312854947e-05,1.64087086116226e-07,6.882913117588622e-08,0.17646,16.995995,0.37192399999992176,121.721311,0.012947190466014198,11.1
ME02,2008-04-29 17:00:00+00:00,2.032568864203531e-05,1.5656882437858315e-07,6.744818498643387e-08,0.159902,16.109098,-0.486362999999983,89.344262,0.012299830942713488,11.1
ME02,2008-04-29 18:00:00+00:00,2.6515080016448453e-05,1.5438352242904008e-07,6.604940165408757e-08,0.151372,14.626168,-0.22887600000001385,38.934426,0.011684839395577813,10.4
ME02,2008-04-29 19:00:00+00:00,2.3956554677930955e-05,1.53283346881008e-07,6.50271050950173e-08,0.150871,13.534236,-0.35761999999999716,17.622951,0.01110059742579892,10.4
ME02,2008-04-29 20:00:00+00:00,2.3871543451370696e-05,1.5452876986768592e-07,6.821088306699906e-08,0.150369,12.017929,-0.1573519999999462,0.0,0.010545567554508974,10.4
ME02,2008-04-29 21:00:00+00:00,2.1916613183045326e-05,1.6048692379967434e-07,6.96543142048985e-08,0.158397,12.504291,0.04291399999999612,0.0,0.010018289176783525,10.4
ME02,2008-04-29 22:00:00+00:00,1.9542942004606047e-05,1.6184424671213842e-07,7.046397091655558e-08,0.163415,11.436201,0.07152399999995396,0.0,0.009517374717944348,10.4
ME02,2008-04-29 23:00:00+00:00,2.1818684111989836e-05,1.623245540963622e-07,7.131074158180052e-08,0.158899,12.299256,0.2574859999999717,0.0,0.009041505982047131,10.4
ME02,2008-04-30 00:00:00+00:00,1.6921262784009027e-05,1.6147449041666957e-07,7.250380062893484e-08,0.154383,11.316994,0.0858290000001034,0.0,0.008589430682944774,9.7
ME02,2008-04-30 01:00:00+00:00,2.1830965992493955e-05,1.6082305862296357e-07,7.240171527114541e-08,0.162411,11.283616,0.4577529999999115,0.0,0.008159959148797535,9.7
ME02,2008-04-30 02:00:00+00:00,2.035924955283338e-05,1.6531566382021508e-07,7.382155082076792e-08,0.154885,11.216861,0.25748600000008537,0.409836,0.007751961191357658,9.7
ME02,2008-04-30 03:00:00+00:00,1.468377048428524e-05,1.6467563909929397e-07,7.461604031313468e-08,0.157895,10.658974,-0.12874300000009953,0.0,0.007364363131789775,9.7
ME02,2008-04-30 04:00:00+00:00,2.222527732577844e-05,1.6758106525185346e-07,7.566930378976191e-08,0.157895,11.102422,-0.3433149999999614,0.0,0.006996144975200286,9.7
ME02,2008-04-30 05:00:00+00:00,1.790353519872962e-05,1.5198157145813688e-07,7.044097113209983e-08,0.153881,13.171848,-0.5435820000000149,0.0,0.006646337726440271,9.7
ME02,2008-04-30 06:00:00+00:00,2.108199505886807e-05,1.4270755986760798e-07,6.835323244775294e-08,0.170439,18.388327,-0.8439819999999827,0.819672,0.006314020840118257,9.3
ME02,2008-04-30 07:00:00+00:00,3.869749480755463e-05,1.716533921528323e-07,7.9537316986426e-08,0.154383,19.284761,-0.486362999999983,4.508197,0.005998319798112344,9.3
ME02,2008-04-30 08:00:00+00:00,2.7602461338870224e-05,1.6058727473339453e-07,8.492018654575101e-08,0.154383,19.070189,-0.2860960000000432,33.196721,0.005698403808206727,9.3
ME02,2008-04-30 09:00:00+00:00,1.888605958174645e-05,8.995243860261943e-08,5.233880445364981e-08,0.137323,19.666222,-0.4434479999999894,23.770492,0.00541348361779639,9.3
ME02,2008-04-30 10:00:00+00:00,1.8379596205820317e-05,4.5358213359137595e-08,1.8970526208932524e-08,0.146857,19.976159,-0.5292769999999791,13.52459,0.00514280943690657,9.3
ME02,2008-04-30 11:00:00+00:00,1.9367468088016118e-05,5.8589624887154506e-08,1.8161515932593785e-07,0.150369,19.494564,-0.08582899999998972,15.57377,0.004885668965061241,9.3
ME02,2008-04-30 12:00:00+00:00,1.8017107168989148e-05,6.403367396768147e-08,2.3263453232058573e-08,0.172446,18.803166,0.15735299999994368,26.229508,0.004641385516808179,8.9
ME02,2008-04-30 13:00:00+00:00,2.134819520380005e-05,7.295319458450931e-08,1.4848618204411236e-07,0.127288,18.197597,-0.15735299999994368,29.918033,0.00440931624096777,8.9
ME02,2008-04-30 14:00:00+00:00,2.2017421590296296e-05,8.273499009622127e-08,4.642688785057593e-08,0.138327,17.768453,0.5578870000000506,42.213115,0.004188850428919381,8.9
ME02,2008-04-30 15:00:00+00:00,2.057051730532323e-05,1.153649747180426e-07,5.046142176466059e-08,0.125281,17.768453,-0.3290100000000393,24.180328,0.003979407907473411,8.9
ME02,2008-04-30 16:00:00+00:00,1.6019380558880036e-05,1.398135683558394e-07,6.50166444205893e-08,0.126285,17.210566,0.02860899999996036,25.819672,0.003780437512099741,8.9
ME02,2008-04-30 17:00:00+00:00,2.8684955226213936e-05,1.475573130558314e-07,6.495879463081286e-08,0.135316,15.432005,0.27179100000000744,0.409836,0.0035914156364947537,8.9
ME02,2008-04-30 18:00:00+00:00,3.113342044541799e-05,1.4968169504163462e-07,6.527073436385295e-08,0.134313,13.434103,-0.100133000000028,0.0,0.003411844854670016,8.5
ME02,2008-04-30 19:00:00+00:00,2.8812153601135183e-05,1.529789500152691e-07,6.672722493048634e-08,0.142341,13.543773,-0.35761999999999716,0.0,0.003241252611936515,8.5
ME02,2008-04-30 20:00:00+00:00,2.8671856551155213e-05,1.5460141619688132e-07,1.2264841452987517e-07,0.142843,13.348274,-0.7438489999999547,0.0,0.003079189981339689,8.5
ME02,2008-04-30 21:00:00+00:00,2.802854721800063e-05,1.5199222412905513e-07,6.505745125205933e-08,0.142843,12.804692,0.05721900000003188,1.639344,0.0029252304822727044,8.5
ME02,2008-04-30 22:00:00+00:00,2.7223111307072968e-05,1.5106451681194397e-07,6.532902069093173e-08,0.146355,12.723632,-0.2431810000000496,0.0,0.002778968958159069,8.5
ME02,2008-04-30 23:00:00+00:00,2.748920251016147e-05,1.501731121525571e-07,6.430458446143795e-08,0.154383,12.113294,0.12874299999998584,0.0,0.0026400205102511155,8.5
ME02,2008-05-01 00:00:00+00:00,2.4637579265205723e-05,1.5002396707489582e-07,6.520497379989171e-08,0.158397,11.722296,0.1573520000000599,0.0,0.00250801948473856,8.1
ME02,2008-05-01 01:00:00+00:00,3.348515216844567e-05,1.526986716982067e-07,6.574636999834072e-08,0.146355,12.389853,-0.028609000000074047,0.0,0.002382618510501632,8.1
ME02,2008-05-01 02:00:00+00:00,2.773007308479417e-05,1.4893927616522185e-07,6.623271267851617e-08,0.154383,13.696357,0.04291399999999612,0.409836,0.00226348758497655,8.1
ME02,2008-05-01 03:00:00+00:00,3.159558936796177e-05,1.4557095385513438e-07,6.465723913556257e-08,0.150369,12.852375,0.30040100000007897,0.0,0.0021503132057277227,8.1
ME02,2008-05-01 04:00:00+00:00,2.3957666512442126e-05,1.3360310905038206e-07,6.254185801803961e-08,0.154383,14.969483,0.04291399999999612,16.803279,0.0020427975454413365,8.1
ME02,2008-05-01 05:00:00+00:00,2.0126178265682177e-05,1.3557877795410933e-07,6.055623711926317e-08,0.149867,14.611863,-0.9441160000000082,18.032787,0.0019406576681692696,8.1
ME02,2008-05-01 06:00:00+00:00,1.6286686423341168e-05,1.4955095180917952e-07,6.756128115157258e-08,0.149867,15.474919,-0.47205800000006093,0.409836,0.0018436247847608061,8.475
ME02,2008-05-01 07:00:00+00:00,2.5485779334732098e-05,1.5648817040102158e-07,7.240677293243514e-08,0.146355,18.497997,-1.1014679999999544,0.409836,0.0017514435455227657,8.475
ME02,2008-05-01 08:00:00+00:00,3.896294977078476e-05,1.625344207878279e-07,7.35982068087287e-08,0.149867,20.705703,-0.7581539999999904,1.229508,0.0016638713682466273,8.475
ME02,2008-05-01 09:00:00+00:00,2.456314830804262e-05,9.831056947565521e-08,5.619430209868714e-08,0.154885,20.228877,-0.18596200000001772,36.885246,0.001580677799834296,8.475
ME02,2008-05-01 10:00:00+00:00,2.6788940438546145e-05,4.265505632375971e-08,1.7935249752428358e-08,0.155888,20.0,-0.20026700000005349,45.901639,0.001501643909842581,8.475
ME02,2008-05-01 11:00:00+00:00,2.0146572479216887e-05,4.157115260887283e-08,1.3789610611253115e-08,0.126285,21.56399,-0.35761999999999716,6.557377,0.0014265617143504519,8.475
ME02,2008-05-01 12:00:00+00:00,2.1161337900383644e-05,4.401463091256708e-08,1.716120393407558e-08,0.122772,21.459088,-0.057218999999918196,31.967213,0.0013552336286329293,8.85
ME02,2008-05-01 13:00:00+00:00,1.9280427397333777e-05,4.796218003559678e-08,3.872694786974969e-08,0.13933,21.101469,0.18596200000001772,31.557377,0.0012874719472012828,8.85
ME02,2008-05-01 14:00:00+00:00,1.740538806489531e-05,5.542729634585279e-08,1.6713153728939883e-08,0.123274,21.411406,0.18596199999990404,14.754098,0.0012230983498412186,8.85
ME02,2008-05-01 15:00:00+00:00,3.312430731150821e-05,7.461238947297213e-08,4.6402657808877476e-08,0.11926,21.440015,0.014305000000035761,4.098361,0.0011619434323491577,8.85
ME02,2008-05-01 16:00:00+00:00,1.8596630807883968e-05,1.1908277142486748e-07,5.319671808743975e-08,0.11926,19.508869,0.21457199999997556,1.229508,0.0011038462607316998,8.85
ME02,2008-05-01 17:00:00+00:00,2.563507520303572e-05,1.412395378484912e-07,6.324952725623412e-08,0.122772,18.722106,0.04291399999999612,9.836066,0.0010486539476951147,8.85
ME02,2008-05-01 18:00:00+00:00,2.3155839028910057e-05,1.4619790385228944e-07,6.60503887857796e-08,0.131302,17.434675,-0.04291399999999612,2.868852,0.0009962212503103589,9.225
ME02,2008-05-01 19:00:00+00:00,2.9077672174537313e-05,1.5117868071719445e-07,6.482865497526477e-08,0.123274,17.258249,-0.8582870000000185,0.0,0.0009464101877948408,9.225
ME02,2008-05-01 20:00:00+00:00,2.1842629310148248e-05,1.4955394235386595e-07,6.559858564698466e-08,0.126786,16.380889,-0.12874399999998332,0.0,0.0008990896784050988,9.225
ME02,2008-05-01 21:00:00+00:00,3.0602907722300336e-05,5.042027341826815e-07,2.2427654403673987e-07,0.131804,15.799161,0.10013400000002548,0.0,0.0008541351944848438,9.225
ME02,2008-05-01 22:00:00+00:00,2.9534719542379508e-05,3.6676580640372076e-07,2.2080129711577528e-07,0.1308,16.533473,-0.12874299999998584,0.0,0.0008114284347606015,9.225
ME02,2008-05-01 23:00:00+00:00,2.6738977937779032e-05,1.4936061188227463e-07,6.393274324574341e-08,0.126285,15.60843,-0.014305000000035761,0.0,0.0007708570130225714,9.225
ME02,2008-05-02 00:00:00+00:00,1.649858907531922e-05,1.4661920785501695e-07,6.383154022715981e-08,0.138327,16.099561,0.6294110000000046,0.0,0.0007323141623714429,9.6
ME02,2008-05-02 01:00:00+00:00,2.599674921652156e-05,1.5863898574988803e-07,4.466234256614824e-07,0.13933,16.743277,0.22887600000001385,0.0,0.0006956984542528707,9.6
ME02,2008-05-02 02:00:00+00:00,2.9166895515105275e-05,1.46493114319639e-07,6.452202720791549e-08,0.1308,17.162884,-0.21457099999997808,6.147541,0.0006609135315402271,9.6
ME02,2008-05-02 03:00:00+00:00,2.322694735639721e-05,1.4669063573919903e-07,6.227295100397229e-08,0.13933,16.337974,0.17165699999998196,0.0,0.0006278678549632157,9.6
ME02,2008-05-02 04:00:00+00:00,3.2656252967697476e-05,1.3855636162657743e-07,2.6862336697600813e-07,0.130299,16.709899,-0.47205799999994724,0.0,0.0005964744622150549,9.6
ME02,2008-05-02 05:00:00+00:00,2.0497074599942384e-05,1.347057045648557e-07,5.83844753949097e-08,0.133811,16.829105,-0.8725920000000542,0.0,0.0005666507391043021,9.6
ME02,2008-05-02 06:00:00+00:00,1.6454588663141712e-05,1.480767109820751e-07,6.767188378927062e-08,0.135316,17.839977,-0.8582870000000185,0.409836,0.0005383182021490869,8.95
ME02,2008-05-02 07:00:00+00:00,2.243593082633039e-05,1.6603279837202568e-07,7.720813311369004e-08,0.142843,19.356285,-0.5721919999999727,0.409836,0.0005114022920416326,8.95
ME02,2008-05-02 08:00:00+00:00,2.86307086537673e-05,1.7370208710429204e-07,7.85354983495927e-08,0.135316,20.414839,-0.6723250000000007,4.098361,0.00048583217743955096,8.95
ME02,2008-05-02 09:00:00+00:00,2.2134639686445268e-05,8.83075341182645e-08,5.643167521198508e-08,0.126786,20.672325,-0.28609500000004573,4.098361,0.00046154056856757337,8.95
ME02,2008-05-02 10:00:00+00:00,3.133020541206308e-05,5.032247654185856e-08,1.808015095166015e-08,0.126786,21.716574,0.100133000000028,24.180328,0.0004384635401391947,8.95
ME02,2008-05-02 11:00:00+00:00,2.490598230855102e-05,4.72431746734327e-08,2.4336492206886178e-08,0.119762,21.187297,0.6580200000000787,30.327869,0.00041654036313223497,8.95
ME02,2008-05-02 12:00:00+00:00,2.3727701603339257e-05,9.357887905917906e-08,2.9787117171693325e-08,0.122772,21.654587,0.1001339999999118,20.491803,0.0003957133449756232,8.3
ME02,2008-05-02 13:00:00+00:00,2.82754719033768e-05,5.105695671522819e-08,2.1742763462654113e-08,0.111734,21.773794,0.42914300000006733,52.04918,0.00037592767772684206,8.3
ME02,2008-05-02 14:00:00+00:00,3.4861317188448606e-05,7.77589037064216e-08,4.5489288301462596e-08,0.116249,21.37326,0.37192499999991924,4.098361,0.00035713129384049995,8.3
ME02,2008-05-02 15:00:00+00:00,1.5496975880951164e-05,1.3627490079165145e-07,9.107683859093481e-08,0.10772,20.829678,0.21457200000008925,20.081967,0.0003392747291484749,8.3
ME02,2008-05-02 16:00:00+00:00,1.6600118507010154e-05,1.535866506598968e-07,7.569873693885729e-08,0.116249,18.607667,0.3433149999999614,8.606557,0.0003223109926910512,8.3
ME02,2008-05-02 17:00:00+00:00,2.326923031151608e-05,1.451684096771684e-07,6.291690547896032e-08,0.123776,16.910166,0.22887600000001385,1.229508,0.0003061954430564986,8.3
ME02,2008-05-02 18:00:00+00:00,2.83871120179542e-05,1.4848526693145837e-07,1.8383347752215008e-07,0.123274,15.784856,0.05721900000003188,5.327869,0.00029088567090367366,7.65
ME02,2008-05-02 19:00:00+00:00,2.7508068251084395e-05,1.490109175397962e-07,6.582194859243135e-08,0.139832,13.96338,-0.37192400000003545,1.229508,0.00027634138735848995,7.65
ME02,2008-05-02 20:00:00+00:00,2.6628734825644784e-05,1.5055657737200132e-07,6.525545357015048e-08,0.135316,13.653443,-0.22887700000001132,14.754098,0.00026252431799056545,7.65
ME02,2008-05-02 21:00:00+00:00,2.6805238920258684e-05,1.497993578643199e-07,6.530534660009125e-08,0.139832,13.801259,0.014305000000035761,0.0,0.0002493981020910372,7.65
ME02,2008-05-02 22:00:00+00:00,2.7597956727048452e-05,1.48266259112833e-07,6.565193814733885e-08,0.1308,14.115964,0.014304999999922074,14.754098,0.00023692819698648533,7.65
ME02,2008-05-02 23:00:00+00:00,2.538559469296166e-05,1.5279631466814995e-07,6.585715458308142e-08,0.13933,14.087355,-0.08582899999998972,11.47541,0.00022508178713716106,7.65
ME02,2008-05-03 00:00:00+00:00,2.4811049293023002e-05,1.512143567684479e-07,6.447261395234527e-08,0.13933,14.144574,0.3290100000000393,6.557377,0.000213827697780303,7.0
ME02,2008-05-03 01:00:00+00:00,2.8543391909532202e-05,1.4902252866011745e-07,6.523590552930812e-08,0.135316,14.063513,0.2002669999999398,0.0,0.00020313631289128783,7.0
ME02,2008-05-03 02:00:00+00:00,2.9542593122628394e-05,1.4757190221548868e-07,6.272213779700535e-08,0.143344,14.173183,0.25748600000008537,0.0,0.00019297949724672342,7.0
ME02,2008-05-03 03:00:00+00:00,2.5669502865565026e-05,1.4500787407404721e-07,6.433108424044409e-08,0.142843,13.906161,0.17165799999997944,0.0,0.00018333052238438723,7.0
ME02,2008-05-03 04:00:00+00:00,2.464503854077659e-05,1.4500202510498134e-07,6.258171848732903e-08,0.139832,13.877551,-0.15735300000005736,0.0,0.00017416399626516788,7.0
ME02,2008-05-03 05:00:00+00:00,2.019652934670077e-05,1.3813865694017768e-07,6.01912471209112e-08,0.152878,12.695022,-0.5006669999999076,3.278689,0.00016545579645190948,7.0
ME02,2008-05-03 06:00:00+00:00,2.1926047545941173e-05,1.4880273928345118e-07,6.945799219719813e-08,0.14786,16.476254,-0.8296780000000581,27.868852,0.000157183006629314,6.625
ME02,2008-05-03 07:00:00+00:00,2.8742873928938785e-05,1.7003400580063697e-07,7.694361811240566e-08,0.14786,17.663551,-0.4291439999999511,6.147541,0.00014932385629784828,6.625
ME02,2008-05-03 08:00:00+00:00,1.9441955055291324e-05,1.8245601864383627e-07,8.037097155856145e-08,0.13933,20.24795,-0.41483900000002905,8.606557,0.00014185766348295587,6.625
ME02,2008-05-03 09:00:00+00:00,2.7842784581073035e-05,1.518212177781143e-07,6.724399591784113e-08,0.131302,20.24795,0.15735299999994368,17.213115,0.00013476478030880807,6.625
ME02,2008-05-03 10:00:00+00:00,3.494805392029525e-05,1.2699840469946363e-07,6.861242436222597e-08,0.131302,21.049018,0.10013400000002548,2.459016,0.00012802654129336766,6.625
ME02,2008-05-03 11:00:00+00:00,1.9605957270094183e-05,4.99457507331349e-08,1.9341032502703775e-08,0.131804,19.699599,0.100133000000028,44.672131,0.00012162521422869926,6.625
ME02,2008-05-03 12:00:00+00:00,2.058042061179108e-05,5.206264551312896e-08,2.003590083842223e-08,0.128292,20.286096,0.05721900000003188,53.278689,0.00011554395351726429,6.25
ME02,2008-05-03 13:00:00+00:00,2.2598554119595545e-05,4.56496203530937e-08,2.116677094729176e-08,0.108221,20.705703,0.32900999999992564,59.016393,0.00010976675584140107,6.25
ME02,2008-05-03 14:00:00+00:00,2.3442233937367504e-05,5.378982297187541e-08,2.0143396591794978e-08,0.10772,20.205035,0.5864970000000085,25.409836,0.00010427841804933101,6.25
ME02,2008-05-03 15:00:00+00:00,2.1506891259791684e-05,6.598459071591747e-08,4.773874447056272e-08,0.118758,20.309937,0.27179100000000744,6.147541,9.906449714686446e-05,6.25
ME02,2008-05-03 16:00:00+00:00,1.9615235167612994e-05,1.2462065397232945e-07,5.525205058145832e-08,0.112737,19.518405,-0.1859630000000152,2.04918,9.411127228952123e-05,6.25
ME02,2008-05-03 17:00:00+00:00,2.6151371000731876e-05,1.510909883550448e-07,6.430688881036582e-08,0.115748,17.916269,0.5149730000000545,1.229508,8.940570867504516e-05,6.25
ME02,2008-05-03 18:00:00+00:00,2.7772542412879177e-05,1.535525357422842e-07,6.410943446765753e-08,0.127288,14.964715,-0.0,0.0,8.49354232412929e-05,5.875
ME02,2008-05-03 19:00:00+00:00,2.5527450884146145e-05,1.5347549640718164e-07,6.397999750099776e-08,0.122772,14.516498,-0.35761999999999716,0.0,8.068865207922824e-05,5.875
ME02,2008-05-03 20:00:00+00:00,2.631760263497237e-05,1.4927800340364996e-07,6.42317320759284e-08,0.138828,14.583254,-0.27179100000000744,0.0,7.665421947526683e-05,5.875
ME02,2008-05-03 21:00:00+00:00,2.5278481860398758e-05,1.5002400709153e-07,6.328283898455137e-08,0.1308,14.473584,0.07152399999995396,13.934426,7.282150850150349e-05,5.875
ME02,2008-05-03 22:00:00+00:00,2.0218337919898215e-05,1.4886693743944537e-07,6.393055425232721e-08,0.133811,14.530803,0.12874299999998584,20.491803,6.918043307642831e-05,5.875
ME02,2008-05-03 23:00:00+00:00,2.5573219268618023e-05,1.4941223074633013e-07,6.423292782562201e-08,0.1308,14.053977,0.41483900000002905,0.0,6.57214114226069e-05,5.875
ME02,2008-05-04 00:00:00+00:00,1.6861566301778637e-05,1.4916768839050303e-07,6.423099594674521e-08,0.143344,13.553309,0.4291440000000648,0.0,6.243534085147655e-05,5.5
ME02,2008-05-04 01:00:00+00:00,2.507893522308406e-05,1.492349090626931e-07,6.458136444207375e-08,0.13933,13.291055,0.48636199999998553,2.459016,5.931357380890272e-05,5.5
ME02,2008-05-04 02:00:00+00:00,2.359215665765497e-05,1.4862961120262113e-07,1.0468858427852553e-07,0.13933,13.286286,0.37192499999991924,0.0,5.634789511845758e-05,5.5
ME02,2008-05-04 03:00:00+00:00,2.0821397879508772e-05,1.5345945079274344e-07,6.697071023815388e-08,0.146857,12.799924,0.12874300000009953,0.0,5.35305003625347e-05,5.5
ME02,2008-05-04 04:00:00+00:00,2.290275562273983e-05,1.5190633144421766e-07,6.57333150064513e-08,0.146857,13.009727,-0.0858290000001034,10.655738,5.085397534440796e-05,5.5
ME02,2008-05-04 05:00:00+00:00,2.1266665465334797e-05,1.3894806028160027e-07,6.117181626554147e-08,0.146857,14.430669,-0.4434479999999894,5.327869,4.831127657718756e-05,5.5
ME02,2008-05-04 06:00:00+00:00,1.648991222821677e-05,1.4944948082757247e-07,7.193567867512071e-08,0.146355,18.497997,-0.8582869999999048,0.0,4.5895712748328186e-05,5.9375
ME02,2008-05-04 07:00:00+00:00,1.6393245012860607e-05,1.6360550727568532e-07,7.131043283388674e-08,0.13933,19.814038,-0.5435820000000149,6.557377,4.360092711091177e-05,5.9375
ME02,2008-05-04 08:00:00+00:00,2.7221964726081517e-05,1.6461501804030835e-07,7.523382877601137e-08,0.138828,20.462521,-0.3719250000000329,22.131148,4.142088075536618e-05,5.9375
ME02,2008-05-04 09:00:00+00:00,4.42373327838818e-05,9.77776613075819e-08,5.4918843787313356e-08,0.147358,20.662788,-0.04291399999999612,27.459016,3.934983671759787e-05,5.9375
ME02,2008-05-04 10:00:00+00:00,2.7440784834933145e-05,5.214131490946215e-08,1.999040452219283e-08,0.144348,21.664124,-0.0,15.163934,3.7382344881717974e-05,5.9375
ME02,2008-05-04 11:00:00+00:00,2.0713677639637816e-05,4.937400143596169e-08,2.767050005310219e-08,0.118758,21.182529,-0.0429149999999936,36.885246,3.5513227637632076e-05,5.9375
ME02,2008-05-04 12:00:00+00:00,2.361370134025518e-05,5.340205198559688e-08,1.5149106060163615e-08,0.127288,21.12531,0.17165799999997944,40.983607,3.373756625575047e-05,6.375
ME02,2008-05-04 13:00:00+00:00,2.2155226979637282e-05,8.037445308278023e-08,2.0566077848287762e-07,0.127288,20.867824,0.2574859999999717,47.131148,3.2050687942962944e-05,6.375
ME02,2008-05-04 14:00:00+00:00,2.5001331161876696e-05,6.878021986469056e-08,1.7584081735954613e-07,0.119762,20.262254,0.35761999999999716,49.180328,3.0448153545814796e-05,6.375
ME02,2008-05-04 15:00:00+00:00,2.750478460249335e-05,1.0800150871630727e-07,5.343615700863925e-08,0.107218,18.62674,0.014305000000035761,27.459016,2.8925745868524057e-05,6.375
ME02,2008-05-04 16:00:00+00:00,1.8152321626539686e-05,1.3585445570054154e-07,6.014366912430463e-08,0.111734,18.025939,-0.0429149999999936,13.52459,2.7479458575097853e-05,6.375
ME02,2008-05-04 17:00:00+00:00,1.8768908005409892e-05,1.4908461963307135e-07,6.424806066927823e-08,0.114744,16.662216,0.08582899999998972,0.819672,2.610548564634296e-05,6.375
ME02,2008-05-04 18:00:00+00:00,2.3639562891452882e-05,1.5469088100723804e-07,6.549986594225009e-08,0.118256,14.063513,0.1430480000000216,0.0,2.480021136402581e-05,6.8125
ME02,2008-05-04 19:00:00+00:00,2.4028093657080752e-05,1.5148606166123002e-07,6.519295463202282e-08,0.130299,13.653443,-0.5435820000000149,0.0,2.356020079582452e-05,6.8125
ME02,2008-05-04 20:00:00+00:00,2.5645256213266124e-05,1.5045961037973596e-07,6.65874345386365e-08,0.127288,13.372115,-0.3862289999999575,0.0,2.238219075603329e-05,6.8125
ME02,2008-05-04 21:00:00+00:00,2.8132615015460936e-05,1.510528112242537e-07,6.431742603484008e-08,0.134814,12.976349,0.02860899999996036,0.0,2.1263081218231626e-05,6.8125
ME02,2008-05-04 22:00:00+00:00,2.482444264530449e-05,1.52820504482448e-07,6.66751386739941e-08,0.133811,12.18005,-0.17165699999998196,0.0,2.0199927157320043e-05,6.8125
ME02,2008-05-04 23:00:00+00:00,2.3525889886258848e-05,1.5557472480862585e-07,6.690935400421795e-08,0.133309,12.246805,0.21457199999997556,0.0,1.918993079945404e-05,6.8125
ME02,2008-05-05 00:00:00+00:00,1.710343108659715e-05,1.5626853525177312e-07,6.825796220234108e-08,0.142341,12.857143,0.3576189999999997,9.016393,1.8230434259481337e-05,7.25
ME02,2008-05-05 01:00:00+00:00,2.1073252441739814e-05,1.5795822677978453e-07,6.735394563897764e-08,0.142843,12.742705,0.24318200000004708,27.459016,1.731891254650727e-05,7.25
ME02,2008-05-05 02:00:00+00:00,1.975513370604206e-05,1.5758909143109774e-07,6.76846649802818e-08,0.150369,12.814228,0.24318099999993592,9.016393,1.6452966919181906e-05,7.25
ME02,2008-05-05 03:00:00+00:00,2.2088041491039028e-05,1.5647745853265542e-07,6.8146602680684e-08,0.146355,12.351707,0.20026700000005349,0.0,1.563031857322281e-05,7.25
ME02,2008-05-05 04:00:00+00:00,2.168863919907746e-05,1.565624289681787e-07,6.869619911133014e-08,0.138828,11.908259,-0.17165699999998196,0.819672,1.4848802644561667e-05,7.25
ME02,2008-05-05 05:00:00+00:00,2.646555992352269e-05,1.4030981140806119e-07,6.204743895784136e-08,0.145853,14.106428,-0.5578870000000506,0.0,1.4106362512333584e-05,7.25
ME02,2008-05-05 06:00:00+00:00,1.906659103018607e-05,1.528883024818946e-07,6.887403641420663e-08,0.141337,18.607667,-0.9584210000000439,7.377049,1.3401044386716905e-05,7.6875
ME02,2008-05-05 07:00:00+00:00,1.6391065093512326e-05,1.6370699971316656e-07,7.188587514373802e-08,0.137323,19.31337,-0.3433149999999614,8.606557,1.273099216738106e-05,7.6875
ME02,2008-05-05 08:00:00+00:00,3.9190533401268605e-05,1.578638488136397e-07,7.212947234159453e-08,0.141839,18.850849,-0.2574859999999717,42.622951,1.2094442559012006e-05,7.6875
ME02,2008-05-05 09:00:00+00:00,2.1827133355159577e-05,1.138099974114533e-07,5.306424806214671e-08,0.138327,20.023841,-0.12874299999998584,4.918033,1.1489720431061405e-05,7.6875
ME02,2008-05-05 10:00:00+00:00,5.5221570305508424e-05,7.86574478349565e-08,4.131404502038503e-08,0.122271,21.406637,-0.30040100000007897,26.229508,1.0915234409508334e-05,7.6875
ME02,2008-05-05 11:00:00+00:00,1.844830648755233e-05,5.493656738869134e-08,2.1588186630015318e-08,0.118256,19.656685,0.5435820000000149,18.852459,1.0369472689032916e-05,7.6875
ME02,2008-05-05 12:00:00+00:00,2.3994421741255486e-05,6.801782935924619e-08,2.0640372682976182e-08,0.122271,19.132176,0.0429149999999936,13.52459,9.85099905458127e-06,8.125
ME02,2008-05-05 13:00:00+00:00,2.5245940535858932e-05,6.896949065041733e-08,2.830962073423485e-08,0.114242,17.944879,0.42914300000006733,11.885246,9.358449101852206e-06,8.125
ME02,2008-05-05 14:00:00+00:00,2.0642977315481395e-05,8.031708297211423e-08,4.20094581683996e-08,0.118256,18.43601,0.15735299999994368,4.098361,8.890526646759595e-06,8.125
ME02,2008-05-05 15:00:00+00:00,5.248385821466558e-05,1.246251775640484e-07,6.31023218349214e-08,0.118256,17.897196,0.35761999999999716,5.327869,8.446000314421615e-06,8.125
ME02,2008-05-05 16:00:00+00:00,2.1384186518602172e-05,1.5185632315172558e-07,6.592775182818382e-08,0.122271,16.724204,0.4005339999999933,4.918033,8.023700298700533e-06,8.125
ME02,2008-05-05 17:00:00+00:00,2.0639549633964708e-05,1.506261920280333e-07,6.696770441273301e-08,0.121769,15.82777,0.11443800000006377,0.0,7.622515283765507e-06,8.125
ME02,2008-05-05 18:00:00+00:00,2.7606564541679348e-05,1.5273339700927613e-07,6.451431450815944e-08,0.121769,15.017166,-0.20026700000005349,0.0,7.241389519577231e-06,8.5625
ME02,2008-05-05 19:00:00+00:00,2.5868099174934937e-05,1.5348675656085285e-07,6.443761897083723e-08,0.121769,14.9218,-0.4291439999999511,0.0,6.87932004359837e-06,8.5625
ME02,2008-05-05 20:00:00+00:00,1.811075404316962e-05,1.5190347492034005e-07,6.413740037972333e-08,0.129797,14.397292,-0.25748600000008537,9.42623,6.535354041418451e-06,8.5625
ME02,2008-05-05 21:00:00+00:00,2.4654195742159465e-05,1.545523769692011e-07,6.453601984360312e-08,0.130299,14.826435,0.21457200000008925,11.065574,6.208586339347528e-06,8.5625
ME02,2008-05-05 22:00:00+00:00,2.7566853058954913e-05,1.5004491817665326e-07,6.419267981924959e-08,0.129295,14.607095,0.15735299999994368,0.0,5.898157022380152e-06,8.5625
ME02,2008-05-05 23:00:00+00:00,2.296630653599651e-05,1.5048722825649208e-07,6.5013972268954e-08,0.133309,13.834637,0.3433150000000751,0.0,5.603249171261143e-06,8.5625
ME02,2008-05-06 00:00:00+00:00,1.9185546225227515e-05,1.5296817599162382e-07,6.526903268411787e-08,0.133811,13.591455,0.658019999999965,1.639344,5.323086712698086e-06,9.0
ME02,2008-05-06 01:00:00+00:00,2.134356096900441e-05,1.5130746711221944e-07,6.447775663673481e-08,0.137825,13.46748,0.32900999999992564,0.0,5.056932377063181e-06,9.0
ME02,2008-05-06 02:00:00+00:00,2.4669329899818784e-05,1.484430796727003e-07,6.425647897568186e-08,0.133811,13.863246,0.15735300000005736,0.409836,4.8040857582100215e-06,9.0
ME02,2008-05-06 03:00:00+00:00,2.753036524040731e-05,1.4912158712012607e-07,6.318506793650418e-08,0.137825,13.314896,0.3003999999999678,0.0,4.5638814702995205e-06,9.0
ME02,2008-05-06 04:00:00+00:00,2.698782407163207e-05,1.4228854108700155e-07,6.028006134376434e-08,0.137323,13.353042,0.21457199999997556,0.0,4.335687396784544e-06,9.0
ME02,2008-05-06 05:00:00+00:00,1.7341617019725222e-05,1.366353160052667e-07,5.800543807596578e-08,0.133811,14.135037,-0.4005339999999933,0.0,4.118903026945317e-06,9.0
ME02,2008-05-06 06:00:00+00:00,1.7606130566030983e-05,1.4505036061031024e-07,6.595127629493564e-08,0.133309,17.153347,-0.2431819999999334,0.0,3.912957875598051e-06,8.75
ME02,2008-05-06 07:00:00+00:00,1.3989039139030912e-05,1.6654444972467141e-07,7.028649515467364e-08,0.129295,18.855617,-0.6437150000000429,6.967213,3.7173099818181483e-06,8.75
ME02,2008-05-06 08:00:00+00:00,4.2229866364452304e-05,1.824652024334103e-07,7.6944985807738e-08,0.133309,19.542247,-0.22887700000001132,7.786885,3.531444482727241e-06,8.75
ME02,2008-05-06 09:00:00+00:00,4.0653593839804274e-05,1.62925828541851e-07,6.689028082350186e-08,0.120765,18.493229,-0.10013299999991432,13.114754,3.3548722585908785e-06,8.75
ME02,2008-05-06 10:00:00+00:00,3.469133062431253e-05,1.331793883164863e-07,5.4675055335960365e-08,0.130299,18.602899,-0.014305000000035761,13.52459,3.1871286456613345e-06,8.75
ME02,2008-05-06 11:00:00+00:00,3.950628156216988e-05,9.330363515506322e-08,4.744372674213089e-08,0.126285,17.148579,0.31470500000000357,13.934426,0.01000302777221338,8.75
ME02,2008-05-06 12:00:00+00:00,3.547441215351247e-05,9.921018964642734e-08,4.666544643752848e-08,0.134313,18.54568,-0.31470500000000357,41.803279,0.03950287638360272,8.5
ME02,2008-05-06 13:00:00+00:00,3.919465309289454e-05,1.3442703210490858e-07,5.6470162331809455e-08,0.134313,18.54568,-0.31470500000000357,41.803279,0.3075277325644227,8.5
ME02,2008-05-06 14:00:00+00:00,3.260101478978269e-05,1.3339167792995168e-07,5.912499301612865e-08,0.138327,14.244707,1.3589550000000372,28.278689,0.3571513459362015,8.5
ME02,2008-05-06 15:00:00+00:00,2.0110097358527516e-05,1.704853963182694e-07,7.871572781553975e-08,0.138327,14.506962,0.17165699999998196,20.081967,0.3842937786393914,8.5
ME02,2008-05-06 16:00:00+00:00,2.0626684462206363e-05,1.7535105042307497e-07,8.556528216630849e-08,0.133811,13.920465,0.31470600000000104,27.459016,0.3700790897074218,8.5
ME02,2008-05-06 17:00:00+00:00,2.0445265226039344e-05,1.5442557221266585e-07,6.479876313149891e-08,0.142843,13.171848,-0.0429149999999936,5.327869,0.3515751352220507,8.5
ME02,2008-05-06 18:00:00+00:00,2.4793713884788243e-05,1.4864743407188192e-07,6.419165606310793e-08,0.138327,12.504291,-0.11443800000006377,8.196721,0.33399637846094815,8.25
ME02,2008-05-06 19:00:00+00:00,2.5842653282863892e-05,1.5445211344340107e-07,6.59387136949537e-08,0.142341,12.652108,-0.18596200000001772,0.0,0.3172965595379007,8.25
ME02,2008-05-06 20:00:00+00:00,2.49170046189813e-05,1.5488899609934573e-07,6.584243619841816e-08,0.146355,12.265878,-0.2860959999999295,0.0,0.30143173156100567,8.25
ME02,2008-05-06 21:00:00+00:00,2.3143785539086634e-05,1.5006657896735733e-07,6.441980827585933e-08,0.142341,11.636468,0.17165799999997944,0.0,0.2963601449829554,8.25
ME02,2008-05-06 22:00:00+00:00,2.6122768259325428e-05,1.5198100068082016e-07,6.465476091483847e-08,0.146857,12.04177,0.14304700000002413,15.983607,0.2815421377338076,8.25
ME02,2008-05-06 23:00:00+00:00,2.3514453046144368e-05,1.5275991732535252e-07,6.53857385227163e-08,0.142341,12.04177,0.41483899999991536,0.0,0.2674650308471172,8.25
ME02,2008-05-07 00:00:00+00:00,2.7040645805539693e-05,1.4956404662984826e-07,6.390233855193177e-08,0.154885,11.965478,0.5721920000000864,0.0,0.25409177930476134,8.0
ME02,2008-05-07 01:00:00+00:00,2.814612094078331e-05,1.46216716068674e-07,6.422737637401917e-08,0.154885,11.779516,0.5578859999999395,0.0,0.24138719033952327,8.0
ME02,2008-05-07 02:00:00+00:00,2.8127737071039965e-05,1.4704791012212002e-07,6.349059941435633e-08,0.150369,11.650772,0.25748699999996916,0.0,0.2293178308225471,8.0
ME02,2008-05-07 03:00:00+00:00,2.556084629184665e-05,1.4957813629586541e-07,6.406371832487276e-08,0.150369,11.393286,0.100133000000028,0.0,0.21785193928141972,8.0
ME02,2008-05-07 04:00:00+00:00,2.4101802868027952e-05,1.4328727055951704e-07,6.4135794344846e-08,0.140334,11.226397,-0.08582899999998972,0.409836,0.20695934231734872,8.0
ME02,2008-05-07 05:00:00+00:00,1.89776168914047e-05,1.3676196598146975e-07,6.182414311708137e-08,0.145853,12.356475,-0.5006670000000213,2.868852,0.19661137520148128,8.0
ME02,2008-05-07 06:00:00+00:00,1.5949281162875608e-05,1.4209525542942257e-07,6.711357684911461e-08,0.154885,14.063513,-0.2574859999999717,9.42623,0.1867808064414072,7.75
ME02,2008-05-07 07:00:00+00:00,1.2077808376152312e-05,1.812792742898805e-07,8.719592518512748e-08,0.142341,16.805264,-0.7152399999999943,19.262295,0.17744176611933685,7.75
ME02,2008-05-07 08:00:00+00:00,3.427302742449221e-05,2.0918676600909393e-07,9.408121523014473e-08,0.142341,15.908831,-0.27179100000000744,34.016393,0.16856967781336998,7.75
ME02,2008-05-07 09:00:00+00:00,5.207269569610957e-05,1.8867748316212229e-07,8.864039928986916e-08,0.137825,16.237841,-0.22887600000001385,28.278689,0.1651411939227015,7.75
ME02,2008-05-07 10:00:00+00:00,2.2336256882527468e-05,1.2371253438840137e-07,6.06505600845934e-08,0.134814,15.613199,0.11443800000006377,25.409836,0.16688413422656642,7.75
ME02,2008-05-07 11:00:00+00:00,1.9875596304811066e-05,1.0994180538475119e-07,4.4777258501700745e-08,0.133811,17.305932,-0.18596200000001772,9.42623,0.1585399275152381,7.75
ME02,2008-05-07 12:00:00+00:00,1.8294370308850927e-05,1.05398759263457e-07,4.3270163132310813e-08,0.133811,16.781423,0.31470500000000357,17.622951,0.17061293113947618,7.5
ME02,2008-05-07 13:00:00+00:00,2.6392568981480106e-05,1.1156085248194816e-07,5.2285064489326204e-08,0.135316,17.153347,0.37192499999991924,16.393443,0.18708228458250237,7.5
ME02,2008-05-07 14:00:00+00:00,3.1835998482236795e-05,1.328654747844526e-07,6.195967191295825e-08,0.138828,17.596796,0.25748600000008537,17.213115,0.19772817035337725,7.5
ME02,2008-05-07 15:00:00+00:00,1.8887574804915648e-05,1.5274324014651354e-07,7.01130258444518e-08,0.146857,14.81213,0.3576189999999997,6.557377,0.1878417618357084,7.5
ME02,2008-05-07 16:00:00+00:00,1.9935897947139897e-05,1.619406055962063e-07,7.113934173172845e-08,0.134814,14.058745,-0.028609000000074047,5.327869,0.17844967374392295,7.5
ME02,2008-05-07 17:00:00+00:00,3.559777151141974e-05,1.494155797507047e-07,7.124262543950818e-08,0.137323,13.539004,-0.2002669999999398,3.688525,0.1695271900567268,7.5
ME02,2008-05-07 18:00:00+00:00,2.647855860554713e-05,1.5253767245096284e-07,6.533349843846008e-08,0.146355,12.580584,-0.08582899999998972,0.0,0.16105083055389047,7.25
ME02,2008-05-07 19:00:00+00:00,2.3743183533090695e-05,1.5361800559896242e-07,6.676906677196699e-08,0.138327,12.337402,-0.5578870000000506,0.0,0.15799828902619595,7.25
ME02,2008-05-07 20:00:00+00:00,2.0308386924342663e-05,1.5609415811002067e-07,6.871032586294761e-08,0.134313,12.194354,-0.48636199999998553,2.04918,0.16009837457488615,7.25
ME02,2008-05-07 21:00:00+00:00,2.061587537274288e-05,1.5956390412121881e-07,6.937079957476636e-08,0.134313,11.550639,0.100133000000028,0.0,0.15209345584614184,7.25
ME02,2008-05-07 22:00:00+00:00,1.916317556599028e-05,1.6044681851468732e-07,6.889899099094836e-08,0.145853,11.469578,-0.1430480000000216,0.0,0.14448878305383475,7.25
ME02,2008-05-07 23:00:00+00:00,2.2011510200663567e-05,1.6125251839837439e-07,3.2390192571806067e-07,0.154885,11.173946,0.07152399999995396,0.0,0.137264343901143,7.25
ME02,2008-05-08 00:00:00+00:00,1.6378340322647546e-05,1.6039604559874767e-07,7.158489967790903e-08,0.145853,10.473012,0.6866300000000365,0.0,0.13040112670608583,7.0
ME02,2008-05-08 01:00:00+00:00,2.0191493556481587e-05,1.6246397737396297e-07,7.153284747174335e-08,0.145853,10.353805,0.07152400000006764,0.0,0.12388107037078154,7.0
ME02,2008-05-08 02:00:00+00:00,1.9445891350057956e-05,1.657760029912689e-07,7.307649634213827e-08,0.153881,10.225062,0.2860959999999295,1.229508,0.11768701685224246,7.0
ME02,2008-05-08 03:00:00+00:00,2.5710204412769497e-05,1.6670827050989487e-07,7.660589672322078e-08,0.158397,9.65287,-0.014305000000035761,0.0,0.11180266600963033,7.0
ME02,2008-05-08 04:00:00+00:00,2.02174916999945e-05,1.703963936750617e-07,7.57436191602671e-08,0.157895,10.091551,-0.12874299999998584,3.688525,0.10621253270914881,7.0
ME02,2008-05-08 05:00:00+00:00,2.14072592921614e-05,1.498236965890434e-07,6.890879559773414e-08,0.150369,12.718863,-0.6151059999999688,2.04918,0.10090190607369136,7.0
ME02,2008-05-08 06:00:00+00:00,1.6031823655998067e-05,1.4568749591727532e-07,2.011058328579176e-07,0.149365,15.446309,-0.6151059999999688,4.508197,0.09585681077000678,6.75
ME02,2008-05-08 07:00:00+00:00,2.1002291562000566e-05,1.8115369998559385e-07,9.688684247533675e-08,0.145351,16.304597,-0.47205800000006093,27.04918,0.09106397023150643,6.75
ME02,2008-05-08 08:00:00+00:00,2.7865804813942986e-05,2.2889760257589686e-07,1.0223682970064886e-07,0.153881,17.181957,-0.5721909999999752,30.327869,0.0865107717199311,6.75
ME02,2008-05-08 09:00:00+00:00,2.0782282117943714e-05,1.9639961992703508e-07,9.118813972858833e-08,0.141839,16.957849,-0.1859630000000152,71.721311,0.08218523313393454,6.75
ME02,2008-05-08 10:00:00+00:00,2.360690078106287e-05,1.528355585613072e-07,7.272880113663765e-08,0.137825,17.916269,-0.3862289999999575,74.180328,0.07807597147723781,6.75
ME02,2008-05-08 11:00:00+00:00,3.686629133210197e-05,9.078129215611984e-08,4.712210002419542e-08,0.138327,18.245279,-0.07152400000006764,30.737705,0.07417217290337592,6.75
ME02,2008-05-08 12:00:00+00:00,2.768843846389369e-05,1.017291218712982e-07,5.197740650632412e-08,0.130299,18.107,0.30040100000007897,29.508197,0.07046356425820713,6.5
ME02,2008-05-08 13:00:00+00:00,2.4561832897791515e-05,1.0387675498491933e-07,4.4105469586508685e-08,0.125783,18.660118,0.18596200000001772,50.409836,0.06694038604529677,6.5
ME02,2008-05-08 14:00:00+00:00,1.719023994398368e-05,1.1322620121727483e-07,4.924951979437332e-08,0.117253,17.487126,0.5149719999999434,76.229508,0.06359336674303193,6.5
ME02,2008-05-08 15:00:00+00:00,5.6468889684338105e-05,1.3659324898501052e-07,1.3220263838644104e-07,0.118256,17.42037,0.3290100000000393,35.245902,0.060413698405880324,6.5
ME02,2008-05-08 16:00:00+00:00,1.7165469685166905e-05,1.596328162284811e-07,7.1114365305398e-08,0.113741,17.186725,0.15735299999994368,1.639344,0.05739301348558631,6.5
ME02,2008-05-08 17:00:00+00:00,1.993492960967372e-05,1.568712321704653e-07,7.13322611240022e-08,0.121769,16.495327,0.30040100000007897,0.819672,0.054523362811306986,6.5
ME02,2008-05-08 18:00:00+00:00,2.1894394581045793e-05,1.5993334440186976e-07,6.696559502816967e-08,0.122271,13.462712,0.6437149999999292,0.0,0.051797194670741634,6.25
ME02,2008-05-08 19:00:00+00:00,2.8440228387728304e-05,1.7821600083125888e-07,3.281065405382505e-07,0.133309,12.356475,0.12874299999998584,0.0,0.04920733493720455,6.25
ME02,2008-05-08 20:00:00+00:00,2.131666260412414e-05,1.6301865214193746e-07,6.928444154537308e-08,0.133811,12.01316,-0.21457199999997556,0.0,0.04674696819034432,6.25
ME02,2008-05-08 21:00:00+00:00,2.4342220881246766e-05,1.596060906025974e-07,6.735582912449187e-08,0.141839,12.04177,-0.014304000000038286,0.0,0.0444096197808271,6.25
ME02,2008-05-08 22:00:00+00:00,1.8255501704458513e-05,1.5489766870316525e-07,6.693999834158858e-08,0.137825,11.512493,0.07152300000007017,0.0,0.04218913879178574,6.25
ME02,2008-05-08 23:00:00+00:00,2.1008752356658364e-05,1.5914505649359816e-07,6.720616568198359e-08,0.138327,11.560175,0.15735299999994368,0.409836,0.04007968185219645,6.25
ME02,2008-05-09 00:00:00+00:00,1.6294764421561163e-05,1.5862233248398768e-07,6.74392692263809e-08,0.154383,11.57448,0.7009350000000723,0.409836,0.03807569775958663,6.0
ME02,2008-05-09 01:00:00+00:00,2.4652995051085637e-05,1.6501349866776192e-07,6.87732350541338e-08,0.146355,10.444402,0.5435820000000149,0.0,0.036171912871607294,6.0
ME02,2008-05-09 02:00:00+00:00,2.0756883264906134e-05,1.600434646002024e-07,6.86555368036415e-08,0.145853,10.01049,0.2574859999999717,0.0,0.03436331722802693,6.0
ME02,2008-05-09 03:00:00+00:00,1.9774175246645202e-05,1.6342615847967535e-07,7.282308099082025e-08,0.141337,9.962808,0.05721900000003188,0.0,0.03264515136662558,6.0
ME02,2008-05-09 04:00:00+00:00,2.115363551356364e-05,1.6625781212520612e-07,7.234965240757706e-08,0.153881,9.662407,0.32900999999992564,0.0,0.031012893798294302,6.0
ME02,2008-05-09 05:00:00+00:00,2.4858960368349144e-05,1.5088408319646874e-07,6.685553059123109e-08,0.153881,12.01316,-0.6437149999999292,0.0,0.029462249108379586,6.0
ME02,2008-05-09 06:00:00+00:00,2.0642593316183662e-05,1.48111424478958e-07,6.776840038807125e-08,0.140334,15.794393,-0.6294110000000046,1.639344,0.027989136652960607,5.875
ME02,2008-05-09 07:00:00+00:00,2.324925479121775e-05,1.7266130886768953e-07,7.599708479776357e-08,0.149867,17.658783,-0.4863630000000967,0.0,0.026589679820312576,5.875
ME02,2008-05-09 08:00:00+00:00,1.9692259549401933e-05,1.8022638206400805e-07,8.040582933064917e-08,0.140835,17.072287,-0.24318099999993592,1.229508,0.025260195829296946,5.875
ME02,2008-05-09 09:00:00+00:00,5.519709499486228e-05,1.190534123548767e-07,5.685257530664978e-08,0.136821,17.992562,0.42914299999995364,35.655738,0.0239971860378321,5.875
ME02,2008-05-09 10:00:00+00:00,2.4969176867630416e-05,1.0684265846763007e-07,4.435001522346478e-08,0.137825,18.416937,0.17165799999997944,66.803279,0.022797326735940492,5.875
ME02,2008-05-09 11:00:00+00:00,2.6811666951118056e-05,1.2206247453671758e-07,6.475145657148574e-08,0.132807,17.987793,-0.11443799999995008,22.540984,0.021657460399143468,5.875
ME02,2008-05-09 12:00:00+00:00,3.200367433183408e-05,1.340370856138941e-07,1.2749390923971057e-07,0.133811,18.631509,0.04291399999999612,42.213115,0.020574587379186295,5.75
ME02,2008-05-09 13:00:00+00:00,2.3440022402059563e-05,1.240801614627038e-07,1.5716317552973251e-07,0.125783,18.126073,0.2860960000000432,30.737705,0.01954585801022698,5.75
ME02,2008-05-09 14:00:00+00:00,2.9097748474039308e-05,1.1819487929080528e-07,8.067543462249285e-08,0.137825,18.278657,0.21457199999997556,18.032787,0.018568565109715628,5.75
ME02,2008-05-09 15:00:00+00:00,4.490748823507352e-05,1.336849269099596e-07,9.724721626991537e-08,0.138327,17.353614,0.3290100000000393,22.131148,0.017640136854229844,5.75
ME02,2008-05-09 16:00:00+00:00,1.6568830568142797e-05,1.5718608809201972e-07,7.680501625775179e-08,0.146355,16.128171,0.8153729999999086,22.540984,0.016758130011518352,5.75
ME02,2008-05-09 17:00:00+00:00,2.0683235729762233e-05,1.6390315901514778e-07,7.032863457401257e-08,0.133811,14.344841,0.3290100000000393,22.540984,0.015920223510942435,5.75
ME02,2008-05-09 18:00:00+00:00,2.406374556931078e-05,1.661623064879518e-07,6.628562183375588e-08,0.146355,12.709327,-0.07152399999995396,2.868852,0.015124212335395312,5.625
ME02,2008-05-09 19:00:00+00:00,2.4801204821138787e-05,1.6590293198393636e-07,7.16301891440917e-08,0.141839,12.637803,-0.0429149999999936,8.606557,0.014368001718625546,5.625
ME02,2008-05-09 20:00:00+00:00,2.6477200078836136e-05,1.6885838913353487e-07,9.117842706283654e-08,0.145853,12.737936,-0.3004000000000815,2.868852,0.013649601632694268,5.625
ME02,2008-05-09 21:00:00+00:00,3.151177239284934e-05,1.713489381990646e-07,7.12501425039404e-08,0.153379,13.16708,0.31470500000000357,18.442623,0.012967121551059554,5.625
ME02,2008-05-09 22:00:00+00:00,2.6364089147963578e-05,1.65429051482589e-07,6.427430789948745e-08,0.154383,13.391188,0.17165799999997944,19.262295,0.012318765473506575,5.625
ME02,2008-05-09 23:00:00+00:00,2.856347226223862e-05,1.6042031995926078e-07,6.408158142354373e-08,0.170439,12.494755,0.6580200000000787,8.606557,0.011702827199831246,5.625
ME02,2008-05-10 00:00:00+00:00,1.8387016567092772e-05,1.5880179296282866e-07,6.418320458612573e-08,0.162411,12.327866,0.6294100000000071,26.229508,0.011117685839839683,5.5
ME02,2008-05-10 01:00:00+00:00,2.9008297838028658e-05,1.5501405512991442e-07,6.337717843897031e-08,0.157895,12.451841,0.27179100000000744,31.147541,0.010561801547847699,5.5
ME02,2008-05-10 02:00:00+00:00,2.4025721204740803e-05,1.5461575872135794e-07,6.251711732867827e-08,0.157895,12.418463,0.14304799999990792,16.803279,0.010033711470455313,5.5
ME02,2008-05-10 03:00:00+00:00,2.1997499636379832e-05,1.5145452787108832e-07,6.196216013581609e-08,0.165923,12.61873,0.25748600000008537,29.098361,0.009532025896932547,5.5
ME02,2008-05-10 04:00:00+00:00,2.2644059160421173e-05,1.4362086290661255e-07,6.159256521224041e-08,0.17345,11.908259,-0.11443800000006377,19.262295,0.009055424602085919,5.5
ME02,2008-05-10 05:00:00+00:00,1.830901816432633e-05,1.438317158593764e-07,6.01242042331421e-08,0.170941,12.051307,1.0156400000000758,38.114754,0.008602653371981623,5.5
ME02,2008-05-10 06:00:00+00:00,1.8662087776800495e-05,1.52041653302896e-07,6.637468427498463e-08,0.194523,13.13847,-0.11443800000006377,50.0,0.00817252070338254,5.375
ME02,2008-05-10 07:00:00+00:00,1.782095832682381e-05,1.73389100409047e-07,7.715391301962977e-08,0.178467,15.026702,-0.4005339999999933,42.622951,0.007763894668213413,5.375
ME02,2008-05-10 08:00:00+00:00,2.4405177466855126e-05,1.8305406338323657e-07,8.061028603514175e-08,0.191011,15.880221,0.12874299999998584,54.098361,0.007375699934802742,5.375
ME02,2008-05-10 09:00:00+00:00,2.8275336492408423e-05,1.0942682291057403e-07,5.161165132179148e-08,0.199541,15.870685,0.4434479999999894,72.95082,0.03700691493806261,5.375
ME02,2008-05-10 10:00:00+00:00,4.179274669133568e-05,8.709620463709974e-08,2.6679954906981254e-08,0.182983,16.614534,-0.45775300000002517,56.557377,0.060156569191159484,5.375
ME02,2008-05-10 11:00:00+00:00,5.4458763553463884e-05,9.590479711897469e-08,2.7004478246036594e-07,0.199541,16.676521,-0.22887699999989763,71.721311,0.057148740731601505,5.375
ME02,2008-05-10 12:00:00+00:00,2.0610067451131307e-05,8.3815608086283e-08,1.2652452800721207e-07,0.183485,16.557315,0.3433149999999614,72.540984,0.05429130369502143,5.25
ME02,2008-05-10 13:00:00+00:00,2.7015693547295083e-05,9.858910116913138e-08,2.0989550008576255e-08,0.178969,16.600229,0.35761999999999716,53.278689,0.05157673851027036,5.25
ME02,2008-05-10 14:00:00+00:00,2.991335717515555e-05,3.1194803995832087e-07,1.814612205609377e-08,0.178969,15.203128,0.2574859999999717,62.704918,0.04899790158475684,5.25
ME02,2008-05-10 15:00:00+00:00,1.5682628618907013e-05,2.3707886140697387e-07,4.8149491091299065e-08,0.179471,14.607095,-0.11443799999995008,66.803279,0.04654800650551899,5.25
ME02,2008-05-10 16:00:00+00:00,1.3392414527940675e-05,2.247466776977522e-07,6.470701388482488e-08,0.175958,14.011062,-0.21457199999997556,35.245902,0.04422060618024304,5.25
ME02,2008-05-10 17:00:00+00:00,1.9655776241861093e-05,2.1468895484575341e-07,6.227971391186191e-08,0.170941,13.767881,-0.18596200000001772,7.786885,0.057009575871230886,5.25
ME02,2008-05-10 18:00:00+00:00,2.6943595593616113e-05,1.6950508386324997e-07,6.42071554363088e-08,0.174955,13.376883,-0.27179100000000744,33.196721,0.05415909707766934,5.125
ME02,2008-05-10 19:00:00+00:00,2.4263148266160113e-05,1.673502672626066e-07,6.5678003053912e-08,0.158397,13.066946,-0.8296780000000581,25.0,0.05145114222378587,5.125
ME02,2008-05-10 20:00:00+00:00,2.7390675509678125e-05,2.057277812101488e-07,3.680969169388975e-07,0.154383,13.391188,-0.2860959999999295,2.459016,0.04887858511259657,5.125
ME02,2008-05-10 21:00:00+00:00,2.856119318556013e-05,1.6307866855115292e-07,6.50990140773491e-08,0.165923,12.761778,-0.3576189999999997,32.786885,0.04643465585696674,5.125
ME02,2008-05-10 22:00:00+00:00,2.5218014384682716e-05,1.635070772934443e-07,6.508806300290589e-08,0.174955,11.522029,0.11443799999995008,30.737705,0.0441129230641184,5.125
ME02,2008-05-10 23:00:00+00:00,2.2576432007243504e-05,1.6453889127498897e-07,6.482272818873387e-08,0.170941,11.202556,-0.22887700000001132,21.311475,0.041907276910912485,5.125
ME02,2008-05-11 00:00:00+00:00,2.1876554144939993e-05,1.6183698781855816e-07,6.562806225217493e-08,0.170439,10.959374,0.0429149999999936,44.262295,0.039811913065366855,5.0
ME02,2008-05-11 01:00:00+00:00,2.4234119436645885e-05,1.63574068625249e-07,6.438717392496535e-08,0.186997,10.363342,0.17165699999998196,38.934426,0.03782131741209851,5.0
ME02,2008-05-11 02:00:00+00:00,3.2345212850510366e-05,1.6730576672055806e-07,6.418212067345871e-08,0.191011,10.358573,0.10013400000002548,60.655738,0.03593025154149358,5.0
ME02,2008-05-11 03:00:00+00:00,2.8751154859768817e-05,1.6830063465858208e-07,6.362170120202151e-08,0.178467,10.267976,-0.21457199999997556,38.934426,0.0341337389644189,5.0
ME02,2008-05-11 04:00:00+00:00,2.6969958486040955e-05,1.6004745478084554e-07,6.322125000858459e-08,0.178467,10.644669,-0.12874299999998584,26.229508,0.03242705201619796,5.0
ME02,2008-05-11 05:00:00+00:00,2.1600495411413447e-05,1.5155215345398282e-07,5.7563971852158105e-08,0.178467,10.949838,-0.3290100000000393,27.868852,0.03080569941538806,5.0
ME02,2008-05-11 06:00:00+00:00,2.2664660335716068e-05,1.5020321875223663e-07,5.7298314393775064e-08,0.179471,11.359908,-0.5864970000000085,22.95082,0.029265414444618654,4.5625
ME02,2008-05-11 07:00:00+00:00,2.1470417608526498e-05,1.4875310731473441e-07,6.07139045191634e-08,0.169937,11.90349,-0.21457099999997808,0.409836,0.02780214372238772,4.5625
ME02,2008-05-11 08:00:00+00:00,1.7816242134006927e-05,1.6167465617531138e-07,6.593983360278288e-08,0.170941,11.893954,-0.1430480000000216,17.213115,0.02641203653626833,4.5625
ME02,2008-05-11 09:00:00+00:00,1.2093607415865785e-05,1.738343628445414e-07,8.76324538520309e-08,0.169937,15.250811,-1.1157739999999876,12.295082,0.04009143470945492,4.5625
ME02,2008-05-11 10:00:00+00:00,4.278075201846376e-05,2.0132958949919954e-07,9.36506029631236e-08,0.182983,12.442304,-0.05721900000003188,12.295082,0.058086862973982176,4.5625
ME02,2008-05-11 11:00:00+00:00,2.9792897827992957e-05,1.4744574988685906e-07,8.470645185375569e-08,0.174453,12.160977,0.22887700000001132,13.934426,0.07518251982528307,4.5625
ME02,2008-05-11 12:00:00+00:00,1.9167532410063114e-05,1.703156761878425e-07,9.397739249969322e-08,0.166425,14.259012,-0.47205799999994724,21.311475,0.10142339383401891,4.125
ME02,2008-05-11 13:00:00+00:00,1.8611019917653212e-05,1.9474888329938098e-07,1.0462374619249335e-07,0.170439,12.580584,0.3003999999999678,6.147541,0.12135222414231797,4.125
ME02,2008-05-11 14:00:00+00:00,3.9445076222811645e-05,2.4199637016392516e-07,1.0908258881840466e-07,0.174955,12.652108,0.31470600000000104,10.655738,0.14028461293520206,4.125
ME02,2008-05-11 15:00:00+00:00,1.920739261363234e-05,1.5612747358504672e-07,7.473007214678613e-08,0.162411,12.690254,-0.1430480000000216,4.508197,0.16327038228844196,4.125
ME02,2008-05-11 16:00:00+00:00,2.147937289501878e-05,1.494077477103086e-07,6.431625509057337e-08,0.162411,12.389853,-0.2574859999999717,0.0,0.18510686317401984,4.125
ME02,2008-05-11 17:00:00+00:00,2.7803438566965514e-05,1.5390682807374236e-07,7.957089715544029e-08,0.170439,12.118062,0.05721900000003188,3.278689,0.24085152001531884,4.125
ME02,2008-05-11 18:00:00+00:00,2.443066544805196e-05,1.633638567446007e-07,9.187315552510469e-08,0.158397,12.046538,-0.10013400000002548,0.0,0.24380894401455291,3.6875
ME02,2008-05-11 19:00:00+00:00,2.226456935065618e-05,1.8440118197662222e-07,7.387246713965383e-08,0.161909,11.736601,-0.07152399999995396,0.819672,0.26661849681382527,3.6875
ME02,2008-05-11 20:00:00+00:00,2.0832955491265298e-05,1.7916679525478606e-07,6.546618045956236e-08,0.170941,11.707992,-0.22887600000001385,0.409836,0.27828757197313403,3.6875
ME02,2008-05-11 21:00:00+00:00,2.3741181631302645e-05,1.70811941682566e-07,6.629289110501566e-08,0.166927,11.407591,0.014304999999922074,0.0,0.2693731933744773,3.6875
ME02,2008-05-11 22:00:00+00:00,2.5122777807954516e-05,1.6367084971463266e-07,6.63796245186574e-08,0.166927,11.407591,0.014304999999922074,0.0,0.2709045337057534,3.6875
ME02,2008-05-11 23:00:00+00:00,2.3858718331832528e-05,1.568261865549993e-07,6.458239485534386e-08,0.166927,11.27408,0.7724580000000287,0.409836,0.27235930702046574,3.6875
ME02,2008-05-12 00:00:00+00:00,2.2155255849839596e-05,1.5434707192351385e-07,6.475170376400784e-08,0.169937,11.336067,0.1430480000000216,0.0,0.26874134166944247,3.25
ME02,2008-05-12 01:00:00+00:00,2.3699116756480438e-05,1.5309609299242962e-07,6.393589230110202e-08,0.182983,11.731833,0.5149719999999434,0.409836,0.2553042745859703,3.25
ME02,2008-05-12 02:00:00+00:00,2.7181972355320013e-05,1.5298717584962248e-07,6.285870860257906e-08,0.174453,11.831966,-0.27179099999989376,0.0,0.2475390608566718,3.25
ME02,2008-05-12 03:00:00+00:00,2.1046616441684476e-05,1.5390850633522145e-07,6.474821872166469e-08,0.174955,11.731833,0.37192499999991924,2.04918,0.2401621078138382,3.25
ME02,2008-05-12 04:00:00+00:00,2.2718596022269355e-05,1.4643064558918945e-07,6.411173387220033e-08,0.166425,11.665077,0.05721900000003188,2.459016,0.2331540024231463,3.25
ME02,2008-05-12 05:00:00+00:00,2.0071035647348857e-05,1.419252696752809e-07,6.025105199253165e-08,0.162411,13.243372,-0.7009349999999586,0.0,0.22149630230198897,3.25
ME02,2008-05-12 06:00:00+00:00,2.8229936502937072e-05,2.7448632885975e-07,6.511513688476701e-08,0.162411,15.532138,-0.8439820000000964,9.016393,0.21042148718688952,4.2625
ME02,2008-05-12 07:00:00+00:00,6.309930084742371e-05,1.7264849334821293e-07,8.815751557167134e-08,0.166425,16.714667,-0.24318099999993592,18.032787,0.20990041282754504,4.2625
ME02,2008-05-12 08:00:00+00:00,5.016255460502617e-05,2.0897329050841037e-07,9.27942815824537e-08,0.163415,17.258249,-0.47205800000006093,32.377049,0.2094053921861678,4.2625
ME02,2008-05-12 09:00:00+00:00,2.4293517483688705e-05,1.949865529136551e-07,4.2838157540978556e-07,0.174955,16.366584,0.25748600000008537,42.622951,0.21393512257685943,4.2625
ME02,2008-05-12 10:00:00+00:00,5.489692717361053e-05,1.4719893715516437e-07,7.49151409020586e-08,0.166927,17.358383,-0.07152400000006764,52.868852,0.21823836644801645,4.2625
ME02,2008-05-12 11:00:00+00:00,2.0169825597175073e-05,1.0027755938490062e-07,4.02975401103395e-08,0.191513,16.171085,0.42914300000006733,57.786885,0.22732644812561564,4.2625
ME02,2008-05-12 12:00:00+00:00,3.484786619344322e-05,1.0515379484144196e-07,5.111920587028169e-08,0.163415,14.444974,-0.100133000000028,32.786885,0.21596012571933484,5.275
ME02,2008-05-12 13:00:00+00:00,4.0376476045983755e-05,1.446945731702461e-07,6.693792161986719e-08,0.166927,15.536906,0.35761999999999716,34.016393,0.2151621194333681,5.275
ME02,2008-05-12 14:00:00+00:00,1.8218577106073623e-05,1.569816695055714e-07,6.61045937692687e-08,0.162913,16.204463,0.27179100000000744,40.983607,0.2044040134616997,5.275
ME02,2008-05-12 15:00:00+00:00,2.515450418965756e-05,1.5930258319630566e-07,6.698245724989175e-08,0.167429,15.899294,0.1573519999999462,37.295082,0.1941838127886147,5.275
ME02,2008-05-12 16:00:00+00:00,5.0873842159984726e-05,1.6255046039702428e-07,6.939680534173382e-08,0.167429,15.131604,0.4005339999999933,19.262295,0.18447462214918398,5.275
ME02,2008-05-12 17:00:00+00:00,2.6950681276927516e-05,1.6182305571537895e-07,7.395889795406451e-08,0.162913,13.782186,0.24318200000004708,29.918033,0.17525089104172478,5.275
ME02,2008-05-12 18:00:00+00:00,2.4892718683861034e-05,1.5817228614270655e-07,8.194955466760541e-08,0.183485,12.413694,0.41483800000003157,42.213115,0.20648834648963854,6.2875
ME02,2008-05-12 19:00:00+00:00,2.9434050339526672e-05,1.5846186824867252e-07,6.767472923032878e-08,0.154885,13.086019,-0.48636199999998553,13.934426,0.1961639291651566,6.2875
ME02,2008-05-12 20:00:00+00:00,3.7753856318570424e-05,1.6094175384494762e-07,6.618291667064701e-08,0.179973,12.957276,0.1573519999999462,33.196721,0.18635573270689876,6.2875
ME02,2008-05-12 21:00:00+00:00,2.596965345974191e-05,1.5777704202891767e-07,6.5744413793719e-08,0.171443,12.494755,0.25748699999996916,22.95082,0.17703794607155382,6.2875
ME02,2008-05-12 22:00:00+00:00,2.5216948977193746e-05,1.5487388644506634e-07,6.507797352468334e-08,0.175457,12.571047,0.5578860000000532,27.459016,0.16818604876797613,6.2875
ME02,2008-05-12 23:00:00+00:00,2.6648998837570542e-05,1.5561706883977373e-07,6.307820780627053e-08,0.170941,12.551974,-0.2431810000000496,1.229508,0.1597767463295773,6.2875
ME02,2008-05-13 00:00:00+00:00,1.858580843636068e-05,1.592147251149574e-07,6.258810041424417e-08,0.174955,12.833302,0.35761999999999716,14.754098,0.15178790901309844,7.3
ME02,2008-05-13 01:00:00+00:00,2.4389221359895677e-05,1.6164371554373383e-07,6.504288298526819e-08,0.178969,12.652108,0.5292770000000928,31.557377,0.1441985135624435,7.3
ME02,2008-05-13 02:00:00+00:00,2.1663817286557684e-05,1.605632671321998e-07,7.097473080661714e-08,0.182983,12.199123,0.2574859999999717,8.606557,0.13698858788432133,7.3
ME02,2008-05-13 03:00:00+00:00,2.8192997978626127e-05,1.7569521735796815e-07,7.060924062815943e-08,0.179471,12.027465,0.42914299999995364,22.131148,0.13013915849010527,7.3
ME02,2008-05-13 04:00:00+00:00,1.9971042536040143e-05,1.9488434234678448e-07,6.338048505171123e-08,0.186495,12.037002,0.028610000000071523,22.95082,0.1236322005656,7.3
ME02,2008-05-13 05:00:00+00:00,2.1034790564291415e-05,1.6228892580486285e-07,5.901382487877197e-08,0.179471,12.551974,-0.17165700000009565,37.704918,0.11745059053731999,7.3
ME02,2008-05-13 06:00:00+00:00,2.0505021277002967e-05,1.6844552080802992e-07,6.978247478620125e-08,0.192015,13.49609,-0.12874399999998332,14.754098,0.11157806101045398,8.55
ME02,2008-05-13 07:00:00+00:00,4.4867740352971104e-05,1.9287965892613624e-07,8.253612632181619e-08,0.198537,13.310128,-0.04291399999999612,27.868852,0.11599915795993126,8.55
