station,time,teleseismic_band,background_seismic,effect_seismic,CO2_3,AirTemp_3,pressure_drop,WindSpeed,API,CO2_SO2
ME01,2008-04-12 00:00:00+00:00,1.3564260386692565e-05,1.2015845282707734e-07,8.168901247619494e-09,0.110228,15.479687,-0.07152399999995396,0.0,0.0,13.0
ME01,2008-04-12 01:00:00+00:00,7.577580522311938e-06,4.244265507222084e-08,1.5987522757739502e-08,0.1022,20.390998,0.11443799999995008,3.278689,0.0,13.0
ME01,2008-04-12 02:00:00+00:00,8.404645377365378e-06,4.050780713405462e-08,7.00994490551572e-08,0.109727,16.810032,0.31470500000000357,0.0,0.0,13.0
ME01,2008-04-12 03:00:00+00:00,6.898584581877558e-07,3.8191104149201314e-08,2.568209455503045e-08,0.106214,17.158116,0.20026700000005349,0.0,0.0,13.0
ME01,2008-04-12 04:00:00+00:00,4.129660019308234e-07,3.769289599695716e-08,2.6234193890584864e-08,0.105713,16.290292,-0.028609000000074047,0.0,0.0,13.0
ME01,2008-04-12 05:00:00+00:00,3.036948527555026e-07,4.091288328483247e-08,2.5839527374857776e-08,0.118256,15.408163,0.21457100000009177,0.0,0.0,13.0
ME01,2008-04-12 06:00:00+00:00,1.8282196576411229e-07,4.073324602038713e-08,3.985869705858027e-08,0.109727,16.571619,-1.2159060000000181,0.0,0.0,12.0
ME01,2008-04-12 07:00:00+00:00,2.4511626407212383e-06,4.386637054978609e-08,2.560494433340053e-08,0.109225,20.114438,-0.6723250000000007,0.0,0.0,12.0
ME01,2008-04-12 08:00:00+00:00,8.383653792643565e-07,4.532355554378415e-08,2.7415058104737916e-08,0.109727,19.556552,-0.7152399999999943,4.098361,0.0,12.0
ME01,2008-04-12 09:00:00+00:00,3.5082283125026733e-07,4.8042409866977386e-08,3.126692935583792e-08,0.110228,21.158688,-0.8725920000000542,4.098361,0.0,12.0
ME01,2008-04-12 10:00:00+00:00,7.208713559841544e-07,4.587031897407526e-08,5.340996860753676e-08,0.107218,21.854854,-0.27179100000000744,41.393443,0.0,12.0
ME01,2008-04-12 11:00:00+00:00,2.18129557587768e-07,4.733014293862678e-08,3.084201306883646e-08,0.099691,21.821476,-0.4005339999999933,28.688525,0.0,12.0
ME01,2008-04-12 12:00:00+00:00,2.482998759974841e-07,5.0293618655140145e-08,2.599063558859172e-08,0.099691,22.784665,0.014305000000035761,18.032787,0.0,11.0
ME01,2008-04-12 13:00:00+00:00,2.7774719496581004e-07,6.371297810047117e-08,2.988274211910594e-08,0.096179,21.296967,0.08582899999998972,2.04918,0.0,11.0
ME01,2008-04-12 14:00:00+00:00,6.372472772574609e-07,7.443861003227445e-08,3.113741592079178e-08,0.088151,21.397101,0.100133000000028,20.491803,0.0,11.0
ME01,2008-04-12 15:00:00+00:00,4.6755263904927415e-07,7.638214917104465e-08,2.8851615546704885e-08,0.096179,19.647149,-0.17165699999998196,6.147541,0.0,11.0
ME01,2008-04-12 16:00:00+00:00,3.711776565782617e-07,7.501399411208352e-08,2.324095082060738e-08,0.095677,18.774557,0.0143039999999246,25.819672,0.0,11.0
ME01,2008-04-12 17:00:00+00:00,7.999570208568807e-07,7.105570559169907e-08,2.30341114093298e-08,0.087148,17.854282,-0.37192399999992176,0.0,0.0,11.0
ME01,2008-04-12 18:00:00+00:00,1.8182019577497627e-06,6.835093257526133e-08,2.150599411253454e-08,0.098688,17.263017,-0.41483900000002905,59.016393,0.0,10.0
ME01,2008-04-12 19:00:00+00:00,3.374835428967548e-07,6.464294358800827e-08,2.4270961089456473e-08,0.1022,14.034904,-1.0156400000000758,0.409836,0.0,10.0
ME01,2008-04-12 20:00:00+00:00,6.414805482203588e-07,6.179891880965208e-08,1.5693943993665302e-08,0.098186,13.324433,-0.48636199999998553,2.04918,0.0,10.0
ME01,2008-04-12 21:00:00+00:00,8.154678873126644e-07,6.12724832067763e-08,1.3699380161641674e-08,0.106214,12.990654,-0.5292779999999766,0.0,0.0,10.0
ME01,2008-04-12 22:00:00+00:00,3.801802827554478e-07,5.925647368799075e-08,1.4511244618693807e-08,0.109727,14.244707,0.028610000000071523,11.885246,0.0,10.0
ME01,2008-04-12 23:00:00+00:00,7.521527279807743e-07,5.680325427022164e-08,1.0759163440576762e-08,0.126285,12.957276,-0.4434480000001031,27.459016,0.0,10.0
ME01,2008-04-13 00:00:00+00:00,4.044425798576805e-07,5.5829090919516864e-08,9.72573162233752e-09,0.117755,12.170513,0.08582799999999224,31.147541,0.0,9.0
ME01,2008-04-13 01:00:00+00:00,1.361391172124372e-06,5.321799038159528e-08,1.2033959804028317e-08,0.121267,11.374213,0.12874300000009953,0.0,0.010000000000000002,9.0
ME01,2008-04-13 02:00:00+00:00,3.125143896139343e-07,4.97888005602615e-08,1.1216124401874837e-08,0.116751,11.841503,-0.1430480000000216,30.327869,0.044500000000000005,9.0
ME01,2008-04-13 03:00:00+00:00,3.4677828562857993e-07,4.823114605817945e-08,9.639388379984463e-09,0.124779,12.189586,0.35761999999999716,13.934426,0.067275,9.0
ME01,2008-04-13 04:00:00+00:00,2.8065106991359044e-07,4.457169368742434e-08,1.418285899521415e-08,0.123776,12.852375,0.12874299999998584,17.622951,0.06391125,9.0
ME01,2008-04-13 05:00:00+00:00,2.8779293545059343e-07,4.5390387398776705e-08,3.6186063177817356e-08,0.117253,13.60576,-0.31470500000000357,0.0,0.10571568750000002,9.0
ME01,2008-04-13 06:00:00+00:00,2.700415701787875e-07,4.432329525703786e-08,2.1008454893626328e-08,0.116249,14.158879,-0.658019999999965,0.0,0.10542990312500002,9.475
ME01,2008-04-13 07:00:00+00:00,2.936074945362551e-07,4.472862198343931e-08,2.039701597561057e-08,0.116249,14.578486,-1.0442500000000337,6.557377,0.15515840796875002,9.475
ME01,2008-04-13 08:00:00+00:00,2.8939208358332667e-07,4.320676240854282e-08,3.248820377089774e-08,0.128793,15.412932,-0.9012010000000146,0.0,0.20740048757031254,9.475
ME01,2008-04-13 09:00:00+00:00,2.630995771414206e-07,4.267270570418365e-08,2.328328436549764e-08,0.109727,17.17242,-0.6151059999999688,8.606557,0.2820304631917969,9.475
ME01,2008-04-13 10:00:00+00:00,3.1578830372891983e-06,8.862710141907238e-08,1.0083258532504378e-07,0.138828,16.924471,-0.45775300000002517,13.114754,0.2979289400322071,9.475
ME01,2008-04-13 11:00:00+00:00,2.95063449415037e-07,4.3149186054750474e-08,2.335996004951942e-08,0.110228,17.983025,-0.10013400000002548,20.081967,0.3180324930305968,9.475
ME01,2008-04-13 12:00:00+00:00,2.549230759802423e-07,4.570197722424976e-08,1.856457945139875e-08,0.105713,18.564753,-0.2574859999999717,9.42623,0.31213086837906695,9.95
ME01,2008-04-13 13:00:00+00:00,2.800188370286797e-07,5.3663013386719744e-08,1.0891831660498283e-07,0.106214,16.800496,0.5435820000000149,20.491803,0.2965243249601136,9.95
ME01,2008-04-13 14:00:00+00:00,2.616168064049154e-07,4.228992085101547e-08,2.212293552646673e-08,0.103204,16.423803,0.7295440000000326,13.934426,0.28169810871210793,9.95
ME01,2008-04-13 15:00:00+00:00,2.53747793619043e-07,4.2434285778383974e-08,2.3491060999728332e-08,0.1022,16.700362,0.5149719999999434,10.655738,0.2676132032765025,9.95
ME01,2008-04-13 16:00:00+00:00,2.4291064694866966e-07,4.4044655880722625e-08,2.1247096121881022e-08,0.098186,15.699027,0.0429149999999936,0.0,0.25423254311267734,9.95
ME01,2008-04-13 17:00:00+00:00,3.857895236343945e-07,4.1073982584978194e-08,2.0400087634883267e-08,0.101698,14.611863,0.5006670000000213,0.0,0.24152091595704347,9.95
ME01,2008-04-13 18:00:00+00:00,4.3865517142610023e-07,4.211932723731415e-08,2.1955071195276332e-08,0.101698,13.314896,0.3290100000000393,0.409836,0.2294448701591913,10.425
ME01,2008-04-13 19:00:00+00:00,4.987453728541034e-07,4.038847008774978e-08,1.9181122528663624e-08,0.108723,12.623498,-0.20026700000005349,0.0,0.2179726266512317,10.425
ME01,2008-04-13 20:00:00+00:00,4.16771125487035e-07,4.1984430293746366e-08,1.931053908243181e-08,0.120765,11.870113,-0.1430480000000216,0.0,0.20707399531867013,10.425
ME01,2008-04-13 21:00:00+00:00,3.0014389482833086e-07,4.372231076016883e-08,1.3804291012136094e-08,0.112235,12.175281,-0.07152299999995648,0.0,0.19672029555273662,10.425
ME01,2008-04-13 22:00:00+00:00,7.381584695709604e-07,4.634286867400287e-08,1.188340825826971e-08,0.125281,11.803357,0.05721900000003188,0.819672,0.18688428077509978,10.425
ME01,2008-04-13 23:00:00+00:00,3.279442788104864e-07,5.664496687656946e-08,8.421104878629433e-09,0.115748,11.946405,-0.07152400000006764,0.0,0.1775400667363448,10.425
ME01,2008-04-14 00:00:00+00:00,5.421769875796382e-07,6.772646598965943e-08,6.869056615700958e-09,0.128292,11.092886,0.6008010000000468,12.704918,0.16866306339952755,10.9
ME01,2008-04-14 01:00:00+00:00,2.630644439131512e-07,7.77566264993649e-08,1.2342138807582806e-08,0.132306,10.797253,0.5149719999999434,0.0,0.16022991022955116,10.9
ME01,2008-04-14 02:00:00+00:00,5.599478445539237e-07,7.7396948528567e-08,1.8077589598709158e-08,0.131302,10.544536,0.4291440000000648,29.098361,0.1522184147180736,10.9
ME01,2008-04-14 03:00:00+00:00,1.875220392977081e-07,7.59462597085196e-08,2.3447000678636433e-08,0.132807,10.058173,0.5292769999999791,16.803279,0.1446074939821699,10.9
ME01,2008-04-14 04:00:00+00:00,8.175220765135169e-07,7.072716298391941e-08,3.412621823734575e-08,0.132306,10.163075,-0.6294110000000046,45.491803,0.1373771192830614,10.9
ME01,2008-04-14 05:00:00+00:00,2.057828770516483e-07,7.009395436688709e-08,2.5782023840588912e-08,0.127288,10.415792,0.24318200000004708,4.098361,0.13050826331890833,10.9
ME01,2008-04-14 06:00:00+00:00,2.006564872705708e-07,7.299472668517449e-08,3.284699827962984e-08,0.135316,10.811558,-0.5292780000000903,0.409836,0.12398285015296291,11.8
ME01,2008-04-14 07:00:00+00:00,1.8397672584248866e-07,7.263369965549431e-08,3.8534323178009096e-08,0.132306,11.431432,-0.6294100000000071,31.557377,0.11778370764531476,11.8
ME01,2008-04-14 08:00:00+00:00,1.6653744442274692e-07,7.062023048537662e-08,4.707251164352525e-08,0.131804,11.741369,-0.2574859999999717,7.786885,0.11689452226304903,11.8
ME01,2008-04-14 09:00:00+00:00,1.9316200056976957e-07,6.814133284507948e-08,3.18043911922226e-08,0.126786,12.156208,0.04291399999999612,4.098361,0.1260497961498966,11.8
ME01,2008-04-14 10:00:00+00:00,2.4969956608671445e-07,6.913385741275244e-08,3.20859735787016e-08,0.12779,13.157543,-0.0,21.311475,0.12974730634240175,11.8
ME01,2008-04-14 11:00:00+00:00,2.0423958035069315e-07,6.426404325242321e-08,2.721589215957972e-08,0.131804,13.767881,0.18596200000001772,4.508197,0.14325994102528167,11.8
ME01,2008-04-14 12:00:00+00:00,3.3421518822151338e-06,6.179812943970438e-08,4.306188212934374e-08,0.135818,15.045775,-0.11443799999995008,9.836066,0.16609694397401759,12.7
ME01,2008-04-14 13:00:00+00:00,1.8180240325995826e-07,5.769722377576099e-08,3.668307860040975e-08,0.12779,13.939538,0.7581539999999904,34.42623,0.1877920967753167,12.7
ME01,2008-04-14 14:00:00+00:00,1.725784347755433e-07,5.198057775599718e-08,2.8793165811334702e-08,0.119762,14.173183,0.14304799999990792,13.934426,0.18840249193655087,12.7
ME01,2008-04-14 15:00:00+00:00,1.643416903435854e-07,5.122095576179115e-08,3.1747756150021846e-08,0.12779,14.416365,0.05721900000003188,40.163934,0.19398236733972332,12.7
ME01,2008-04-14 16:00:00+00:00,2.587674565091799e-07,4.687088290508063e-08,2.7581950894038785e-08,0.11926,15.594126,-0.3719250000000329,13.934426,0.18428324897273715,12.7
ME01,2008-04-14 17:00:00+00:00,6.652845545358264e-07,4.6284164977267306e-08,2.345605156149175e-08,0.12779,12.571047,0.5864970000000085,19.672131,0.17506908652410028,12.7
ME01,2008-04-14 18:00:00+00:00,7.035649746512201e-07,5.1633678887198496e-08,4.684935859957089e-08,0.123274,9.881747,-0.0,0.0,0.16631563219789525,13.6
ME01,2008-04-14 19:00:00+00:00,2.9793817284186617e-06,5.156949993157844e-08,1.9008151670979967e-08,0.12779,9.514591,-0.5292779999999766,0.0,0.15799985058800048,13.6
ME01,2008-04-14 20:00:00+00:00,1.7188303875626594e-06,5.462305864565666e-08,3.179172893688594e-08,0.126786,8.794583,-0.08582799999999224,0.0,0.15009985805860046,13.6
ME01,2008-04-14 21:00:00+00:00,5.155107709438201e-07,5.883117559596131e-08,5.96901342118591e-08,0.130299,8.909022,0.21457099999997808,0.0,0.14259486515567044,13.6
ME01,2008-04-14 22:00:00+00:00,2.353643844089947e-07,7.461002812008897e-08,8.906050736689746e-08,0.135316,8.427427,-0.0,0.0,0.1354651218978869,13.6
ME01,2008-04-14 23:00:00+00:00,2.574523191571971e-07,7.306066204164036e-08,1.3268493761882338e-07,0.135316,8.060271,0.20026800000005096,0.409836,0.12869186580299255,13.6
ME01,2008-04-15 00:00:00+00:00,7.841951163092536e-07,6.765167902926158e-08,1.2550844407396523e-07,0.135316,8.498951,0.48636199999998553,3.278689,0.12225727251284292,14.5
ME01,2008-04-15 01:00:00+00:00,5.551055281036464e-07,5.906236238380058e-08,1.9925902187913536e-08,0.126786,9.032996,0.6866300000000365,6.967213,0.11614440888720078,14.5
ME01,2008-04-15 02:00:00+00:00,1.559407377881779e-07,6.22513390337873e-08,2.2690897053751293e-08,0.134814,12.304024,0.31470500000000357,43.032787,0.11033718844284073,14.5
ME01,2008-04-15 03:00:00+00:00,3.072773128349906e-07,6.515126349966025e-08,4.0928826538291496e-08,0.134814,11.049971,0.5149729999999408,54.098361,0.10482032902069868,14.5
ME01,2008-04-15 04:00:00+00:00,4.4888545511975084e-07,7.32688120754313e-08,8.627030149958829e-08,0.125783,10.287049,0.1573520000000599,6.967213,0.09957931256966375,14.5
ME01,2008-04-15 05:00:00+00:00,2.740324998376088e-07,8.743221241995413e-08,6.55249774247389e-08,0.138828,11.669846,-0.0,14.344262,0.09460034694118055,14.5
ME01,2008-04-15 06:00:00+00:00,2.756386878945817e-07,1.0348483178997896e-07,4.68223262992565e-08,0.133811,13.30536,-0.686629000000039,13.934426,0.08987032959412151,13.2875
ME01,2008-04-15 07:00:00+00:00,3.2288243033535767e-07,1.1307369287530994e-07,5.42000372470512e-08,0.146857,14.468816,-0.6294110000000046,66.393443,0.08537681311441543,13.2875
ME01,2008-04-15 08:00:00+00:00,4.016404763802013e-06,1.1745294162558023e-07,4.681041104970487e-08,0.126285,16.023269,-0.5721919999999727,21.721311,0.08110797245869465,13.2875
ME01,2008-04-15 09:00:00+00:00,1.0781049992780533e-06,1.0903516397821956e-07,3.3223781636309096e-08,0.139832,16.380889,-0.3862290000000712,88.52459,0.07705257383575992,13.2875
ME01,2008-04-15 10:00:00+00:00,3.775032626793513e-07,1.0858650534175782e-07,3.9441009559776164e-08,0.115246,17.06275,-1.0442489999999225,52.459016,0.07319994514397192,13.2875
ME01,2008-04-15 11:00:00+00:00,3.8740644990781093e-07,1.2133300725430303e-07,6.422347521410216e-08,0.131302,18.250048,-0.08582899999998972,43.852459,0.06953994788677333,13.2875
ME01,2008-04-15 12:00:00+00:00,4.1659101330262467e-07,1.299921118003567e-07,6.396177611793734e-08,0.140835,16.752813,0.7295439999999189,99.180328,0.06606295049243466,12.075
ME01,2008-04-15 13:00:00+00:00,1.0023139553174394e-06,1.3955213476019636e-07,5.9097241773580676e-08,0.140835,16.976922,0.22887700000001132,93.032787,0.06275980296781292,12.075
ME01,2008-04-15 14:00:00+00:00,5.441892987746496e-07,1.4007404075096845e-07,5.653262607872803e-08,0.135818,17.024604,0.07152400000006764,79.508197,0.05962181281942227,12.075
ME01,2008-04-15 15:00:00+00:00,6.914650514936752e-07,1.4649195775813093e-07,8.673680760677734e-08,0.132306,16.633607,-0.08582899999998972,34.836066,0.056640722178451154,12.075
ME01,2008-04-15 16:00:00+00:00,7.304400140643571e-07,1.4894352085900279e-07,4.7116550287139523e-08,0.126786,15.660881,-0.12874300000009953,62.295082,0.05380868606952859,12.075
ME01,2008-04-15 17:00:00+00:00,7.172255603215107e-07,1.5437022285337842e-07,3.5624537692680785e-08,0.127288,13.24814,0.2431810000000496,64.754098,0.05111825176605216,12.075
ME01,2008-04-15 18:00:00+00:00,6.828492794856312e-07,1.4344229763549927e-07,2.4571578305659698e-08,0.1308,11.693687,0.12874299999998584,29.918033,0.048562339177749554,10.8625
ME01,2008-04-15 19:00:00+00:00,8.984750606262099e-07,1.341315622630974e-07,7.359647262323748e-08,0.127288,10.91646,-0.48636199999998553,0.409836,0.04613422221886208,10.8625
ME01,2008-04-15 20:00:00+00:00,7.572436062721328e-07,1.3491753381845722e-07,1.3766311860473696e-07,0.127288,9.705321,-0.4434489999999869,0.0,0.04382751110791897,10.8625
ME01,2008-04-15 21:00:00+00:00,2.3963065578496077e-06,1.3842809335414434e-07,1.3961519703231512e-07,0.135316,8.894717,-0.42914300000006733,0.409836,0.04163613555252302,10.8625
ME01,2008-04-15 22:00:00+00:00,8.95065135920836e-07,1.362629204793934e-07,1.4033007446541048e-07,0.129797,8.58478,-0.557886999999937,0.0,0.03955432877489687,10.8625
ME01,2008-04-15 23:00:00+00:00,1.3025317281553887e-06,1.3410484511394675e-07,1.2034076665145455e-07,0.142843,7.988747,0.12874299999998584,0.819672,0.037576612336152025,10.8625
ME01,2008-04-16 00:00:00+00:00,2.0496064348066927e-06,1.308557404152929e-07,7.078052074022033e-08,0.134313,7.75987,-0.028609999999957836,1.229508,0.03569778171934442,9.65
ME01,2008-04-16 01:00:00+00:00,8.769502513258064e-07,1.3298636462543454e-07,8.205225871315531e-08,0.142843,7.798016,0.2860959999999295,0.0,0.0339128926333772,9.65
ME01,2008-04-16 02:00:00+00:00,7.275530906582837e-07,1.285744000155344e-07,5.562027458470859e-08,0.142843,7.078009,0.3290100000000393,0.0,0.03221724800170834,9.65
ME01,2008-04-16 03:00:00+00:00,6.856748717676229e-07,1.208148142595579e-07,6.839604651899857e-08,0.142341,7.011253,0.08582899999998972,0.819672,0.03060638560162292,9.65
ME01,2008-04-16 04:00:00+00:00,8.61550810680856e-07,1.188425125017438e-07,3.475072419647702e-08,0.146355,6.505817,-0.18596200000001772,0.0,0.029076066321541773,9.65
ME01,2008-04-16 05:00:00+00:00,6.732689094462038e-07,1.1664357884868073e-07,3.677535030351759e-08,0.146355,7.225825,-0.6008009999999331,0.0,0.027622263005464682,9.65
ME01,2008-04-16 06:00:00+00:00,1.8639944887230627e-06,1.0633317272182268e-07,4.4376443281009466e-08,0.150871,12.847606,-0.7438490000000684,0.0,0.026241149855191447,9.7125
ME01,2008-04-16 07:00:00+00:00,1.855932959442144e-06,9.863706696861312e-08,2.9669661918688882e-08,0.137323,12.880984,-0.901202000000012,15.163934,0.024929092362431873,9.7125
ME01,2008-04-16 08:00:00+00:00,4.187038828244938e-06,9.369696584224566e-08,3.108538012895938e-08,0.150369,13.925234,-0.6008009999999331,0.0,0.02368263774431028,9.7125
ME01,2008-04-16 09:00:00+00:00,2.6777330108127106e-06,8.875645636551952e-08,4.14329924406086e-08,0.13933,14.711997,-0.15735300000005736,0.819672,0.022498505857094765,9.7125
ME01,2008-04-16 10:00:00+00:00,5.505614067551839e-07,8.191138494289086e-08,3.459882922917594e-08,0.146857,15.408163,-0.24318099999993592,22.95082,0.021373580564240026,9.7125
ME01,2008-04-16 11:00:00+00:00,5.413225814008611e-07,7.954749467523064e-08,2.6401206495996992e-08,0.142843,16.132939,0.3004009999999653,31.147541,0.020304901536028024,9.7125
ME01,2008-04-16 12:00:00+00:00,5.193429071952237e-07,7.705037603572858e-08,5.5934876495486386e-08,0.131302,14.783521,0.05721900000003188,78.688525,0.01928965645922662,9.775
ME01,2008-04-16 13:00:00+00:00,5.222279198759792e-07,7.871479708367799e-08,8.065919932777485e-08,0.142341,14.397292,0.08582799999999224,36.885246,0.01832517363626529,9.775
ME01,2008-04-16 14:00:00+00:00,3.5075401070895496e-07,7.534231794790929e-08,9.341343176933241e-08,0.126285,14.249475,0.8153730000000223,7.377049,0.017408914954452025,9.775
ME01,2008-04-16 15:00:00+00:00,1.4739357586781823e-06,7.874569576771608e-08,9.478986829055178e-08,0.114242,14.459279,0.41483899999991536,30.737705,0.016538469206729422,9.775
ME01,2008-04-16 16:00:00+00:00,1.4595280073245703e-06,8.32845614997847e-08,9.90079171964462e-08,0.118256,14.70246,-0.11443799999995008,0.409836,0.01571154574639295,9.775
ME01,2008-04-16 17:00:00+00:00,1.7834237295359687e-06,8.794527751506046e-08,9.243096762863482e-08,0.125783,12.704558,0.9727249999999685,0.0,0.014925968459073303,9.775
ME01,2008-04-16 18:00:00+00:00,9.056263604467861e-07,1.021666770797589e-07,2.2195993291310205e-07,0.126285,12.342171,-0.1573519999999462,40.163934,0.014179670036119637,9.8375
ME01,2008-04-16 19:00:00+00:00,1.3873950234752544e-06,1.1313559937687174e-07,2.682597361371565e-07,0.130299,11.803357,-0.20026700000005349,27.459016,0.013470686534313655,9.8375
ME01,2008-04-16 20:00:00+00:00,3.225605340887714e-07,1.0582225718670042e-07,2.281494989156169e-07,0.126285,11.316994,0.100133000000028,23.360656,0.012797152207597971,9.8375
ME01,2008-04-16 21:00:00+00:00,2.4057508757088726e-07,1.328378180392507e-07,3.737209995197947e-07,0.134313,11.202556,0.07152399999995396,33.606557,0.012157294597218073,9.8375
ME01,2008-04-16 22:00:00+00:00,2.913762207525215e-07,1.4752036391701775e-07,3.566129724466167e-07,0.133309,13.13847,0.6008010000000468,31.557377,0.011549429867357169,9.8375
ME01,2008-04-16 23:00:00+00:00,2.728565382624188e-07,1.5898904111008756e-07,4.381455761216131e-07,0.137825,12.575815,0.1430480000000216,42.213115,0.01097195837398931,9.8375
ME01,2008-04-17 00:00:00+00:00,3.386008636713343e-07,1.9372412041547591e-07,4.322991513412753e-07,0.150871,12.380317,0.9870300000000043,81.557377,0.010423360455289844,9.9
ME01,2008-04-17 01:00:00+00:00,1.1602852381822164e-06,2.243451159195888e-07,4.4961912047922923e-07,0.142843,13.5247,0.2860959999999295,75.819672,0.009902192432525351,9.9
ME01,2008-04-17 02:00:00+00:00,2.2149172305094978e-07,2.624155398608263e-07,6.29699723849872e-07,0.146857,13.562846,0.9870300000000043,33.606557,0.009407082810899083,9.9
ME01,2008-04-17 03:00:00+00:00,2.406367089508388e-07,2.8331709715444235e-07,5.914754540833532e-07,0.137825,14.573717,0.5435820000000149,46.721311,0.008936728670354128,9.9
ME01,2008-04-17 04:00:00+00:00,2.4064601414391436e-07,3.869450035544131e-07,9.010613586296703e-07,0.146355,11.655541,0.3290100000000393,25.819672,0.008489892236836421,9.9
ME01,2008-04-17 05:00:00+00:00,2.438864407104799e-07,3.893417348915052e-07,7.253575355550973e-07,0.130299,13.834637,-0.1573520000000599,32.377049,0.0080653976249946,9.9
ME01,2008-04-17 06:00:00+00:00,2.2055815717198556e-07,2.990179194353179e-07,5.438449813954118e-07,0.138327,15.041007,-0.557886999999937,47.95082,0.007662127743744869,10.158333333333333
ME01,2008-04-17 07:00:00+00:00,2.3771082600099678e-07,2.850616297115516e-07,7.227519350824332e-07,0.141839,15.989891,-0.12874299999998584,35.655738,0.0072790213565576255,10.158333333333333
ME01,2008-04-17 08:00:00+00:00,2.264402445195139e-07,2.2228184335248343e-07,4.174016269141286e-07,0.138327,17.482357,-0.3004000000000815,19.262295,0.006915070288729744,10.158333333333333
ME01,2008-04-17 09:00:00+00:00,2.5844762939682987e-07,2.8465330097301867e-07,7.15884443713536e-07,0.125783,15.093458,0.7724580000000287,4.098361,0.02156931677429326,10.158333333333333
ME01,2008-04-17 10:00:00+00:00,5.719110964344894e-07,3.310121922450579e-07,1.0247495397282854e-06,0.138327,12.485218,0.47205800000006093,6.967213,0.020490850935578595,10.158333333333333
ME01,2008-04-17 11:00:00+00:00,3.7506224741717423e-07,3.6438161286295765e-07,1.0807770164249538e-06,0.138828,11.979783,0.6866299999999228,0.409836,0.029466308388799666,10.158333333333333
ME01,2008-04-17 12:00:00+00:00,3.03335941452307e-07,2.818935185488225e-07,8.804204929255631e-07,0.125783,11.46481,0.7438490000000684,7.786885,0.03299299296935968,10.416666666666668
ME01,2008-04-17 13:00:00+00:00,2.1584784414781922e-06,2.1388236384267438e-07,6.319961478145922e-07,0.146857,10.711425,0.5006669999999076,26.639344,0.0313433433208917,10.416666666666668
ME01,2008-04-17 14:00:00+00:00,2.7482661844159e-07,2.2371499089372601e-07,5.623646143885168e-07,0.14786,11.131032,0.715240000000108,19.672131,0.05477617615484712,10.416666666666668
ME01,2008-04-17 15:00:00+00:00,3.0062088947123857e-07,2.224162046502586e-07,6.516913771097704e-07,0.142341,11.412359,0.2002669999999398,12.295082,0.08703736734710477,10.416666666666668
ME01,2008-04-17 16:00:00+00:00,2.646334361764815e-07,1.4542403832831823e-07,3.1062058559509254e-07,0.142843,12.518596,0.5435820000000149,4.918033,0.12768549897974954,10.416666666666668
ME01,2008-04-17 17:00:00+00:00,3.3181168837686427e-07,1.3152300492945563e-07,2.601262269459827e-07,0.142341,11.016594,0.8296769999999469,14.344262,0.14130122403076206,10.416666666666668
ME01,2008-04-17 18:00:00+00:00,3.2306614076485976e-07,1.2396958994616482e-07,2.0287817146979071e-07,0.138327,9.876979,0.15735300000005736,0.0,0.15423616282922398,10.675
ME01,2008-04-17 19:00:00+00:00,4.993872266252612e-07,1.0471964227598263e-07,1.1333861572897949e-07,0.138327,9.438299,-0.486362999999983,20.901639,0.14652435468776276,10.675
ME01,2008-04-17 20:00:00+00:00,3.8122204509037267e-07,9.201451362554144e-08,6.600531425372957e-08,0.134313,9.385848,-0.8725920000000542,8.606557,0.1391981369533746,10.675
ME01,2008-04-17 21:00:00+00:00,1.1715913056057849e-06,7.300596710172283e-08,1.831478252790661e-08,0.142341,9.581347,0.658019999999965,9.836066,0.13223823010570587,10.675
ME01,2008-04-17 22:00:00+00:00,2.74218063906859e-07,6.369504111231239e-08,1.8514475891204344e-08,0.134313,9.457372,-0.04291399999999612,0.0,0.12562631860042056,10.675
ME01,2008-04-17 23:00:00+00:00,2.663352896387147e-07,6.320928552963305e-08,8.556490836039425e-09,0.142341,9.261873,0.3433150000000751,3.688525,0.11934500267039953,10.675
ME01,2008-04-18 00:00:00+00:00,2.837475609222738e-07,5.988448587561141e-08,2.2714326078258332e-08,0.141839,9.500286,0.41483900000002905,0.0,0.11337775253687955,10.933333333333334
ME01,2008-04-18 01:00:00+00:00,2.8947801753417146e-07,5.655106749950838e-08,1.3793634232611134e-08,0.145853,8.751669,0.6008009999999331,0.0,0.10770886491003558,10.933333333333334
ME01,2008-04-18 02:00:00+00:00,2.521949078643993e-07,5.420408226772569e-08,3.387145619785936e-08,0.150871,8.184246,0.5721909999999752,0.0,0.10232342166453379,10.933333333333334
ME01,2008-04-18 03:00:00+00:00,2.5904780339620533e-07,5.2320664625036525e-08,4.270362127993271e-08,0.141839,8.641999,-0.04291399999999612,0.409836,0.0972072505813071,10.933333333333334
ME01,2008-04-18 04:00:00+00:00,2.468840069252273e-07,5.064532921265498e-08,2.5856231168091188e-08,0.146355,8.408354,0.05721900000003188,0.0,0.09234688805224174,10.933333333333334
ME01,2008-04-18 05:00:00+00:00,2.4788261463332815e-07,5.25410706687621e-08,3.32564712889175e-08,0.137825,10.625596,-0.3862289999999575,18.442623,0.08772954364962965,10.933333333333334
ME01,2008-04-18 06:00:00+00:00,2.1034339618688977e-07,4.958498324237848e-08,3.593748590258928e-08,0.149867,12.995422,-0.8010679999999866,0.0,0.08334306646714816,11.191666666666666
ME01,2008-04-18 07:00:00+00:00,2.545240095335987e-07,4.946856905365264e-08,5.272631074939095e-08,0.142843,16.562083,-0.35761999999999716,2.459016,0.07917591314379074,11.191666666666666
ME01,2008-04-18 08:00:00+00:00,3.680623178590952e-06,5.5382422127920916e-08,8.572428666213203e-08,0.137825,18.779325,-0.7152390000001105,0.0,0.0752171174866012,11.191666666666666
ME01,2008-04-18 09:00:00+00:00,1.2039590734222302e-06,4.9125971940299e-08,8.531569345246244e-08,0.142843,18.269121,-0.35761999999999716,26.229508,0.07145626161227114,11.191666666666666
ME01,2008-04-18 10:00:00+00:00,2.399069309624668e-07,5.460145039556455e-08,1.6209609492563948e-07,0.155386,19.771123,-0.11443799999995008,62.295082,0.06788344853165758,11.191666666666666
ME01,2008-04-18 11:00:00+00:00,2.2149307361886547e-07,5.455084789277535e-08,1.1608697981446774e-07,0.151372,19.80927,0.05721900000003188,111.47541,0.0644892761050747,11.191666666666666
ME01,2008-04-18 12:00:00+00:00,2.2202252878323624e-07,5.3424154343969166e-08,1.1626123241717804e-07,0.16492,19.923708,0.07152399999995396,105.327869,0.06126481229982096,11.45
ME01,2008-04-18 13:00:00+00:00,2.3157995647669938e-07,4.7729360820390193e-08,7.812609463356683e-08,0.140334,21.249285,0.014305000000035761,84.016393,0.05820157168482991,11.45
ME01,2008-04-18 14:00:00+00:00,2.474258010229156e-07,4.741685087068722e-08,8.602325454016806e-08,0.127288,21.797635,0.22887600000001385,39.754098,0.05529149310058841,11.45
ME01,2008-04-18 15:00:00+00:00,2.2309706054858084e-07,5.7053123513978055e-08,1.2736394102563304e-07,0.128292,20.853519,0.18596200000001772,61.47541,0.052526918445558984,11.45
ME01,2008-04-18 16:00:00+00:00,2.214160563979922e-07,6.934342929063312e-08,1.152798907891016e-07,0.120263,18.979592,0.25748699999996916,36.065574,0.049900572523281034,11.45
ME01,2008-04-18 17:00:00+00:00,5.785564268138473e-07,8.564719581078383e-08,1.9942186749917048e-07,0.124278,17.458516,0.27179100000000744,0.0,0.04740554389711698,11.45
ME01,2008-04-18 18:00:00+00:00,3.420032132458876e-07,1.1514244196373986e-07,3.347697216192352e-07,0.123776,15.675186,-0.22887700000001132,38.934426,0.04503526670226113,11.708333333333334
ME01,2008-04-18 19:00:00+00:00,4.2883856598719043e-07,1.6617438398415734e-07,4.2911531911823355e-07,0.140835,15.951745,-0.3719250000000329,61.885246,0.04278350336714807,11.708333333333334
ME01,2008-04-18 20:00:00+00:00,5.65431312579437e-07,1.733959181154364e-07,3.892850244228208e-07,0.127288,15.689491,-0.37192400000003545,41.393443,0.040644328198790665,11.708333333333334
ME01,2008-04-18 21:00:00+00:00,3.1130292755906754e-07,1.7754881864976845e-07,3.131497746842462e-07,0.12779,17.42037,-0.27179099999989376,5.737705,0.03861211178885113,11.708333333333334
ME01,2008-04-18 22:00:00+00:00,3.635462396991908e-07,2.792028791462943e-07,4.984538395261995e-07,0.127288,17.754148,0.07152399999995396,12.295082,0.03668150619940857,11.708333333333334
ME01,2008-04-18 23:00:00+00:00,4.446770201425143e-07,2.8721653576156497e-07,4.875402831194125e-07,0.131804,16.118634,-0.08582899999998972,24.180328,0.03484743088943814,11.708333333333334
ME01,2008-04-19 00:00:00+00:00,2.873420596778129e-07,2.8025869691198023e-07,4.7638631995370344e-07,0.1308,16.166317,0.3719250000000329,25.819672,0.03310505934496623,11.966666666666667
ME01,2008-04-19 01:00:00+00:00,2.823159662959477e-07,2.333786681942381e-07,4.311670202207277e-07,0.135316,18.650582,0.2002669999999398,12.295082,0.031449806377717916,11.966666666666667
ME01,2008-04-19 02:00:00+00:00,2.6087927390970846e-07,2.5622999696500547e-07,4.152321552429097e-07,0.131302,18.803166,0.4434479999999894,13.52459,0.02987731605883202,11.966666666666667
ME01,2008-04-19 03:00:00+00:00,3.1600126359599605e-07,1.765665885662779e-07,1.642933962331045e-07,0.131302,19.218005,0.05721900000003188,38.52459,0.028383450255890418,11.966666666666667
ME01,2008-04-19 04:00:00+00:00,3.0466966243113165e-07,1.2004109631701366e-07,1.182728032142178e-07,0.131302,20.147816,-0.08582799999999224,53.688525,0.026964277743095896,11.966666666666667
ME01,2008-04-19 05:00:00+00:00,2.3894021777088007e-07,1.1161004579194087e-07,1.055366763062422e-07,0.135316,16.528705,-0.6437160000000404,13.934426,0.0256160638559411,11.966666666666667
ME01,2008-04-19 06:00:00+00:00,1.345184092110686e-06,1.0693628889593302e-07,7.49071788766092e-08,0.140334,20.038146,-0.41483900000002905,0.409836,0.024335260663144044,12.225
ME01,2008-04-19 07:00:00+00:00,5.63169090246655e-07,9.120062235937938e-08,8.466380489964894e-08,0.144348,21.325577,-0.5864959999998973,44.672131,0.023118497629986842,12.225
ME01,2008-04-19 08:00:00+00:00,5.332430495250419e-07,7.904057427911757e-08,1.25942430200283e-07,0.131302,23.328247,-0.37192400000003545,69.262295,0.0219625727484875,12.225
ME01,2008-04-19 09:00:00+00:00,7.456034761793289e-07,7.855946325716364e-08,1.4345894844211677e-07,0.13632,24.315278,0.100133000000028,75.409836,0.020864444111063123,12.225
ME01,2008-04-19 10:00:00+00:00,3.220558341198751e-07,8.963623278282797e-08,2.8781543269720546e-07,0.129295,24.711043,-0.04291399999999612,76.639344,0.019821221905509966,12.225
ME01,2008-04-19 11:00:00+00:00,2.3752349903356753e-07,1.0066781594373204e-07,3.147508886607203e-07,0.133811,23.328247,0.18596199999990404,9.836066,0.018830160810234465,12.225
ME01,2008-04-19 12:00:00+00:00,2.146790324839607e-07,8.33113868674151e-08,2.058321072411412e-07,0.125783,22.427046,0.25748600000008537,15.983607,0.017888652769722742,12.483333333333334
ME01,2008-04-19 13:00:00+00:00,2.457457130208452e-07,8.283468107747578e-08,2.695547956079617e-07,0.121769,21.67366,0.47205799999994724,11.885246,0.016994220131236602,12.483333333333334
ME01,2008-04-19 14:00:00+00:00,2.3277645395975172e-07,5.7119340261692403e-08,1.1373914458814855e-07,0.109727,20.395766,0.8868969999999763,24.180328,0.016144509124674772,12.483333333333334
ME01,2008-04-19 15:00:00+00:00,2.3504573541516194e-07,4.875392501320156e-08,5.40975446849583e-08,0.121769,19.580393,0.8582870000000185,8.606557,0.015337283668441032,12.483333333333334
ME01,2008-04-19 16:00:00+00:00,2.3708635710129533e-07,4.7076819576511645e-08,2.956352755690977e-08,0.120765,18.650582,0.7438490000000684,14.344262,0.01457041948501898,12.483333333333334
ME01,2008-04-19 17:00:00+00:00,6.32223247919586e-07,4.923777933935254e-08,2.4380577949015842e-08,0.121267,16.795728,0.658019999999965,6.967213,0.01384189851076803,12.483333333333334
ME01,2008-04-19 18:00:00+00:00,1.5306715326857508e-06,5.055621949265955e-08,2.7857521322995775e-08,0.128793,15.293725,0.7724590000000262,0.0,0.013149803585229628,12.741666666666667
ME01,2008-04-19 19:00:00+00:00,1.6619282024496971e-06,5.645153460294983e-08,2.160525927092078e-08,0.125281,14.530803,-0.05721900000003188,2.868852,0.012492313405968146,12.741666666666667
ME01,2008-04-19 20:00:00+00:00,2.556393360632715e-06,5.488314919705755e-08,2.494143121525489e-08,0.128292,14.011062,-0.15735300000005736,0.409836,0.011867697735669739,12.741666666666667
ME01,2008-04-19 21:00:00+00:00,4.037924997595501e-07,5.3701862901223656e-08,3.431705826090021e-08,0.132306,13.863246,-0.32900999999992564,0.0,0.011274312848886251,12.741666666666667
ME01,2008-04-19 22:00:00+00:00,4.132161898942529e-07,4.5023540471871506e-08,9.773540980796472e-09,0.132306,13.543773,-0.04291399999999612,0.0,0.010710597206441939,12.741666666666667
ME01,2008-04-19 23:00:00+00:00,2.441621696666917e-07,4.118667530527297e-08,1.2531394206791045e-08,0.136821,13.100324,0.4148379999999179,0.0,0.01017506734611984,12.741666666666667
ME01,2008-04-20 00:00:00+00:00,2.3349833866491885e-07,3.7172086355128494e-08,9.990557065675976e-09,0.13933,12.437536,0.3862300000000687,0.0,0.009666313978813849,13.0
ME01,2008-04-20 01:00:00+00:00,2.2111310217015574e-07,3.548432480764043e-08,7.590908481658184e-09,0.139832,12.361244,0.41483800000003157,0.0,0.009182998279873155,13.0
ME01,2008-04-20 02:00:00+00:00,2.3575952442560188e-07,3.2295241406685075e-08,9.387466092954517e-09,0.131804,13.405493,-0.3290100000000393,13.52459,0.008723848365879498,13.0
ME01,2008-04-20 03:00:00+00:00,2.2233502560142118e-07,3.534657989108514e-08,9.210382741462397e-09,0.135316,13.763113,-0.1430480000000216,0.0,0.008287655947585522,13.0
ME01,2008-04-20 04:00:00+00:00,2.1204622503279589e-07,3.404983813044845e-08,1.5186156222296373e-08,0.13933,13.219531,-0.2002669999999398,0.0,0.007873273150206245,13.0
ME01,2008-04-20 05:00:00+00:00,2.031703292824362e-07,3.35261711080412e-08,2.1913621985078944e-08,0.139832,13.93477,-0.47205800000006093,0.0,0.007479609492695933,13.0
ME01,2008-04-20 06:00:00+00:00,2.2811687234076333e-07,3.288677301815451e-08,1.9013693466515577e-08,0.1308,20.519741,-1.2016019999999799,0.0,0.0071056290180611355,12.6875
ME01,2008-04-20 07:00:00+00:00,3.682318455690124e-06,1.0339964179101262e-07,4.461191259362259e-08,0.128292,21.78333,-0.686629000000039,1.229508,0.006750347567158079,12.6875
ME01,2008-04-20 08:00:00+00:00,1.0697788292726191e-06,3.189147600697949e-08,2.332971375233668e-08,0.127288,22.479496,-0.6294110000000046,6.557377,0.006412830188800175,12.6875
ME01,2008-04-20 09:00:00+00:00,1.0246147198140989e-06,3.1918421609627175e-08,2.362586665026791e-08,0.124278,23.986267,-0.41483899999991536,4.918033,0.0060921886793601655,12.6875
ME01,2008-04-20 10:00:00+00:00,2.4608067122911954e-07,2.979230160059637e-08,3.268263240614656e-08,0.120765,23.585733,-0.25748600000008537,13.934426,0.005787579245392157,12.6875
ME01,2008-04-20 11:00:00+00:00,1.090342913976235e-06,3.0467426872327536e-08,3.060604623359847e-08,0.112737,23.766927,0.20026700000005349,17.213115,0.005498200283122549,12.6875
ME01,2008-04-20 12:00:00+00:00,1.2409921397921317e-06,3.995159478919141e-08,7.969784504552016e-08,0.114744,22.603471,0.1430480000000216,19.262295,0.005223290268966421,12.375
ME01,2008-04-20 13:00:00+00:00,4.967519343678371e-07,3.848898105978009e-08,1.0802272303559681e-07,0.101197,24.010109,0.18596200000001772,15.163934,0.0049621257555181,12.375
ME01,2008-04-20 14:00:00+00:00,7.635765155194437e-07,3.3983195150178465e-08,8.810650792336636e-08,0.102702,23.95289,0.5864959999998973,9.836066,0.004714019467742195,12.375
ME01,2008-04-20 15:00:00+00:00,9.78028752893802e-07,3.760520359553571e-08,6.673120186858081e-08,0.098186,23.15659,0.5435820000000149,1.639344,0.004478318494355085,12.375
ME01,2008-04-20 16:00:00+00:00,1.962795470456467e-06,5.1437660277864974e-08,1.3514142076201847e-07,0.101698,22.326912,0.22887700000001132,8.196721,0.00425440256963733,12.375
ME01,2008-04-20 17:00:00+00:00,1.7497618637734307e-06,5.823360517570487e-08,2.054042285447754e-07,0.105713,19.942781,0.3290100000000393,0.0,0.004041682441155463,12.375
ME01,2008-04-20 18:00:00+00:00,1.0155285741014508e-06,1.1275505592882395e-07,3.7408573257486455e-07,0.106214,18.07839,0.3862289999999575,0.0,0.0038395983190976897,12.0625
ME01,2008-04-20 19:00:00+00:00,1.012718331209604e-06,1.5757960203126504e-07,4.290128634229836e-07,0.108723,16.728972,-0.6294100000000071,0.0,0.003647618403142805,12.0625
ME01,2008-04-20 20:00:00+00:00,9.541017845813647e-07,1.4681801107771612e-07,4.1005320298980513e-07,0.109225,15.627503,-0.1430480000000216,0.0,0.003465237482985665,12.0625
ME01,2008-04-20 21:00:00+00:00,7.00579615358878e-07,1.3184989622286625e-07,3.73301408889579e-07,0.125281,15.250811,0.18596200000001772,0.0,0.0032919756088363814,12.0625
ME01,2008-04-20 22:00:00+00:00,6.244356245656399e-07,1.6692162216390365e-07,4.194759854305534e-07,0.120765,15.765783,0.7009340000000748,0.0,0.003127376828394562,12.0625
ME01,2008-04-20 23:00:00+00:00,3.029558068146688e-07,1.5155064338895012e-07,2.3417881361737294e-07,0.128793,16.023269,0.557886999999937,0.0,0.002971007986974834,12.0625
ME01,2008-04-21 00:00:00+00:00,1.1608455119274303e-06,1.4285484570889845e-07,1.7690605280649738e-07,0.124779,15.49876,0.486362999999983,0.0,0.002822457587626092,11.75
ME01,2008-04-21 01:00:00+00:00,5.175591168122751e-07,1.397711208124279e-07,2.2128512881684536e-07,0.124278,14.773984,0.6151060000000825,0.0,0.002681334708244787,11.75
ME01,2008-04-21 02:00:00+00:00,2.207143786721286e-07,1.2965525690564658e-07,1.671564906753026e-07,0.12779,14.421133,-0.08582899999998972,0.0,0.002547267972832548,11.75
ME01,2008-04-21 03:00:00+00:00,7.357061387048375e-07,1.0667577833325361e-07,1.5732484217087854e-07,0.132306,14.278085,0.6294110000000046,0.0,0.00241990457419092,11.75
ME01,2008-04-21 04:00:00+00:00,9.530510798131149e-07,7.774487453847898e-08,8.459068053917495e-08,0.127288,13.505627,0.3147049999998899,0.409836,0.002298909345481374,11.75
ME01,2008-04-21 05:00:00+00:00,9.677241752809735e-07,7.841239268630659e-08,3.7924719450520907e-08,0.131804,13.968148,-0.3433149999999614,0.0,0.002183963878207305,11.75
ME01,2008-04-21 06:00:00+00:00,5.34696840985533e-07,7.73764415972226e-08,4.0964755501045017e-08,0.12779,15.327103,-0.3290100000000393,0.0,0.00207476568429694,11.4375
ME01,2008-04-21 07:00:00+00:00,2.54606967523543e-06,7.298423564840898e-08,3.264445781645057e-08,0.131302,16.891093,-0.27179099999989376,10.655738,0.001971027400082093,11.4375
ME01,2008-04-21 08:00:00+00:00,2.7309462227471444e-07,7.216905032644803e-08,6.741086420450147e-08,0.127288,18.211902,-0.9441160000000082,0.0,0.0018724760300779884,11.4375
ME01,2008-04-21 09:00:00+00:00,1.038598119711441e-06,6.841192813507145e-08,3.9986697290907595e-08,0.132306,19.547015,-0.7009340000000748,13.114754,0.001778852228574089,11.4375
ME01,2008-04-21 10:00:00+00:00,6.578552588711609e-07,6.744432486809662e-08,3.0396163318669086e-08,0.123776,20.429144,0.05721900000003188,20.491803,0.0016899096171453843,11.4375
ME01,2008-04-21 11:00:00+00:00,2.3046351678625138e-07,7.357451744986845e-08,2.8617575143377468e-08,0.116751,20.948884,-0.05721900000003188,30.737705,0.001605414136288115,11.4375
ME01,2008-04-21 12:00:00+00:00,9.786390942582773e-07,8.308517422982953e-08,3.841038969827844e-08,0.120765,20.429144,0.5292769999999791,0.0,0.0015251434294737093,11.125
ME01,2008-04-21 13:00:00+00:00,2.442050770988613e-07,8.691414329886993e-08,2.771582669892749e-08,0.105713,20.801068,-0.028609999999957836,18.442623,0.0014488862580000238,11.125
ME01,2008-04-21 14:00:00+00:00,7.371901679999289e-07,8.566447999860364e-08,3.026383536940753e-08,0.097183,21.554454,0.2574859999999717,20.901639,0.0013764419451000225,11.125
ME01,2008-04-21 15:00:00+00:00,9.648303451714532e-07,8.184788552053784e-08,2.8759087540920353e-08,0.097183,21.120542,-0.12874299999998584,25.409836,0.006307619847845022,11.125
ME01,2008-04-21 16:00:00+00:00,3.2658695172200757e-07,7.605832679788289e-08,4.6529871569725804e-08,0.117253,20.371924,-0.057218999999918196,24.590164,0.005992238855452771,11.125
ME01,2008-04-21 17:00:00+00:00,9.026355427855693e-07,7.241572728131765e-08,3.0652993938507275e-08,0.120765,18.226206,0.1001339999999118,62.295082,0.005692626912680132,11.125
ME01,2008-04-21 18:00:00+00:00,2.563044105517198e-06,6.628367023745927e-08,3.899191866442222e-08,0.133309,16.347511,-0.4291439999999511,61.065574,0.005407995567046125,10.8125
ME01,2008-04-21 19:00:00+00:00,4.23184591478238e-07,6.291565841345335e-08,2.1047298560168238e-08,0.120263,14.75968,-0.3290100000000393,25.819672,0.005137595788693819,10.8125
ME01,2008-04-21 20:00:00+00:00,6.058229645458413e-07,6.123850355261894e-08,1.3072242970737137e-08,0.12779,12.566279,-0.35761999999999716,0.0,0.004880715999259128,10.8125
ME01,2008-04-21 21:00:00+00:00,3.8234271103411214e-07,5.668754588822243e-08,1.1128863218317254e-08,0.132306,11.626931,0.10013400000002548,13.934426,0.004636680199296171,10.8125
ME01,2008-04-21 22:00:00+00:00,3.7848132614410935e-07,5.4241833785681616e-08,2.2382553100526564e-08,0.131804,11.312226,0.11443799999995008,6.147541,0.004404846189331363,10.8125
ME01,2008-04-21 23:00:00+00:00,3.52992618212162e-07,5.172324988930669e-08,2.799513064423325e-08,0.13632,13.367347,-0.5149719999999434,0.819672,0.004184603879864794,10.8125
ME01,2008-04-22 00:00:00+00:00,8.404051266513037e-07,4.492072564454682e-08,6.610841461749168e-09,0.12779,12.361244,-0.1859630000000152,17.213115,0.003975373685871554,10.5
ME01,2008-04-22 01:00:00+00:00,5.193378631291168e-07,4.472426059731617e-08,1.655731838936718e-08,0.1308,12.189586,0.24318200000004708,0.0,0.003776605001577976,10.5
ME01,2008-04-22 02:00:00+00:00,2.3370640487029083e-07,5.1306187226103884e-08,6.444845323720195e-08,0.13933,12.313561,-0.08582899999998972,0.0,0.003587774751499077,10.5
ME01,2008-04-22 03:00:00+00:00,3.1378800857076503e-07,6.514096987086674e-08,1.1987859324683394e-07,0.144348,10.954606,0.17165699999998196,0.0,0.003408386013924123,10.5
ME01,2008-04-22 04:00:00+00:00,5.335709330735741e-07,7.782783892490337e-08,2.320057492563663e-07,0.143846,9.843601,0.25748699999996916,0.819672,0.0032379667132279165,10.5
ME01,2008-04-22 05:00:00+00:00,2.602774129740688e-07,8.101938182706895e-08,1.8870790664576426e-07,0.13933,10.644669,-0.8439829999999802,0.0,0.0030760683775665205,10.5
ME01,2008-04-22 06:00:00+00:00,3.035385614581175e-07,8.935259067657731e-08,1.2867625954413743e-07,0.138828,14.640473,-0.7724580000000287,13.114754,0.0029222649586881943,10.45
ME01,2008-04-22 07:00:00+00:00,3.438067781154705e-07,9.206107901560357e-08,1.2775300495323792e-07,0.13933,16.028037,-0.47205799999994724,0.409836,0.0027761517107537845,10.45
ME01,2008-04-22 08:00:00+00:00,3.6828789832772614e-06,9.752963911618685e-08,5.6274992320471134e-08,0.15639,16.786191,-0.3719250000000329,56.557377,0.002637344125216095,10.45
ME01,2008-04-22 09:00:00+00:00,1.4333794986151885e-06,1.0183032759064787e-07,9.152916050413066e-08,0.14786,17.520504,-0.8296770000000606,20.081967,0.0025054769189552903,10.45
ME01,2008-04-22 10:00:00+00:00,1.0134280866036765e-06,9.777164487700639e-08,6.013606245123514e-08,0.139832,15.60843,-0.12874399999998332,27.868852,0.002380203073007526,10.45
ME01,2008-04-22 11:00:00+00:00,1.743872918200954e-06,9.258654854839213e-08,3.468781923718306e-08,0.135818,16.73374,-0.12874299999998584,58.606557,0.0022611929193571494,10.45
ME01,2008-04-22 12:00:00+00:00,3.73701396384395e-07,8.577982009128843e-08,2.988743591075477e-08,0.128793,16.752813,-0.5292769999999791,24.590164,0.012148133273389294,10.4
ME01,2008-04-22 13:00:00+00:00,3.5990934756506347e-07,8.377971537845192e-08,3.811029653290713e-08,0.123776,15.026702,0.5149729999999408,2.459016,0.021540726609719833,10.4
ME01,2008-04-22 14:00:00+00:00,3.6353822443650604e-07,8.523026333152554e-08,3.903088417805733e-08,0.112235,16.123403,0.17165700000009565,0.819672,0.035463690279233843,10.4
ME01,2008-04-22 15:00:00+00:00,9.704581281892634e-07,1.0214828555500545e-07,5.1590002736318536e-08,0.119762,15.60843,-0.08582899999998972,0.0,0.05369050576527215,10.4
ME01,2008-04-22 16:00:00+00:00,7.997009945796119e-07,1.2877586840029603e-07,2.9357234726049664e-08,0.123776,14.683387,-0.25748600000008537,22.131148,0.06600598047700855,10.4
ME01,2008-04-22 17:00:00+00:00,6.027898275529782e-07,1.4247627403228516e-07,2.8354807557448353e-08,0.123274,15.122068,-0.45775300000002517,4.098361,0.07270568145315812,10.4
ME01,2008-04-22 18:00:00+00:00,2.0962950589706623e-06,1.2608672635150488e-07,2.9627270230290823e-08,0.12779,13.381652,-0.21457199999997556,0.0,0.0690703973805002,10.35
ME01,2008-04-22 19:00:00+00:00,1.0766697595811397e-06,1.05748097021687e-07,1.667572623431394e-08,0.127288,12.342171,-0.658019999999965,0.0,0.0656168775114752,10.35
ME01,2008-04-22 20:00:00+00:00,2.0598799066994575e-06,9.727248317439556e-08,7.070145071060144e-08,0.127288,14.053977,-0.5292769999999791,13.52459,0.062336033635901435,10.35
ME01,2008-04-22 21:00:00+00:00,8.748629707256392e-07,9.575944620450956e-08,4.3057643819736e-08,0.138828,11.531566,0.014304999999922074,9.016393,0.05921923195410636,10.35
ME01,2008-04-22 22:00:00+00:00,5.363970879371416e-07,8.919633864893609e-08,3.5738334765631406e-08,0.13933,11.078581,-0.31470600000000104,4.508197,0.05625827035640104,10.35
ME01,2008-04-22 23:00:00+00:00,4.099999098869901e-07,8.803275778660646e-08,2.728765742232945e-08,0.146857,10.220294,0.05721900000003188,0.0,0.05344535683858098,10.35
ME01,2008-04-23 00:00:00+00:00,6.946244837618758e-07,8.792860837097343e-08,3.43101502870198e-08,0.180474,10.144002,0.0429149999999936,0.409836,0.05077308899665193,10.3
ME01,2008-04-23 01:00:00+00:00,6.379889557467739e-07,8.177677103003224e-08,1.925494668429329e-08,0.175958,9.552737,0.5578860000000532,0.0,0.04823443454681933,10.3
ME01,2008-04-23 02:00:00+00:00,5.863489220603175e-07,8.581582082309923e-08,1.8710852670629267e-08,0.184488,9.466908,-0.05721900000003188,0.0,0.04582271281947836,10.3
ME01,2008-04-23 03:00:00+00:00,4.550226526253878e-07,8.891958658772678e-08,3.604115324214551e-08,0.183987,9.114057,0.028609999999957836,0.0,0.04353157717850444,10.3
ME01,2008-04-23 04:00:00+00:00,3.9791685248762376e-07,9.050388480233951e-08,2.8637077959179936e-08,0.183987,8.894717,-0.2002669999999398,0.409836,0.04135499831957922,10.3
ME01,2008-04-23 05:00:00+00:00,3.9696754583870055e-07,8.976170265652133e-08,3.9222905830543505e-08,0.179973,10.363342,-0.658019999999965,1.639344,0.03928724840360026,10.3
ME01,2008-04-23 06:00:00+00:00,4.0571737631119617e-07,8.750790790029788e-08,3.1728480301016536e-08,0.175958,14.053977,-1.00133500000004,1.639344,0.03732288598342025,10.25
ME01,2008-04-23 07:00:00+00:00,3.9265076490923887e-07,8.348959864935984e-08,3.111642600571856e-08,0.191513,14.487889,-0.8868969999999763,25.0,0.035456741684249234,10.25
ME01,2008-04-23 08:00:00+00:00,4.5139083597720304e-07,8.427671866324372e-08,2.9283205662088935e-08,0.175958,16.090025,-0.7295440000000326,5.737705,0.03368390460003677,10.25
ME01,2008-04-23 09:00:00+00:00,3.5773468605598686e-06,8.75726946367329e-08,3.079317283661156e-08,0.167429,16.066183,-0.1859630000000152,13.114754,0.03199970937003493,10.25
ME01,2008-04-23 10:00:00+00:00,3.976092870650613e-07,9.238164131319554e-08,3.781468118362438e-08,0.155888,16.876788,-0.3576189999999997,38.114754,0.030399723901533178,10.25
ME01,2008-04-23 11:00:00+00:00,4.6518935649333114e-07,1.1405494274012279e-07,1.4633202590193635e-07,0.134814,15.536906,0.05721900000003188,25.819672,0.028879737706456517,10.25
ME01,2008-04-23 12:00:00+00:00,8.694800556864619e-07,9.867791260818791e-08,2.930373396916695e-08,0.148362,16.466718,-0.0,37.704918,0.02743575082113369,10.2
ME01,2008-04-23 13:00:00+00:00,4.013836013502257e-07,9.868366707344414e-08,2.894722789493948e-08,0.14786,15.293725,0.3290100000000393,4.098361,0.026063963280077006,10.2
ME01,2008-04-23 14:00:00+00:00,5.844059604740344e-07,9.673952371326305e-08,3.414294726095968e-08,0.145351,15.560748,-0.12874300000009953,9.016393,0.024760765116073155,10.2
ME01,2008-04-23 15:00:00+00:00,8.928955918465922e-07,9.562319013199822e-08,2.5831451189326362e-08,0.143846,15.522602,0.05721900000003188,29.098361,0.023522726860269495,10.2
ME01,2008-04-23 16:00:00+00:00,4.1156425223154157e-07,9.3941936430494e-08,2.6470378201360738e-08,0.140334,16.094793,-0.2002669999999398,0.0,0.02234659051725602,10.2
ME01,2008-04-23 17:00:00+00:00,4.469975079710658e-07,9.287107187648974e-08,5.054044106976203e-08,0.143846,14.821667,-0.18596200000001772,0.0,0.021229260991393217,10.2
ME01,2008-04-23 18:00:00+00:00,7.442455442044778e-07,9.876160552835728e-08,3.5157450451558267e-08,0.152376,12.189586,0.31470500000000357,4.098361,0.020167797941823554,10.15
ME01,2008-04-23 19:00:00+00:00,5.315635540473041e-07,9.385382007601948e-08,8.447226117431017e-08,0.152376,10.811558,-0.5721909999999752,0.0,0.019159408044732377,10.15
ME01,2008-04-23 20:00:00+00:00,7.33552672627621e-07,8.927136948711996e-08,1.7196364258131237e-08,0.155386,10.711425,-0.8296780000000581,0.0,0.01820143764249576,10.15
ME01,2008-04-23 21:00:00+00:00,6.665986914992759e-07,8.154333922058513e-08,1.619448778147075e-08,0.1594,10.411024,-0.31470500000000357,0.0,0.01729136576037097,10.15
ME01,2008-04-23 22:00:00+00:00,5.131962798940314e-07,7.632075989064547e-08,9.709507657706943e-09,0.163415,9.753004,-0.0429149999999936,0.0,0.01642679747235242,10.15
ME01,2008-04-23 23:00:00+00:00,3.610810918512167e-06,7.274588804009115e-08,1.1493813819308284e-08,0.167429,9.805455,-0.17165699999998196,0.0,0.0156054575987348,10.15
ME01,2008-04-24 00:00:00+00:00,4.4963959095149783e-07,6.874173258825822e-08,1.4423490517835892e-08,0.175958,9.762541,0.658019999999965,0.409836,0.01482518471879806,10.1
ME01,2008-04-24 01:00:00+00:00,2.9092770340173296e-07,6.250386640499471e-08,8.124995613312303e-09,0.171944,9.848369,0.1430480000000216,22.131148,0.014083925482858155,10.1
ME01,2008-04-24 02:00:00+00:00,2.4289167866692095e-07,5.5153713280015795e-08,2.2417163601570433e-08,0.175958,9.705321,0.22887600000001385,0.0,0.013379729208715246,10.1
ME01,2008-04-24 03:00:00+00:00,2.1514659372739687e-07,5.1707692288570245e-08,2.5337664136307457e-08,0.175457,8.742132,0.21457199999997556,0.0,0.012710742748279484,10.1
ME01,2008-04-24 04:00:00+00:00,4.473734522519233e-07,5.1631068629424164e-08,2.7196768400338334e-08,0.178969,8.546634,-0.0,0.0,0.01207520561086551,10.1
ME01,2008-04-24 05:00:00+00:00,2.0706923116723546e-07,5.1276853894936485e-08,2.685638109476578e-08,0.171443,9.986649,-0.3862289999999575,0.0,0.011471445330322233,10.1
ME01,2008-04-24 06:00:00+00:00,3.0579892971520834e-07,4.56853649974761e-08,2.8722728309938452e-08,0.174955,15.851612,-1.058554000000072,0.0,0.01089787306380612,10.15
ME01,2008-04-24 07:00:00+00:00,1.9616452268496994e-07,4.7120770522828216e-08,8.014501578682259e-08,0.174453,15.393858,-0.41483899999991536,1.229508,0.010352979410615814,10.15
ME01,2008-04-24 08:00:00+00:00,4.191857931483361e-06,4.44870835298876e-08,6.361001458503153e-08,0.162411,17.20103,-0.6437160000000404,5.327869,0.009835330440085022,10.15
ME01,2008-04-24 09:00:00+00:00,1.1603190388964168e-06,4.1768839697476105e-08,2.748873332457722e-08,0.162913,16.147244,-0.0,19.262295,0.00934356391808077,10.15
ME01,2008-04-24 10:00:00+00:00,1.9327980396270718e-07,4.2768207155846696e-08,3.04541622267262e-08,0.155386,17.482357,-0.45775300000002517,13.934426,0.008876385722176732,10.15
ME01,2008-04-24 11:00:00+00:00,1.860796958148422e-07,4.2869704663731786e-08,2.9041678453283517e-08,0.143846,17.444211,0.3719250000000329,34.42623,0.008432566436067894,10.15
ME01,2008-04-24 12:00:00+00:00,1.162363797002518e-06,4.4759242075723814e-08,3.86747564941938e-08,0.149365,18.645813,-0.014305000000035761,4.508197,0.0080109381142645,10.2
ME01,2008-04-24 13:00:00+00:00,7.527079219490216e-07,3.877378435777021e-08,2.9808938363977746e-08,0.131302,18.168987,0.17165699999998196,31.557377,0.012610391208551276,10.2
ME01,2008-04-24 14:00:00+00:00,1.8969193034057825e-07,3.7840550548153894e-08,2.699778192662302e-08,0.148864,17.758917,0.6008010000000468,35.245902,0.01197987164812371,10.2
ME01,2008-04-24 15:00:00+00:00,1.0199173012788118e-06,3.745805424854732e-08,2.985396151166913e-08,0.140334,17.921038,0.31470600000000104,26.639344,0.011380878065717524,10.2
ME01,2008-04-24 16:00:00+00:00,7.039829431045651e-07,3.76047358219195e-08,2.6947256027391545e-08,0.148864,16.65268,0.1430480000000216,8.606557,0.010811834162431647,10.2
ME01,2008-04-24 17:00:00+00:00,1.0858828118982296e-06,3.547885983460198e-08,3.17323803912515e-08,0.160404,13.925234,0.758152999999993,18.032787,0.010271242454310065,10.2
ME01,2008-04-24 18:00:00+00:00,2.360049113008724e-06,3.8136702079456154e-08,2.844513121495072e-08,0.14786,11.96071,0.0429149999999936,0.0,0.009757680331594562,10.25
ME01,2008-04-24 19:00:00+00:00,9.697713651349948e-07,3.572197978582138e-08,2.1902853790465685e-08,0.159902,12.427999,-0.7152399999999943,5.737705,0.009269796315014834,10.25
ME01,2008-04-24 20:00:00+00:00,3.938230899992531e-07,3.8054973423699195e-08,1.5285703221925455e-08,0.159902,11.612626,-0.45775300000002517,0.0,0.008806306499264092,10.25
ME01,2008-04-24 21:00:00+00:00,4.5690932723119693e-07,3.7307942663304196e-08,1.3144983637101459e-08,0.164418,10.973679,-0.12874299999998584,0.0,0.008365991174300886,10.25
ME01,2008-04-24 22:00:00+00:00,1.0032413823904445e-06,3.64662129521168e-08,1.2236634752920688e-08,0.162913,11.121495,0.12874299999998584,11.065574,0.00794769161558584,10.25
ME01,2008-04-24 23:00:00+00:00,2.216535989907585e-07,3.546322189819981e-08,9.156979650403987e-09,0.168432,11.16441,0.2860960000000432,24.180328,0.007550307034806548,10.25
ME01,2008-04-25 00:00:00+00:00,4.863988032812425e-07,3.868457954927435e-08,7.250969422171187e-09,0.168432,10.492085,0.028609999999957836,9.42623,0.00717279168306622,10.3
ME01,2008-04-25 01:00:00+00:00,1.6823053549179712e-07,3.552651472172086e-08,6.8424435814858766e-09,0.16793,10.0391,0.100133000000028,0.409836,0.006814152098912909,10.3
ME01,2008-04-25 02:00:00+00:00,1.5325451249243156e-07,3.806878171390186e-08,5.914239314852375e-09,0.168934,9.905588,-0.04291399999999612,0.0,0.006473444493967263,10.3
ME01,2008-04-25 03:00:00+00:00,2.2868892138244633e-07,3.6722809978774396e-08,2.0910328227601795e-08,0.180976,9.986649,-0.07152400000006764,0.0,0.006149772269268899,10.3
ME01,2008-04-25 04:00:00+00:00,1.9966902884987422e-07,4.102068206689859e-08,1.7501644622502257e-08,0.170941,9.800687,0.12874299999998584,0.0,0.005842283655805454,10.3
ME01,2008-04-25 05:00:00+00:00,1.6470654510995495e-07,3.8194026387746775e-08,2.1039421296907123e-08,0.171443,11.231165,-0.47205799999994724,0.0,0.0055501694730151815,10.3
ME01,2008-04-25 06:00:00+00:00,1.2909293368950112e-07,3.6352522948577515e-08,2.7038515132356252e-08,0.166927,15.288957,-0.8296780000000581,10.655738,0.005272660999364422,10.35
ME01,2008-04-25 07:00:00+00:00,1.6733583785295482e-07,3.3934530126567165e-08,2.208647838987699e-08,0.171443,17.143811,-0.5149719999999434,1.639344,0.005009027949396201,10.35
ME01,2008-04-25 08:00:00+00:00,3.973017064073074e-06,3.692816048340178e-08,2.6413872772041404e-08,0.180474,16.247377,-0.11443799999995008,0.409836,0.0047585765519263905,10.35
ME01,2008-04-25 09:00:00+00:00,1.8768539613668775e-07,3.613169460657706e-08,2.3594494500050147e-08,0.164418,15.136372,-0.40053500000010445,0.0,0.004520647724330071,10.35
ME01,2008-04-25 10:00:00+00:00,2.365148561830829e-06,3.985790532182881e-08,2.464773434308813e-08,0.164418,15.656113,0.0858290000001034,0.0,0.014294615338113568,10.35
ME01,2008-04-25 11:00:00+00:00,2.0984315145821195e-07,3.970374893581031e-08,2.1029806694315406e-08,0.155888,15.770551,0.27179099999989376,2.459016,0.01857988457120789,10.35
ME01,2008-04-25 12:00:00+00:00,8.878481341296202e-07,3.6303865879938826e-08,2.0403065521278523e-08,0.151372,14.826435,0.4291440000000648,29.098361,0.022650890342647497,10.4
ME01,2008-04-25 13:00:00+00:00,2.1775166294555058e-07,3.959807020795595e-08,1.947204267188523e-08,0.155888,14.554644,0.3433149999999614,0.0,0.021518345825515123,10.4
ME01,2008-04-25 14:00:00+00:00,1.8068727615845972e-07,4.051145738373401e-08,2.0497366354889913e-08,0.155888,15.207896,0.6151060000000825,0.0,0.020442428534239367,10.4
ME01,2008-04-25 15:00:00+00:00,8.607365458080535e-07,4.3720364658851284e-08,2.1334664542668298e-08,0.164418,15.846843,0.24318099999993592,15.983607,0.019420307107527398,10.4
ME01,2008-04-25 16:00:00+00:00,8.886069935293949e-07,4.867259532983643e-08,2.5958885596805046e-08,0.155888,13.977685,0.3862289999999575,6.147541,0.01844929175215103,10.4
ME01,2008-04-25 17:00:00+00:00,7.615237713681329e-07,5.3170095920156414e-08,3.1440023117115414e-08,0.159902,13.38642,0.25748600000008537,0.409836,0.017526827164543478,10.4
ME01,2008-04-25 18:00:00+00:00,3.2025266883260773e-06,5.8794972447142184e-08,2.5238557025841423e-08,0.155386,12.304024,-0.100133000000028,14.344262,0.0166504858063163,10.45
ME01,2008-04-25 19:00:00+00:00,1.3849637497497724e-06,5.638028398012376e-08,2.1827741063853733e-08,0.155386,11.827198,-0.586496000000011,0.0,0.015817961516000487,10.45
ME01,2008-04-25 20:00:00+00:00,5.296035277139678e-07,5.482080984895654e-08,4.5632472935011466e-08,0.159902,11.340835,-0.25748699999996916,0.0,0.015027063440200461,10.45
ME01,2008-04-25 21:00:00+00:00,4.0520787082353103e-07,5.7705836546583586e-08,2.1328603321725842e-08,0.163916,10.949838,0.2431819999999334,0.0,0.014275710268190437,10.45
ME01,2008-04-25 22:00:00+00:00,5.970529067746068e-07,5.8601367191955345e-08,9.61266084424877e-09,0.159902,10.811558,0.05721900000003188,2.459016,0.013561924754780914,10.45
ME01,2008-04-25 23:00:00+00:00,1.4668467023326397e-07,5.809417427430036e-08,1.1108844920287005e-08,0.171944,10.596986,0.658019999999965,27.459016,0.012883828517041868,10.45
ME01,2008-04-26 00:00:00+00:00,2.595828561303421e-07,5.754617467322755e-08,1.1682104171243114e-08,0.175457,10.406256,0.8439830000000939,14.754098,0.012239637091189774,10.5
ME01,2008-04-26 01:00:00+00:00,5.88446284225331e-07,5.585647541226478e-08,2.365204652368305e-08,0.171443,9.934198,0.3576189999999997,17.213115,0.011627655236630285,10.5
ME01,2008-04-26 02:00:00+00:00,1.6834554821379717e-07,5.871289462241993e-08,3.8563177268543186e-08,0.166927,9.290483,0.4005339999999933,0.0,0.01104627247479877,10.5
ME01,2008-04-26 03:00:00+00:00,1.6548249163033914e-07,5.9152763908790637e-08,2.989315749746067e-08,0.175457,9.142666,0.35761999999999716,0.0,0.010493958851058832,10.5
ME01,2008-04-26 04:00:00+00:00,1.9819093922605369e-07,5.6186193740802836e-08,3.2392267114942886e-08,0.170941,9.92943,0.17165699999998196,18.442623,0.009969260908505891,10.5
ME01,2008-04-26 05:00:00+00:00,1.8657855525276122e-07,5.225437298336977e-08,4.249141717844781e-08,0.170439,10.921228,0.05722000000002936,2.459016,0.009470797863080596,10.5
ME01,2008-04-26 06:00:00+00:00,1.8055994396532788e-07,5.465789995821064e-08,3.102297111344041e-08,0.166927,15.699027,-0.22887700000001132,0.0,0.008997257969926566,10.666666666666666
ME01,2008-04-26 07:00:00+00:00,1.4381217193845427e-07,5.3812285498256544e-08,4.696607928585276e-08,0.170941,16.609765,-0.07152400000006764,14.754098,0.008547395071430238,10.666666666666666
ME01,2008-04-26 08:00:00+00:00,3.595018094991298e-07,5.92032754847684e-08,3.519714678167563e-08,0.171443,17.286859,-0.18596200000001772,20.901639,0.008120025317858725,10.666666666666666
ME01,2008-04-26 09:00:00+00:00,3.0346334003317783e-06,7.121660759424083e-08,3.5033487303816146e-08,0.163916,15.474919,0.42914300000006733,11.065574,0.01771402405196579,10.666666666666666
ME01,2008-04-26 10:00:00+00:00,2.4575883767127887e-07,7.744198685065272e-08,1.2512116302536465e-07,0.186997,11.870113,0.21457199999997556,6.967213,0.07182832284936752,10.666666666666666
ME01,2008-04-26 11:00:00+00:00,1.7693054138607075e-07,8.6601673548091e-08,8.974068849657155e-08,0.1594,11.202556,0.10013400000002548,0.0,0.15323690670689916,10.666666666666666
ME01,2008-04-26 12:00:00+00:00,2.941661918005686e-07,9.040524945698167e-08,3.6017456195304493e-08,0.167429,10.530231,-0.07152400000006764,22.540984,0.1555750613715542,10.833333333333334
ME01,2008-04-26 13:00:00+00:00,3.351747486470779e-06,9.253663252681817e-08,2.599463274482092e-08,0.158899,16.829105,-0.27179100000000744,0.0,0.16279630830297648,10.833333333333334
ME01,2008-04-26 14:00:00+00:00,1.2237408884945467e-06,8.701288365845105e-08,2.556898226517373e-08,0.1594,14.282853,0.6723250000000007,4.918033,0.20965649288782767,10.833333333333334
ME01,2008-04-26 15:00:00+00:00,2.1583255366386288e-07,8.331195042664813e-08,2.4748363086300535e-08,0.158899,15.117299,0.40053400000010697,6.967213,0.2641736682434363,10.833333333333334
ME01,2008-04-26 16:00:00+00:00,3.630899839099229e-07,8.369143021660643e-08,2.5267964260298105e-08,0.158899,12.957276,0.11443799999995008,10.245902,0.27596498483126447,10.833333333333334
ME01,2008-04-26 17:00:00+00:00,2.8713499691347476e-07,8.090747181391437e-08,2.7013077345190338e-08,0.154885,10.782949,-0.21457199999997556,2.459016,0.2671667355897012,10.833333333333334
ME01,2008-04-26 18:00:00+00:00,3.76544702455806e-07,7.95680051377366e-08,1.042037719395602e-07,0.154383,10.473012,-0.028609000000074047,9.836066,0.29380839881021614,11.0
ME01,2008-04-26 19:00:00+00:00,1.0681054856420153e-06,7.955956885364883e-08,2.5295252934696152e-08,0.159902,9.805455,-0.7295439999999189,0.0,0.2841179788697053,11.0
ME01,2008-04-26 20:00:00+00:00,3.163947864240392e-07,8.023467056248174e-08,3.4920861681481335e-08,0.16793,10.053405,-0.30040100000007897,5.737705,0.26991207992622,11.0
ME01,2008-04-26 21:00:00+00:00,2.5628982377520505e-07,7.887304374805273e-08,1.8960817456289014e-08,0.170941,9.71009,0.028610000000071523,8.196721,0.256416475929909,11.0
ME01,2008-04-26 22:00:00+00:00,2.716268067736979e-07,7.451009365398991e-08,2.3754065804551965e-08,0.170941,10.191684,0.1430480000000216,4.508197,0.24359565213341355,11.0
ME01,2008-04-26 23:00:00+00:00,6.062849789216935e-07,6.877555199203703e-08,1.894347176631408e-08,0.171443,10.544536,-0.10013400000002548,31.147541,0.23141586952674287,11.0
ME01,2008-04-27 00:00:00+00:00,6.288732652021778e-07,6.831502683793333e-08,2.173687463157627e-08,0.175457,9.738699,0.2002669999999398,0.409836,0.2198450760504057,11.166666666666666
ME01,2008-04-27 01:00:00+00:00,4.3557882595533777e-07,7.157247847688148e-08,1.0967621947147506e-08,0.174453,9.280946,0.30040100000007897,0.0,0.2088528222478854,11.166666666666666
ME01,2008-04-27 02:00:00+00:00,1.9314996469412283e-07,7.164579658840702e-08,1.5825598469925988e-08,0.175457,9.328629,0.14304799999990792,2.04918,0.1984101811354911,11.166666666666666
ME01,2008-04-27 03:00:00+00:00,2.756246518625001e-07,7.051069104951502e-08,1.613763842970159e-08,0.171443,8.527561,0.14304700000002413,0.0,0.18848967207871656,11.166666666666666
ME01,2008-04-27 04:00:00+00:00,2.1985069335749542e-07,7.107677551659381e-08,1.812840742229548e-08,0.170941,7.635895,0.21457199999997556,0.0,0.17906518847478073,11.166666666666666
ME01,2008-04-27 05:00:00+00:00,1.8622841175941763e-07,7.434273541633392e-08,2.3431355611546605e-08,0.170439,9.171276,-0.4005339999999933,2.868852,0.1701119290510417,11.166666666666666
ME01,2008-04-27 06:00:00+00:00,2.4949952498933054e-07,7.411762457326462e-08,2.137592486267754e-08,0.166927,13.624833,-0.6723250000000007,0.0,0.1616063325984896,11.333333333333334
ME01,2008-04-27 07:00:00+00:00,2.2662551524370916e-07,7.604920185827711e-08,3.8235047256923294e-08,0.166425,14.659546,-0.9298109999999724,2.459016,0.15352601596856513,11.333333333333334
ME01,2008-04-27 08:00:00+00:00,3.5889667993273954e-06,7.853965435217445e-08,2.5124709972150435e-08,0.162913,15.412932,-0.4291439999999511,8.606557,0.14584971517013687,11.333333333333334
ME01,2008-04-27 09:00:00+00:00,2.7550273004803323e-07,7.387208337708893e-08,2.3823224229750728e-08,0.158899,13.677284,0.15735299999994368,13.934426,0.13855722941163,11.333333333333334
ME01,2008-04-27 10:00:00+00:00,1.2363452350636742e-06,7.00878093673485e-08,4.5709802134897144e-08,0.158899,16.090025,-0.4005339999999933,21.721311,0.13162936794104851,11.333333333333334
ME01,2008-04-27 11:00:00+00:00,2.5385922726569695e-07,6.771066083159653e-08,2.6450953978452562e-08,0.167429,16.023269,0.514972000000057,0.819672,0.1250478995439961,11.333333333333334
ME01,2008-04-27 12:00:00+00:00,2.5687277454633456e-07,6.685013575250245e-08,2.2549676585646183e-08,0.155386,17.162884,-0.04291399999999612,2.04918,0.11879550456679627,11.5
ME01,2008-04-27 13:00:00+00:00,1.8809100646155843e-07,6.746800950793937e-08,2.277441822174114e-08,0.150871,17.315468,0.4577529999999115,16.393443,0.11285572933845646,11.5
ME01,2008-04-27 14:00:00+00:00,2.0923370644116348e-07,6.932984082972178e-08,2.0846440480177527e-08,0.13933,16.066183,0.6151060000000825,10.245902,0.14721294287153364,11.5
ME01,2008-04-27 15:00:00+00:00,1.9161167056966884e-07,6.482824722935205e-08,3.87885254227426e-08,0.138327,13.872783,0.21457199999997556,0.0,0.15985229572795695,11.5
ME01,2008-04-27 16:00:00+00:00,4.950151550348705e-07,6.664567915616805e-08,4.000497408120787e-08,0.146355,16.929239,-0.6008010000000468,11.47541,0.1518596809415591,11.5
ME01,2008-04-27 17:00:00+00:00,9.359975417931836e-07,6.857063970853339e-08,1.564755651869998e-07,0.142843,14.645241,0.18596200000001772,0.0,0.14426669689448116,11.5
ME01,2008-04-27 18:00:00+00:00,3.2951826263773433e-07,6.200997789358567e-08,2.594283529290904e-08,0.150871,11.970246,0.10013400000002548,7.377049,0.1370533620497571,11.666666666666666
ME01,2008-04-27 19:00:00+00:00,7.448393275605754e-07,6.122246333157325e-08,2.5301980464723367e-08,0.158899,10.992752,-0.40053499999999076,0.409836,0.13020069394726924,11.666666666666666
ME01,2008-04-27 20:00:00+00:00,5.063095998566295e-07,5.8911545159664085e-08,1.708489243177686e-08,0.154885,10.840168,-0.48636199999998553,8.606557,0.12369065924990577,11.666666666666666
ME01,2008-04-27 21:00:00+00:00,7.024003260909969e-07,6.153204965003666e-08,2.136160929349422e-08,0.158397,10.568377,-0.0,4.508197,0.11750612628741047,11.666666666666666
ME01,2008-04-27 22:00:00+00:00,2.539081918000277e-06,6.197159454197736e-08,1.84426675104644e-08,0.162411,10.082014,-0.1430480000000216,0.0,0.11163081997303995,11.666666666666666
ME01,2008-04-27 23:00:00+00:00,1.8779699124256127e-07,6.451486274873145e-08,8.88539862398377e-09,0.158397,9.924661,0.3576189999999997,16.393443,0.10604927897438794,11.666666666666666
ME01,2008-04-28 00:00:00+00:00,1.8842743896142718e-07,6.794307553096685e-08,6.976224884101126e-09,0.166425,9.295251,0.6294110000000046,0.0,0.10074681502566854,11.833333333333334
ME01,2008-04-28 01:00:00+00:00,1.323468286180077e-06,6.398661653214057e-08,1.9978357331374036e-08,0.170439,8.971009,0.5149719999999434,0.819672,0.09570947427438511,11.833333333333334
ME01,2008-04-28 02:00:00+00:00,1.40044889813153e-07,5.8720575272292234e-08,2.1707075821256187e-08,0.166927,8.856571,0.31470600000000104,0.0,0.09092400056066585,11.833333333333334
ME01,2008-04-28 03:00:00+00:00,2.7816525623561143e-07,5.5854791747478335e-08,2.9517441398760623e-08,0.166425,8.656304,0.20026700000005349,0.409836,0.08637780053263255,11.833333333333334
ME01,2008-04-28 04:00:00+00:00,2.2237917558109044e-07,5.499481205968233e-08,3.8552535220450286e-08,0.165923,8.408354,0.11443799999995008,2.868852,0.08205891050600092,11.833333333333334
ME01,2008-04-28 05:00:00+00:00,1.8348572981951666e-07,5.877111711949097e-08,3.888950847805423e-08,0.166425,9.781614,-0.17165699999998196,4.918033,0.07795596498070087,11.833333333333334
ME01,2008-04-28 06:00:00+00:00,1.4777550144814176e-07,5.3533950795002174e-08,2.7453871992235078e-08,0.161408,14.597559,-0.7152399999999943,2.868852,0.07405816673166582,12.0
ME01,2008-04-28 07:00:00+00:00,1.360067259869541e-07,5.4010450155875625e-08,2.8636555211897015e-08,0.166425,16.070952,-0.5292769999999791,38.114754,0.07035525839508253,12.0
ME01,2008-04-28 08:00:00+00:00,4.060072096095066e-06,5.766245252887076e-08,3.947685406677146e-08,0.162411,16.290292,-0.3862289999999575,33.606557,0.0668374954753284,12.0
ME01,2008-04-28 09:00:00+00:00,3.0645915611902775e-06,5.653894183293627e-08,3.4701902143704735e-08,0.162411,15.193591,0.12874299999998584,0.409836,0.06349562070156198,12.0
ME01,2008-04-28 10:00:00+00:00,1.290810191601057e-06,5.6113100138878966e-08,3.033289144163858e-08,0.154383,17.072287,-0.3290100000000393,27.04918,0.060320839666483876,12.0
ME01,2008-04-28 11:00:00+00:00,3.8482755971338435e-07,5.677510770176047e-08,3.708950942604411e-08,0.151372,18.488461,0.4434479999999894,0.409836,0.05730479768315968,12.0
ME01,2008-04-28 12:00:00+00:00,1.6047025508855704e-07,6.174461666976188e-08,3.606169352600177e-08,0.146355,17.072287,0.6008010000000468,64.754098,0.05443955779900169,12.166666666666666
ME01,2008-04-28 13:00:00+00:00,1.7985455886651368e-07,5.3926303335638324e-08,3.1243211055541004e-08,0.158397,18.331108,0.014304999999922074,3.278689,0.051717579909051604,12.166666666666666
ME01,2008-04-28 14:00:00+00:00,6.213674946073234e-07,5.529653562417418e-08,3.1883054155622656e-08,0.138828,18.111768,0.4005339999999933,0.0,0.04913170091359902,12.166666666666666
ME01,2008-04-28 15:00:00+00:00,1.401167996096179e-07,4.746399894915796e-08,3.084112405088068e-08,0.125783,15.975586,0.7295440000000326,57.786885,0.04667511586791907,12.166666666666666
ME01,2008-04-28 16:00:00+00:00,8.484438550957995e-07,5.1570480270481256e-08,2.519418826946236e-08,0.126285,15.393858,0.25748699999996916,13.934426,0.04434136007452312,12.166666666666666
ME01,2008-04-28 17:00:00+00:00,1.9387451267312497e-06,6.68807739494423e-08,3.0228111737354424e-07,0.132807,15.246042,0.1573520000000599,0.819672,0.04212429207079696,12.166666666666666
ME01,2008-04-28 18:00:00+00:00,3.270843154300139e-06,6.72304988890093e-08,2.6394217925077548e-08,0.137323,12.695022,0.4291439999999511,0.0,0.04001807746725711,12.333333333333334
ME01,2008-04-28 19:00:00+00:00,5.059869661100608e-07,4.7026134778328004e-08,1.8283096077636217e-08,0.138327,12.532901,-0.11443799999995008,0.409836,0.03801717359389425,12.333333333333334
ME01,2008-04-28 20:00:00+00:00,1.0560201509947707e-06,4.4699812667907816e-08,1.512920128819834e-08,0.150369,12.404158,-0.1859630000000152,3.278689,0.03611631491419953,12.333333333333334
ME01,2008-04-28 21:00:00+00:00,3.120158174231247e-07,4.265430029150093e-08,2.652969325766443e-08,0.150871,11.60309,0.4005339999999933,0.0,0.03431049916848956,12.333333333333334
ME01,2008-04-28 22:00:00+00:00,4.3063941165906117e-07,3.8072906531744854e-08,2.11370421667767e-08,0.150871,10.740034,0.486362999999983,4.918033,0.032594974210065075,12.333333333333334
ME01,2008-04-28 23:00:00+00:00,1.1089024570535064e-06,3.8555594851331435e-08,3.1046252105281424e-08,0.154885,10.344269,0.4005339999999933,0.0,0.03096522549956182,12.333333333333334
ME01,2008-04-29 00:00:00+00:00,1.1491988537532172e-06,3.849165535516348e-08,5.795703926432661e-08,0.155386,10.077246,0.901202000000012,1.229508,0.02941696422458373,12.5
ME01,2008-04-29 01:00:00+00:00,4.872665447974932e-07,4.11433846445534e-08,7.964690503205584e-08,0.158397,9.872211,0.7295440000000326,9.836066,0.027946116013354543,12.5
ME01,2008-04-29 02:00:00+00:00,1.4131433718353004e-07,4.005334918193028e-08,6.845396795213691e-08,0.153881,10.878314,0.3003999999999678,30.327869,0.026548810212686815,12.5
ME01,2008-04-29 03:00:00+00:00,1.964625205998419e-07,3.948975204805829e-08,6.876465549583143e-08,0.158397,11.078581,0.7009350000000723,35.245902,0.025221369702052472,12.5
ME01,2008-04-29 04:00:00+00:00,1.953761737165567e-07,5.0502256653762045e-08,9.95885214387483e-08,0.158899,11.049971,0.14304799999990792,38.52459,0.023960301216949847,12.5
ME01,2008-04-29 05:00:00+00:00,2.1482755426758546e-07,5.22253670082613e-08,1.1601640883489838e-07,0.158397,12.07038,-0.07152399999995396,23.770492,0.022762286156102353,12.5
ME01,2008-04-29 06:00:00+00:00,1.774491722489068e-07,4.460648281295314e-08,9.491484991877224e-08,0.158397,14.940874,0.014305000000035761,49.590164,0.021624171848297236,11.8
ME01,2008-04-29 07:00:00+00:00,1.624325953769202e-07,4.3107294522753654e-08,7.3568594663676e-08,0.161909,16.614534,-0.10013400000002548,54.098361,0.020542963255882372,11.8
ME01,2008-04-29 08:00:00+00:00,3.3423363302701104e-06,5.0334730504100575e-08,8.701004798953552e-08,0.174955,15.975586,-0.014305000000035761,90.57377,0.01951581509308825,11.8
ME01,2008-04-29 09:00:00+00:00,1.4760559338936737e-07,4.510757444434589e-08,8.467835310243763e-08,0.212085,15.594126,0.4434489999999869,75.0,0.01854002433843384,11.8
ME01,2008-04-29 10:00:00+00:00,1.83013125112711e-07,4.378477798012102e-08,6.221588636694211e-08,0.204057,16.709899,0.05721900000003188,164.344262,0.017613023121512146,11.8
ME01,2008-04-29 11:00:00+00:00,1.1126687983426727e-06,4.827033237664056e-08,1.0876205300578882e-07,0.187499,17.06275,0.47205799999994724,124.180328,0.01673237196543654,11.8
ME01,2008-04-29 12:00:00+00:00,1.604629619778307e-07,7.654704212998419e-08,1.9269008040329172e-07,0.175958,17.592027,0.2860960000000432,136.065574,0.01589575336716471,11.1
ME01,2008-04-29 13:00:00+00:00,2.377892293508558e-06,8.027853987233919e-08,1.2091799043981218e-07,0.171944,18.002098,0.45775300000002517,138.114754,0.015100965698806474,11.1
ME01,2008-04-29 14:00:00+00:00,1.7269911344999185e-07,7.63532574313817e-08,7.818378542132965e-08,0.192516,17.038909,0.7438489999999547,89.344262,0.01434591741386615,11.1
ME01,2008-04-29 15:00:00+00:00,1.3940778968702914e-07,7.184453658006722e-08,4.73758697851841e-08,0.166927,17.592027,0.3433150000000751,95.491803,0.01362862154317284,11.1
ME01,2008-04-29 16:00:00+00:00,1.5855418653873026e-07,6.573151661805376e-08,4.123193510256871e-08,0.17646,16.995995,0.37192399999992176,121.721311,0.012947190466014198,11.1
ME01,2008-04-29 17:00:00+00:00,1.2883880212592125e-06,6.349944078317519e-08,3.402975278972344e-08,0.159902,16.109098,-0.486362999999983,89.344262,0.012299830942713488,11.1
ME01,2008-04-29 18:00:00+00:00,3.3729214478241164e-06,4.9418248494192935e-08,2.6195645759889947e-08,0.151372,14.626168,-0.22887600000001385,38.934426,0.011684839395577813,10.4
ME01,2008-04-29 19:00:00+00:00,4.212513614889797e-06,4.439760796238105e-08,1.6937205093351326e-08,0.150871,13.534236,-0.35761999999999716,17.622951,0.01110059742579892,10.4
ME01,2008-04-29 20:00:00+00:00,7.449869921088732e-07,4.2148544905624846e-08,1.5433926895673448e-08,0.150369,12.017929,-0.1573519999999462,0.0,0.010545567554508974,10.4
ME01,2008-04-29 21:00:00+00:00,8.49760957254582e-07,3.964386890232949e-08,1.1426920445984487e-08,0.158397,12.504291,0.04291399999999612,0.0,0.010018289176783525,10.4
ME01,2008-04-29 22:00:00+00:00,2.2976790618875465e-07,3.75138016448651e-08,9.823311699664378e-09,0.163415,11.436201,0.07152399999995396,0.0,0.009517374717944348,10.4
ME01,2008-04-29 23:00:00+00:00,3.339356116340377e-07,3.672573330624145e-08,9.494545702153746e-09,0.158899,12.299256,0.2574859999999717,0.0,0.009041505982047131,10.4
ME01,2008-04-30 00:00:00+00:00,1.958728193959427e-07,3.461515922696101e-08,1.3060198095100815e-08,0.154383,11.316994,0.0858290000001034,0.0,0.008589430682944774,9.7
ME01,2008-04-30 01:00:00+00:00,4.7051068371586496e-07,3.406497276690849e-08,7.49138321519063e-09,0.162411,11.283616,0.4577529999999115,0.0,0.008159959148797535,9.7
ME01,2008-04-30 02:00:00+00:00,1.3993730151166213e-07,3.665408185991558e-08,3.1728261676001965e-08,0.154885,11.216861,0.25748600000008537,0.409836,0.007751961191357658,9.7
ME01,2008-04-30 03:00:00+00:00,1.7914255644421678e-07,3.5028391218893765e-08,3.59884481874095e-08,0.157895,10.658974,-0.12874300000009953,0.0,0.007364363131789775,9.7
ME01,2008-04-30 04:00:00+00:00,1.4725871364320593e-07,3.1632197893345064e-08,4.533320191505373e-08,0.157895,11.102422,-0.3433149999999614,0.0,0.006996144975200286,9.7
ME01,2008-04-30 05:00:00+00:00,1.6895149836551443e-07,3.399946000646245e-08,3.13050741080516e-08,0.153881,13.171848,-0.5435820000000149,0.0,0.006646337726440271,9.7
ME01,2008-04-30 06:00:00+00:00,1.2433166942093167e-07,3.3479730918853684e-08,3.1305867987998457e-08,0.170439,18.388327,-0.8439819999999827,0.819672,0.006314020840118257,9.3
ME01,2008-04-30 07:00:00+00:00,2.5203007844083965e-07,3.48875677546842e-08,3.3408320753244046e-08,0.154383,19.284761,-0.486362999999983,4.508197,0.005998319798112344,9.3
ME01,2008-04-30 08:00:00+00:00,3.934579150105271e-06,3.673210769861237e-08,3.3507632390989945e-08,0.154383,19.070189,-0.2860960000000432,33.196721,0.005698403808206727,9.3
ME01,2008-04-30 09:00:00+00:00,1.5585233069135162e-06,3.618803280591228e-08,4.6236176810326405e-08,0.137323,19.666222,-0.4434479999999894,23.770492,0.00541348361779639,9.3
ME01,2008-04-30 10:00:00+00:00,1.755192236565483e-07,5.460393702198198e-08,1.2635802425772884e-07,0.146857,19.976159,-0.5292769999999791,13.52459,0.00514280943690657,9.3
ME01,2008-04-30 11:00:00+00:00,1.891115294106166e-07,3.9257653511120166e-08,4.509988388215633e-08,0.150369,19.494564,-0.08582899999998972,15.57377,0.004885668965061241,9.3
ME01,2008-04-30 12:00:00+00:00,1.7548065994193837e-07,4.093764537896671e-08,4.8740194389774765e-08,0.172446,18.803166,0.15735299999994368,26.229508,0.004641385516808179,8.9
ME01,2008-04-30 13:00:00+00:00,1.5919917481528874e-07,4.307190645704077e-08,4.232491814057807e-08,0.127288,18.197597,-0.15735299999994368,29.918033,0.00440931624096777,8.9
ME01,2008-04-30 14:00:00+00:00,1.74480849461878e-07,4.618797852651464e-08,3.682892191737595e-08,0.138327,17.768453,0.5578870000000506,42.213115,0.004188850428919381,8.9
ME01,2008-04-30 15:00:00+00:00,6.461179368304364e-07,4.607131090633574e-08,3.3378528623383015e-08,0.125281,17.768453,-0.3290100000000393,24.180328,0.003979407907473411,8.9
ME01,2008-04-30 16:00:00+00:00,3.5706307242638206e-07,4.927001068645704e-08,6.834384842867509e-08,0.126285,17.210566,0.02860899999996036,25.819672,0.003780437512099741,8.9
ME01,2008-04-30 17:00:00+00:00,8.20001937897367e-07,5.26331506922901e-08,1.2238465098039706e-07,0.135316,15.432005,0.27179100000000744,0.409836,0.0035914156364947537,8.9
ME01,2008-04-30 18:00:00+00:00,9.012109978389146e-07,6.130074487848252e-08,1.5407234648732946e-07,0.134313,13.434103,-0.100133000000028,0.0,0.003411844854670016,8.5
ME01,2008-04-30 19:00:00+00:00,1.6446690993220992e-06,5.188979334888277e-08,1.0752301847700777e-07,0.142341,13.543773,-0.35761999999999716,0.0,0.003241252611936515,8.5
ME01,2008-04-30 20:00:00+00:00,9.051300559764334e-07,5.578139815955966e-08,1.229448817081745e-07,0.142843,13.348274,-0.7438489999999547,0.0,0.003079189981339689,8.5
ME01,2008-04-30 21:00:00+00:00,2.740464680762473e-07,4.3322711269654495e-08,6.835520154380968e-08,0.142843,12.804692,0.05721900000003188,1.639344,0.0029252304822727044,8.5
ME01,2008-04-30 22:00:00+00:00,4.691233201548735e-07,4.3535518947091975e-08,6.999409184361413e-08,0.146355,12.723632,-0.2431810000000496,0.0,0.002778968958159069,8.5
ME01,2008-04-30 23:00:00+00:00,4.95304022860349e-07,3.737032107822052e-08,4.3551966270932204e-08,0.154383,12.113294,0.12874299999998584,0.0,0.0026400205102511155,8.5
ME01,2008-05-01 00:00:00+00:00,2.034847868853467e-07,3.868142439194621e-08,4.7347032139731846e-08,0.158397,11.722296,0.1573520000000599,0.0,0.00250801948473856,8.1
ME01,2008-05-01 01:00:00+00:00,9.258748844102899e-07,3.7340036732716316e-08,4.294773202811267e-08,0.146355,12.389853,-0.028609000000074047,0.0,0.002382618510501632,8.1
ME01,2008-05-01 02:00:00+00:00,1.3437651744355897e-07,4.0515632217706174e-08,9.411536104881355e-08,0.154383,13.696357,0.04291399999999612,0.409836,0.00226348758497655,8.1
ME01,2008-05-01 03:00:00+00:00,1.5693707519651197e-07,3.164335172582085e-08,3.7949275348253304e-08,0.150369,12.852375,0.30040100000007897,0.0,0.0021503132057277227,8.1
ME01,2008-05-01 04:00:00+00:00,6.823196094026247e-07,3.536131880239401e-08,2.9114245895704377e-08,0.154383,14.969483,0.04291399999999612,16.803279,0.0020427975454413365,8.1
ME01,2008-05-01 05:00:00+00:00,1.6103932613021494e-07,4.09332237872556e-08,3.1117542459807634e-08,0.149867,14.611863,-0.9441160000000082,18.032787,0.0019406576681692696,8.1
ME01,2008-05-01 06:00:00+00:00,1.5467058114516645e-07,3.7054473428843984e-08,1.9721887166521e-08,0.149867,15.474919,-0.47205800000006093,0.409836,0.0018436247847608061,8.475
ME01,2008-05-01 07:00:00+00:00,1.3930279301044122e-07,3.4180983879193886e-08,2.2990717517858093e-08,0.146355,18.497997,-1.1014679999999544,0.409836,0.0017514435455227657,8.475
ME01,2008-05-01 08:00:00+00:00,5.062196775040105e-07,3.662933110166535e-08,2.6092503601598796e-08,0.149867,20.705703,-0.7581539999999904,1.229508,0.0016638713682466273,8.475
ME01,2008-05-01 09:00:00+00:00,1.7199965482294591e-06,3.72237911948348e-08,2.5015286219945543e-08,0.154885,20.228877,-0.18596200000001772,36.885246,0.001580677799834296,8.475
ME01,2008-05-01 10:00:00+00:00,2.307149352134175e-06,3.338426745407284e-08,2.1466859733171292e-08,0.155888,20.0,-0.20026700000005349,45.901639,0.001501643909842581,8.475
ME01,2008-05-01 11:00:00+00:00,2.95987278431263e-07,3.37995496275237e-08,3.8205927868849185e-08,0.126285,21.56399,-0.35761999999999716,6.557377,0.0014265617143504519,8.475
ME01,2008-05-01 12:00:00+00:00,1.59460191682202e-07,3.6065350430801094e-08,2.2427053881376904e-08,0.122772,21.459088,-0.057218999999918196,31.967213,0.0013552336286329293,8.85
ME01,2008-05-01 13:00:00+00:00,5.531158191107677e-07,3.4999876464492e-08,1.8403999874300007e-08,0.13933,21.101469,0.18596200000001772,31.557377,0.0012874719472012828,8.85
ME01,2008-05-01 14:00:00+00:00,9.833472977692818e-07,3.814953439830761e-08,2.9855792639920474e-08,0.123274,21.411406,0.18596199999990404,14.754098,0.0012230983498412186,8.85
ME01,2008-05-01 15:00:00+00:00,1.1340700901558075e-06,3.163004824433269e-08,3.9903310439484934e-08,0.11926,21.440015,0.014305000000035761,4.098361,0.0011619434323491577,8.85
ME01,2008-05-01 16:00:00+00:00,1.222747744631207e-06,3.356651882546954e-08,2.1041863603234296e-08,0.11926,19.508869,0.21457199999997556,1.229508,0.0011038462607316998,8.85
ME01,2008-05-01 17:00:00+00:00,1.89930554669878e-06,3.9145465117925935e-08,2.1096301093863323e-08,0.122772,18.722106,0.04291399999999612,9.836066,0.0010486539476951147,8.85
ME01,2008-05-01 18:00:00+00:00,2.0625486908912514e-06,3.53308057287797e-08,2.8598995048859298e-08,0.131302,17.434675,-0.04291399999999612,2.868852,0.0009962212503103589,9.225
ME01,2008-05-01 19:00:00+00:00,1.5869531112605123e-06,3.417057921694762e-08,3.451447695182163e-08,0.123274,17.258249,-0.8582870000000185,0.0,0.0009464101877948408,9.225
ME01,2008-05-01 20:00:00+00:00,7.321423443975908e-07,3.570782578470734e-08,1.7846900157366488e-08,0.126786,16.380889,-0.12874399999998332,0.0,0.0008990896784050988,9.225
ME01,2008-05-01 21:00:00+00:00,6.746089408297602e-06,2.5663227090444465e-07,9.626583389624789e-08,0.131804,15.799161,0.10013400000002548,0.0,0.0008541351944848438,9.225
ME01,2008-05-01 22:00:00+00:00,2.1964102272531445e-06,1.9504184225888412e-07,7.288549230702287e-08,0.1308,16.533473,-0.12874299999998584,0.0,0.0008114284347606015,9.225
ME01,2008-05-01 23:00:00+00:00,6.072595667315774e-07,3.935907511561492e-08,9.007626718039589e-09,0.126285,15.60843,-0.014305000000035761,0.0,0.0007708570130225714,9.225
ME01,2008-05-02 00:00:00+00:00,1.5774941871822842e-06,3.8116447564010866e-08,9.539463824568828e-09,0.138327,16.099561,0.6294110000000046,0.0,0.0007323141623714429,9.6
ME01,2008-05-02 01:00:00+00:00,1.0463447777280957e-06,7.27086940125545e-08,2.8712893710119356e-07,0.13933,16.743277,0.22887600000001385,0.0,0.0006956984542528707,9.6
ME01,2008-05-02 02:00:00+00:00,3.1995333572391663e-06,3.61324795740496e-08,7.237382430253036e-09,0.1308,17.162884,-0.21457099999997808,6.147541,0.0006609135315402271,9.6
ME01,2008-05-02 03:00:00+00:00,1.0155295443725535e-06,3.641974159248298e-08,2.3072931632158846e-08,0.13933,16.337974,0.17165699999998196,0.0,0.0006278678549632157,9.6
ME01,2008-05-02 04:00:00+00:00,1.3379893690407019e-06,4.245126462699349e-08,1.437796500189743e-07,0.130299,16.709899,-0.47205799999994724,0.0,0.0005964744622150549,9.6
ME01,2008-05-02 05:00:00+00:00,1.672618046198075e-07,3.9671962912590175e-08,2.4153960570992218e-08,0.133811,16.829105,-0.8725920000000542,0.0,0.0005666507391043021,9.6
ME01,2008-05-02 06:00:00+00:00,1.6411580533501544e-06,4.239289563561185e-08,3.772161332214426e-08,0.135316,17.839977,-0.8582870000000185,0.409836,0.0005383182021490869,8.95
ME01,2008-05-02 07:00:00+00:00,7.463063231809781e-07,4.002181926087715e-08,3.5655829611242725e-08,0.142843,19.356285,-0.5721919999999727,0.409836,0.0005114022920416326,8.95
ME01,2008-05-02 08:00:00+00:00,1.3087319530663886e-06,4.4973446592208444e-08,3.770572636462991e-08,0.135316,20.414839,-0.6723250000000007,4.098361,0.00048583217743955096,8.95
ME01,2008-05-02 09:00:00+00:00,1.6310961857014561e-06,4.603078279959291e-08,3.705305648092159e-08,0.126786,20.672325,-0.28609500000004573,4.098361,0.00046154056856757337,8.95
ME01,2008-05-02 10:00:00+00:00,1.7429824012905449e-06,4.659208619645142e-08,3.4888046022386494e-08,0.126786,21.716574,0.100133000000028,24.180328,0.0004384635401391947,8.95
ME01,2008-05-02 11:00:00+00:00,4.942058300610589e-07,3.565139045320139e-08,2.7152712849575534e-08,0.119762,21.187297,0.6580200000000787,30.327869,0.00041654036313223497,8.95
ME01,2008-05-02 12:00:00+00:00,8.70528227141081e-07,7.109024168382493e-08,3.0718169346563956e-08,0.122772,21.654587,0.1001339999999118,20.491803,0.0003957133449756232,8.3
ME01,2008-05-02 13:00:00+00:00,1.1444192252167593e-06,4.0556991427659376e-08,3.541470530108651e-08,0.111734,21.773794,0.42914300000006733,52.04918,0.00037592767772684206,8.3
ME01,2008-05-02 14:00:00+00:00,6.047995438257654e-07,4.2644304557308285e-08,4.18054541582906e-08,0.116249,21.37326,0.37192499999991924,4.098361,0.00035713129384049995,8.3
ME01,2008-05-02 15:00:00+00:00,1.376747005505873e-06,5.761350493838584e-08,3.3607601710715944e-07,0.10772,20.829678,0.21457200000008925,20.081967,0.0003392747291484749,8.3
ME01,2008-05-02 16:00:00+00:00,1.2882824649034203e-06,4.4000615532121415e-08,4.341672622661903e-08,0.116249,18.607667,0.3433149999999614,8.606557,0.0003223109926910512,8.3
ME01,2008-05-02 17:00:00+00:00,9.628316597353016e-07,3.579142048466879e-08,3.065765942502276e-08,0.123776,16.910166,0.22887600000001385,1.229508,0.0003061954430564986,8.3
ME01,2008-05-02 18:00:00+00:00,1.7809223836904216e-06,3.6265229339615e-08,2.597567140662799e-08,0.123274,15.784856,0.05721900000003188,5.327869,0.00029088567090367366,7.65
ME01,2008-05-02 19:00:00+00:00,1.1475915939876122e-06,3.509507639090595e-08,2.2926437637556574e-08,0.139832,13.96338,-0.37192400000003545,1.229508,0.00027634138735848995,7.65
ME01,2008-05-02 20:00:00+00:00,3.699432056836501e-07,3.462019308191982e-08,1.2020296032691572e-08,0.135316,13.653443,-0.22887700000001132,14.754098,0.00026252431799056545,7.65
ME01,2008-05-02 21:00:00+00:00,5.608239323817038e-07,3.335452239113887e-08,1.2342655249390593e-08,0.139832,13.801259,0.014305000000035761,0.0,0.0002493981020910372,7.65
ME01,2008-05-02 22:00:00+00:00,1.241424718151466e-06,3.124174287784443e-08,1.461082814070714e-08,0.1308,14.115964,0.014304999999922074,14.754098,0.00023692819698648533,7.65
ME01,2008-05-02 23:00:00+00:00,3.532315675232275e-07,3.160610970896034e-08,9.885712470600444e-09,0.13933,14.087355,-0.08582899999998972,11.47541,0.00022508178713716106,7.65
ME01,2008-05-03 00:00:00+00:00,2.206008712871718e-07,3.219699938682721e-08,6.774646878655627e-09,0.13933,14.144574,0.3290100000000393,6.557377,0.000213827697780303,7.0
ME01,2008-05-03 01:00:00+00:00,1.224934234246317e-06,3.114946827512156e-08,1.925095680923234e-08,0.135316,14.063513,0.2002669999999398,0.0,0.00020313631289128783,7.0
ME01,2008-05-03 02:00:00+00:00,1.6510163099217837e-07,3.152713659919869e-08,3.8794073015802687e-08,0.143344,14.173183,0.25748600000008537,0.0,0.00019297949724672342,7.0
ME01,2008-05-03 03:00:00+00:00,1.5189311067086756e-07,3.319434024475799e-08,1.923743291275781e-08,0.142843,13.906161,0.17165799999997944,0.0,0.00018333052238438723,7.0
ME01,2008-05-03 04:00:00+00:00,3.17729736758248e-07,3.89089880517353e-08,3.021819451975878e-08,0.139832,13.877551,-0.15735300000005736,0.0,0.00017416399626516788,7.0
ME01,2008-05-03 05:00:00+00:00,1.5081013070537593e-07,4.224862427575206e-08,2.6297401471971178e-08,0.152878,12.695022,-0.5006669999999076,3.278689,0.00016545579645190948,7.0
ME01,2008-05-03 06:00:00+00:00,1.811570880663456e-07,4.075614655768879e-08,3.227016397139446e-08,0.14786,16.476254,-0.8296780000000581,27.868852,0.000157183006629314,6.625
ME01,2008-05-03 07:00:00+00:00,2.042665147115312e-07,4.615920115331064e-08,3.633683556217783e-08,0.14786,17.663551,-0.4291439999999511,6.147541,0.00014932385629784828,6.625
ME01,2008-05-03 08:00:00+00:00,3.1072733147067e-06,4.57375242533189e-08,4.876952924791639e-08,0.13933,20.24795,-0.41483900000002905,8.606557,0.00014185766348295587,6.625
ME01,2008-05-03 09:00:00+00:00,1.5690487427166535e-06,4.5883130208282195e-08,5.78374882018482e-08,0.131302,20.24795,0.15735299999994368,17.213115,0.00013476478030880807,6.625
ME01,2008-05-03 10:00:00+00:00,8.514819843702478e-07,4.189665410108892e-08,3.046144604910519e-08,0.131302,21.049018,0.10013400000002548,2.459016,0.00012802654129336766,6.625
ME01,2008-05-03 11:00:00+00:00,1.5047724624641522e-07,4.08752918251799e-08,3.878671410749328e-08,0.131804,19.699599,0.100133000000028,44.672131,0.00012162521422869926,6.625
ME01,2008-05-03 12:00:00+00:00,1.7757053112850757e-07,4.6941088008503e-08,3.2591326417524856e-08,0.128292,20.286096,0.05721900000003188,53.278689,0.00011554395351726429,6.25
ME01,2008-05-03 13:00:00+00:00,2.0503365776229657e-07,4.1661612882148956e-08,3.6357010888193285e-08,0.108221,20.705703,0.32900999999992564,59.016393,0.00010976675584140107,6.25
ME01,2008-05-03 14:00:00+00:00,3.2022016525513983e-07,4.1633545175366265e-08,2.724333210716798e-08,0.10772,20.205035,0.5864970000000085,25.409836,0.00010427841804933101,6.25
ME01,2008-05-03 15:00:00+00:00,8.230395505057206e-07,3.7441428999338016e-08,2.359304554664313e-08,0.118758,20.309937,0.27179100000000744,6.147541,9.906449714686446e-05,6.25
ME01,2008-05-03 16:00:00+00:00,6.894579818753333e-07,3.853557748541172e-08,2.286235457131973e-08,0.112737,19.518405,-0.1859630000000152,2.04918,9.411127228952123e-05,6.25
ME01,2008-05-03 17:00:00+00:00,1.6123964585506829e-06,3.996304146979217e-08,4.145612837543851e-08,0.115748,17.916269,0.5149730000000545,1.229508,8.940570867504516e-05,6.25
ME01,2008-05-03 18:00:00+00:00,2.3946872338804063e-06,4.0738215881615936e-08,2.2459236030432162e-08,0.127288,14.964715,-0.0,0.0,8.49354232412929e-05,5.875
ME01,2008-05-03 19:00:00+00:00,1.9135452855013442e-06,3.943563501890646e-08,1.9956972659020643e-08,0.122772,14.516498,-0.35761999999999716,0.0,8.068865207922824e-05,5.875
ME01,2008-05-03 20:00:00+00:00,2.127094897711341e-06,3.974718163746627e-08,3.675458677294097e-08,0.138828,14.583254,-0.27179100000000744,0.0,7.665421947526683e-05,5.875
ME01,2008-05-03 21:00:00+00:00,5.060529233841906e-07,3.7442358635983585e-08,1.600768408777201e-08,0.1308,14.473584,0.07152399999995396,13.934426,7.282150850150349e-05,5.875
ME01,2008-05-03 22:00:00+00:00,6.496868100481898e-07,4.04581727468045e-08,1.0689896854367525e-08,0.133811,14.530803,0.12874299999998584,20.491803,6.918043307642831e-05,5.875
ME01,2008-05-03 23:00:00+00:00,5.998802408616712e-07,3.827724486011398e-08,1.7262304443742353e-08,0.1308,14.053977,0.41483900000002905,0.0,6.57214114226069e-05,5.875
ME01,2008-05-04 00:00:00+00:00,1.7946798381071225e-07,3.679235608813874e-08,1.1893882194657296e-08,0.143344,13.553309,0.4291440000000648,0.0,6.243534085147655e-05,5.5
ME01,2008-05-04 01:00:00+00:00,1.717321899592219e-07,3.8932433703449e-08,1.5633127163240884e-08,0.13933,13.291055,0.48636199999998553,2.459016,5.931357380890272e-05,5.5
ME01,2008-05-04 02:00:00+00:00,5.013679971840036e-07,3.77783073916078e-08,1.4697538970224916e-08,0.13933,13.286286,0.37192499999991924,0.0,5.634789511845758e-05,5.5
ME01,2008-05-04 03:00:00+00:00,8.172788538053353e-07,3.7924893347475414e-08,1.1224064483504487e-08,0.146857,12.799924,0.12874300000009953,0.0,5.35305003625347e-05,5.5
ME01,2008-05-04 04:00:00+00:00,4.2550690791431045e-07,3.848016219209775e-08,1.7213566876045617e-08,0.146857,13.009727,-0.0858290000001034,10.655738,5.085397534440796e-05,5.5
ME01,2008-05-04 05:00:00+00:00,7.485253008358637e-07,4.1686046556558994e-08,2.123737078950895e-08,0.146857,14.430669,-0.4434479999999894,5.327869,4.831127657718756e-05,5.5
ME01,2008-05-04 06:00:00+00:00,2.276361264154655e-07,3.959428914771296e-08,3.050126339277319e-08,0.146355,18.497997,-0.8582869999999048,0.0,4.5895712748328186e-05,5.9375
ME01,2008-05-04 07:00:00+00:00,5.015118677374907e-07,3.74898565983996e-08,2.26812538063761e-08,0.13933,19.814038,-0.5435820000000149,6.557377,4.360092711091177e-05,5.9375
ME01,2008-05-04 08:00:00+00:00,2.8543569766116797e-06,4.234860487555696e-08,2.640438031015846e-08,0.138828,20.462521,-0.3719250000000329,22.131148,4.142088075536618e-05,5.9375
ME01,2008-05-04 09:00:00+00:00,2.005442589192017e-06,4.2215072372852324e-08,2.9431574679838105e-08,0.147358,20.662788,-0.04291399999999612,27.459016,3.934983671759787e-05,5.9375
ME01,2008-05-04 10:00:00+00:00,2.0598973752407537e-06,3.948695368323527e-08,2.4421442461335654e-08,0.144348,21.664124,-0.0,15.163934,3.7382344881717974e-05,5.9375
ME01,2008-05-04 11:00:00+00:00,2.4346008595106403e-07,4.105949070667501e-08,2.0816646000259182e-08,0.118758,21.182529,-0.0429149999999936,36.885246,3.5513227637632076e-05,5.9375
ME01,2008-05-04 12:00:00+00:00,3.981546300283176e-07,4.221598757029552e-08,2.3007827400293548e-08,0.127288,21.12531,0.17165799999997944,40.983607,3.373756625575047e-05,6.375
ME01,2008-05-04 13:00:00+00:00,6.310933278351084e-07,4.092519548408394e-08,1.976577440443713e-08,0.127288,20.867824,0.2574859999999717,47.131148,3.2050687942962944e-05,6.375
ME01,2008-05-04 14:00:00+00:00,1.1312122622263898e-06,4.458950031050483e-08,2.1927383921793602e-08,0.119762,20.262254,0.35761999999999716,49.180328,3.0448153545814796e-05,6.375
ME01,2008-05-04 15:00:00+00:00,1.2840600165944373e-06,4.3293811602075763e-08,2.4478216921979295e-08,0.107218,18.62674,0.014305000000035761,27.459016,2.8925745868524057e-05,6.375
ME01,2008-05-04 16:00:00+00:00,9.68286045617712e-07,3.817322344654548e-08,2.981393807063259e-08,0.111734,18.025939,-0.0429149999999936,13.52459,2.7479458575097853e-05,6.375
ME01,2008-05-04 17:00:00+00:00,1.63078361224636e-06,4.1892783067090466e-08,3.145719473574045e-08,0.114744,16.662216,0.08582899999998972,0.819672,2.610548564634296e-05,6.375
ME01,2008-05-04 18:00:00+00:00,1.201579783876461e-06,4.6307977936135496e-08,2.2115801987884756e-08,0.118256,14.063513,0.1430480000000216,0.0,2.480021136402581e-05,6.8125
ME01,2008-05-04 19:00:00+00:00,2.3082660144054935e-06,4.6505288101503714e-08,4.6383051780859874e-08,0.130299,13.653443,-0.5435820000000149,0.0,2.356020079582452e-05,6.8125
ME01,2008-05-04 20:00:00+00:00,1.2366219181641707e-06,4.767698881713043e-08,1.4272465310993101e-08,0.127288,13.372115,-0.3862289999999575,0.0,2.238219075603329e-05,6.8125
ME01,2008-05-04 21:00:00+00:00,9.288851376346275e-07,4.8852721692350055e-08,1.0796233243587053e-08,0.134814,12.976349,0.02860899999996036,0.0,2.1263081218231626e-05,6.8125
ME01,2008-05-04 22:00:00+00:00,3.0408859829191483e-07,5.0468428063032714e-08,1.3745805323721782e-08,0.133811,12.18005,-0.17165699999998196,0.0,2.0199927157320043e-05,6.8125
ME01,2008-05-04 23:00:00+00:00,6.917256008728861e-07,4.9933591437207995e-08,1.1296495077367142e-08,0.133309,12.246805,0.21457199999997556,0.0,1.918993079945404e-05,6.8125
ME01,2008-05-05 00:00:00+00:00,1.6358021751801584e-07,4.863673828285837e-08,7.876292044629049e-09,0.142341,12.857143,0.3576189999999997,9.016393,1.8230434259481337e-05,7.25
ME01,2008-05-05 01:00:00+00:00,2.523210621820551e-07,4.665120101418104e-08,1.0637847578306227e-08,0.142843,12.742705,0.24318200000004708,27.459016,1.731891254650727e-05,7.25
ME01,2008-05-05 02:00:00+00:00,1.3784816732074922e-07,4.592497048608436e-08,1.882705899592882e-08,0.150369,12.814228,0.24318099999993592,9.016393,1.6452966919181906e-05,7.25
ME01,2008-05-05 03:00:00+00:00,1.6573399479782004e-07,4.478476217920669e-08,2.306703427644462e-08,0.146355,12.351707,0.20026700000005349,0.0,1.563031857322281e-05,7.25
ME01,2008-05-05 04:00:00+00:00,3.09137447378089e-07,4.83000817476253e-08,3.562608263088549e-08,0.138828,11.908259,-0.17165699999998196,0.819672,1.4848802644561667e-05,7.25
ME01,2008-05-05 05:00:00+00:00,1.3795212630602059e-07,4.692583140177527e-08,4.384724144416444e-08,0.145853,14.106428,-0.5578870000000506,0.0,1.4106362512333584e-05,7.25
ME01,2008-05-05 06:00:00+00:00,1.227104659362557e-07,4.982560960393861e-08,3.452376654612278e-08,0.141337,18.607667,-0.9584210000000439,7.377049,1.3401044386716905e-05,7.6875
ME01,2008-05-05 07:00:00+00:00,1.2958168903858782e-07,5.291692293136651e-08,6.256840589051552e-08,0.137323,19.31337,-0.3433149999999614,8.606557,1.273099216738106e-05,7.6875
ME01,2008-05-05 08:00:00+00:00,2.7317916830544314e-06,4.514110017964181e-08,2.786120090085977e-08,0.141839,18.850849,-0.2574859999999717,42.622951,1.2094442559012006e-05,7.6875
ME01,2008-05-05 09:00:00+00:00,2.4262877303471634e-06,4.831478869038526e-08,3.387046515520054e-08,0.138327,20.023841,-0.12874299999998584,4.918033,1.1489720431061405e-05,7.6875
ME01,2008-05-05 10:00:00+00:00,1.0350773106644017e-06,5.0714529520982735e-08,3.010405409009162e-08,0.122271,21.406637,-0.30040100000007897,26.229508,1.0915234409508334e-05,7.6875
ME01,2008-05-05 11:00:00+00:00,1.4995010635665003e-07,4.2630671071130516e-08,3.019077523296775e-08,0.118256,19.656685,0.5435820000000149,18.852459,1.0369472689032916e-05,7.6875
ME01,2008-05-05 12:00:00+00:00,1.7093685647113163e-07,4.807962591698907e-08,2.6192550954037852e-08,0.122271,19.132176,0.0429149999999936,13.52459,9.85099905458127e-06,8.125
ME01,2008-05-05 13:00:00+00:00,1.4954554515145375e-07,4.4467155346322977e-08,3.821740922939513e-08,0.114242,17.944879,0.42914300000006733,11.885246,9.358449101852206e-06,8.125
ME01,2008-05-05 14:00:00+00:00,9.118899519455624e-07,4.172782736460765e-08,3.161003787651325e-08,0.118256,18.43601,0.15735299999994368,4.098361,8.890526646759595e-06,8.125
ME01,2008-05-05 15:00:00+00:00,5.483288290452025e-07,4.5294240964115055e-08,3.0297406602874655e-08,0.118256,17.897196,0.35761999999999716,5.327869,8.446000314421615e-06,8.125
ME01,2008-05-05 16:00:00+00:00,1.2487167512823177e-06,4.266191564580486e-08,2.3629224457562938e-08,0.122271,16.724204,0.4005339999999933,4.918033,8.023700298700533e-06,8.125
ME01,2008-05-05 17:00:00+00:00,2.2968315939424782e-06,3.924946124557239e-08,3.2967866675474575e-08,0.121769,15.82777,0.11443800000006377,0.0,7.622515283765507e-06,8.125
ME01,2008-05-05 18:00:00+00:00,1.7438790666722996e-06,4.211983870185438e-08,2.706747971182997e-08,0.121769,15.017166,-0.20026700000005349,0.0,7.241389519577231e-06,8.5625
ME01,2008-05-05 19:00:00+00:00,1.3370678168459325e-06,4.3150571295578975e-08,3.289674158048799e-08,0.121769,14.9218,-0.4291439999999511,0.0,6.87932004359837e-06,8.5625
ME01,2008-05-05 20:00:00+00:00,6.617414194372479e-07,4.1651252723305e-08,2.4958548936221665e-08,0.129797,14.397292,-0.25748600000008537,9.42623,6.535354041418451e-06,8.5625
ME01,2008-05-05 21:00:00+00:00,2.665704225572194e-06,5.217786876440125e-08,2.454837396997123e-08,0.130299,14.826435,0.21457200000008925,11.065574,6.208586339347528e-06,8.5625
ME01,2008-05-05 22:00:00+00:00,1.2001022597279283e-06,4.6587375351878235e-08,9.88628106577656e-09,0.129295,14.607095,0.15735299999994368,0.0,5.898157022380152e-06,8.5625
ME01,2008-05-05 23:00:00+00:00,1.5957152904383557e-06,4.448114743078501e-08,1.4218342679742642e-08,0.133309,13.834637,0.3433150000000751,0.0,5.603249171261143e-06,8.5625
ME01,2008-05-06 00:00:00+00:00,5.173400190821632e-07,4.297084169268679e-08,6.765581981097557e-09,0.133811,13.591455,0.658019999999965,1.639344,5.323086712698086e-06,9.0
ME01,2008-05-06 01:00:00+00:00,7.976940166786318e-07,4.427302863333382e-08,1.939899848745892e-08,0.137825,13.46748,0.32900999999992564,0.0,5.056932377063181e-06,9.0
ME01,2008-05-06 02:00:00+00:00,4.973774822830398e-07,3.599380256205651e-08,1.179312379766456e-08,0.133811,13.863246,0.15735300000005736,0.409836,4.8040857582100215e-06,9.0
ME01,2008-05-06 03:00:00+00:00,5.599334971785863e-07,4.399631253534587e-08,2.606535326667156e-08,0.137825,13.314896,0.3003999999999678,0.0,4.5638814702995205e-06,9.0
ME01,2008-05-06 04:00:00+00:00,3.066320989768172e-07,4.611514780526459e-08,2.6871287678854693e-08,0.137323,13.353042,0.21457199999997556,0.0,4.335687396784544e-06,9.0
ME01,2008-05-06 05:00:00+00:00,5.745408891814114e-07,4.6984010277229545e-08,3.5844122026167626e-08,0.133811,14.135037,-0.4005339999999933,0.0,4.118903026945317e-06,9.0
ME01,2008-05-06 06:00:00+00:00,2.787213071435133e-06,5.5848545525271637e-08,3.0255412931012665e-08,0.133309,17.153347,-0.2431819999999334,0.0,3.912957875598051e-06,8.75
ME01,2008-05-06 07:00:00+00:00,4.664909542172273e-07,6.233758171696458e-08,2.829455327268539e-08,0.129295,18.855617,-0.6437150000000429,6.967213,3.7173099818181483e-06,8.75
ME01,2008-05-06 08:00:00+00:00,8.195433145350049e-07,7.191297903105773e-08,2.619940256352088e-08,0.133309,19.542247,-0.22887700000001132,7.786885,3.531444482727241e-06,8.75
ME01,2008-05-06 09:00:00+00:00,2.096959836819046e-06,6.004982439612154e-08,4.3511768353824646e-08,0.120765,18.493229,-0.10013299999991432,13.114754,3.3548722585908785e-06,8.75
ME01,2008-05-06 10:00:00+00:00,1.6847917297969548e-06,4.7224976389636195e-08,3.462004167401459e-08,0.130299,18.602899,-0.014305000000035761,13.52459,3.1871286456613345e-06,8.75
ME01,2008-05-06 11:00:00+00:00,5.249668501847101e-07,4.629677590743291e-08,4.045663117577676e-08,0.126285,17.148579,0.31470500000000357,13.934426,0.01000302777221338,8.75
ME01,2008-05-06 12:00:00+00:00,1.0631633582056974e-06,3.679062635099169e-08,2.735466015540597e-08,0.134313,18.54568,-0.31470500000000357,41.803279,0.03950287638360272,8.5
ME01,2008-05-06 13:00:00+00:00,4.044197038694375e-07,3.990399477477992e-08,5.050899050973067e-08,0.134313,18.54568,-0.31470500000000357,41.803279,0.3075277325644227,8.5
ME01,2008-05-06 14:00:00+00:00,8.060402144917066e-07,3.951738373232234e-08,3.460386734903268e-08,0.138327,14.244707,1.3589550000000372,28.278689,0.3571513459362015,8.5
ME01,2008-05-06 15:00:00+00:00,6.123540090868137e-07,4.1728817517030956e-08,3.149918078262294e-08,0.138327,14.506962,0.17165699999998196,20.081967,0.3842937786393914,8.5
ME01,2008-05-06 16:00:00+00:00,1.6988324946850858e-06,4.1355698639404366e-08,2.5236679635455376e-08,0.133811,13.920465,0.31470600000000104,27.459016,0.3700790897074218,8.5
ME01,2008-05-06 17:00:00+00:00,8.547803838617669e-07,3.9984537731263023e-08,2.2846868839744335e-08,0.142843,13.171848,-0.0429149999999936,5.327869,0.3515751352220507,8.5
ME01,2008-05-06 18:00:00+00:00,8.573402049524527e-07,3.943999264241622e-08,2.881395439139271e-08,0.138327,12.504291,-0.11443800000006377,8.196721,0.33399637846094815,8.25
ME01,2008-05-06 19:00:00+00:00,5.303503511775794e-07,4.035094110040425e-08,3.030620921172526e-08,0.142341,12.652108,-0.18596200000001772,0.0,0.3172965595379007,8.25
ME01,2008-05-06 20:00:00+00:00,2.363573680797074e-06,3.982009390693672e-08,1.1838786746365258e-08,0.146355,12.265878,-0.2860959999999295,0.0,0.30143173156100567,8.25
ME01,2008-05-06 21:00:00+00:00,6.801164764269203e-07,3.5199280935508284e-08,1.1156652843360128e-08,0.142341,11.636468,0.17165799999997944,0.0,0.2963601449829554,8.25
ME01,2008-05-06 22:00:00+00:00,6.264162422226689e-07,3.941035942891629e-08,2.6091371030664824e-08,0.146857,12.04177,0.14304700000002413,15.983607,0.2815421377338076,8.25
ME01,2008-05-06 23:00:00+00:00,1.2292784643490284e-06,3.93700194458506e-08,8.11023678657777e-09,0.142341,12.04177,0.41483899999991536,0.0,0.2674650308471172,8.25
ME01,2008-05-07 00:00:00+00:00,2.0564462605065705e-07,3.63364174977916e-08,8.342830684507779e-09,0.154885,11.965478,0.5721920000000864,0.0,0.25409177930476134,8.0
ME01,2008-05-07 01:00:00+00:00,6.530823981274753e-07,3.2272375619732394e-08,1.4375512999653924e-08,0.154885,11.779516,0.5578859999999395,0.0,0.24138719033952327,8.0
ME01,2008-05-07 02:00:00+00:00,1.0553538195547015e-06,3.7986347684114605e-08,1.7330554160387414e-08,0.150369,11.650772,0.25748699999996916,0.0,0.2293178308225471,8.0
ME01,2008-05-07 03:00:00+00:00,1.0772630002767986e-06,3.645456137571686e-08,2.3802729759371275e-08,0.150369,11.393286,0.100133000000028,0.0,0.21785193928141972,8.0
ME01,2008-05-07 04:00:00+00:00,1.2737734381907706e-07,3.900391627828042e-08,2.4406406862751795e-08,0.140334,11.226397,-0.08582899999998972,0.409836,0.20695934231734872,8.0
ME01,2008-05-07 05:00:00+00:00,1.6532233957621252e-07,3.886006549517973e-08,2.730903395779547e-08,0.145853,12.356475,-0.5006670000000213,2.868852,0.19661137520148128,8.0
ME01,2008-05-07 06:00:00+00:00,1.5874260609105634e-07,4.060863756521614e-08,3.460106716256118e-08,0.154885,14.063513,-0.2574859999999717,9.42623,0.1867808064414072,7.75
ME01,2008-05-07 07:00:00+00:00,1.2040749318761707e-07,3.750342853504056e-08,3.2513004115700084e-08,0.142341,16.805264,-0.7152399999999943,19.262295,0.17744176611933685,7.75
ME01,2008-05-07 08:00:00+00:00,3.3746317259886916e-06,4.646882809554616e-08,3.82226177192126e-08,0.142341,15.908831,-0.27179100000000744,34.016393,0.16856967781336998,7.75
ME01,2008-05-07 09:00:00+00:00,1.4746257820570042e-06,4.3694091015689386e-08,4.0358640880782494e-08,0.137825,16.237841,-0.22887600000001385,28.278689,0.1651411939227015,7.75
ME01,2008-05-07 10:00:00+00:00,1.8387749947640983e-06,4.6432373337310614e-08,3.7172386710162886e-08,0.134814,15.613199,0.11443800000006377,25.409836,0.16688413422656642,7.75
ME01,2008-05-07 11:00:00+00:00,1.8556524924332658e-07,4.302309492813876e-08,2.453257725459416e-08,0.133811,17.305932,-0.18596200000001772,9.42623,0.1585399275152381,7.75
ME01,2008-05-07 12:00:00+00:00,1.4544982979828327e-07,4.7521439526751225e-08,2.522359715376693e-08,0.133811,16.781423,0.31470500000000357,17.622951,0.17061293113947618,7.5
ME01,2008-05-07 13:00:00+00:00,6.613239097203038e-07,4.1650950703025015e-08,2.5750280438071175e-08,0.135316,17.153347,0.37192499999991924,16.393443,0.18708228458250237,7.5
ME01,2008-05-07 14:00:00+00:00,9.593578519007865e-07,4.1975514141176406e-08,2.8378766689021287e-08,0.138828,17.596796,0.25748600000008537,17.213115,0.19772817035337725,7.5
ME01,2008-05-07 15:00:00+00:00,1.4852871518022667e-06,4.5067760085084976e-08,3.104780897183766e-08,0.146857,14.81213,0.3576189999999997,6.557377,0.1878417618357084,7.5
ME01,2008-05-07 16:00:00+00:00,1.241126808895583e-06,5.6030189025771914e-08,2.6261957616343534e-08,0.134814,14.058745,-0.028609000000074047,5.327869,0.17844967374392295,7.5
ME01,2008-05-07 17:00:00+00:00,2.4039344185174544e-05,5.6692840095651075e-08,2.447538236555961e-08,0.137323,13.539004,-0.2002669999999398,3.688525,0.1695271900567268,7.5
ME01,2008-05-07 18:00:00+00:00,2.1765042684311716e-06,4.520329095798571e-08,2.4508252237459544e-08,0.146355,12.580584,-0.08582899999998972,0.0,0.16105083055389047,7.25
ME01,2008-05-07 19:00:00+00:00,2.560491467423208e-06,4.608324426144861e-08,1.926485689802825e-08,0.138327,12.337402,-0.5578870000000506,0.0,0.15799828902619595,7.25
ME01,2008-05-07 20:00:00+00:00,8.437188120257317e-07,4.598906586452082e-08,2.4559442149835824e-08,0.134313,12.194354,-0.48636199999998553,2.04918,0.16009837457488615,7.25
ME01,2008-05-07 21:00:00+00:00,6.435222739551517e-07,4.5951468300998176e-08,2.2242337483347284e-08,0.134313,11.550639,0.100133000000028,0.0,0.15209345584614184,7.25
ME01,2008-05-07 22:00:00+00:00,1.0527708229934853e-06,4.3277905094612255e-08,9.631689021870659e-09,0.145853,11.469578,-0.1430480000000216,0.0,0.14448878305383475,7.25
ME01,2008-05-07 23:00:00+00:00,3.519452712837262e-07,4.4977356058455035e-08,6.346595156035681e-09,0.154885,11.173946,0.07152399999995396,0.0,0.137264343901143,7.25
ME01,2008-05-08 00:00:00+00:00,3.4850282467206527e-07,4.393880961172901e-08,1.0427794193655119e-08,0.145853,10.473012,0.6866300000000365,0.0,0.13040112670608583,7.0
ME01,2008-05-08 01:00:00+00:00,1.151330148707672e-06,4.60108910326129e-08,1.0438158261371156e-08,0.145853,10.353805,0.07152400000006764,0.0,0.12388107037078154,7.0
ME01,2008-05-08 02:00:00+00:00,2.6244441472253534e-07,4.759370965890719e-08,2.126418667129094e-08,0.153881,10.225062,0.2860959999999295,1.229508,0.11768701685224246,7.0
ME01,2008-05-08 03:00:00+00:00,4.4212816748047957e-07,4.724909128027914e-08,4.061598770750922e-08,0.158397,9.65287,-0.014305000000035761,0.0,0.11180266600963033,7.0
ME01,2008-05-08 04:00:00+00:00,3.0645697933392305e-07,4.670662762903729e-08,3.469010949364773e-08,0.157895,10.091551,-0.12874299999998584,3.688525,0.10621253270914881,7.0
ME01,2008-05-08 05:00:00+00:00,9.423645825831229e-07,4.549608549806664e-08,2.6234750742772108e-08,0.150369,12.718863,-0.6151059999999688,2.04918,0.10090190607369136,7.0
ME01,2008-05-08 06:00:00+00:00,1.9405999223874828e-07,1.730163764500813e-07,1.4244366857706527e-06,0.149365,15.446309,-0.6151059999999688,4.508197,0.09585681077000678,6.75
ME01,2008-05-08 07:00:00+00:00,1.6422758287755205e-07,4.498112552079891e-08,3.382164307970917e-08,0.145351,16.304597,-0.47205800000006093,27.04918,0.09106397023150643,6.75
ME01,2008-05-08 08:00:00+00:00,3.1749155853415372e-06,4.651175388935273e-08,3.776434742332435e-08,0.153881,17.181957,-0.5721909999999752,30.327869,0.0865107717199311,6.75
ME01,2008-05-08 09:00:00+00:00,9.923595287389742e-07,4.7863658249125063e-08,3.2962479250276615e-08,0.141839,16.957849,-0.1859630000000152,71.721311,0.08218523313393454,6.75
ME01,2008-05-08 10:00:00+00:00,2.1625139490413675e-06,4.648385770879474e-08,2.9351242789081326e-08,0.137825,17.916269,-0.3862289999999575,74.180328,0.07807597147723781,6.75
ME01,2008-05-08 11:00:00+00:00,2.092789567609416e-07,7.24723655477036e-08,2.2455517366284334e-07,0.138327,18.245279,-0.07152400000006764,30.737705,0.07417217290337592,6.75
ME01,2008-05-08 12:00:00+00:00,2.565850938584278e-07,6.234211510308667e-08,4.4658965038578025e-08,0.130299,18.107,0.30040100000007897,29.508197,0.07046356425820713,6.5
ME01,2008-05-08 13:00:00+00:00,1.621223334309602e-07,4.237681545362867e-08,3.861762478424545e-08,0.125783,18.660118,0.18596200000001772,50.409836,0.06694038604529677,6.5
ME01,2008-05-08 14:00:00+00:00,1.419624469058765e-07,4.493059961878666e-08,3.752513241332038e-08,0.117253,17.487126,0.5149719999999434,76.229508,0.06359336674303193,6.5
ME01,2008-05-08 15:00:00+00:00,1.3185349442846894e-07,5.911541190553218e-08,2.2358864722871972e-07,0.118256,17.42037,0.3290100000000393,35.245902,0.060413698405880324,6.5
ME01,2008-05-08 16:00:00+00:00,1.517544886445691e-06,3.909394731129317e-08,2.6733068637197883e-08,0.113741,17.186725,0.15735299999994368,1.639344,0.05739301348558631,6.5
ME01,2008-05-08 17:00:00+00:00,1.2519284557463263e-06,4.2075191340375964e-08,2.499021297864631e-08,0.121769,16.495327,0.30040100000007897,0.819672,0.054523362811306986,6.5
ME01,2008-05-08 18:00:00+00:00,1.203065578011972e-06,4.2491966654049325e-08,2.8976762135907537e-08,0.122271,13.462712,0.6437149999999292,0.0,0.051797194670741634,6.25
ME01,2008-05-08 19:00:00+00:00,1.7965549476649207e-06,1.2061452600940286e-07,3.5746191635206643e-07,0.133309,12.356475,0.12874299999998584,0.0,0.04920733493720455,6.25
ME01,2008-05-08 20:00:00+00:00,4.1609006163142947e-07,5.2194635489514486e-08,2.8898907441317976e-08,0.133811,12.01316,-0.21457199999997556,0.0,0.04674696819034432,6.25
ME01,2008-05-08 21:00:00+00:00,3.572894388975269e-07,5.2756498181975956e-08,2.397046405753137e-08,0.141839,12.04177,-0.014304000000038286,0.0,0.0444096197808271,6.25
ME01,2008-05-08 22:00:00+00:00,9.5339537260695e-07,5.187720998289426e-08,1.6359864334197185e-08,0.137825,11.512493,0.07152300000007017,0.0,0.04218913879178574,6.25
ME01,2008-05-08 23:00:00+00:00,1.509414654054204e-06,4.862766722405668e-08,2.349035403800017e-08,0.138327,11.560175,0.15735299999994368,0.409836,0.04007968185219645,6.25
ME01,2008-05-09 00:00:00+00:00,3.365579034705588e-07,5.314026858998271e-08,2.4956959966881475e-08,0.154383,11.57448,0.7009350000000723,0.409836,0.03807569775958663,6.0
ME01,2008-05-09 01:00:00+00:00,3.575891640263523e-07,5.7343415724991477e-08,7.334834862811059e-09,0.146355,10.444402,0.5435820000000149,0.0,0.036171912871607294,6.0
ME01,2008-05-09 02:00:00+00:00,2.1876556032382414e-07,5.560676782593835e-08,1.1463015677376953e-08,0.145853,10.01049,0.2574859999999717,0.0,0.03436331722802693,6.0
ME01,2008-05-09 03:00:00+00:00,1.1508876702578345e-06,5.1470550672610805e-08,3.1575771088373165e-08,0.141337,9.962808,0.05721900000003188,0.0,0.03264515136662558,6.0
ME01,2008-05-09 04:00:00+00:00,1.676004164036189e-07,4.861032604042061e-08,4.65505062557374e-08,0.153881,9.662407,0.32900999999992564,0.0,0.031012893798294302,6.0
ME01,2008-05-09 05:00:00+00:00,1.4754630857219087e-07,5.068713110741757e-08,5.014821824165875e-08,0.153881,12.01316,-0.6437149999999292,0.0,0.029462249108379586,6.0
ME01,2008-05-09 06:00:00+00:00,1.2072765043575834e-07,5.5262348847386425e-08,5.6840202430780313e-08,0.140334,15.794393,-0.6294110000000046,1.639344,0.027989136652960607,5.875
ME01,2008-05-09 07:00:00+00:00,1.3579266956793172e-07,5.286370629455961e-08,3.994727858157209e-08,0.149867,17.658783,-0.4863630000000967,0.0,0.026589679820312576,5.875
ME01,2008-05-09 08:00:00+00:00,3.1396922736066505e-06,5.7945404560763634e-08,3.758376571982126e-08,0.140835,17.072287,-0.24318099999993592,1.229508,0.025260195829296946,5.875
ME01,2008-05-09 09:00:00+00:00,1.4922286434268198e-06,6.309273299081945e-08,5.445169153783179e-08,0.136821,17.992562,0.42914299999995364,35.655738,0.0239971860378321,5.875
ME01,2008-05-09 10:00:00+00:00,1.4514741825178416e-06,5.843935910806475e-08,3.764421479353975e-08,0.137825,18.416937,0.17165799999997944,66.803279,0.022797326735940492,5.875
ME01,2008-05-09 11:00:00+00:00,1.934915603375724e-06,5.620528995939738e-08,4.90260453970715e-08,0.132807,17.987793,-0.11443799999995008,22.540984,0.021657460399143468,5.875
ME01,2008-05-09 12:00:00+00:00,7.068473994735499e-07,5.903659021526134e-08,4.17247103149387e-08,0.133811,18.631509,0.04291399999999612,42.213115,0.020574587379186295,5.75
ME01,2008-05-09 13:00:00+00:00,4.978005257672545e-07,5.826684259745977e-08,4.186426355832725e-08,0.125783,18.126073,0.2860960000000432,30.737705,0.01954585801022698,5.75
ME01,2008-05-09 14:00:00+00:00,7.470968037939112e-07,6.58803230964265e-08,5.793305355709119e-08,0.137825,18.278657,0.21457199999997556,18.032787,0.018568565109715628,5.75
ME01,2008-05-09 15:00:00+00:00,9.111096630497295e-07,5.9090643888704796e-08,3.72321073587363e-08,0.138327,17.353614,0.3290100000000393,22.131148,0.017640136854229844,5.75
ME01,2008-05-09 16:00:00+00:00,1.3720333685039677e-06,6.51679268383325e-08,2.8214878949612167e-08,0.146355,16.128171,0.8153729999999086,22.540984,0.016758130011518352,5.75
ME01,2008-05-09 17:00:00+00:00,1.1271096728918432e-06,7.326928545241616e-08,4.0012612218932994e-08,0.133811,14.344841,0.3290100000000393,22.540984,0.015920223510942435,5.75
ME01,2008-05-09 18:00:00+00:00,2.3473566495558966e-06,1.0593314929324499e-07,4.09232012275735e-08,0.146355,12.709327,-0.07152399999995396,2.868852,0.015124212335395312,5.625
ME01,2008-05-09 19:00:00+00:00,2.458797188319939e-06,1.1918945603198373e-07,3.13706868098659e-08,0.141839,12.637803,-0.0429149999999936,8.606557,0.014368001718625546,5.625
ME01,2008-05-09 20:00:00+00:00,4.0945104038731774e-07,1.1258069383922655e-07,2.844084884675326e-08,0.145853,12.737936,-0.3004000000000815,2.868852,0.013649601632694268,5.625
ME01,2008-05-09 21:00:00+00:00,9.376382784508503e-07,9.936459910916292e-08,2.7895882727618883e-08,0.153379,13.16708,0.31470500000000357,18.442623,0.012967121551059554,5.625
ME01,2008-05-09 22:00:00+00:00,1.0335744550849635e-06,8.481163619348299e-08,1.2128545282977688e-08,0.154383,13.391188,0.17165799999997944,19.262295,0.012318765473506575,5.625
ME01,2008-05-09 23:00:00+00:00,6.328554803451746e-07,7.114951175884633e-08,1.0974064212201263e-08,0.170439,12.494755,0.6580200000000787,8.606557,0.011702827199831246,5.625
ME01,2008-05-10 00:00:00+00:00,7.436636084613344e-07,7.106450924878986e-08,2.8891303865624918e-08,0.162411,12.327866,0.6294100000000071,26.229508,0.011117685839839683,5.5
ME01,2008-05-10 01:00:00+00:00,6.404574556293269e-07,6.63789994794767e-08,5.860644616855418e-08,0.157895,12.451841,0.27179100000000744,31.147541,0.010561801547847699,5.5
ME01,2008-05-10 02:00:00+00:00,3.817148296318417e-07,6.464548684885749e-08,1.1463013892786036e-07,0.157895,12.418463,0.14304799999990792,16.803279,0.010033711470455313,5.5
ME01,2008-05-10 03:00:00+00:00,6.914639309441332e-07,6.814317171633987e-08,2.1821673763777902e-07,0.165923,12.61873,0.25748600000008537,29.098361,0.009532025896932547,5.5
ME01,2008-05-10 04:00:00+00:00,3.4091789138849593e-07,6.820105730264111e-08,7.674803078724177e-08,0.17345,11.908259,-0.11443800000006377,19.262295,0.009055424602085919,5.5
ME01,2008-05-10 05:00:00+00:00,5.224976275590984e-07,6.988363574220498e-08,4.1409498363193385e-08,0.170941,12.051307,1.0156400000000758,38.114754,0.008602653371981623,5.5
ME01,2008-05-10 06:00:00+00:00,4.4166942611051757e-07,7.487255650492079e-08,9.356317441976832e-08,0.194523,13.13847,-0.11443800000006377,50.0,0.00817252070338254,5.375
ME01,2008-05-10 07:00:00+00:00,2.9944021322839278e-06,7.527230508141236e-08,2.719407620933902e-08,0.178467,15.026702,-0.4005339999999933,42.622951,0.007763894668213413,5.375
ME01,2008-05-10 08:00:00+00:00,1.7366982841809698e-06,8.418968726631031e-08,6.160544530758967e-08,0.191011,15.880221,0.12874299999998584,54.098361,0.007375699934802742,5.375
ME01,2008-05-10 09:00:00+00:00,2.310019807945189e-06,8.411052762190784e-08,1.3212243577937086e-07,0.199541,15.870685,0.4434479999999894,72.95082,0.03700691493806261,5.375
ME01,2008-05-10 10:00:00+00:00,1.240775844448069e-06,8.127529765457598e-08,8.565013315919237e-08,0.182983,16.614534,-0.45775300000002517,56.557377,0.060156569191159484,5.375
ME01,2008-05-10 11:00:00+00:00,6.578169004090368e-07,7.865732658889471e-08,1.345579000421264e-07,0.199541,16.676521,-0.22887699999989763,71.721311,0.057148740731601505,5.375
ME01,2008-05-10 12:00:00+00:00,9.269889191086981e-07,8.414740955420763e-08,1.4352580289407772e-07,0.183485,16.557315,0.3433149999999614,72.540984,0.05429130369502143,5.25
ME01,2008-05-10 13:00:00+00:00,5.217680806116283e-07,8.302078279439001e-08,3.5910426565602544e-08,0.178969,16.600229,0.35761999999999716,53.278689,0.05157673851027036,5.25
ME01,2008-05-10 14:00:00+00:00,6.762085785729784e-07,2.4452390802576183e-07,3.44477415251941e-08,0.178969,15.203128,0.2574859999999717,62.704918,0.04899790158475684,5.25
ME01,2008-05-10 15:00:00+00:00,8.319967889306676e-07,1.9001444886780077e-07,2.3103745063313732e-08,0.179471,14.607095,-0.11443799999995008,66.803279,0.04654800650551899,5.25
ME01,2008-05-10 16:00:00+00:00,7.215677337712788e-07,1.651446097204168e-07,2.29434091977682e-08,0.175958,14.011062,-0.21457199999997556,35.245902,0.04422060618024304,5.25
ME01,2008-05-10 17:00:00+00:00,1.904956298947209e-06,1.5151063762940834e-07,4.475804122428615e-08,0.170941,13.767881,-0.18596200000001772,7.786885,0.057009575871230886,5.25
ME01,2008-05-10 18:00:00+00:00,1.7006335280569252e-06,9.264796362162804e-08,2.4392053931237334e-08,0.174955,13.376883,-0.27179100000000744,33.196721,0.05415909707766934,5.125
ME01,2008-05-10 19:00:00+00:00,1.1925686536713682e-06,8.175039628029324e-08,1.7175554280255748e-08,0.158397,13.066946,-0.8296780000000581,25.0,0.05145114222378587,5.125
ME01,2008-05-10 20:00:00+00:00,9.893798398835945e-07,1.5408724872041123e-07,2.6144438684901084e-07,0.154383,13.391188,-0.2860959999999295,2.459016,0.04887858511259657,5.125
ME01,2008-05-10 21:00:00+00:00,1.5078082352781822e-06,7.956270629511682e-08,1.6270707442188895e-08,0.165923,12.761778,-0.3576189999999997,32.786885,0.04643465585696674,5.125
ME01,2008-05-10 22:00:00+00:00,5.210065806404202e-07,7.869980949365693e-08,1.5413692451286792e-08,0.174955,11.522029,0.11443799999995008,30.737705,0.0441129230641184,5.125
ME01,2008-05-10 23:00:00+00:00,5.470830344021132e-07,8.123574379265318e-08,9.201539996392633e-09,0.170941,11.202556,-0.22887700000001132,21.311475,0.041907276910912485,5.125
ME01,2008-05-11 00:00:00+00:00,5.770750592828362e-07,8.286484408177666e-08,1.0192087066922054e-08,0.170439,10.959374,0.0429149999999936,44.262295,0.039811913065366855,5.0
ME01,2008-05-11 01:00:00+00:00,4.0778700191124345e-07,8.317103364940269e-08,1.0455265934323349e-08,0.186997,10.363342,0.17165699999998196,38.934426,0.03782131741209851,5.0
ME01,2008-05-11 02:00:00+00:00,4.4239360514932813e-07,7.758100998029278e-08,1.2192248986706676e-08,0.191011,10.358573,0.10013400000002548,60.655738,0.03593025154149358,5.0
ME01,2008-05-11 03:00:00+00:00,4.340620171583986e-07,7.206126060950974e-08,1.9169691873333873e-08,0.178467,10.267976,-0.21457199999997556,38.934426,0.0341337389644189,5.0
ME01,2008-05-11 04:00:00+00:00,3.7558737375305786e-07,7.13516148156305e-08,4.266792232456565e-08,0.178467,10.644669,-0.12874299999998584,26.229508,0.03242705201619796,5.0
ME01,2008-05-11 05:00:00+00:00,3.730992518349318e-07,6.96918152321282e-08,2.7049299801511238e-08,0.178467,10.949838,-0.3290100000000393,27.868852,0.03080569941538806,5.0
ME01,2008-05-11 06:00:00+00:00,4.03187268033507e-07,6.749507943938467e-08,2.2886069473534344e-08,0.179471,11.359908,-0.5864970000000085,22.95082,0.029265414444618654,4.5625
ME01,2008-05-11 07:00:00+00:00,3.3061621574746676e-06,6.709509964993453e-08,2.511022256219637e-08,0.169937,11.90349,-0.21457099999997808,0.409836,0.02780214372238772,4.5625
ME01,2008-05-11 08:00:00+00:00,7.920351210979466e-07,6.397165709533996e-08,5.2342190413474985e-08,0.170941,11.893954,-0.1430480000000216,17.213115,0.02641203653626833,4.5625
ME01,2008-05-11 09:00:00+00:00,1.1233915344582767e-06,6.204828198065467e-08,8.943102102188963e-08,0.169937,15.250811,-1.1157739999999876,12.295082,0.04009143470945492,4.5625
ME01,2008-05-11 10:00:00+00:00,1.4627077141189334e-06,5.8035752846844434e-08,6.577680537224476e-08,0.182983,12.442304,-0.05721900000003188,12.295082,0.058086862973982176,4.5625
ME01,2008-05-11 11:00:00+00:00,1.6650206153876606e-06,7.969188905882905e-08,2.305726776938906e-07,0.174453,12.160977,0.22887700000001132,13.934426,0.07518251982528307,4.5625
ME01,2008-05-11 12:00:00+00:00,1.447622192827613e-06,7.426824918200015e-08,2.4442997037486123e-07,0.166425,14.259012,-0.47205799999994724,21.311475,0.10142339383401891,4.125
ME01,2008-05-11 13:00:00+00:00,6.901092664046061e-07,5.312051498129631e-08,7.623808256346085e-08,0.170439,12.580584,0.3003999999999678,6.147541,0.12135222414231797,4.125
ME01,2008-05-11 14:00:00+00:00,1.6111895694608375e-06,7.06734335854856e-08,2.652697963981097e-07,0.174955,12.652108,0.31470600000000104,10.655738,0.14028461293520206,4.125
ME01,2008-05-11 15:00:00+00:00,3.877585180341233e-07,5.893256876254186e-08,1.0701537878163928e-07,0.162411,12.690254,-0.1430480000000216,4.508197,0.16327038228844196,4.125
ME01,2008-05-11 16:00:00+00:00,4.0721898243013834e-07,5.362114691915558e-08,3.661892540944195e-08,0.162411,12.389853,-0.2574859999999717,0.0,0.18510686317401984,4.125
ME01,2008-05-11 17:00:00+00:00,1.0655850536648712e-06,6.200386016760867e-08,9.76432565260376e-08,0.170439,12.118062,0.05721900000003188,3.278689,0.24085152001531884,4.125
ME01,2008-05-11 18:00:00+00:00,3.443489879240577e-06,7.41367276022476e-08,1.0985314953725358e-07,0.158397,12.046538,-0.10013400000002548,0.0,0.24380894401455291,3.6875
ME01,2008-05-11 19:00:00+00:00,7.176365368388634e-07,7.522740246403934e-08,2.2014608292959543e-08,0.161909,11.736601,-0.07152399999995396,0.819672,0.26661849681382527,3.6875
ME01,2008-05-11 20:00:00+00:00,4.406742181007027e-07,7.359502290545673e-08,1.2360044048629222e-08,0.170941,11.707992,-0.22887600000001385,0.409836,0.27828757197313403,3.6875
ME01,2008-05-11 21:00:00+00:00,4.524446217629298e-07,6.502867604021165e-08,5.236253721241929e-08,0.166927,11.407591,0.014304999999922074,0.0,0.2693731933744773,3.6875
ME01,2008-05-11 22:00:00+00:00,4.034029471430628e-07,5.860473226767316e-08,2.5913546557233456e-08,0.166927,11.407591,0.014304999999922074,0.0,0.2709045337057534,3.6875
ME01,2008-05-11 23:00:00+00:00,6.314164481711458e-07,5.167129346076394e-08,1.1482096453323655e-08,0.166927,11.27408,0.7724580000000287,0.409836,0.27235930702046574,3.6875
ME01,2008-05-12 00:00:00+00:00,4.166916474939061e-07,4.8587665979928235e-08,2.2619591078546317e-08,0.169937,11.336067,0.1430480000000216,0.0,0.26874134166944247,3.25
ME01,2008-05-12 01:00:00+00:00,6.795911045147699e-07,4.7848683333390165e-08,1.1166113477271812e-08,0.182983,11.731833,0.5149719999999434,0.409836,0.2553042745859703,3.25
ME01,2008-05-12 02:00:00+00:00,1.0011209371601719e-06,4.6114804336773534e-08,1.210726823353472e-08,0.174453,11.831966,-0.27179099999989376,0.0,0.2475390608566718,3.25
ME01,2008-05-12 03:00:00+00:00,8.245053992264911e-07,4.1627867959220146e-08,2.9400113053873944e-08,0.174955,11.731833,0.37192499999991924,2.04918,0.2401621078138382,3.25
ME01,2008-05-12 04:00:00+00:00,3.898291666715973e-07,4.396228765440275e-08,3.433333598096558e-08,0.166425,11.665077,0.05721900000003188,2.459016,0.2331540024231463,3.25
ME01,2008-05-12 05:00:00+00:00,4.77249750333831e-07,4.6424803030819605e-08,2.771077636912888e-08,0.162411,13.243372,-0.7009349999999586,0.0,0.22149630230198897,3.25
ME01,2008-05-12 06:00:00+00:00,1.9246733301598333e-05,3.0975806234084563e-07,5.913930459230487e-08,0.162411,15.532138,-0.8439820000000964,9.016393,0.21042148718688952,4.2625
ME01,2008-05-12 07:00:00+00:00,4.0571664006857136e-05,5.903395421629395e-08,2.7639975793324242e-08,0.166425,16.714667,-0.24318099999993592,18.032787,0.20990041282754504,4.2625
ME01,2008-05-12 08:00:00+00:00,8.952173800976152e-06,5.441925952703838e-08,3.268193030284609e-08,0.163415,17.258249,-0.47205800000006093,32.377049,0.2094053921861678,4.2625
ME01,2008-05-12 09:00:00+00:00,3.3505824748035923e-06,5.249918831716411e-08,4.8521148409618406e-08,0.174955,16.366584,0.25748600000008537,42.622951,0.21393512257685943,4.2625
ME01,2008-05-12 10:00:00+00:00,1.6555610384677172e-06,5.4461395174505864e-08,7.610727863793447e-08,0.166927,17.358383,-0.07152400000006764,52.868852,0.21823836644801645,4.2625
ME01,2008-05-12 11:00:00+00:00,5.434317041604616e-07,5.9291608623594225e-08,7.126917779713717e-08,0.191513,16.171085,0.42914300000006733,57.786885,0.22732644812561564,4.2625
ME01,2008-05-12 12:00:00+00:00,4.1932362986060015e-07,5.454863820150398e-08,4.070730866319779e-08,0.163415,14.444974,-0.100133000000028,32.786885,0.21596012571933484,5.275
ME01,2008-05-12 13:00:00+00:00,5.923991935977919e-07,5.874060953600803e-08,1.2737983247556937e-07,0.166927,15.536906,0.35761999999999716,34.016393,0.2151621194333681,5.275
ME01,2008-05-12 14:00:00+00:00,3.1307893820190037e-07,5.388241896491718e-08,5.2092439560819686e-08,0.162913,16.204463,0.27179100000000744,40.983607,0.2044040134616997,5.275
ME01,2008-05-12 15:00:00+00:00,2.9622902607903893e-07,5.8223492637529925e-08,3.92011659433452e-08,0.167429,15.899294,0.1573519999999462,37.295082,0.1941838127886147,5.275
ME01,2008-05-12 16:00:00+00:00,8.179707226703581e-07,5.903751410118841e-08,9.957267549194985e-08,0.167429,15.131604,0.4005339999999933,19.262295,0.18447462214918398,5.275
ME01,2008-05-12 17:00:00+00:00,2.226526666769366e-06,8.136390339886503e-08,2.3231417510267558e-07,0.162913,13.782186,0.24318200000004708,29.918033,0.17525089104172478,5.275
ME01,2008-05-12 18:00:00+00:00,4.460574536221349e-06,7.731700098915147e-08,7.223706080784752e-08,0.183485,12.413694,0.41483800000003157,42.213115,0.20648834648963854,6.2875
ME01,2008-05-12 19:00:00+00:00,2.3141189485325674e-06,8.608499495209097e-08,2.494553456398671e-08,0.154885,13.086019,-0.48636199999998553,13.934426,0.1961639291651566,6.2875
ME01,2008-05-12 20:00:00+00:00,5.621785759185205e-07,7.283863762462199e-08,6.139753949101073e-08,0.179973,12.957276,0.1573519999999462,33.196721,0.18635573270689876,6.2875
ME01,2008-05-12 21:00:00+00:00,1.25253137101013e-06,6.55245306467847e-08,5.0957482508313556e-08,0.171443,12.494755,0.25748699999996916,22.95082,0.17703794607155382,6.2875
ME01,2008-05-12 22:00:00+00:00,3.0864460537455746e-07,6.34724754142909e-08,2.3067522256364032e-08,0.175457,12.571047,0.5578860000000532,27.459016,0.16818604876797613,6.2875
ME01,2008-05-12 23:00:00+00:00,1.282396131255029e-06,6.4169168036748e-08,1.048493605466095e-07,0.170941,12.551974,-0.2431810000000496,1.229508,0.1597767463295773,6.2875
ME01,2008-05-13 00:00:00+00:00,2.745193624939916e-07,6.626421496461487e-08,6.880190197620041e-08,0.174955,12.833302,0.35761999999999716,14.754098,0.15178790901309844,7.3
ME01,2008-05-13 01:00:00+00:00,2.6108224924495543e-07,7.029538481104414e-08,9.746061875460243e-08,0.178969,12.652108,0.5292770000000928,31.557377,0.1441985135624435,7.3
ME01,2008-05-13 02:00:00+00:00,2.475685285051053e-07,6.695982840194801e-08,2.108887056109381e-08,0.182983,12.199123,0.2574859999999717,8.606557,0.13698858788432133,7.3
ME01,2008-05-13 03:00:00+00:00,9.506158161038219e-07,8.975399833101184e-08,1.5631739402055512e-07,0.179471,12.027465,0.42914299999995364,22.131148,0.13013915849010527,7.3
ME01,2008-05-13 04:00:00+00:00,8.16975190489079e-07,1.1724228760793742e-07,2.1956169473980286e-07,0.186495,12.037002,0.028610000000071523,22.95082,0.1236322005656,7.3
ME01,2008-05-13 05:00:00+00:00,2.721489745209336e-07,9.131177718917561e-08,2.6029782949166057e-07,0.179471,12.551974,-0.17165700000009565,37.704918,0.11745059053731999,7.3
ME01,2008-05-13 06:00:00+00:00,2.5755020618951e-07,1.2048991517817656e-07,3.236843470262459e-07,0.192015,13.49609,-0.12874399999998332,14.754098,0.11157806101045398,8.55
ME01,2008-05-13 07:00:00+00:00,4.969645848957747e-07,1.46173295122611e-07,4.581803582146951e-07,0.198537,13.310128,-0.04291399999999612,27.868852,0.11599915795993126,8.55
ME01,2008-05-13 08:00:00+00:00,3.5390162116393197e-06,1.293319366336559e-07,4.6020114422242897e-07,0.183987,14.435438,-0.17165699999998196,26.639344,0.1251992000619347,8.55
ME01,2008-05-13 09:00:00+00:00,8.009221699650816e-06,1.2428966660653132e-06,1.0778500144171909e-07,0.186997,13.829868,0.6008010000000468,32.377049,0.13893924005883795,8.55
ME01,2008-05-13 10:00:00+00:00,6.9707407062929515e-06,8.957779505609038e-07,1.419991839705694e-07,0.183485,14.311463,-0.1859630000000152,52.04918,0.16199227805589606,8.55
ME01,2008-05-13 11:00:00+00:00,3.825216586136405e-06,7.542487901736811e-07,6.585422372062285e-08,0.192015,13.63437,0.40053499999999076,39.754098,0.18889266415310124,8.55
ME01,2008-05-13 12:00:00+00:00,1.041160583325926e-05,8.760790201655183e-07,1.0683943029841816e-07,0.178969,13.047873,0.11443799999995008,9.836066,0.21444803094544618,9.8
ME01,2008-05-13 13:00:00+00:00,6.110410691426891e-06,6.189552937456926e-07,1.0876336033798636e-07,0.178969,13.047873,0.11443799999995008,9.836066,0.24872562939817386,9.8
ME01,2008-05-13 14:00:00+00:00,8.641948351758907e-07,1.9730449414006886e-07,4.816333653661578e-08,0.183485,12.518596,0.5292769999999791,57.786885,0.27628934792826515,9.8
ME01,2008-05-13 15:00:00+00:00,1.8513957254386125e-06,1.5952185776974733e-07,4.8018373665538506e-08,0.163415,12.246805,-0.4577529999999115,3.688525,0.3724748805318519,9.8
ME01,2008-05-13 16:00:00+00:00,2.952998179595351e-07,1.384124094246996e-07,3.739265611242296e-08,0.170941,11.951173,0.07152399999995396,8.196721,0.39385113650525927,9.8
ME01,2008-05-13 17:00:00+00:00,9.939930422009519e-07,1.2931797287851322e-07,4.535725414734332e-08,0.170941,11.846271,-0.2002669999999398,36.885246,0.43415857967999627,9.8
ME01,2008-05-13 18:00:00+00:00,1.3219931525821303e-06,1.224945621632203e-07,2.6558581180265954e-08,0.166927,11.817662,-0.5149730000000545,16.393443,0.44745065069599643,11.05
ME01,2008-05-13 19:00:00+00:00,8.272608794025873e-07,1.1886650646006977e-07,2.90030465382506e-08,0.162913,11.955941,-0.41483800000003157,25.409836,0.45507811816119664,11.05
ME01,2008-05-13 20:00:00+00:00,4.0254295247766064e-07,1.1608723275416286e-07,6.11598179718953e-08,0.178467,12.15144,-0.37192499999991924,14.344262,0.4573242122531368,11.05
ME01,2008-05-13 21:00:00+00:00,2.2106458160908606e-06,2.824191377056807e-07,9.698256989959481e-08,0.175457,12.04177,-0.04291399999999612,10.655738,0.46445800164047996,11.05
ME01,2008-05-13 22:00:00+00:00,4.023182534016576e-07,9.982599763326365e-08,6.148910281359209e-08,0.182983,12.037002,0.2574859999999717,0.0,0.47123510155845594,11.05
ME01,2008-05-13 23:00:00+00:00,4.0462693315543805e-07,8.754011055667041e-08,4.979178648808509e-08,0.183485,11.979783,0.5721909999999752,0.0,0.44767334648053314,11.05
