time,station,S_log_scaled,T_log_scaled,Y_log_scaled,CO2_3_scaled,AirTemp_3_scaled,Patm_3_scaled,WindSpeed_scaled,Rain_scaled,CO2_SO2_scaled
2008-04-12 00:00:00+00:00,ME01,-1.1447079318921336,0.3765281640865264,-1.386551932580993,-1.4554850248901254,0.36032675275432496,-1.9616108947042876,-0.6744907594765952,-0.12358065410923252,1.2151131239425688
2008-04-12 00:10:00+00:00,ME01,-0.8908907297429707,-0.8139396631776744,-1.349344312361209,-1.4554850248901254,0.36032675275432496,-1.9616108947042876,-0.6744907594765952,-0.12358065410923252,1.2151131239425688
2008-04-12 00:20:00+00:00,ME01,-0.937013271502312,1.4666057400670414,-1.3170236001788784,-1.4554850248901254,0.36032675275432496,-1.9616108947042876,-0.6744907594765952,-0.12358065410923252,1.2151131239425688
2008-04-12 00:30:00+00:00,ME01,-1.0072801743898663,-0.5566805053312871,-1.3152318032159676,-1.4554850248901254,0.36032675275432496,-1.9616108947042876,-0.6744907594765952,-0.12358065410923252,1.2151131239425688
2008-04-12 00:40:00+00:00,ME01,-0.8362838284561245,7.841066423325637,-1.310560002661392,-1.4554850248901254,0.36032675275432496,-1.9616108947042876,-0.6744907594765952,-0.12358065410923252,1.2151131239425688
2008-04-12 00:50:00+00:00,ME01,21.53164247211158,81.25862209623168,-1.3770925050336627,-1.4554850248901254,0.36032675275432496,-1.9616108947042876,-0.6744907594765952,-0.12358065410923252,1.2151131239425688
2008-04-12 01:00:00+00:00,ME01,-0.6174680015726298,12.790101045753788,-1.1704329782836989,-1.8341431939165673,1.681097839150098,-1.9935393688208056,-0.3570832920003521,-0.12358065410923252,1.2151131239425688
2008-04-12 01:10:00+00:00,ME01,-0.39966854543100705,9.828500160961646,-1.3647368298893146,-1.8341431939165673,1.681097839150098,-1.9935393688208056,-0.3570832920003521,-0.12358065410923252,1.2151131239425688
2008-04-12 01:20:00+00:00,ME01,-0.611022257807569,6.069864891084548,-1.46278241594137,-1.8341431939165673,1.681097839150098,-1.9935393688208056,-0.3570832920003521,-0.12358065410923252,1.2151131239425688
2008-04-12 01:30:00+00:00,ME01,-0.5402504983288171,4.647251618042166,-1.439450591341863,-1.8341431939165673,1.681097839150098,-1.9935393688208056,-0.3570832920003521,-0.12358065410923252,1.2151131239425688
2008-04-12 01:40:00+00:00,ME01,-0.5943665763116874,11.856639784584665,-1.3220873135920777,-1.8341431939165673,1.681097839150098,-1.9935393688208056,-0.3570832920003521,-0.12358065410923252,1.2151131239425688
2008-04-12 01:50:00+00:00,ME01,-0.560639131757432,51.79879217826978,-1.4025791989478367,-1.8341431939165673,1.681097839150098,-1.9935393688208056,-0.3570832920003521,-0.12358065410923252,1.2151131239425688
2008-04-12 02:00:00+00:00,ME01,-0.7366487024297085,58.097850661456164,-1.491413169836226,-1.479115785064795,0.7180889085068692,-2.081342812142458,-0.6744907594765952,-0.12358065410923252,1.2151131239425688
2008-04-12 02:10:00+00:00,ME01,-0.6493729116143001,38.30209738233392,-1.4559214220693508,-1.479115785064795,0.7180889085068692,-2.081342812142458,-0.6744907594765952,-0.12358065410923252,1.2151131239425688
2008-04-12 02:20:00+00:00,ME01,-0.7018380480764989,17.577505012311608,-1.4081199966652358,-1.479115785064795,0.7180889085068692,-2.081342812142458,-0.6744907594765952,-0.12358065410923252,1.2151131239425688
2008-04-12 02:30:00+00:00,ME01,-0.39728117280561914,21.092893541865568,-0.36327157922112546,-1.479115785064795,0.7180889085068692,-2.081342812142458,-0.6744907594765952,-0.12358065410923252,1.2151131239425688
2008-04-12 02:40:00+00:00,ME01,-0.7044983962940907,16.35888754058101,-1.2953719805271935,-1.479115785064795,0.7180889085068692,-2.081342812142458,-0.6744907594765952,-0.12358065410923252,1.2151131239425688
2008-04-12 02:50:00+00:00,ME01,-0.6315489988848786,5.483188506718594,-1.2075063553032985,-1.479115785064795,0.7180889085068692,-2.081342812142458,-0.6744907594765952,-0.12358065410923252,1.2151131239425688
2008-04-12 03:00:00+00:00,ME01,-0.7828915483227009,3.0908464384963006,-1.0855444673181152,-1.6448141094033464,0.8116971696894713,-2.1372177813475925,-0.6744907594765952,-0.12358065410923252,1.2151131239425688
2008-04-12 03:10:00+00:00,ME01,-0.7246713911140863,0.9578933331911573,-1.1496496562216032,-1.6448141094033464,0.8116971696894713,-2.1372177813475925,-0.6744907594765952,-0.12358065410923252,1.2151131239425688
2008-04-12 03:20:00+00:00,ME01,-0.8716602236999359,0.8198115980576391,-1.2968489445578482,-1.6448141094033464,0.8116971696894713,-2.1372177813475925,-0.6744907594765952,-0.12358065410923252,1.2151131239425688
2008-04-12 03:30:00+00:00,ME01,-0.5886518246816954,0.3893510477093197,-1.3574091488632825,-1.6448141094033464,0.8116971696894713,-2.1372177813475925,-0.6744907594765952,-0.12358065410923252,1.2151131239425688
2008-04-12 03:40:00+00:00,ME01,-0.8651771767756812,0.43214365350518985,-1.2488996038991083,-1.6448141094033464,0.8116971696894713,-2.1372177813475925,-0.6744907594765952,-0.12358065410923252,1.2151131239425688
2008-04-12 03:50:00+00:00,ME01,-0.579639154966883,3.016872184294744,-0.40299359538359564,-1.6448141094033464,0.8116971696894713,-2.1372177813475925,-0.6744907594765952,-0.12358065410923252,1.2151131239425688
2008-04-12 04:00:00+00:00,ME01,-0.7609425359912066,-0.2383827306148268,-0.9392867403789958,-1.6684448695780159,0.5783181702165557,-2.129235802319628,-0.6744907594765952,-0.12358065410923252,1.2151131239425688
2008-04-12 04:10:00+00:00,ME01,-0.8034610479148899,-0.4633483890852505,-0.8063237460096414,-1.6684448695780159,0.5783181702165557,-2.129235802319628,-0.6744907594765952,-0.12358065410923252,1.2151131239425688
2008-04-12 04:20:00+00:00,ME01,-0.8184340995508967,1.2138698644252282,-0.6767880692876956,-1.6684448695780159,0.5783181702165557,-2.129235802319628,-0.6744907594765952,-0.12358065410923252,1.2151131239425688
2008-04-12 04:30:00+00:00,ME01,-0.7756557209332514,-0.3857788181401556,-0.7850826820581253,-1.6684448695780159,0.5783181702165557,-2.129235802319628,-0.6744907594765952,-0.12358065410923252,1.2151131239425688
2008-04-12 04:40:00+00:00,ME01,-0.808673081082816,-0.7251424670003076,-0.5798457172042639,-1.6684448695780159,0.5783181702165557,-2.129235802319628,-0.6744907594765952,-0.12358065410923252,1.2151131239425688
2008-04-12 04:50:00+00:00,ME01,-0.5728149666202605,-0.5332631813064265,-0.0995267530288456,-1.6684448695780159,0.5783181702165557,-2.129235802319628,-0.6744907594765952,-0.12358065410923252,1.2151131239425688
2008-04-12 05:00:00+00:00,ME01,-0.8158617621768071,-0.6289418585525489,-0.34083415362990394,-1.0768268558636842,0.34109220800988266,-2.189101621537556,-0.6744907594765952,-0.12358065410923252,1.2151131239425688
2008-04-12 05:10:00+00:00,ME01,-0.7079596376806805,-0.4889513769157953,-0.23348418441479699,-1.0768268558636842,0.34109220800988266,-2.189101621537556,-0.6744907594765952,-0.12358065410923252,1.2151131239425688
2008-04-12 05:20:00+00:00,ME01,-0.7885135237825959,-0.6037413711120625,-0.25149001506613344,-1.0768268558636842,0.34109220800988266,-2.189101621537556,-0.6744907594765952,-0.12358065410923252,1.2151131239425688
2008-04-12 05:30:00+00:00,ME01,-0.5794114210998275,-0.5611132133530721,-0.3861250299256524,-1.0768268558636842,0.34109220800988266,-2.189101621537556,-0.6744907594765952,-0.12358065410923252,1.2151131239425688
2008-04-12 05:40:00+00:00,ME01,-0.23474628213968268,0.2551352594807711,-0.16298078362507726,-1.0768268558636842,0.34109220800988266,-2.189101621537556,-0.6744907594765952,-0.12358065410923252,1.2151131239425688
2008-04-12 05:50:00+00:00,ME01,-0.5864977568017288,-0.004148817061509564,-0.11907887368679845,-1.0768268558636842,0.34109220800988266,-2.189101621537556,-0.6744907594765952,-0.12358065410923252,1.2151131239425688
2008-04-12 06:00:00+00:00,ME01,-0.6211447980045866,-0.6492183446251913,0.10803435223443564,-1.479115785064795,0.653973849000176,-1.8498609562940502,-0.6744907594765952,-0.12358065410923252,0.8032103700637317
2008-04-12 06:10:00+00:00,ME01,-0.7681799253059193,-0.7207871646493669,0.01058958965028209,-1.479115785064795,0.653973849000176,-1.8498609562940502,-0.6744907594765952,-0.12358065410923252,0.8032103700637317
2008-04-12 06:20:00+00:00,ME01,-0.5300555594998099,-0.6353486713091303,0.24981231943999993,-1.479115785064795,0.653973849000176,-1.8498609562940502,-0.6744907594765952,-0.12358065410923252,0.8032103700637317
2008-04-12 06:30:00+00:00,ME01,-0.6289842231702031,-0.7187619637090411,0.2927595206619818,-1.479115785064795,0.653973849000176,-1.8498609562940502,-0.6744907594765952,-0.12358065410923252,0.8032103700637317
2008-04-12 06:40:00+00:00,ME01,-0.5815093123846009,-0.49160692345436285,0.36251976127700475,-1.479115785064795,0.653973849000176,-1.8498609562940502,-0.6744907594765952,-0.12358065410923252,0.8032103700637317
2008-04-12 06:50:00+00:00,ME01,-0.6279300628179562,-0.5540337080561917,0.16753126071107344,-1.479115785064795,0.653973849000176,-1.8498609562940502,-0.6744907594765952,-0.12358065410923252,0.8032103700637317
2008-04-12 07:00:00+00:00,ME01,-0.5052909559565084,-0.5125028812438946,0.10329623343040213,-1.502793712425442,1.606724122711938,-1.6622806826052643,-0.6744907594765952,-0.12358065410923252,0.8032103700637317
2008-04-12 07:10:00+00:00,ME01,-0.6468429266929884,-0.40024763260682966,0.1310005607560385,-1.502793712425442,1.606724122711938,-1.6622806826052643,-0.6744907594765952,-0.12358065410923252,0.8032103700637317
2008-04-12 07:20:00+00:00,ME01,-0.4661726657573528,-0.5741215988766857,0.28733732180837934,-1.502793712425442,1.606724122711938,-1.6622806826052643,-0.6744907594765952,-0.12358065410923252,0.8032103700637317
2008-04-12 07:30:00+00:00,ME01,-0.6476349175969113,-0.5163081627697704,0.21321371088471047,-1.502793712425442,1.606724122711938,-1.6622806826052643,-0.6744907594765952,-0.12358065410923252,0.8032103700637317
2008-04-12 07:40:00+00:00,ME01,-0.458422567556509,-0.5847481684008091,0.18311779057374555,-1.502793712425442,1.606724122711938,-1.6622806826052643,-0.6744907594765952,-0.12358065410923252,0.8032103700637317
2008-04-12 07:50:00+00:00,ME01,-0.22565233309241375,14.91239552922014,0.20270455019070266,-1.502793712425442,1.606724122711938,-1.6622806826052643,-0.6744907594765952,-0.12358065410923252,0.8032103700637317
2008-04-12 08:00:00+00:00,ME01,-0.32877483284601244,-0.6168416294521875,0.14370572225079595,-1.479115785064795,1.4566949964145008,-1.4627270218709973,-0.2777314493336072,-0.12358065410923252,0.8032103700637317
2008-04-12 08:10:00+00:00,ME01,-0.3685100288164092,-0.39689909691917064,0.06887128570813873,-1.479115785064795,1.4566949964145008,-1.4627270218709973,-0.2777314493336072,-0.12358065410923252,0.8032103700637317
2008-04-12 08:20:00+00:00,ME01,-0.576334031045958,-0.41517513624390495,0.0684054388094591,-1.479115785064795,1.4566949964145008,-1.4627270218709973,-0.2777314493336072,-0.12358065410923252,0.8032103700637317
2008-04-12 08:30:00+00:00,ME01,-0.5427453269235076,-0.5560146185110736,0.3766499786077184,-1.479115785064795,1.4566949964145008,-1.4627270218709973,-0.2777314493336072,-0.12358065410923252,0.8032103700637317
2008-04-12 08:40:00+00:00,ME01,-0.514745777922307,3.9619157695427876,0.37274525815446286,-1.479115785064795,1.4566949964145008,-1.4627270218709973,-0.2777314493336072,-0.12358065410923252,0.8032103700637317
2008-04-12 08:50:00+00:00,ME01,-0.2441429042887314,0.8417747549277168,0.4564332085820368,-1.479115785064795,1.4566949964145008,-1.4627270218709973,-0.2777314493336072,-0.12358065410923252,0.8032103700637317
2008-04-12 09:00:00+00:00,ME01,0.12580389425781138,0.47540568818995027,0.17240506083074514,-1.4554850248901254,1.8875483684110574,-1.2192717789770768,-0.2777314493336072,-0.12358065410923252,0.8032103700637317
2008-04-12 09:10:00+00:00,ME01,-0.4966890862260641,-0.6020735537817091,0.20732946507157884,-1.4554850248901254,1.8875483684110574,-1.2192717789770768,-0.2777314493336072,-0.12358065410923252,0.8032103700637317
2008-04-12 09:20:00+00:00,ME01,-0.30172103375589665,-0.37732761780798807,0.22576547303148947,-1.4554850248901254,1.8875483684110574,-1.2192717789770768,-0.2777314493336072,-0.12358065410923252,0.8032103700637317
2008-04-12 09:30:00+00:00,ME01,-0.45221171132096327,-0.4552783748337004,0.06378462179606975,-1.4554850248901254,1.8875483684110574,-1.2192717789770768,-0.2777314493336072,-0.12358065410923252,0.8032103700637317
2008-04-12 09:40:00+00:00,ME01,-0.3769462283797,-0.27460358223583026,0.40353738851113796,-1.4554850248901254,1.8875483684110574,-1.2192717789770768,-0.2777314493336072,-0.12358065410923252,0.8032103700637317
2008-04-12 09:50:00+00:00,ME01,-0.37188184367087174,-0.4721259773434155,0.3666402018171893,-1.4554850248901254,1.8875483684110574,-1.2192717789770768,-0.2777314493336072,-0.12358065410923252,0.8032103700637317
2008-04-12 10:00:00+00:00,ME01,-0.4240927601278813,-0.3479120728128342,0.845456417143955,-1.5974582546820528,2.074764352927574,-1.1434414436985283,3.332777972858867,-0.12358065410923252,0.8032103700637317
2008-04-12 10:10:00+00:00,ME01,-0.37356919333956146,-0.37257255427499975,0.3534522738096269,-1.5974582546820528,2.074764352927574,-1.1434414436985283,3.332777972858867,-0.12358065410923252,0.8032103700637317
2008-04-12 10:20:00+00:00,ME01,-0.5697937719271837,3.183924145878318,0.4273978136557363,-1.5974582546820528,2.074764352927574,-1.1434414436985283,3.332777972858867,-0.12358065410923252,0.8032103700637317
2008-04-12 10:30:00+00:00,ME01,-0.28803958585835976,1.334050973892352,0.8804389013145021,-1.5974582546820528,2.074764352927574,-1.1434414436985283,3.332777972858867,-0.12358065410923252,0.8032103700637317
2008-04-12 10:40:00+00:00,ME01,-0.42358032560200876,-0.4073218098231581,0.3560848810305064,-1.5974582546820528,2.074764352927574,-1.1434414436985283,3.332777972858867,-0.12358065410923252,0.8032103700637317
2008-04-12 10:50:00+00:00,ME01,-0.35427576619827994,-0.27438329462836497,0.06112502794307852,-1.5974582546820528,2.074764352927574,-1.1434414436985283,3.332777972858867,-0.12358065410923252,0.8032103700637317
2008-04-12 11:00:00+00:00,ME01,-0.402894253780204,-0.2128131546766815,0.2162376969325977,-1.9524856635338244,2.0657881961902556,-1.031691505288291,2.102824217905794,-0.12358065410923252,0.8032103700637317
2008-04-12 11:10:00+00:00,ME01,-0.31795662796191615,-0.38237385270216356,-0.025212168106573223,-1.9524856635338244,2.0657881961902556,-1.031691505288291,2.102824217905794,-0.12358065410923252,0.8032103700637317
2008-04-12 11:20:00+00:00,ME01,-0.3873860374594611,-0.4043210400213893,-0.31520889572913824,-1.9524856635338244,2.0657881961902556,-1.031691505288291,2.102824217905794,-0.12358065410923252,0.8032103700637317
2008-04-12 11:30:00+00:00,ME01,-0.38634185853600284,-0.3182625954638505,-0.2452144632506334,-1.9524856635338244,2.0657881961902556,-1.031691505288291,2.102824217905794,-0.12358065410923252,0.8032103700637317
2008-04-12 11:40:00+00:00,ME01,-0.17824163599307694,-0.3364656015008082,0.0164733029481019,-1.9524856635338244,2.0657881961902556,-1.031691505288291,2.102824217905794,-0.12358065410923252,0.8032103700637317
2008-04-12 11:50:00+00:00,ME01,-0.3824026049920566,-0.42636310402445654,-0.12283667493865583,-1.9524856635338244,2.0657881961902556,-1.031691505288291,2.102824217905794,-0.12358065410923252,0.8032103700637317
2008-04-12 12:00:00+00:00,ME01,-0.3173530452228496,-0.2999976056790531,0.1699328278978745,-1.9524856635338244,2.3248131656809794,-1.0356826343034617,1.071250069619583,-0.12358065410923252,0.3913076161848948
2008-04-12 12:10:00+00:00,ME01,-0.0953472712006349,-0.16274222514927725,0.055373638895124505,-1.9524856635338244,2.3248131656809794,-1.0356826343034617,1.071250069619583,-0.12358065410923252,0.3913076161848948
2008-04-12 12:20:00+00:00,ME01,-0.2887052389469765,-0.23189666745540186,-0.12113325851749308,-1.9524856635338244,2.3248131656809794,-1.0356826343034617,1.071250069619583,-0.12358065410923252,0.3913076161848948
2008-04-12 12:30:00+00:00,ME01,-0.1804558329719241,-0.13919269049171573,-0.1439384823697171,-1.9524856635338244,2.3248131656809794,-1.0356826343034617,1.071250069619583,-0.12358065410923252,0.3913076161848948
2008-04-12 12:40:00+00:00,ME01,-0.12488735071760834,-0.2831214008522091,0.05489455829285617,-1.9524856635338244,2.3248131656809794,-1.0356826343034617,1.071250069619583,-0.12358065410923252,0.3913076161848948
2008-04-12 12:50:00+00:00,ME01,-0.2858885919908439,-0.38547033217796334,-0.0968663703418455,-1.9524856635338244,2.3248131656809794,-1.0356826343034617,1.071250069619583,-0.12358065410923252,0.3913076161848948
2008-04-12 13:00:00+00:00,ME01,0.020046794115554236,0.04320303435941918,0.09594422615309639,-2.118136820686398,1.924734957705793,-1.0596291293920468,-0.476111152809733,-0.12358065410923252,0.3913076161848948
2008-04-12 13:10:00+00:00,ME01,0.255315310685455,-0.1432936362252251,0.1951344811703779,-2.118136820686398,1.924734957705793,-1.0596291293920468,-0.476111152809733,-0.12358065410923252,0.3913076161848948
2008-04-12 13:20:00+00:00,ME01,0.24620063640045675,-0.02927378464123389,-0.15911253257247265,-2.118136820686398,1.924734957705793,-1.0596291293920468,-0.476111152809733,-0.12358065410923252,0.3913076161848948
2008-04-12 13:30:00+00:00,ME01,0.46323659983300136,0.003198294051693743,0.056012510975594655,-2.118136820686398,1.924734957705793,-1.0596291293920468,-0.476111152809733,-0.12358065410923252,0.3913076161848948
2008-04-12 13:40:00+00:00,ME01,0.5548135650186014,-0.0283771078562325,0.31093881473710766,-2.118136820686398,1.924734957705793,-1.0596291293920468,-0.476111152809733,-0.12358065410923252,0.3913076161848948
2008-04-12 13:50:00+00:00,ME01,0.6190461741249172,0.008826100876767945,0.2115867715658349,-2.118136820686398,1.924734957705793,-1.0596291293920468,-0.476111152809733,-0.12358065410923252,0.3913076161848948
2008-04-12 14:00:00+00:00,ME01,0.6715264219732833,-0.08408733175952086,-0.05396867891787923,-2.49679498971284,1.9516634279177498,-1.0875664744934255,1.309305597619818,-0.12358065410923252,0.3913076161848948
2008-04-12 14:10:00+00:00,ME01,0.6915560488481467,-0.10975566907138598,0.09972634064387054,-2.49679498971284,1.9516634279177498,-1.0875664744934255,1.309305597619818,-0.12358065410923252,0.3913076161848948
2008-04-12 14:20:00+00:00,ME01,0.8384784566947902,-0.175176526330094,0.0877524842406436,-2.49679498971284,1.9516634279177498,-1.0875664744934255,1.309305597619818,-0.12358065410923252,0.3913076161848948
2008-04-12 14:30:00+00:00,ME01,0.8962552274885429,0.8956249185297632,0.18807862437747377,-2.49679498971284,1.9516634279177498,-1.0875664744934255,1.309305597619818,-0.12358065410923252,0.3913076161848948
2008-04-12 14:40:00+00:00,ME01,0.7749518932249675,-0.06043123380421545,0.26598496355894985,-2.49679498971284,1.9516634279177498,-1.0875664744934255,1.309305597619818,-0.12358065410923252,0.3913076161848948
2008-04-12 14:50:00+00:00,ME01,1.046651594722135,2.66114861550336,0.10601871129168994,-2.49679498971284,1.9516634279177498,-1.0875664744934255,1.309305597619818,-0.12358065410923252,0.3913076161848948
2008-04-12 15:00:00+00:00,ME01,0.8550054126205514,0.2141654188164959,-0.18057559841307008,-2.118136820686398,1.4810587351625046,-1.0396737633186328,-0.07935184266674487,-0.12358065410923252,0.3913076161848948
2008-04-12 15:10:00+00:00,ME01,0.9317912537154203,1.4893821825890274,0.014534752639374255,-2.118136820686398,1.4810587351625046,-1.0396737633186328,-0.07935184266674487,-0.12358065410923252,0.3913076161848948
2008-04-12 15:20:00+00:00,ME01,0.9441800853517254,-0.020738501346302705,0.009616680374936043,-2.118136820686398,1.4810587351625046,-1.0396737633186328,-0.07935184266674487,-0.12358065410923252,0.3913076161848948
2008-04-12 15:30:00+00:00,ME01,0.9119692934975576,0.08272003911092385,-0.19508535861145845,-2.118136820686398,1.4810587351625046,-1.0396737633186328,-0.07935184266674487,-0.12358065410923252,0.3913076161848948
2008-04-12 15:40:00+00:00,ME01,0.8341405241901624,-0.15006064108833478,-0.004850199330573371,-2.118136820686398,1.4810587351625046,-1.0396737633186328,-0.07935184266674487,-0.12358065410923252,0.3913076161848948
2008-04-12 15:50:00+00:00,ME01,0.9436747736348745,-0.05559786092065057,0.013128064416590333,-2.118136820686398,1.4810587351625046,-1.0396737633186328,-0.07935184266674487,-0.12358065410923252,0.3913076161848948
2008-04-12 16:00:00+00:00,ME01,1.0040449103258446,0.09592257932544028,-0.20353635722536284,-2.1418147480470453,1.246397504419785,-1.043664613331395,1.8250926717629234,-0.12358065410923252,0.3913076161848948
2008-04-12 16:10:00+00:00,ME01,1.0018692659385213,-0.06424828289231162,-0.1654420078407416,-2.1418147480470453,1.246397504419785,-1.043664613331395,1.8250926717629234,-0.12358065410923252,0.3913076161848948
2008-04-12 16:20:00+00:00,ME01,0.8341778682608364,0.044329311260864694,-0.20749507334860623,-2.1418147480470453,1.246397504419785,-1.043664613331395,1.8250926717629234,-0.12358065410923252,0.3913076161848948
2008-04-12 16:30:00+00:00,ME01,0.7504630221563655,0.22798390199644447,-0.08393849098003543,-2.1418147480470453,1.246397504419785,-1.043664613331395,1.8250926717629234,-0.12358065410923252,0.3913076161848948
2008-04-12 16:40:00+00:00,ME01,0.6889472646949295,0.571558585819579,-0.04688387400253147,-2.1418147480470453,1.246397504419785,-1.043664613331395,1.8250926717629234,-0.12358065410923252,0.3913076161848948
2008-04-12 16:50:00+00:00,ME01,0.7901574398776925,0.14509840849937963,-0.13990143101459745,-2.1418147480470453,1.246397504419785,-1.043664613331395,1.8250926717629234,-0.12358065410923252,0.3913076161848948
2008-04-12 17:00:00+00:00,ME01,0.796262341686644,0.24664648146149612,-0.18275834254974144,-2.5441036772481564,0.9989131542059887,-0.9398969329514993,-0.6744907594765952,-0.12358065410923252,0.3913076161848948
2008-04-12 17:10:00+00:00,ME01,0.8609998707132466,0.11563340177017647,-0.13125854623139793,-2.5441036772481564,0.9989131542059887,-0.9398969329514993,-0.6744907594765952,-0.12358065410923252,0.3913076161848948
2008-04-12 17:20:00+00:00,ME01,0.567867372323323,3.7542276711276585,-0.16302050325385858,-2.5441036772481564,0.9989131542059887,-0.9398969329514993,-0.6744907594765952,-0.12358065410923252,0.3913076161848948
2008-04-12 17:30:00+00:00,ME01,0.4617642556595957,1.6589424829887225,-0.15393173460413984,-2.5441036772481564,0.9989131542059887,-0.9398969329514993,-0.6744907594765952,-0.12358065410923252,0.3913076161848948
2008-04-12 17:40:00+00:00,ME01,0.6977331280041948,0.6105413346543273,-0.23414079629479914,-2.5441036772481564,0.9989131542059887,-0.9398969329514993,-0.6744907594765952,-0.12358065410923252,0.3913076161848948
2008-04-12 17:50:00+00:00,ME01,0.6662781555310393,0.5008881475285579,-0.2537268960612596,-2.5441036772481564,0.9989131542059887,-0.9398969329514993,-0.6744907594765952,-0.12358065410923252,0.3913076161848948
2008-04-12 18:00:00+00:00,ME01,0.6831390649049277,5.537123949022986,-0.1693699431782855,-1.9997943510691412,0.8399076022468892,-0.824155865526091,5.0388427838124095,-0.12358065410923252,-0.02059513769394214
2008-04-12 18:10:00+00:00,ME01,0.4059491984352577,3.086591484329754,-0.1405375114351308,-1.9997943510691412,0.8399076022468892,-0.824155865526091,5.0388427838124095,-0.12358065410923252,-0.02059513769394214
2008-04-12 18:20:00+00:00,ME01,0.7743865339885747,10.650684671417249,-0.37106227860568014,-1.9997943510691412,0.8399076022468892,-0.824155865526091,5.0388427838124095,-0.12358065410923252,-0.02059513769394214
2008-04-12 18:30:00+00:00,ME01,0.6175651452755511,7.210701726154674,-0.30742056527038963,-1.9997943510691412,0.8399076022468892,-0.824155865526091,5.0388427838124095,-0.12358065410923252,-0.02059513769394214
2008-04-12 18:40:00+00:00,ME01,0.374287185641676,3.4950730171882993,-0.27993833056812356,-1.9997943510691412,0.8399076022468892,-0.824155865526091,5.0388427838124095,-0.12358065410923252,-0.02059513769394214
2008-04-12 18:50:00+00:00,ME01,0.5004033733702135,0.3457664845877723,-0.5394555878616883,-1.9997943510691412,0.8399076022468892,-0.824155865526091,5.0388427838124095,-0.12358065410923252,-0.02059513769394214
2008-04-12 19:00:00+00:00,ME01,0.3490055213931966,0.2282105990240895,-0.6848985509070539,-1.8341431939165673,-0.028210567019589898,-0.5407898904853108,-0.6348148381432227,-0.12358065410923252,-0.02059513769394214
2008-04-12 19:10:00+00:00,ME01,0.5762401103158521,0.015980326322031963,-0.39145556395405895,-1.8341431939165673,-0.028210567019589898,-0.5407898904853108,-0.6348148381432227,-0.12358065410923252,-0.02059513769394214
2008-04-12 19:20:00+00:00,ME01,0.3832512726655664,0.17833174132208943,-0.782387496061376,-1.8341431939165673,-0.028210567019589898,-0.5407898904853108,-0.6348148381432227,-0.12358065410923252,-0.02059513769394214
2008-04-12 19:30:00+00:00,ME01,0.25214212493108334,0.28248976805643305,-0.7714640570525443,-1.8341431939165673,-0.028210567019589898,-0.5407898904853108,-0.6348148381432227,-0.12358065410923252,-0.02059513769394214
2008-04-12 19:40:00+00:00,ME01,0.34660304838360717,0.3401465864873323,-0.8809109580441947,-1.8341431939165673,-0.028210567019589898,-0.5407898904853108,-0.6348148381432227,-0.12358065410923252,-0.02059513769394214
2008-04-12 19:50:00+00:00,ME01,0.4942869449892245,0.3824871731732222,-0.8141576187962941,-1.8341431939165673,-0.028210567019589898,-0.5407898904853108,-0.6348148381432227,-0.12358065410923252,-0.02059513769394214
2008-04-12 20:00:00+00:00,ME01,0.19383920770489665,0.7639032372135064,-0.8715182424020429,-2.023472278429788,-0.2192735142698636,-0.4050937359888656,-0.476111152809733,-0.12358065410923252,-0.02059513769394214
2008-04-12 20:10:00+00:00,ME01,0.2730706106687558,0.7318875610374133,-0.8987785675028774,-2.023472278429788,-0.2192735142698636,-0.4050937359888656,-0.476111152809733,-0.12358065410923252,-0.02059513769394214
2008-04-12 20:20:00+00:00,ME01,0.4228534625481917,2.575147838038398,-0.9495927891545166,-2.023472278429788,-0.2192735142698636,-0.4050937359888656,-0.476111152809733,-0.12358065410923252,-0.02059513769394214
2008-04-12 20:30:00+00:00,ME01,0.13290813459824316,0.46574494491331225,-0.954323692942941,-2.023472278429788,-0.2192735142698636,-0.4050937359888656,-0.476111152809733,-0.12358065410923252,-0.02059513769394214
2008-04-12 20:40:00+00:00,ME01,0.34006951083062525,0.17335740308176864,-0.9023754795316913,-2.023472278429788,-0.2192735142698636,-0.4050937359888656,-0.476111152809733,-0.12358065410923252,-0.02059513769394214
2008-04-12 20:50:00+00:00,ME01,0.30612522972426154,1.5399110996828291,-1.0492564868225187,-2.023472278429788,-0.2192735142698636,-0.4050937359888656,-0.476111152809733,-0.12358065410923252,-0.02059513769394214
2008-04-12 21:00:00+00:00,ME01,0.3229589050563455,1.312239511478131,-1.1083924348177439,-1.6448141094033464,-0.3090348127187089,-0.2574239154445623,-0.6744907594765952,-0.12358065410923252,-0.02059513769394214
2008-04-12 21:10:00+00:00,ME01,0.20657991511109716,1.6019202079843742,-0.981719098591774,-1.6448141094033464,-0.3090348127187089,-0.2574239154445623,-0.6744907594765952,-0.12358065410923252,-0.02059513769394214
2008-04-12 21:20:00+00:00,ME01,0.22065297639473855,2.2812752068042634,-0.9751889678152106,-1.6448141094033464,-0.3090348127187089,-0.2574239154445623,-0.6744907594765952,-0.12358065410923252,-0.02059513769394214
2008-04-12 21:30:00+00:00,ME01,0.24209634295099963,0.5784017699279435,-0.9838836964499327,-1.6448141094033464,-0.3090348127187089,-0.2574239154445623,-0.6744907594765952,-0.12358065410923252,-0.02059513769394214
2008-04-12 21:40:00+00:00,ME01,0.1306737554094212,1.8033017559532483,-0.9683438453776845,-1.6448141094033464,-0.3090348127187089,-0.2574239154445623,-0.6744907594765952,-0.12358065410923252,-0.02059513769394214
2008-04-12 21:50:00+00:00,ME01,0.412001284889431,3.9067179382567696,-0.9751018347430443,-1.6448141094033464,-0.3090348127187089,-0.2574239154445623,-0.6744907594765952,-0.12358065410923252,-0.02059513769394214
2008-04-12 22:00:00+00:00,ME01,0.19296014213513163,0.1067640852838956,-1.1318929298943463,-1.479115785064795,0.028210567019588944,-0.2654061734749041,0.476111152809733,-0.12358065410923252,-0.02059513769394214
2008-04-12 22:10:00+00:00,ME01,0.0404719984646027,0.23161094920320138,-1.1012407639052084,-1.479115785064795,0.028210567019588944,-0.2654061734749041,0.476111152809733,-0.12358065410923252,-0.02059513769394214
2008-04-12 22:20:00+00:00,ME01,0.14180942061818796,0.07192666923160679,-1.0347874929202254,-1.479115785064795,0.028210567019588944,-0.2654061734749041,0.476111152809733,-0.12358065410923252,-0.02059513769394214
2008-04-12 22:30:00+00:00,ME01,0.24677687845341012,0.08657290858383787,-1.0604220745542767,-1.479115785064795,0.028210567019588944,-0.2654061734749041,0.476111152809733,-0.12358065410923252,-0.02059513769394214
2008-04-12 22:40:00+00:00,ME01,0.09636796821751328,0.7351846606140214,-1.126586665990136,-1.479115785064795,0.028210567019588944,-0.2654061734749041,0.476111152809733,-0.12358065410923252,-0.02059513769394214
2008-04-12 22:50:00+00:00,ME01,0.29750312643967586,0.7023303163960111,-1.143569692621326,-1.479115785064795,0.028210567019588944,-0.2654061734749041,0.476111152809733,-0.12358065410923252,-0.02059513769394214
2008-04-12 23:00:00+00:00,ME01,0.020890633020427703,3.672561791032634,-1.1287747907165306,-0.6981215196512648,-0.31801096945602747,-0.1416831270215311,1.983796357096413,-0.12358065410923252,-0.02059513769394214
2008-04-12 23:10:00+00:00,ME01,0.07944550939381606,0.10531824990467586,-1.08937227556716,-0.6981215196512648,-0.31801096945602747,-0.1416831270215311,1.983796357096413,-0.12358065410923252,-0.02059513769394214
2008-04-12 23:20:00+00:00,ME01,0.03671554882213094,0.0722561004243975,-1.2283033652700803,-0.6981215196512648,-0.31801096945602747,-0.1416831270215311,1.983796357096413,-0.12358065410923252,-0.02059513769394214
2008-04-12 23:30:00+00:00,ME01,0.11714510752614951,0.08542482666093407,-1.2600255947550096,-0.6981215196512648,-0.31801096945602747,-0.1416831270215311,1.983796357096413,-0.12358065410923252,-0.02059513769394214
2008-04-12 23:40:00+00:00,ME01,0.11607492179954285,0.11673501072890946,-1.2194486366891437,-0.6981215196512648,-0.31801096945602747,-0.1416831270215311,1.983796357096413,-0.12358065410923252,-0.02059513769394214
2008-04-12 23:50:00+00:00,ME01,0.013975810022383937,0.039084782360499504,-1.1927890103782037,-0.6981215196512648,-0.31801096945602747,-0.1416831270215311,1.983796357096413,-0.12358065410923252,-0.02059513769394214
2008-04-13 00:00:00+00:00,ME01,-0.0267252455072904,0.6047893715667247,-1.2455947377854115,-1.1004576160383537,-0.5295906927205486,-0.16562934310773889,2.3408797459060287,-0.12358065410923252,-0.43249789157277907
2008-04-13 00:10:00+00:00,ME01,0.09623312505231782,1.1316290840571366,-1.200074742028286,-1.1004576160383537,-0.5295906927205486,-0.16562934310773889,2.3408797459060287,-0.12358065410923252,-0.43249789157277907
2008-04-13 00:20:00+00:00,ME01,0.020481238548900396,0.11788835051206457,-1.1445784238147225,-1.1004576160383537,-0.5295906927205486,-0.16562934310773889,2.3408797459060287,-0.12358065410923252,-0.43249789157277907
2008-04-13 00:30:00+00:00,ME01,0.0398734151950844,0.07342179334490093,-1.3300924622377854,-1.1004576160383537,-0.5295906927205486,-0.16562934310773889,2.3408797459060287,-0.12358065410923252,-0.43249789157277907
2008-04-13 00:40:00+00:00,ME01,-0.011962059640181167,0.34867942383719885,-1.2326151015736608,-1.1004576160383537,-0.5295906927205486,-0.16562934310773889,2.3408797459060287,-0.12358065410923252,-0.43249789157277907
2008-04-13 00:50:00+00:00,ME01,0.015642254506747777,0.04714204038239929,-1.2107283601817773,-1.1004576160383537,-0.5295906927205486,-0.16562934310773889,2.3408797459060287,-0.12358065410923252,-0.43249789157277907
2008-04-13 01:00:00+00:00,ME01,0.023902062452029964,0.12449429898606776,-1.3608774586063395,-0.9348064588857798,-0.7437351474490221,-0.20154894623945943,-0.6744907594765952,-0.12358065410923252,-0.43249789157277907
2008-04-13 01:10:00+00:00,ME01,0.06306725823772015,0.19796250723825287,-1.2642163826858839,-0.9348064588857798,-0.7437351474490221,-0.20154894623945943,-0.6744907594765952,-0.12358065410923252,-0.43249789157277907
2008-04-13 01:20:00+00:00,ME01,-0.10977222387708825,0.23849827334397644,-1.373042977527293,-0.9348064588857798,-0.7437351474490221,-0.20154894623945943,-0.6744907594765952,-0.12358065410923252,-0.43249789157277907
2008-04-13 01:30:00+00:00,ME01,-0.1348979685066648,8.309002045515022,-1.2712540430644674,-0.9348064588857798,-0.7437351474490221,-0.20154894623945943,-0.6744907594765952,-0.12358065410923252,-0.43249789157277907
2008-04-13 01:40:00+00:00,ME01,-0.1931509205009465,0.37995131084107026,-1.3204958814673584,-0.9348064588857798,-0.7437351474490221,-0.20154894623945943,-0.6744907594765952,-0.12358065410923252,-0.43249789157277907
2008-04-13 01:50:00+00:00,ME01,-0.18857007988598642,0.017386502360166634,-1.3397724497396155,-0.9348064588857798,-0.7437351474490221,-0.20154894623945943,-0.6744907594765952,-0.12358065410923252,-0.43249789157277907
2008-04-13 02:00:00+00:00,ME01,-0.12832589931187624,-0.053929979434549996,-1.4210908929519164,-1.147813470759648,-0.6180694909752454,-0.16163821409259968,2.261527903239284,-0.12358065410923252,-0.43249789157277907
2008-04-13 02:10:00+00:00,ME01,-0.2631277631315278,-0.008319496883743008,-1.4425032951119778,-1.147813470759648,-0.6180694909752454,-0.16163821409259968,2.261527903239284,-0.12358065410923252,-0.43249789157277907
2008-04-13 02:20:00+00:00,ME01,-0.23296328846138595,0.0831139599912003,-1.4206605463017643,-1.147813470759648,-0.6180694909752454,-0.16163821409259968,2.261527903239284,-0.12358065410923252,-0.43249789157277907
2008-04-13 02:30:00+00:00,ME01,-0.1472065374043412,-0.1436397927647986,-1.3379707307107493,-1.147813470759648,-0.6180694909752454,-0.16163821409259968,2.261527903239284,-0.12358065410923252,-0.43249789157277907
2008-04-13 02:40:00+00:00,ME01,-0.31570693768660796,-0.0264751889151667,-1.2286132084094308,-1.147813470759648,-0.6180694909752454,-0.16163821409259968,2.261527903239284,-0.12358065410923252,-0.43249789157277907
2008-04-13 02:50:00+00:00,ME01,-0.33519080345307717,0.24389931041001015,-1.393882091206285,-1.147813470759648,-0.6180694909752454,-0.16163821409259968,2.261527903239284,-0.12358065410923252,-0.43249789157277907
2008-04-13 03:00:00+00:00,ME01,-0.33026267078009724,-0.17591727130097626,-1.4091399763314314,-0.769155301733206,-0.5244614987169867,-0.2614150444597332,0.6744907594765952,-0.12358065410923252,-0.43249789157277907
2008-04-13 03:10:00+00:00,ME01,-0.35518876502675,-0.19276559219466394,-1.4236654798644386,-0.769155301733206,-0.5244614987169867,-0.2614150444597332,0.6744907594765952,-0.12358065410923252,-0.43249789157277907
2008-04-13 03:20:00+00:00,ME01,-0.21972102060442988,-0.23121262699949519,-1.3626564033487967,-0.769155301733206,-0.5244614987169867,-0.2614150444597332,0.6744907594765952,-0.12358065410923252,-0.43249789157277907
2008-04-13 03:30:00+00:00,ME01,-0.4191232593895237,-0.038522862676270336,-1.3825596710056178,-0.769155301733206,-0.5244614987169867,-0.2614150444597332,0.6744907594765952,-0.12358065410923252,-0.43249789157277907
2008-04-13 03:40:00+00:00,ME01,-0.2524102279185252,0.12289597664028905,-1.2927072340817745,-0.769155301733206,-0.5244614987169867,-0.2614150444597332,0.6744907594765952,-0.12358065410923252,-0.43249789157277907
2008-04-13 03:50:00+00:00,ME01,-0.24723093745519295,0.6632318374747262,-1.2084137386969807,-0.769155301733206,-0.5244614987169867,-0.2614150444597332,0.6744907594765952,-0.12358065410923252,-0.43249789157277907
2008-04-13 04:00:00+00:00,ME01,-0.4837986267891778,0.012929964509805192,-1.2563934007325837,-0.8164639892685227,-0.346221402013445,-0.297334647591422,1.0315741482862109,-0.12358065410923252,-0.43249789157277907
2008-04-13 04:10:00+00:00,ME01,-0.3497160089465535,0.003068261354924477,-1.186039451961269,-0.8164639892685227,-0.346221402013445,-0.297334647591422,1.0315741482862109,-0.12358065410923252,-0.43249789157277907
2008-04-13 04:20:00+00:00,ME01,-0.5261985013752711,-0.19410524380893596,-1.157883107591897,-0.8164639892685227,-0.346221402013445,-0.297334647591422,1.0315741482862109,-0.12358065410923252,-0.43249789157277907
2008-04-13 04:30:00+00:00,ME01,-0.42716847488613935,0.045407962562127806,-0.8278367545526567,-0.8164639892685227,-0.346221402013445,-0.297334647591422,1.0315741482862109,-0.12358065410923252,-0.43249789157277907
2008-04-13 04:40:00+00:00,ME01,-0.5128106056057137,-0.017839454371700956,-0.8819669539392223,-0.8164639892685227,-0.346221402013445,-0.297334647591422,1.0315741482862109,-0.12358065410923252,-0.43249789157277907
2008-04-13 04:50:00+00:00,ME01,-0.46693105447334055,0.03570837159330235,-0.8717367073218508,-0.8164639892685227,-0.346221402013445,-0.297334647591422,1.0315741482862109,-0.12358065410923252,-0.43249789157277907
2008-04-13 05:00:00+00:00,ME01,-0.45845855970373933,-0.012220436666698746,-0.8650570644856433,-1.1241355433990008,-0.143617835486243,-0.20953120426976954,-0.6744907594765952,-0.12358065410923252,-0.43249789157277907
2008-04-13 05:10:00+00:00,ME01,-0.4146705288290901,0.3134040820552389,-0.2823640887489967,-1.1241355433990008,-0.143617835486243,-0.20953120426976954,-0.6744907594765952,-0.12358065410923252,-0.43249789157277907
2008-04-13 05:20:00+00:00,ME01,-0.34711155620171197,0.025838414544119927,-0.20272192805900802,-1.1241355433990008,-0.143617835486243,-0.20953120426976954,-0.6744907594765952,-0.12358065410923252,-0.43249789157277907
2008-04-13 05:30:00+00:00,ME01,-0.4716874454888546,-0.23291891313901653,-0.6645144392310579,-1.1241355433990008,-0.143617835486243,-0.20953120426976954,-0.6744907594765952,-0.12358065410923252,-0.43249789157277907
2008-04-13 05:40:00+00:00,ME01,-0.37510802394206977,0.022717596253997403,-0.7804774973126065,-1.1241355433990008,-0.143617835486243,-0.20953120426976954,-0.6744907594765952,-0.12358065410923252,-0.43249789157277907
2008-04-13 05:50:00+00:00,ME01,-0.488775070707644,-0.16434727435375576,-0.6702274411264172,-1.1241355433990008,-0.143617835486243,-0.20953120426976954,-0.6744907594765952,-0.12358065410923252,-0.43249789157277907
2008-04-13 06:00:00+00:00,ME01,-0.4872671999900266,-0.21232839489870733,-0.8105763419956538,-1.1714913981202943,0.005129328465733254,-0.02594205959615453,-0.6744907594765952,-0.12358065410923252,-0.23684408348033167
2008-04-13 06:10:00+00:00,ME01,-0.33815134850747125,-0.01658140008461804,-0.5004737964642645,-1.1714913981202943,0.005129328465733254,-0.02594205959615453,-0.6744907594765952,-0.12358065410923252,-0.23684408348033167
2008-04-13 06:20:00+00:00,ME01,-0.5184304912181805,-0.21778512268352543,-0.6711670735851674,-1.1714913981202943,0.005129328465733254,-0.02594205959615453,-0.6744907594765952,-0.12358065410923252,-0.23684408348033167
2008-04-13 06:30:00+00:00,ME01,-0.5178916856456212,-0.20958756540627904,-0.46936505102899134,-1.1714913981202943,0.005129328465733254,-0.02594205959615453,-0.6744907594765952,-0.12358065410923252,-0.23684408348033167
2008-04-13 06:40:00+00:00,ME01,-0.4164104398934802,-0.2142288864785588,-0.5632807199968428,-1.1714913981202943,0.005129328465733254,-0.02594205959615453,-0.6744907594765952,-0.12358065410923252,-0.23684408348033167
2008-04-13 06:50:00+00:00,ME01,-0.5514860326958974,-0.030023492664882908,-0.5856625476365303,-1.1714913981202943,0.005129328465733254,-0.02594205959615453,-0.6744907594765952,-0.12358065410923252,-0.23684408348033167
2008-04-13 07:00:00+00:00,ME01,-0.3021624490246366,-0.31148721174744437,-0.5186354977122551,-1.1714913981202943,0.11797186546843376,0.26540617347493584,-0.039675921333372485,-0.12358065410923252,-0.23684408348033167
2008-04-13 07:10:00+00:00,ME01,-0.6353302730203085,0.05599915305745741,-0.4944602240502924,-1.1714913981202943,0.11797186546843376,0.26540617347493584,-0.039675921333372485,-0.12358065410923252,-0.23684408348033167
2008-04-13 07:20:00+00:00,ME01,-0.5753394007766498,0.1263770983420395,-0.39318450479778616,-1.1714913981202943,0.11797186546843376,0.26540617347493584,-0.039675921333372485,-0.12358065410923252,-0.23684408348033167
2008-04-13 07:30:00+00:00,ME01,-0.43365628725222577,-0.34132919711979004,-0.20820874009586637,-1.1714913981202943,0.11797186546843376,0.26540617347493584,-0.039675921333372485,-0.12358065410923252,-0.23684408348033167
2008-04-13 07:40:00+00:00,ME01,-0.3598988269106318,-0.270415281377933,-0.28512293973900554,-1.1714913981202943,0.11797186546843376,0.26540617347493584,-0.039675921333372485,-0.12358065410923252,-0.23684408348033167
2008-04-13 07:50:00+00:00,ME01,-0.4188536851567887,-0.32956577425119177,-0.16530445315342476,-1.1714913981202943,0.11797186546843376,0.26540617347493584,-0.039675921333372485,-0.12358065410923252,-0.23684408348033167
2008-04-13 08:00:00+00:00,ME01,-0.41680379435691783,-0.0013345868578918448,-0.17895666275880776,-0.5798262172199857,0.3423747082040306,0.5168433953967893,-0.6744907594765952,-0.12358065410923252,-0.23684408348033167
2008-04-13 08:10:00+00:00,ME01,-0.5815238946022372,-0.018735046717325322,-0.20426653934559236,-0.5798262172199857,0.3423747082040306,0.5168433953967893,-0.6744907594765952,-0.12358065410923252,-0.23684408348033167
2008-04-13 08:20:00+00:00,ME01,-0.4602278150539128,0.10776566048173995,-0.07176109135082687,-0.5798262172199857,0.3423747082040306,0.5168433953967893,-0.6744907594765952,-0.12358065410923252,-0.23684408348033167
2008-04-13 08:30:00+00:00,ME01,-0.5814867171591157,-0.31504725827297647,-0.10060779356050227,-0.5798262172199857,0.3423747082040306,0.5168433953967893,-0.6744907594765952,-0.12358065410923252,-0.23684408348033167
2008-04-13 08:40:00+00:00,ME01,-0.4405434834437083,-0.3174447512583267,-0.04262417211174993,-0.5798262172199857,0.3423747082040306,0.5168433953967893,-0.6744907594765952,-0.12358065410923252,-0.23684408348033167
2008-04-13 08:50:00+00:00,ME01,-0.6371479624106541,-0.18246186985175344,-0.28215446224154034,-0.5798262172199857,0.3423747082040306,0.5168433953967893,-0.6744907594765952,-0.12358065410923252,-0.23684408348033167
2008-04-13 09:00:00+00:00,ME01,-0.5718091462665401,-0.046862665760527576,-0.06150121508659901,-1.479115785064795,0.8155438634988846,0.6884594320273004,0.15870368533348983,-0.12358065410923252,-0.23684408348033167
2008-04-13 09:10:00+00:00,ME01,-0.48800676901513357,-0.2877170999824288,-0.1902933531616539,-1.479115785064795,0.8155438634988846,0.6884594320273004,0.15870368533348983,-0.12358065410923252,-0.23684408348033167
2008-04-13 09:20:00+00:00,ME01,-0.5782187202801469,-0.3349398015945496,-0.01571622652983392,-1.479115785064795,0.8155438634988846,0.6884594320273004,0.15870368533348983,-0.12358065410923252,-0.23684408348033167
2008-04-13 09:30:00+00:00,ME01,-0.4969048753072823,-0.2321758058205715,-0.01902862492350783,-1.479115785064795,0.8155438634988846,0.6884594320273004,0.15870368533348983,-0.12358065410923252,-0.23684408348033167
2008-04-13 09:40:00+00:00,ME01,-0.6222796703716211,-0.29115300608980205,-0.03138028487921004,-1.479115785064795,0.8155438634988846,0.6884594320273004,0.15870368533348983,-0.12358065410923252,-0.23684408348033167
2008-04-13 09:50:00+00:00,ME01,-0.4981047791298224,-0.25409264254914,0.030690444687840813,-1.479115785064795,0.8155438634988846,0.6884594320273004,0.15870368533348983,-0.12358065410923252,-0.23684408348033167
2008-04-13 10:00:00+00:00,ME01,-0.6308251518378453,-0.1494575362033834,0.0882296542945419,-0.10650350593693302,0.7488643414525831,0.8161736074958126,0.5951389168098503,-0.12358065410923252,-0.23684408348033167
2008-04-13 10:10:00+00:00,ME01,10.957873981307898,0.17159571969755844,1.3555461984836807,-0.10650350593693302,0.7488643414525831,0.8161736074958126,0.5951389168098503,-0.12358065410923252,-0.23684408348033167
2008-04-13 10:20:00+00:00,ME01,-0.5999794538091762,-0.0003305518225529443,-0.0973870623465999,-0.10650350593693302,0.7488643414525831,0.8161736074958126,0.5951389168098503,-0.12358065410923252,-0.23684408348033167
2008-04-13 10:30:00+00:00,ME01,-0.18330826070755002,19.70475371258695,0.08241289627033764,-0.10650350593693302,0.7488643414525831,0.8161736074958126,0.5951389168098503,-0.12358065410923252,-0.23684408348033167
2008-04-13 10:40:00+00:00,ME01,-0.49053545888690686,-0.1286930278324654,-0.07060989459574675,-0.10650350593693302,0.7488643414525831,0.8161736074958126,0.5951389168098503,-0.12358065410923252,-0.23684408348033167
2008-04-13 10:50:00+00:00,ME01,-0.5013573487052291,-0.0532634637027371,-0.15315420847350367,-0.10650350593693302,0.7488643414525831,0.8161736074958126,0.5951389168098503,-0.12358065410923252,-0.23684408348033167
2008-04-13 11:00:00+00:00,ME01,-0.5921796950820423,-0.11232760852007538,-0.15592301295892133,-1.4554850248901254,1.033535280961116,0.8441112315995685,1.2696296762864454,-0.12358065410923252,-0.23684408348033167
2008-04-13 11:10:00+00:00,ME01,-0.548376822829823,-0.19364829679003995,-0.2622653187703391,-1.4554850248901254,1.033535280961116,0.8441112315995685,1.2696296762864454,-0.12358065410923252,-0.23684408348033167
2008-04-13 11:20:00+00:00,ME01,-0.4294154389089208,-0.03537854484629846,-0.46944472986979885,-1.4554850248901254,1.033535280961116,0.8441112315995685,1.2696296762864454,-0.12358065410923252,-0.23684408348033167
2008-04-13 11:30:00+00:00,ME01,-0.42486199722810114,-0.14148086388048733,-0.5154739948701184,-1.4554850248901254,1.033535280961116,0.8441112315995685,1.2696296762864454,-0.12358065410923252,-0.23684408348033167
2008-04-13 11:40:00+00:00,ME01,-0.5260017596662823,0.1425309952290255,-0.5741618822552447,-1.4554850248901254,1.033535280961116,0.8441112315995685,1.2696296762864454,-0.12358065410923252,-0.23684408348033167
2008-04-13 11:50:00+00:00,ME01,-0.6117694422885387,-0.25650157227117065,-0.559110128460258,-1.4554850248901254,1.033535280961116,0.8441112315995685,1.2696296762864454,-0.12358065410923252,-0.23684408348033167
2008-04-13 12:00:00+00:00,ME01,-0.46619190043716363,-0.11915558056741468,-0.4831164284414661,-1.6684448695780159,1.1899761014562624,0.915950437862946,0.23805562480949827,-0.12358065410923252,-0.04119027538788428
2008-04-13 12:10:00+00:00,ME01,-0.48576287254650885,-0.1500198594872583,-0.5335388211170417,-1.6684448695780159,1.1899761014562624,0.915950437862946,0.23805562480949827,-0.12358065410923252,-0.04119027538788428
2008-04-13 12:20:00+00:00,ME01,-0.26465263525137794,-0.18923050273655936,-0.491743167962213,-1.6684448695780159,1.1899761014562624,0.915950437862946,0.23805562480949827,-0.12358065410923252,-0.04119027538788428
2008-04-13 12:30:00+00:00,ME01,-0.3903209618155065,-0.17586678437609612,-0.3952656467842759,-1.6684448695780159,1.1899761014562624,0.915950437862946,0.23805562480949827,-0.12358065410923252,-0.04119027538788428
2008-04-13 12:40:00+00:00,ME01,-0.44543168805781275,-0.10642138948210171,-0.434758370643437,-1.6684448695780159,1.1899761014562624,0.915950437862946,0.23805562480949827,-0.12358065410923252,-0.04119027538788428
2008-04-13 12:50:00+00:00,ME01,-0.4239131543836304,-0.17194760653915675,-0.4045323984588897,-1.6684448695780159,1.1899761014562624,0.915950437862946,0.23805562480949827,-0.12358065410923252,-0.04119027538788428
2008-04-13 13:00:00+00:00,ME01,2.292229716729184,0.04608272043490299,0.5588820868355797,-1.6448141094033464,0.71552444596726,0.764289767305849,1.309305597619818,-0.12358065410923252,-0.04119027538788428
2008-04-13 13:10:00+00:00,ME01,-0.5125718450509882,0.02954407482704011,-0.30877441096326597,-1.6448141094033464,0.71552444596726,0.764289767305849,1.309305597619818,-0.12358065410923252,-0.04119027538788428
2008-04-13 13:20:00+00:00,ME01,-0.37984750331317063,-0.19571168574002465,-0.2597614699344259,-1.6448141094033464,0.71552444596726,0.764289767305849,1.309305597619818,-0.12358065410923252,-0.04119027538788428
2008-04-13 13:30:00+00:00,ME01,-0.6400564314431479,-0.10588310164427996,-0.15742069499653272,-1.6448141094033464,0.71552444596726,0.764289767305849,1.309305597619818,-0.12358065410923252,-0.04119027538788428
2008-04-13 13:40:00+00:00,ME01,-0.6043009433245494,-0.329117689864489,-0.3545433989932421,-1.6448141094033464,0.71552444596726,0.764289767305849,1.309305597619818,-0.12358065410923252,-0.04119027538788428
2008-04-13 13:50:00+00:00,ME01,-0.5936801713814942,-0.20811808201409718,-0.26780780876589766,-1.6448141094033464,0.71552444596726,0.764289767305849,1.309305597619818,-0.12358065410923252,-0.04119027538788428
2008-04-13 14:00:00+00:00,ME01,-0.5565917673433455,-0.2566865778816632,-0.36729423842610115,-1.786787339195273,0.6142225282414873,0.5607452565587883,0.6744907594765952,-0.12358065410923252,-0.04119027538788428
2008-04-13 14:10:00+00:00,ME01,-0.6413801599320442,-0.06047879821158549,-0.24927778693956643,-1.786787339195273,0.6142225282414873,0.5607452565587883,0.6744907594765952,-0.12358065410923252,-0.04119027538788428
2008-04-13 14:20:00+00:00,ME01,-0.599759960641892,-0.22130013273503996,-0.2573045452308739,-1.786787339195273,0.6142225282414873,0.5607452565587883,0.6744907594765952,-0.12358065410923252,-0.04119027538788428
2008-04-13 14:30:00+00:00,ME01,-0.5406394058255788,-0.062450430143930105,-0.3360630624954512,-1.786787339195273,0.6142225282414873,0.5607452565587883,0.6744907594765952,-0.12358065410923252,-0.04119027538788428
2008-04-13 14:40:00+00:00,ME01,-0.5024300249102925,-0.14327444788093385,-0.4135115765918662,-1.786787339195273,0.6142225282414873,0.5607452565587883,0.6744907594765952,-0.12358065410923252,-0.04119027538788428
2008-04-13 14:50:00+00:00,ME01,-0.5151440311065489,-0.1595937583421221,-0.23498450825572245,-1.786787339195273,0.6142225282414873,0.5607452565587883,0.6744907594765952,-0.12358065410923252,-0.04119027538788428
2008-04-13 15:00:00+00:00,ME01,-0.45867176498380097,-0.42145288132742026,-0.33408967729278755,-1.8341431939165673,0.6885959757553033,0.4170668440320329,0.35708338880961554,-0.12358065410923252,-0.04119027538788428
2008-04-13 15:10:00+00:00,ME01,-0.5383046116922345,-0.10043533794130541,-0.3776165532904578,-1.8341431939165673,0.6885959757553033,0.4170668440320329,0.35708338880961554,-0.12358065410923252,-0.04119027538788428
2008-04-13 15:20:00+00:00,ME01,-0.5392922862285342,-0.3667387161260978,-0.1035556559139825,-1.8341431939165673,0.6885959757553033,0.4170668440320329,0.35708338880961554,-0.12358065410923252,-0.04119027538788428
2008-04-13 15:30:00+00:00,ME01,-0.6262198654170483,-0.14104837351272634,-0.12322034133137588,-1.8341431939165673,0.6885959757553033,0.4170668440320329,0.35708338880961554,-0.12358065410923252,-0.04119027538788428
2008-04-13 15:40:00+00:00,ME01,-0.48870860932648713,-0.19529252171317563,-0.21762830128512667,-1.8341431939165673,0.6885959757553033,0.4170668440320329,0.35708338880961554,-0.12358065410923252,-0.04119027538788428
2008-04-13 15:50:00+00:00,ME01,-0.6675051429810912,-0.2786959991845488,-0.3912754510141976,-1.8341431939165673,0.6885959757553033,0.4170668440320329,0.35708338880961554,-0.12358065410923252,-0.04119027538788428
2008-04-13 16:00:00+00:00,ME01,-0.5932000168866532,-0.18990857699540414,-0.15090630590098697,-2.023472278429788,0.41931261825745586,0.4050934569865519,-0.6744907594765952,-0.12358065410923252,-0.04119027538788428
2008-04-13 16:10:00+00:00,ME01,-0.33386286620075306,-0.13315750244376434,-0.2593922117850472,-2.023472278429788,0.41931261825745586,0.4050934569865519,-0.6744907594765952,-0.12358065410923252,-0.04119027538788428
2008-04-13 16:20:00+00:00,ME01,-0.5169158511580345,-0.20664486742656996,-0.2780363808669245,-2.023472278429788,0.41931261825745586,0.4050934569865519,-0.6744907594765952,-0.12358065410923252,-0.04119027538788428
2008-04-13 16:30:00+00:00,ME01,-0.5446088380410905,-0.15505300299988897,-0.2339050402893324,-2.023472278429788,0.41931261825745586,0.4050934569865519,-0.6744907594765952,-0.12358065410923252,-0.04119027538788428
2008-04-13 16:40:00+00:00,ME01,-0.49260163993626677,-0.28037534586816876,-0.3860403737029578,-2.023472278429788,0.41931261825745586,0.4050934569865519,-0.6744907594765952,-0.12358065410923252,-0.04119027538788428
2008-04-13 16:50:00+00:00,ME01,-0.42207205152828786,-0.28056711779306803,-0.3626548632687374,-2.023472278429788,0.41931261825745586,0.4050934569865519,-0.6744907594765952,-0.12358065410923252,-0.04119027538788428
2008-04-13 17:00:00+00:00,ME01,-0.615471866152015,-0.06870165468701217,-0.2374194040058042,-1.8578211212772142,0.12694775328140903,0.26540617347493584,-0.6744907594765952,-0.12358065410923252,-0.04119027538788428
2008-04-13 17:10:00+00:00,ME01,-0.6065070210086303,-0.3892508877836922,-0.07795106910504708,-1.8578211212772142,0.12694775328140903,0.26540617347493584,-0.6744907594765952,-0.12358065410923252,-0.04119027538788428
2008-04-13 17:20:00+00:00,ME01,-0.5944579818968033,0.27892326361629277,-0.18691630145358668,-1.8578211212772142,0.12694775328140903,0.26540617347493584,-0.6744907594765952,-0.12358065410923252,-0.04119027538788428
2008-04-13 17:30:00+00:00,ME01,-0.6522141520622452,1.0334140284666868,-0.36497785001611216,-1.8578211212772142,0.12694775328140903,0.26540617347493584,-0.6744907594765952,-0.12358065410923252,-0.04119027538788428
2008-04-13 17:40:00+00:00,ME01,-0.5435597918515205,-0.28188653102798766,-0.19067205068107812,-1.8578211212772142,0.12694775328140903,0.26540617347493584,-0.6744907594765952,-0.12358065410923252,-0.04119027538788428
2008-04-13 17:50:00+00:00,ME01,-0.6555296340469154,0.5354677017901852,-0.2028165121668628,-1.8578211212772142,0.12694775328140903,0.26540617347493584,-0.6744907594765952,-0.12358065410923252,-0.04119027538788428
2008-04-13 18:00:00+00:00,ME01,-0.5236000350624662,0.265825263303984,-0.15229206960344638,-1.8578211212772142,-0.22183824573381666,0.17361160113811244,-0.6348148381432227,-0.12358065410923252,0.15446353270456384
2008-04-13 18:10:00+00:00,ME01,-0.667554526460178,1.0578031476359853,-0.15775951508050104,-1.8578211212772142,-0.22183824573381666,0.17361160113811244,-0.6348148381432227,-0.12358065410923252,0.15446353270456384
2008-04-13 18:20:00+00:00,ME01,-0.6668679242956187,0.10310007030948183,-0.21810537157898932,-1.8578211212772142,-0.22183824573381666,0.17361160113811244,-0.6348148381432227,-0.12358065410923252,0.15446353270456384
2008-04-13 18:30:00+00:00,ME01,-0.3968085160137184,1.4590740898457595,-0.3471775193143076,-1.8578211212772142,-0.22183824573381666,0.17361160113811244,-0.6348148381432227,-0.12358065410923252,0.15446353270456384
2008-04-13 18:40:00+00:00,ME01,-0.6061802089182003,0.7656383020661804,-0.3430604751327926,-1.8578211212772142,-0.22183824573381666,0.17361160113811244,-0.6348148381432227,-0.12358065410923252,0.15446353270456384
2008-04-13 18:50:00+00:00,ME01,-0.5369306796382037,0.35592466181272026,-0.33436786165698706,-1.8578211212772142,-0.22183824573381666,0.17361160113811244,-0.6348148381432227,-0.12358065410923252,0.15446353270456384
2008-04-13 19:00:00+00:00,ME01,-0.6093195546327523,-0.1948284646498105,-0.3999621129943698,-1.5264716397860891,-0.40777199898052896,0.229486570343247,-0.6744907594765952,-0.12358065410923252,0.15446353270456384
2008-04-13 19:10:00+00:00,ME01,-0.6265717500150992,-0.18253245813748237,-0.4281941413846816,-1.5264716397860891,-0.40777199898052896,0.229486570343247,-0.6744907594765952,-0.12358065410923252,0.15446353270456384
2008-04-13 19:20:00+00:00,ME01,-0.6620739417883492,0.0796384286784419,-0.5584135448744244,-1.5264716397860891,-0.40777199898052896,0.229486570343247,-0.6744907594765952,-0.12358065410923252,0.15446353270456384
2008-04-13 19:30:00+00:00,ME01,-0.6620276677050013,-0.13652049705548125,-0.6708461865162069,-1.5264716397860891,-0.40777199898052896,0.229486570343247,-0.6744907594765952,-0.12358065410923252,0.15446353270456384
2008-04-13 19:40:00+00:00,ME01,-0.7237385510002443,0.4917277711424433,-0.699775634086415,-1.5264716397860891,-0.40777199898052896,0.229486570343247,-0.6744907594765952,-0.12358065410923252,0.15446353270456384
2008-04-13 19:50:00+00:00,ME01,-0.5591994549314192,1.8371832133764596,-0.6169083987015468,-1.5264716397860891,-0.40777199898052896,0.229486570343247,-0.6744907594765952,-0.12358065410923252,0.15446353270456384
2008-04-13 20:00:00+00:00,ME01,-0.639340479007454,-0.13277768145076857,-0.5848240495176659,-0.958484386246427,-0.610375565507731,0.26939730249010674,-0.6744907594765952,-0.12358065410923252,0.15446353270456384
2008-04-13 20:10:00+00:00,ME01,-0.6434570649767583,0.07915045180526133,-0.7675088356294852,-0.958484386246427,-0.610375565507731,0.26939730249010674,-0.6744907594765952,-0.12358065410923252,0.15446353270456384
2008-04-13 20:20:00+00:00,ME01,-0.4885294843328036,-0.08524493833619869,-0.7649721505611604,-0.958484386246427,-0.610375565507731,0.26939730249010674,-0.6744907594765952,-0.12358065410923252,0.15446353270456384
2008-04-13 20:30:00+00:00,ME01,-0.5276541638003991,1.2426263860858004,-0.7702663582179177,-0.958484386246427,-0.610375565507731,0.26939730249010674,-0.6744907594765952,-0.12358065410923252,0.15446353270456384
2008-04-13 20:40:00+00:00,ME01,-0.5123427679110192,0.33641996841298105,-0.8799601486723009,-0.958484386246427,-0.610375565507731,0.26939730249010674,-0.6744907594765952,-0.12358065410923252,0.15446353270456384
2008-04-13 20:50:00+00:00,ME01,-0.6207107828093706,0.10934849774457994,-0.8501252462573514,-0.958484386246427,-0.610375565507731,0.26939730249010674,-0.6744907594765952,-0.12358065410923252,0.15446353270456384
2008-04-13 21:00:00+00:00,ME01,-0.43270149989069967,-0.1634107385011512,-0.9237105706256304,-1.3608204826335153,-0.528308461450744,0.2893523895611436,-0.6744907594765952,-0.12358065410923252,0.15446353270456384
2008-04-13 21:10:00+00:00,ME01,-0.5675122086609979,0.350253374298505,-1.036222282598325,-1.3608204826335153,-0.528308461450744,0.2893523895611436,-0.6744907594765952,-0.12358065410923252,0.15446353270456384
2008-04-13 21:20:00+00:00,ME01,-0.5883036632301986,-0.32298193864833635,-0.9538549805886863,-1.3608204826335153,-0.528308461450744,0.2893523895611436,-0.6744907594765952,-0.12358065410923252,0.15446353270456384
2008-04-13 21:30:00+00:00,ME01,-0.47229346234576924,-0.22001035325462973,-0.9890166068945067,-1.3608204826335153,-0.528308461450744,0.2893523895611436,-0.6744907594765952,-0.12358065410923252,0.15446353270456384
2008-04-13 21:40:00+00:00,ME01,-0.5407675184371291,-0.37992852437827773,-1.0696837292710668,-1.3608204826335153,-0.528308461450744,0.2893523895611436,-0.6744907594765952,-0.12358065410923252,0.15446353270456384
2008-04-13 21:50:00+00:00,ME01,-0.3830862496315573,-0.2612132104432491,-1.0597693663223344,-1.3608204826335153,-0.528308461450744,0.2893523895611436,-0.6744907594765952,-0.12358065410923252,0.15446353270456384
2008-04-13 22:00:00+00:00,ME01,-0.5629150043614715,-0.30176120812458995,-1.2232192672636926,-0.7454773743725589,-0.6283278789823686,0.2733881525028688,-0.5951389168098503,-0.12358065410923252,0.15446353270456384
2008-04-13 22:10:00+00:00,ME01,-0.5218335460053907,-0.30091654754869507,-1.1546240666692953,-0.7454773743725589,-0.6283278789823686,0.2733881525028688,-0.5951389168098503,-0.12358065410923252,0.15446353270456384
2008-04-13 22:20:00+00:00,ME01,-0.3136658736760112,3.3956441176544123,-1.247712657334465,-0.7454773743725589,-0.6283278789823686,0.2733881525028688,-0.5951389168098503,-0.12358065410923252,0.15446353270456384
2008-04-13 22:30:00+00:00,ME01,-0.4509509001310592,0.11550754897947459,-1.3148525377748153,-0.7454773743725589,-0.6283278789823686,0.2733881525028688,-0.5951389168098503,-0.12358065410923252,0.15446353270456384
2008-04-13 22:40:00+00:00,ME01,-0.2660099971020075,0.327262288502724,-1.2220737085761828,-0.7454773743725589,-0.6283278789823686,0.2733881525028688,-0.5951389168098503,-0.12358065410923252,0.15446353270456384
2008-04-13 22:50:00+00:00,ME01,-0.1976300650245724,-0.21676888481672102,-1.3626857754354056,-0.7454773743725589,-0.6283278789823686,0.2733881525028688,-0.5951389168098503,-0.12358065410923252,0.15446353270456384
2008-04-13 23:00:00+00:00,ME01,-0.1345477264296159,-0.2775198096428197,-1.3974212540608502,-1.1951221582949638,-0.5898587894934841,0.2933435185763145,-0.6744907594765952,-0.12358065410923252,0.15446353270456384
2008-04-13 23:10:00+00:00,ME01,-0.14838700565807647,0.313916259923462,-1.3639578212348171,-1.1951221582949638,-0.5898587894934841,0.2933435185763145,-0.6744907594765952,-0.12358065410923252,0.15446353270456384
2008-04-13 23:20:00+00:00,ME01,-0.02076051311888363,-0.5497569668045279,-1.414642904022525,-1.1951221582949638,-0.5898587894934841,0.2933435185763145,-0.6744907594765952,-0.12358065410923252,0.15446353270456384
2008-04-13 23:30:00+00:00,ME01,0.13866681000991707,0.6841626493502996,-1.348057663348657,-1.1951221582949638,-0.5898587894934841,0.2933435185763145,-0.6744907594765952,-0.12358065410923252,0.15446353270456384
2008-04-13 23:40:00+00:00,ME01,0.28706209314376874,0.64182036754417,-1.3538170707907653,-1.1951221582949638,-0.5898587894934841,0.2933435185763145,-0.6744907594765952,-0.12358065410923252,0.15446353270456384
2008-04-13 23:50:00+00:00,ME01,0.21389212258467633,-0.37752191636723664,-1.4417262659200338,-1.1951221582949638,-0.5898587894934841,0.2933435185763145,-0.6744907594765952,-0.12358065410923252,0.15446353270456384
2008-04-14 00:00:00+00:00,ME01,0.4808544045206177,-0.25894131905821627,-1.4315967102193599,-0.6034569773946553,-0.8193908262326428,0.12571861096094258,0.5554629954764778,-0.12358065410923252,0.35011734079701123
2008-04-14 00:10:00+00:00,ME01,0.44152160081965824,0.8103365236087559,-1.4831100877999186,-0.6034569773946553,-0.8193908262326428,0.12571861096094258,0.5554629954764778,-0.12358065410923252,0.35011734079701123
2008-04-14 00:20:00+00:00,ME01,0.4572277783985413,2.162379135549719,-1.4576647287169389,-0.6034569773946553,-0.8193908262326428,0.12571861096094258,0.5554629954764778,-0.12358065410923252,0.35011734079701123
2008-04-14 00:30:00+00:00,ME01,0.5392621864491002,-0.6391784110330365,-1.4577351614003409,-0.6034569773946553,-0.8193908262326428,0.12571861096094258,0.5554629954764778,-0.12358065410923252,0.35011734079701123
2008-04-14 00:40:00+00:00,ME01,0.6460068625322879,-0.5691058946485672,-1.4204784178273442,-0.6034569773946553,-0.8193908262326428,0.12571861096094258,0.5554629954764778,-0.12358065410923252,0.35011734079701123
2008-04-14 00:50:00+00:00,ME01,0.6210779883828159,-0.565654268276087,-1.4080575847568702,-0.6034569773946553,-0.8193908262326428,0.12571861096094258,0.5554629954764778,-0.12358065410923252,0.35011734079701123
2008-04-14 01:00:00+00:00,ME01,0.6930367849842448,-0.4796781892829137,-1.3795562430132218,-0.41412789288143376,-0.8988937366743645,-0.017959801565812693,-0.6744907594765952,-0.12358065410923252,0.35011734079701123
2008-04-14 01:10:00+00:00,ME01,0.8966900460624753,0.14450768861331384,-1.45117539849781,-0.41412789288143376,-0.8988937366743645,-0.017959801565812693,-0.6744907594765952,-0.12358065410923252,0.35011734079701123
2008-04-14 01:20:00+00:00,ME01,1.08351008990377,-0.3397186141003106,-1.409096814769642,-0.41412789288143376,-0.8988937366743645,-0.017959801565812693,-0.6744907594765952,-0.12358065410923252,0.35011734079701123
2008-04-14 01:30:00+00:00,ME01,0.9481084028825943,-0.5042471820800875,-1.4467332457377344,-0.41412789288143376,-0.8988937366743645,-0.017959801565812693,-0.6744907594765952,-0.12358065410923252,0.35011734079701123
2008-04-14 01:40:00+00:00,ME01,0.9531743254404323,0.010267248566305103,-1.4357302462253645,-0.41412789288143376,-0.8988937366743645,-0.017959801565812693,-0.6744907594765952,-0.12358065410923252,0.35011734079701123
2008-04-14 01:50:00+00:00,ME01,1.1932477352036595,-0.3809917565373339,-1.2986366198970052,-0.41412789288143376,-0.8988937366743645,-0.017959801565812693,-0.6744907594765952,-0.12358065410923252,0.35011734079701123
2008-04-14 02:00:00+00:00,ME01,0.9044217529436244,-0.5650561136719464,-1.2050961930711952,-0.46148374760272787,-0.9668554899904707,-0.1376919980063919,2.1425001392391665,-0.12358065410923252,0.35011734079701123
2008-04-14 02:10:00+00:00,ME01,1.0037862080449473,-0.5707694758285936,-1.3567960458816593,-0.46148374760272787,-0.9668554899904707,-0.1376919980063919,2.1425001392391665,-0.12358065410923252,0.35011734079701123
2008-04-14 02:20:00+00:00,ME01,0.9974679904679847,-0.45878035227463504,-1.1908432718915183,-0.46148374760272787,-0.9668554899904707,-0.1376919980063919,2.1425001392391665,-0.12358065410923252,0.35011734079701123
2008-04-14 02:30:00+00:00,ME01,0.9129628838146607,-0.6102462062851547,-1.102907797639332,-0.46148374760272787,-0.9668554899904707,-0.1376919980063919,2.1425001392391665,-0.12358065410923252,0.35011734079701123
2008-04-14 02:40:00+00:00,ME01,0.8799511933650032,-0.03412930742044602,-1.2964209374719253,-0.46148374760272787,-0.9668554899904707,-0.1376919980063919,2.1425001392391665,-0.12358065410923252,0.35011734079701123
2008-04-14 02:50:00+00:00,ME01,0.976329725389778,2.0877188463753096,-1.327832702611164,-0.46148374760272787,-0.9668554899904707,-0.1376919980063919,2.1425001392391665,-0.12358065410923252,0.35011734079701123
2008-04-14 03:00:00+00:00,ME01,1.0151809366231572,-0.49875286784305684,-1.283121994268362,-0.3904971327067641,-1.0976503404678093,-0.2853615395483181,0.9522223056194659,-0.12358065410923252,0.35011734079701123
2008-04-14 03:10:00+00:00,ME01,0.9481320316030044,-0.5826296872883532,-0.9910265498818128,-0.3904971327067641,-1.0976503404678093,-0.2853615395483181,0.9522223056194659,-0.12358065410923252,0.35011734079701123
2008-04-14 03:20:00+00:00,ME01,0.838643024187977,-0.512980521296279,-0.8177460954319937,-0.3904971327067641,-1.0976503404678093,-0.2853615395483181,0.9522223056194659,-0.12358065410923252,0.35011734079701123
2008-04-14 03:30:00+00:00,ME01,0.9908644975394274,-0.5007068688434314,-1.1448659905574272,-0.3904971327067641,-1.0976503404678093,-0.2853615395483181,0.9522223056194659,-0.12358065410923252,0.35011734079701123
2008-04-14 03:40:00+00:00,ME01,0.8051400718598032,-0.6030028264103103,-0.8845851540024029,-0.3904971327067641,-1.0976503404678093,-0.2853615395483181,0.9522223056194659,-0.12358065410923252,0.35011734079701123
2008-04-14 03:50:00+00:00,ME01,0.7042881133023002,-0.565198013165646,-0.7637468244404009,-0.3904971327067641,-1.0976503404678093,-0.2853615395483181,0.9522223056194659,-0.12358065410923252,0.35011734079701123
2008-04-14 04:00:00+00:00,ME01,0.5496291525844156,0.574811848104508,-0.976072627421476,-0.41412789288143376,-1.0694396389860483,-0.10975437390263607,3.7295371861925912,-0.12358065410923252,0.35011734079701123
2008-04-14 04:10:00+00:00,ME01,0.5990847840476231,-0.4856101187925742,-0.7763602612900833,-0.41412789288143376,-1.0694396389860483,-0.10975437390263607,3.7295371861925912,-0.12358065410923252,0.35011734079701123
2008-04-14 04:20:00+00:00,ME01,0.7673074444353695,3.9098439842208212,-0.6938270362384253,-0.41412789288143376,-1.0694396389860483,-0.10975437390263607,3.7295371861925912,-0.12358065410923252,0.35011734079701123
2008-04-14 04:30:00+00:00,ME01,0.6310062785504273,0.9396991326110551,-0.6019033441249896,-0.41412789288143376,-1.0694396389860483,-0.10975437390263607,3.7295371861925912,-0.12358065410923252,0.35011734079701123
2008-04-14 04:40:00+00:00,ME01,0.7146113874023018,-0.5433555604134506,-0.6417820975015718,-0.41412789288143376,-1.0694396389860483,-0.10975437390263607,3.7295371861925912,-0.12358065410923252,0.35011734079701123
2008-04-14 04:50:00+00:00,ME01,0.6974252649114995,-0.3162834614858212,-0.17634007231386514,-0.41412789288143376,-1.0694396389860483,-0.10975437390263607,3.7295371861925912,-0.12358065410923252,0.35011734079701123
2008-04-14 05:00:00+00:00,ME01,0.6926925171951831,-0.5339564236723471,-0.1567969926536902,-0.6508128321159481,-1.0014778856699418,-0.17760273015325165,-0.2777314493336072,-0.12358065410923252,0.35011734079701123
2008-04-14 05:10:00+00:00,ME01,0.670496624636049,-0.6256303083093178,-0.4347886134126371,-0.6508128321159481,-1.0014778856699418,-0.17760273015325165,-0.2777314493336072,-0.12358065410923252,0.35011734079701123
2008-04-14 05:20:00+00:00,ME01,0.4937012941935015,-0.2934407126423272,-0.45265100450450235,-0.6508128321159481,-1.0014778856699418,-0.17760273015325165,-0.2777314493336072,-0.12358065410923252,0.35011734079701123
2008-04-14 05:30:00+00:00,ME01,0.4898775327099252,-0.5334028690856629,-0.16691451928104659,-0.6508128321159481,-1.0014778856699418,-0.17760273015325165,-0.2777314493336072,-0.12358065410923252,0.35011734079701123
2008-04-14 05:40:00+00:00,ME01,0.6322576738559166,-0.6664565000069904,-0.27568716991222075,-0.6508128321159481,-1.0014778856699418,-0.17760273015325165,-0.2777314493336072,-0.12358065410923252,0.35011734079701123
2008-04-14 05:50:00+00:00,ME01,0.8164730115135787,-0.5156643483447251,0.09825573596563167,-0.6508128321159481,-1.0014778856699418,-0.17760273015325165,-0.2777314493336072,-0.12358065410923252,0.35011734079701123
2008-04-14 06:00:00+00:00,ME01,0.6011634492624555,-0.6700009090084329,0.21667905599579376,-0.27215466308950753,-0.8950467739406072,-0.02993290960891658,-0.6348148381432227,-0.12358065410923252,0.7208298192879646
2008-04-14 06:10:00+00:00,ME01,0.6597576557659748,-0.5106082599090535,0.5830931522093284,-0.27215466308950753,-0.8950467739406072,-0.02993290960891658,-0.6348148381432227,-0.12358065410923252,0.7208298192879646
2008-04-14 06:20:00+00:00,ME01,0.7114076083205169,-0.7077995302662068,0.277218077432905,-0.27215466308950753,-0.8950467739406072,-0.02993290960891658,-0.6348148381432227,-0.12358065410923252,0.7208298192879646
2008-04-14 06:30:00+00:00,ME01,0.883100951506669,-0.647305537014099,-0.014002673849525677,-0.27215466308950753,-0.8950467739406072,-0.02993290960891658,-0.6348148381432227,-0.12358065410923252,0.7208298192879646
2008-04-14 06:40:00+00:00,ME01,0.8761052072014271,-0.3317635430450285,0.1953967289169317,-0.27215466308950753,-0.8950467739406072,-0.02993290960891658,-0.6348148381432227,-0.12358065410923252,0.7208298192879646
2008-04-14 06:50:00+00:00,ME01,0.8082260360420429,-0.5930775026676263,0.1508472529559968,-0.27215466308950753,-0.8950467739406072,-0.02993290960891658,-0.6348148381432227,-0.12358065410923252,0.7208298192879646
2008-04-14 07:00:00+00:00,ME01,0.8174103728543092,-0.6528020231798717,0.2604839207611768,-0.41412789288143376,-0.7283475654383371,0.1456739770343883,2.3805556672394013,-0.12358065410923252,0.7208298192879646
2008-04-14 07:10:00+00:00,ME01,0.7505009001396142,-0.4940993990436905,0.5342847838103213,-0.41412789288143376,-0.7283475654383371,0.1456739770343883,2.3805556672394013,-0.12358065410923252,0.7208298192879646
2008-04-14 07:20:00+00:00,ME01,0.6433082333640054,-0.7073295440516193,1.0218811197197362,-0.41412789288143376,-0.7283475654383371,0.1456739770343883,2.3805556672394013,-0.12358065410923252,0.7208298192879646
2008-04-14 07:30:00+00:00,ME01,0.7806608166612025,-0.6929971284374044,1.0450195145162298,-0.41412789288143376,-0.7283475654383371,0.1456739770343883,2.3805556672394013,-0.12358065410923252,0.7208298192879646
2008-04-14 07:40:00+00:00,ME01,0.7056363625616786,-0.6076481637283568,0.28269327061030364,-0.41412789288143376,-0.7283475654383371,0.1456739770343883,2.3805556672394013,-0.12358065410923252,0.7208298192879646
2008-04-14 07:50:00+00:00,ME01,0.748496812621208,-0.6831122508497641,0.40626301322088204,-0.41412789288143376,-0.7283475654383371,0.1456739770343883,2.3805556672394013,-0.12358065410923252,0.7208298192879646
2008-04-14 08:00:00+00:00,ME01,0.749095625874002,-0.601441190127543,0.4181942311691685,-0.4378058202420808,-0.6449979611872017,0.21751318329776595,0.07935184266674487,-0.12358065410923252,0.7208298192879646
2008-04-14 08:10:00+00:00,ME01,0.677401943042016,-0.7410782995873545,0.5067551377005224,-0.4378058202420808,-0.6449979611872017,0.21751318329776595,0.07935184266674487,-0.12358065410923252,0.7208298192879646
2008-04-14 08:20:00+00:00,ME01,0.842758889100868,-0.6271214713411535,0.5690726046188834,-0.4378058202420808,-0.6449979611872017,0.21751318329776595,0.07935184266674487,-0.12358065410923252,0.7208298192879646
2008-04-14 08:30:00+00:00,ME01,0.5475679541508679,-0.5978974094934396,0.16097957390083914,-0.4378058202420808,-0.6449979611872017,0.21751318329776595,0.07935184266674487,-0.12358065410923252,0.7208298192879646
2008-04-14 08:40:00+00:00,ME01,0.5158721594340485,-0.6643423396459175,-0.0024580367382132993,-0.4378058202420808,-0.6449979611872017,0.21751318329776595,0.07935184266674487,-0.12358065410923252,0.7208298192879646
2008-04-14 08:50:00+00:00,ME01,0.5988696780957691,-0.6314875408209057,0.11816661312634265,-0.4378058202420808,-0.6449979611872017,0.21751318329776595,0.07935184266674487,-0.12358065410923252,0.7208298192879646
2008-04-14 09:00:00+00:00,ME01,0.40433774289109375,-0.5670686292907446,0.029716926557770074,-0.6744907594765952,-0.5334376554543058,0.20554007525466206,-0.2777314493336072,-0.12358065410923252,0.7208298192879646
2008-04-14 09:10:00+00:00,ME01,0.5088133137714185,-0.5592943307741607,0.3900022530141105,-0.6744907594765952,-0.5334376554543058,0.20554007525466206,-0.2777314493336072,-0.12358065410923252,0.7208298192879646
2008-04-14 09:20:00+00:00,ME01,0.529956222102179,-0.3765307096651867,0.22937635872259657,-0.6744907594765952,-0.5334376554543058,0.20554007525466206,-0.2777314493336072,-0.12358065410923252,0.7208298192879646
2008-04-14 09:30:00+00:00,ME01,0.4656682660486348,-0.6755079033781041,0.27404828049809454,-0.6744907594765952,-0.5334376554543058,0.20554007525466206,-0.2777314493336072,-0.12358065410923252,0.7208298192879646
2008-04-14 09:40:00+00:00,ME01,0.6309044933076943,-0.767267194380297,0.3747746439179041,-0.6744907594765952,-0.5334376554543058,0.20554007525466206,-0.2777314493336072,-0.12358065410923252,0.7208298192879646
2008-04-14 09:50:00+00:00,ME01,0.7555903673452756,-0.5734586612967445,0.7543270854296018,-0.6744907594765952,-0.5334376554543058,0.20554007525466206,-0.2777314493336072,-0.12358065410923252,0.7208298192879646
2008-04-14 10:00:00+00:00,ME01,0.7290490148614363,-0.08338245974354543,0.24125468680139042,-0.6271349047553024,-0.2641542979564579,0.20554007525466206,1.388657440286563,-0.12358065410923252,0.7208298192879646
2008-04-14 10:10:00+00:00,ME01,0.5612927365656151,-0.09707242663638434,0.24803986401519382,-0.6271349047553024,-0.2641542979564579,0.20554007525466206,1.388657440286563,-0.12358065410923252,0.7208298192879646
2008-04-14 10:20:00+00:00,ME01,0.6737357855203031,-0.5385829301645795,0.23389926106547948,-0.6271349047553024,-0.2641542979564579,0.20554007525466206,1.388657440286563,-0.12358065410923252,0.7208298192879646
2008-04-14 10:30:00+00:00,ME01,0.44826236482403414,-0.5467289296759058,0.22770387985686047,-0.6271349047553024,-0.2641542979564579,0.20554007525466206,1.388657440286563,-0.12358065410923252,0.7208298192879646
2008-04-14 10:40:00+00:00,ME01,0.5765997300372051,-0.12956989290863463,0.2815939150636873,-0.6271349047553024,-0.2641542979564579,0.20554007525466206,1.388657440286563,-0.12358065410923252,0.7208298192879646
2008-04-14 10:50:00+00:00,ME01,0.5622415992385424,-0.5298071923788744,0.30376527811192056,-0.6271349047553024,-0.2641542979564579,0.20554007525466206,1.388657440286563,-0.12358065410923252,0.7208298192879646
2008-04-14 11:00:00+00:00,ME01,0.47588706876011483,-0.5454888853779994,0.12855719219238645,-0.4378058202420808,-0.1000195519937971,0.15365623506469844,-0.23805552800023472,-0.12358065410923252,0.7208298192879646
2008-04-14 11:10:00+00:00,ME01,0.5213726292203555,-0.27625376785820205,0.039434878433368396,-0.4378058202420808,-0.1000195519937971,0.15365623506469844,-0.23805552800023472,-0.12358065410923252,0.7208298192879646
2008-04-14 11:20:00+00:00,ME01,0.2763156254906563,-0.4230279596338497,0.17545800913541654,-0.4378058202420808,-0.1000195519937971,0.15365623506469844,-0.23805552800023472,-0.12358065410923252,0.7208298192879646
2008-04-14 11:30:00+00:00,ME01,0.4090740944280163,-0.5763892423331263,-0.030581654964700167,-0.4378058202420808,-0.1000195519937971,0.15365623506469844,-0.23805552800023472,-0.12358065410923252,0.7208298192879646
2008-04-14 11:40:00+00:00,ME01,0.3714508938002597,-0.6649601207131867,-0.015105924417453884,-0.4378058202420808,-0.1000195519937971,0.15365623506469844,-0.23805552800023472,-0.12358065410923252,0.7208298192879646
2008-04-14 11:50:00+00:00,ME01,0.24459600161834513,-0.4763604158122791,0.11806130147164422,-0.4378058202420808,-0.1000195519937971,0.15365623506469844,-0.23805552800023472,-0.12358065410923252,0.7208298192879646
2008-04-14 12:00:00+00:00,ME01,0.7181519113898993,21.524749618633603,0.43293758579174596,-0.2484767357288605,0.24363725301786723,0.18558470918121633,0.27773154614287077,-0.12358065410923252,1.0915422977789173
2008-04-14 12:10:00+00:00,ME01,0.2943529186583899,4.709186885460444,0.31986108880738257,-0.2484767357288605,0.24363725301786723,0.18558470918121633,0.27773154614287077,-0.12358065410923252,1.0915422977789173
2008-04-14 12:20:00+00:00,ME01,0.2698673063002569,-0.31592093777249286,-0.040314648015815656,-0.2484767357288605,0.24363725301786723,0.18558470918121633,0.27773154614287077,-0.12358065410923252,1.0915422977789173
2008-04-14 12:30:00+00:00,ME01,0.2145200796622374,-0.3686129929134782,0.36004072194796033,-0.2484767357288605,0.24363725301786723,0.18558470918121633,0.27773154614287077,-0.12358065410923252,1.0915422977789173
2008-04-14 12:40:00+00:00,ME01,0.15506475899924485,-0.6025151628071682,0.21772043926471824,-0.2484767357288605,0.24363725301786723,0.18558470918121633,0.27773154614287077,-0.12358065410923252,1.0915422977789173
2008-04-14 12:50:00+00:00,ME01,0.009149067904535903,-0.31165218275247386,-0.16632059459152834,-0.2484767357288605,0.24363725301786723,0.18558470918121633,0.27773154614287077,-0.12358065410923252,1.0915422977789173
2008-04-14 13:00:00+00:00,ME01,0.14909739899222518,-0.45456598259033154,0.5976081203186033,-0.6271349047553024,-0.05385680596174146,-0.02594205959615453,2.6582872133822715,-0.12358065410923252,1.0915422977789173
2008-04-14 13:10:00+00:00,ME01,0.22425608689364962,-0.5519118912474251,0.3958546309387666,-0.6271349047553024,-0.05385680596174146,-0.02594205959615453,2.6582872133822715,-0.12358065410923252,1.0915422977789173
2008-04-14 13:20:00+00:00,ME01,0.09818238562922289,-0.6337169910931802,0.11146522494452796,-0.6271349047553024,-0.05385680596174146,-0.02594205959615453,2.6582872133822715,-0.12358065410923252,1.0915422977789173
2008-04-14 13:30:00+00:00,ME01,0.14799376921025237,-0.6732655114272131,0.19511265763094573,-0.6271349047553024,-0.05385680596174146,-0.02594205959615453,2.6582872133822715,-0.12358065410923252,1.0915422977789173
2008-04-14 13:40:00+00:00,ME01,0.012370462413446807,-0.7487890575866643,0.1038633864961783,-0.6271349047553024,-0.05385680596174146,-0.02594205959615453,2.6582872133822715,-0.12358065410923252,1.0915422977789173
2008-04-14 13:50:00+00:00,ME01,-0.0253855586112999,-0.6087421763351195,0.2878228815978047,-0.6271349047553024,-0.05385680596174146,-0.02594205959615453,2.6582872133822715,-0.12358065410923252,1.0915422977789173
2008-04-14 14:00:00+00:00,ME01,0.01862647647565779,-0.7696508537829008,0.17500326956623957,-1.0057930737817435,0.008976022275146685,-0.06585279174298254,0.6744907594765952,-0.12358065410923252,1.0915422977789173
2008-04-14 14:10:00+00:00,ME01,-0.24424021638694732,-0.522716210233434,-0.005728898047564893,-1.0057930737817435,0.008976022275146685,-0.06585279174298254,0.6744907594765952,-0.12358065410923252,1.0915422977789173
2008-04-14 14:20:00+00:00,ME01,-0.15309538762917974,-0.6837403884482598,0.29349097413367425,-1.0057930737817435,0.008976022275146685,-0.06585279174298254,0.6744907594765952,-0.12358065410923252,1.0915422977789173
2008-04-14 14:30:00+00:00,ME01,-0.11205340118489147,-0.49219057990933396,0.3599830086711687,-1.0057930737817435,0.008976022275146685,-0.06585279174298254,0.6744907594765952,-0.12358065410923252,1.0915422977789173
2008-04-14 14:40:00+00:00,ME01,-0.1909820363157897,-0.6122185766637624,0.42876474216833,-1.0057930737817435,0.008976022275146685,-0.06585279174298254,0.6744907594765952,-0.12358065410923252,1.0915422977789173
2008-04-14 14:50:00+00:00,ME01,-0.18205389382338746,-0.6857402218997326,0.4217487077336014,-1.0057930737817435,0.008976022275146685,-0.06585279174298254,0.6744907594765952,-0.12358065410923252,1.0915422977789173
2008-04-14 15:00:00+00:00,ME01,-0.08152166338867967,-0.5536459981548664,0.23603807370504182,-0.6271349047553024,0.07437358197598788,-0.08181702880125735,3.213750112049486,-0.12358065410923252,1.0915422977789173
2008-04-14 15:10:00+00:00,ME01,-0.28575592566488195,-0.7591645296152699,0.2759411282122184,-0.6271349047553024,0.07437358197598788,-0.08181702880125735,3.213750112049486,-0.12358065410923252,1.0915422977789173
2008-04-14 15:20:00+00:00,ME01,-0.10727719652180377,-0.6861375283767515,0.42282147109819224,-0.6271349047553024,0.07437358197598788,-0.08181702880125735,3.213750112049486,-0.12358065410923252,1.0915422977789173
2008-04-14 15:30:00+00:00,ME01,-0.15085693363741848,-0.7908485590019766,0.48584610948517754,-0.6271349047553024,0.07437358197598788,-0.08181702880125735,3.213750112049486,-0.12358065410923252,1.0915422977789173
2008-04-14 15:40:00+00:00,ME01,-0.061829589345172804,-0.5989540332670701,0.3746350379866263,-0.6271349047553024,0.07437358197598788,-0.08181702880125735,3.213750112049486,-0.12358065410923252,1.0915422977789173
2008-04-14 15:50:00+00:00,ME01,-0.3720209121398134,-0.610395986490737,0.26284099455731863,-0.6271349047553024,0.07437358197598788,-0.08181702880125735,3.213750112049486,-0.12358065410923252,1.0915422977789173
2008-04-14 16:00:00+00:00,ME01,-0.30298685304893347,-0.6765898203911488,-0.1319856318717721,-1.02947100114239,0.39110218570003835,0.021950930581047048,0.6744907594765952,-0.12358065410923252,1.0915422977789173
2008-04-14 16:10:00+00:00,ME01,-0.3889070176344497,-0.6301963651497428,0.13710299795027941,-1.02947100114239,0.39110218570003835,0.021950930581047048,0.6744907594765952,-0.12358065410923252,1.0915422977789173
2008-04-14 16:20:00+00:00,ME01,-0.348438541031419,-0.7392577320037382,-0.06471577716598824,-1.02947100114239,0.39110218570003835,0.021950930581047048,0.6744907594765952,-0.12358065410923252,1.0915422977789173
2008-04-14 16:30:00+00:00,ME01,-0.26505134296340194,-0.7408320823761858,-0.09303057313263927,-1.02947100114239,0.39110218570003835,0.021950930581047048,0.6744907594765952,-0.12358065410923252,1.0915422977789173
2008-04-14 16:40:00+00:00,ME01,-0.3967863824080129,-0.6480279678043053,-0.11872436172656965,-1.02947100114239,0.39110218570003835,0.021950930581047048,0.6744907594765952,-0.12358065410923252,1.0915422977789173
2008-04-14 16:50:00+00:00,ME01,-0.4740230566598144,0.1174125737117588,-0.08912060412938035,-1.02947100114239,0.39110218570003835,0.021950930581047048,0.6744907594765952,-0.12358065410923252,1.0915422977789173
2008-04-14 17:00:00+00:00,ME01,-0.3124832966573392,-0.6185806644912728,0.009049832332256825,-0.6271349047553024,-0.4218773497214094,-0.1416831270215311,1.229953754953073,-0.12358065410923252,1.0915422977789173
2008-04-14 17:10:00+00:00,ME01,-0.41058279408737935,-0.22676411245628655,-0.003412784785986507,-0.6271349047553024,-0.4218773497214094,-0.1416831270215311,1.229953754953073,-0.12358065410923252,1.0915422977789173
2008-04-14 17:20:00+00:00,ME01,-0.4399968417627688,-0.5365533205841638,-0.0971233265689801,-0.6271349047553024,-0.4218773497214094,-0.1416831270215311,1.229953754953073,-0.12358065410923252,1.0915422977789173
2008-04-14 17:30:00+00:00,ME01,-0.40730006621944576,0.9030951214104261,-0.050477358264179824,-0.6271349047553024,-0.4218773497214094,-0.1416831270215311,1.229953754953073,-0.12358065410923252,1.0915422977789173
2008-04-14 17:40:00+00:00,ME01,-0.442040120288034,2.852085640330191,-0.03921718311830109,-0.6271349047553024,-0.4218773497214094,-0.1416831270215311,1.229953754953073,-0.12358065410923252,1.0915422977789173
2008-04-14 17:50:00+00:00,ME01,-0.3147913443452886,-0.6706381169301793,0.030854664443691854,-0.6271349047553024,-0.4218773497214094,-0.1416831270215311,1.229953754953073,-0.12358065410923252,1.0915422977789173
2008-04-14 18:00:00+00:00,ME01,-0.4153678150545555,3.14559168135,-0.05133528180109269,-0.8401419166291697,-1.1450955866940122,-0.1416831270215311,-0.6744907594765952,-0.12358065410923252,1.4622547762698708
2008-04-14 18:10:00+00:00,ME01,-0.4107282906379241,3.2581751760883217,-0.1182306621816772,-0.8401419166291697,-1.1450955866940122,-0.1416831270215311,-0.6744907594765952,-0.12358065410923252,1.4622547762698708
2008-04-14 18:20:00+00:00,ME01,-0.27352494156255414,-0.5025359300289067,-0.23117997578050453,-0.8401419166291697,-1.1450955866940122,-0.1416831270215311,-0.6744907594765952,-0.12358065410923252,1.4622547762698708
2008-04-14 18:30:00+00:00,ME01,-0.31387619955724205,2.1408047525896823,-0.38095325690239545,-0.8401419166291697,-1.1450955866940122,-0.1416831270215311,-0.6744907594765952,-0.12358065410923252,1.4622547762698708
2008-04-14 18:40:00+00:00,ME01,0.7629578185662368,-0.5908876838665618,-0.04620625590836813,-0.8401419166291697,-1.1450955866940122,-0.1416831270215311,-0.6744907594765952,-0.12358065410923252,1.4622547762698708
2008-04-14 18:50:00+00:00,ME01,-0.3046252533144349,-0.3467039620286367,-0.33769097141806437,-0.8401419166291697,-1.1450955866940122,-0.1416831270215311,-0.6744907594765952,-0.12358065410923252,1.4622547762698708
2008-04-14 19:00:00+00:00,ME01,-0.06456806550564216,18.37256733287676,-0.38437202058998376,-0.6271349047553024,-1.243832772955833,0.005986693522772238,-0.6744907594765952,-0.12358065410923252,1.4622547762698708
2008-04-14 19:10:00+00:00,ME01,-0.3593571127774895,1.9347545056193542,-0.5433474073510254,-0.6271349047553024,-1.243832772955833,0.005986693522772238,-0.6744907594765952,-0.12358065410923252,1.4622547762698708
2008-04-14 19:20:00+00:00,ME01,-0.17124273128413844,-0.135837303537503,-0.7547134955466055,-0.6271349047553024,-1.243832772955833,0.005986693522772238,-0.6744907594765952,-0.12358065410923252,1.4622547762698708
2008-04-14 19:30:00+00:00,ME01,-0.16983024943736982,1.5362751538338435,-0.6237231015260678,-0.6271349047553024,-1.243832772955833,0.005986693522772238,-0.6744907594765952,-0.12358065410923252,1.4622547762698708
2008-04-14 19:40:00+00:00,ME01,-0.13885528062312347,0.0003305518225526327,-0.6710450199532997,-0.6271349047553024,-1.243832772955833,0.005986693522772238,-0.6744907594765952,-0.12358065410923252,1.4622547762698708
2008-04-14 19:50:00+00:00,ME01,-0.06838005253953103,3.173873072513304,-0.7708614086867843,-0.6271349047553024,-1.243832772955833,0.005986693522772238,-0.6744907594765952,-0.12358065410923252,1.4622547762698708
2008-04-14 20:00:00+00:00,ME01,0.006060376296385802,-0.13799423458371202,-0.7943375593241959,-0.6744907594765952,-1.4374604516700598,0.02993290960898002,-0.6744907594765952,-0.12358065410923252,1.4622547762698708
2008-04-14 20:10:00+00:00,ME01,0.0014247501927816823,4.707747293650579,-0.41650469150034136,-0.6744907594765952,-1.4374604516700598,0.02993290960898002,-0.6744907594765952,-0.12358065410923252,1.4622547762698708
2008-04-14 20:20:00+00:00,ME01,-0.03360095253194118,9.10735236504462,0.6069275835657362,-0.6744907594765952,-1.4374604516700598,0.02993290960898002,-0.6744907594765952,-0.12358065410923252,1.4622547762698708
2008-04-14 20:30:00+00:00,ME01,0.04343240435540982,10.667405300888275,0.24738667820581367,-0.6744907594765952,-1.4374604516700598,0.02993290960898002,-0.6744907594765952,-0.12358065410923252,1.4622547762698708
2008-04-14 20:40:00+00:00,ME01,-0.16984938000120384,0.0673984961283919,-0.05602199605984464,-0.6744907594765952,-1.4374604516700598,0.02993290960898002,-0.6744907594765952,-0.12358065410923252,1.4622547762698708
2008-04-14 20:50:00+00:00,ME01,-0.03633181636011442,2.0144179466252403,-0.3370240537641091,-0.6744907594765952,-1.4374604516700598,0.02993290960898002,-0.6744907594765952,-0.12358065410923252,1.4622547762698708
2008-04-14 21:00:00+00:00,ME01,0.053393136224968524,1.2732998922435175,0.9818562012512394,-0.5087924351380445,-1.4066850187243458,-0.02993290960891658,-0.6744907594765952,-0.12358065410923252,1.4622547762698708
2008-04-14 21:10:00+00:00,ME01,0.010659523992813596,1.3057248080977402,1.4954995900650276,-0.5087924351380445,-1.4066850187243458,-0.02993290960891658,-0.6744907594765952,-0.12358065410923252,1.4622547762698708
2008-04-14 21:20:00+00:00,ME01,0.08605029158319209,1.961953217020963,1.7298751890404702,-0.5087924351380445,-1.4066850187243458,-0.02993290960891658,-0.6744907594765952,-0.12358065410923252,1.4622547762698708
2008-04-14 21:30:00+00:00,ME01,0.12840894668629765,2.083059900886453,0.48750297453471814,-0.5087924351380445,-1.4066850187243458,-0.02993290960891658,-0.6744907594765952,-0.12358065410923252,1.4622547762698708
2008-04-14 21:40:00+00:00,ME01,0.24087194682433263,0.36173025312306256,2.112416210362206,-0.5087924351380445,-1.4066850187243458,-0.02993290960891658,-0.6744907594765952,-0.12358065410923252,1.4622547762698708
2008-04-14 21:50:00+00:00,ME01,0.3732733764922469,0.3284669477824837,1.9830537836766595,-0.5087924351380445,-1.4066850187243458,-0.02993290960891658,-0.6744907594765952,-0.12358065410923252,1.4622547762698708
2008-04-14 22:00:00+00:00,ME01,0.4315741379068445,-0.2340950784389563,1.8149080974704634,-0.27215466308950753,-1.5361976379318798,-0.02993290960891658,-0.6744907594765952,-0.12358065410923252,1.4622547762698708
2008-04-14 22:10:00+00:00,ME01,0.6687218766780099,-0.6948872932504551,0.9796092111544572,-0.27215466308950753,-1.5361976379318798,-0.02993290960891658,-0.6744907594765952,-0.12358065410923252,1.4622547762698708
2008-04-14 22:20:00+00:00,ME01,0.8479806001281669,-0.09165193184158213,-0.016494323764772,-0.27215466308950753,-1.5361976379318798,-0.02993290960891658,-0.6744907594765952,-0.12358065410923252,1.4622547762698708
2008-04-14 22:30:00+00:00,ME01,0.8909739886370985,-0.6903228375473759,0.6472497088330973,-0.27215466308950753,-1.5361976379318798,-0.02993290960891658,-0.6744907594765952,-0.12358065410923252,1.4622547762698708
2008-04-14 22:40:00+00:00,ME01,1.0303424202561544,-0.6381008787126159,1.6081096628772362,-0.27215466308950753,-1.5361976379318798,-0.02993290960891658,-0.6744907594765952,-0.12358065410923252,1.4622547762698708
2008-04-14 22:50:00+00:00,ME01,1.0793418773666954,-0.4572181812209427,3.0572492247640977,-0.27215466308950753,-1.5361976379318798,-0.02993290960891658,-0.6744907594765952,-0.12358065410923252,1.4622547762698708
2008-04-14 23:00:00+00:00,ME01,1.1141965673380876,-0.4670418499947043,5.195081049556818,-0.27215466308950753,-1.6349348241936998,-0.08580815781642828,-0.6348148381432227,-0.12358065410923252,1.4622547762698708
2008-04-14 23:10:00+00:00,ME01,0.8771832930506974,-0.5813188335616135,5.21871104966086,-0.27215466308950753,-1.6349348241936998,-0.08580815781642828,-0.6348148381432227,-0.12358065410923252,1.4622547762698708
2008-04-14 23:20:00+00:00,ME01,0.6117808370698093,-0.577234320238335,0.9838967856058635,-0.27215466308950753,-1.6349348241936998,-0.08580815781642828,-0.6348148381432227,-0.12358065410923252,1.4622547762698708
2008-04-14 23:30:00+00:00,ME01,0.5067723789260417,-0.2954788207816168,0.02975813091120222,-0.27215466308950753,-1.6349348241936998,-0.08580815781642828,-0.6348148381432227,-0.12358065410923252,1.4622547762698708
2008-04-14 23:40:00+00:00,ME01,0.6468201593266314,-0.5136390494126108,1.9408445370845306,-0.27215466308950753,-1.6349348241936998,-0.08580815781642828,-0.6348148381432227,-0.12358065410923252,1.4622547762698708
2008-04-14 23:50:00+00:00,ME01,0.7941691899959039,0.11467928642418601,3.6670322068931545,-0.27215466308950753,-1.6349348241936998,-0.08580815781642828,-0.6348148381432227,-0.12358065410923252,1.4622547762698708
2008-04-15 00:00:00+00:00,ME01,0.8059030049100016,-0.6513400533044345,4.265715825050875,-0.27215466308950753,-1.5169630931874374,-0.22150431231287343,-0.3570832920003521,-0.12358065410923252,1.832967254760824
2008-04-15 00:10:00+00:00,ME01,0.7605155422995051,-0.7860815545900267,0.5397770197978351,-0.27215466308950753,-1.5169630931874374,-0.22150431231287343,-0.3570832920003521,-0.12358065410923252,1.832967254760824
2008-04-15 00:20:00+00:00,ME01,0.46954663853430734,-0.8301154962547443,-0.1069178582802248,-0.27215466308950753,-1.5169630931874374,-0.22150431231287343,-0.3570832920003521,-0.12358065410923252,1.832967254760824
2008-04-15 00:30:00+00:00,ME01,0.5736162716418292,-0.7458078182374589,-0.19130388006853521,-0.27215466308950753,-1.5169630931874374,-0.22150431231287343,-0.3570832920003521,-0.12358065410923252,1.832967254760824
2008-04-15 00:40:00+00:00,ME01,0.2952177528683045,0.6517257740282031,-1.1956156382259913,-0.27215466308950753,-1.5169630931874374,-0.22150431231287343,-0.3570832920003521,-0.12358065410923252,1.832967254760824
2008-04-15 00:50:00+00:00,ME01,0.258857458369248,3.778325812264368,-1.1077006861229113,-0.27215466308950753,-1.5169630931874374,-0.22150431231287343,-0.3570832920003521,-0.12358065410923252,1.832967254760824
2008-04-15 01:00:00+00:00,ME01,0.14452927968310922,-0.4608842689038897,-1.3155576860218237,-0.6744907594765952,-1.3733453921633665,-0.41307571501683027,0.0,-0.12358065410923252,1.832967254760824
2008-04-15 01:10:00+00:00,ME01,0.25442178428121426,-0.7182206084544057,-1.2030615414405574,-0.6744907594765952,-1.3733453921633665,-0.41307571501683027,0.0,-0.12358065410923252,1.832967254760824
2008-04-15 01:20:00+00:00,ME01,0.23461032877707777,-0.8191892249201395,-1.3531057555610315,-0.6744907594765952,-1.3733453921633665,-0.41307571501683027,0.0,-0.12358065410923252,1.832967254760824
2008-04-15 01:30:00+00:00,ME01,0.09328982042790666,-0.7542269504261687,-1.2531573872307595,-0.6744907594765952,-1.3733453921633665,-0.41307571501683027,0.0,-0.12358065410923252,1.832967254760824
2008-04-15 01:40:00+00:00,ME01,0.11305215970380263,-0.7322306071809159,-1.2717702071755872,-0.6744907594765952,-1.3733453921633665,-0.41307571501683027,0.0,-0.12358065410923252,1.832967254760824
2008-04-15 01:50:00+00:00,ME01,0.11863913168889845,2.3700620426382466,-1.3486425597015317,-0.6744907594765952,-1.3733453921633665,-0.41307571501683027,0.0,-0.12358065410923252,1.832967254760824
2008-04-15 02:00:00+00:00,ME01,0.0804366787726337,-0.6196908651461134,-1.0544764572071392,-0.29583259045015464,-0.49368633469561657,-0.5008791583384827,3.491481658192357,-0.12358065410923252,1.832967254760824
2008-04-15 02:10:00+00:00,ME01,0.3099674443804485,-0.6443032247043344,-0.7128710530807921,-0.29583259045015464,-0.49368633469561657,-0.5008791583384827,3.491481658192357,-0.12358065410923252,1.832967254760824
2008-04-15 02:20:00+00:00,ME01,0.2618426955970118,-0.7765184583225729,-0.5316268339258328,-0.29583259045015464,-0.49368633469561657,-0.5008791583384827,3.491481658192357,-0.12358065410923252,1.832967254760824
2008-04-15 02:30:00+00:00,ME01,0.24273164835073832,-0.7685419518049519,-0.7203089360070214,-0.29583259045015464,-0.49368633469561657,-0.5008791583384827,3.491481658192357,-0.12358065410923252,1.832967254760824
2008-04-15 02:40:00+00:00,ME01,0.5259189452462564,-0.7085333845790821,-0.5538118953638997,-0.29583259045015464,-0.49368633469561657,-0.5008791583384827,3.491481658192357,-0.12358065410923252,1.832967254760824
2008-04-15 02:50:00+00:00,ME01,0.35933551095728217,-0.8214117166582237,-1.2714346952555176,-0.29583259045015464,-0.49368633469561657,-0.5008791583384827,3.491481658192357,-0.12358065410923252,1.832967254760824
2008-04-15 03:00:00+00:00,ME01,0.23931677213519703,-0.6778363035077586,-1.1584616674514654,-0.29583259045015464,-0.8309317144339144,-0.6445578498676152,4.56273172781194,-0.12358065410923252,1.832967254760824
2008-04-15 03:10:00+00:00,ME01,0.40402115948667955,-0.217998625646148,-0.5776164476122758,-0.29583259045015464,-0.8309317144339144,-0.6445578498676152,4.56273172781194,-0.12358065410923252,1.832967254760824
2008-04-15 03:20:00+00:00,ME01,0.44084125291492143,0.013196812499315076,-1.0387444031999404,-0.29583259045015464,-0.8309317144339144,-0.6445578498676152,4.56273172781194,-0.12358065410923252,1.832967254760824
2008-04-15 03:30:00+00:00,ME01,0.4346002123927921,-0.4031524908560792,-0.9411266230025527,-0.29583259045015464,-0.8309317144339144,-0.6445578498676152,4.56273172781194,-0.12358065410923252,1.832967254760824
2008-04-15 03:40:00+00:00,ME01,0.4721334411868595,-0.2526511132845151,-0.9572983290969754,-0.29583259045015464,-0.8309317144339144,-0.6445578498676152,4.56273172781194,-0.12358065410923252,1.832967254760824
2008-04-15 03:50:00+00:00,ME01,0.5350089038818074,0.5285115307616944,-0.4559715449043373,-0.29583259045015464,-0.8309317144339144,-0.6445578498676152,4.56273172781194,-0.12358065410923252,1.832967254760824
2008-04-15 04:00:00+00:00,ME01,0.6277053895594294,-0.05265318123836921,0.9592902435824324,-0.7217994470119119,-1.036100012425069,-0.6884594320272687,0.0,-0.12358065410923252,1.832967254760824
2008-04-15 04:10:00+00:00,ME01,0.8129193189636841,1.389493283662944,-0.12291853443235799,-0.7217994470119119,-1.036100012425069,-0.6884594320272687,0.0,-0.12358065410923252,1.832967254760824
2008-04-15 04:20:00+00:00,ME01,0.7190947656301294,-0.3970769734803547,-0.17958516371614258,-0.7217994470119119,-1.036100012425069,-0.6884594320272687,0.0,-0.12358065410923252,1.832967254760824
2008-04-15 04:30:00+00:00,ME01,0.7449118999071005,-0.513765428813965,1.1992229295051746,-0.7217994470119119,-1.036100012425069,-0.6884594320272687,0.0,-0.12358065410923252,1.832967254760824
2008-04-15 04:40:00+00:00,ME01,0.7839786499634864,-0.6563937252783978,1.1037648426183375,-0.7217994470119119,-1.036100012425069,-0.6884594320272687,0.0,-0.12358065410923252,1.832967254760824
2008-04-15 04:50:00+00:00,ME01,0.9268714019299141,-0.5716603569191282,1.3462236221133606,-0.7217994470119119,-1.036100012425069,-0.6884594320272687,0.0,-0.12358065410923252,1.832967254760824
2008-04-15 05:00:00+00:00,ME01,1.206451112108795,-0.5623058528062279,1.7450894566476676,-0.10650350593693302,-0.6642322370073006,-0.6884594320272687,0.7141666808099677,-0.12358065410923252,1.832967254760824
2008-04-15 05:10:00+00:00,ME01,1.2794703996432242,-0.5828746031438037,0.472926751254092,-0.10650350593693302,-0.6642322370073006,-0.6884594320272687,0.7141666808099677,-0.12358065410923252,1.832967254760824
2008-04-15 05:20:00+00:00,ME01,1.192429730986998,-0.387995681597627,0.2302257609298336,-0.10650350593693302,-0.6642322370073006,-0.6884594320272687,0.7141666808099677,-0.12358065410923252,1.832967254760824
2008-04-15 05:30:00+00:00,ME01,1.4258675119919375,-0.5726375521411334,0.711360197750602,-0.10650350593693302,-0.6642322370073006,-0.6884594320272687,0.7141666808099677,-0.12358065410923252,1.832967254760824
2008-04-15 05:40:00+00:00,ME01,1.4372008785614947,-0.351637074227948,0.6684725634617886,-0.10650350593693302,-0.6642322370073006,-0.6884594320272687,0.7141666808099677,-0.12358065410923252,1.832967254760824
2008-04-15 05:50:00+00:00,ME01,1.7178969382636338,0.047623465956856924,1.0445519224964432,-0.10650350593693302,-0.6642322370073006,-0.6884594320272687,0.7141666808099677,-0.12358065410923252,1.832967254760824
2008-04-15 06:00:00+00:00,ME01,1.892724511760737,-0.021100430638604423,1.1575467375093114,-0.34314127798547,-0.22440270827342546,-0.496888308325689,0.6744907594765952,-0.12358065410923252,1.3335351656827341
2008-04-15 06:10:00+00:00,ME01,1.875796756991573,-0.29796643556599467,0.04975645891548998,-0.34314127798547,-0.22440270827342546,-0.496888308325689,0.6744907594765952,-0.12358065410923252,1.3335351656827341
2008-04-15 06:20:00+00:00,ME01,1.8648786448662695,-0.028364863098819186,0.32097815634596594,-0.34314127798547,-0.22440270827342546,-0.496888308325689,0.6744907594765952,-0.12358065410923252,1.3335351656827341
2008-04-15 06:30:00+00:00,ME01,2.1732772603886854,-0.04198285704064515,0.2157190420282351,-0.34314127798547,-0.22440270827342546,-0.496888308325689,0.6744907594765952,-0.12358065410923252,1.3335351656827341
2008-04-15 06:40:00+00:00,ME01,2.481024477222748,0.0139513551880636,0.26177432289727415,-0.34314127798547,-0.22440270827342546,-0.496888308325689,0.6744907594765952,-0.12358065410923252,1.3335351656827341
2008-04-15 06:50:00+00:00,ME01,2.1011496116692996,-0.006000170577118945,0.33316241694219,-0.34314127798547,-0.22440270827342546,-0.496888308325689,0.6744907594765952,-0.12358065410923252,1.3335351656827341
2008-04-15 07:00:00+00:00,ME01,2.3049390198314477,-0.040358405715747815,0.16240969807806094,0.272201830275485,0.0884789327168683,-0.3212811426800069,5.753009561431641,-0.12358065410923252,1.3335351656827341
2008-04-15 07:10:00+00:00,ME01,2.3319323422176437,0.401717615928179,0.5652348623057625,0.272201830275485,0.0884789327168683,-0.3212811426800069,5.753009561431641,-0.12358065410923252,1.3335351656827341
2008-04-15 07:20:00+00:00,ME01,2.3929946700856815,-0.06918212517362794,0.5034390319503869,0.272201830275485,0.0884789327168683,-0.3212811426800069,5.753009561431641,-0.12358065410923252,1.3335351656827341
2008-04-15 07:30:00+00:00,ME01,2.5462537941255774,-0.13085669287798404,1.422192401953093,0.272201830275485,0.0884789327168683,-0.3212811426800069,5.753009561431641,-0.12358065410923252,1.3335351656827341
2008-04-15 07:40:00+00:00,ME01,2.6977178788237275,0.2123080603407966,0.6655091643598887,0.272201830275485,0.0884789327168683,-0.3212811426800069,5.753009561431641,-0.12358065410923252,1.3335351656827341
2008-04-15 07:50:00+00:00,ME01,2.5798215173972623,0.06212720617494625,0.7773596176895574,0.272201830275485,0.0884789327168683,-0.3212811426800069,5.753009561431641,-0.12358065410923252,1.3335351656827341
2008-04-15 08:00:00+00:00,ME01,2.870103358559067,0.5000389918652112,0.9989333171367643,-0.6981215196512648,0.5065091852423481,-0.16163821409259968,1.4283333616199352,-0.12358065410923252,1.3335351656827341
2008-04-15 08:10:00+00:00,ME01,2.739398583891441,0.2895868148787385,0.9575754371389738,-0.6981215196512648,0.5065091852423481,-0.16163821409259968,1.4283333616199352,-0.12358065410923252,1.3335351656827341
2008-04-15 08:20:00+00:00,ME01,2.6193574927859475,0.3042811343068765,0.9512506895743525,-0.6981215196512648,0.5065091852423481,-0.16163821409259968,1.4283333616199352,-0.12358065410923252,1.3335351656827341
2008-04-15 08:30:00+00:00,ME01,2.401330771219432,1.0370387601824782,1.1774838448063476,-0.6981215196512648,0.5065091852423481,-0.16163821409259968,1.4283333616199352,-0.12358065410923252,1.3335351656827341
2008-04-15 08:40:00+00:00,ME01,2.578749912333714,3.9768872418961525,0.7356378293395541,-0.6981215196512648,0.5065091852423481,-0.16163821409259968,1.4283333616199352,-0.12358065410923252,1.3335351656827341
2008-04-15 08:50:00+00:00,ME01,2.7717270062292334,25.539872494993073,0.3281843309394606,-0.6981215196512648,0.5065091852423481,-0.16163821409259968,1.4283333616199352,-0.12358065410923252,1.3335351656827341
2008-04-15 09:00:00+00:00,ME01,2.410407970268036,0.4177469598430062,0.4630615396522112,-0.059147651215638905,0.6026819089645594,-0.053879404697501514,7.895509603861544,-0.12358065410923252,1.3335351656827341
2008-04-15 09:10:00+00:00,ME01,2.2936305284025553,0.11537828280434267,0.3748527521195579,-0.059147651215638905,0.6026819089645594,-0.053879404697501514,7.895509603861544,-0.12358065410923252,1.3335351656827341
2008-04-15 09:20:00+00:00,ME01,2.208348876973373,0.5117293244869751,0.24946252501879368,-0.059147651215638905,0.6026819089645594,-0.053879404697501514,7.895509603861544,-0.12358065410923252,1.3335351656827341
2008-04-15 09:30:00+00:00,ME01,2.3069692371852057,0.35882757799911974,0.3101492066607253,-0.059147651215638905,0.6026819089645594,-0.053879404697501514,7.895509603861544,-0.12358065410923252,1.3335351656827341
2008-04-15 09:40:00+00:00,ME01,2.2693586862904542,0.18099929656580596,0.48534642839562125,-0.059147651215638905,0.6026819089645594,-0.053879404697501514,7.895509603861544,-0.12358065410923252,1.3335351656827341
2008-04-15 09:50:00+00:00,ME01,2.3278967071673446,5.5758447031690075,0.5294967571296215,-0.059147651215638905,0.6026819089645594,-0.053879404697501514,7.895509603861544,-0.12358065410923252,1.3335351656827341
2008-04-15 10:00:00+00:00,ME01,2.1301164570257725,0.22161289322789587,0.4460242748035286,-1.218800085655611,0.7860509307473197,0.23746854937117998,4.404027945669187,-0.12358065410923252,1.3335351656827341
2008-04-15 10:10:00+00:00,ME01,2.3373520721160777,0.6059875226632961,0.5116263012948113,-1.218800085655611,0.7860509307473197,0.23746854937117998,4.404027945669187,-0.12358065410923252,1.3335351656827341
2008-04-15 10:20:00+00:00,ME01,2.191571834099195,0.40542212209000766,0.6900376633693006,-1.218800085655611,0.7860509307473197,0.23746854937117998,4.404027945669187,-0.12358065410923252,1.3335351656827341
2008-04-15 10:30:00+00:00,ME01,2.355967765888313,0.26804571849407605,0.3344941231325885,-1.218800085655611,0.7860509307473197,0.23746854937117998,4.404027945669187,-0.12358065410923252,1.3335351656827341
2008-04-15 10:40:00+00:00,ME01,2.2994876578897596,0.31842760450571317,0.43954119807069525,-1.218800085655611,0.7860509307473197,0.23746854937117998,4.404027945669187,-0.12358065410923252,1.3335351656827341
2008-04-15 10:50:00+00:00,ME01,2.3879571806801576,0.6238703738186727,0.6479214797864012,-1.218800085655611,0.7860509307473197,0.23746854937117998,4.404027945669187,-0.12358065410923252,1.3335351656827341
2008-04-15 11:00:00+00:00,ME01,2.7151483161673693,0.3853331369743318,1.5052449014708889,-0.46148374760272787,1.1053442659353228,0.2614150444597649,3.570833500859102,-0.12358065410923252,1.3335351656827341
2008-04-15 11:10:00+00:00,ME01,2.8172131480098384,0.2350238702744794,0.8398874933543049,-0.46148374760272787,1.1053442659353228,0.2614150444597649,3.570833500859102,-0.12358065410923252,1.3335351656827341
2008-04-15 11:20:00+00:00,ME01,2.6719124287631644,0.3530766899762756,1.1345142475654477,-0.46148374760272787,1.1053442659353228,0.2614150444597649,3.570833500859102,-0.12358065410923252,1.3335351656827341
2008-04-15 11:30:00+00:00,ME01,3.0186777936200038,0.6831524662016016,0.35052946014753555,-0.46148374760272787,1.1053442659353228,0.2614150444597649,3.570833500859102,-0.12358065410923252,1.3335351656827341
2008-04-15 11:40:00+00:00,ME01,2.824636603600778,0.4543713610082372,0.31236203096647713,-0.46148374760272787,1.1053442659353228,0.2614150444597649,3.570833500859102,-0.12358065410923252,1.3335351656827341
2008-04-15 11:50:00+00:00,ME01,2.930966856285345,0.5609284914734399,0.44872294914636696,-0.46148374760272787,1.1053442659353228,0.2614150444597649,3.570833500859102,-0.12358065410923252,1.3335351656827341
2008-04-15 12:00:00+00:00,ME01,2.928589627139346,0.4137504862519522,0.2957982006865322,-0.01183896368032353,0.7027013264961841,0.057870533712735865,8.927083752147755,-0.12358065410923252,0.8341030766046442
2008-04-15 12:10:00+00:00,ME01,3.0348298010574686,0.6768698836571221,0.2753449288280741,-0.01183896368032353,0.7027013264961841,0.057870533712735865,8.927083752147755,-0.12358065410923252,0.8341030766046442
2008-04-15 12:20:00+00:00,ME01,3.236206309799297,0.6825016152056628,0.4443711307475963,-0.01183896368032353,0.7027013264961841,0.057870533712735865,8.927083752147755,-0.12358065410923252,0.8341030766046442
2008-04-15 12:30:00+00:00,ME01,3.207981620073264,0.5290822541652184,0.31068191401747935,-0.01183896368032353,0.7027013264961841,0.057870533712735865,8.927083752147755,-0.12358065410923252,0.8341030766046442
2008-04-15 12:40:00+00:00,ME01,3.4694124371188,0.8524620962859435,1.877497140312246,-0.01183896368032353,0.7027013264961841,0.057870533712735865,8.927083752147755,-0.12358065410923252,0.8341030766046442
2008-04-15 12:50:00+00:00,ME01,3.329289262646271,0.4697658427374754,1.461276432013742,-0.01183896368032353,0.7027013264961841,0.057870533712735865,8.927083752147755,-0.12358065410923252,0.8341030766046442
2008-04-15 13:00:00+00:00,ME01,3.4835988315578854,0.9869535124272956,2.027916190557143,-0.01183896368032353,0.762969692193463,-0.0059866935227088,8.331944835337904,-0.12358065410923252,0.8341030766046442
2008-04-15 13:10:00+00:00,ME01,3.4927541646866693,1.278252637128632,0.9536770352357848,-0.01183896368032353,0.762969692193463,-0.0059866935227088,8.331944835337904,-0.12358065410923252,0.8341030766046442
2008-04-15 13:20:00+00:00,ME01,3.6720155241822137,1.2171325976266874,1.077712494224937,-0.01183896368032353,0.762969692193463,-0.0059866935227088,8.331944835337904,-0.12358065410923252,0.8341030766046442
2008-04-15 13:30:00+00:00,ME01,3.637069721030502,5.161971752102367,0.8076734843594328,-0.01183896368032353,0.762969692193463,-0.0059866935227088,8.331944835337904,-0.12358065410923252,0.8341030766046442
2008-04-15 13:40:00+00:00,ME01,3.7404561948714687,0.9084613309339917,0.24281632399755615,-0.01183896368032353,0.762969692193463,-0.0059866935227088,8.331944835337904,-0.12358065410923252,0.8341030766046442
2008-04-15 13:50:00+00:00,ME01,3.6421822827383927,1.1058277482330707,0.14453622670138055,-0.01183896368032353,0.762969692193463,-0.0059866935227088,8.331944835337904,-0.12358065410923252,0.8341030766046442
2008-04-15 14:00:00+00:00,ME01,3.615606335563276,1.1311840203245862,0.2700057519080205,-0.2484767357288605,0.7757925427401959,-0.02594205959615453,7.022639237718086,-0.12358065410923252,0.8341030766046442
2008-04-15 14:10:00+00:00,ME01,3.6306712871138327,0.9877757389121323,0.19307339669067683,-0.2484767357288605,0.7757925427401959,-0.02594205959615453,7.022639237718086,-0.12358065410923252,0.8341030766046442
2008-04-15 14:20:00+00:00,ME01,3.620148145859702,1.3362898661724212,0.23140712175848688,-0.2484767357288605,0.7757925427401959,-0.02594205959615453,7.022639237718086,-0.12358065410923252,0.8341030766046442
2008-04-15 14:30:00+00:00,ME01,3.429707869200658,0.9380836730106836,0.07259066476447004,-0.2484767357288605,0.7757925427401959,-0.02594205959615453,7.022639237718086,-0.12358065410923252,0.8341030766046442
2008-04-15 14:40:00+00:00,ME01,3.8650106957442305,1.6100340053983013,0.1970440397536685,-0.2484767357288605,0.7757925427401959,-0.02594205959615453,7.022639237718086,-0.12358065410923252,0.8341030766046442
2008-04-15 14:50:00+00:00,ME01,3.6417311998211845,1.0344080327474823,0.9716254744885116,-0.2484767357288605,0.7757925427401959,-0.02594205959615453,7.022639237718086,-0.12358065410923252,0.8341030766046442
2008-04-15 15:00:00+00:00,ME01,3.5048328826971678,1.0724913307279098,0.23602280675481163,-0.41412789288143376,0.6706439312050099,-0.0019955645075696,2.6979631347156445,-0.12358065410923252,0.8341030766046442
2008-04-15 15:10:00+00:00,ME01,3.935615243851326,1.4135713097616707,0.12753502112867465,-0.41412789288143376,0.6706439312050099,-0.0019955645075696,2.6979631347156445,-0.12358065410923252,0.8341030766046442
2008-04-15 15:20:00+00:00,ME01,4.017284380458735,1.284585269407015,0.3628803160248695,-0.41412789288143376,0.6706439312050099,-0.0019955645075696,2.6979631347156445,-0.12358065410923252,0.8341030766046442
2008-04-15 15:30:00+00:00,ME01,4.108427594861291,1.0898082130096887,2.3405156439608947,-0.41412789288143376,0.6706439312050099,-0.0019955645075696,2.6979631347156445,-0.12358065410923252,0.8341030766046442
2008-04-15 15:40:00+00:00,ME01,3.8268577312958993,2.907224767091395,1.8740715075660304,-0.41412789288143376,0.6706439312050099,-0.0019955645075696,2.6979631347156445,-0.12358065410923252,0.8341030766046442
2008-04-15 15:50:00+00:00,ME01,4.061208174593265,2.600332856566272,0.9057430694739015,-0.41412789288143376,0.6706439312050099,-0.0019955645075696,2.6979631347156445,-0.12358065410923252,0.8341030766046442
2008-04-15 16:00:00+00:00,ME01,4.020992133288817,1.7140368362225709,0.9301364316618844,-0.6744907594765952,0.40905423025033266,0.033924038624150936,5.356250251288653,-0.12358065410923252,0.8341030766046442
2008-04-15 16:10:00+00:00,ME01,3.8520089892025586,1.8544970576434976,1.058514792760601,-0.6744907594765952,0.40905423025033266,0.033924038624150936,5.356250251288653,-0.12358065410923252,0.8341030766046442
2008-04-15 16:20:00+00:00,ME01,4.103372811449059,3.1124784194733053,1.4945137873742727,-0.6744907594765952,0.40905423025033266,0.033924038624150936,5.356250251288653,-0.12358065410923252,0.8341030766046442
2008-04-15 16:30:00+00:00,ME01,3.778052197569089,1.494639326228438,0.5884911475464235,-0.6744907594765952,0.40905423025033266,0.033924038624150936,5.356250251288653,-0.12358065410923252,0.8341030766046442
2008-04-15 16:40:00+00:00,ME01,4.092335720303248,1.8413465213270355,0.36608572025445124,-0.6744907594765952,0.40905423025033266,0.033924038624150936,5.356250251288653,-0.12358065410923252,0.8341030766046442
2008-04-15 16:50:00+00:00,ME01,4.240242602395827,1.8568883471585975,0.2538896310066589,-0.6744907594765952,0.40905423025033266,0.033924038624150936,5.356250251288653,-0.12358065410923252,0.8341030766046442
2008-04-15 17:00:00+00:00,ME01,4.089748562375229,2.0088943035761813,0.5311491480889987,-0.6508128321159481,-0.23979055920845427,-0.0339240386240875,5.594305779288887,-0.12358065410923252,0.8341030766046442
2008-04-15 17:10:00+00:00,ME01,4.242906913736175,1.8958106599663678,0.8604286626010315,-0.6508128321159481,-0.23979055920845427,-0.0339240386240875,5.594305779288887,-0.12358065410923252,0.8341030766046442
2008-04-15 17:20:00+00:00,ME01,4.360172275097616,2.957965281824354,0.15634161109718195,-0.6508128321159481,-0.23979055920845427,-0.0339240386240875,5.594305779288887,-0.12358065410923252,0.8341030766046442
2008-04-15 17:30:00+00:00,ME01,4.307365262734586,1.4194974388633195,0.3760358977306239,-0.6508128321159481,-0.23979055920845427,-0.0339240386240875,5.594305779288887,-0.12358065410923252,0.8341030766046442
2008-04-15 17:40:00+00:00,ME01,4.324215692740907,2.651921329487601,-0.20880765051190142,-0.6508128321159481,-0.23979055920845427,-0.0339240386240875,5.594305779288887,-0.12358065410923252,0.8341030766046442
2008-04-15 17:50:00+00:00,ME01,4.161470745312817,1.5614079328495991,-0.23556670702535842,-0.6508128321159481,-0.23979055920845427,-0.0339240386240875,5.594305779288887,-0.12358065410923252,0.8341030766046442
2008-04-15 18:00:00+00:00,ME01,3.8760142938917492,2.321755093903218,-0.07262219325313882,-0.4851616749633749,-0.6578208117339341,-0.06984364175577631,2.2218519819059117,-0.12358065410923252,0.334670987526555
2008-04-15 18:10:00+00:00,ME01,3.7831846907441977,2.4197815679931813,-0.36299198405370486,-0.4851616749633749,-0.6578208117339341,-0.06984364175577631,2.2218519819059117,-0.12358065410923252,0.334670987526555
2008-04-15 18:20:00+00:00,ME01,3.9506140981354796,1.9849570432264925,-0.22596411210275616,-0.4851616749633749,-0.6578208117339341,-0.06984364175577631,2.2218519819059117,-0.12358065410923252,0.334670987526555
2008-04-15 18:30:00+00:00,ME01,3.441518345856954,2.000626602184967,-0.3952891048682035,-0.4851616749633749,-0.6578208117339341,-0.06984364175577631,2.2218519819059117,-0.12358065410923252,0.334670987526555
2008-04-15 18:40:00+00:00,ME01,3.791947887639655,2.2111469508450443,-0.43049920834157146,-0.4851616749633749,-0.6578208117339341,-0.06984364175577631,2.2218519819059117,-0.12358065410923252,0.334670987526555
2008-04-15 18:50:00+00:00,ME01,3.8307614269125505,2.5791699855974026,-0.3233605896129008,-0.4851616749633749,-0.6578208117339341,-0.06984364175577631,2.2218519819059117,-0.12358065410923252,0.334670987526555
2008-04-15 19:00:00+00:00,ME01,3.469620149812073,3.433343081868111,-0.1242919324328463,-0.6508128321159481,-0.8668360724588459,0.06585251274066883,-0.6348148381432227,-0.12358065410923252,0.334670987526555
2008-04-15 19:10:00+00:00,ME01,3.4129847180460477,3.490943853290177,-0.16218876047356248,-0.6508128321159481,-0.8668360724588459,0.06585251274066883,-0.6348148381432227,-0.12358065410923252,0.334670987526555
2008-04-15 19:20:00+00:00,ME01,3.3902946992403535,4.2826885363174165,-0.1651331620785619,-0.6508128321159481,-0.8668360724588459,0.06585251274066883,-0.6348148381432227,-0.12358065410923252,0.334670987526555
2008-04-15 19:30:00+00:00,ME01,3.4939562917361315,2.3872167426876243,0.045691491865562324,-0.6508128321159481,-0.8668360724588459,0.06585251274066883,-0.6348148381432227,-0.12358065410923252,0.334670987526555
2008-04-15 19:40:00+00:00,ME01,3.39656971088276,2.212528391806095,1.3736135777663114,-0.6508128321159481,-0.8668360724588459,0.06585251274066883,-0.6348148381432227,-0.12358065410923252,0.334670987526555
2008-04-15 19:50:00+00:00,ME01,3.114772295832551,2.7224335091767924,1.817838065616194,-0.6508128321159481,-0.8668360724588459,0.06585251274066883,-0.6348148381432227,-0.12358065410923252,0.334670987526555
2008-04-15 20:00:00+00:00,ME01,3.2331421980989696,2.36921401898507,0.8100731839001875,-0.6508128321159481,-1.1925408329202158,0.18957583819638726,-0.6744907594765952,-0.12358065410923252,0.334670987526555
2008-04-15 20:10:00+00:00,ME01,3.286657034526406,1.8426616069993185,2.629638703950139,-0.6508128321159481,-1.1925408329202158,0.18957583819638726,-0.6744907594765952,-0.12358065410923252,0.334670987526555
2008-04-15 20:20:00+00:00,ME01,3.634085964293433,2.7282231832668313,3.244925075761089,-0.6508128321159481,-1.1925408329202158,0.18957583819638726,-0.6744907594765952,-0.12358065410923252,0.334670987526555
2008-04-15 20:30:00+00:00,ME01,3.578117283084525,2.834463409003622,2.410030237088967,-0.6508128321159481,-1.1925408329202158,0.18957583819638726,-0.6744907594765952,-0.12358065410923252,0.334670987526555
2008-04-15 20:40:00+00:00,ME01,3.3340116052695477,2.8964817180519637,3.07182734903715,-0.6508128321159481,-1.1925408329202158,0.18957583819638726,-0.6744907594765952,-0.12358065410923252,0.334670987526555
2008-04-15 20:50:00+00:00,ME01,3.413781297483669,2.8185676557334625,6.66044833749296,-0.6508128321159481,-1.1925408329202158,0.18957583819638726,-0.6744907594765952,-0.12358065410923252,0.334670987526555
2008-04-15 21:00:00+00:00,ME01,3.658456651580732,2.9698097112562514,4.24463097598,-0.27215466308950753,-1.410531981458103,0.30930775563458934,-0.6348148381432227,-0.12358065410923252,0.334670987526555
2008-04-15 21:10:00+00:00,ME01,3.470632890114946,3.7149858692539772,5.6948734121818925,-0.27215466308950753,-1.410531981458103,0.30930775563458934,-0.6348148381432227,-0.12358065410923252,0.334670987526555
2008-04-15 21:20:00+00:00,ME01,3.609400785510369,15.201844390249734,5.410837662216752,-0.27215466308950753,-1.410531981458103,0.30930775563458934,-0.6348148381432227,-0.12358065410923252,0.334670987526555
2008-04-15 21:30:00+00:00,ME01,3.596690462269368,2.3406319368393227,8.09715374760023,-0.27215466308950753,-1.410531981458103,0.30930775563458934,-0.6348148381432227,-0.12358065410923252,0.334670987526555
2008-04-15 21:40:00+00:00,ME01,3.6047885907680857,2.6387096062026716,7.887883521358407,-0.27215466308950753,-1.410531981458103,0.30930775563458934,-0.6348148381432227,-0.12358065410923252,0.334670987526555
2008-04-15 21:50:00+00:00,ME01,3.4399182513521045,2.6896081230747564,4.7346729381145325,-0.27215466308950753,-1.410531981458103,0.30930775563458934,-0.6348148381432227,-0.12358065410923252,0.334670987526555
2008-04-15 22:00:00+00:00,ME01,3.587678906383201,3.5306452923237255,4.011617989772768,-0.5324703624986916,-1.493881585709238,0.46495955520682564,-0.6744907594765952,-0.12358065410923252,0.334670987526555
2008-04-15 22:10:00+00:00,ME01,3.5025891414322645,3.868771683098529,3.485084265430479,-0.5324703624986916,-1.493881585709238,0.46495955520682564,-0.6744907594765952,-0.12358065410923252,0.334670987526555
2008-04-15 22:20:00+00:00,ME01,3.482496338421496,2.3731617150921718,6.9278873180206855,-0.5324703624986916,-1.493881585709238,0.46495955520682564,-0.6744907594765952,-0.12358065410923252,0.334670987526555
2008-04-15 22:30:00+00:00,ME01,3.5411446243991205,2.0978509932882154,5.885912672909389,-0.5324703624986916,-1.493881585709238,0.46495955520682564,-0.6744907594765952,-0.12358065410923252,0.334670987526555
2008-04-15 22:40:00+00:00,ME01,3.3083202536869414,2.5315719093752653,4.5607274062048635,-0.5324703624986916,-1.493881585709238,0.46495955520682564,-0.6744907594765952,-0.12358065410923252,0.334670987526555
2008-04-15 22:50:00+00:00,ME01,3.400956165926974,2.8528103801639624,7.087223805133167,-0.5324703624986916,-1.493881585709238,0.46495955520682564,-0.6744907594765952,-0.12358065410923252,0.334670987526555
2008-04-15 23:00:00+00:00,ME01,3.6982973087750812,2.110595416640191,6.583438727964552,0.08287274576226471,-1.654169368938142,0.42903995207513684,-0.5951389168098503,-0.12358065410923252,0.334670987526555
2008-04-15 23:10:00+00:00,ME01,3.6376825701736593,2.2276828928200865,5.2072339052517815,0.08287274576226471,-1.654169368938142,0.42903995207513684,-0.5951389168098503,-0.12358065410923252,0.334670987526555
2008-04-15 23:20:00+00:00,ME01,3.2356880857358736,3.3240495698929835,2.7615810148326565,0.08287274576226471,-1.654169368938142,0.42903995207513684,-0.5951389168098503,-0.12358065410923252,0.334670987526555
2008-04-15 23:30:00+00:00,ME01,3.2131865955577483,3.1530914936857815,1.9746982299412879,0.08287274576226471,-1.654169368938142,0.42903995207513684,-0.5951389168098503,-0.12358065410923252,0.334670987526555
2008-04-15 23:40:00+00:00,ME01,3.240949934714692,3.099501233565612,2.7207921221105624,0.08287274576226471,-1.654169368938142,0.42903995207513684,-0.5951389168098503,-0.12358065410923252,0.334670987526555
2008-04-15 23:50:00+00:00,ME01,3.243997732611199,7.345495150588664,1.7386281696782435,0.08287274576226471,-1.654169368938142,0.42903995207513684,-0.5951389168098503,-0.12358065410923252,0.334670987526555
2008-04-16 00:00:00+00:00,ME01,3.2179943642346722,12.5794308784976,1.5972203579593287,-0.3194633506248242,-1.7157199659052258,0.43702221010544695,-0.5554629954764779,-0.12358065410923252,-0.16476110155153492
2008-04-16 00:10:00+00:00,ME01,3.2973172880074957,5.47943012128784,2.429355238184192,-0.3194633506248242,-1.7157199659052258,0.43702221010544695,-0.5554629954764779,-0.12358065410923252,-0.16476110155153492
2008-04-16 00:20:00+00:00,ME01,3.161645093443305,3.884545664462552,2.09009314933082,-0.3194633506248242,-1.7157199659052258,0.43702221010544695,-0.5554629954764779,-0.12358065410923252,-0.16476110155153492
2008-04-16 00:30:00+00:00,ME01,3.254573093837892,3.010719299393247,2.313617293128723,-0.3194633506248242,-1.7157199659052258,0.43702221010544695,-0.5554629954764779,-0.12358065410923252,-0.16476110155153492
2008-04-16 00:40:00+00:00,ME01,3.1130384760274215,3.5507421474219965,2.2552986181495847,-0.3194633506248242,-1.7157199659052258,0.43702221010544695,-0.5554629954764779,-0.12358065410923252,-0.16476110155153492
2008-04-16 00:50:00+00:00,ME01,3.3906919517677028,3.7875224083567347,1.2674955052165913,-0.3194633506248242,-1.7157199659052258,0.43702221010544695,-0.5554629954764779,-0.12358065410923252,-0.16476110155153492
2008-04-16 01:00:00+00:00,ME01,3.301326445850764,2.2720006146516236,0.8397301013221345,0.08287274576226471,-1.7054615778981026,0.3572007458117592,-0.6744907594765952,-0.12358065410923252,-0.16476110155153492
2008-04-16 01:10:00+00:00,ME01,3.1239790231586717,3.6629777264136516,1.8516176952055288,0.08287274576226471,-1.7054615778981026,0.3572007458117592,-0.6744907594765952,-0.12358065410923252,-0.16476110155153492
2008-04-16 01:20:00+00:00,ME01,3.3084516882806576,1.912393598097029,1.6831358191828354,0.08287274576226471,-1.7054615778981026,0.3572007458117592,-0.6744907594765952,-0.12358065410923252,-0.16476110155153492
2008-04-16 01:30:00+00:00,ME01,3.52334955132461,2.7879929449718905,0.08613243331988531,0.08287274576226471,-1.7054615778981026,0.3572007458117592,-0.6744907594765952,-0.12358065410923252,-0.16476110155153492
2008-04-16 01:40:00+00:00,ME01,3.3384581745429576,2.1794100391695257,-0.30390879219545824,0.08287274576226471,-1.7054615778981026,0.3572007458117592,-0.6744907594765952,-0.12358065410923252,-0.16476110155153492
2008-04-16 01:50:00+00:00,ME01,3.3875818356533927,3.203391836998389,-0.5014655273012876,0.08287274576226471,-1.7054615778981026,0.3572007458117592,-0.6744907594765952,-0.12358065410923252,-0.16476110155153492
2008-04-16 02:00:00+00:00,ME01,3.1580265123235662,2.7829890795846643,0.8034004244240872,0.08287274576226471,-1.8990889876879857,0.26540617347493584,-0.6744907594765952,-0.12358065410923252,-0.16476110155153492
2008-04-16 02:10:00+00:00,ME01,3.2329100241674897,2.3844839370356907,1.2535838300536437,0.08287274576226471,-1.8990889876879857,0.26540617347493584,-0.6744907594765952,-0.12358065410923252,-0.16476110155153492
2008-04-16 02:20:00+00:00,ME01,3.086955960342907,2.755976399275583,0.26832397740299224,0.08287274576226471,-1.8990889876879857,0.26540617347493584,-0.6744907594765952,-0.12358065410923252,-0.16476110155153492
2008-04-16 02:30:00+00:00,ME01,3.222095433250066,2.298769996712772,0.14426867252373946,0.08287274576226471,-1.8990889876879857,0.26540617347493584,-0.6744907594765952,-0.12358065410923252,-0.16476110155153492
2008-04-16 02:40:00+00:00,ME01,2.9765908990140786,1.5624057708128267,-0.6650099373957621,0.08287274576226471,-1.8990889876879857,0.26540617347493584,-0.6744907594765952,-0.12358065410923252,-0.16476110155153492
2008-04-16 02:50:00+00:00,ME01,3.1700923436527493,2.412556585954977,-0.5691228285332862,0.08287274576226471,-1.8990889876879857,0.26540617347493584,-0.6744907594765952,-0.12358065410923252,-0.16476110155153492
2008-04-16 03:00:00+00:00,ME01,2.9403137640093324,2.457160538693384,-0.4859571700144116,0.059194818401617645,-1.9170413011626235,0.24145967838635088,-0.5951389168098503,-0.12358065410923252,-0.16476110155153492
2008-04-16 03:10:00+00:00,ME01,2.585158324188417,2.422436058344,-0.2789219811621393,0.059194818401617645,-1.9170413011626235,0.24145967838635088,-0.5951389168098503,-0.12358065410923252,-0.16476110155153492
2008-04-16 03:20:00+00:00,ME01,2.7289807772298467,1.7652780300529305,-0.9015919105441136,0.059194818401617645,-1.9170413011626235,0.24145967838635088,-0.5951389168098503,-0.12358065410923252,-0.16476110155153492
2008-04-16 03:30:00+00:00,ME01,2.948126066460241,2.458588302264697,-0.4431801254517445,0.059194818401617645,-1.9170413011626235,0.24145967838635088,-0.5951389168098503,-0.12358065410923252,-0.16476110155153492
2008-04-16 03:40:00+00:00,ME01,2.9104189173414903,1.7119226688720164,-0.6843108549394313,0.059194818401617645,-1.9170413011626235,0.24145967838635088,-0.5951389168098503,-0.12358065410923252,-0.16476110155153492
2008-04-16 03:50:00+00:00,ME01,2.7368892120630557,1.90529580757665,0.12708437575272846,0.059194818401617645,-1.9170413011626235,0.24145967838635088,-0.5951389168098503,-0.12358065410923252,-0.16476110155153492
2008-04-16 04:00:00+00:00,ME01,2.671324409895165,4.048127527239327,0.46886014709454366,0.24852390291483925,-2.0529653456435235,0.2933435185763145,-0.6744907594765952,-0.12358065410923252,-0.16476110155153492
2008-04-16 04:10:00+00:00,ME01,2.905386701215664,2.0349887205716843,0.8785526539351178,0.24852390291483925,-2.0529653456435235,0.2933435185763145,-0.6744907594765952,-0.12358065410923252,-0.16476110155153492
2008-04-16 04:20:00+00:00,ME01,2.833817725729284,2.321469260900762,0.22925948925738582,0.24852390291483925,-2.0529653456435235,0.2933435185763145,-0.6744907594765952,-0.12358065410923252,-0.16476110155153492
2008-04-16 04:30:00+00:00,ME01,2.679201193151882,1.8190207057319752,-0.12383610149601444,0.24852390291483925,-2.0529653456435235,0.2933435185763145,-0.6744907594765952,-0.12358065410923252,-0.16476110155153492
2008-04-16 04:40:00+00:00,ME01,2.768723723123932,1.727226768705697,-0.2468310453954624,0.24852390291483925,-2.0529653456435235,0.2933435185763145,-0.6744907594765952,-0.12358065410923252,-0.16476110155153492
2008-04-16 04:50:00+00:00,ME01,2.4823132119851357,2.0360575596162627,0.14259812804008676,0.24852390291483925,-2.0529653456435235,0.2933435185763145,-0.6744907594765952,-0.12358065410923252,-0.16476110155153492
2008-04-16 05:00:00+00:00,ME01,2.608592742947194,1.810434588129232,-0.0032042336415387153,0.24852390291483925,-1.8593376669292967,0.46096842619165473,-0.6744907594765952,-0.12358065410923252,-0.16476110155153492
2008-04-16 05:10:00+00:00,ME01,2.782785823607489,2.387432454901377,0.610045437011381,0.24852390291483925,-1.8593376669292967,0.46096842619165473,-0.6744907594765952,-0.12358065410923252,-0.16476110155153492
2008-04-16 05:20:00+00:00,ME01,2.715742763327993,1.9352243355198435,-0.010295062138982255,0.24852390291483925,-1.8593376669292967,0.46096842619165473,-0.6744907594765952,-0.12358065410923252,-0.16476110155153492
2008-04-16 05:30:00+00:00,ME01,2.3791676916230924,1.8242491493648882,-0.0030534084437326852,0.24852390291483925,-1.8593376669292967,0.46096842619165473,-0.6744907594765952,-0.12358065410923252,-0.16476110155153492
2008-04-16 05:40:00+00:00,ME01,2.771320131948046,1.5475978859205433,0.32618267147692803,0.24852390291483925,-1.8593376669292967,0.46096842619165473,-0.6744907594765952,-0.12358065410923252,-0.16476110155153492
2008-04-16 05:50:00+00:00,ME01,2.5148166553832865,1.5651682468279877,0.634878892578526,0.24852390291483925,-1.8593376669292967,0.46096842619165473,-0.6744907594765952,-0.12358065410923252,-0.16476110155153492
2008-04-16 06:00:00+00:00,ME01,2.349694280595518,2.2566079511309503,0.668952030885084,0.46153091478870656,-0.3475039022075929,0.6685040659538863,-0.6744907594765952,-0.12358065410923252,-0.1390171794341076
2008-04-16 06:10:00+00:00,ME01,2.871472883421624,3.442250110061752,0.7262154217125636,0.46153091478870656,-0.3475039022075929,0.6685040659538863,-0.6744907594765952,-0.12358065410923252,-0.1390171794341076
2008-04-16 06:20:00+00:00,ME01,1.7868174256999492,3.567319218181023,0.4406708030726471,0.46153091478870656,-0.3475039022075929,0.6685040659538863,-0.6744907594765952,-0.12358065410923252,-0.1390171794341076
2008-04-16 06:30:00+00:00,ME01,2.0930174463991587,3.685336085105185,0.26107109395820316,0.46153091478870656,-0.3475039022075929,0.6685040659538863,-0.6744907594765952,-0.12358065410923252,-0.1390171794341076
2008-04-16 06:40:00+00:00,ME01,2.142983750536562,4.819878519560907,0.23626460022405885,0.46153091478870656,-0.3475039022075929,0.6685040659538863,-0.6744907594765952,-0.12358065410923252,-0.1390171794341076
2008-04-16 06:50:00+00:00,ME01,1.8809572876278202,11.423616755894079,0.08196249779513291,0.46153091478870656,-0.3475039022075929,0.6685040659538863,-0.6744907594765952,-0.12358065410923252,-0.1390171794341076
2008-04-16 07:00:00+00:00,ME01,1.9065482591014444,11.0316210718269,0.15162319175495464,-0.17749012083289675,-0.33852774547027437,0.919941566878117,0.7935185234767126,-0.12358065410923252,-0.1390171794341076
2008-04-16 07:10:00+00:00,ME01,1.8665878082175504,4.383513665092129,0.42361367569302794,-0.17749012083289675,-0.33852774547027437,0.919941566878117,0.7935185234767126,-0.12358065410923252,-0.1390171794341076
2008-04-16 07:20:00+00:00,ME01,1.9686571081202344,3.3583755437081035,0.1714732690245947,-0.17749012083289675,-0.33852774547027437,0.919941566878117,0.7935185234767126,-0.12358065410923252,-0.1390171794341076
2008-04-16 07:30:00+00:00,ME01,1.9465038884957853,3.132091666921202,0.33306433344757735,-0.17749012083289675,-0.33852774547027437,0.919941566878117,0.7935185234767126,-0.12358065410923252,-0.1390171794341076
2008-04-16 07:40:00+00:00,ME01,1.6605148071744,2.040270650525355,0.44922233876431306,-0.17749012083289675,-0.33852774547027437,0.919941566878117,0.7935185234767126,-0.12358065410923252,-0.1390171794341076
2008-04-16 07:50:00+00:00,ME01,1.7962293388169992,1.8555528142643636,0.30275302616314265,-0.17749012083289675,-0.33852774547027437,0.919941566878117,0.7935185234767126,-0.12358065410923252,-0.1390171794341076
2008-04-16 08:00:00+00:00,ME01,1.7048072399116154,1.4568965280762622,0.15685306803156562,0.4378529874280595,-0.05770349977115537,1.0875664744934572,-0.6744907594765952,-0.12358065410923252,-0.1390171794341076
2008-04-16 08:10:00+00:00,ME01,1.4496990503781213,2.013380639917066,0.05153052962052915,0.4378529874280595,-0.05770349977115537,1.0875664744934572,-0.6744907594765952,-0.12358065410923252,-0.1390171794341076
2008-04-16 08:20:00+00:00,ME01,1.6891036362815521,1.234826931085271,0.35959498845054855,0.4378529874280595,-0.05770349977115537,1.0875664744934572,-0.6744907594765952,-0.12358065410923252,-0.1390171794341076
2008-04-16 08:30:00+00:00,ME01,1.5294665381864894,5.57092137536369,0.30778558059416133,0.4378529874280595,-0.05770349977115537,1.0875664744934572,-0.6744907594765952,-0.12358065410923252,-0.1390171794341076
2008-04-16 08:40:00+00:00,ME01,1.7987857231910456,26.797042593027367,0.5493585710177156,0.4378529874280595,-0.05770349977115537,1.0875664744934572,-0.6744907594765952,-0.12358065410923252,-0.1390171794341076
2008-04-16 08:50:00+00:00,ME01,1.699955378581931,11.55030180242385,0.5961615520353155,0.4378529874280595,-0.05770349977115537,1.0875664744934572,-0.6744907594765952,-0.12358065410923252,-0.1390171794341076
2008-04-16 09:00:00+00:00,ME01,1.2082892340211178,1.9779583323556942,0.19685956432414156,-0.08282557857628596,0.15387622349336572,1.1314683356554878,-0.5951389168098503,-0.12358065410923252,-0.1390171794341076
2008-04-16 09:10:00+00:00,ME01,1.467029612496591,6.422772354658554,0.6724039300846851,-0.08282557857628596,0.15387622349336572,1.1314683356554878,-0.5951389168098503,-0.12358065410923252,-0.1390171794341076
2008-04-16 09:20:00+00:00,ME01,1.5230922140269105,16.101382558175107,0.38948185819477954,-0.08282557857628596,0.15387622349336572,1.1314683356554878,-0.5951389168098503,-0.12358065410923252,-0.1390171794341076
2008-04-16 09:30:00+00:00,ME01,1.5118980992988347,1.242359449271639,0.47734214924914026,-0.08282557857628596,0.15387622349336572,1.1314683356554878,-0.5951389168098503,-0.12358065410923252,-0.1390171794341076
2008-04-16 09:40:00+00:00,ME01,1.3194344027009692,1.2853248971250477,0.1001809405365616,-0.08282557857628596,0.15387622349336572,1.1314683356554878,-0.5951389168098503,-0.12358065410923252,-0.1390171794341076
2008-04-16 09:50:00+00:00,ME01,1.5719416849412235,11.127042446409483,0.25444809934951346,-0.08282557857628596,0.15387622349336572,1.1314683356554878,-0.5951389168098503,-0.12358065410923252,-0.1390171794341076
2008-04-16 10:00:00+00:00,ME01,1.4092434289743216,1.903025936390515,0.27449123996385816,0.272201830275485,0.34109220800988266,1.1993164129036946,1.5473612224293163,-0.12358065410923252,-0.1390171794341076
2008-04-16 10:10:00+00:00,ME01,1.1406499694081964,1.365122560674838,0.42504632252592445,0.272201830275485,0.34109220800988266,1.1993164129036946,1.5473612224293163,-0.12358065410923252,-0.1390171794341076
2008-04-16 10:20:00+00:00,ME01,1.1478619495040778,1.3159463447270416,0.47015482884899223,0.272201830275485,0.34109220800988266,1.1993164129036946,1.5473612224293163,-0.12358065410923252,-0.1390171794341076
2008-04-16 10:30:00+00:00,ME01,1.2746506191668703,1.2241228104466002,0.3996145877104089,0.272201830275485,0.34109220800988266,1.1993164129036946,1.5473612224293163,-0.12358065410923252,-0.1390171794341076
2008-04-16 10:40:00+00:00,ME01,1.0205417042580283,1.062817091154204,0.4455433289223256,0.272201830275485,0.34109220800988266,1.1993164129036946,1.5473612224293163,-0.12358065410923252,-0.1390171794341076
2008-04-16 10:50:00+00:00,ME01,0.8491176699218421,1.2263806572728804,0.3778714169695416,0.272201830275485,0.34109220800988266,1.1993164129036946,1.5473612224293163,-0.12358065410923252,-0.1390171794341076
2008-04-16 11:00:00+00:00,ME01,1.0336777096526302,1.7861421823815,-0.07071571627756693,0.08287274576226471,0.5360021179939141,1.115503819594836,2.3408797459060287,-0.12358065410923252,-0.1390171794341076
2008-04-16 11:10:00+00:00,ME01,1.0666839430843424,0.9102991577590628,-0.1342032851579381,0.08287274576226471,0.5360021179939141,1.115503819594836,2.3408797459060287,-0.12358065410923252,-0.1390171794341076
2008-04-16 11:20:00+00:00,ME01,1.3711911141152946,1.5576419760620082,-0.11928399822633727,0.08287274576226471,0.5360021179939141,1.115503819594836,2.3408797459060287,-0.12358065410923252,-0.1390171794341076
2008-04-16 11:30:00+00:00,ME01,1.023928984658797,0.7498044064529961,-0.02164004083210759,0.08287274576226471,0.5360021179939141,1.115503819594836,2.3408797459060287,-0.12358065410923252,-0.1390171794341076
2008-04-16 11:40:00+00:00,ME01,0.9838598716233455,0.6859235477236458,0.1611310235668478,0.08287274576226471,0.5360021179939141,1.115503819594836,2.3408797459060287,-0.12358065410923252,-0.1390171794341076
2008-04-16 11:50:00+00:00,ME01,0.7523518038233704,1.6070486135141282,-0.1758904036994941,0.08287274576226471,0.5360021179939141,1.115503819594836,2.3408797459060287,-0.12358065410923252,-0.1390171794341076
2008-04-16 12:00:00+00:00,ME01,0.840953341326955,0.6461292196954563,0.21460200634839924,-0.46148374760272787,0.17311076823780797,1.099539582536561,6.943287395051342,-0.12358065410923252,-0.11327325731668031
2008-04-16 12:10:00+00:00,ME01,0.931742186251567,0.9964515400510585,0.43817539036170494,-0.46148374760272787,0.17311076823780797,1.099539582536561,6.943287395051342,-0.12358065410923252,-0.11327325731668031
2008-04-16 12:20:00+00:00,ME01,0.8846704664734135,0.6075582380947105,0.690785946877182,-0.46148374760272787,0.17311076823780797,1.099539582536561,6.943287395051342,-0.12358065410923252,-0.11327325731668031
2008-04-16 12:30:00+00:00,ME01,0.9082430486081585,1.1066708814223296,0.26964570306853786,-0.46148374760272787,0.17311076823780797,1.099539582536561,6.943287395051342,-0.12358065410923252,-0.11327325731668031
2008-04-16 12:40:00+00:00,ME01,1.2364694013573099,1.137667703186296,1.0733304962031456,-0.46148374760272787,0.17311076823780797,1.099539582536561,6.943287395051342,-0.12358065410923252,-0.11327325731668031
2008-04-16 12:50:00+00:00,ME01,0.7845967410893238,1.4770092495044762,1.4128584149917682,-0.46148374760272787,0.17311076823780797,1.099539582536561,6.943287395051342,-0.12358065410923252,-0.11327325731668031
2008-04-16 13:00:00+00:00,ME01,1.0225064970906521,0.6809944444357054,1.0173213465035549,0.059194818401617645,0.06924438797242603,1.0755933664503534,2.8963427413825067,-0.12358065410923252,-0.11327325731668031
2008-04-16 13:10:00+00:00,ME01,1.1488305562821604,0.7164932286341318,1.6076910709365313,0.059194818401617645,0.06924438797242603,1.0755933664503534,2.8963427413825067,-0.12358065410923252,-0.11327325731668031
2008-04-16 13:20:00+00:00,ME01,1.046272678848076,0.4606633645396255,1.9120905559339085,0.059194818401617645,0.06924438797242603,1.0755933664503534,2.8963427413825067,-0.12358065410923252,-0.11327325731668031
2008-04-16 13:30:00+00:00,ME01,1.0137118763692932,1.5015279438097118,1.9478831609503167,0.059194818401617645,0.06924438797242603,1.0755933664503534,2.8963427413825067,-0.12358065410923252,-0.11327325731668031
2008-04-16 13:40:00+00:00,ME01,0.8830125501803529,0.49594427764325716,1.5760208009465355,0.059194818401617645,0.06924438797242603,1.0755933664503534,2.8963427413825067,-0.12358065410923252,-0.11327325731668031
2008-04-16 13:50:00+00:00,ME01,0.8967091486907096,0.25941100678379464,2.989333022451287,0.059194818401617645,0.06924438797242603,1.0755933664503534,2.8963427413825067,-0.12358065410923252,-0.11327325731668031
2008-04-16 14:00:00+00:00,ME01,0.7118545313044937,0.25501095570794974,2.2171309320105865,-0.6981215196512648,0.02949279828939358,0.8481023606147077,0.039675921333372485,-0.12358065410923252,-0.11327325731668031
2008-04-16 14:10:00+00:00,ME01,0.9397790727176928,0.47284208826864205,2.944576390149587,-0.6981215196512648,0.02949279828939358,0.8481023606147077,0.039675921333372485,-0.12358065410923252,-0.11327325731668031
2008-04-16 14:20:00+00:00,ME01,0.7543802621676942,0.17600453653909826,3.0071902743662826,-0.6981215196512648,0.02949279828939358,0.8481023606147077,0.039675921333372485,-0.12358065410923252,-0.11327325731668031
2008-04-16 14:30:00+00:00,ME01,0.8262249655383448,0.3160530651688713,2.0043612634099586,-0.6981215196512648,0.02949279828939358,0.8481023606147077,0.039675921333372485,-0.12358065410923252,-0.11327325731668031
2008-04-16 14:40:00+00:00,ME01,0.9491487212335937,0.42446688152779455,1.3846588203126555,-0.6981215196512648,0.02949279828939358,0.8481023606147077,0.039675921333372485,-0.12358065410923252,-0.11327325731668031
2008-04-16 14:50:00+00:00,ME01,0.9643995330746417,0.1506258841975304,2.413729695688892,-0.6981215196512648,0.02949279828939358,0.8481023606147077,0.039675921333372485,-0.12358065410923252,-0.11327325731668031
2008-04-16 15:00:00+00:00,ME01,0.8827909081728952,0.39849041124271584,2.1919244486261293,-1.2661559403769052,0.08591420125291573,0.7323612931893311,2.301203824572656,-0.12358065410923252,-0.11327325731668031
2008-04-16 15:10:00+00:00,ME01,0.9996980354041812,1.4834893098105644,2.697815084172402,-1.2661559403769052,0.08591420125291573,0.7323612931893311,2.301203824572656,-0.12358065410923252,-0.11327325731668031
2008-04-16 15:20:00+00:00,ME01,1.059355526733846,0.10801495994724114,2.8079518651238997,-1.2661559403769052,0.08591420125291573,0.7323612931893311,2.301203824572656,-0.12358065410923252,-0.11327325731668031
2008-04-16 15:30:00+00:00,ME01,0.9831956185697635,8.403122403349085,3.311549700647395,-1.2661559403769052,0.08591420125291573,0.7323612931893311,2.301203824572656,-0.12358065410923252,-0.11327325731668031
2008-04-16 15:40:00+00:00,ME01,1.0220320366364481,1.947763685216849,3.346870219133069,-1.2661559403769052,0.08591420125291573,0.7323612931893311,2.301203824572656,-0.12358065410923252,-0.11327325731668031
2008-04-16 15:50:00+00:00,ME01,1.070985413354081,0.17098350605884866,2.783942008483493,-1.2661559403769052,0.08591420125291573,0.7323612931893311,2.301203824572656,-0.12358065410923252,-0.11327325731668031
2008-04-16 16:00:00+00:00,ME01,1.0505307759675049,3.5448393714294797,2.4094656599788387,-1.0768268558636842,0.15131149202941313,0.764289767305849,-0.6348148381432227,-0.12358065410923252,-0.11327325731668031
2008-04-16 16:10:00+00:00,ME01,1.1255033206637544,8.242585875751741,2.510774911995972,-1.0768268558636842,0.15131149202941313,0.764289767305849,-0.6348148381432227,-0.12358065410923252,-0.11327325731668031
2008-04-16 16:20:00+00:00,ME01,1.2637390791048209,3.002921299007891,3.8621903856911763,-1.0768268558636842,0.15131149202941313,0.764289767305849,-0.6348148381432227,-0.12358065410923252,-0.11327325731668031
2008-04-16 16:30:00+00:00,ME01,1.3374690027169251,7.542915089546605,4.2181527394429965,-1.0768268558636842,0.15131149202941313,0.764289767305849,-0.6348148381432227,-0.12358065410923252,-0.11327325731668031
2008-04-16 16:40:00+00:00,ME01,1.0825137390861985,-0.04917563353120169,2.8494533994071687,-1.0768268558636842,0.15131149202941313,0.764289767305849,-0.6348148381432227,-0.12358065410923252,-0.11327325731668031
2008-04-16 16:50:00+00:00,ME01,1.3265690988115348,-0.09728595733743199,3.567830449908611,-1.0768268558636842,0.15131149202941313,0.764289767305849,-0.6348148381432227,-0.12358065410923252,-0.11327325731668031
2008-04-16 17:00:00+00:00,ME01,1.2330349235675,0.20901258434785644,2.8823081870771508,-0.7217994470119119,-0.3859729916964775,0.49289717931058147,-0.6744907594765952,-0.12358065410923252,-0.11327325731668031
2008-04-16 17:10:00+00:00,ME01,1.3238825009912776,-0.0697369694358253,2.5131893695053464,-0.7217994470119119,-0.3859729916964775,0.49289717931058147,-0.6744907594765952,-0.12358065410923252,-0.11327325731668031
2008-04-16 17:20:00+00:00,ME01,1.3000680135228737,3.067834770328112,1.3626693499252494,-0.7217994470119119,-0.3859729916964775,0.49289717931058147,-0.6744907594765952,-0.12358065410923252,-0.11327325731668031
2008-04-16 17:30:00+00:00,ME01,1.4138705572837273,10.539152171098245,0.8458863376468302,-0.7217994470119119,-0.3859729916964775,0.49289717931058147,-0.6744907594765952,-0.12358065410923252,-0.11327325731668031
2008-04-16 17:40:00+00:00,ME01,1.5200024355619102,0.40486958596178874,2.193938697141968,-0.7217994470119119,-0.3859729916964775,0.49289717931058147,-0.6744907594765952,-0.12358065410923252,-0.11327325731668031
2008-04-16 17:50:00+00:00,ME01,1.6003053455951992,-0.10757557925955429,2.8236116502566597,-0.7217994470119119,-0.3859729916964775,0.49289717931058147,-0.6744907594765952,-0.12358065410923252,-0.11327325731668031
2008-04-16 18:00:00+00:00,ME01,1.629104048530586,0.3367209120197688,4.719591307169149,-0.6981215196512648,-0.48342767776414963,0.5367987614702033,3.213750112049486,-0.12358065410923252,-0.08752933519925299
2008-04-16 18:10:00+00:00,ME01,1.9985971332407355,0.8510758789321339,6.749227422946407,-0.6981215196512648,-0.48342767776414963,0.5367987614702033,3.213750112049486,-0.12358065410923252,-0.08752933519925299
2008-04-16 18:20:00+00:00,ME01,1.875244075477034,3.2991870244710544,5.878713876483325,-0.6981215196512648,-0.48342767776414963,0.5367987614702033,3.213750112049486,-0.12358065410923252,-0.08752933519925299
2008-04-16 18:30:00+00:00,ME01,1.882975163785958,4.66026864924187,8.68774494324705,-0.6981215196512648,-0.48342767776414963,0.5367987614702033,3.213750112049486,-0.12358065410923252,-0.08752933519925299
2008-04-16 18:40:00+00:00,ME01,2.3435513401604755,1.2253774313059491,13.883746347008021,-0.6981215196512648,-0.48342767776414963,0.5367987614702033,3.213750112049486,-0.12358065410923252,-0.08752933519925299
2008-04-16 18:50:00+00:00,ME01,2.310515221706293,2.5289330658727844,12.325219206282211,-0.6981215196512648,-0.48342767776414963,0.5367987614702033,3.213750112049486,-0.12358065410923252,-0.08752933519925299
2008-04-16 19:00:00+00:00,ME01,2.519628535109542,7.8291653184374965,15.083452632466566,-0.5087924351380445,-0.6283278789823686,0.5926737306753378,1.983796357096413,-0.12358065410923252,-0.08752933519925299
2008-04-16 19:10:00+00:00,ME01,2.44088738068417,1.8760412495367076,14.96960739055602,-0.5087924351380445,-0.6283278789823686,0.5926737306753378,1.983796357096413,-0.12358065410923252,-0.08752933519925299
2008-04-16 19:20:00+00:00,ME01,2.053822701940937,4.896386080276146,12.47879047716408,-0.5087924351380445,-0.6283278789823686,0.5926737306753378,1.983796357096413,-0.12358065410923252,-0.08752933519925299
2008-04-16 19:30:00+00:00,ME01,2.2441850938824266,3.4967875443577006,11.497471478893223,-0.5087924351380445,-0.6283278789823686,0.5926737306753378,1.983796357096413,-0.12358065410923252,-0.08752933519925299
2008-04-16 19:40:00+00:00,ME01,2.7669107361610776,3.1884135825623057,17.49735081307735,-0.5087924351380445,-0.6283278789823686,0.5926737306753378,1.983796357096413,-0.12358065410923252,-0.08752933519925299
2008-04-16 19:50:00+00:00,ME01,2.824158680851931,2.451572939221532,15.705189099663254,-0.5087924351380445,-0.6283278789823686,0.5926737306753378,1.983796357096413,-0.12358065410923252,-0.08752933519925299
2008-04-16 20:00:00+00:00,ME01,2.752468679079481,0.28923751914972257,15.876679079114142,-0.6981215196512648,-0.7591227294597073,0.5647363855739591,1.5870371437626885,-0.12358065410923252,-0.08752933519925299
2008-04-16 20:10:00+00:00,ME01,2.5303537825331,0.09956358020445732,14.461183164239213,-0.6981215196512648,-0.7591227294597073,0.5647363855739591,1.5870371437626885,-0.12358065410923252,-0.08752933519925299
2008-04-16 20:20:00+00:00,ME01,1.9396061290556332,-0.31099011814049243,9.631622216323413,-0.6981215196512648,-0.7591227294597073,0.5647363855739591,1.5870371437626885,-0.12358065410923252,-0.08752933519925299
2008-04-16 20:30:00+00:00,ME01,1.8246599286413914,0.3528790282654958,10.082345495187054,-0.6981215196512648,-0.7591227294597073,0.5647363855739591,1.5870371437626885,-0.12358065410923252,-0.08752933519925299
2008-04-16 20:40:00+00:00,ME01,1.690641596912435,-0.2676157276544287,9.705029763409426,-0.6981215196512648,-0.7591227294597073,0.5647363855739591,1.5870371437626885,-0.12358065410923252,-0.08752933519925299
2008-04-16 20:50:00+00:00,ME01,2.237331020212665,0.5783727554497,13.250088649482462,-0.6981215196512648,-0.7591227294597073,0.5647363855739591,1.5870371437626885,-0.12358065410923252,-0.08752933519925299
2008-04-16 21:00:00+00:00,ME01,3.1207617889186214,-0.34219394504411066,20.000382269140385,-0.3194633506248242,-0.7898978934810773,0.5447810195005451,2.578935273906264,-0.12358065410923252,-0.08752933519925299
2008-04-16 21:10:00+00:00,ME01,3.042859342003716,-0.42378393994924235,18.960115268459457,-0.3194633506248242,-0.7898978934810773,0.5447810195005451,2.578935273906264,-0.12358065410923252,-0.08752933519925299
2008-04-16 21:20:00+00:00,ME01,3.478161055299635,-0.2483247960278755,22.451257199245997,-0.3194633506248242,-0.7898978934810773,0.5447810195005451,2.578935273906264,-0.12358065410923252,-0.08752933519925299
2008-04-16 21:30:00+00:00,ME01,3.7475759666730397,-0.3590456704880174,24.139381876418565,-0.3194633506248242,-0.7898978934810773,0.5447810195005451,2.578935273906264,-0.12358065410923252,-0.08752933519925299
2008-04-16 21:40:00+00:00,ME01,2.8393885931768343,-0.2246342100553655,19.01355955870034,-0.3194633506248242,-0.7898978934810773,0.5447810195005451,2.578935273906264,-0.12358065410923252,-0.08752933519925299
2008-04-16 21:50:00+00:00,ME01,3.6695797362612397,-0.18743650843856055,23.373944738418334,-0.3194633506248242,-0.7898978934810773,0.5447810195005451,2.578935273906264,-0.12358065410923252,-0.08752933519925299
2008-04-16 22:00:00+00:00,ME01,3.3459360123638344,0.1067897728775149,23.418886151321,-0.36681920534611706,-0.2692834919600197,0.3771561118851732,2.3805556672394013,-0.12358065410923252,-0.08752933519925299
2008-04-16 22:10:00+00:00,ME01,3.7187963406831925,-0.3627030613069264,24.010928506811812,-0.36681920534611706,-0.2692834919600197,0.3771561118851732,2.3805556672394013,-0.12358065410923252,-0.08752933519925299
2008-04-16 22:20:00+00:00,ME01,4.1621129647950985,-0.5819189979468459,27.342332079800617,-0.36681920534611706,-0.2692834919600197,0.3771561118851732,2.3805556672394013,-0.12358065410923252,-0.08752933519925299
2008-04-16 22:30:00+00:00,ME01,3.8626429411003036,-0.6037716514824432,26.02753083096849,-0.36681920534611706,-0.2692834919600197,0.3771561118851732,2.3805556672394013,-0.12358065410923252,-0.08752933519925299
2008-04-16 22:40:00+00:00,ME01,4.624399631107347,0.3615996553086874,29.251067937380203,-0.36681920534611706,-0.2692834919600197,0.3771561118851732,2.3805556672394013,-0.12358065410923252,-0.08752933519925299
2008-04-16 22:50:00+00:00,ME01,3.94612044264058,0.10138693884174506,27.946617943016317,-0.36681920534611706,-0.2692834919600197,0.3771561118851732,2.3805556672394013,-0.12358065410923252,-0.08752933519925299
2008-04-16 23:00:00+00:00,ME01,4.433879719929266,-0.3952284692762623,27.646340699183007,-0.1538121934722497,-0.42059511845160474,0.3372453797383135,3.412129815525612,-0.12358065410923252,-0.08752933519925299
2008-04-16 23:10:00+00:00,ME01,3.7082543168357627,-0.44096957958769156,23.646246107282952,-0.1538121934722497,-0.42059511845160474,0.3372453797383135,3.412129815525612,-0.12358065410923252,-0.08752933519925299
2008-04-16 23:20:00+00:00,ME01,4.244660128895084,-0.4447475402757068,26.509462127824293,-0.1538121934722497,-0.42059511845160474,0.3372453797383135,3.412129815525612,-0.12358065410923252,-0.08752933519925299
2008-04-16 23:30:00+00:00,ME01,4.119629688595605,-0.19912602669510665,26.19824732223725,-0.1538121934722497,-0.42059511845160474,0.3372453797383135,3.412129815525612,-0.12358065410923252,-0.08752933519925299
2008-04-16 23:40:00+00:00,ME01,4.529269515662884,-0.2789097147737617,28.558585667997004,-0.1538121934722497,-0.42059511845160474,0.3372453797383135,3.412129815525612,-0.12358065410923252,-0.08752933519925299
2008-04-16 23:50:00+00:00,ME01,5.5641233236716525,0.27279156371732066,32.07926219488992,-0.1538121934722497,-0.42059511845160474,0.3372453797383135,3.412129815525612,-0.12358065410923252,-0.08752933519925299
2008-04-17 00:00:00+00:00,ME01,5.469012443786264,0.6695359956026019,31.60910042778627,0.46153091478870656,-0.4731692897570264,0.06186166272787507,7.221018844384949,-0.12358065410923252,-0.06178541308182569
2008-04-17 00:10:00+00:00,ME01,5.914409413267777,-0.4237308440707444,34.47858896418907,0.46153091478870656,-0.4731692897570264,0.06186166272787507,7.221018844384949,-0.12358065410923252,-0.06178541308182569
2008-04-17 00:20:00+00:00,ME01,5.794539286445566,-0.5154135490798633,32.54801583056908,0.46153091478870656,-0.4731692897570264,0.06186166272787507,7.221018844384949,-0.12358065410923252,-0.06178541308182569
2008-04-17 00:30:00+00:00,ME01,5.345750946658869,-0.4241358841341342,27.947781731047,0.46153091478870656,-0.4731692897570264,0.06186166272787507,7.221018844384949,-0.12358065410923252,-0.06178541308182569
2008-04-17 00:40:00+00:00,ME01,5.824664020999817,-0.5749874457207458,29.366713391814553,0.46153091478870656,-0.4731692897570264,0.06186166272787507,7.221018844384949,-0.12358065410923252,-0.06178541308182569
2008-04-17 00:50:00+00:00,ME01,7.178685000902787,-0.3829384334697648,37.00996161832107,0.46153091478870656,-0.4731692897570264,0.06186166272787507,7.221018844384949,-0.12358065410923252,-0.06178541308182569
2008-04-17 01:00:00+00:00,ME01,7.185106664798506,-0.5559937259046277,35.15306458326209,0.08287274576226471,-0.1654168427702945,-0.017959801565812693,6.665555848908471,-0.12358065410923252,-0.06178541308182569
2008-04-17 01:10:00+00:00,ME01,7.709293083986012,-0.7592302936731681,39.909960042303574,0.08287274576226471,-0.1654168427702945,-0.017959801565812693,6.665555848908471,-0.12358065410923252,-0.06178541308182569
2008-04-17 01:20:00+00:00,ME01,7.085784470034831,-0.6480656391241401,33.60860263397123,0.08287274576226471,-0.1654168427702945,-0.017959801565812693,6.665555848908471,-0.12358065410923252,-0.06178541308182569
2008-04-17 01:30:00+00:00,ME01,7.012857340333589,-0.6458975091266005,30.963689408982354,0.08287274576226471,-0.1654168427702945,-0.017959801565812693,6.665555848908471,-0.12358065410923252,-0.06178541308182569
2008-04-17 01:40:00+00:00,ME01,6.996157493401988,-0.5061284778362318,28.810633496000612,0.08287274576226471,-0.1654168427702945,-0.017959801565812693,6.665555848908471,-0.12358065410923252,-0.06178541308182569
2008-04-17 01:50:00+00:00,ME01,7.429293209025399,6.427468180716819,32.787513669554976,0.08287274576226471,-0.1654168427702945,-0.017959801565812693,6.665555848908471,-0.12358065410923252,-0.06178541308182569
2008-04-17 02:00:00+00:00,ME01,7.205149675588487,-0.5840562927814129,28.29165403495669,0.272201830275485,-0.15515845476317083,-0.29334351857625107,2.578935273906264,-0.12358065410923252,-0.06178541308182569
2008-04-17 02:10:00+00:00,ME01,7.875435027243816,-0.18643504919873108,32.85747553641593,0.272201830275485,-0.15515845476317083,-0.29334351857625107,2.578935273906264,-0.12358065410923252,-0.06178541308182569
2008-04-17 02:20:00+00:00,ME01,7.956260466664609,-0.6346396530702816,35.13256823799335,0.272201830275485,-0.15515845476317083,-0.29334351857625107,2.578935273906264,-0.12358065410923252,-0.06178541308182569
2008-04-17 02:30:00+00:00,ME01,9.580682879651015,-0.6510817828130109,43.70278715047194,0.272201830275485,-0.15515845476317083,-0.29334351857625107,2.578935273906264,-0.12358065410923252,-0.06178541308182569
2008-04-17 02:40:00+00:00,ME01,9.864234274651542,-0.6114169701730402,41.78727507506722,0.272201830275485,-0.15515845476317083,-0.29334351857625107,2.578935273906264,-0.12358065410923252,-0.06178541308182569
2008-04-17 02:50:00+00:00,ME01,10.727576153903929,-0.34792506818509966,45.80298918119195,0.272201830275485,-0.15515845476317083,-0.29334351857625107,2.578935273906264,-0.12358065410923252,-0.06178541308182569
2008-04-17 03:00:00+00:00,ME01,8.891950972313008,-0.6040735395832334,33.84588705659464,-0.1538121934722497,0.11668936527428582,-0.4450041891333482,3.848564950192709,-0.12358065410923252,-0.06178541308182569
2008-04-17 03:10:00+00:00,ME01,8.045896592561277,-0.4713027481560822,22.74171231169515,-0.1538121934722497,0.11668936527428582,-0.4450041891333482,3.848564950192709,-0.12358065410923252,-0.06178541308182569
2008-04-17 03:20:00+00:00,ME01,9.868782406191901,-0.5352330037689297,31.012473475192937,-0.1538121934722497,0.11668936527428582,-0.4450041891333482,3.848564950192709,-0.12358065410923252,-0.06178541308182569
2008-04-17 03:30:00+00:00,ME01,9.817143655686637,-0.3940343098678291,38.07355292671562,-0.1538121934722497,0.11668936527428582,-0.4450041891333482,3.848564950192709,-0.12358065410923252,-0.06178541308182569
2008-04-17 03:40:00+00:00,ME01,9.44715654430529,-0.4437895013203286,32.70045914810951,-0.1538121934722497,0.11668936527428582,-0.4450041891333482,3.848564950192709,-0.12358065410923252,-0.06178541308182569
2008-04-17 03:50:00+00:00,ME01,12.531043486262387,0.01940107466341727,50.65886077124548,-0.1538121934722497,0.11668936527428582,-0.4450041891333482,3.848564950192709,-0.12358065410923252,-0.06178541308182569
2008-04-17 04:00:00+00:00,ME01,12.145395325011558,-0.4386642261723923,53.33080368144908,0.24852390291483925,-0.6680791997410578,-0.5367987614701716,1.8250926717629234,-0.12358065410923252,-0.06178541308182569
2008-04-17 04:10:00+00:00,ME01,12.55586473464827,-0.3463252338423346,52.129570177862384,0.24852390291483925,-0.6680791997410578,-0.5367987614701716,1.8250926717629234,-0.12358065410923252,-0.06178541308182569
2008-04-17 04:20:00+00:00,ME01,13.475286814274469,-0.39765694351486597,60.27847931505843,0.24852390291483925,-0.6680791997410578,-0.5367987614701716,1.8250926717629234,-0.12358065410923252,-0.06178541308182569
2008-04-17 04:30:00+00:00,ME01,15.671483449993845,-0.19520040948617728,72.08581979492432,0.24852390291483925,-0.6680791997410578,-0.5367987614701716,1.8250926717629234,-0.12358065410923252,-0.06178541308182569
2008-04-17 04:40:00+00:00,ME01,15.560253903194353,-0.3764250258045453,71.26640340141161,0.24852390291483925,-0.6680791997410578,-0.5367987614701716,1.8250926717629234,-0.12358065410923252,-0.06178541308182569
2008-04-17 04:50:00+00:00,ME01,15.800624595560985,-0.06888295123935392,71.82328023373458,0.24852390291483925,-0.6680791997410578,-0.5367987614701716,1.8250926717629234,-0.12358065410923252,-0.06178541308182569
2008-04-17 05:00:00+00:00,ME01,13.52878933416555,-0.026961123491629404,56.67857242071457,-0.5087924351380445,-0.082067238519159,-0.4928971793105181,2.459907509906146,-0.12358065410923252,-0.06178541308182569
2008-04-17 05:10:00+00:00,ME01,14.587426644257382,-0.26617279971283797,60.08779493650839,-0.5087924351380445,-0.082067238519159,-0.4928971793105181,2.459907509906146,-0.12358065410923252,-0.06178541308182569
2008-04-17 05:20:00+00:00,ME01,15.322307356586846,-0.36532552675492924,63.53016790825864,-0.5087924351380445,-0.082067238519159,-0.4928971793105181,2.459907509906146,-0.12358065410923252,-0.06178541308182569
2008-04-17 05:30:00+00:00,ME01,14.402680374590073,-0.39913808798357253,60.681967446343535,-0.5087924351380445,-0.082067238519159,-0.4928971793105181,2.459907509906146,-0.12358065410923252,-0.06178541308182569
2008-04-17 05:40:00+00:00,ME01,13.863455695985378,-0.3723433435237404,57.461746346926425,-0.5087924351380445,-0.082067238519159,-0.4928971793105181,2.459907509906146,-0.12358065410923252,-0.06178541308182569
2008-04-17 05:50:00+00:00,ME01,14.130629723562553,-0.43099957918763854,58.66457611206356,-0.5087924351380445,-0.082067238519159,-0.4928971793105181,2.459907509906146,-0.12358065410923252,-0.06178541308182569
2008-04-17 06:00:00+00:00,ME01,11.27890344257436,-0.4472098092673162,41.26362922857883,-0.13013426611160264,0.2423550217480626,-0.3372453797382817,3.96759281100209,-0.12358065410923252,0.04462279833687366
2008-04-17 06:10:00+00:00,ME01,9.349350353972644,-0.4076257096557795,30.450271313888827,-0.13013426611160264,0.2423550217480626,-0.3372453797382817,3.96759281100209,-0.12358065410923252,0.04462279833687366
2008-04-17 06:20:00+00:00,ME01,9.855341029864004,-0.38076037776193467,27.200910259780613,-0.13013426611160264,0.2423550217480626,-0.3372453797382817,3.96759281100209,-0.12358065410923252,0.04462279833687366
2008-04-17 06:30:00+00:00,ME01,10.59171405924495,-0.36902181332753353,35.54418007268702,-0.13013426611160264,0.2423550217480626,-0.3372453797382817,3.96759281100209,-0.12358065410923252,0.04462279833687366
2008-04-17 06:40:00+00:00,ME01,11.111101914819834,-0.38138969679950474,39.54942435010115,-0.13013426611160264,0.2423550217480626,-0.3372453797382817,3.96759281100209,-0.12358065410923252,0.04462279833687366
2008-04-17 06:50:00+00:00,ME01,10.46175810639659,-0.2795685565818042,40.101834743047355,-0.13013426611160264,0.2423550217480626,-0.3372453797382817,3.96759281100209,-0.12358065410923252,0.04462279833687366
2008-04-17 07:00:00+00:00,ME01,11.384921480567574,-0.1033745682069465,42.72489540932438,0.03551689104097058,0.49753302850502956,-0.30132577660659293,2.7773149773823893,-0.12358065410923252,0.04462279833687366
2008-04-17 07:10:00+00:00,ME01,12.475362012512036,-0.2222566965863129,51.452996544171526,0.03551689104097058,0.49753302850502956,-0.30132577660659293,2.7773149773823893,-0.12358065410923252,0.04462279833687366
2008-04-17 07:20:00+00:00,ME01,11.528969534847585,-0.3792663060696489,42.281546800004485,0.03551689104097058,0.49753302850502956,-0.30132577660659293,2.7773149773823893,-0.12358065410923252,0.04462279833687366
2008-04-17 07:30:00+00:00,ME01,9.203720352743769,-0.4028606097378762,29.21955830259908,0.03551689104097058,0.49753302850502956,-0.30132577660659293,2.7773149773823893,-0.12358065410923252,0.04462279833687366
2008-04-17 07:40:00+00:00,ME01,7.730500738439536,-0.08881274279015161,24.053814518370448,0.03551689104097058,0.49753302850502956,-0.30132577660659293,2.7773149773823893,-0.12358065410923252,0.04462279833687366
2008-04-17 07:50:00+00:00,ME01,6.722205093702375,-0.41074692494445936,21.591639205095365,0.03551689104097058,0.49753302850502956,-0.30132577660659293,2.7773149773823893,-0.12358065410923252,0.04462279833687366
2008-04-17 08:00:00+00:00,ME01,7.364714027374835,-0.34879001989818154,21.412443910834444,-0.13013426611160264,0.8988934677500202,-0.21751346230007967,1.1902778336197006,-0.12358065410923252,0.04462279833687366
2008-04-17 08:10:00+00:00,ME01,7.382992743115702,-0.3443825103394292,24.41544623247234,-0.13013426611160264,0.8988934677500202,-0.21751346230007967,1.1902778336197006,-0.12358065410923252,0.04462279833687366
2008-04-17 08:20:00+00:00,ME01,8.228173546621532,-0.34835018925927685,29.9393286735724,-0.13013426611160264,0.8988934677500202,-0.21751346230007967,1.1902778336197006,-0.12358065410923252,0.04462279833687366
2008-04-17 08:30:00+00:00,ME01,6.982945218860652,-0.46741037481690695,23.671097534018866,-0.13013426611160264,0.8988934677500202,-0.21751346230007967,1.1902778336197006,-0.12358065410923252,0.04462279833687366
2008-04-17 08:40:00+00:00,ME01,6.2281502231252635,-0.272121957603799,16.983902767477247,-0.13013426611160264,0.8988934677500202,-0.21751346230007967,1.1902778336197006,-0.12358065410923252,0.04462279833687366
2008-04-17 08:50:00+00:00,ME01,6.74210574242445,-0.33314350066789233,23.200756679658664,-0.13013426611160264,0.8988934677500202,-0.21751346230007967,1.1902778336197006,-0.12358065410923252,0.04462279833687366
2008-04-17 09:00:00+00:00,ME01,7.083094661620638,-0.25479371837489506,25.925405338423435,-0.7217994470119119,0.256460372488943,-0.4330310810902443,-0.2777314493336072,-0.12358065410923252,0.04462279833687366
2008-04-17 09:10:00+00:00,ME01,10.043512459261954,0.00847205064987813,45.009715040542815,-0.7217994470119119,0.256460372488943,-0.4330310810902443,-0.2777314493336072,-0.12358065410923252,0.04462279833687366
2008-04-17 09:20:00+00:00,ME01,9.70032743585615,-0.3711225989124372,42.67930546848925,-0.7217994470119119,0.256460372488943,-0.4330310810902443,-0.2777314493336072,-0.12358065410923252,0.04462279833687366
2008-04-17 09:30:00+00:00,ME01,10.43649194169251,-0.40008137548878614,49.1580721385418,-0.7217994470119119,0.256460372488943,-0.4330310810902443,-0.2777314493336072,-0.12358065410923252,0.04462279833687366
2008-04-17 09:40:00+00:00,ME01,10.891691630595638,-0.11768825077059661,51.922563450534014,-0.7217994470119119,0.256460372488943,-0.4330310810902443,-0.2777314493336072,-0.12358065410923252,0.04462279833687366
2008-04-17 09:50:00+00:00,ME01,10.747597973766576,-0.13117233819935792,50.40420094739951,-0.7217994470119119,0.256460372488943,-0.4330310810902443,-0.2777314493336072,-0.12358065410923252,0.04462279833687366
2008-04-17 10:00:00+00:00,ME01,11.070238422607986,-0.3624834230900545,53.062205775671806,-0.13013426611160264,-0.44495885719960887,-0.5647363855739274,0.0,-0.12358065410923252,0.04462279833687366
2008-04-17 10:10:00+00:00,ME01,9.392120509192562,-0.2213470747966103,40.09715421191094,-0.13013426611160264,-0.44495885719960887,-0.5647363855739274,0.0,-0.12358065410923252,0.04462279833687366
2008-04-17 10:20:00+00:00,ME01,12.118368452502338,-0.16580855589750748,57.22989177523566,-0.13013426611160264,-0.44495885719960887,-0.5647363855739274,0.0,-0.12358065410923252,0.04462279833687366
2008-04-17 10:30:00+00:00,ME01,10.43940379093265,0.09656134566833305,48.946009040608295,-0.13013426611160264,-0.44495885719960887,-0.5647363855739274,0.0,-0.12358065410923252,0.04462279833687366
2008-04-17 10:40:00+00:00,ME01,12.275826878009056,-0.1971806603729329,55.177889042533415,-0.13013426611160264,-0.44495885719960887,-0.5647363855739274,0.0,-0.12358065410923252,0.04462279833687366
2008-04-17 10:50:00+00:00,ME01,15.504470121822745,2.0962990588536687,70.20493307512544,-0.13013426611160264,-0.44495885719960887,-0.5647363855739274,0.0,-0.12358065410923252,0.04462279833687366
2008-04-17 11:00:00+00:00,ME01,14.68269889581395,0.2380265356475871,70.08128928297303,-0.10650350593693302,-0.5808826327561656,-0.7563077882778525,-0.6348148381432227,0.40962126923846737,0.04462279833687366
2008-04-17 11:10:00+00:00,ME01,13.333706641125268,0.3637827915029923,61.332127264748614,-0.10650350593693302,-0.5808826327561656,-0.7563077882778525,-0.6348148381432227,0.40962126923846737,0.04462279833687366
2008-04-17 11:20:00+00:00,ME01,13.19753545109363,0.10690400069208643,65.8013456693002,-0.10650350593693302,-0.5808826327561656,-0.7563077882778525,-0.6348148381432227,0.40962126923846737,0.04462279833687366
2008-04-17 11:30:00+00:00,ME01,12.654485692513713,0.22466488776685228,62.641797757620495,-0.10650350593693302,-0.5808826327561656,-0.7563077882778525,-0.6348148381432227,0.40962126923846737,0.04462279833687366
2008-04-17 11:40:00+00:00,ME01,13.087128559495362,-0.06324083477053058,61.7477103892774,-0.10650350593693302,-0.5808826327561656,-0.7563077882778525,-0.6348148381432227,0.40962126923846737,0.04462279833687366
2008-04-17 11:50:00+00:00,ME01,12.400232851391662,0.7512347762204109,57.91040965229428,-0.10650350593693302,-0.5808826327561656,-0.7563077882778525,-0.6348148381432227,0.40962126923846737,0.04462279833687366
2008-04-17 12:00:00+00:00,ME01,11.035656285767491,0.18695193730540546,52.125094047296265,-0.7217994470119119,-0.7193714087010181,-0.9638434280400842,0.07935184266674487,4.142034732672366,0.15103100975557374
2008-04-17 12:10:00+00:00,ME01,8.575833519921254,-0.02233731400221147,39.8480256723555,-0.7217994470119119,-0.7193714087010181,-0.9638434280400842,0.07935184266674487,4.142034732672366,0.15103100975557374
2008-04-17 12:20:00+00:00,ME01,9.891880043677808,0.018107739889485712,45.079007072034095,-0.7217994470119119,-0.7193714087010181,-0.9638434280400842,0.07935184266674487,4.142034732672366,0.15103100975557374
2008-04-17 12:30:00+00:00,ME01,8.781001205800203,0.04338922836639785,39.648374165442775,-0.7217994470119119,-0.7193714087010181,-0.9638434280400842,0.07935184266674487,4.142034732672366,0.15103100975557374
2008-04-17 12:40:00+00:00,ME01,11.054481480831855,-0.11171078281608432,52.222998699965565,-0.7217994470119119,-0.7193714087010181,-0.9638434280400842,0.07935184266674487,4.142034732672366,0.15103100975557374
2008-04-17 12:50:00+00:00,ME01,8.844663595328194,-0.0603469595327984,41.74603293814247,-0.7217994470119119,-0.7193714087010181,-0.9638434280400842,0.07935184266674487,4.142034732672366,0.15103100975557374
2008-04-17 13:00:00+00:00,ME01,9.797087138609513,0.027479242695517832,44.824966620483465,0.272201830275485,-0.9219749752282201,-1.1035307115516686,1.9044445144296684,9.474053966149365,0.15103100975557374
2008-04-17 13:10:00+00:00,ME01,7.769611317093164,0.11504066828404776,37.005086036968386,0.272201830275485,-0.9219749752282201,-1.1035307115516686,1.9044445144296684,9.474053966149365,0.15103100975557374
2008-04-17 13:20:00+00:00,ME01,5.3736807752290305,0.25222562162880846,22.417314937930293,0.272201830275485,-0.9219749752282201,-1.1035307115516686,1.9044445144296684,9.474053966149365,0.15103100975557374
2008-04-17 13:30:00+00:00,ME01,5.685786324551045,-0.06743230535065801,25.285952907969932,0.272201830275485,-0.9219749752282201,-1.1035307115516686,1.9044445144296684,9.474053966149365,0.15103100975557374
2008-04-17 13:40:00+00:00,ME01,6.279935882203982,12.933283120939432,30.34100705898407,0.272201830275485,-0.9219749752282201,-1.1035307115516686,1.9044445144296684,9.474053966149365,0.15103100975557374
2008-04-17 13:50:00+00:00,ME01,5.825995483394421,0.11534892935040908,27.621210028990802,0.272201830275485,-0.9219749752282201,-1.1035307115516686,1.9044445144296684,9.474053966149365,0.15103100975557374
2008-04-17 14:00:00+00:00,ME01,6.038127209257406,-0.1696018975360359,29.054205148555347,0.3195105178108017,-0.8091324382255196,-1.3030843722859673,1.229953754953073,16.405678969669463,0.15103100975557374
2008-04-17 14:10:00+00:00,ME01,7.828093448718228,-0.1750247685309603,38.39544745187229,0.3195105178108017,-0.8091324382255196,-1.3030843722859673,1.229953754953073,16.405678969669463,0.15103100975557374
2008-04-17 14:20:00+00:00,ME01,6.11642829304075,-0.15211886485177203,30.252518322076465,0.3195105178108017,-0.8091324382255196,-1.3030843722859673,1.229953754953073,16.405678969669463,0.15103100975557374
2008-04-17 14:30:00+00:00,ME01,7.274384762204362,0.1311309964373182,35.148613955404144,0.3195105178108017,-0.8091324382255196,-1.3030843722859673,1.229953754953073,16.405678969669463,0.15103100975557374
2008-04-17 14:40:00+00:00,ME01,8.402069863586362,-0.095273094050998,43.799568335040064,0.3195105178108017,-0.8091324382255196,-1.3030843722859673,1.229953754953073,16.405678969669463,0.15103100975557374
2008-04-17 14:50:00+00:00,ME01,7.576309539445671,-0.16404232699660237,36.97540922915813,0.3195105178108017,-0.8091324382255196,-1.3030843722859673,1.229953754953073,16.405678969669463,0.15103100975557374
2008-04-17 15:00:00+00:00,ME01,7.675405747173474,-0.1971828247525344,37.95202105504849,0.059194818401617645,-0.7334767594418985,-1.3589593414910701,0.5157870741431054,6.274842426063165,0.15103100975557374
2008-04-17 15:10:00+00:00,ME01,8.931624099936396,-0.1555269116597915,40.74085705261125,0.059194818401617645,-0.7334767594418985,-1.3589593414910701,0.5157870741431054,6.274842426063165,0.15103100975557374
2008-04-17 15:20:00+00:00,ME01,8.24940026319567,-0.07177064738908946,41.68003791887141,0.059194818401617645,-0.7334767594418985,-1.3589593414910701,0.5157870741431054,6.274842426063165,0.15103100975557374
2008-04-17 15:30:00+00:00,ME01,8.285476355723679,0.1716347203850277,41.32027026298644,0.059194818401617645,-0.7334767594418985,-1.3589593414910701,0.5157870741431054,6.274842426063165,0.15103100975557374
2008-04-17 15:40:00+00:00,ME01,5.365247015391092,-0.2230311576330975,23.497864938562312,0.059194818401617645,-0.7334767594418985,-1.3589593414910701,0.5157870741431054,6.274842426063165,0.15103100975557374
2008-04-17 15:50:00+00:00,ME01,4.3952281571628715,-0.3724784465779385,18.99383671259554,0.059194818401617645,-0.7334767594418985,-1.3589593414910701,0.5157870741431054,6.274842426063165,0.15103100975557374
2008-04-17 16:00:00+00:00,ME01,3.6441221167536098,-0.16319947182102226,12.93222538933134,0.08287274576226471,-0.4359827004622898,-1.5106200120481672,-0.19837960666686225,0.9428231925861671,0.15103100975557374
2008-04-17 16:10:00+00:00,ME01,4.981386502836962,-0.051214627442576106,23.52817140919136,0.08287274576226471,-0.4359827004622898,-1.5106200120481672,-0.19837960666686225,0.9428231925861671,0.15103100975557374
2008-04-17 16:20:00+00:00,ME01,4.4711770274902065,-0.3304294354603965,18.262620908670762,0.08287274576226471,-0.4359827004622898,-1.5106200120481672,-0.19837960666686225,0.9428231925861671,0.15103100975557374
2008-04-17 16:30:00+00:00,ME01,3.804212149632744,-0.09644354633815538,15.172036779652364,0.08287274576226471,-0.4359827004622898,-1.5106200120481672,-0.19837960666686225,0.9428231925861671,0.15103100975557374
2008-04-17 16:40:00+00:00,ME01,3.2866522375172793,-0.05093500754361028,13.534697817146709,0.08287274576226471,-0.4359827004622898,-1.5106200120481672,-0.19837960666686225,0.9428231925861671,0.15103100975557374
2008-04-17 16:50:00+00:00,ME01,2.967604887198526,-0.2337467633203705,6.171381796244565,0.08287274576226471,-0.4359827004622898,-1.5106200120481672,-0.19837960666686225,0.9428231925861671,0.15103100975557374
2008-04-17 17:00:00+00:00,ME01,3.2802618963928176,-0.3195728350586068,13.172499386611442,0.059194818401617645,-0.8399076022468898,-1.742101867896575,0.7141666808099677,-0.12358065410923252,0.15103100975557374
2008-04-17 17:10:00+00:00,ME01,2.9346453464164237,-0.29616748537417104,11.208835513915698,0.059194818401617645,-0.8399076022468898,-1.742101867896575,0.7141666808099677,-0.12358065410923252,0.15103100975557374
2008-04-17 17:20:00+00:00,ME01,3.41007294036486,0.05666918478149275,12.88494267454953,0.059194818401617645,-0.8399076022468898,-1.742101867896575,0.7141666808099677,-0.12358065410923252,0.15103100975557374
2008-04-17 17:30:00+00:00,ME01,3.8177733016880024,0.6669206733779903,16.678213006904837,0.059194818401617645,-0.8399076022468898,-1.742101867896575,0.7141666808099677,-0.12358065410923252,0.15103100975557374
2008-04-17 17:40:00+00:00,ME01,2.8703113120897683,0.07192553808568923,9.44243316625045,0.059194818401617645,-0.8399076022468898,-1.742101867896575,0.7141666808099677,-0.12358065410923252,0.15103100975557374
2008-04-17 17:50:00+00:00,ME01,3.2681324723891536,0.07716287116771156,13.843394592646087,0.059194818401617645,-0.8399076022468898,-1.742101867896575,0.7141666808099677,-0.12358065410923252,0.15103100975557374
2008-04-17 18:00:00+00:00,ME01,3.3465649964237785,-0.20042955946025412,11.701518864363102,-0.13013426611160264,-1.1463778179638169,-1.7860037290586057,-0.6744907594765952,-0.12358065410923252,0.2574392211742731
2008-04-17 18:10:00+00:00,ME01,3.2814961208618527,0.02412658728842171,12.471613906765143,-0.13013426611160264,-1.1463778179638169,-1.7860037290586057,-0.6744907594765952,-0.12358065410923252,0.2574392211742731
2008-04-17 18:20:00+00:00,ME01,2.7396783839864556,-0.01225406830065766,9.123839567425364,-0.13013426611160264,-1.1463778179638169,-1.7860037290586057,-0.6744907594765952,-0.12358065410923252,0.2574392211742731
2008-04-17 18:30:00+00:00,ME01,2.9266993724516044,0.5395396034845517,11.367654421183369,-0.13013426611160264,-1.1463778179638169,-1.7860037290586057,-0.6744907594765952,-0.12358065410923252,0.2574392211742731
2008-04-17 18:40:00+00:00,ME01,2.5565767122027636,0.062350769700636785,9.769336641265184,-0.13013426611160264,-1.1463778179638169,-1.7860037290586057,-0.6744907594765952,-0.12358065410923252,0.2574392211742731
2008-04-17 18:50:00+00:00,ME01,2.795868774822612,0.26017953593688986,8.668570090973686,-0.13013426611160264,-1.1463778179638169,-1.7860037290586057,-0.6744907594765952,-0.12358065410923252,0.2574392211742731
2008-04-17 19:00:00+00:00,ME01,2.4369284410943437,-0.03698252561295975,5.246559202108991,-0.13013426611160264,-1.2643495489700793,-1.6503072955597833,1.3489815189531904,-0.12358065410923252,0.2574392211742731
2008-04-17 19:10:00+00:00,ME01,2.0046585041420166,0.2891701671838895,2.5886002445698835,-0.13013426611160264,-1.2643495489700793,-1.6503072955597833,1.3489815189531904,-0.12358065410923252,0.2574392211742731
2008-04-17 19:20:00+00:00,ME01,2.0928617875676268,1.772508097636738,2.4141227973679333,-0.13013426611160264,-1.2643495489700793,-1.6503072955597833,1.3489815189531904,-0.12358065410923252,0.2574392211742731
2008-04-17 19:30:00+00:00,ME01,1.971002686999747,0.9781328149749096,3.295987959612063,-0.13013426611160264,-1.2643495489700793,-1.6503072955597833,1.3489815189531904,-0.12358065410923252,0.2574392211742731
2008-04-17 19:40:00+00:00,ME01,1.7565757754677889,0.39378062725279245,1.2283656473847882,-0.13013426611160264,-1.2643495489700793,-1.6503072955597833,1.3489815189531904,-0.12358065410923252,0.2574392211742731
2008-04-17 19:50:00+00:00,ME01,2.439620248445504,0.81326259899049,1.5416795200400681,-0.13013426611160264,-1.2643495489700793,-1.6503072955597833,1.3489815189531904,-0.12358065410923252,0.2574392211742731
2008-04-17 20:00:00+00:00,ME01,1.8691444644405104,-0.17470101655933123,2.93036014251833,-0.3194633506248242,-1.2784548997109602,-1.4068520526658628,0.15870368533348983,-0.12358065410923252,0.2574392211742731
2008-04-17 20:10:00+00:00,ME01,1.5864988515898883,1.0095200556757529,0.6743034803252765,-0.3194633506248242,-1.2784548997109602,-1.4068520526658628,0.15870368533348983,-0.12358065410923252,0.2574392211742731
2008-04-17 20:20:00+00:00,ME01,1.5600149698665666,0.4515691706115804,1.395988052052605,-0.3194633506248242,-1.2784548997109602,-1.4068520526658628,0.15870368533348983,-0.12358065410923252,0.2574392211742731
2008-04-17 20:30:00+00:00,ME01,1.780051882361863,-0.1815842526228491,0.07932735854966931,-0.3194633506248242,-1.2784548997109602,-1.4068520526658628,0.15870368533348983,-0.12358065410923252,0.2574392211742731
2008-04-17 20:40:00+00:00,ME01,1.385458601725626,-0.04543482030508974,-0.8551798697059961,-0.3194633506248242,-1.2784548997109602,-1.4068520526658628,0.15870368533348983,-0.12358065410923252,0.2574392211742731
2008-04-17 20:50:00+00:00,ME01,1.2522368454695854,0.18057068884281846,-1.1384223250496708,-0.3194633506248242,-1.2784548997109602,-1.4068520526658628,0.15870368533348983,-0.12358065410923252,0.2574392211742731
2008-04-17 21:00:00+00:00,ME01,1.0616496220236111,6.621283987954551,-0.8519682373342907,0.059194818401617645,-1.2258804594811952,-1.5904411973394779,0.27773154614287077,-0.12358065410923252,0.2574392211742731
2008-04-17 21:10:00+00:00,ME01,0.8872148527099151,1.3166172962636031,-1.1593302351955856,0.059194818401617645,-1.2258804594811952,-1.5904411973394779,0.27773154614287077,-0.12358065410923252,0.2574392211742731
2008-04-17 21:20:00+00:00,ME01,0.6934197529350322,1.2832720860551878,-0.635619379885987,0.059194818401617645,-1.2258804594811952,-1.5904411973394779,0.27773154614287077,-0.12358065410923252,0.2574392211742731
2008-04-17 21:30:00+00:00,ME01,0.6070357824968563,1.9758195509992773,-1.0669673436431655,0.059194818401617645,-1.2258804594811952,-1.5904411973394779,0.27773154614287077,-0.12358065410923252,0.2574392211742731
2008-04-17 21:40:00+00:00,ME01,0.7819812642350689,0.612007784042729,-1.1911230359292473,0.059194818401617645,-1.2258804594811952,-1.5904411973394779,0.27773154614287077,-0.12358065410923252,0.2574392211742731
2008-04-17 21:50:00+00:00,ME01,0.5147010223010665,-0.012862691276776242,-1.190706022766014,0.059194818401617645,-1.2258804594811952,-1.5904411973394779,0.27773154614287077,-0.12358065410923252,0.2574392211742731
2008-04-17 22:00:00+00:00,ME01,0.4597161351077404,-0.06202875494223352,-1.3440813205136413,-0.3194633506248242,-1.259220354966518,-1.5784680892963738,-0.6744907594765952,-0.12358065410923252,0.2574392211742731
2008-04-17 22:10:00+00:00,ME01,0.4742287794916793,-0.19816085280803034,-1.3796869453738718,-0.3194633506248242,-1.259220354966518,-1.5784680892963738,-0.6744907594765952,-0.12358065410923252,0.2574392211742731
2008-04-17 22:20:00+00:00,ME01,0.3688267688917272,-0.2478691192327403,-1.0231025323489373,-0.3194633506248242,-1.259220354966518,-1.5784680892963738,-0.6744907594765952,-0.12358065410923252,0.2574392211742731
2008-04-17 22:30:00+00:00,ME01,0.2907817744754468,0.018530814727159794,-1.2224656865744925,-0.3194633506248242,-1.259220354966518,-1.5784680892963738,-0.6744907594765952,-0.12358065410923252,0.2574392211742731
2008-04-17 22:40:00+00:00,ME01,0.4120205832947411,-0.16642947618043075,-1.3431254356572024,-0.3194633506248242,-1.259220354966518,-1.5784680892963738,-0.6744907594765952,-0.12358065410923252,0.2574392211742731
2008-04-17 22:50:00+00:00,ME01,0.14939042467134162,-0.2924290452764999,-1.2640838967384607,-0.3194633506248242,-1.259220354966518,-1.5784680892963738,-0.6744907594765952,-0.12358065410923252,0.2574392211742731
2008-04-17 23:00:00+00:00,ME01,0.27689712014624396,-0.1651533766990977,-1.4262427851383273,0.059194818401617645,-1.311794795196283,-1.6742537906483683,-0.31740737066697966,-0.12358065410923252,0.2574392211742731
2008-04-17 23:10:00+00:00,ME01,0.4372633541374727,-0.008406112251503768,-1.459462729014533,0.059194818401617645,-1.311794795196283,-1.6742537906483683,-0.31740737066697966,-0.12358065410923252,0.2574392211742731
2008-04-17 23:20:00+00:00,ME01,0.2506991219015881,-0.1872849160497287,-1.4829188104001487,0.059194818401617645,-1.311794795196283,-1.6742537906483683,-0.31740737066697966,-0.12358065410923252,0.2574392211742731
2008-04-17 23:30:00+00:00,ME01,0.26198994720208185,-0.15406798350812947,-1.4047438369833696,0.059194818401617645,-1.311794795196283,-1.6742537906483683,-0.31740737066697966,-0.12358065410923252,0.2574392211742731
2008-04-17 23:40:00+00:00,ME01,0.3426882059029455,-0.3096025240831028,-1.46080508640819,0.059194818401617645,-1.311794795196283,-1.6742537906483683,-0.31740737066697966,-0.12358065410923252,0.2574392211742731
2008-04-17 23:50:00+00:00,ME01,0.4625195464179179,-0.2762152324454287,-1.4899224446069979,0.059194818401617645,-1.311794795196283,-1.6742537906483683,-0.31740737066697966,-0.12358065410923252,0.2574392211742731
2008-04-18 00:00:00+00:00,ME01,0.12375672707614613,-0.10677253362229581,-1.4675860004049122,0.03551689104097058,-1.2476797356895901,-1.7899948580737766,-0.6744907594765952,-0.12358065410923252,0.3638474325929724
2008-04-18 00:10:00+00:00,ME01,0.10866053639651857,-0.33070434011388256,-1.4553000640152975,0.03551689104097058,-1.2476797356895901,-1.7899948580737766,-0.6744907594765952,-0.12358065410923252,0.3638474325929724
2008-04-18 00:20:00+00:00,ME01,0.2752226574338871,-0.10955370113804672,-1.4745666911534692,0.03551689104097058,-1.2476797356895901,-1.7899948580737766,-0.6744907594765952,-0.12358065410923252,0.3638474325929724
2008-04-18 00:30:00+00:00,ME01,0.2505943387220346,-0.20610138357395372,-1.4881713769408047,0.03551689104097058,-1.2476797356895901,-1.7899948580737766,-0.6744907594765952,-0.12358065410923252,0.3638474325929724
2008-04-18 00:40:00+00:00,ME01,0.27370000259945465,0.13919474437112284,-0.9847874344641072,0.03551689104097058,-1.2476797356895901,-1.7899948580737766,-0.6744907594765952,-0.12358065410923252,0.3638474325929724
2008-04-18 00:50:00+00:00,ME01,0.14498996648464596,-0.12966889616543945,-1.4547714168319046,0.03551689104097058,-1.2476797356895901,-1.7899948580737766,-0.6744907594765952,-0.12358065410923252,0.3638474325929724
2008-04-18 01:00:00+00:00,ME01,0.0849289745410315,-0.47394400588641433,-1.36983926253444,0.2248459755541922,-1.4490010709469876,-1.9576197656891168,-0.6744907594765952,-0.12358065410923252,0.3638474325929724
2008-04-18 01:10:00+00:00,ME01,0.23657591061451236,-0.2757903315280108,-1.2771832386413071,0.2248459755541922,-1.4490010709469876,-1.9576197656891168,-0.6744907594765952,-0.12358065410923252,0.3638474325929724
2008-04-18 01:20:00+00:00,ME01,0.001918180536705109,0.17293545514629718,-1.3927031927993387,0.2248459755541922,-1.4490010709469876,-1.9576197656891168,-0.6744907594765952,-0.12358065410923252,0.3638474325929724
2008-04-18 01:30:00+00:00,ME01,0.013690465827625448,0.04139047858590028,-1.260450618506629,0.2248459755541922,-1.4490010709469876,-1.9576197656891168,-0.6744907594765952,-0.12358065410923252,0.3638474325929724
2008-04-18 01:40:00+00:00,ME01,-0.02035158124552337,-0.15769459246968648,-1.1220200701162881,0.2248459755541922,-1.4490010709469876,-1.9576197656891168,-0.6744907594765952,-0.12358065410923252,0.3638474325929724
2008-04-18 01:50:00+00:00,ME01,0.0021933674263402356,-0.1285502881925904,-0.9778691975713074,0.2248459755541922,-1.4490010709469876,-1.9576197656891168,-0.6744907594765952,-0.12358065410923252,0.3638474325929724
2008-04-18 02:00:00+00:00,ME01,0.06016442927530591,-0.11210009483939556,-1.201821599952076,0.46153091478870656,-1.601594928708377,-2.117262415274147,-0.6744907594765952,-0.12358065410923252,0.3638474325929724
2008-04-18 02:10:00+00:00,ME01,-0.02099810900911478,-0.24977076842416576,-1.2694299891072736,0.46153091478870656,-1.601594928708377,-2.117262415274147,-0.6744907594765952,-0.12358065410923252,0.3638474325929724
2008-04-18 02:20:00+00:00,ME01,0.007013872926536172,-0.2822346049902151,-0.6125275704021119,0.46153091478870656,-1.601594928708377,-2.117262415274147,-0.6744907594765952,-0.12358065410923252,0.3638474325929724
2008-04-18 02:30:00+00:00,ME01,-0.18476885830558248,-0.3265765337938426,-1.357171911656231,0.46153091478870656,-1.601594928708377,-2.117262415274147,-0.6744907594765952,-0.12358065410923252,0.3638474325929724
2008-04-18 02:40:00+00:00,ME01,-0.0035700809151596215,-0.443791670714492,-1.383873898017761,0.46153091478870656,-1.601594928708377,-2.117262415274147,-0.6744907594765952,-0.12358065410923252,0.3638474325929724
2008-04-18 02:50:00+00:00,ME01,-0.14331338440992228,-0.1387667452049519,-1.4070432609108496,0.46153091478870656,-1.601594928708377,-2.117262415274147,-0.6744907594765952,-0.12358065410923252,0.3638474325929724
2008-04-18 03:00:00+00:00,ME01,-0.15062323702773897,-0.07294643870217402,-0.9281161870913192,0.03551689104097058,-1.478494003698553,-2.105289307231043,-0.6348148381432227,-0.12358065410923252,0.3638474325929724
2008-04-18 03:10:00+00:00,ME01,-0.06688816810244985,-0.25842970885189015,-0.8707165002926565,0.03551689104097058,-1.478494003698553,-2.105289307231043,-0.6348148381432227,-0.12358065410923252,0.3638474325929724
2008-04-18 03:20:00+00:00,ME01,0.08131949024482908,-0.0690154739223508,-0.7998019880143097,0.03551689104097058,-1.478494003698553,-2.105289307231043,-0.6348148381432227,-0.12358065410923252,0.3638474325929724
2008-04-18 03:30:00+00:00,ME01,-0.22631878138715197,-0.25435505504682826,-1.1344135839085838,0.03551689104097058,-1.478494003698553,-2.105289307231043,-0.6348148381432227,-0.12358065410923252,0.3638474325929724
2008-04-18 03:40:00+00:00,ME01,-0.17943061496243137,-0.3134320622927939,-1.046766154580949,0.03551689104097058,-1.478494003698553,-2.105289307231043,-0.6348148381432227,-0.12358065410923252,0.3638474325929724
2008-04-18 03:50:00+00:00,ME01,-0.22795000859842013,-0.13146718032272253,-0.9860332531761214,0.03551689104097058,-1.478494003698553,-2.105289307231043,-0.6348148381432227,-0.12358065410923252,0.3638474325929724
2008-04-18 04:00:00+00:00,ME01,-0.2571306978643535,-0.2699330765349539,-0.8632207844637567,0.24852390291483925,-1.5413268319354416,-2.121253544289318,-0.6744907594765952,-0.12358065410923252,0.3638474325929724
2008-04-18 04:10:00+00:00,ME01,-0.1429582539835125,-0.1171483520936499,-0.8846486018205086,0.24852390291483925,-1.5413268319354416,-2.121253544289318,-0.6744907594765952,-0.12358065410923252,0.3638474325929724
2008-04-18 04:20:00+00:00,ME01,-0.21616028276189758,-0.39471779916208155,-0.6882004238021644,0.24852390291483925,-1.5413268319354416,-2.121253544289318,-0.6744907594765952,-0.12358065410923252,0.3638474325929724
2008-04-18 04:30:00+00:00,ME01,-0.2969109661196604,-0.1268083157604745,-0.7529596334823607,0.24852390291483925,-1.5413268319354416,-2.121253544289318,-0.6744907594765952,-0.12358065410923252,0.3638474325929724
2008-04-18 04:40:00+00:00,ME01,-0.10220925288017521,0.028056060446174213,-0.29996114329901474,0.24852390291483925,-1.5413268319354416,-2.121253544289318,-0.6744907594765952,-0.12358065410923252,0.3638474325929724
2008-04-18 04:50:00+00:00,ME01,-0.18688887045013466,-0.4307873089715786,0.19997204037345043,0.24852390291483925,-1.5413268319354416,-2.121253544289318,-0.6744907594765952,-0.12358065410923252,0.3638474325929724
2008-04-18 05:00:00+00:00,ME01,-0.004936091164150649,-0.25710982973128754,0.31017024665439363,-0.1538121934722497,-0.9450564827064196,-2.0134947348942513,1.1109259909529559,-0.12358065410923252,0.3638474325929724
2008-04-18 05:10:00+00:00,ME01,-0.03388970857098233,-0.2972143718489691,0.33622399426162064,-0.1538121934722497,-0.9450564827064196,-2.0134947348942513,1.1109259909529559,-0.12358065410923252,0.3638474325929724
2008-04-18 05:20:00+00:00,ME01,-0.12519683388134573,-0.4134975477982283,-0.011358069944420358,-0.1538121934722497,-0.9450564827064196,-2.0134947348942513,1.1109259909529559,-0.12358065410923252,0.3638474325929724
2008-04-18 05:30:00+00:00,ME01,-0.22466956324779533,-0.4140598148503924,0.08850190497311228,-0.1538121934722497,-0.9450564827064196,-2.0134947348942513,1.1109259909529559,-0.12358065410923252,0.3638474325929724
2008-04-18 05:40:00+00:00,ME01,-0.11446983295216905,-0.07656951586080979,-0.118138534639105,-0.1538121934722497,-0.9450564827064196,-2.0134947348942513,1.1109259909529559,-0.12358065410923252,0.3638474325929724
2008-04-18 05:50:00+00:00,ME01,-0.2163837272205688,-0.13066462784605776,0.47650764987960326,-0.1538121934722497,-0.9450564827064196,-2.0134947348942513,1.1109259909529559,-0.12358065410923252,0.3638474325929724
2008-04-18 06:00:00+00:00,ME01,-0.2148983708304899,-0.3993958334049871,0.2445259638436738,0.41417506006741245,-0.30775258144890427,-1.7899948580737766,-0.6744907594765952,-0.12358065410923252,0.47025564401167175
2008-04-18 06:10:00+00:00,ME01,-0.3526828277097776,-0.3878256388058339,0.6663676375990251,0.41417506006741245,-0.30775258144890427,-1.7899948580737766,-0.6744907594765952,-0.12358065410923252,0.47025564401167175
2008-04-18 06:20:00+00:00,ME01,-0.2662945502317957,-0.36001679207861326,0.9838758900634647,0.41417506006741245,-0.30775258144890427,-1.7899948580737766,-0.6744907594765952,-0.12358065410923252,0.47025564401167175
2008-04-18 06:30:00+00:00,ME01,-0.1878821831757392,-0.41369061788872324,1.361543008665047,0.41417506006741245,-0.30775258144890427,-1.7899948580737766,-0.6744907594765952,-0.12358065410923252,0.47025564401167175
2008-04-18 06:40:00+00:00,ME01,-0.15722793624063253,-0.36245510270689285,0.8192583287969769,0.41417506006741245,-0.30775258144890427,-1.7899948580737766,-0.6744907594765952,-0.12358065410923252,0.47025564401167175
2008-04-18 06:50:00+00:00,ME01,-0.3009369047462591,-0.3847323050099819,0.43925506232197004,0.41417506006741245,-0.30775258144890427,-1.7899948580737766,-0.6744907594765952,-0.12358065410923252,0.47025564401167175
2008-04-18 07:00:00+00:00,ME01,-0.26526870498918104,-0.45536724405889156,0.29706325627355284,0.08287274576226471,0.6514093864605677,-1.690218027706643,-0.43643523147636054,-0.12358065410923252,0.47025564401167175
2008-04-18 07:10:00+00:00,ME01,-0.29941550642342163,-0.30014430763450645,0.23117435324207086,0.08287274576226471,0.6514093864605677,-1.690218027706643,-0.43643523147636054,-0.12358065410923252,0.47025564401167175
2008-04-18 07:20:00+00:00,ME01,-0.37887370253499164,-0.42229557146588254,0.5608190583103129,0.08287274576226471,0.6514093864605677,-1.690218027706643,-0.43643523147636054,-0.12358065410923252,0.47025564401167175
2008-04-18 07:30:00+00:00,ME01,-0.2660040923613542,-0.5872796542647242,0.8237647974871932,0.08287274576226471,0.6514093864605677,-1.690218027706643,-0.43643523147636054,-0.12358065410923252,0.47025564401167175
2008-04-18 07:40:00+00:00,ME01,-0.1017206202977265,-0.08382016484760425,0.9718540637611273,0.08287274576226471,0.6514093864605677,-1.690218027706643,-0.43643523147636054,-0.12358065410923252,0.47025564401167175
2008-04-18 07:50:00+00:00,ME01,-0.19747766938582995,-0.4459000734807952,2.0346529529360975,0.08287274576226471,0.6514093864605677,-1.690218027706643,-0.43643523147636054,-0.12358065410923252,0.47025564401167175
2008-04-18 08:00:00+00:00,ME01,0.543882655845238,23.935405285233404,2.0971818242808933,-0.1538121934722497,1.2476797356895892,-1.4906646459747215,-0.6744907594765952,-0.12358065410923252,0.47025564401167175
2008-04-18 08:10:00+00:00,ME01,-0.14831816389332905,-0.22636463549635238,1.521533085771448,-0.1538121934722497,1.2476797356895892,-1.4906646459747215,-0.6744907594765952,-0.12358065410923252,0.47025564401167175
2008-04-18 08:20:00+00:00,ME01,-0.3881419749198461,2.704584775298648,2.0059723980977493,-0.1538121934722497,1.2476797356895892,-1.4906646459747215,-0.6744907594765952,-0.12358065410923252,0.47025564401167175
2008-04-18 08:30:00+00:00,ME01,-0.1839810732650332,-0.3160085654007275,2.2719695228471664,-0.1538121934722497,1.2476797356895892,-1.4906646459747215,-0.6744907594765952,-0.12358065410923252,0.47025564401167175
2008-04-18 08:40:00+00:00,ME01,0.06051865738121085,-0.23975230837091926,4.397838971859329,-0.1538121934722497,1.2476797356895892,-1.4906646459747215,-0.6744907594765952,-0.12358065410923252,0.47025564401167175
2008-04-18 08:50:00+00:00,ME01,0.12477397993454217,4.163774929477116,5.2252770950711085,-0.1538121934722497,1.2476797356895892,-1.4906646459747215,-0.6744907594765952,-0.12358065410923252,0.47025564401167175
2008-04-18 09:00:00+00:00,ME01,-0.16211352439490584,-0.4074930149433862,3.4175665027589752,0.08287274576226471,1.1104734599388841,-1.390887815607588,1.8647685930962956,-0.12358065410923252,0.47025564401167175
2008-04-18 09:10:00+00:00,ME01,-0.24561002547681157,-0.15082712524645486,1.7675744292337383,0.08287274576226471,1.1104734599388841,-1.390887815607588,1.8647685930962956,-0.12358065410923252,0.47025564401167175
2008-04-18 09:20:00+00:00,ME01,-0.3544744363142532,0.7066395045970437,1.6666579937125834,0.08287274576226471,1.1104734599388841,-1.390887815607588,1.8647685930962956,-0.12358065410923252,0.47025564401167175
2008-04-18 09:30:00+00:00,ME01,-0.3483164687881868,6.488359782018156,1.5123072985146904,0.08287274576226471,1.1104734599388841,-1.390887815607588,1.8647685930962956,-0.12358065410923252,0.47025564401167175
2008-04-18 09:40:00+00:00,ME01,-0.1654107308035714,-0.1488852620104041,2.682843433520246,0.08287274576226471,1.1104734599388841,-1.390887815607588,1.8647685930962956,-0.12358065410923252,0.47025564401167175
2008-04-18 09:50:00+00:00,ME01,-0.32492804594043717,-0.15502563828496033,2.587401326879944,0.08287274576226471,1.1104734599388841,-1.390887815607588,1.8647685930962956,-0.12358065410923252,0.47025564401167175
2008-04-18 10:00:00+00:00,ME01,-0.18380869986581197,-0.3894948601315151,2.917067913125752,0.6744907594765965,1.514398361723484,-1.3589593414910701,5.356250251288653,-0.12358065410923252,0.47025564401167175
2008-04-18 10:10:00+00:00,ME01,-0.019710583029277983,-0.3811949087122825,4.621512802838351,0.6744907594765965,1.514398361723484,-1.3589593414910701,5.356250251288653,-0.12358065410923252,0.47025564401167175
2008-04-18 10:20:00+00:00,ME01,-0.10455795271384358,-0.1984211834254307,3.7352349767586763,0.6744907594765965,1.514398361723484,-1.3589593414910701,5.356250251288653,-0.12358065410923252,0.47025564401167175
2008-04-18 10:30:00+00:00,ME01,-0.18494280021339327,-0.332903046481586,4.572568219010842,0.6744907594765965,1.514398361723484,-1.3589593414910701,5.356250251288653,-0.12358065410923252,0.47025564401167175
2008-04-18 10:40:00+00:00,ME01,0.2483404141815786,-0.06193860265931597,5.578807647932616,0.6744907594765965,1.514398361723484,-1.3589593414910701,5.356250251288653,-0.12358065410923252,0.47025564401167175
2008-04-18 10:50:00+00:00,ME01,0.04574969891990718,-0.4329927946273028,5.9371022569626115,0.6744907594765965,1.514398361723484,-1.3589593414910701,5.356250251288653,-0.12358065410923252,0.47025564401167175
2008-04-18 11:00:00+00:00,ME01,0.07680396889632214,-0.39298827444838397,6.111953177246363,0.4851616749633762,1.5246570186549515,-1.374923578549345,10.117361585767455,-0.12358065410923252,0.47025564401167175
2008-04-18 11:10:00+00:00,ME01,-0.26975604227539124,-0.27736815626609357,3.779196612527273,0.4851616749633762,1.5246570186549515,-1.374923578549345,10.117361585767455,-0.12358065410923252,0.47025564401167175
2008-04-18 11:20:00+00:00,ME01,0.09077418919618861,-0.2957249230755895,4.957819172247683,0.4851616749633762,1.5246570186549515,-1.374923578549345,10.117361585767455,-0.12358065410923252,0.47025564401167175
2008-04-18 11:30:00+00:00,ME01,0.08007046809480997,-0.42745440301742443,3.8953290437328603,0.4851616749633762,1.5246570186549515,-1.374923578549345,10.117361585767455,-0.12358065410923252,0.47025564401167175
2008-04-18 11:40:00+00:00,ME01,-0.17019730775066974,-0.223249443995492,4.074808572099446,0.4851616749633762,1.5246570186549515,-1.374923578549345,10.117361585767455,-0.12358065410923252,0.47025564401167175
2008-04-18 11:50:00+00:00,ME01,-0.022306738198304355,-0.37190057809665306,4.018851694509862,0.4851616749633762,1.5246570186549515,-1.374923578549345,10.117361585767455,-0.12358065410923252,0.47025564401167175
2008-04-18 12:00:00+00:00,ME01,0.027311350201738117,-0.3013525099819004,5.124369441988384,1.1241827105849795,1.5554321826763216,-1.394878944622759,9.522222668957605,-0.12358065410923252,0.5766638554303711
2008-04-18 12:10:00+00:00,ME01,-0.06508760251425091,-0.1566397495677372,4.108522470851706,1.1241827105849795,1.5554321826763216,-1.394878944622759,9.522222668957605,-0.12358065410923252,0.5766638554303711
2008-04-18 12:20:00+00:00,ME01,0.16124060132472867,-0.4471378224547256,3.223984756876486,1.1241827105849795,1.5554321826763216,-1.394878944622759,9.522222668957605,-0.12358065410923252,0.5766638554303711
2008-04-18 12:30:00+00:00,ME01,-0.27006724192036385,-0.3666773708480999,3.2072226390221075,1.1241827105849795,1.5554321826763216,-1.394878944622759,9.522222668957605,-0.12358065410923252,0.5766638554303711
2008-04-18 12:40:00+00:00,ME01,-0.3526385933801098,-0.3268621954158805,3.0591712565268607,1.1241827105849795,1.5554321826763216,-1.394878944622759,9.522222668957605,-0.12358065410923252,0.5766638554303711
2008-04-18 12:50:00+00:00,ME01,-0.0038169186011304196,-0.39391230192054494,3.7962693404439225,1.1241827105849795,1.5554321826763216,-1.394878944622759,9.522222668957605,-0.12358065410923252,0.5766638554303711
2008-04-18 13:00:00+00:00,ME01,-0.38134103192043906,-0.3548155966330292,2.705770682901139,-0.035469723854993154,1.9119121071590612,-1.3988700736379298,7.4590743723851824,-0.12358065410923252,0.5766638554303711
2008-04-18 13:10:00+00:00,ME01,-0.34796721218980153,-0.2331250877089114,2.0371140477590304,-0.035469723854993154,1.9119121071590612,-1.3988700736379298,7.4590743723851824,-0.12358065410923252,0.5766638554303711
2008-04-18 13:20:00+00:00,ME01,-0.3571745950338065,-0.20783771407201174,2.8732241090066717,-0.035469723854993154,1.9119121071590612,-1.3988700736379298,7.4590743723851824,-0.12358065410923252,0.5766638554303711
2008-04-18 13:30:00+00:00,ME01,-0.3439090346707616,-0.22370207346518392,2.128688343304607,-0.035469723854993154,1.9119121071590612,-1.3988700736379298,7.4590743723851824,-0.12358065410923252,0.5766638554303711
2008-04-18 13:40:00+00:00,ME01,-0.3587806859203694,-0.4069528999472459,1.7845253973649529,-0.035469723854993154,1.9119121071590612,-1.3988700736379298,7.4590743723851824,-0.12358065410923252,0.5766638554303711
2008-04-18 13:50:00+00:00,ME01,-0.17255919762082594,-0.3684659994676069,2.077525003841629,-0.035469723854993154,1.9119121071590612,-1.3988700736379298,7.4590743723851824,-0.12358065410923252,0.5766638554303711
2008-04-18 14:00:00+00:00,ME01,-0.4339829619702554,-0.3262112898677063,1.7032024641967292,-0.6508128321159481,2.059376770916889,-1.4627270218709973,3.1740741907161136,-0.12358065410923252,0.5766638554303711
2008-04-18 14:10:00+00:00,ME01,-0.4139263116225882,-0.35775144223778416,1.3681196433053664,-0.6508128321159481,2.059376770916889,-1.4627270218709973,3.1740741907161136,-0.12358065410923252,0.5766638554303711
2008-04-18 14:20:00+00:00,ME01,-0.42482924380973447,-0.5279501719437085,1.3695866390102056,-0.6508128321159481,2.059376770916889,-1.4627270218709973,3.1740741907161136,-0.12358065410923252,0.5766638554303711
2008-04-18 14:30:00+00:00,ME01,-0.3635742107257045,-0.20748485711357376,1.7722760167752842,-0.6508128321159481,2.059376770916889,-1.4627270218709973,3.1740741907161136,-0.12358065410923252,0.5766638554303711
2008-04-18 14:40:00+00:00,ME01,-0.1896236598000707,-0.12233150796142367,4.038547166992584,-0.6508128321159481,2.059376770916889,-1.4627270218709973,3.1740741907161136,-0.12358065410923252,0.5766638554303711
2008-04-18 14:50:00+00:00,ME01,-0.21794211336515476,-0.5766542915874097,3.915381645357118,-0.6508128321159481,2.059376770916889,-1.4627270218709973,3.1740741907161136,-0.12358065410923252,0.5766638554303711
2008-04-18 15:00:00+00:00,ME01,-0.17551851206274624,-0.6037585264018267,4.074567314928592,-0.6034569773946553,1.8054809954297262,-1.514610862060961,5.276898408621908,-0.12358065410923252,0.5766638554303711
2008-04-18 15:10:00+00:00,ME01,-0.14363108491285703,-0.37327215097537947,4.395511546612625,-0.6034569773946553,1.8054809954297262,-1.514610862060961,5.276898408621908,-0.12358065410923252,0.5766638554303711
2008-04-18 15:20:00+00:00,ME01,-0.01686952174261169,-0.21055101747034938,3.928573395494381,-0.6034569773946553,1.8054809954297262,-1.514610862060961,5.276898408621908,-0.12358065410923252,0.5766638554303711
2008-04-18 15:30:00+00:00,ME01,-0.1281639888884363,-0.40446904159563296,2.6894422221354795,-0.6034569773946553,1.8054809954297262,-1.514610862060961,5.276898408621908,-0.12358065410923252,0.5766638554303711
2008-04-18 15:40:00+00:00,ME01,0.1318176775676358,-0.5029197586003769,3.8184455300056177,-0.6034569773946553,1.8054809954297262,-1.514610862060961,5.276898408621908,-0.12358065410923252,0.5766638554303711
2008-04-18 15:50:00+00:00,ME01,0.7628362879560316,-0.47135985020512217,7.9784951484245425,-0.6034569773946553,1.8054809954297262,-1.514610862060961,5.276898408621908,-0.12358065410923252,0.5766638554303711
2008-04-18 16:00:00+00:00,ME01,0.5040756114699841,-0.4366487006598563,5.54642612657944,-0.982162313607074,1.3015364071891586,-1.5864503473267157,2.8169908987157615,-0.12358065410923252,0.5766638554303711
2008-04-18 16:10:00+00:00,ME01,0.5051665108306266,-0.4849550320414192,4.893700978005578,-0.982162313607074,1.3015364071891586,-1.5864503473267157,2.8169908987157615,-0.12358065410923252,0.5766638554303711
2008-04-18 16:20:00+00:00,ME01,0.4334611363562138,-0.289199297145311,4.328617224622145,-0.982162313607074,1.3015364071891586,-1.5864503473267157,2.8169908987157615,-0.12358065410923252,0.5766638554303711
2008-04-18 16:30:00+00:00,ME01,0.5729232165571371,-0.18132993901921826,4.692886288933771,-0.982162313607074,1.3015364071891586,-1.5864503473267157,2.8169908987157615,-0.12358065410923252,0.5766638554303711
2008-04-18 16:40:00+00:00,ME01,0.7703340436922687,-0.46418657603122687,5.725794114656832,-0.982162313607074,1.3015364071891586,-1.5864503473267157,2.8169908987157615,-0.12358065410923252,0.5766638554303711
2008-04-18 16:50:00+00:00,ME01,0.8079356130233362,-0.519160979312243,5.668439370653308,-0.982162313607074,1.3015364071891586,-1.5864503473267157,2.8169908987157615,-0.12358065410923252,0.5766638554303711
2008-04-18 17:00:00+00:00,ME01,0.8619385723048231,-0.23559550909040902,6.742177235612526,-0.7927860619078756,0.8924820424766536,-1.6622806826052643,-0.6744907594765952,-0.12358065410923252,0.5766638554303711
2008-04-18 17:10:00+00:00,ME01,0.9470116341897549,-0.2893948141889924,7.623037253882205,-0.7927860619078756,0.8924820424766536,-1.6622806826052643,-0.6744907594765952,-0.12358065410923252,0.5766638554303711
2008-04-18 17:20:00+00:00,ME01,0.9103262246391916,-0.431005362662911,6.63426686147202,-0.7927860619078756,0.8924820424766536,-1.6622806826052643,-0.6744907594765952,-0.12358065410923252,0.5766638554303711
2008-04-18 17:30:00+00:00,ME01,1.2039022299651465,2.4354855693416284,9.518171814596645,-0.7927860619078756,0.8924820424766536,-1.6622806826052643,-0.6744907594765952,-0.12358065410923252,0.5766638554303711
2008-04-18 17:40:00+00:00,ME01,1.8823558497519899,-0.04860550943721212,12.956398647926553,-0.7927860619078756,0.8924820424766536,-1.6622806826052643,-0.6744907594765952,-0.12358065410923252,0.5766638554303711
2008-04-18 17:50:00+00:00,ME01,1.973509663592162,-0.050923305646149025,13.945280697267473,-0.7927860619078756,0.8924820424766536,-1.6622806826052643,-0.6744907594765952,-0.12358065410923252,0.5766638554303711
2008-04-18 18:00:00+00:00,ME01,3.230616813369843,0.755544359449902,19.913361436839182,-0.8164639892685227,0.4129011929840899,-1.5984234553698196,3.0947223480493693,-0.12358065410923252,0.6830720668490712
2008-04-18 18:10:00+00:00,ME01,1.9735646369256161,-0.4285753518010426,14.142952753953276,-0.8164639892685227,0.4129011929840899,-1.5984234553698196,3.0947223480493693,-0.12358065410923252,0.6830720668490712
2008-04-18 18:20:00+00:00,ME01,1.8399887419018208,-0.18658148213518586,12.620349474493404,-0.8164639892685227,0.4129011929840899,-1.5984234553698196,3.0947223480493693,-0.12358065410923252,0.6830720668490712
2008-04-18 18:30:00+00:00,ME01,2.1142678875460894,-0.013692747835483418,14.754946535312628,-0.8164639892685227,0.4129011929840899,-1.5984234553698196,3.0947223480493693,-0.12358065410923252,0.6830720668490712
2008-04-18 18:40:00+00:00,ME01,2.6824209742375675,-0.4158297344461106,16.905358915758246,-0.8164639892685227,0.4129011929840899,-1.5984234553698196,3.0947223480493693,-0.12358065410923252,0.6830720668490712
2008-04-18 18:50:00+00:00,ME01,3.507125738422273,-0.40217529318821715,20.188989298409552,-0.8164639892685227,0.4129011929840899,-1.5984234553698196,3.0947223480493693,-0.12358065410923252,0.6830720668490712
2008-04-18 19:00:00+00:00,ME01,3.8798340826120845,-0.4769712294318134,21.033503941222246,-0.01183896368032353,0.48727464049790636,-1.4946554959875153,5.316574329955281,-0.12358065410923252,0.6830720668490712
2008-04-18 19:10:00+00:00,ME01,3.707673180643765,0.025610334165189427,20.537299439185396,-0.01183896368032353,0.48727464049790636,-1.4946554959875153,5.316574329955281,-0.12358065410923252,0.6830720668490712
2008-04-18 19:20:00+00:00,ME01,3.922869328381739,-0.06957739571107041,18.83399918341125,-0.01183896368032353,0.48727464049790636,-1.4946554959875153,5.316574329955281,-0.12358065410923252,0.6830720668490712
2008-04-18 19:30:00+00:00,ME01,5.415424069291929,-0.21341501080003933,26.066911941957564,-0.01183896368032353,0.48727464049790636,-1.4946554959875153,5.316574329955281,-0.12358065410923252,0.6830720668490712
2008-04-18 19:40:00+00:00,ME01,5.6888939043284825,-0.2829295725842132,26.692593645840226,-0.01183896368032353,0.48727464049790636,-1.4946554959875153,5.316574329955281,-0.12358065410923252,0.6830720668490712
2008-04-18 19:50:00+00:00,ME01,5.846380032672933,1.3051319961961,23.368447645350702,-0.01183896368032353,0.48727464049790636,-1.4946554959875153,5.316574329955281,-0.12358065410923252,0.6830720668490712
2008-04-18 20:00:00+00:00,ME01,6.05952918059977,2.261682298915197,27.965664724522025,-0.6508128321159481,0.41674815571784707,-1.390887815607588,3.332777972858867,-0.12358065410923252,0.6830720668490712
2008-04-18 20:10:00+00:00,ME01,5.655935981653384,1.0473256728174756,26.37255631702672,-0.6508128321159481,0.41674815571784707,-1.390887815607588,3.332777972858867,-0.12358065410923252,0.6830720668490712
2008-04-18 20:20:00+00:00,ME01,5.60292255050743,0.04598495897032068,26.58789915582212,-0.6508128321159481,0.41674815571784707,-1.390887815607588,3.332777972858867,-0.12358065410923252,0.6830720668490712
2008-04-18 20:30:00+00:00,ME01,5.024212921379783,0.8276285151058266,21.360490781890313,-0.6508128321159481,0.41674815571784707,-1.390887815607588,3.332777972858867,-0.12358065410923252,0.6830720668490712
2008-04-18 20:40:00+00:00,ME01,4.432669126801869,-0.09858493484412814,16.079234762741727,-0.6508128321159481,0.41674815571784707,-1.390887815607588,3.332777972858867,-0.12358065410923252,0.6830720668490712
2008-04-18 20:50:00+00:00,ME01,3.554972164071439,-0.18966022608644512,9.880347007336233,-0.6508128321159481,0.41674815571784707,-1.390887815607588,3.332777972858867,-0.12358065410923252,0.6830720668490712
2008-04-18 21:00:00+00:00,ME01,3.56942790457168,0.2890768828917872,7.592006374047002,-0.6271349047553024,0.88222365446953,-1.315057480329071,-0.11902776400011736,-0.12358065410923252,0.6830720668490712
2008-04-18 21:10:00+00:00,ME01,3.32863834288189,0.43184511639140694,6.869723623821057,-0.6271349047553024,0.88222365446953,-1.315057480329071,-0.11902776400011736,-0.12358065410923252,0.6830720668490712
2008-04-18 21:20:00+00:00,ME01,4.942445221464195,0.5142359079657255,18.183078853547126,-0.6271349047553024,0.88222365446953,-1.315057480329071,-0.11902776400011736,-0.12358065410923252,0.6830720668490712
2008-04-18 21:30:00+00:00,ME01,6.3180865181639305,0.04113875952156681,24.21505225855739,-0.6271349047553024,0.88222365446953,-1.315057480329071,-0.11902776400011736,-0.12358065410923252,0.6830720668490712
2008-04-18 21:40:00+00:00,ME01,6.712385422528508,0.0904110463800095,23.646418373800955,-0.6271349047553024,0.88222365446953,-1.315057480329071,-0.11902776400011736,-0.12358065410923252,0.6830720668490712
2008-04-18 21:50:00+00:00,ME01,6.545867077559,-0.06488050413303753,25.273831234761193,-0.6271349047553024,0.88222365446953,-1.315057480329071,-0.11902776400011736,-0.12358065410923252,0.6830720668490712
2008-04-18 22:00:00+00:00,ME01,7.566269938977239,-0.06234536092884667,24.14524429478119,-0.6508128321159481,0.971984683994032,-1.335012846402485,0.5157870741431054,-0.12358065410923252,0.6830720668490712
2008-04-18 22:10:00+00:00,ME01,8.338314736662385,-0.09802747840389565,26.128460556410758,-0.6508128321159481,0.971984683994032,-1.335012846402485,0.5157870741431054,-0.12358065410923252,0.6830720668490712
2008-04-18 22:20:00+00:00,ME01,9.35534067823575,-0.20980479079414827,30.57142549174545,-0.6508128321159481,0.971984683994032,-1.335012846402485,0.5157870741431054,-0.12358065410923252,0.6830720668490712
2008-04-18 22:30:00+00:00,ME01,10.609777505338903,-0.09604760888139378,29.635587676172495,-0.6508128321159481,0.971984683994032,-1.335012846402485,0.5157870741431054,-0.12358065410923252,0.6830720668490712
2008-04-18 22:40:00+00:00,ME01,11.232228684857484,0.3681152055170816,34.23371624791058,-0.6508128321159481,0.971984683994032,-1.335012846402485,0.5157870741431054,-0.12358065410923252,0.6830720668490712
2008-04-18 22:50:00+00:00,ME01,10.488087248435146,0.838145841895502,37.22628179177845,-0.6508128321159481,0.971984683994032,-1.335012846402485,0.5157870741431054,-0.12358065410923252,0.6830720668490712
2008-04-18 23:00:00+00:00,ME01,9.381516529178375,1.4465617214682636,27.61006158104631,-0.4378058202420808,0.5321551552601569,-1.3110663513139003,1.6663889864294334,-0.12358065410923252,0.6830720668490712
2008-04-18 23:10:00+00:00,ME01,9.677940729344842,0.6279412774180965,32.832964633911175,-0.4378058202420808,0.5321551552601569,-1.3110663513139003,1.6663889864294334,-0.12358065410923252,0.6830720668490712
2008-04-18 23:20:00+00:00,ME01,9.691081093817735,0.32773423014174213,33.54571804717679,-0.4378058202420808,0.5321551552601569,-1.3110663513139003,1.6663889864294334,-0.12358065410923252,0.6830720668490712
2008-04-18 23:30:00+00:00,ME01,9.347886315410705,0.5848624056972377,23.45966317068063,-0.4378058202420808,0.5321551552601569,-1.3110663513139003,1.6663889864294334,-0.12358065410923252,0.6830720668490712
2008-04-18 23:40:00+00:00,ME01,9.481733611953993,0.11286031686476547,19.96573191777833,-0.4378058202420808,0.5321551552601569,-1.3110663513139003,1.6663889864294334,-0.12358065410923252,0.6830720668490712
2008-04-18 23:50:00+00:00,ME01,12.078249288322986,-0.05520709513109415,38.49126540915662,-0.4378058202420808,0.5321551552601569,-1.3110663513139003,1.6663889864294334,-0.12358065410923252,0.6830720668490712
2008-04-19 00:00:00+00:00,ME01,11.578370093468454,-0.061408381568263844,37.785354913118745,-0.4851616749633749,0.5449782747312326,-1.4148343106962047,1.8250926717629234,-0.12358065410923252,0.7894802782677706
2008-04-19 00:10:00+00:00,ME01,10.442915501095161,-0.06016218710947272,37.19175236127751,-0.4851616749633749,0.5449782747312326,-1.4148343106962047,1.8250926717629234,-0.12358065410923252,0.7894802782677706
2008-04-19 00:20:00+00:00,ME01,9.300221493992865,-0.1414114463804309,34.79910847811525,-0.4851616749633749,0.5449782747312326,-1.4148343106962047,1.8250926717629234,-0.12358065410923252,0.7894802782677706
2008-04-19 00:30:00+00:00,ME01,9.253994005427773,0.3079223280281772,30.665462579686828,-0.4851616749633749,0.5449782747312326,-1.4148343106962047,1.8250926717629234,-0.12358065410923252,0.7894802782677706
2008-04-19 00:40:00+00:00,ME01,8.836345229538708,0.25848403598885655,32.65842631817768,-0.4851616749633749,0.5449782747312326,-1.4148343106962047,1.8250926717629234,-0.12358065410923252,0.7894802782677706
2008-04-19 00:50:00+00:00,ME01,8.428222173202844,0.013189299545635563,35.273952666200984,-0.4851616749633749,0.5449782747312326,-1.4148343106962047,1.8250926717629234,-0.12358065410923252,0.7894802782677706
2008-04-19 01:00:00+00:00,ME01,8.081056295470272,0.07093725635173612,32.714503001160175,-0.27215466308950753,1.2130576089344618,-1.4707092799013075,0.5157870741431054,-0.12358065410923252,0.7894802782677706
2008-04-19 01:10:00+00:00,ME01,7.971908054067957,0.15197615673205236,30.73034813974666,-0.27215466308950753,1.2130576089344618,-1.4707092799013075,0.5157870741431054,-0.12358065410923252,0.7894802782677706
2008-04-19 01:20:00+00:00,ME01,7.4558453732838865,-0.0012803262333227325,31.20118152294676,-0.27215466308950753,1.2130576089344618,-1.4707092799013075,0.5157870741431054,-0.12358065410923252,0.7894802782677706
2008-04-19 01:30:00+00:00,ME01,7.614772132450141,0.277550520885421,32.530725364803246,-0.27215466308950753,1.2130576089344618,-1.4707092799013075,0.5157870741431054,-0.12358065410923252,0.7894802782677706
2008-04-19 01:40:00+00:00,ME01,7.348456881821344,-0.3029652585207707,32.56032995381172,-0.27215466308950753,1.2130576089344618,-1.4707092799013075,0.5157870741431054,-0.12358065410923252,0.7894802782677706
2008-04-19 01:50:00+00:00,ME01,7.287462018717224,0.01470806162028039,33.021661340119714,-0.27215466308950753,1.2130576089344618,-1.4707092799013075,0.5157870741431054,-0.12358065410923252,0.7894802782677706
2008-04-19 02:00:00+00:00,ME01,7.0071220616184675,-0.31635235591508526,25.329377193640923,-0.46148374760272787,1.2540911609629557,-1.5944323263546487,0.6348148381432227,-0.12358065410923252,0.7894802782677706
2008-04-19 02:10:00+00:00,ME01,6.9641090493416336,-0.2173271892560368,21.972634690865103,-0.46148374760272787,1.2540911609629557,-1.5944323263546487,0.6348148381432227,-0.12358065410923252,0.7894802782677706
2008-04-19 02:20:00+00:00,ME01,8.24054366633019,-0.060794211946024176,27.05166504237797,-0.46148374760272787,1.2540911609629557,-1.5944323263546487,0.6348148381432227,-0.12358065410923252,0.7894802782677706
2008-04-19 02:30:00+00:00,ME01,9.959287132231303,-0.19870534501546852,28.582771925196386,-0.46148374760272787,1.2540911609629557,-1.5944323263546487,0.6348148381432227,-0.12358065410923252,0.7894802782677706
2008-04-19 02:40:00+00:00,ME01,10.017456972296559,-0.1386666172597084,23.014906194240965,-0.46148374760272787,1.2540911609629557,-1.5944323263546487,0.6348148381432227,-0.12358065410923252,0.7894802782677706
2008-04-19 02:50:00+00:00,ME01,9.478058146925399,-0.19330850501988772,14.885545478809599,-0.46148374760272787,1.2540911609629557,-1.5944323263546487,0.6348148381432227,-0.12358065410923252,0.7894802782677706
2008-04-19 03:00:00+00:00,ME01,7.415107956299189,-0.08019472015893675,10.97585970018003,-0.46148374760272787,1.365651466695852,-1.6103965634129236,3.0550464267159967,-0.12358065410923252,0.7894802782677706
2008-04-19 03:10:00+00:00,ME01,6.449656071357448,-0.3061833998928439,4.50753539848664,-0.46148374760272787,1.365651466695852,-1.6103965634129236,3.0550464267159967,-0.12358065410923252,0.7894802782677706
2008-04-19 03:20:00+00:00,ME01,5.264205422875841,-0.2025158642151683,6.451378241189606,-0.46148374760272787,1.365651466695852,-1.6103965634129236,3.0550464267159967,-0.12358065410923252,0.7894802782677706
2008-04-19 03:30:00+00:00,ME01,4.530861417844466,0.27912624633511757,4.348206264951461,-0.46148374760272787,1.365651466695852,-1.6103965634129236,3.0550464267159967,-0.12358065410923252,0.7894802782677706
2008-04-19 03:40:00+00:00,ME01,4.062476453775435,-0.13783576507581652,6.083091367844972,-0.46148374760272787,1.365651466695852,-1.6103965634129236,3.0550464267159967,-0.12358065410923252,0.7894802782677706
2008-04-19 03:50:00+00:00,ME01,3.476319600096314,-0.24651115084568487,3.0909861640145673,-0.46148374760272787,1.365651466695852,-1.6103965634129236,3.0550464267159967,-0.12358065410923252,0.7894802782677706
2008-04-19 04:00:00+00:00,ME01,3.0643873539409405,0.24060586098208256,3.1063177136288993,-0.46148374760272787,1.6157002794492565,-1.5864503473267157,4.523055806478568,-0.12358065410923252,0.7894802782677706
2008-04-19 04:10:00+00:00,ME01,2.738958578780992,-0.26338581784707943,2.142288757048412,-0.46148374760272787,1.6157002794492565,-1.5864503473267157,4.523055806478568,-0.12358065410923252,0.7894802782677706
2008-04-19 04:20:00+00:00,ME01,3.1213715386531176,-0.10905541883109011,3.0579311747769684,-0.46148374760272787,1.6157002794492565,-1.5864503473267157,4.523055806478568,-0.12358065410923252,0.7894802782677706
2008-04-19 04:30:00+00:00,ME01,2.70648455892457,-0.2272216734659245,4.241906388208443,-0.46148374760272787,1.6157002794492565,-1.5864503473267157,4.523055806478568,-0.12358065410923252,0.7894802782677706
2008-04-19 04:40:00+00:00,ME01,2.7071213478913903,-0.31117833459929833,6.881918996553841,-0.46148374760272787,1.6157002794492565,-1.5864503473267157,4.523055806478568,-0.12358065410923252,0.7894802782677706
2008-04-19 04:50:00+00:00,ME01,2.318830139328625,0.38244457073777394,3.058656459455727,-0.46148374760272787,1.6157002794492565,-1.5864503473267157,4.523055806478568,-0.12358065410923252,0.7894802782677706
2008-04-19 05:00:00+00:00,ME01,2.6406253334351955,-0.299673302912425,7.081385347699416,-0.27215466308950753,0.6424332297232481,-1.4068520526658628,0.6744907594765952,-0.12358065410923252,0.7894802782677706
2008-04-19 05:10:00+00:00,ME01,2.609758050683327,-0.3977172471451412,5.18988322415577,-0.27215466308950753,0.6424332297232481,-1.4068520526658628,0.6744907594765952,-0.12358065410923252,0.7894802782677706
2008-04-19 05:20:00+00:00,ME01,2.1895313727267456,-0.30114254689912606,3.5197450279675655,-0.27215466308950753,0.6424332297232481,-1.4068520526658628,0.6744907594765952,-0.12358065410923252,0.7894802782677706
2008-04-19 05:30:00+00:00,ME01,2.370134185816663,-0.38434402132146644,2.5383083978580356,-0.27215466308950753,0.6424332297232481,-1.4068520526658628,0.6744907594765952,-0.12358065410923252,0.7894802782677706
2008-04-19 05:40:00+00:00,ME01,2.253201785529794,-0.18890416275685537,1.8987911735069212,-0.27215466308950753,0.6424332297232481,-1.4068520526658628,0.6744907594765952,-0.12358065410923252,0.7894802782677706
2008-04-19 05:50:00+00:00,ME01,2.4197310110564505,-0.3072759619731478,1.529990792163596,-0.27215466308950753,0.6424332297232481,-1.4068520526658628,0.6744907594765952,-0.12358065410923252,0.7894802782677706
2008-04-19 06:00:00+00:00,ME01,2.2545258791806275,-0.09281400740476953,1.7139547360054521,-0.035469723854993154,1.5862073466976916,-1.2911109852404545,-0.6348148381432227,-0.12358065410923252,0.8958884896864698
2008-04-19 06:10:00+00:00,ME01,2.475870200571735,5.156704945207604,1.4234599232308662,-0.035469723854993154,1.5862073466976916,-1.2911109852404545,-0.6348148381432227,-0.12358065410923252,0.8958884896864698
2008-04-19 06:20:00+00:00,ME01,2.314875391235444,6.699363829249735,2.0413757372342487,-0.035469723854993154,1.5862073466976916,-1.2911109852404545,-0.6348148381432227,-0.12358065410923252,0.8958884896864698
2008-04-19 06:30:00+00:00,ME01,2.1422471730101313,2.203859490076426,3.3955531656126015,-0.035469723854993154,1.5862073466976916,-1.2911109852404545,-0.6348148381432227,-0.12358065410923252,0.8958884896864698
2008-04-19 06:40:00+00:00,ME01,2.138326054551577,0.3785405590732,4.3957210083043705,-0.035469723854993154,1.5862073466976916,-1.2911109852404545,-0.6348148381432227,-0.12358065410923252,0.8958884896864698
2008-04-19 06:50:00+00:00,ME01,1.954542989829879,0.5631076498452203,2.1915743666574006,-0.035469723854993154,1.5862073466976916,-1.2911109852404545,-0.6348148381432227,-0.12358065410923252,0.8958884896864698
2008-04-19 07:00:00+00:00,ME01,1.7539756810549285,-0.03248394268250389,1.8381012870277837,0.15385936065822844,1.9324288831733076,-1.1274772066402852,3.650185343525847,-0.12358065410923252,0.8958884896864698
2008-04-19 07:10:00+00:00,ME01,1.8061722854062399,-0.21465634081549728,2.915072437880916,0.15385936065822844,1.9324288831733076,-1.1274772066402852,3.650185343525847,-0.12358065410923252,0.8958884896864698
2008-04-19 07:20:00+00:00,ME01,1.5785691533748396,0.005678199242073883,3.1620925456396947,0.15385936065822844,1.9324288831733076,-1.1274772066402852,3.650185343525847,-0.12358065410923252,0.8958884896864698
2008-04-19 07:30:00+00:00,ME01,1.4061729041553928,2.3708689132627083,4.281714664152771,0.15385936065822844,1.9324288831733076,-1.1274772066402852,3.650185343525847,-0.12358065410923252,0.8958884896864698
2008-04-19 07:40:00+00:00,ME01,1.4206608769052138,2.1285383791310446,3.5349787757474487,0.15385936065822844,1.9324288831733076,-1.1274772066402852,3.650185343525847,-0.12358065410923252,0.8958884896864698
2008-04-19 07:50:00+00:00,ME01,1.2616059676672904,1.8193940766543346,3.851993200756154,0.15385936065822844,1.9324288831733076,-1.1274772066402852,3.650185343525847,-0.12358065410923252,0.8958884896864698
2008-04-19 08:00:00+00:00,ME01,1.1199445027710584,1.4454143187406219,3.5357254783272083,-0.46148374760272787,2.470995598169003,-1.023709526260358,6.030741010765247,-0.12358065410923252,0.8958884896864698
2008-04-19 08:10:00+00:00,ME01,1.2039102715313776,0.5519323190980933,3.3502723208371634,-0.46148374760272787,2.470995598169003,-1.023709526260358,6.030741010765247,-0.12358065410923252,0.8958884896864698
2008-04-19 08:20:00+00:00,ME01,1.0212769593798579,0.1771373633780102,2.300047033100447,-0.46148374760272787,2.470995598169003,-1.023709526260358,6.030741010765247,-0.12358065410923252,0.8958884896864698
2008-04-19 08:30:00+00:00,ME01,0.9214101354029796,-0.20067067083902,1.8450776903751613,-0.46148374760272787,2.470995598169003,-1.023709526260358,6.030741010765247,-0.12358065410923252,0.8958884896864698
2008-04-19 08:40:00+00:00,ME01,0.8405418038630016,0.25250898389172693,3.0674956640156026,-0.46148374760272787,2.470995598169003,-1.023709526260358,6.030741010765247,-0.12358065410923252,0.8958884896864698
2008-04-19 08:50:00+00:00,ME01,0.986684874600454,1.925306432310144,4.814616481707502,-0.46148374760272787,2.470995598169003,-1.023709526260358,6.030741010765247,-0.12358065410923252,0.8958884896864698
2008-04-19 09:00:00+00:00,ME01,1.1278019353760458,-0.013991992841888262,4.908109251106025,-0.22479880836821345,2.736432261857437,-1.0516468713617366,6.625879927575098,-0.12358065410923252,0.8958884896864698
2008-04-19 09:10:00+00:00,ME01,1.0627536822761077,-0.1847722190531507,6.1910977080845555,-0.22479880836821345,2.736432261857437,-1.0516468713617366,6.625879927575098,-0.12358065410923252,0.8958884896864698
2008-04-19 09:20:00+00:00,ME01,0.9007289317833775,-0.2733853035716167,5.623426713228144,-0.22479880836821345,2.736432261857437,-1.0516468713617366,6.625879927575098,-0.12358065410923252,0.8958884896864698
2008-04-19 09:30:00+00:00,ME01,0.8755069672204012,3.3955670873749537,4.501830935761436,-0.22479880836821345,2.736432261857437,-1.0516468713617366,6.625879927575098,-0.12358065410923252,0.8958884896864698
2008-04-19 09:40:00+00:00,ME01,0.9924304943952312,-0.47151485291291184,5.195120421539448,-0.22479880836821345,2.736432261857437,-1.0516468713617366,6.625879927575098,-0.12358065410923252,0.8958884896864698
2008-04-19 09:50:00+00:00,ME01,1.0024515525257405,-0.4229552053205408,6.962031115496954,-0.22479880836821345,2.736432261857437,-1.0516468713617366,6.625879927575098,-0.12358065410923252,0.8958884896864698
2008-04-19 10:00:00+00:00,ME01,0.9868087011025082,-0.24521158771236878,7.390604069193546,-0.5561482898593386,2.842863104662428,-1.0396737633186328,6.744907691575215,-0.12358065410923252,0.8958884896864698
2008-04-19 10:10:00+00:00,ME01,0.9146412637266705,-0.2889646343497739,6.692334300192415,-0.5561482898593386,2.842863104662428,-1.0396737633186328,6.744907691575215,-0.12358065410923252,0.8958884896864698
2008-04-19 10:20:00+00:00,ME01,0.8592874107100433,-0.09675379314797825,6.88716858563141,-0.5561482898593386,2.842863104662428,-1.0396737633186328,6.744907691575215,-0.12358065410923252,0.8958884896864698
2008-04-19 10:30:00+00:00,ME01,1.6514434928601924,-0.16107112219110625,12.1326759427969,-0.5561482898593386,2.842863104662428,-1.0396737633186328,6.744907691575215,-0.12358065410923252,0.8958884896864698
2008-04-19 10:40:00+00:00,ME01,1.9736864448344629,0.3840254514387023,14.824986125433707,-0.5561482898593386,2.842863104662428,-1.0396737633186328,6.744907691575215,-0.12358065410923252,0.8958884896864698
2008-04-19 10:50:00+00:00,ME01,2.4119375539951164,-0.019100104161850134,17.77958759342599,-0.5561482898593386,2.842863104662428,-1.0396737633186328,6.744907691575215,-0.12358065410923252,0.8958884896864698
2008-04-19 11:00:00+00:00,ME01,1.8287383610221923,-0.3331456339308057,14.60445453086877,-0.34314127798547,2.470995598169003,-1.0915576035085648,0.27773154614287077,-0.12358065410923252,0.8958884896864698
2008-04-19 11:10:00+00:00,ME01,2.735730317505583,-0.12913455488548486,19.58100018238117,-0.34314127798547,2.470995598169003,-1.0915576035085648,0.27773154614287077,-0.12358065410923252,0.8958884896864698
2008-04-19 11:20:00+00:00,ME01,2.2604184712621898,-0.23616173989924794,16.58357778899464,-0.34314127798547,2.470995598169003,-1.0915576035085648,0.27773154614287077,-0.12358065410923252,0.8958884896864698
2008-04-19 11:30:00+00:00,ME01,1.9285660359536811,-0.24038679061096754,13.589910056191377,-0.34314127798547,2.470995598169003,-1.0915576035085648,0.27773154614287077,-0.12358065410923252,0.8958884896864698
2008-04-19 11:40:00+00:00,ME01,1.54043271163643,-0.2943047425237363,11.262733689580932,-0.34314127798547,2.470995598169003,-1.0915576035085648,0.27773154614287077,-0.12358065410923252,0.8958884896864698
2008-04-19 11:50:00+00:00,ME01,1.3316791353261566,-0.3592055572369581,10.555535557566815,-0.34314127798547,2.470995598169003,-1.0915576035085648,0.27773154614287077,-0.12358065410923252,0.8958884896864698
2008-04-19 12:00:00+00:00,ME01,1.3710437252449375,-0.3681407295779014,11.09898160380052,-0.7217994470119119,2.228640710883112,-1.163396809771974,0.8728704629527209,-0.12358065410923252,1.00229670110517
2008-04-19 12:10:00+00:00,ME01,1.3852231394664611,-0.3246755047824519,10.338428474608863,-0.7217994470119119,2.228640710883112,-1.163396809771974,0.8728704629527209,-0.12358065410923252,1.00229670110517
2008-04-19 12:20:00+00:00,ME01,0.9852957294921374,-0.3117821457995405,8.374260094615499,-0.7217994470119119,2.228640710883112,-1.163396809771974,0.8728704629527209,-0.12358065410923252,1.00229670110517
2008-04-19 12:30:00+00:00,ME01,0.8026650823962074,-0.45724391824909233,8.681118514284622,-0.7217994470119119,2.228640710883112,-1.163396809771974,0.8728704629527209,-0.12358065410923252,1.00229670110517
2008-04-19 12:40:00+00:00,ME01,1.674984861492313,-0.46454178919910666,13.14479293324335,-0.7217994470119119,2.228640710883112,-1.163396809771974,0.8728704629527209,-0.12358065410923252,1.00229670110517
2008-04-19 12:50:00+00:00,ME01,0.9514724105097238,-0.28224952018997135,8.827104708142839,-0.7217994470119119,2.228640710883112,-1.163396809771974,0.8728704629527209,-0.12358065410923252,1.00229670110517
2008-04-19 13:00:00+00:00,ME01,0.8656253618731686,-0.34174470227214443,8.090638528812782,-0.9111285315251328,2.0260368754315667,-1.2951021142556254,0.476111152809733,-0.12358065410923252,1.00229670110517
2008-04-19 13:10:00+00:00,ME01,2.2762646102659443,-0.45931186913590927,14.81742838602663,-0.9111285315251328,2.0260368754315667,-1.2951021142556254,0.476111152809733,-0.12358065410923252,1.00229670110517
2008-04-19 13:20:00+00:00,ME01,1.9175198167705594,-0.11617378824971492,13.37577765231111,-0.9111285315251328,2.0260368754315667,-1.2951021142556254,0.476111152809733,-0.12358065410923252,1.00229670110517
2008-04-19 13:30:00+00:00,ME01,0.5509250489355157,-0.4600440043300179,6.401474656695739,-0.9111285315251328,2.0260368754315667,-1.2951021142556254,0.476111152809733,-0.12358065410923252,1.00229670110517
2008-04-19 13:40:00+00:00,ME01,0.7146290084517867,-0.22104717410330263,7.127856454478601,-0.9111285315251328,2.0260368754315667,-1.2951021142556254,0.476111152809733,-0.12358065410923252,1.00229670110517
2008-04-19 13:50:00+00:00,ME01,0.7214777815046624,-0.24658647854518922,7.49241707551665,-0.9111285315251328,2.0260368754315667,-1.2951021142556254,0.476111152809733,-0.12358065410923252,1.00229670110517
2008-04-19 14:00:00+00:00,ME01,0.1829009476668061,-0.36015705617891214,4.574984359443673,-1.479115785064795,1.682380070419902,-1.5425484861646852,1.6663889864294334,-0.12358065410923252,1.00229670110517
2008-04-19 14:10:00+00:00,ME01,0.3343955093833465,-0.5069473881792181,3.9276595616288,-1.479115785064795,1.682380070419902,-1.5425484861646852,1.6663889864294334,-0.12358065410923252,1.00229670110517
2008-04-19 14:20:00+00:00,ME01,0.06565542803197197,-0.21874583763464506,2.57161410240837,-1.479115785064795,1.682380070419902,-1.5425484861646852,1.6663889864294334,-0.12358065410923252,1.00229670110517
2008-04-19 14:30:00+00:00,ME01,-0.1133248289225224,-0.4574151073538295,1.512409488670748,-1.479115785064795,1.682380070419902,-1.5425484861646852,1.6663889864294334,-0.12358065410923252,1.00229670110517
2008-04-19 14:40:00+00:00,ME01,-0.051641685707021774,-0.30205569236839763,0.9979112141537619,-1.479115785064795,1.682380070419902,-1.5425484861646852,1.6663889864294334,-0.12358065410923252,1.00229670110517
2008-04-19 14:50:00+00:00,ME01,0.032221293622410545,-0.3417528985277178,0.8547984655598143,-1.479115785064795,1.682380070419902,-1.5425484861646852,1.6663889864294334,-0.12358065410923252,1.00229670110517
2008-04-19 15:00:00+00:00,ME01,-0.23036750848269036,-0.38542976904635795,0.1329811787889292,-0.9111285315251328,1.4631064216878675,-1.7820126000434346,0.15870368533348983,-0.12358065410923252,1.00229670110517
2008-04-19 15:10:00+00:00,ME01,-0.16239620169866104,-0.4359311926106208,-0.006423648760620742,-0.9111285315251328,1.4631064216878675,-1.7820126000434346,0.15870368533348983,-0.12358065410923252,1.00229670110517
2008-04-19 15:20:00+00:00,ME01,-0.44597837676502694,-0.1993620838948215,-0.0014992767228636087,-0.9111285315251328,1.4631064216878675,-1.7820126000434346,0.15870368533348983,-0.12358065410923252,1.00229670110517
2008-04-19 15:30:00+00:00,ME01,-0.2691664298242176,-0.44178643239784,0.10608550936635669,-0.9111285315251328,1.4631064216878675,-1.7820126000434346,0.15870368533348983,-0.12358065410923252,1.00229670110517
2008-04-19 15:40:00+00:00,ME01,-0.4132728258647546,-0.46986725662028506,0.039297835291804695,-0.9111285315251328,1.4631064216878675,-1.7820126000434346,0.15870368533348983,-0.12358065410923252,1.00229670110517
2008-04-19 15:50:00+00:00,ME01,-0.17277504795083615,-0.333111972466173,1.0270457001264148,-0.9111285315251328,1.4631064216878675,-1.7820126000434346,0.15870368533348983,-0.12358065410923252,1.00229670110517
2008-04-19 16:00:00+00:00,ME01,-0.38461889266567434,-0.3902561164163426,0.38121334883960767,-0.958484386246427,1.2130576089344618,-1.9895482398056663,0.7141666808099677,-0.12358065410923252,1.00229670110517
2008-04-19 16:10:00+00:00,ME01,-0.41237049023175504,-0.4689246064331089,0.09840973132023124,-0.958484386246427,1.2130576089344618,-1.9895482398056663,0.7141666808099677,-0.12358065410923252,1.00229670110517
2008-04-19 16:20:00+00:00,ME01,-0.4538274425397193,-0.3740309402104481,0.06828793658442951,-0.958484386246427,1.2130576089344618,-1.9895482398056663,0.7141666808099677,-0.12358065410923252,1.00229670110517
2008-04-19 16:30:00+00:00,ME01,-0.14248174841932873,-0.5147306713407236,-0.13285562380589308,-0.958484386246427,1.2130576089344618,-1.9895482398056663,0.7141666808099677,-0.12358065410923252,1.00229670110517
2008-04-19 16:40:00+00:00,ME01,-0.4355640826421595,-0.48455159754475213,0.04241858212716287,-0.958484386246427,1.2130576089344618,-1.9895482398056663,0.7141666808099677,-0.12358065410923252,1.00229670110517
2008-04-19 16:50:00+00:00,ME01,-0.29608980901088505,-0.06630552768333818,0.22947775522621783,-0.958484386246427,1.2130576089344618,-1.9895482398056663,0.7141666808099677,-0.12358065410923252,1.00229670110517
2008-04-19 17:00:00+00:00,ME01,-0.1987284723880047,-0.296161857700967,0.05739643701931587,-0.9348064588857798,0.7142422146974557,-2.1731373844792814,0.0,-0.12358065410923252,1.00229670110517
2008-04-19 17:10:00+00:00,ME01,-0.22997491738901218,-0.25654854835028024,0.06004549423179678,-0.9348064588857798,0.7142422146974557,-2.1731373844792814,0.0,-0.12358065410923252,1.00229670110517
2008-04-19 17:20:00+00:00,ME01,-0.3522224446823391,-0.37480581638179405,-0.04854010773212543,-0.9348064588857798,0.7142422146974557,-2.1731373844792814,0.0,-0.12358065410923252,1.00229670110517
2008-04-19 17:30:00+00:00,ME01,-0.3152773749706935,-0.48060037566843217,0.021122679153587,-0.9348064588857798,0.7142422146974557,-2.1731373844792814,0.0,-0.12358065410923252,1.00229670110517
2008-04-19 17:40:00+00:00,ME01,-0.344526934964795,2.686558719781552,0.07474578000737239,-0.9348064588857798,0.7142422146974557,-2.1731373844792814,0.0,-0.12358065410923252,1.00229670110517
2008-04-19 17:50:00+00:00,ME01,-0.12725693734574572,2.2332519370283848,-0.14194255330530056,-0.9348064588857798,0.7142422146974557,-2.1731373844792814,0.0,-0.12358065410923252,1.00229670110517
2008-04-19 18:00:00+00:00,ME01,-0.23196791740590905,3.8297875625484656,-0.13396093772579948,-0.5798262172199857,0.31031704398851256,-2.388655282271823,-0.6744907594765952,-0.12358065410923252,1.1087049125238693
2008-04-19 18:10:00+00:00,ME01,-0.2735036561581492,9.230832082585188,0.09726718975136643,-0.5798262172199857,0.31031704398851256,-2.388655282271823,-0.6744907594765952,-0.12358065410923252,1.1087049125238693
2008-04-19 18:20:00+00:00,ME01,-0.21331229437862667,3.8520925158574575,-0.22056983599215402,-0.5798262172199857,0.31031704398851256,-2.388655282271823,-0.6744907594765952,-0.12358065410923252,1.1087049125238693
2008-04-19 18:30:00+00:00,ME01,-0.1721616266295782,2.872185157264326,-0.32740284663701397,-0.5798262172199857,0.31031704398851256,-2.388655282271823,-0.6744907594765952,-0.12358065410923252,1.1087049125238693
2008-04-19 18:40:00+00:00,ME01,-0.2122233852924723,5.9869995821132935,-0.41250119317320283,-0.5798262172199857,0.31031704398851256,-2.388655282271823,-0.6744907594765952,-0.12358065410923252,1.1087049125238693
2008-04-19 18:50:00+00:00,ME01,-0.12576717526402756,1.5953337974968165,-0.3341930284683012,-0.5798262172199857,0.31031704398851256,-2.388655282271823,-0.6744907594765952,-0.12358065410923252,1.1087049125238693
2008-04-19 19:00:00+00:00,ME01,0.08808228752229337,0.5569878973900056,-0.6276498108800778,-0.7454773743725589,0.10514874599735798,-2.3726910452135486,-0.3967593101429881,-0.12358065410923252,1.1087049125238693
2008-04-19 19:10:00+00:00,ME01,-0.03352573748566111,0.24174043847958815,-0.6532960883337087,-0.7454773743725589,0.10514874599735798,-2.3726910452135486,-0.3967593101429881,-0.12358065410923252,1.1087049125238693
2008-04-19 19:20:00+00:00,ME01,-0.062347198250251985,0.06403220450222016,-0.5947915498237045,-0.7454773743725589,0.10514874599735798,-2.3726910452135486,-0.3967593101429881,-0.12358065410923252,1.1087049125238693
2008-04-19 19:30:00+00:00,ME01,0.04745954158302366,2.602344073601547,-0.43713139933840456,-0.7454773743725589,0.10514874599735798,-2.3726910452135486,-0.3967593101429881,-0.12358065410923252,1.1087049125238693
2008-04-19 19:40:00+00:00,ME01,0.09454727128865659,9.470167530544819,-0.3560639529423716,-0.7454773743725589,0.10514874599735798,-2.3726910452135486,-0.3967593101429881,-0.12358065410923252,1.1087049125238693
2008-04-19 19:50:00+00:00,ME01,0.1530990884167238,9.503431244685421,-0.5940434025559912,-0.7454773743725589,0.10514874599735798,-2.3726910452135486,-0.3967593101429881,-0.12358065410923252,1.1087049125238693
2008-04-19 20:00:00+00:00,ME01,0.02500641727629247,16.507029247812106,-0.6609717128254903,-0.6034569773946553,-0.0346222612172992,-2.3287891840515176,-0.6348148381432227,-0.12358065410923252,1.1087049125238693
2008-04-19 20:10:00+00:00,ME01,0.1270988949138122,0.5835157906011337,-0.7567294445608617,-0.6034569773946553,-0.0346222612172992,-2.3287891840515176,-0.6348148381432227,-0.12358065410923252,1.1087049125238693
2008-04-19 20:20:00+00:00,ME01,0.020132755322348147,2.8398457878593844,-0.4320189763032312,-0.6034569773946553,-0.0346222612172992,-2.3287891840515176,-0.6348148381432227,-0.12358065410923252,1.1087049125238693
2008-04-19 20:30:00+00:00,ME01,-0.1475378114285587,0.15543584226456758,-0.5108960191795363,-0.6034569773946553,-0.0346222612172992,-2.3287891840515176,-0.6348148381432227,-0.12358065410923252,1.1087049125238693
2008-04-19 20:40:00+00:00,ME01,0.0018067009313196259,0.9580483223976612,-0.30582523098126435,-0.6034569773946553,-0.0346222612172992,-2.3287891840515176,-0.6348148381432227,-0.12358065410923252,1.1087049125238693
2008-04-19 20:50:00+00:00,ME01,-0.14395327252862639,-0.10438603198252351,-0.6493504063777514,-0.6034569773946553,-0.0346222612172992,-2.3287891840515176,-0.6348148381432227,-0.12358065410923252,1.1087049125238693
2008-04-19 21:00:00+00:00,ME01,-0.1424227339284277,-0.43892978797849025,-0.48993129717879064,-0.41412789288143376,-0.07437358197598835,-2.236994611714726,-0.6744907594765952,-0.12358065410923252,1.1087049125238693
2008-04-19 21:10:00+00:00,ME01,-0.12761274165358016,0.3843249355281389,-0.5488073764547093,-0.41412789288143376,-0.07437358197598835,-2.236994611714726,-0.6744907594765952,-0.12358065410923252,1.1087049125238693
2008-04-19 21:20:00+00:00,ME01,-0.35831258909525937,0.26871208932685403,-0.6888552751547667,-0.41412789288143376,-0.07437358197598835,-2.236994611714726,-0.6744907594765952,-0.12358065410923252,1.1087049125238693
2008-04-19 21:30:00+00:00,ME01,-0.35502543488949706,-0.2873335976534491,-0.9918954607022161,-0.41412789288143376,-0.07437358197598835,-2.236994611714726,-0.6744907594765952,-0.12358065410923252,1.1087049125238693
2008-04-19 21:40:00+00:00,ME01,0.9497588093769581,-0.4751994203348822,-0.5987268277198885,-0.41412789288143376,-0.07437358197598835,-2.236994611714726,-0.6744907594765952,-0.12358065410923252,1.1087049125238693
2008-04-19 21:50:00+00:00,ME01,-0.3904917350994716,1.0878813909023375,-1.0172595419975907,-0.41412789288143376,-0.07437358197598835,-2.236994611714726,-0.6744907594765952,-0.12358065410923252,1.1087049125238693
2008-04-19 22:00:00+00:00,ME01,-0.4288815317715783,1.1888398187971727,-1.1090099534537428,-0.41412789288143376,-0.16028764876673265,-2.225021503671622,-0.6744907594765952,-0.12358065410923252,1.1087049125238693
2008-04-19 22:10:00+00:00,ME01,-0.4112882055907203,-0.4810813388053982,-1.1015643751887398,-0.41412789288143376,-0.16028764876673265,-2.225021503671622,-0.6744907594765952,-0.12358065410923252,1.1087049125238693
2008-04-19 22:20:00+00:00,ME01,-0.40285914052563826,-0.19050884923105366,-1.175072268891095,-0.41412789288143376,-0.16028764876673265,-2.225021503671622,-0.6744907594765952,-0.12358065410923252,1.1087049125238693
2008-04-19 22:30:00+00:00,ME01,-0.3869574350452695,-0.4847391584778978,-1.2023910082845115,-0.41412789288143376,-0.16028764876673265,-2.225021503671622,-0.6744907594765952,-0.12358065410923252,1.1087049125238693
2008-04-19 22:40:00+00:00,ME01,-0.3630699401720425,-0.4243575871648126,-1.1220677152623657,-0.41412789288143376,-0.16028764876673265,-2.225021503671622,-0.6744907594765952,-0.12358065410923252,1.1087049125238693
2008-04-19 22:50:00+00:00,ME01,-0.6596693067177499,-0.5754920788707714,-1.1465098834175358,-0.41412789288143376,-0.16028764876673265,-2.225021503671622,-0.6744907594765952,-0.12358065410923252,1.1087049125238693
2008-04-19 23:00:00+00:00,ME01,-0.5811404229076064,-0.48632547243004554,-1.2215003346444464,-0.2011680481935438,-0.27954187996714297,-2.3407622920946216,-0.6744907594765952,-0.12358065410923252,1.1087049125238693
2008-04-19 23:10:00+00:00,ME01,-0.5775729410676361,-0.4609638576729418,-1.2405675606446076,-0.2011680481935438,-0.27954187996714297,-2.3407622920946216,-0.6744907594765952,-0.12358065410923252,1.1087049125238693
2008-04-19 23:20:00+00:00,ME01,-0.6313971955320259,-0.03775662783609657,-1.30050572263107,-0.2011680481935438,-0.27954187996714297,-2.3407622920946216,-0.6744907594765952,-0.12358065410923252,1.1087049125238693
2008-04-19 23:30:00+00:00,ME01,-0.6505576769234955,-0.37054531374914,-1.1502135098083606,-0.2011680481935438,-0.27954187996714297,-2.3407622920946216,-0.6744907594765952,-0.12358065410923252,1.1087049125238693
2008-04-19 23:40:00+00:00,ME01,-0.5108129770689023,-0.4964416103585544,-1.20655326909672,-0.2011680481935438,-0.27954187996714297,-2.3407622920946216,-0.6744907594765952,-0.12358065410923252,1.1087049125238693
2008-04-19 23:50:00+00:00,ME01,-0.6882803754666826,-0.3761607994049883,-1.2607572010325026,-0.2011680481935438,-0.27954187996714297,-2.3407622920946216,-0.6744907594765952,-0.12358065410923252,1.1087049125238693
2008-04-20 00:00:00+00:00,ME01,-0.8227935091974924,-0.23089157146731765,-1.2122279417188822,-0.08282557857628596,-0.45778170774634136,-2.448521380492097,-0.6744907594765952,-0.12358065410923252,1.2151131239425688
2008-04-20 00:10:00+00:00,ME01,-0.6856329073956904,-0.49078493838653375,-1.2462169130538259,-0.08282557857628596,-0.45778170774634136,-2.448521380492097,-0.6744907594765952,-0.12358065410923252,1.2151131239425688
2008-04-20 00:20:00+00:00,ME01,-0.8079317758005488,-0.3721881628807214,-1.2500791647341296,-0.08282557857628596,-0.45778170774634136,-2.448521380492097,-0.6744907594765952,-0.12358065410923252,1.2151131239425688
2008-04-20 00:30:00+00:00,ME01,-0.7497386852890118,-0.19911485099090662,-1.2236048814449079,-0.08282557857628596,-0.45778170774634136,-2.448521380492097,-0.6744907594765952,-0.12358065410923252,1.2151131239425688
2008-04-20 00:40:00+00:00,ME01,-0.7961619884046461,-0.32440466738782003,-1.3281213017872713,-0.08282557857628596,-0.45778170774634136,-2.448521380492097,-0.6744907594765952,-0.12358065410923252,1.2151131239425688
2008-04-20 00:50:00+00:00,ME01,-0.8107079256354391,-0.599549475463823,-1.2064532436230555,-0.08282557857628596,-0.45778170774634136,-2.448521380492097,-0.6744907594765952,-0.12358065410923252,1.2151131239425688
2008-04-20 01:00:00+00:00,ME01,-0.8318957905136722,-0.4064447087517447,-1.3126780671561504,-0.059147651215638905,-0.47829848376058826,-2.564262168915128,-0.6744907594765952,-0.12358065410923252,1.2151131239425688
2008-04-20 01:10:00+00:00,ME01,-0.8175338963700838,-0.5714863448067892,-1.3912481041712654,-0.059147651215638905,-0.47829848376058826,-2.564262168915128,-0.6744907594765952,-0.12358065410923252,1.2151131239425688
2008-04-20 01:20:00+00:00,ME01,-0.8412426762569518,-0.5062253891088772,-1.3663154294574407,-0.059147651215638905,-0.47829848376058826,-2.564262168915128,-0.6744907594765952,-0.12358065410923252,1.2151131239425688
2008-04-20 01:30:00+00:00,ME01,-0.7941906424214699,-0.48547127367185977,-1.3865529482280574,-0.059147651215638905,-0.47829848376058826,-2.564262168915128,-0.6744907594765952,-0.12358065410923252,1.2151131239425688
2008-04-20 01:40:00+00:00,ME01,-0.9564427629784892,-0.29572038777418225,-1.3376407984797962,-0.059147651215638905,-0.47829848376058826,-2.564262168915128,-0.6744907594765952,-0.12358065410923252,1.2151131239425688
2008-04-20 01:50:00+00:00,ME01,-0.8658484727148679,-0.4355691444865973,-1.3224297847233835,-0.059147651215638905,-0.47829848376058826,-2.564262168915128,-0.6744907594765952,-0.12358065410923252,1.2151131239425688
2008-04-20 02:00:00+00:00,ME01,-0.9522763691711645,-0.22523080326118305,-1.3586700416115207,-0.4378058202420808,-0.19747450698581254,-2.4724675965783045,0.6348148381432227,-0.12358065410923252,1.2151131239425688
2008-04-20 02:10:00+00:00,ME01,-0.9201391780925979,-0.456830005136279,-1.3610198586965692,-0.4378058202420808,-0.19747450698581254,-2.4724675965783045,0.6348148381432227,-0.12358065410923252,1.2151131239425688
2008-04-20 02:20:00+00:00,ME01,-1.07528024544039,-0.3669365440865879,-1.4579687727925774,-0.4378058202420808,-0.19747450698581254,-2.4724675965783045,0.6348148381432227,-0.12358065410923252,1.2151131239425688
2008-04-20 02:30:00+00:00,ME01,-1.0206399678757674,-0.4979304874078679,-1.4352559329923082,-0.4378058202420808,-0.19747450698581254,-2.4724675965783045,0.6348148381432227,-0.12358065410923252,1.2151131239425688
2008-04-20 02:40:00+00:00,ME01,-0.986205665419575,-0.4332923947295015,-1.4018478703880413,-0.4378058202420808,-0.19747450698581254,-2.4724675965783045,0.6348148381432227,-0.12358065410923252,1.2151131239425688
2008-04-20 02:50:00+00:00,ME01,-0.9728658869761039,-0.20503922600641092,-1.356582728052726,-0.4378058202420808,-0.19747450698581254,-2.4724675965783045,0.6348148381432227,-0.12358065410923252,1.2151131239425688
2008-04-20 03:00:00+00:00,ME01,-0.778636933880205,-0.4588839724019266,-1.443057196573483,-0.27215466308950753,-0.10130178326360126,-2.432556864431445,-0.6744907594765952,-0.12358065410923252,1.2151131239425688
2008-04-20 03:10:00+00:00,ME01,-0.8523249620189656,-0.47478649319522226,-1.3967955221182575,-0.27215466308950753,-0.10130178326360126,-2.432556864431445,-0.6744907594765952,-0.12358065410923252,1.2151131239425688
2008-04-20 03:20:00+00:00,ME01,-0.7785997728222173,-0.14649630173877284,-1.4171185513540934,-0.27215466308950753,-0.10130178326360126,-2.432556864431445,-0.6744907594765952,-0.12358065410923252,1.2151131239425688
2008-04-20 03:30:00+00:00,ME01,-0.8904436936097758,-0.3395829938945091,-1.386882674477761,-0.27215466308950753,-0.10130178326360126,-2.432556864431445,-0.6744907594765952,-0.12358065410923252,1.2151131239425688
2008-04-20 03:40:00+00:00,ME01,-0.9359062675981631,-0.4119709007111856,-1.26568352822344,-0.27215466308950753,-0.10130178326360126,-2.432556864431445,-0.6744907594765952,-0.12358065410923252,1.2151131239425688
2008-04-20 03:50:00+00:00,ME01,-0.9056617277204708,-0.5842433793350801,-1.293541473932819,-0.27215466308950753,-0.10130178326360126,-2.432556864431445,-0.6744907594765952,-0.12358065410923252,1.2151131239425688
2008-04-20 04:00:00+00:00,ME01,-0.8610568986703786,-0.3450452720433244,-1.2160779577169918,-0.08282557857628596,-0.2474842157516249,-2.376681895226342,-0.6744907594765952,-0.12358065410923252,1.2151131239425688
2008-04-20 04:10:00+00:00,ME01,-0.9894381863083703,-0.5704637727563708,-0.9832358990236217,-0.08282557857628596,-0.2474842157516249,-2.376681895226342,-0.6744907594765952,-0.12358065410923252,1.2151131239425688
2008-04-20 04:20:00+00:00,ME01,-0.9324805350959009,-0.4443849336447146,-1.0729861424189704,-0.08282557857628596,-0.2474842157516249,-2.376681895226342,-0.6744907594765952,-0.12358065410923252,1.2151131239425688
2008-04-20 04:30:00+00:00,ME01,-0.9448474437605674,-0.4797849481589081,-0.9288172592818632,-0.08282557857628596,-0.2474842157516249,-2.376681895226342,-0.6744907594765952,-0.12358065410923252,1.2151131239425688
2008-04-20 04:40:00+00:00,ME01,-0.9109881020417896,-0.29364611822149805,-0.9826999679271347,-0.08282557857628596,-0.2474842157516249,-2.376681895226342,-0.6744907594765952,-0.12358065410923252,1.2151131239425688
2008-04-20 04:50:00+00:00,ME01,-0.8363320028428828,-0.4651345716513655,-0.9040085011627129,-0.08282557857628596,-0.2474842157516249,-2.376681895226342,-0.6744907594765952,-0.12358065410923252,1.2151131239425688
2008-04-20 05:00:00+00:00,ME01,-0.9517475480759727,-0.433014746329827,-0.7351963256553674,-0.059147651215638905,-0.0551390372315461,-2.244976590742659,-0.6744907594765952,-0.12358065410923252,1.2151131239425688
2008-04-20 05:10:00+00:00,ME01,-1.002177485147819,-0.5331341121343668,-0.6616019955477674,-0.059147651215638905,-0.0551390372315461,-2.244976590742659,-0.6744907594765952,-0.12358065410923252,1.2151131239425688
2008-04-20 05:20:00+00:00,ME01,-0.8957938536398581,-0.4075294211918582,-0.7515789313011592,-0.059147651215638905,-0.0551390372315461,-2.244976590742659,-0.6744907594765952,-0.12358065410923252,1.2151131239425688
2008-04-20 05:30:00+00:00,ME01,-1.0678599208671067,-0.4018657395077339,-0.7350573813092296,-0.059147651215638905,-0.0551390372315461,-2.244976590742659,-0.6744907594765952,-0.12358065410923252,1.2151131239425688
2008-04-20 05:40:00+00:00,ME01,-0.7906755157309774,-0.5158901928487941,-0.5624152640131654,-0.059147651215638905,-0.0551390372315461,-2.244976590742659,-0.6744907594765952,-0.12358065410923252,1.2151131239425688
2008-04-20 05:50:00+00:00,ME01,-0.9015979587274093,-0.5278521363468477,-0.5295167654671291,-0.059147651215638905,-0.0551390372315461,-2.244976590742659,-0.6744907594765952,-0.12358065410923252,1.2151131239425688
2008-04-20 06:00:00+00:00,ME01,-1.0317937692442871,-0.22090808154793212,-0.6563859379256917,-0.4851616749633749,1.7157199659052251,-1.909726775511947,-0.6744907594765952,-0.12358065410923252,1.086393513355432
2008-04-20 06:10:00+00:00,ME01,-1.0271573352309011,-0.4134140378215757,-0.538405144191013,-0.4851616749633749,1.7157199659052251,-1.909726775511947,-0.6744907594765952,-0.12358065410923252,1.086393513355432
2008-04-20 06:20:00+00:00,ME01,-1.0396090809051965,-0.29885544404203507,-0.4997690715047273,-0.4851616749633749,1.7157199659052251,-1.909726775511947,-0.6744907594765952,-0.12358065410923252,1.086393513355432
2008-04-20 06:30:00+00:00,ME01,-0.8435802406703925,-0.2451144571233974,-0.3777889472621629,-0.4851616749633749,1.7157199659052251,-1.909726775511947,-0.6744907594765952,-0.12358065410923252,1.086393513355432
2008-04-20 06:40:00+00:00,ME01,-0.9762918115571855,-0.5576045846932001,-0.42114614548654444,-0.4851616749633749,1.7157199659052251,-1.909726775511947,-0.6744907594765952,-0.12358065410923252,1.086393513355432
2008-04-20 06:50:00+00:00,ME01,-0.8557890952909566,-0.37232418298879566,-0.3611991476043856,-0.4851616749633749,1.7157199659052251,-1.909726775511947,-0.6744907594765952,-0.12358065410923252,1.086393513355432
2008-04-20 07:00:00+00:00,ME01,-0.9311307017230895,-0.45421109363409856,-0.3559057978785429,-0.6034569773946553,2.055529808183132,-1.7181556518103671,-0.5554629954764779,-0.12358065410923252,1.086393513355432
2008-04-20 07:10:00+00:00,ME01,-1.0352028306826644,-0.48682106403986736,-0.3380657748010461,-0.6034569773946553,2.055529808183132,-1.7181556518103671,-0.5554629954764779,-0.12358065410923252,1.086393513355432
2008-04-20 07:20:00+00:00,ME01,-1.0053978082284822,-0.21412446848338745,-0.2392284079242935,-0.6034569773946553,2.055529808183132,-1.7181556518103671,-0.5554629954764779,-0.12358065410923252,1.086393513355432
2008-04-20 07:30:00+00:00,ME01,0.16134530326718183,-0.2783489128399184,-0.24791499469283113,-0.6034569773946553,2.055529808183132,-1.7181556518103671,-0.5554629954764779,-0.12358065410923252,1.086393513355432
2008-04-20 07:40:00+00:00,ME01,15.508311064708462,5.49624868270368,0.2871203659981997,-0.6034569773946553,2.055529808183132,-1.7181556518103671,-0.5554629954764779,-0.12358065410923252,1.086393513355432
2008-04-20 07:50:00+00:00,ME01,-0.3463852612983559,22.96640944792907,-0.21568883119646562,-0.6034569773946553,2.055529808183132,-1.7181556518103671,-0.5554629954764779,-0.12358065410923252,1.086393513355432
2008-04-20 08:00:00+00:00,ME01,-1.0691179720822508,3.843399696346658,-0.2544735402046177,-0.6508128321159481,2.2427457926996492,-1.5425484861646852,-0.039675921333372485,-0.12358065410923252,1.086393513355432
2008-04-20 08:10:00+00:00,ME01,-0.9971768555883284,-0.27299360271178014,-0.256865036948424,-0.6508128321159481,2.2427457926996492,-1.5425484861646852,-0.039675921333372485,-0.12358065410923252,1.086393513355432
2008-04-20 08:20:00+00:00,ME01,-0.9295495333445228,4.649632663061662,-0.08751452841822499,-0.6508128321159481,2.2427457926996492,-1.5425484861646852,-0.039675921333372485,-0.12358065410923252,1.086393513355432
2008-04-20 08:30:00+00:00,ME01,-1.0122867568600007,5.540598548733807,-0.2637965174935044,-0.6508128321159481,2.2427457926996492,-1.5425484861646852,-0.039675921333372485,-0.12358065410923252,1.086393513355432
2008-04-20 08:40:00+00:00,ME01,-0.9843902986846419,3.389387813321137,-0.022017390091558158,-0.6508128321159481,2.2427457926996492,-1.5425484861646852,-0.039675921333372485,-0.12358065410923252,1.086393513355432
2008-04-20 08:50:00+00:00,ME01,-1.0382942211992614,1.6992789372207122,-0.11513337248705836,-0.6508128321159481,2.2427457926996492,-1.5425484861646852,-0.039675921333372485,-0.12358065410923252,1.086393513355432
2008-04-20 09:00:00+00:00,ME01,-1.0032936421901166,-0.19351741338706752,-0.09548826941827557,-0.7927860619078756,2.647953194678397,-1.4268074187393085,-0.19837960666686225,-0.12358065410923252,1.086393513355432
2008-04-20 09:10:00+00:00,ME01,-0.944606570687537,4.4732083963837255,-0.037763344563053476,-0.7927860619078756,2.647953194678397,-1.4268074187393085,-0.19837960666686225,-0.12358065410923252,1.086393513355432
2008-04-20 09:20:00+00:00,ME01,-0.761871168166968,-0.26949345652235784,0.16096849015672832,-0.7927860619078756,2.647953194678397,-1.4268074187393085,-0.19837960666686225,-0.12358065410923252,1.086393513355432
2008-04-20 09:30:00+00:00,ME01,-1.0940459669032618,4.849087958095563,0.0555457815769039,-0.7927860619078756,2.647953194678397,-1.4268074187393085,-0.19837960666686225,-0.12358065410923252,1.086393513355432
2008-04-20 09:40:00+00:00,ME01,-1.066564541426745,5.214277360943648,-0.12161474315976839,-0.7927860619078756,2.647953194678397,-1.4268074187393085,-0.19837960666686225,-0.12358065410923252,1.086393513355432
2008-04-20 09:50:00+00:00,ME01,-1.1540042012561222,2.434192778957618,-0.01441511835931483,-0.7927860619078756,2.647953194678397,-1.4268074187393085,-0.19837960666686225,-0.12358065410923252,1.086393513355432
2008-04-20 10:00:00+00:00,ME01,-1.1422150895391996,-0.31580922441858084,0.057195571561292666,-0.958484386246427,2.540239851679258,-1.3549682124758993,0.6744907594765952,-0.12358065410923252,1.086393513355432
2008-04-20 10:10:00+00:00,ME01,-1.131424106834091,-0.1952397371244047,0.2600990487521736,-0.958484386246427,2.540239851679258,-1.3549682124758993,0.6744907594765952,-0.12358065410923252,1.086393513355432
2008-04-20 10:20:00+00:00,ME01,-0.8441593521105242,-0.206770455867375,0.23059918586623318,-0.958484386246427,2.540239851679258,-1.3549682124758993,0.6744907594765952,-0.12358065410923252,1.086393513355432
2008-04-20 10:30:00+00:00,ME01,-1.1724354593787847,-0.07181276815638032,0.24601255992861343,-0.958484386246427,2.540239851679258,-1.3549682124758993,0.6744907594765952,-0.12358065410923252,1.086393513355432
2008-04-20 10:40:00+00:00,ME01,-1.213892966926879,-0.3248362018886935,0.010864848232975741,-0.958484386246427,2.540239851679258,-1.3549682124758993,0.6744907594765952,-0.12358065410923252,1.086393513355432
2008-04-20 10:50:00+00:00,ME01,-1.0672374022171722,-0.1321729090952152,-0.021999485222082445,-0.958484386246427,2.540239851679258,-1.3549682124758993,0.6744907594765952,-0.12358065410923252,1.086393513355432
2008-04-20 11:00:00+00:00,ME01,-1.2034573757253915,0.5365640706093648,-0.24863637091377477,-1.3371425552728682,2.588967329175265,-1.4108431816810336,0.9918982269528381,-0.12358065410923252,1.086393513355432
2008-04-20 11:10:00+00:00,ME01,-1.0076928194060857,5.721207702983984,0.0384332623841189,-1.3371425552728682,2.588967329175265,-1.4108431816810336,0.9918982269528381,-0.12358065410923252,1.086393513355432
2008-04-20 11:20:00+00:00,ME01,-1.022465083027116,-0.3322404254059391,-0.5538419703170188,-1.3371425552728682,2.588967329175265,-1.4108431816810336,0.9918982269528381,-0.12358065410923252,1.086393513355432
2008-04-20 11:30:00+00:00,ME01,-1.1836232640311524,2.571141796885329,-0.5837933742390974,-1.3371425552728682,2.588967329175265,-1.4108431816810336,0.9918982269528381,-0.12358065410923252,1.086393513355432
2008-04-20 11:40:00+00:00,ME01,-0.9699849764228757,4.24984426147788,-0.35692621462594143,-1.3371425552728682,2.588967329175265,-1.4108431816810336,0.9918982269528381,-0.12358065410923252,1.086393513355432
2008-04-20 11:50:00+00:00,ME01,-1.0106501270399242,2.2125975232320347,0.015977663369767615,-1.3371425552728682,2.588967329175265,-1.4108431816810336,0.9918982269528381,-0.12358065410923252,1.086393513355432
2008-04-20 12:00:00+00:00,ME01,-0.8133458868954024,3.9176661991316606,2.198612600776984,-1.242478013016258,2.2760856881849714,-1.4507539138278935,1.1902778336197006,-0.12358065410923252,0.9576739027682956
2008-04-20 12:10:00+00:00,ME01,-0.4844393823159255,6.139571076597039,2.9822867060511102,-1.242478013016258,2.2760856881849714,-1.4507539138278935,1.1902778336197006,-0.12358065410923252,0.9576739027682956
2008-04-20 12:20:00+00:00,ME01,-0.8153348599780589,4.244215249425145,2.7095616802857547,-1.242478013016258,2.2760856881849714,-1.4507539138278935,1.1902778336197006,-0.12358065410923252,0.9576739027682956
2008-04-20 12:30:00+00:00,ME01,-0.6095813157025669,6.6250603767782845,3.1261039392459726,-1.242478013016258,2.2760856881849714,-1.4507539138278935,1.1902778336197006,-0.12358065410923252,0.9576739027682956
2008-04-20 12:40:00+00:00,ME01,-0.756574927632265,0.8396719770240741,3.6039716518351756,-1.242478013016258,2.2760856881849714,-1.4507539138278935,1.1902778336197006,-0.12358065410923252,0.9576739027682956
2008-04-20 12:50:00+00:00,ME01,-0.48732320775049515,2.9376879275603587,4.253929065383359,-1.242478013016258,2.2760856881849714,-1.4507539138278935,1.1902778336197006,-0.12358065410923252,0.9576739027682956
2008-04-20 13:00:00+00:00,ME01,-0.3804524913643493,1.6485272070794093,5.226725187206242,-1.881451881451884,2.654364888876106,-1.502637754017857,0.7935185234767126,-0.12358065410923252,0.9576739027682956
2008-04-20 13:10:00+00:00,ME01,-0.5184134842827264,-0.21974368092533836,4.254236418705162,-1.881451881451884,2.654364888876106,-1.502637754017857,0.7935185234767126,-0.12358065410923252,0.9576739027682956
2008-04-20 13:20:00+00:00,ME01,-0.8311531261003928,-0.21259465130441535,2.1468056802889492,-1.881451881451884,2.654364888876106,-1.502637754017857,0.7935185234767126,-0.12358065410923252,0.9576739027682956
2008-04-20 13:30:00+00:00,ME01,-0.737713287898271,-0.3930481038487059,3.1648268012044602,-1.881451881451884,2.654364888876106,-1.502637754017857,0.7935185234767126,-0.12358065410923252,0.9576739027682956
2008-04-20 13:40:00+00:00,ME01,-0.974770861266167,-0.4749515275746829,1.9028091002832925,-1.881451881451884,2.654364888876106,-1.502637754017857,0.7935185234767126,-0.12358065410923252,0.9576739027682956
2008-04-20 13:50:00+00:00,ME01,-0.900655627542983,-0.38509308949693244,1.8571276255082796,-1.881451881451884,2.654364888876106,-1.502637754017857,0.7935185234767126,-0.12358065410923252,0.9576739027682956
2008-04-20 14:00:00+00:00,ME01,-0.7899271910185833,-0.4335261174080295,1.8636014155299445,-1.8104652665559202,2.638977306865421,-1.6662715326180264,0.27773154614287077,-0.12358065410923252,0.9576739027682956
2008-04-20 14:10:00+00:00,ME01,-0.6791436105327093,1.5861838327444933,3.7311025577915338,-1.8104652665559202,2.638977306865421,-1.6662715326180264,0.27773154614287077,-0.12358065410923252,0.9576739027682956
2008-04-20 14:20:00+00:00,ME01,-0.9989028378585583,3.4531166572733674,0.9984768862081489,-1.8104652665559202,2.638977306865421,-1.6662715326180264,0.27773154614287077,-0.12358065410923252,0.9576739027682956
2008-04-20 14:30:00+00:00,ME01,-0.9195055999474999,-0.11456948809473569,0.3326543951562527,-1.8104652665559202,2.638977306865421,-1.6662715326180264,0.27773154614287077,-0.12358065410923252,0.9576739027682956
2008-04-20 14:40:00+00:00,ME01,-1.1025636039862508,0.10359886497536872,0.23821073820188152,-1.8104652665559202,2.638977306865421,-1.6662715326180264,0.27773154614287077,-0.12358065410923252,0.9576739027682956
2008-04-20 14:50:00+00:00,ME01,-1.0084863267934805,-0.4172875152088637,0.035680603716898705,-1.8104652665559202,2.638977306865421,-1.6662715326180264,0.27773154614287077,-0.12358065410923252,0.9576739027682956
2008-04-20 15:00:00+00:00,ME01,-0.8518168708386037,0.8016988599812479,1.6107724748882386,-2.023472278429788,2.424832852136948,-1.8179322031751235,-0.5157870741431054,-0.12358065410923252,0.9576739027682956
2008-04-20 15:10:00+00:00,ME01,-0.8972708344167699,1.6635337825305059,1.1654643090974448,-2.023472278429788,2.424832852136948,-1.8179322031751235,-0.5157870741431054,-0.12358065410923252,0.9576739027682956
2008-04-20 15:20:00+00:00,ME01,-0.9178677870871077,0.9824356177251831,0.7530110603194932,-2.023472278429788,2.424832852136948,-1.8179322031751235,-0.5157870741431054,-0.12358065410923252,0.9576739027682956
2008-04-20 15:30:00+00:00,ME01,-0.6884110158155913,5.001611574737906,1.8622039969425734,-2.023472278429788,2.424832852136948,-1.8179322031751235,-0.5157870741431054,-0.12358065410923252,0.9576739027682956
2008-04-20 15:40:00+00:00,ME01,-0.6403353589968591,0.6569649637841657,3.3110076780948687,-2.023472278429788,2.424832852136948,-1.8179322031751235,-0.5157870741431054,-0.12358065410923252,0.9576739027682956
2008-04-20 15:50:00+00:00,ME01,-0.5727301068034262,3.5292256489371043,3.5595988529674547,-2.023472278429788,2.424832852136948,-1.8179322031751235,-0.5157870741431054,-0.12358065410923252,0.9576739027682956
2008-04-20 16:00:00+00:00,ME01,-0.5428221365047468,3.4149973351637346,3.4672534211083095,-1.8578211212772142,2.2017122406711556,-1.8817894304105682,0.11902776400011736,-0.12358065410923252,0.9576739027682956
2008-04-20 16:10:00+00:00,ME01,-0.7007178868979799,1.9459200553823823,3.2656100517194786,-1.8578211212772142,2.2017122406711556,-1.8817894304105682,0.11902776400011736,-0.12358065410923252,0.9576739027682956
2008-04-20 16:20:00+00:00,ME01,-0.0455059653609896,11.59466410956222,4.981853121915343,-1.8578211212772142,2.2017122406711556,-1.8817894304105682,0.11902776400011736,-0.12358065410923252,0.9576739027682956
2008-04-20 16:30:00+00:00,ME01,-0.08379023485050036,0.7471751743966545,7.019663155443904,-1.8578211212772142,2.2017122406711556,-1.8817894304105682,0.11902776400011736,-0.12358065410923252,0.9576739027682956
2008-04-20 16:40:00+00:00,ME01,0.1743502682210241,1.8660761879012908,8.509954981304832,-1.8578211212772142,2.2017122406711556,-1.8817894304105682,0.11902776400011736,-0.12358065410923252,0.9576739027682956
2008-04-20 16:50:00+00:00,ME01,0.17760721370409432,4.171599366114269,8.29560270060252,-1.8578211212772142,2.2017122406711556,-1.8817894304105682,0.11902776400011736,-0.12358065410923252,0.9576739027682956
2008-04-20 17:00:00+00:00,ME01,-0.1366311089024668,2.8046503674537964,6.514700186214474,-1.6684448695780159,1.560561376679883,-1.9735840027473917,-0.6744907594765952,-0.12358065410923252,0.9576739027682956
2008-04-20 17:10:00+00:00,ME01,-0.03777702752892973,2.155624062582917,7.363206878327238,-1.6684448695780159,1.560561376679883,-1.9735840027473917,-0.6744907594765952,-0.12358065410923252,0.9576739027682956
2008-04-20 17:20:00+00:00,ME01,-0.14400300846350786,3.173283737222013,6.193699661825421,-1.6684448695780159,1.560561376679883,-1.9735840027473917,-0.6744907594765952,-0.12358065410923252,0.9576739027682956
2008-04-20 17:30:00+00:00,ME01,-0.26001507739625107,10.17176334008644,5.60966351161713,-1.6684448695780159,1.560561376679883,-1.9735840027473917,-0.6744907594765952,-0.12358065410923252,0.9576739027682956
2008-04-20 17:40:00+00:00,ME01,0.1662411100765378,6.8381840675306,7.951089149838608,-1.6684448695780159,1.560561376679883,-1.9735840027473917,-0.6744907594765952,-0.12358065410923252,0.9576739027682956
2008-04-20 17:50:00+00:00,ME01,1.1346268101287467,0.3866210154307345,12.807930690866469,-1.6684448695780159,1.560561376679883,-1.9735840027473917,-0.6744907594765952,-0.12358065410923252,0.9576739027682956
2008-04-20 18:00:00+00:00,ME01,2.4492834808091195,2.972952427490957,19.859317151792037,-1.6448141094033464,1.0591812509789238,-2.081342812142458,-0.6744907594765952,-0.12358065410923252,0.828954292181159
2008-04-20 18:10:00+00:00,ME01,1.7776434915612904,4.7081107196380065,17.526115307525778,-1.6448141094033464,1.0591812509789238,-2.081342812142458,-0.6744907594765952,-0.12358065410923252,0.828954292181159
2008-04-20 18:20:00+00:00,ME01,1.0540784757972357,0.977346802113687,13.342869654724618,-1.6448141094033464,1.0591812509789238,-2.081342812142458,-0.6744907594765952,-0.12358065410923252,0.828954292181159
2008-04-20 18:30:00+00:00,ME01,2.8055125245550037,5.104549079873901,21.44166323454937,-1.6448141094033464,1.0591812509789238,-2.081342812142458,-0.6744907594765952,-0.12358065410923252,0.828954292181159
2008-04-20 18:40:00+00:00,ME01,2.840695685897472,4.393353529454916,21.18534676652036,-1.6448141094033464,1.0591812509789238,-2.081342812142458,-0.6744907594765952,-0.12358065410923252,0.828954292181159
2008-04-20 18:50:00+00:00,ME01,3.788803610865715,3.4095176378942744,25.670177705290236,-1.6448141094033464,1.0591812509789238,-2.081342812142458,-0.6744907594765952,-0.12358065410923252,0.828954292181159
2008-04-20 19:00:00+00:00,ME01,5.167035438306697,1.313942275423496,32.993365316014405,-1.5264716397860891,0.6962899012228176,-1.905735925499153,-0.6744907594765952,-0.12358065410923252,0.828954292181159
2008-04-20 19:10:00+00:00,ME01,5.014040970004003,1.6892424665314636,32.03480069162811,-1.5264716397860891,0.6962899012228176,-1.905735925499153,-0.6744907594765952,-0.12358065410923252,0.828954292181159
2008-04-20 19:20:00+00:00,ME01,1.858177479129145,3.6425548813698225,17.23816735517391,-1.5264716397860891,0.6962899012228176,-1.905735925499153,-0.6744907594765952,-0.12358065410923252,0.828954292181159
2008-04-20 19:30:00+00:00,ME01,4.1113404315612785,2.0784241334947144,26.891756417651372,-1.5264716397860891,0.6962899012228176,-1.905735925499153,-0.6744907594765952,-0.12358065410923252,0.828954292181159
2008-04-20 19:40:00+00:00,ME01,4.422094088617547,5.212090510074367,28.449756505989306,-1.5264716397860891,0.6962899012228176,-1.905735925499153,-0.6744907594765952,-0.12358065410923252,0.828954292181159
2008-04-20 19:50:00+00:00,ME01,5.650551679468577,3.721009125490662,32.90351266498695,-1.5264716397860891,0.6962899012228176,-1.905735925499153,-0.6744907594765952,-0.12358065410923252,0.828954292181159
2008-04-20 20:00:00+00:00,ME01,3.2415578567411494,1.874671466220458,22.37224554522249,-1.502793712425442,0.4000780735130141,-1.8658251933522934,-0.6744907594765952,-0.12358065410923252,0.828954292181159
2008-04-20 20:10:00+00:00,ME01,3.7322526937717697,0.17264799770617487,20.300642579187087,-1.502793712425442,0.4000780735130141,-1.8658251933522934,-0.6744907594765952,-0.12358065410923252,0.828954292181159
2008-04-20 20:20:00+00:00,ME01,5.924970284741436,4.781280447088795,30.89242617530335,-1.502793712425442,0.4000780735130141,-1.8658251933522934,-0.6744907594765952,-0.12358065410923252,0.828954292181159
2008-04-20 20:30:00+00:00,ME01,4.319059454884591,3.195196862884265,23.36271666532559,-1.502793712425442,0.4000780735130141,-1.8658251933522934,-0.6744907594765952,-0.12358065410923252,0.828954292181159
2008-04-20 20:40:00+00:00,ME01,3.3201825041902726,0.7821801169123688,14.038557982128292,-1.502793712425442,0.4000780735130141,-1.8658251933522934,-0.6744907594765952,-0.12358065410923252,0.828954292181159
2008-04-20 20:50:00+00:00,ME01,2.9453689775346583,-0.1832266753446234,14.879891766814998,-1.502793712425442,0.4000780735130141,-1.8658251933522934,-0.6744907594765952,-0.12358065410923252,0.828954292181159
2008-04-20 21:00:00+00:00,ME01,4.348686376415919,-0.13779869886458262,25.41646028393357,-0.7454773743725589,0.2987764247115847,-1.917709033542257,-0.6744907594765952,-0.12358065410923252,0.828954292181159
2008-04-20 21:10:00+00:00,ME01,3.3612447857628327,2.072875984323766,18.534763251502277,-0.7454773743725589,0.2987764247115847,-1.917709033542257,-0.6744907594765952,-0.12358065410923252,0.828954292181159
2008-04-20 21:20:00+00:00,ME01,3.348470815265275,1.5282686785815491,19.185285272001043,-0.7454773743725589,0.2987764247115847,-1.917709033542257,-0.6744907594765952,-0.12358065410923252,0.828954292181159
2008-04-20 21:30:00+00:00,ME01,1.8996193303017348,-0.632943279106337,9.578788422240144,-0.7454773743725589,0.2987764247115847,-1.917709033542257,-0.6744907594765952,-0.12358065410923252,0.828954292181159
2008-04-20 21:40:00+00:00,ME01,2.1749165948310787,-0.7010367525965321,11.8251621375822,-0.7454773743725589,0.2987764247115847,-1.917709033542257,-0.6744907594765952,-0.12358065410923252,0.828954292181159
2008-04-20 21:50:00+00:00,ME01,4.503689856533709,3.1102619821120374,24.087870005537454,-0.7454773743725589,0.2987764247115847,-1.917709033542257,-0.6744907594765952,-0.12358065410923252,0.828954292181159
2008-04-20 22:00:00+00:00,ME01,4.678246466196424,1.4571888100802874,26.578103746467995,-0.958484386246427,0.43726493173209396,-2.1132712862590077,-0.6744907594765952,-0.12358065410923252,0.828954292181159
2008-04-20 22:10:00+00:00,ME01,4.635863919094229,2.6225144140487213,26.003632268491238,-0.958484386246427,0.43726493173209396,-2.1132712862590077,-0.6744907594765952,-0.12358065410923252,0.828954292181159
2008-04-20 22:20:00+00:00,ME01,3.897972023899963,-0.4938952856521713,21.597962404066404,-0.958484386246427,0.43726493173209396,-2.1132712862590077,-0.6744907594765952,-0.12358065410923252,0.828954292181159
2008-04-20 22:30:00+00:00,ME01,5.265045431236154,-0.4816747359942288,27.57637722838073,-0.958484386246427,0.43726493173209396,-2.1132712862590077,-0.6744907594765952,-0.12358065410923252,0.828954292181159
2008-04-20 22:40:00+00:00,ME01,5.603301429510373,2.5236908185197815,26.68863239378332,-0.958484386246427,0.43726493173209396,-2.1132712862590077,-0.6744907594765952,-0.12358065410923252,0.828954292181159
2008-04-20 22:50:00+00:00,ME01,4.5615537232131524,-0.5558044296282281,19.797512733196346,-0.958484386246427,0.43726493173209396,-2.1132712862590077,-0.6744907594765952,-0.12358065410923252,0.828954292181159
2008-04-20 23:00:00+00:00,ME01,4.0166149873781505,-0.6403266247957079,14.793637470967981,-0.5798262172199857,0.5065091852423481,-2.268923085831244,-0.6744907594765952,-0.12358065410923252,0.828954292181159
2008-04-20 23:10:00+00:00,ME01,4.3271821442971286,-0.26501038695584317,14.418268421665857,-0.5798262172199857,0.5065091852423481,-2.268923085831244,-0.6744907594765952,-0.12358065410923252,0.828954292181159
2008-04-20 23:20:00+00:00,ME01,4.47816575353545,-0.5216105881563677,13.650984476725368,-0.5798262172199857,0.5065091852423481,-2.268923085831244,-0.6744907594765952,-0.12358065410923252,0.828954292181159
2008-04-20 23:30:00+00:00,ME01,4.0847261531869625,-0.28544813291990345,12.516055662128554,-0.5798262172199857,0.5065091852423481,-2.268923085831244,-0.6744907594765952,-0.12358065410923252,0.828954292181159
2008-04-20 23:40:00+00:00,ME01,3.844193236755611,0.18951112756231095,8.81154716269143,-0.5798262172199857,0.5065091852423481,-2.268923085831244,-0.6744907594765952,-0.12358065410923252,0.828954292181159
2008-04-20 23:50:00+00:00,ME01,3.9794499995304156,0.44409821220232265,10.318573054833905,-0.5798262172199857,0.5065091852423481,-2.268923085831244,-0.6744907594765952,-0.12358065410923252,0.828954292181159
2008-04-21 00:00:00+00:00,ME01,3.728276050988811,-0.2167199861476983,9.838324856978154,-0.769155301733206,0.3654559467578868,-2.4046195193300663,-0.6744907594765952,-0.12358065410923252,0.7002346815940225
2008-04-21 00:10:00+00:00,ME01,3.7421795222123926,1.6316454514803187,9.682935282309538,-0.769155301733206,0.3654559467578868,-2.4046195193300663,-0.6744907594765952,-0.12358065410923252,0.7002346815940225
2008-04-21 00:20:00+00:00,ME01,3.9858952350093246,-0.45608572069894643,11.4658361550514,-0.769155301733206,0.3654559467578868,-2.4046195193300663,-0.6744907594765952,-0.12358065410923252,0.7002346815940225
2008-04-21 00:30:00+00:00,ME01,3.8484052877929824,-0.6206269768685481,11.440294172405183,-0.769155301733206,0.3654559467578868,-2.4046195193300663,-0.6744907594765952,-0.12358065410923252,0.7002346815940225
2008-04-21 00:40:00+00:00,ME01,3.5274773362660032,1.8552638071910892,9.698826739456038,-0.769155301733206,0.3654559467578868,-2.4046195193300663,-0.6744907594765952,-0.12358065410923252,0.7002346815940225
2008-04-21 00:50:00+00:00,ME01,3.6726029513992553,6.178165944125549,12.471815973891733,-0.769155301733206,0.3654559467578868,-2.4046195193300663,-0.6744907594765952,-0.12358065410923252,0.7002346815940225
2008-04-21 01:00:00+00:00,ME01,3.94935280179231,-0.09804476277159943,11.542385487216524,-0.7927860619078756,0.1705460367738554,-2.576235555960609,-0.6744907594765952,-0.12358065410923252,0.7002346815940225
2008-04-21 01:10:00+00:00,ME01,3.376933840853828,0.47953832756277687,9.647235379094047,-0.7927860619078756,0.1705460367738554,-2.576235555960609,-0.6744907594765952,-0.12358065410923252,0.7002346815940225
2008-04-21 01:20:00+00:00,ME01,3.358585948077371,-0.25555812573934394,10.505845578221926,-0.7927860619078756,0.1705460367738554,-2.576235555960609,-0.6744907594765952,-0.12358065410923252,0.7002346815940225
2008-04-21 01:30:00+00:00,ME01,4.003252050059541,1.8723479948971131,13.329479930161805,-0.7927860619078756,0.1705460367738554,-2.576235555960609,-0.6744907594765952,-0.12358065410923252,0.7002346815940225
2008-04-21 01:40:00+00:00,ME01,3.534654174038913,-0.27304121881053,10.058667328745658,-0.7927860619078756,0.1705460367738554,-2.576235555960609,-0.6744907594765952,-0.12358065410923252,0.7002346815940225
2008-04-21 01:50:00+00:00,ME01,3.4963175287357005,-0.5266025346877522,9.481223762477322,-0.7927860619078756,0.1705460367738554,-2.576235555960609,-0.6744907594765952,-0.12358065410923252,0.7002346815940225
2008-04-21 02:00:00+00:00,ME01,3.5977251507977113,-0.6579219269024191,12.357088418793198,-0.6271349047553024,0.07565581324579203,-2.5522890608720243,-0.6744907594765952,-0.12358065410923252,0.7002346815940225
2008-04-21 02:10:00+00:00,ME01,2.9172482827831376,-0.19300743905262596,9.885203202860982,-0.6271349047553024,0.07565581324579203,-2.5522890608720243,-0.6744907594765952,-0.12358065410923252,0.7002346815940225
2008-04-21 02:20:00+00:00,ME01,3.457644166507341,-0.6469040146007906,11.003535335148179,-0.6271349047553024,0.07565581324579203,-2.5522890608720243,-0.6744907594765952,-0.12358065410923252,0.7002346815940225
2008-04-21 02:30:00+00:00,ME01,3.0564025119631073,-0.7128126738946857,11.35262005303254,-0.6271349047553024,0.07565581324579203,-2.5522890608720243,-0.6744907594765952,-0.12358065410923252,0.7002346815940225
2008-04-21 02:40:00+00:00,ME01,3.0807144993843467,-0.5631397842935275,10.33987785281069,-0.6271349047553024,0.07565581324579203,-2.5522890608720243,-0.6744907594765952,-0.12358065410923252,0.7002346815940225
2008-04-21 02:50:00+00:00,ME01,2.998425501729728,-0.6083798119492688,11.662688185293533,-0.6271349047553024,0.07565581324579203,-2.5522890608720243,-0.6744907594765952,-0.12358065410923252,0.7002346815940225
2008-04-21 03:00:00+00:00,ME01,2.750734410658011,-0.6285771499875187,11.79672200037802,-0.41412789288143376,0.03718672375690799,-2.7278962265177062,-0.6744907594765952,-0.12358065410923252,0.7002346815940225
2008-04-21 03:10:00+00:00,ME01,2.121810126716657,-0.5232707736991151,2.8369411703862406,-0.41412789288143376,0.03718672375690799,-2.7278962265177062,-0.6744907594765952,-0.12358065410923252,0.7002346815940225
2008-04-21 03:20:00+00:00,ME01,2.44851117849546,2.6985447571552066,-0.10811279936117715,-0.41412789288143376,0.03718672375690799,-2.7278962265177062,-0.6744907594765952,-0.12358065410923252,0.7002346815940225
2008-04-21 03:30:00+00:00,ME01,2.153274046792383,3.3571099564540106,2.3679826397428125,-0.41412789288143376,0.03718672375690799,-2.7278962265177062,-0.6744907594765952,-0.12358065410923252,0.7002346815940225
2008-04-21 03:40:00+00:00,ME01,1.9975032330891167,0.33102752965760135,2.210732720052739,-0.41412789288143376,0.03718672375690799,-2.7278962265177062,-0.6744907594765952,-0.12358065410923252,0.7002346815940225
2008-04-21 03:50:00+00:00,ME01,1.7300132158930535,1.7397901987084872,2.834634436387438,-0.41412789288143376,0.03718672375690799,-2.7278962265177062,-0.6744907594765952,-0.12358065410923252,0.7002346815940225
2008-04-21 04:00:00+00:00,ME01,1.196195384743677,1.6014120071424647,3.4268509065733617,-0.6508128321159481,-0.17054603677385588,-2.815699669839327,-0.6348148381432227,-0.12358065410923252,0.7002346815940225
2008-04-21 04:10:00+00:00,ME01,1.1174303590734609,2.434677808561039,1.0933019950676535,-0.6508128321159481,-0.17054603677385588,-2.815699669839327,-0.6348148381432227,-0.12358065410923252,0.7002346815940225
2008-04-21 04:20:00+00:00,ME01,1.0019864967010472,4.707531250831305,-0.21346101295934422,-0.6508128321159481,-0.17054603677385588,-2.815699669839327,-0.6348148381432227,-0.12358065410923252,0.7002346815940225
2008-04-21 04:30:00+00:00,ME01,0.8688422946468162,2.3594981585357186,-0.30074291495048133,-0.6508128321159481,-0.17054603677385588,-2.815699669839327,-0.6348148381432227,-0.12358065410923252,0.7002346815940225
2008-04-21 04:40:00+00:00,ME01,0.8038346153248723,-0.7103315160900645,-0.37943083247264964,-0.6508128321159481,-0.17054603677385588,-2.815699669839327,-0.6348148381432227,-0.12358065410923252,0.7002346815940225
2008-04-21 04:50:00+00:00,ME01,0.7806716129279322,-0.6054373156899597,-0.09452233419974718,-0.6508128321159481,-0.17054603677385588,-2.815699669839327,-0.6348148381432227,-0.12358065410923252,0.7002346815940225
2008-04-21 05:00:00+00:00,ME01,0.9263431562648442,4.911988897415371,-0.11522687353269298,-0.4378058202420808,-0.04616288049422752,-2.7199139684873646,-0.6744907594765952,-0.12358065410923252,0.7002346815940225
2008-04-21 05:10:00+00:00,ME01,0.7727059138832009,2.501059923146453,-0.09887074507400309,-0.4378058202420808,-0.04616288049422752,-2.7199139684873646,-0.6744907594765952,-0.12358065410923252,0.7002346815940225
2008-04-21 05:20:00+00:00,ME01,0.8628537005893622,2.284558894733977,-0.007127707394214094,-0.4378058202420808,-0.04616288049422752,-2.7199139684873646,-0.6744907594765952,-0.12358065410923252,0.7002346815940225
2008-04-21 05:30:00+00:00,ME01,1.2720258333409853,4.31088534051348,0.9317597438350352,-0.4378058202420808,-0.04616288049422752,-2.7199139684873646,-0.6744907594765952,-0.12358065410923252,0.7002346815940225
2008-04-21 05:40:00+00:00,ME01,1.086774018003705,0.26984200737538083,-0.21449946751060764,-0.4378058202420808,-0.04616288049422752,-2.7199139684873646,-0.6744907594765952,-0.12358065410923252,0.7002346815940225
2008-04-21 05:50:00+00:00,ME01,1.014327668092988,-0.2441724054431156,0.07225730003078298,-0.4378058202420808,-0.04616288049422752,-2.7199139684873646,-0.6744907594765952,-0.12358065410923252,0.7002346815940225
2008-04-21 06:00:00+00:00,ME01,1.1421039207162424,1.5018536353850762,0.052766103867107526,-0.6271349047553024,0.31929320072583117,-2.628119396150541,-0.6744907594765952,-0.12358065410923252,0.5715150710068859
2008-04-21 06:10:00+00:00,ME01,1.1013792743617066,-0.463715782926385,0.7014835767957004,-0.6271349047553024,0.31929320072583117,-2.628119396150541,-0.6744907594765952,-0.12358065410923252,0.5715150710068859
2008-04-21 06:20:00+00:00,ME01,1.0162335551827022,1.205666343889828,0.290499756725485,-0.6271349047553024,0.31929320072583117,-2.628119396150541,-0.6744907594765952,-0.12358065410923252,0.5715150710068859
2008-04-21 06:30:00+00:00,ME01,0.8880249180355686,1.1770954702087335,0.5426446707338,-0.6271349047553024,0.31929320072583117,-2.628119396150541,-0.6744907594765952,-0.12358065410923252,0.5715150710068859
2008-04-21 06:40:00+00:00,ME01,0.7950917607926878,1.9615247216842668,0.03759670032217061,-0.6271349047553024,0.31929320072583117,-2.628119396150541,-0.6744907594765952,-0.12358065410923252,0.5715150710068859
2008-04-21 06:50:00+00:00,ME01,0.7272296601240803,-0.27960371082226143,0.30631675957869836,-0.6271349047553024,0.31929320072583117,-2.628119396150541,-0.6744907594765952,-0.12358065410923252,0.5715150710068859
2008-04-21 07:00:00+00:00,ME01,0.7728012952862965,1.295721729377647,0.43090731588483,-0.46148374760272787,0.7398881847152645,-2.5522890608720243,0.35708338880961554,-0.12358065410923252,0.5715150710068859
2008-04-21 07:10:00+00:00,ME01,0.6224462209419209,7.793094476919012,0.2038712450352667,-0.46148374760272787,0.7398881847152645,-2.5522890608720243,0.35708338880961554,-0.12358065410923252,0.5715150710068859
2008-04-21 07:20:00+00:00,ME01,0.7933041463183195,-0.5539779422303401,0.2873016315154571,-0.46148374760272787,0.7398881847152645,-2.5522890608720243,0.35708338880961554,-0.12358065410923252,0.5715150710068859
2008-04-21 07:30:00+00:00,ME01,0.606989775853273,-0.5416993068387085,0.14472367029138214,-0.46148374760272787,0.7398881847152645,-2.5522890608720243,0.35708338880961554,-0.12358065410923252,0.5715150710068859
2008-04-21 07:40:00+00:00,ME01,0.7192561039151547,-0.5394120104962853,0.5878655385955379,-0.46148374760272787,0.7398881847152645,-2.5522890608720243,0.35708338880961554,-0.12358065410923252,0.5715150710068859
2008-04-21 07:50:00+00:00,ME01,1.0259373155621723,15.640412380498493,0.477329287656491,-0.46148374760272787,0.7398881847152645,-2.5522890608720243,0.35708338880961554,-0.12358065410923252,0.5715150710068859
2008-04-21 08:00:00+00:00,ME01,0.6700816582725632,-0.502908735981488,0.19756578324653523,-0.6508128321159481,1.0950858779281991,-2.2888784519046896,-0.6744907594765952,-0.12358065410923252,0.5715150710068859
2008-04-21 08:10:00+00:00,ME01,0.7663505504297023,0.19156705393659323,0.7913546335279269,-0.6508128321159481,1.0950858779281991,-2.2888784519046896,-0.6744907594765952,-0.12358065410923252,0.5715150710068859
2008-04-21 08:20:00+00:00,ME01,0.7822044624910037,-0.2163687111574986,0.47285510062604724,-0.6508128321159481,1.0950858779281991,-2.2888784519046896,-0.6744907594765952,-0.12358065410923252,0.5715150710068859
2008-04-21 08:30:00+00:00,ME01,0.5921302576848264,-0.4913025256631562,0.20844363416410064,-0.6508128321159481,1.0950858779281991,-2.2888784519046896,-0.6744907594765952,-0.12358065410923252,0.5715150710068859
2008-04-21 08:40:00+00:00,ME01,0.7532671752315364,-0.36699783183415635,0.48212904411040036,-0.6508128321159481,1.0950858779281991,-2.2888784519046896,-0.6744907594765952,-0.12358065410923252,0.5715150710068859
2008-04-21 08:50:00+00:00,ME01,0.766806402585641,-0.3773746557959619,1.3839417218707548,-0.6508128321159481,1.0950858779281991,-2.2888784519046896,-0.6744907594765952,-0.12358065410923252,0.5715150710068859
2008-04-21 09:00:00+00:00,ME01,0.6374354638311855,1.1846834282334944,0.29669309059877136,-0.41412789288143376,1.4541302649505479,-2.093316199187939,0.5951389168098503,-0.12358065410923252,0.5715150710068859
2008-04-21 09:10:00+00:00,ME01,0.5694439749565036,1.1571770771816856,0.28950502128001576,-0.41412789288143376,1.4541302649505479,-2.093316199187939,0.5951389168098503,-0.12358065410923252,0.5715150710068859
2008-04-21 09:20:00+00:00,ME01,0.6350489776787666,-0.5250761207355888,0.3073032505896536,-0.41412789288143376,1.4541302649505479,-2.093316199187939,0.5951389168098503,-0.12358065410923252,0.5715150710068859
2008-04-21 09:30:00+00:00,ME01,0.420225871835674,0.39426497161264307,0.8535458226594432,-0.41412789288143376,1.4541302649505479,-2.093316199187939,0.5951389168098503,-0.12358065410923252,0.5715150710068859
2008-04-21 09:40:00+00:00,ME01,0.6056054571999224,5.367846857303899,0.31979437865077975,-0.41412789288143376,1.4541302649505479,-2.093316199187939,0.5951389168098503,-0.12358065410923252,0.5715150710068859
2008-04-21 09:50:00+00:00,ME01,0.49442323003405675,-0.28275265376578446,0.4030553743660925,-0.41412789288143376,1.4541302649505479,-2.093316199187939,0.5951389168098503,-0.12358065410923252,0.5715150710068859
2008-04-21 10:00:00+00:00,ME01,0.3798446777873415,-0.46975503506556865,0.24502254232602924,-0.8164639892685227,1.6913562271572216,-2.109280436246214,1.309305597619818,-0.12358065410923252,0.5715150710068859
2008-04-21 10:10:00+00:00,ME01,0.5830988364778703,-0.41040393441060163,0.4158624745627875,-0.8164639892685227,1.6913562271572216,-2.109280436246214,1.309305597619818,-0.12358065410923252,0.5715150710068859
2008-04-21 10:20:00+00:00,ME01,0.48720281760158224,2.8021113778794713,0.18125594316998636,-0.8164639892685227,1.6913562271572216,-2.109280436246214,1.309305597619818,-0.12358065410923252,0.5715150710068859
2008-04-21 10:30:00+00:00,ME01,0.583004741826574,-0.19863734258711901,0.4158731939529391,-0.8164639892685227,1.6913562271572216,-2.109280436246214,1.309305597619818,-0.12358065410923252,0.5715150710068859
2008-04-21 10:40:00+00:00,ME01,0.5859895494825507,-0.5833694582986619,0.29840887041778685,-0.8164639892685227,1.6913562271572216,-2.109280436246214,1.309305597619818,-0.12358065410923252,0.5715150710068859
2008-04-21 10:50:00+00:00,ME01,0.49644838586527384,-0.4296389803949208,0.06140609085372708,-0.8164639892685227,1.6913562271572216,-2.109280436246214,1.309305597619818,-0.12358065410923252,0.5715150710068859
2008-04-21 11:00:00+00:00,ME01,0.5763285020806665,-0.427917186938561,0.17751069128804564,-1.147813470759648,1.8311269654475348,-2.093316199187939,2.301203824572656,-0.12358065410923252,0.5715150710068859
2008-04-21 11:10:00+00:00,ME01,0.7760572867900323,-0.2677155166269026,0.19912370306526883,-1.147813470759648,1.8311269654475348,-2.093316199187939,2.301203824572656,-0.12358065410923252,0.5715150710068859
2008-04-21 11:20:00+00:00,ME01,0.6625845934339714,-0.41764167241768424,0.08371987727710775,-1.147813470759648,1.8311269654475348,-2.093316199187939,2.301203824572656,-0.12358065410923252,0.5715150710068859
2008-04-21 11:30:00+00:00,ME01,0.6839623391531857,-0.32114148977512863,0.1313120166545087,-1.147813470759648,1.8311269654475348,-2.093316199187939,2.301203824572656,-0.12358065410923252,0.5715150710068859
2008-04-21 11:40:00+00:00,ME01,1.0309614918776115,-0.22480995169106002,0.044905490893369364,-1.147813470759648,1.8311269654475348,-2.093316199187939,2.301203824572656,-0.12358065410923252,0.5715150710068859
2008-04-21 11:50:00+00:00,ME01,0.964435690598103,-0.4357196252656564,0.23945045988670202,-1.147813470759648,1.8311269654475348,-2.093316199187939,2.301203824572656,-0.12358065410923252,0.5715150710068859
2008-04-21 12:00:00+00:00,ME01,1.077713179540317,-0.40814908057886473,0.31671767210747026,-0.958484386246427,1.6913562271572216,-2.2409857407298652,-0.6744907594765952,-0.12358065410923252,0.44279546041974943
2008-04-21 12:10:00+00:00,ME01,1.0729547664662173,-0.18829697043596103,0.28628180866411285,-0.958484386246427,1.6913562271572216,-2.2409857407298652,-0.6744907594765952,-0.12358065410923252,0.44279546041974943
2008-04-21 12:20:00+00:00,ME01,1.2197400165141528,-0.19297488069939878,0.10984934599818943,-0.958484386246427,1.6913562271572216,-2.2409857407298652,-0.6744907594765952,-0.12358065410923252,0.44279546041974943
2008-04-21 12:30:00+00:00,ME01,1.152066528894753,-0.23907880644876967,0.3738685665435458,-0.958484386246427,1.6913562271572216,-2.2409857407298652,-0.6744907594765952,-0.12358065410923252,0.44279546041974943
2008-04-21 12:40:00+00:00,ME01,1.3471112857500738,5.159467462315571,0.2935052497211933,-0.958484386246427,1.6913562271572216,-2.2409857407298652,-0.6744907594765952,-0.12358065410923252,0.44279546041974943
2008-04-21 12:50:00+00:00,ME01,1.2702519930632326,-0.24064085884287098,0.19632337946210818,-0.958484386246427,1.6913562271572216,-2.2409857407298652,-0.6744907594765952,-0.12358065410923252,0.44279546041974943
2008-04-21 13:00:00+00:00,ME01,1.33017826977938,-0.18320385695669417,0.021390373533722532,-1.6684448695780159,1.7913756446888462,-2.233003482699555,1.1109259909529559,-0.12358065410923252,0.44279546041974943
2008-04-21 13:10:00+00:00,ME01,1.5303156928130264,-0.246346130190771,0.05011502268358153,-1.6684448695780159,1.7913756446888462,-2.233003482699555,1.1109259909529559,-0.12358065410923252,0.44279546041974943
2008-04-21 13:20:00+00:00,ME01,1.4148317888864381,-0.17319993202800626,-0.169398097181348,-1.6684448695780159,1.7913756446888462,-2.233003482699555,1.1109259909529559,-0.12358065410923252,0.44279546041974943
2008-04-21 13:30:00+00:00,ME01,1.276035363218556,-0.29265201425373244,0.14781176524434572,-1.6684448695780159,1.7913756446888462,-2.233003482699555,1.1109259909529559,-0.12358065410923252,0.44279546041974943
2008-04-21 13:40:00+00:00,ME01,1.2696206075794192,-0.18900663927149458,0.007639229868093166,-1.6684448695780159,1.7913756446888462,-2.233003482699555,1.1109259909529559,-0.12358065410923252,0.44279546041974943
2008-04-21 13:50:00+00:00,ME01,1.302401149525114,-0.2508044428221567,0.025310454242201866,-1.6684448695780159,1.7913756446888462,-2.233003482699555,1.1109259909529559,-0.12358065410923252,0.44279546041974943
2008-04-21 14:00:00+00:00,ME01,1.4269801329277927,-0.2233593686371707,-0.01733744604627883,-2.0707809659651044,1.9939794801403916,-2.3048426889629328,1.3489815189531904,-0.12358065410923252,0.44279546041974943
2008-04-21 14:10:00+00:00,ME01,1.3265577762970333,-0.0619778107605121,0.22766072620390315,-2.0707809659651044,1.9939794801403916,-2.3048426889629328,1.3489815189531904,-0.12358065410923252,0.44279546041974943
2008-04-21 14:20:00+00:00,ME01,1.4457401259684304,-0.19537027716771896,0.3357440485499639,-2.0707809659651044,1.9939794801403916,-2.3048426889629328,1.3489815189531904,-0.12358065410923252,0.44279546041974943
2008-04-21 14:30:00+00:00,ME01,1.2987035722388915,3.317960608687093,0.3480453933525064,-2.0707809659651044,1.9939794801403916,-2.3048426889629328,1.3489815189531904,-0.12358065410923252,0.44279546041974943
2008-04-21 14:40:00+00:00,ME01,1.2844491277363494,-0.047536985410939266,0.006865807826241643,-2.0707809659651044,1.9939794801403916,-2.3048426889629328,1.3489815189531904,-0.12358065410923252,0.44279546041974943
2008-04-21 14:50:00+00:00,ME01,1.0177219910546835,1.6213689979025163,0.14733292586389243,-2.0707809659651044,1.9939794801403916,-2.3048426889629328,1.3489815189531904,-0.12358065410923252,0.44279546041974943
2008-04-21 15:00:00+00:00,ME01,1.2108929068019385,-0.0358466157355315,0.24990532079378497,-2.0707809659651044,1.8772899804039338,-2.268923085831244,1.7854167504295508,-0.12358065410923252,0.44279546041974943
2008-04-21 15:10:00+00:00,ME01,1.3346319251488308,-0.054431141515017614,0.04701974990860984,-2.0707809659651044,1.8772899804039338,-2.268923085831244,1.7854167504295508,-0.12358065410923252,0.44279546041974943
2008-04-21 15:20:00+00:00,ME01,1.0648134918649994,0.0804868640798436,-0.09128101684601149,-2.0707809659651044,1.8772899804039338,-2.268923085831244,1.7854167504295508,-0.12358065410923252,0.44279546041974943
2008-04-21 15:30:00+00:00,ME01,1.1926794521522,0.1868912359414709,0.20100887899524025,-2.0707809659651044,1.8772899804039338,-2.268923085831244,1.7854167504295508,-0.12358065410923252,0.44279546041974943
2008-04-21 15:40:00+00:00,ME01,1.0455495189192359,4.824072081877326,-0.1484347856951507,-2.0707809659651044,1.8772899804039338,-2.268923085831244,1.7854167504295508,-0.12358065410923252,0.44279546041974943
2008-04-21 15:50:00+00:00,ME01,0.9709093613065757,-0.11290693097922852,-0.048631155523992595,-2.0707809659651044,1.8772899804039338,-2.268923085831244,1.7854167504295508,-0.12358065410923252,0.44279546041974943
2008-04-21 16:00:00+00:00,ME01,0.9308007447290156,-0.021660603777703673,-0.03675264345937369,-1.1241355433990008,1.6759683762221926,-2.252958848773001,1.706064907762806,-0.12358065410923252,0.44279546041974943
2008-04-21 16:10:00+00:00,ME01,1.0447685845469052,0.4022689231730332,0.5855244333708275,-1.1241355433990008,1.6759683762221926,-2.252958848773001,1.706064907762806,-0.12358065410923252,0.44279546041974943
2008-04-21 16:20:00+00:00,ME01,0.8276047989696718,-0.14573167620550384,0.14279408857460066,-1.1241355433990008,1.6759683762221926,-2.252958848773001,1.706064907762806,-0.12358065410923252,0.44279546041974943
2008-04-21 16:30:00+00:00,ME01,0.853577968808866,0.09415406332890286,-0.0769996750396792,-1.1241355433990008,1.6759683762221926,-2.252958848773001,1.706064907762806,-0.12358065410923252,0.44279546041974943
2008-04-21 16:40:00+00:00,ME01,0.9091292751252539,0.1306747432124086,-0.10836983244171883,-1.1241355433990008,1.6759683762221926,-2.252958848773001,1.706064907762806,-0.12358065410923252,0.44279546041974943
2008-04-21 16:50:00+00:00,ME01,0.7653726569677152,0.026530269445547046,-0.04376535364379471,-1.1241355433990008,1.6759683762221926,-2.252958848773001,1.706064907762806,-0.12358065410923252,0.44279546041974943
2008-04-21 17:00:00+00:00,ME01,0.8056389409267578,0.0942802020163952,-0.1888022783864006,-0.958484386246427,1.0989325717376135,-2.280896472876725,5.356250251288653,-0.12358065410923252,0.44279546041974943
2008-04-21 17:10:00+00:00,ME01,0.827472979315004,-0.17140604455309946,0.20672866458668032,-0.958484386246427,1.0989325717376135,-2.280896472876725,5.356250251288653,-0.12358065410923252,0.44279546041974943
2008-04-21 17:20:00+00:00,ME01,0.7637334800617098,-0.05507415898317418,0.10149997716740863,-0.958484386246427,1.0989325717376135,-2.280896472876725,5.356250251288653,-0.12358065410923252,0.44279546041974943
2008-04-21 17:30:00+00:00,ME01,0.7215439038651585,4.4474277012419305,-0.04363282097512787,-0.958484386246427,1.0989325717376135,-2.280896472876725,5.356250251288653,-0.12358065410923252,0.44279546041974943
2008-04-21 17:40:00+00:00,ME01,0.6476790742103199,1.5338643821953113,-0.04741351412855311,-0.958484386246427,1.0989325717376135,-2.280896472876725,5.356250251288653,-0.12358065410923252,0.44279546041974943
2008-04-21 17:50:00+00:00,ME01,0.6285775015695513,0.10819384900527505,0.032109788085736134,-0.958484386246427,1.0989325717376135,-2.280896472876725,5.356250251288653,-0.12358065410923252,0.44279546041974943
2008-04-21 18:00:00+00:00,ME01,0.41313854871729017,0.03742164573740017,-0.009513196185791854,-0.36681920534611706,0.5937057522272409,-2.1611642764361774,5.237222487288535,-0.12358065410923252,0.3140758498326129
2008-04-21 18:10:00+00:00,ME01,0.5853967547166091,3.4780858144050426,0.24876178611075303,-0.36681920534611706,0.5937057522272409,-2.1611642764361774,5.237222487288535,-0.12358065410923252,0.3140758498326129
2008-04-21 18:20:00+00:00,ME01,0.3840058425463099,0.5577096496023811,-0.3052389775923103,-0.36681920534611706,0.5937057522272409,-2.1611642764361774,5.237222487288535,-0.12358065410923252,0.3140758498326129
2008-04-21 18:30:00+00:00,ME01,0.5126059317981204,-0.01756503275945168,-0.1989011082028095,-0.36681920534611706,0.5937057522272409,-2.1611642764361774,5.237222487288535,-0.12358065410923252,0.3140758498326129
2008-04-21 18:40:00+00:00,ME01,0.5385148778535958,15.725535562391473,-0.474681103272876,-0.36681920534611706,0.5937057522272409,-2.1611642764361774,5.237222487288535,-0.12358065410923252,0.3140758498326129
2008-04-21 18:50:00+00:00,ME01,0.3843728134151417,3.2926152048939867,-0.6691653322119404,-0.36681920534611706,0.5937057522272409,-2.1611642764361774,5.237222487288535,-0.12358065410923252,0.3140758498326129
2008-04-21 19:00:00+00:00,ME01,0.29516510732312345,0.7647954259338611,-0.5425600827195485,-0.982162313607074,0.1666993429644415,-2.069369704099354,1.8250926717629234,-0.12358065410923252,0.3140758498326129
2008-04-21 19:10:00+00:00,ME01,0.30140505088854597,-0.026992705850498087,-0.6470641900177797,-0.982162313607074,0.1666993429644415,-2.069369704099354,1.8250926717629234,-0.12358065410923252,0.3140758498326129
2008-04-21 19:20:00+00:00,ME01,0.24158805261402624,-0.024620427719357612,-0.8631541803819923,-0.982162313607074,0.1666993429644415,-2.069369704099354,1.8250926717629234,-0.12358065410923252,0.3140758498326129
2008-04-21 19:30:00+00:00,ME01,0.4086965041945164,0.18150722611774153,-0.8172797583640053,-0.982162313607074,0.1666993429644415,-2.069369704099354,1.8250926717629234,-0.12358065410923252,0.3140758498326129
2008-04-21 19:40:00+00:00,ME01,0.36254672366262547,0.5940328140290645,-0.9556560410741252,-0.982162313607074,0.1666993429644415,-2.069369704099354,1.8250926717629234,-0.12358065410923252,0.3140758498326129
2008-04-21 19:50:00+00:00,ME01,0.34247573414419974,1.2817073041147071,-0.8639522706903018,-0.982162313607074,0.1666993429644415,-2.069369704099354,1.8250926717629234,-0.12358065410923252,0.3140758498326129
2008-04-21 20:00:00+00:00,ME01,0.3677457014634255,0.2223901724829534,-0.9466103784014929,-0.6271349047553024,-0.42315958099121403,-1.9695928737322206,-0.6744907594765952,-0.12358065410923252,0.3140758498326129
2008-04-21 20:10:00+00:00,ME01,0.22597470839944617,0.39017838554083323,-1.0368411699613491,-0.6271349047553024,-0.42315958099121403,-1.9695928737322206,-0.6744907594765952,-0.12358065410923252,0.3140758498326129
2008-04-21 20:20:00+00:00,ME01,0.20818762106542774,2.371988804204302,-1.0990225230137598,-0.6271349047553024,-0.42315958099121403,-1.9695928737322206,-0.6744907594765952,-0.12358065410923252,0.3140758498326129
2008-04-21 20:30:00+00:00,ME01,0.22191426721041319,0.6109909118550901,-1.0539557599005063,-0.6271349047553024,-0.42315958099121403,-1.9695928737322206,-0.6744907594765952,-0.12358065410923252,0.3140758498326129
2008-04-21 20:40:00+00:00,ME01,0.2030424569643436,0.7884139847070019,-1.1827216761774308,-0.6271349047553024,-0.42315958099121403,-1.9695928737322206,-0.6744907594765952,-0.12358065410923252,0.3140758498326129
2008-04-21 20:50:00+00:00,ME01,0.29226396781147124,-0.2807510861893406,-1.1546224142465833,-0.6271349047553024,-0.42315958099121403,-1.9695928737322206,-0.6744907594765952,-0.12358065410923252,0.3140758498326129
2008-04-21 21:00:00+00:00,ME01,0.21283739380759484,0.0023518801312401106,-1.1958583471863613,-0.41412789288143376,-0.6757731252085717,-1.9975304978359765,0.6744907594765952,-0.12358065410923252,0.3140758498326129
2008-04-21 21:10:00+00:00,ME01,0.1403198608466392,0.9386685827414005,-1.1605953856114755,-0.41412789288143376,-0.6757731252085717,-1.9975304978359765,0.6744907594765952,-0.12358065410923252,0.3140758498326129
2008-04-21 21:20:00+00:00,ME01,0.08731310549540633,0.4318339680332528,-1.0754489194097243,-0.41412789288143376,-0.6757731252085717,-1.9975304978359765,0.6744907594765952,-0.12358065410923252,0.3140758498326129
2008-04-21 21:30:00+00:00,ME01,0.0026443295654035234,0.4026285462191833,-1.1781990812213128,-0.41412789288143376,-0.6757731252085717,-1.9975304978359765,0.6744907594765952,-0.12358065410923252,0.3140758498326129
2008-04-21 21:40:00+00:00,ME01,0.024047958826229707,-0.3173069422339866,-1.2930123395099102,-0.41412789288143376,-0.6757731252085717,-1.9975304978359765,0.6744907594765952,-0.12358065410923252,0.3140758498326129
2008-04-21 21:50:00+00:00,ME01,-0.12085025162051974,-0.047370388844805496,-1.3312818170076965,-0.41412789288143376,-0.6757731252085717,-1.9975304978359765,0.6744907594765952,-0.12358065410923252,0.3140758498326129
2008-04-21 22:00:00+00:00,ME01,-0.17674327025896874,-0.15997438589590265,-1.4075093123021387,-0.4378058202420808,-0.7604049607295114,-2.0294589719524945,-0.07935184266674487,-0.12358065410923252,0.3140758498326129
2008-04-21 22:10:00+00:00,ME01,-0.15876590492984652,0.016505796578276454,-1.290522247771658,-0.4378058202420808,-0.7604049607295114,-2.0294589719524945,-0.07935184266674487,-0.12358065410923252,0.3140758498326129
2008-04-21 22:20:00+00:00,ME01,-0.08579211763364661,-0.10198071963958541,-1.251990445736038,-0.4378058202420808,-0.7604049607295114,-2.0294589719524945,-0.07935184266674487,-0.12358065410923252,0.3140758498326129
2008-04-21 22:30:00+00:00,ME01,-0.025696129526857025,0.9195131536038682,-0.9177829935734441,-0.4378058202420808,-0.7604049607295114,-2.0294589719524945,-0.07935184266674487,-0.12358065410923252,0.3140758498326129
2008-04-21 22:40:00+00:00,ME01,0.058298684946409274,-0.30422378763254504,-1.3686316104715954,-0.4378058202420808,-0.7604049607295114,-2.0294589719524945,-0.07935184266674487,-0.12358065410923252,0.3140758498326129
2008-04-21 22:50:00+00:00,ME01,0.10598505909079664,-0.2551319934449018,-0.656451713596042,-0.4378058202420808,-0.7604049607295114,-2.0294589719524945,-0.07935184266674487,-0.12358065410923252,0.3140758498326129
2008-04-21 23:00:00+00:00,ME01,0.016639732183249514,-0.39176836109362795,-0.537302584996941,-0.22479880836821345,-0.20773289499293576,-1.885780559425739,-0.5951389168098503,-0.12358065410923252,0.3140758498326129
2008-04-21 23:10:00+00:00,ME01,-0.04614353542798384,0.7883212431834192,-0.4528919531295238,-0.22479880836821345,-0.20773289499293576,-1.885780559425739,-0.5951389168098503,-0.12358065410923252,0.3140758498326129
2008-04-21 23:20:00+00:00,ME01,-0.14169342066237348,-0.39839595050101023,-1.286629754630419,-0.22479880836821345,-0.20773289499293576,-1.885780559425739,-0.5951389168098503,-0.12358065410923252,0.3140758498326129
2008-04-21 23:30:00+00:00,ME01,-0.1720828326966793,-0.2931063704368222,-1.3487076056872729,-0.22479880836821345,-0.20773289499293576,-1.885780559425739,-0.5951389168098503,-0.12358065410923252,0.3140758498326129
2008-04-21 23:40:00+00:00,ME01,-0.23687238278312667,-0.134135693875067,-1.4452290701641661,-0.22479880836821345,-0.20773289499293576,-1.885780559425739,-0.5951389168098503,-0.12358065410923252,0.3140758498326129
2008-04-21 23:50:00+00:00,ME01,-0.3495168422826415,-0.2036625032743765,-1.3644595311916639,-0.22479880836821345,-0.20773289499293576,-1.885780559425739,-0.5951389168098503,-0.12358065410923252,0.3140758498326129
2008-04-22 00:00:00+00:00,ME01,-0.385442371269728,2.9927345437718507,-1.4374448262191866,-0.6271349047553024,-0.47829848376058826,-1.8338964402333984,0.9918982269528381,-0.12358065410923252,0.18535623924547634
2008-04-22 00:10:00+00:00,ME01,-0.4354172005563032,2.0775237204697246,-1.443478481331269,-0.6271349047553024,-0.47829848376058826,-1.8338964402333984,0.9918982269528381,-0.12358065410923252,0.18535623924547634
2008-04-22 00:20:00+00:00,ME01,-0.49203142788971516,-0.33341797191636025,-1.4676341525829335,-0.6271349047553024,-0.47829848376058826,-1.8338964402333984,0.9918982269528381,-0.12358065410923252,0.18535623924547634
2008-04-22 00:30:00+00:00,ME01,-0.503219769543907,-0.4498729444858104,-1.5012285678386679,-0.6271349047553024,-0.47829848376058826,-1.8338964402333984,0.9918982269528381,-0.12358065410923252,0.18535623924547634
2008-04-22 00:40:00+00:00,ME01,-0.4343611916206751,4.069453533211513,-1.4648144907023817,-0.6271349047553024,-0.47829848376058826,-1.8338964402333984,0.9918982269528381,-0.12358065410923252,0.18535623924547634
2008-04-22 00:50:00+00:00,ME01,-0.42643018752006856,0.8197063304478271,-1.445985980048514,-0.6271349047553024,-0.47829848376058826,-1.8338964402333984,0.9918982269528381,-0.12358065410923252,0.18535623924547634
2008-04-22 01:00:00+00:00,ME01,-0.4719389217432272,-0.1505410824008719,-1.1470230128782244,-0.4851616749633749,-0.5244614987169867,-1.901744796484014,-0.6744907594765952,-0.12358065410923252,0.18535623924547634
2008-04-22 01:10:00+00:00,ME01,-0.4766520585643453,1.6883432769971003,-1.1806496788657814,-0.4851616749633749,-0.5244614987169867,-1.901744796484014,-0.6744907594765952,-0.12358065410923252,0.18535623924547634
2008-04-22 01:20:00+00:00,ME01,-0.4573909181414416,-0.22948887933892978,-1.144369303287034,-0.4851616749633749,-0.5244614987169867,-1.901744796484014,-0.6744907594765952,-0.12358065410923252,0.18535623924547634
2008-04-22 01:30:00+00:00,ME01,-0.41693420551753435,-0.2989245107321888,-1.461317715295776,-0.4851616749633749,-0.5244614987169867,-1.901744796484014,-0.6744907594765952,-0.12358065410923252,0.18535623924547634
2008-04-22 01:40:00+00:00,ME01,-0.39973700331439266,-0.2948234488435685,-1.2989147635473255,-0.4851616749633749,-0.5244614987169867,-1.901744796484014,-0.6744907594765952,-0.12358065410923252,0.18535623924547634
2008-04-22 01:50:00+00:00,ME01,-0.5052723035110823,-0.3719685562324641,-1.4109489589633717,-0.4851616749633749,-0.5244614987169867,-1.901744796484014,-0.6744907594765952,-0.12358065410923252,0.18535623924547634
2008-04-22 02:00:00+00:00,ME01,-0.2953950346475791,-0.39019309263627,-0.9114515246509776,-0.08282557857628596,-0.49112160323166404,-1.877798301395429,-0.6744907594765952,-0.12358065410923252,0.18535623924547634
2008-04-22 02:10:00+00:00,ME01,-0.24210427901511952,-0.23197154008540508,-0.9662844256369754,-0.08282557857628596,-0.49112160323166404,-1.877798301395429,-0.6744907594765952,-0.12358065410923252,0.18535623924547634
2008-04-22 02:20:00+00:00,ME01,-0.4135604139232806,-0.29630931534962346,-1.3076044803685625,-0.08282557857628596,-0.49112160323166404,-1.877798301395429,-0.6744907594765952,-0.12358065410923252,0.18535623924547634
2008-04-22 02:30:00+00:00,ME01,-0.1314385460754396,-0.32524818132022754,-0.6722703196924616,-0.08282557857628596,-0.49112160323166404,-1.877798301395429,-0.6744907594765952,-0.12358065410923252,0.18535623924547634
2008-04-22 02:40:00+00:00,ME01,0.010713912260832036,-0.30423563588871777,1.2451583789950065,-0.08282557857628596,-0.49112160323166404,-1.877798301395429,-0.6744907594765952,-0.12358065410923252,0.18535623924547634
2008-04-22 02:50:00+00:00,ME01,0.034455918463035175,-0.33527957394514274,1.2707036255799047,-0.08282557857628596,-0.49112160323166404,-1.877798301395429,-0.6744907594765952,-0.12358065410923252,0.18535623924547634
2008-04-22 03:00:00+00:00,ME01,0.23181421518308884,-0.35788994813271924,4.078632230682729,0.15385936065822844,-0.8565776844517227,-1.9256910125702218,-0.6744907594765952,-0.12358065410923252,0.18535623924547634
2008-04-22 03:10:00+00:00,ME01,0.3865671649265804,-0.18215409754543502,2.920771437757583,0.15385936065822844,-0.8565776844517227,-1.9256910125702218,-0.6744907594765952,-0.12358065410923252,0.18535623924547634
2008-04-22 03:20:00+00:00,ME01,0.3854599641277029,-0.2505455947062222,4.586666174291943,0.15385936065822844,-0.8565776844517227,-1.9256910125702218,-0.6744907594765952,-0.12358065410923252,0.18535623924547634
2008-04-22 03:30:00+00:00,ME01,0.4248086272902375,0.5178346863463426,4.180855124504144,0.15385936065822844,-0.8565776844517227,-1.9256910125702218,-0.6744907594765952,-0.12358065410923252,0.18535623924547634
2008-04-22 03:40:00+00:00,ME01,0.45769839082185104,0.31174406550894423,6.173291293350965,0.15385936065822844,-0.8565776844517227,-1.9256910125702218,-0.6744907594765952,-0.12358065410923252,0.18535623924547634
2008-04-22 03:50:00+00:00,ME01,0.6263765762084224,0.48545429571972987,6.754948359095517,0.15385936065822844,-0.8565776844517227,-1.9256910125702218,-0.6744907594765952,-0.12358065410923252,0.18535623924547634
2008-04-22 04:00:00+00:00,ME01,0.4899142645977876,2.1149091558535735,5.563012872102625,0.1301814332975814,-1.155353974701136,-1.9975304978359765,-0.5951389168098503,-0.12358065410923252,0.18535623924547634
2008-04-22 04:10:00+00:00,ME01,0.5693028671908588,0.6202231520440442,5.905792968291879,0.1301814332975814,-1.155353974701136,-1.9975304978359765,-0.5951389168098503,-0.12358065410923252,0.18535623924547634
2008-04-22 04:20:00+00:00,ME01,0.8819367285625659,-0.07252345028358488,10.359921132794144,0.1301814332975814,-1.155353974701136,-1.9975304978359765,-0.5951389168098503,-0.12358065410923252,0.18535623924547634
2008-04-22 04:30:00+00:00,ME01,1.4829465725790956,-0.21194521476122033,17.458640586699854,0.1301814332975814,-1.155353974701136,-1.9975304978359765,-0.5951389168098503,-0.12358065410923252,0.18535623924547634
2008-04-22 04:40:00+00:00,ME01,1.3212809884347283,-0.22559945053797376,14.081186576302832,0.1301814332975814,-1.155353974701136,-1.9975304978359765,-0.5951389168098503,-0.12358065410923252,0.18535623924547634
2008-04-22 04:50:00+00:00,ME01,1.0263067499419243,-0.23353218334355344,9.891574298409129,0.1301814332975814,-1.155353974701136,-1.9975304978359765,-0.5951389168098503,-0.12358065410923252,0.18535623924547634
2008-04-22 05:00:00+00:00,ME01,1.3978743938669438,-0.1301570074147877,12.79279310250388,-0.08282557857628596,-0.9399272887028577,-1.7620572339700207,-0.6744907594765952,-0.12358065410923252,0.18535623924547634
2008-04-22 05:10:00+00:00,ME01,0.9490360843652633,-0.1543904531462567,7.46911187516236,-0.08282557857628596,-0.9399272887028577,-1.7620572339700207,-0.6744907594765952,-0.12358065410923252,0.18535623924547634
2008-04-22 05:20:00+00:00,ME01,0.9722277338973111,-0.06364591138020753,4.047056603817354,-0.08282557857628596,-0.9399272887028577,-1.7620572339700207,-0.6744907594765952,-0.12358065410923252,0.18535623924547634
2008-04-22 05:30:00+00:00,ME01,0.9489556338933837,-0.15167375906471406,2.5311508003305137,-0.08282557857628596,-0.9399272887028577,-1.7620572339700207,-0.6744907594765952,-0.12358065410923252,0.18535623924547634
2008-04-22 05:40:00+00:00,ME01,1.0108467398605576,-0.20187810437345347,0.8315537506714845,-0.08282557857628596,-0.9399272887028577,-1.7620572339700207,-0.6744907594765952,-0.12358065410923252,0.18535623924547634
2008-04-22 05:50:00+00:00,ME01,1.322756005319817,-0.07568061778461684,1.0320574456342402,-0.08282557857628596,-0.9399272887028577,-1.7620572339700207,-0.6744907594765952,-0.12358065410923252,0.18535623924547634
2008-04-22 06:00:00+00:00,ME01,1.208730874856947,-0.11166788655429935,1.1115198240000446,-0.10650350593693302,0.13464167874892344,-1.546539615179856,0.5951389168098503,-0.12358065410923252,0.1647611015515342
2008-04-22 06:10:00+00:00,ME01,1.2390981117363842,0.03994966550149929,1.6518901295920472,-0.10650350593693302,0.13464167874892344,-1.546539615179856,0.5951389168098503,-0.12358065410923252,0.1647611015515342
2008-04-22 06:20:00+00:00,ME01,1.6124250029920628,0.025538907913911897,6.072994670686037,-0.10650350593693302,0.13464167874892344,-1.546539615179856,0.5951389168098503,-0.12358065410923252,0.1647611015515342
2008-04-22 06:30:00+00:00,ME01,1.48999772112039,-0.02211670571850073,5.772076290726661,-0.10650350593693302,0.13464167874892344,-1.546539615179856,0.5951389168098503,-0.12358065410923252,0.1647611015515342
2008-04-22 06:40:00+00:00,ME01,1.426079373388801,0.06883027990488759,5.094771396821562,-0.10650350593693302,0.13464167874892344,-1.546539615179856,0.5951389168098503,-0.12358065410923252,0.1647611015515342
2008-04-22 06:50:00+00:00,ME01,1.7720924341403765,0.1910892290677972,5.410785123959708,-0.10650350593693302,0.13464167874892344,-1.546539615179856,0.5951389168098503,-0.12358065410923252,0.1647611015515342
2008-04-22 07:00:00+00:00,ME01,1.674407285233758,0.40340608549214824,3.8680098741789872,-0.08282557857628596,0.5077914165121532,-1.4148343106962047,-0.6348148381432227,-0.12358065410923252,0.1647611015515342
2008-04-22 07:10:00+00:00,ME01,1.5231996693526149,0.27244418012865373,1.6721863550630807,-0.08282557857628596,0.5077914165121532,-1.4148343106962047,-0.6348148381432227,-0.12358065410923252,0.1647611015515342
2008-04-22 07:20:00+00:00,ME01,1.6148984132471986,0.25951254805832397,3.0016403085105297,-0.08282557857628596,0.5077914165121532,-1.4148343106962047,-0.6348148381432227,-0.12358065410923252,0.1647611015515342
2008-04-22 07:30:00+00:00,ME01,1.5930124060236341,0.39970163747976095,1.4674979735140523,-0.08282557857628596,0.5077914165121532,-1.4148343106962047,-0.6348148381432227,-0.12358065410923252,0.1647611015515342
2008-04-22 07:40:00+00:00,ME01,1.4818982831381535,0.42548138621750364,0.7259270751567889,-0.08282557857628596,0.5077914165121532,-1.4148343106962047,-0.6348148381432227,-0.12358065410923252,0.1647611015515342
2008-04-22 07:50:00+00:00,ME01,1.560964472791723,0.34692899435418223,0.8247247402469117,-0.08282557857628596,0.5077914165121532,-1.4148343106962047,-0.6348148381432227,-0.12358065410923252,0.1647611015515342
2008-04-22 08:00:00+00:00,ME01,1.6207775375955236,0.503830464919905,0.8865627793244223,0.7218466141978906,0.7116774832335028,-1.3110663513139003,4.800787255812176,-0.12358065410923252,0.1647611015515342
2008-04-22 08:10:00+00:00,ME01,1.7776401604689875,0.27299438144316845,1.871538660067334,0.7218466141978906,0.7116774832335028,-1.3110663513139003,4.800787255812176,-0.12358065410923252,0.1647611015515342
2008-04-22 08:20:00+00:00,ME01,1.698529280995876,1.3012925798735309,1.4673669221850552,0.7218466141978906,0.7116774832335028,-1.3110663513139003,4.800787255812176,-0.12358065410923252,0.1647611015515342
2008-04-22 08:30:00+00:00,ME01,1.9469220521267114,23.321907323567714,0.4754215367855623,0.7218466141978906,0.7116774832335028,-1.3110663513139003,4.800787255812176,-0.12358065410923252,0.1647611015515342
2008-04-22 08:40:00+00:00,ME01,1.9945974105570106,0.27088151594787935,0.58459111077949,0.7218466141978906,0.7116774832335028,-1.3110663513139003,4.800787255812176,-0.12358065410923252,0.1647611015515342
2008-04-22 08:50:00+00:00,ME01,1.816588366117902,4.128799562741518,0.4816888863341814,0.7218466141978906,0.7116774832335028,-1.3110663513139003,4.800787255812176,-0.12358065410923252,0.1647611015515342
2008-04-22 09:00:00+00:00,ME01,2.161482497799794,7.993807925115669,3.7686436175693627,0.3195105178108017,0.9091521246814867,-1.0795844954654608,1.2696296762864454,-0.12358065410923252,0.1647611015515342
2008-04-22 09:10:00+00:00,ME01,2.080843297612462,0.5160062824352796,2.585570581105186,0.3195105178108017,0.9091521246814867,-1.0795844954654608,1.2696296762864454,-0.12358065410923252,0.1647611015515342
2008-04-22 09:20:00+00:00,ME01,2.066449745953748,0.37423366982044565,2.1753566913586053,0.3195105178108017,0.9091521246814867,-1.0795844954654608,1.2696296762864454,-0.12358065410923252,0.1647611015515342
2008-04-22 09:30:00+00:00,ME01,1.7887856165212574,0.3729319687507287,2.134774260767776,0.3195105178108017,0.9091521246814867,-1.0795844954654608,1.2696296762864454,-0.12358065410923252,0.1647611015515342
2008-04-22 09:40:00+00:00,ME01,1.965671788252461,0.31159278787953637,2.3998072999609388,0.3195105178108017,0.9091521246814867,-1.0795844954654608,1.2696296762864454,-0.12358065410923252,0.1647611015515342
2008-04-22 09:50:00+00:00,ME01,1.8950699221450862,0.3046845591844774,1.2981103819122093,0.3195105178108017,0.9091521246814867,-1.0795844954654608,1.2696296762864454,-0.12358065410923252,0.1647611015515342
2008-04-22 10:00:00+00:00,ME01,1.8562446963244774,0.5474635666405485,2.0116826241095445,-0.059147651215638905,0.39494887950945223,-1.043664613331395,2.023472278429786,-0.12358065410923252,0.1647611015515342
2008-04-22 10:10:00+00:00,ME01,1.937354525465367,0.3207086704879744,0.9185916773363886,-0.059147651215638905,0.39494887950945223,-1.043664613331395,2.023472278429786,-0.12358065410923252,0.1647611015515342
2008-04-22 10:20:00+00:00,ME01,1.835680166585924,0.4784948152417303,1.1711005791779574,-0.059147651215638905,0.39494887950945223,-1.043664613331395,2.023472278429786,-0.12358065410923252,0.1647611015515342
2008-04-22 10:30:00+00:00,ME01,1.8701048697540508,0.6886251186027619,0.9580319141804765,-0.059147651215638905,0.39494887950945223,-1.043664613331395,2.023472278429786,-0.12358065410923252,0.1647611015515342
2008-04-22 10:40:00+00:00,ME01,1.7840889988885735,0.6264444873683397,0.36058243100330284,-0.059147651215638905,0.39494887950945223,-1.043664613331395,2.023472278429786,-0.12358065410923252,0.1647611015515342
2008-04-22 10:50:00+00:00,ME01,1.6327244512995243,5.1309743161017165,0.2554397332636561,-0.059147651215638905,0.39494887950945223,-1.043664613331395,2.023472278429786,-0.12358065410923252,0.1647611015515342
2008-04-22 11:00:00+00:00,ME01,1.8074629609350168,10.27750017710347,0.192604033461358,-0.2484767357288605,0.6975721324926227,-1.007745010199706,4.999166862479037,-0.12358065410923252,0.1647611015515342
2008-04-22 11:10:00+00:00,ME01,1.5172022188004028,0.6582663699611335,0.25721800237459874,-0.2484767357288605,0.6975721324926227,-1.007745010199706,4.999166862479037,-0.12358065410923252,0.1647611015515342
2008-04-22 11:20:00+00:00,ME01,1.5619806768480653,0.6254603407943944,0.6650213987918043,-0.2484767357288605,0.6975721324926227,-1.007745010199706,4.999166862479037,-0.12358065410923252,0.1647611015515342
2008-04-22 11:30:00+00:00,ME01,1.7689664143901325,0.7241228518777811,0.6987425735434151,-0.2484767357288605,0.6975721324926227,-1.007745010199706,4.999166862479037,-0.12358065410923252,0.1647611015515342
2008-04-22 11:40:00+00:00,ME01,1.4836524349168712,0.43654944222134395,0.34049078051941156,-0.2484767357288605,0.6975721324926227,-1.007745010199706,4.999166862479037,-0.12358065410923252,0.1647611015515342
2008-04-22 11:50:00+00:00,ME01,1.4430526917747049,0.7283564866371351,0.125494729727555,-0.2484767357288605,0.6975721324926227,-1.007745010199706,4.999166862479037,-0.12358065410923252,0.1647611015515342
2008-04-22 12:00:00+00:00,ME01,1.3957899524571094,0.45000758153503323,0.08213452213601012,-0.5798262172199857,0.7027013264961841,-0.8600754686577798,1.706064907762806,-0.12358065410923252,0.14416596385759278
2008-04-22 12:10:00+00:00,ME01,1.3733397509864818,0.14713641124096938,-0.08864712314167214,-0.5798262172199857,0.7027013264961841,-0.8600754686577798,1.706064907762806,-0.12358065410923252,0.14416596385759278
2008-04-22 12:20:00+00:00,ME01,1.285263781698398,0.42873462117608035,-0.03982220053872067,-0.5798262172199857,0.7027013264961841,-0.8600754686577798,1.706064907762806,-0.12358065410923252,0.14416596385759278
2008-04-22 12:30:00+00:00,ME01,1.1615273210948567,0.49456873038716953,0.18261602883431294,-0.5798262172199857,0.7027013264961841,-0.8600754686577798,1.706064907762806,-0.12358065410923252,0.14416596385759278
2008-04-22 12:40:00+00:00,ME01,1.360341159692252,0.6118141314555149,0.8713982450890068,-0.5798262172199857,0.7027013264961841,-0.8600754686577798,1.706064907762806,-0.12358065410923252,0.14416596385759278
2008-04-22 12:50:00+00:00,ME01,1.2523015202391548,0.32345407126740394,0.08532313648350605,-0.5798262172199857,0.7027013264961841,-0.8600754686577798,1.706064907762806,-0.12358065410923252,0.14416596385759278
2008-04-22 13:00:00+00:00,ME01,1.2890910042737136,0.33017740433451676,0.7593525895893979,-0.8164639892685227,0.23850805901430538,-1.0037541601869122,-0.43643523147636054,-0.12358065410923252,0.14416596385759278
2008-04-22 13:10:00+00:00,ME01,1.2046782046109674,0.33086789690447316,0.32111780664446427,-0.8164639892685227,0.23850805901430538,-1.0037541601869122,-0.43643523147636054,-0.12358065410923252,0.14416596385759278
2008-04-22 13:20:00+00:00,ME01,1.1786075282187811,0.5361133685406743,0.07447337530494334,-0.8164639892685227,0.23850805901430538,-1.0037541601869122,-0.43643523147636054,-0.12358065410923252,0.14416596385759278
2008-04-22 13:30:00+00:00,ME01,1.104710030598866,0.5145829540861667,0.10471910919860358,-0.8164639892685227,0.23850805901430538,-1.0037541601869122,-0.43643523147636054,-0.12358065410923252,0.14416596385759278
2008-04-22 13:40:00+00:00,ME01,1.188926279140515,0.5611554891745766,0.31476463846928915,-0.8164639892685227,0.23850805901430538,-1.0037541601869122,-0.43643523147636054,-0.12358065410923252,0.14416596385759278
2008-04-22 13:50:00+00:00,ME01,1.3467809095427923,0.30692423796916224,0.17141465381001425,-0.8164639892685227,0.23850805901430538,-1.0037541601869122,-0.43643523147636054,-0.12358065410923252,0.14416596385759278
2008-04-22 14:00:00+00:00,ME01,1.075061797196124,0.44504797143486563,0.6656175316323756,-1.3608204826335153,0.5334376554543048,-1.0516468713617366,-0.5951389168098503,-0.12358065410923252,0.14416596385759278
2008-04-22 14:10:00+00:00,ME01,1.3330821394651762,0.4162233243687599,0.3731772409197933,-1.3608204826335153,0.5334376554543048,-1.0516468713617366,-0.5951389168098503,-0.12358065410923252,0.14416596385759278
2008-04-22 14:20:00+00:00,ME01,1.1624186185783332,0.4075400943869281,0.2745881909187293,-1.3608204826335153,0.5334376554543048,-1.0516468713617366,-0.5951389168098503,-0.12358065410923252,0.14416596385759278
2008-04-22 14:30:00+00:00,ME01,1.4013480986703841,0.47793209497330186,0.33708445329062925,-1.3608204826335153,0.5334376554543048,-1.0516468713617366,-0.5951389168098503,-0.12358065410923252,0.14416596385759278
2008-04-22 14:40:00+00:00,ME01,1.267713802481605,0.433314982329776,0.36887652119323877,-1.3608204826335153,0.5334376554543048,-1.0516468713617366,-0.5951389168098503,-0.12358065410923252,0.14416596385759278
2008-04-22 14:50:00+00:00,ME01,1.4506032403907199,0.5437873990495818,0.5944342200519186,-1.3608204826335153,0.5334376554543048,-1.0516468713617366,-0.5951389168098503,-0.12358065410923252,0.14416596385759278
2008-04-22 15:00:00+00:00,ME01,1.6571376909444622,0.5816781935095249,0.48661121313950995,-1.0057930737817435,0.39494887950945223,-1.0277003762731518,-0.6744907594765952,-0.12358065410923252,0.14416596385759278
2008-04-22 15:10:00+00:00,ME01,1.7912211132779952,0.8824655135450918,0.5534001674093716,-1.0057930737817435,0.39494887950945223,-1.0277003762731518,-0.6744907594765952,-0.12358065410923252,0.14416596385759278
2008-04-22 15:20:00+00:00,ME01,1.8397881154963895,0.3650194108821474,1.3976501937111907,-1.0057930737817435,0.39494887950945223,-1.0277003762731518,-0.6744907594765952,-0.12358065410923252,0.14416596385759278
2008-04-22 15:30:00+00:00,ME01,2.0269392554647396,0.6838628811534774,0.751099358295818,-1.0057930737817435,0.39494887950945223,-1.0277003762731518,-0.6744907594765952,-0.12358065410923252,0.14416596385759278
2008-04-22 15:40:00+00:00,ME01,2.221863090290002,4.896722249603789,0.18723272778189118,-1.0057930737817435,0.39494887950945223,-1.0277003762731518,-0.6744907594765952,-0.12358065410923252,0.14416596385759278
2008-04-22 15:50:00+00:00,ME01,2.5069741529597116,0.629753502702422,0.08288703769754106,-1.0057930737817435,0.39494887950945223,-1.0277003762731518,-0.6744907594765952,-0.12358065410923252,0.14416596385759278
2008-04-22 16:00:00+00:00,ME01,2.698938978886055,0.6910228848831084,-0.1416409848673634,-0.8164639892685227,0.14618229802585128,-0.9558611700097424,1.4680093797625713,-0.12358065410923252,0.14416596385759278
2008-04-22 16:10:00+00:00,ME01,2.7983251022829547,0.6860363236313985,-0.19854666291065512,-0.8164639892685227,0.14618229802585128,-0.9558611700097424,1.4680093797625713,-0.12358065410923252,0.14416596385759278
2008-04-22 16:20:00+00:00,ME01,3.071865643015635,3.717641109107855,-0.015653036833071215,-0.8164639892685227,0.14618229802585128,-0.9558611700097424,1.4680093797625713,-0.12358065410923252,0.14416596385759278
2008-04-22 16:30:00+00:00,ME01,3.284600020866931,0.5738122325953773,0.40513954689277637,-0.8164639892685227,0.14618229802585128,-0.9558611700097424,1.4680093797625713,-0.12358065410923252,0.14416596385759278
2008-04-22 16:40:00+00:00,ME01,3.405869771553707,0.6172803945344693,0.3849714493765649,-0.8164639892685227,0.14618229802585128,-0.9558611700097424,1.4680093797625713,-0.12358065410923252,0.14416596385759278
2008-04-22 16:50:00+00:00,ME01,3.63317834972478,0.6596038718476868,0.3453697589480036,-0.8164639892685227,0.14618229802585128,-0.9558611700097424,1.4680093797625713,-0.12358065410923252,0.14416596385759278
2008-04-22 17:00:00+00:00,ME01,3.7867631082980453,0.6849047308777166,0.0315539465468472,-0.8401419166291697,0.2641542979564574,-0.8281469945412302,-0.2777314493336072,-0.12358065410923252,0.14416596385759278
2008-04-22 17:10:00+00:00,ME01,3.8369883458420526,0.6348625821218451,0.21897277103845217,-0.8401419166291697,0.2641542979564574,-0.8281469945412302,-0.2777314493336072,-0.12358065410923252,0.14416596385759278
2008-04-22 17:20:00+00:00,ME01,3.9151174747816357,2.2911953498019466,0.01552085710153196,-0.8401419166291697,0.2641542979564574,-0.8281469945412302,-0.2777314493336072,-0.12358065410923252,0.14416596385759278
2008-04-22 17:30:00+00:00,ME01,3.6293598995924916,0.6756112523807521,0.09687369261620225,-0.8401419166291697,0.2641542979564574,-0.8281469945412302,-0.2777314493336072,-0.12358065410923252,0.14416596385759278
2008-04-22 17:40:00+00:00,ME01,3.6553954398226844,1.1247698057205828,-0.13722121448828117,-0.8401419166291697,0.2641542979564574,-0.8281469945412302,-0.2777314493336072,-0.12358065410923252,0.14416596385759278
2008-04-22 17:50:00+00:00,ME01,3.594403441357711,1.0898850167208343,-0.035763121222939,-0.8401419166291697,0.2641542979564574,-0.8281469945412302,-0.2777314493336072,-0.12358065410923252,0.14416596385759278
2008-04-22 18:00:00+00:00,ME01,3.7029280627975525,11.608761856066486,0.1251714733134449,-0.6271349047553024,-0.20388593225917856,-0.7682808963209564,-0.6744907594765952,-0.12358065410923252,0.12357082616365064
2008-04-22 18:10:00+00:00,ME01,3.3123410938001445,5.203194914430815,-0.0685025686209143,-0.6271349047553024,-0.20388593225917856,-0.7682808963209564,-0.6744907594765952,-0.12358065410923252,0.12357082616365064
2008-04-22 18:20:00+00:00,ME01,3.102713311440036,4.16670087458225,-0.31473237320874403,-0.6271349047553024,-0.20388593225917856,-0.7682808963209564,-0.6744907594765952,-0.12358065410923252,0.12357082616365064
2008-04-22 18:30:00+00:00,ME01,2.8002369752245637,2.448254679073861,-0.16417298110447426,-0.6271349047553024,-0.20388593225917856,-0.7682808963209564,-0.6744907594765952,-0.12358065410923252,0.12357082616365064
2008-04-22 18:40:00+00:00,ME01,2.8843795821193687,3.0522654824619204,0.176410413145852,-0.6271349047553024,-0.20388593225917856,-0.7682808963209564,-0.6744907594765952,-0.12358065410923252,0.12357082616365064
2008-04-22 18:50:00+00:00,ME01,2.4006355377661297,1.4964403169065483,-0.10528198529286813,-0.6271349047553024,-0.20388593225917856,-0.7682808963209564,-0.6744907594765952,-0.12358065410923252,0.12357082616365064
2008-04-22 19:00:00+00:00,ME01,2.7160362639780664,1.2154187485666816,-0.664903545513118,-0.6508128321159481,-0.48342767776414963,-0.5846917516473414,-0.6744907594765952,-0.12358065410923252,0.12357082616365064
2008-04-22 19:10:00+00:00,ME01,2.2612022879805096,3.5403976559510437,-0.720091029552284,-0.6508128321159481,-0.48342767776414963,-0.5846917516473414,-0.6744907594765952,-0.12358065410923252,0.12357082616365064
2008-04-22 19:20:00+00:00,ME01,2.0808891773274847,4.24220405974953,-0.7577688925697195,-0.6508128321159481,-0.48342767776414963,-0.5846917516473414,-0.6744907594765952,-0.12358065410923252,0.12357082616365064
2008-04-22 19:30:00+00:00,ME01,2.028959023840278,4.616922644544998,-0.6756563164770384,-0.6508128321159481,-0.48342767776414963,-0.5846917516473414,-0.6744907594765952,-0.12358065410923252,0.12357082616365064
2008-04-22 19:40:00+00:00,ME01,1.9292054757267831,3.118580766321439,-0.7729277529178106,-0.6508128321159481,-0.48342767776414963,-0.5846917516473414,-0.6744907594765952,-0.12358065410923252,0.12357082616365064
2008-04-22 19:50:00+00:00,ME01,1.9559082646977155,5.704979948303925,-0.7369433263702481,-0.6508128321159481,-0.48342767776414963,-0.5846917516473414,-0.6744907594765952,-0.12358065410923252,0.12357082616365064
2008-04-22 20:00:00+00:00,ME01,1.8594441859949646,12.191032156946793,-0.9153591638846642,-0.6508128321159481,-0.023081373016028056,-0.4370222101054152,0.6348148381432227,-0.12358065410923252,0.12357082616365064
2008-04-22 20:10:00+00:00,ME01,1.9267461047441659,0.5655277023167781,-0.9404421398047768,-0.6508128321159481,-0.023081373016028056,-0.4370222101054152,0.6348148381432227,-0.12358065410923252,0.12357082616365064
2008-04-22 20:20:00+00:00,ME01,1.7832949806152811,1.885990181330056,-0.380217652585757,-0.6508128321159481,-0.023081373016028056,-0.4370222101054152,0.6348148381432227,-0.12358065410923252,0.12357082616365064
2008-04-22 20:30:00+00:00,ME01,1.7958247257180158,0.8591956909360895,-0.6136221972389263,-0.6508128321159481,-0.023081373016028056,-0.4370222101054152,0.6348148381432227,-0.12358065410923252,0.12357082616365064
2008-04-22 20:40:00+00:00,ME01,1.65730146518994,0.7422531939429377,0.9282732492828912,-0.6508128321159481,-0.023081373016028056,-0.4370222101054152,0.6348148381432227,-0.12358065410923252,0.12357082616365064
2008-04-22 20:50:00+00:00,ME01,1.7674403119624575,1.0851244050581843,0.507550097727104,-0.6508128321159481,-0.023081373016028056,-0.4370222101054152,0.6348148381432227,-0.12358065410923252,0.12357082616365064
2008-04-22 21:00:00+00:00,ME01,1.7319778556414513,0.37024381154664315,0.5105413440064014,-0.10650350593693302,-0.7014190952263805,-0.4410133391205544,0.19837960666686233,-0.12358065410923252,0.12357082616365064
2008-04-22 21:10:00+00:00,ME01,1.8390974464693493,4.244948083147079,-0.7268270089610733,-0.10650350593693302,-0.7014190952263805,-0.4410133391205544,0.19837960666686233,-0.12358065410923252,0.12357082616365064
2008-04-22 21:20:00+00:00,ME01,1.6722372117400282,0.6607040670061994,-0.6499476111221216,-0.10650350593693302,-0.7014190952263805,-0.4410133391205544,0.19837960666686233,-0.12358065410923252,0.12357082616365064
2008-04-22 21:30:00+00:00,ME01,1.7780087487743106,0.5487797186261307,-0.5534385605177984,-0.10650350593693302,-0.7014190952263805,-0.4410133391205544,0.19837960666686233,-0.12358065410923252,0.12357082616365064
2008-04-22 21:40:00+00:00,ME01,1.6686236664336438,0.49247220685547644,-0.5773626151098399,-0.10650350593693302,-0.7014190952263805,-0.4410133391205544,0.19837960666686233,-0.12358065410923252,0.12357082616365064
2008-04-22 21:50:00+00:00,ME01,1.708526509109404,1.120681473643631,-0.9768639529513651,-0.10650350593693302,-0.7014190952263805,-0.4410133391205544,0.19837960666686233,-0.12358065410923252,0.12357082616365064
2008-04-22 22:00:00+00:00,ME01,1.41856288944198,0.6869072674164087,-0.9944627140815383,-0.08282557857628596,-0.8232377889664,-0.35320961679652485,-0.23805552800023472,-0.12358065410923252,0.12357082616365064
2008-04-22 22:10:00+00:00,ME01,1.3725562739035013,0.7061433926460253,-1.3494205592766837,-0.08282557857628596,-0.8232377889664,-0.35320961679652485,-0.23805552800023472,-0.12358065410923252,0.12357082616365064
2008-04-22 22:20:00+00:00,ME01,1.5047258791380884,0.31391931032821774,-1.2292289128562075,-0.08282557857628596,-0.8232377889664,-0.35320961679652485,-0.23805552800023472,-0.12358065410923252,0.12357082616365064
2008-04-22 22:30:00+00:00,ME01,1.6021358909853336,1.8705369508358898,-0.9222746737874825,-0.08282557857628596,-0.8232377889664,-0.35320961679652485,-0.23805552800023472,-0.12358065410923252,0.12357082616365064
2008-04-22 22:40:00+00:00,ME01,1.3807939960332256,2.028831089394791,-0.6873839771393538,-0.08282557857628596,-0.8232377889664,-0.35320961679652485,-0.23805552800023472,-0.12358065410923252,0.12357082616365064
2008-04-22 22:50:00+00:00,ME01,1.4323544203342278,0.5122560962233516,0.24434022729158594,-0.08282557857628596,-0.8232377889664,-0.35320961679652485,-0.23805552800023472,-0.12358065410923252,0.12357082616365064
2008-04-22 23:00:00+00:00,ME01,1.365614561978906,0.6071427325045001,-0.28867613668673525,0.272201830275485,-1.0540520569753629,-0.3691738538547996,-0.6744907594765952,-0.12358065410923252,0.12357082616365064
2008-04-22 23:10:00+00:00,ME01,1.4185797963857165,0.506853105244664,-0.91395835256082,0.272201830275485,-1.0540520569753629,-0.3691738538547996,-0.6744907594765952,-0.12358065410923252,0.12357082616365064
2008-04-22 23:20:00+00:00,ME01,1.2574595097327552,0.5064289946528694,-1.0857513739820939,0.272201830275485,-1.0540520569753629,-0.3691738538547996,-0.6744907594765952,-0.12358065410923252,0.12357082616365064
2008-04-22 23:30:00+00:00,ME01,1.3204958752706493,0.5421368648322915,-1.1268363738012999,0.272201830275485,-1.0540520569753629,-0.3691738538547996,-0.6744907594765952,-0.12358065410923252,0.12357082616365064
2008-04-22 23:40:00+00:00,ME01,1.4762433548143978,1.0136500557132593,-0.9975646671564697,0.272201830275485,-1.0540520569753629,-0.3691738538547996,-0.6744907594765952,-0.12358065410923252,0.12357082616365064
2008-04-22 23:50:00+00:00,ME01,1.571167366890673,0.3536358017282356,-0.5283508285816854,0.272201830275485,-1.0540520569753629,-0.3691738538547996,-0.6744907594765952,-0.12358065410923252,0.12357082616365064
2008-04-23 00:00:00+00:00,ME01,1.28117928741011,3.137208612015241,-0.6492520245538232,1.8578211212772149,-1.0745688329896097,-0.3811472409002807,-0.6348148381432227,-0.12358065410923252,0.10297568846970924
2008-04-23 00:10:00+00:00,ME01,1.378643509858208,0.31040692317487784,-1.1291818373124975,1.8578211212772149,-1.0745688329896097,-0.3811472409002807,-0.6348148381432227,-0.12358065410923252,0.10297568846970924
2008-04-23 00:20:00+00:00,ME01,1.4500498717597399,0.49663910304817327,-0.35249069515374487,1.8578211212772149,-1.0745688329896097,-0.3811472409002807,-0.6348148381432227,-0.12358065410923252,0.10297568846970924
2008-04-23 00:30:00+00:00,ME01,1.4214856119392758,1.3633392190664433,-0.32410740205343114,1.8578211212772149,-1.0745688329896097,-0.3811472409002807,-0.6348148381432227,-0.12358065410923252,0.10297568846970924
2008-04-23 00:40:00+00:00,ME01,1.4789031590939168,3.106285066956794,0.5111381218101463,1.8578211212772149,-1.0745688329896097,-0.3811472409002807,-0.6348148381432227,-0.12358065410923252,0.10297568846970924
2008-04-23 00:50:00+00:00,ME01,1.3715792977462316,0.47459597453626523,-0.890925954404742,1.8578211212772149,-1.0745688329896097,-0.3811472409002807,-0.6348148381432227,-0.12358065410923252,0.10297568846970924
2008-04-23 01:00:00+00:00,ME01,1.2445172346009972,1.0122365748592643,-1.1149781041279296,1.6448141094033477,-1.2335743849487093,-0.5367987614701716,-0.6744907594765952,-0.12358065410923252,0.10297568846970924
2008-04-23 01:10:00+00:00,ME01,1.198840381456553,2.4954390037468,-1.4422522237768576,1.6448141094033477,-1.2335743849487093,-0.5367987614701716,-0.6744907594765952,-0.12358065410923252,0.10297568846970924
2008-04-23 01:20:00+00:00,ME01,1.14849435930424,1.0249967326074838,-1.3309481751519006,1.6448141094033477,-1.2335743849487093,-0.5367987614701716,-0.6744907594765952,-0.12358065410923252,0.10297568846970924
2008-04-23 01:30:00+00:00,ME01,1.1485250432712937,0.6379471247071121,-1.3148093471959836,1.6448141094033477,-1.2335743849487093,-0.5367987614701716,-0.6744907594765952,-0.12358065410923252,0.10297568846970924
2008-04-23 01:40:00+00:00,ME01,1.0515932092202849,0.23647150152730786,-1.407297211481742,1.6448141094033477,-1.2335743849487093,-0.5367987614701716,-0.6744907594765952,-0.12358065410923252,0.10297568846970924
2008-04-23 01:50:00+00:00,ME01,1.0092000337297613,0.5311155320250766,-0.9221154321736158,1.6448141094033477,-1.2335743849487093,-0.5367987614701716,-0.6744907594765952,-0.12358065410923252,0.10297568846970924
2008-04-23 02:00:00+00:00,ME01,1.1867512832435458,0.7986763090725445,-1.3506798609324266,2.0471502057904365,-1.2566558924269087,-0.5208345244118967,-0.6744907594765952,-0.12358065410923252,0.10297568846970924
2008-04-23 02:10:00+00:00,ME01,1.2069782566814709,0.4158918071754416,-1.4241956014428931,2.0471502057904365,-1.2566558924269087,-0.5208345244118967,-0.6744907594765952,-0.12358065410923252,0.10297568846970924
2008-04-23 02:20:00+00:00,ME01,1.4512573811317584,2.305037029194583,-1.4443790577219147,2.0471502057904365,-1.2566558924269087,-0.5208345244118967,-0.6744907594765952,-0.12358065410923252,0.10297568846970924
2008-04-23 02:30:00+00:00,ME01,1.3538385823109933,0.7288321867271396,-0.9396885589911017,2.0471502057904365,-1.2566558924269087,-0.5208345244118967,-0.6744907594765952,-0.12358065410923252,0.10297568846970924
2008-04-23 02:40:00+00:00,ME01,1.3167297230623405,0.24809451544909478,-1.2361813459580646,2.0471502057904365,-1.2566558924269087,-0.5208345244118967,-0.6744907594765952,-0.12358065410923252,0.10297568846970924
2008-04-23 02:50:00+00:00,ME01,1.3235314347028042,0.6783365049941015,-1.303087054456073,2.0471502057904365,-1.2566558924269087,-0.5208345244118967,-0.6744907594765952,-0.12358065410923252,0.10297568846970924
2008-04-23 03:00:00+00:00,ME01,1.4252642203177188,0.5336409915374289,-0.6855096112183022,2.023519445615767,-1.3515461159549715,-0.5288167824422069,-0.6744907594765952,-0.12358065410923252,0.10297568846970924
2008-04-23 03:10:00+00:00,ME01,1.4984636092939854,1.245892488926457,-0.9551646481446177,2.023519445615767,-1.3515461159549715,-0.5288167824422069,-0.6744907594765952,-0.12358065410923252,0.10297568846970924
2008-04-23 03:20:00+00:00,ME01,1.3816411957978658,0.6855970880126062,-0.26230726781625546,2.023519445615767,-1.3515461159549715,-0.5288167824422069,-0.6744907594765952,-0.12358065410923252,0.10297568846970924
2008-04-23 03:30:00+00:00,ME01,1.5250178081708359,0.6870308528872986,0.622820597948133,2.023519445615767,-1.3515461159549715,-0.5288167824422069,-0.6744907594765952,-0.12358065410923252,0.10297568846970924
2008-04-23 03:40:00+00:00,ME01,1.4007454226401506,0.58419027622988,-0.035744262295188046,2.023519445615767,-1.3515461159549715,-0.5288167824422069,-0.6744907594765952,-0.12358065410923252,0.10297568846970924
2008-04-23 03:50:00+00:00,ME01,1.4042333854764641,0.5912827036700069,-0.5763524879487434,2.023519445615767,-1.3515461159549715,-0.5288167824422069,-0.6744907594765952,-0.12358065410923252,0.10297568846970924
2008-04-23 04:00:00+00:00,ME01,1.4200660632371738,0.9390994058794805,-0.18454554673211768,2.023519445615767,-1.410531981458103,-0.47294181323710405,-0.6348148381432227,-0.12358065410923252,0.10297568846970924
2008-04-23 04:10:00+00:00,ME01,1.4799523900066818,0.4502199076065427,-0.4636577740910513,2.023519445615767,-1.410531981458103,-0.47294181323710405,-0.6348148381432227,-0.12358065410923252,0.10297568846970924
2008-04-23 04:20:00+00:00,ME01,1.5581271386042617,0.5149237143166637,-0.3544638146555788,2.023519445615767,-1.410531981458103,-0.47294181323710405,-0.6348148381432227,-0.12358065410923252,0.10297568846970924
2008-04-23 04:30:00+00:00,ME01,1.515607554066217,0.5437429486514813,-0.4747057278120976,2.023519445615767,-1.410531981458103,-0.47294181323710405,-0.6348148381432227,-0.12358065410923252,0.10297568846970924
2008-04-23 04:40:00+00:00,ME01,1.5079894033467103,0.38127907237029507,-0.3125801500351035,2.023519445615767,-1.410531981458103,-0.47294181323710405,-0.6348148381432227,-0.12358065410923252,0.10297568846970924
2008-04-23 04:50:00+00:00,ME01,1.561816978802667,0.6479937833405273,-0.0966394891771419,2.023519445615767,-1.410531981458103,-0.47294181323710405,-0.6348148381432227,-0.12358065410923252,0.10297568846970924
2008-04-23 05:00:00+00:00,ME01,1.556609379242282,0.015805574828073446,-0.11339281928333714,1.8341903611025454,-1.015582967486479,-0.289352668563489,-0.5157870741431054,-0.12358065410923252,0.10297568846970924
2008-04-23 05:10:00+00:00,ME01,1.4590694631191314,0.2406516336034044,-0.21742872343583108,1.8341903611025454,-1.015582967486479,-0.289352668563489,-0.5157870741431054,-0.12358065410923252,0.10297568846970924
2008-04-23 05:20:00+00:00,ME01,1.5631294138643106,0.7537283709748973,-0.29349424519237105,1.8341903611025454,-1.015582967486479,-0.289352668563489,-0.5157870741431054,-0.12358065410923252,0.10297568846970924
2008-04-23 05:30:00+00:00,ME01,1.4488164026399215,0.3109332183993043,-0.0018959958422232245,1.8341903611025454,-1.015582967486479,-0.289352668563489,-0.5157870741431054,-0.12358065410923252,0.10297568846970924
2008-04-23 05:40:00+00:00,ME01,1.5343719200926256,0.522270295697722,0.37670144742675676,1.8341903611025454,-1.015582967486479,-0.289352668563489,-0.5157870741431054,-0.12358065410923252,0.10297568846970924
2008-04-23 05:50:00+00:00,ME01,1.2923258295860391,0.4536809426195277,0.07127806611401429,1.8341903611025454,-1.015582967486479,-0.289352668563489,-0.5157870741431054,-0.12358065410923252,0.10297568846970924
2008-04-23 06:00:00+00:00,ME01,1.4501368264411296,0.585785001955893,0.46866722080732737,1.6448141094033477,-0.023081373016028056,-0.009977822537879719,-0.5157870741431054,-0.12358065410923252,0.0823805507757671
2008-04-23 06:10:00+00:00,ME01,1.529930564248433,0.8007790607426388,0.73246336875527,1.6448141094033477,-0.023081373016028056,-0.009977822537879719,-0.5157870741431054,-0.12358065410923252,0.0823805507757671
2008-04-23 06:20:00+00:00,ME01,1.4466344178303114,0.6083669700987974,0.8543034931474771,1.6448141094033477,-0.023081373016028056,-0.009977822537879719,-0.5157870741431054,-0.12358065410923252,0.0823805507757671
2008-04-23 06:30:00+00:00,ME01,1.286280414735843,0.30684761634942165,0.3049607739098322,1.6448141094033477,-0.023081373016028056,-0.009977822537879719,-0.5157870741431054,-0.12358065410923252,0.0823805507757671
2008-04-23 06:40:00+00:00,ME01,1.3283340762193607,0.34642264420908453,0.21657704340432876,1.6448141094033477,-0.023081373016028056,-0.009977822537879719,-0.5157870741431054,-0.12358065410923252,0.0823805507757671
2008-04-23 06:50:00+00:00,ME01,1.2338182875360153,0.3239407330138897,0.09696954109735485,1.6448141094033477,-0.023081373016028056,-0.009977822537879719,-0.5157870741431054,-0.12358065410923252,0.0823805507757671
2008-04-23 07:00:00+00:00,ME01,1.2062346075818537,0.6012061874158525,0.2620478914166192,2.3784996872815602,0.09360812672042966,0.23746854937117998,1.7457408290961784,-0.12358065410923252,0.0823805507757671
2008-04-23 07:10:00+00:00,ME01,1.2337581346308972,0.39223628047988834,0.5012137831057614,2.3784996872815602,0.09360812672042966,0.23746854937117998,1.7457408290961784,-0.12358065410923252,0.0823805507757671
2008-04-23 07:20:00+00:00,ME01,1.1933739199913456,0.41476460851377805,0.36902573001347305,2.3784996872815602,0.09360812672042966,0.23746854937117998,1.7457408290961784,-0.12358065410923252,0.0823805507757671
2008-04-23 07:30:00+00:00,ME01,1.226657395527806,0.39809471405870706,0.2635375463653443,2.3784996872815602,0.09360812672042966,0.23746854937117998,1.7457408290961784,-0.12358065410923252,0.0823805507757671
2008-04-23 07:40:00+00:00,ME01,1.2317288957696968,0.7258009408457216,0.2474683677690727,2.3784996872815602,0.09360812672042966,0.23746854937117998,1.7457408290961784,-0.12358065410923252,0.0823805507757671
2008-04-23 07:50:00+00:00,ME01,1.1511091444979977,0.6866567106936519,0.14574289684802366,2.3784996872815602,0.09360812672042966,0.23746854937117998,1.7457408290961784,-0.12358065410923252,0.0823805507757671
2008-04-23 08:00:00+00:00,ME01,1.2378071829231232,0.5841937129810125,0.16520058510350868,1.6448141094033477,0.5244614987169862,0.4410130601182407,-0.11902776400011736,-0.12358065410923252,0.0823805507757671
2008-04-23 08:10:00+00:00,ME01,1.3213900889594126,0.44376101719767314,0.3760128542828843,1.6448141094033477,0.5244614987169862,0.4410130601182407,-0.11902776400011736,-0.12358065410923252,0.0823805507757671
2008-04-23 08:20:00+00:00,ME01,1.1075953416658517,0.36954488905934907,0.4681051617749089,1.6448141094033477,0.5244614987169862,0.4410130601182407,-0.11902776400011736,-0.12358065410923252,0.0823805507757671
2008-04-23 08:30:00+00:00,ME01,1.2555499509249692,0.6735609414940936,0.011013476030038438,1.6448141094033477,0.5244614987169862,0.4410130601182407,-0.11902776400011736,-0.12358065410923252,0.0823805507757671
2008-04-23 08:40:00+00:00,ME01,1.2701437668615891,0.7838233843635393,0.010886145060555881,1.6448141094033477,0.5244614987169862,0.4410130601182407,-0.11902776400011736,-0.12358065410923252,0.0823805507757671
2008-04-23 08:50:00+00:00,ME01,1.2539417417426584,1.3901201791159021,0.21629913687405491,1.6448141094033477,0.5244614987169862,0.4410130601182407,-0.11902776400011736,-0.12358065410923252,0.0823805507757671
2008-04-23 09:00:00+00:00,ME01,1.4758021545894007,22.617581350120606,0.2713159640996786,1.2425251802022361,0.518049804519276,0.49289717931058147,0.5951389168098503,-0.12358065410923252,0.0823805507757671
2008-04-23 09:10:00+00:00,ME01,1.3589862821820105,0.844857907757259,0.3516889349522797,1.2425251802022361,0.518049804519276,0.49289717931058147,0.5951389168098503,-0.12358065410923252,0.0823805507757671
2008-04-23 09:20:00+00:00,ME01,1.412663516439471,6.493588759606614,0.6117126159039391,1.2425251802022361,0.518049804519276,0.49289717931058147,0.5951389168098503,-0.12358065410923252,0.0823805507757671
2008-04-23 09:30:00+00:00,ME01,1.3326647054203105,0.6430621091573336,0.3333191410372321,1.2425251802022361,0.518049804519276,0.49289717931058147,0.5951389168098503,-0.12358065410923252,0.0823805507757671
2008-04-23 09:40:00+00:00,ME01,1.2558691074101607,4.7956497931968345,0.1337543458697592,1.2425251802022361,0.518049804519276,0.49289717931058147,0.5951389168098503,-0.12358065410923252,0.0823805507757671
2008-04-23 09:50:00+00:00,ME01,1.4585583952903933,8.163959391755467,0.4940140913076049,1.2425251802022361,0.518049804519276,0.49289717931058147,0.5951389168098503,-0.12358065410923252,0.0823805507757671
2008-04-23 10:00:00+00:00,ME01,1.3957101805631111,0.6156048935653607,0.7767623369366434,0.6981686868372435,0.7360412219815073,0.5926737306753378,3.0153705053826236,-0.12358065410923252,0.0823805507757671
2008-04-23 10:10:00+00:00,ME01,1.4227739757523978,0.40253031938892786,0.4028566470602051,0.6981686868372435,0.7360412219815073,0.5926737306753378,3.0153705053826236,-0.12358065410923252,0.0823805507757671
2008-04-23 10:20:00+00:00,ME01,1.4961983392880718,0.49223122660376656,0.3341625033261108,0.6981686868372435,0.7360412219815073,0.5926737306753378,3.0153705053826236,-0.12358065410923252,0.0823805507757671
2008-04-23 10:30:00+00:00,ME01,1.7836693196553022,0.29584807947550246,0.4716927671320511,0.6981686868372435,0.7360412219815073,0.5926737306753378,3.0153705053826236,-0.12358065410923252,0.0823805507757671
2008-04-23 10:40:00+00:00,ME01,1.7158976154173418,0.12344070153668728,0.41404778759333705,0.6981686868372435,0.7360412219815073,0.5926737306753378,3.0153705053826236,-0.12358065410923252,0.0823805507757671
2008-04-23 10:50:00+00:00,ME01,1.7174226634764727,0.768103674618339,0.23996788998922663,0.6981686868372435,0.7360412219815073,0.5926737306753378,3.0153705053826236,-0.12358065410923252,0.0823805507757671
2008-04-23 11:00:00+00:00,ME01,1.8112559007358338,0.91431599127812,0.03656410555650224,-0.29583259045015464,0.37571433476501,0.576709493617063,1.8250926717629234,-0.12358065410923252,0.0823805507757671
2008-04-23 11:10:00+00:00,ME01,1.835683492074551,0.828536537782442,-0.01502669995257807,-0.29583259045015464,0.37571433476501,0.576709493617063,1.8250926717629234,-0.12358065410923252,0.0823805507757671
2008-04-23 11:20:00+00:00,ME01,5.69055898859363,0.43968636601719563,1.4962072808894622,-0.29583259045015464,0.37571433476501,0.576709493617063,1.8250926717629234,-0.12358065410923252,0.0823805507757671
2008-04-23 11:30:00+00:00,ME01,2.026302259940316,0.7407482323858947,-0.09848761149488179,-0.29583259045015464,0.37571433476501,0.576709493617063,1.8250926717629234,-0.12358065410923252,0.0823805507757671
2008-04-23 11:40:00+00:00,ME01,1.7508674340295847,0.5630193548979577,-0.2287938927584974,-0.29583259045015464,0.37571433476501,0.576709493617063,1.8250926717629234,-0.12358065410923252,0.0823805507757671
2008-04-23 11:50:00+00:00,ME01,1.9845790523559426,1.3480234415676393,-0.10536034194960112,-0.29583259045015464,0.37571433476501,0.576709493617063,1.8250926717629234,-0.12358065410923252,0.0823805507757671
2008-04-23 12:00:00+00:00,ME01,1.8567625318277141,0.5824069421583518,-0.04394652653291974,0.34318844517144875,0.6257634164427589,0.576709493617063,2.9756945840492515,-0.12358065410923252,0.061785413081824954
2008-04-23 12:10:00+00:00,ME01,1.871158340597286,0.25649793788258224,0.12871263230441155,0.34318844517144875,0.6257634164427589,0.576709493617063,2.9756945840492515,-0.12358065410923252,0.061785413081824954
2008-04-23 12:20:00+00:00,ME01,1.8582354135248973,0.7595031273679976,0.09390317433645633,0.34318844517144875,0.6257634164427589,0.576709493617063,2.9756945840492515,-0.12358065410923252,0.061785413081824954
2008-04-23 12:30:00+00:00,ME01,1.8065609455160803,0.4105446636949046,-0.08190101329310245,0.34318844517144875,0.6257634164427589,0.576709493617063,2.9756945840492515,-0.12358065410923252,0.061785413081824954
2008-04-23 12:40:00+00:00,ME01,1.9236383565935522,4.185413989638938,-0.03566431657262282,0.34318844517144875,0.6257634164427589,0.576709493617063,2.9756945840492515,-0.12358065410923252,0.061785413081824954
2008-04-23 12:50:00+00:00,ME01,1.8369845071492805,0.8713240954992798,-0.06767409075502101,0.34318844517144875,0.6257634164427589,0.576709493617063,2.9756945840492515,-0.12358065410923252,0.061785413081824954
2008-04-23 13:00:00+00:00,ME01,1.9026856267078198,0.44834583959724467,-0.007256235576335003,0.3195105178108017,0.31031704398851256,0.48491492128023966,-0.2777314493336072,-0.12358065410923252,0.061785413081824954
2008-04-23 13:10:00+00:00,ME01,1.8554039725373621,0.768592141190444,0.2361133448373664,0.3195105178108017,0.31031704398851256,0.48491492128023966,-0.2777314493336072,-0.12358065410923252,0.061785413081824954
2008-04-23 13:20:00+00:00,ME01,1.834107046103244,0.732142926835993,0.2743472578841352,0.3195105178108017,0.31031704398851256,0.48491492128023966,-0.2777314493336072,-0.12358065410923252,0.061785413081824954
2008-04-23 13:30:00+00:00,ME01,1.8657051357665926,0.5102260975230688,-0.020563544101528445,0.3195105178108017,0.31031704398851256,0.48491492128023966,-0.2777314493336072,-0.12358065410923252,0.061785413081824954
2008-04-23 13:40:00+00:00,ME01,1.8706233802200192,0.3499624756987987,0.07950488954929683,0.3195105178108017,0.31031704398851256,0.48491492128023966,-0.2777314493336072,-0.12358065410923252,0.061785413081824954
2008-04-23 13:50:00+00:00,ME01,1.8259256090775946,0.6823014674957735,0.05399337348351692,0.3195105178108017,0.31031704398851256,0.48491492128023966,-0.2777314493336072,-0.12358065410923252,0.061785413081824954
2008-04-23 14:00:00+00:00,ME01,1.673878467499951,1.6649480150095815,0.20529867273727337,0.2011680481935451,0.38212602896271974,0.5208345244119602,0.19837960666686233,-0.12358065410923252,0.061785413081824954
2008-04-23 14:10:00+00:00,ME01,1.8171947806408928,0.19063736380815913,0.1587422724443455,0.2011680481935451,0.38212602896271974,0.5208345244119602,0.19837960666686233,-0.12358065410923252,0.061785413081824954
2008-04-23 14:20:00+00:00,ME01,1.8403077145895899,2.246855259894131,0.33408866011291194,0.2011680481935451,0.38212602896271974,0.5208345244119602,0.19837960666686233,-0.12358065410923252,0.061785413081824954
2008-04-23 14:30:00+00:00,ME01,1.6788692196576107,0.13911689765242716,0.15864391742863856,0.2011680481935451,0.38212602896271974,0.5208345244119602,0.19837960666686233,-0.12358065410923252,0.061785413081824954
2008-04-23 14:40:00+00:00,ME01,1.7886941286375568,0.35772598613869944,0.2299725972012858,0.2011680481935451,0.38212602896271974,0.5208345244119602,0.19837960666686233,-0.12358065410923252,0.061785413081824954
2008-04-23 14:50:00+00:00,ME01,1.8538539353535004,0.6100664521799278,0.3980377342712577,0.2011680481935451,0.38212602896271974,0.5208345244119602,0.19837960666686233,-0.12358065410923252,0.061785413081824954
2008-04-23 15:00:00+00:00,ME01,1.7040125612679429,0.36646906512354677,0.29698346020386723,0.1301814332975814,0.3718676409555961,0.5048702873536853,2.1425001392391665,-0.12358065410923252,0.061785413081824954
2008-04-23 15:10:00+00:00,ME01,1.878412862573718,0.4743497204265947,0.05252169996663156,0.1301814332975814,0.3718676409555961,0.5048702873536853,2.1425001392391665,-0.12358065410923252,0.061785413081824954
2008-04-23 15:20:00+00:00,ME01,1.6208191149997448,0.4193273070800684,-0.08558631592571049,0.1301814332975814,0.3718676409555961,0.5048702873536853,2.1425001392391665,-0.12358065410923252,0.061785413081824954
2008-04-23 15:30:00+00:00,ME01,1.631834560821071,0.7254385575190526,-0.14806793857640901,0.1301814332975814,0.3718676409555961,0.5048702873536853,2.1425001392391665,-0.12358065410923252,0.061785413081824954
2008-04-23 15:40:00+00:00,ME01,1.7710236564002237,4.340823960778683,-0.09354193677097083,0.1301814332975814,0.3718676409555961,0.5048702873536853,2.1425001392391665,-0.12358065410923252,0.061785413081824954
2008-04-23 15:50:00+00:00,ME01,1.761930078432714,0.4205436750283817,0.07960740441127723,0.1301814332975814,0.3718676409555961,0.5048702873536853,2.1425001392391665,-0.12358065410923252,0.061785413081824954
2008-04-23 16:00:00+00:00,ME01,1.6142540030242234,0.5399639758931599,-0.07217183213398802,-0.035469723854993154,0.5257437299867904,0.5607452565587883,-0.6744907594765952,-0.12358065410923252,0.061785413081824954
2008-04-23 16:10:00+00:00,ME01,1.808460751849384,0.8301435983832585,0.11153425218392361,-0.035469723854993154,0.5257437299867904,0.5607452565587883,-0.6744907594765952,-0.12358065410923252,0.061785413081824954
2008-04-23 16:20:00+00:00,ME01,1.7502451732280329,0.06466839946885267,-0.14367683604957943,-0.035469723854993154,0.5257437299867904,0.5607452565587883,-0.6744907594765952,-0.12358065410923252,0.061785413081824954
2008-04-23 16:30:00+00:00,ME01,1.7634891590857167,0.17912852518355146,0.016108023572999473,-0.035469723854993154,0.5257437299867904,0.5607452565587883,-0.6744907594765952,-0.12358065410923252,0.061785413081824954
2008-04-23 16:40:00+00:00,ME01,1.507829454813605,0.1822842091656563,-0.005724476405255685,-0.035469723854993154,0.5257437299867904,0.5607452565587883,-0.6744907594765952,-0.12358065410923252,0.061785413081824954
2008-04-23 16:50:00+00:00,ME01,1.4907156508898558,0.3218123402740423,0.11652954899304176,-0.035469723854993154,0.5257437299867904,0.5607452565587883,-0.6744907594765952,-0.12358065410923252,0.061785413081824954
2008-04-23 17:00:00+00:00,ME01,1.6217378659087633,0.6929407500605704,0.05112919421040149,0.1301814332975814,0.18336915624493116,0.6126290967487519,-0.6744907594765952,-0.12358065410923252,0.061785413081824954
2008-04-23 17:10:00+00:00,ME01,1.5349330325533728,-0.0011956119351741133,0.005417380450585533,0.1301814332975814,0.18336915624493116,0.6126290967487519,-0.6744907594765952,-0.12358065410923252,0.061785413081824954
2008-04-23 17:20:00+00:00,ME01,1.6660978737943466,0.4206719631162716,0.7094004318658865,0.1301814332975814,0.18336915624493116,0.6126290967487519,-0.6744907594765952,-0.12358065410923252,0.061785413081824954
2008-04-23 17:30:00+00:00,ME01,1.558560408122481,0.2539481679822576,0.01105897188912098,0.1301814332975814,0.18336915624493116,0.6126290967487519,-0.6744907594765952,-0.12358065410923252,0.061785413081824954
2008-04-23 17:40:00+00:00,ME01,1.580611376430737,0.5007482095663317,-0.11632603800143201,0.1301814332975814,0.18336915624493116,0.6126290967487519,-0.6744907594765952,-0.12358065410923252,0.061785413081824954
2008-04-23 17:50:00+00:00,ME01,1.6975730709600771,1.5047828666251848,-0.22449029655296943,0.1301814332975814,0.18336915624493116,0.6126290967487519,-0.6744907594765952,-0.12358065410923252,0.061785413081824954
2008-04-23 18:00:00+00:00,ME01,1.7222416962528848,1.2132069964299992,0.0016382994313768196,0.5325175296846704,-0.5244614987169867,0.5248256534270994,-0.2777314493336072,-0.12358065410923252,0.04119027538788355
2008-04-23 18:10:00+00:00,ME01,1.6335568849429547,0.1688178761011922,0.19926530578627683,0.5325175296846704,-0.5244614987169867,0.5248256534270994,-0.2777314493336072,-0.12358065410923252,0.04119027538788355
2008-04-23 18:20:00+00:00,ME01,1.7640583037854372,3.3466875748484433,0.09170589998569417,0.5325175296846704,-0.5244614987169867,0.5248256534270994,-0.2777314493336072,-0.12358065410923252,0.04119027538788355
2008-04-23 18:30:00+00:00,ME01,1.8505915973025748,0.053082227805581736,-0.0735925477452703,0.5325175296846704,-0.5244614987169867,0.5248256534270994,-0.2777314493336072,-0.12358065410923252,0.04119027538788355
2008-04-23 18:40:00+00:00,ME01,2.255335725463803,0.7651221192317209,-0.3171671019432593,0.5325175296846704,-0.5244614987169867,0.5248256534270994,-0.2777314493336072,-0.12358065410923252,0.04119027538788355
2008-04-23 18:50:00+00:00,ME01,1.9500675222799484,0.703242575145797,0.10190992049466117,0.5325175296846704,-0.5244614987169867,0.5248256534270994,-0.2777314493336072,-0.12358065410923252,0.04119027538788355
2008-04-23 19:00:00+00:00,ME01,1.597561876209152,0.2970105384356139,-0.5653794300072139,0.5325175296846704,-0.8950467739406072,0.6844683030121295,-0.6744907594765952,-0.12358065410923252,0.04119027538788355
2008-04-23 19:10:00+00:00,ME01,1.7789882096448404,0.28155857125958883,-0.050066976182606984,0.5325175296846704,-0.8950467739406072,0.6844683030121295,-0.6744907594765952,-0.12358065410923252,0.04119027538788355
2008-04-23 19:20:00+00:00,ME01,1.6498761357893885,2.148477907083874,1.6901031913779718,0.5325175296846704,-0.8950467739406072,0.6844683030121295,-0.6744907594765952,-0.12358065410923252,0.04119027538788355
2008-04-23 19:30:00+00:00,ME01,1.6312729880843824,0.8306516819997032,0.637957226551377,0.5325175296846704,-0.8950467739406072,0.6844683030121295,-0.6744907594765952,-0.12358065410923252,0.04119027538788355
2008-04-23 19:40:00+00:00,ME01,1.7828412699859408,0.914247609513094,-0.7466337487598144,0.5325175296846704,-0.8950467739406072,0.6844683030121295,-0.6744907594765952,-0.12358065410923252,0.04119027538788355
2008-04-23 19:50:00+00:00,ME01,1.4712605168031259,1.0679525094216609,-0.7647802789468918,0.5325175296846704,-0.8950467739406072,0.6844683030121295,-0.6744907594765952,-0.12358065410923252,0.04119027538788355
2008-04-23 20:00:00+00:00,ME01,1.3831832084917421,3.3474598515786704,-0.8352308083638718,0.6744907594765965,-0.9219749752282201,0.915950437862946,-0.6744907594765952,-0.12358065410923252,0.04119027538788355
2008-04-23 20:10:00+00:00,ME01,1.6751428807905293,1.0033096690110563,-0.895292072682163,0.6744907594765965,-0.9219749752282201,0.915950437862946,-0.6744907594765952,-0.12358065410923252,0.04119027538788355
2008-04-23 20:20:00+00:00,ME01,1.507683313603988,1.2619479464635435,-0.7929290794094428,0.6744907594765965,-0.9219749752282201,0.915950437862946,-0.6744907594765952,-0.12358065410923252,0.04119027538788355
2008-04-23 20:30:00+00:00,ME01,1.4600145984448705,1.6693692773031878,-0.8206465855959311,0.6744907594765965,-0.9219749752282201,0.915950437862946,-0.6744907594765952,-0.12358065410923252,0.04119027538788355
2008-04-23 20:40:00+00:00,ME01,1.3488276801601429,3.562144674761309,-0.9331527520126317,0.6744907594765965,-0.9219749752282201,0.915950437862946,-0.6744907594765952,-0.12358065410923252,0.04119027538788355
2008-04-23 20:50:00+00:00,ME01,1.358719240716347,0.7292658856069292,-1.1042884567415574,0.6744907594765965,-0.9219749752282201,0.915950437862946,-0.6744907594765952,-0.12358065410923252,0.04119027538788355
2008-04-23 21:00:00+00:00,ME01,1.2319901652394478,3.052451207328615,-1.0839276223483616,0.8638198439898168,-1.0027601169397464,1.0037538811845985,-0.6744907594765952,-0.12358065410923252,0.04119027538788355
2008-04-23 21:10:00+00:00,ME01,1.1271244835753067,2.464184225646929,-1.1914013225013698,0.8638198439898168,-1.0027601169397464,1.0037538811845985,-0.6744907594765952,-0.12358065410923252,0.04119027538788355
2008-04-23 21:20:00+00:00,ME01,1.1980573331427908,2.250295012787529,-1.2228915765308754,0.8638198439898168,-1.0027601169397464,1.0037538811845985,-0.6744907594765952,-0.12358065410923252,0.04119027538788355
2008-04-23 21:30:00+00:00,ME01,1.2856175473160898,2.15348164020858,-1.3498724651307785,0.8638198439898168,-1.0027601169397464,1.0037538811845985,-0.6744907594765952,-0.12358065410923252,0.04119027538788355
2008-04-23 21:40:00+00:00,ME01,0.9711129032222547,0.8650952870157878,-1.2993986349363313,0.8638198439898168,-1.0027601169397464,1.0037538811845985,-0.6744907594765952,-0.12358065410923252,0.04119027538788355
2008-04-23 21:50:00+00:00,ME01,0.9307738361959998,-0.10769801977832741,-1.2143907978618071,0.8638198439898168,-1.0027601169397464,1.0037538811845985,-0.6744907594765952,-0.12358065410923252,0.04119027538788355
2008-04-23 22:00:00+00:00,ME01,0.964429118443317,0.22703758127784432,-1.377467014020232,1.0531960956890158,-1.1797177134491397,1.0157272682300795,-0.6744907594765952,-0.12358065410923252,0.04119027538788355
2008-04-23 22:10:00+00:00,ME01,1.1008285148620407,-0.07285361311457408,-1.3033984743735096,1.0531960956890158,-1.1797177134491397,1.0157272682300795,-0.6744907594765952,-0.12358065410923252,0.04119027538788355
2008-04-23 22:20:00+00:00,ME01,0.8030798610776395,0.032355769564636636,-1.4100029826199663,1.0531960956890158,-1.1797177134491397,1.0157272682300795,-0.6744907594765952,-0.12358065410923252,0.04119027538788355
2008-04-23 22:30:00+00:00,ME01,0.8752123574559845,1.6979733397661378,-1.4234105576009943,1.0531960956890158,-1.1797177134491397,1.0157272682300795,-0.6744907594765952,-0.12358065410923252,0.04119027538788355
2008-04-23 22:40:00+00:00,ME01,0.8365549003914036,0.7533956194341421,-1.3037336326444047,1.0531960956890158,-1.1797177134491397,1.0157272682300795,-0.6744907594765952,-0.12358065410923252,0.04119027538788355
2008-04-23 22:50:00+00:00,ME01,0.8200645026509344,0.031244260157127373,-1.368864243851949,1.0531960956890158,-1.1797177134491397,1.0157272682300795,-0.6744907594765952,-0.12358065410923252,0.04119027538788355
2008-04-23 23:00:00+00:00,ME01,0.7844423085931093,-0.10523154053364349,-1.419589217600438,1.2425251802022361,-1.1656123627082593,1.0636199794048722,-0.6744907594765952,-0.12358065410923252,0.04119027538788355
2008-04-23 23:10:00+00:00,ME01,1.060802898224545,22.5549665857946,-1.3322851177023642,1.2425251802022361,-1.1656123627082593,1.0636199794048722,-0.6744907594765952,-0.12358065410923252,0.04119027538788355
2008-04-23 23:20:00+00:00,ME01,0.6618458795181459,7.0643354008078685,-1.3989521963650324,1.2425251802022361,-1.1656123627082593,1.0636199794048722,-0.6744907594765952,-0.12358065410923252,0.04119027538788355
2008-04-23 23:30:00+00:00,ME01,0.7811274060940323,-0.04062060822454858,-1.4358481833339491,1.2425251802022361,-1.1656123627082593,1.0636199794048722,-0.6744907594765952,-0.12358065410923252,0.04119027538788355
2008-04-23 23:40:00+00:00,ME01,0.7081810128401725,-0.12925677811024572,-1.4444987645657101,1.2425251802022361,-1.1656123627082593,1.0636199794048722,-0.6744907594765952,-0.12358065410923252,0.04119027538788355
2008-04-23 23:50:00+00:00,ME01,0.48254126990319746,-0.17398896263602529,-1.4583439715663848,1.2425251802022361,-1.1656123627082593,1.0636199794048722,-0.6744907594765952,-0.12358065410923252,0.04119027538788355
2008-04-24 00:00:00+00:00,ME01,0.6531230195429126,-0.32653100111604877,-1.4755451939982995,1.6448141094033477,-1.1771529819851871,0.8800308347312572,-0.6348148381432227,-0.12358065410923252,0.020595137693941407
2008-04-24 00:10:00+00:00,ME01,0.5109860379873747,0.0976245621271018,-1.4736657164332925,1.6448141094033477,-1.1771529819851871,0.8800308347312572,-0.6348148381432227,-0.12358065410923252,0.020595137693941407
2008-04-24 00:20:00+00:00,ME01,0.6522411668055442,-0.09365438423068241,-1.490439487278713,1.6448141094033477,-1.1771529819851871,0.8800308347312572,-0.6348148381432227,-0.12358065410923252,0.020595137693941407
2008-04-24 00:30:00+00:00,ME01,0.5432614085652314,1.4461669470802205,-1.4358119253208497,1.6448141094033477,-1.1771529819851871,0.8800308347312572,-0.6348148381432227,-0.12358065410923252,0.020595137693941407
2008-04-24 00:40:00+00:00,ME01,0.6379481725966646,-0.17297245582484444,-1.3950101510461783,1.6448141094033477,-1.1771529819851871,0.8800308347312572,-0.6348148381432227,-0.12358065410923252,0.020595137693941407
2008-04-24 00:50:00+00:00,ME01,0.4493816854654559,0.17135467980360042,-1.3359763033320537,1.6448141094033477,-1.1771529819851871,0.8800308347312572,-0.6348148381432227,-0.12358065410923252,0.020595137693941407
2008-04-24 01:00:00+00:00,ME01,0.2557867111872912,-0.25000550987552816,-1.4572654443211286,1.4554850248901274,-1.1540717434313315,0.8401201025843975,1.4680093797625713,-0.12358065410923252,0.020595137693941407
2008-04-24 01:10:00+00:00,ME01,0.3670136515298051,-0.18491631510320206,-1.447287988987522,1.4554850248901274,-1.1540717434313315,0.8401201025843975,1.4680093797625713,-0.12358065410923252,0.020595137693941407
2008-04-24 01:20:00+00:00,ME01,0.24299274726157669,-0.24134128271115748,-1.4389482819869748,1.4554850248901274,-1.1540717434313315,0.8401201025843975,1.4680093797625713,-0.12358065410923252,0.020595137693941407
2008-04-24 01:30:00+00:00,ME01,0.46972473714028123,0.10555384037971424,-1.4657703201218848,1.4554850248901274,-1.1540717434313315,0.8401201025843975,1.4680093797625713,-0.12358065410923252,0.020595137693941407
2008-04-24 01:40:00+00:00,ME01,0.29171918626456955,-0.22385857011925317,-1.390673861129213,1.4554850248901274,-1.1540717434313315,0.8401201025843975,1.4680093797625713,-0.12358065410923252,0.020595137693941407
2008-04-24 01:50:00+00:00,ME01,0.2145537296935015,-0.26386815714555156,-1.3795736218966352,1.4554850248901274,-1.1540717434313315,0.8401201025843975,1.4680093797625713,-0.12358065410923252,0.020595137693941407
2008-04-24 02:00:00+00:00,ME01,0.1316629346969522,-0.16790262636726677,-1.405122477182898,1.6448141094033477,-1.1925408329202158,0.77626315435133,-0.6744907594765952,-0.12358065410923252,0.020595137693941407
2008-04-24 02:10:00+00:00,ME01,0.030511515876134515,-0.3737210907261817,-1.1398873698286374,1.6448141094033477,-1.1925408329202158,0.77626315435133,-0.6744907594765952,-0.12358065410923252,0.020595137693941407
2008-04-24 02:20:00+00:00,ME01,0.07763522553487091,-0.4176531773765736,-1.1237089665035433,1.6448141094033477,-1.1925408329202158,0.77626315435133,-0.6744907594765952,-0.12358065410923252,0.020595137693941407
2008-04-24 02:30:00+00:00,ME01,-0.18614612219692916,-0.3847878364012263,-1.4301508026857055,1.6448141094033477,-1.1925408329202158,0.77626315435133,-0.6744907594765952,-0.12358065410923252,0.020595137693941407
2008-04-24 02:40:00+00:00,ME01,0.040151814294395106,-0.5199497893848009,-1.3148260135812389,1.6448141094033477,-1.1925408329202158,0.77626315435133,-0.6744907594765952,-0.12358065410923252,0.020595137693941407
2008-04-24 02:50:00+00:00,ME01,-0.14288384966804882,-0.43782783562681915,-1.0534324766828582,1.6448141094033477,-1.1925408329202158,0.77626315435133,-0.6744907594765952,-0.12358065410923252,0.020595137693941407
2008-04-24 03:00:00+00:00,ME01,-0.038126330971906264,-0.27794805505974374,-0.9469554386798945,1.621183349228678,-1.4515658024109401,0.7163970561310562,-0.6744907594765952,-0.12358065410923252,0.020595137693941407
2008-04-24 03:10:00+00:00,ME01,-0.04285123574376811,-0.23000634802643735,-0.6653632274056731,1.621183349228678,-1.4515658024109401,0.7163970561310562,-0.6744907594765952,-0.12358065410923252,0.020595137693941407
2008-04-24 03:20:00+00:00,ME01,-0.2648418652494349,-0.526650479364027,-1.2351683271768459,1.621183349228678,-1.4515658024109401,0.7163970561310562,-0.6744907594765952,-0.12358065410923252,0.020595137693941407
2008-04-24 03:30:00+00:00,ME01,-0.16101644195668527,-0.557885500047769,-1.195195738818726,1.621183349228678,-1.4515658024109401,0.7163970561310562,-0.6744907594765952,-0.12358065410923252,0.020595137693941407
2008-04-24 03:40:00+00:00,ME01,-0.2169137190881701,-0.6205339022649209,-1.005264365320868,1.621183349228678,-1.4515658024109401,0.7163970561310562,-0.6744907594765952,-0.12358065410923252,0.020595137693941407
2008-04-24 03:50:00+00:00,ME01,-0.2136544061770411,-0.5903029167922101,-0.89086239027,1.621183349228678,-1.4515658024109401,0.7163970561310562,-0.6744907594765952,-0.12358065410923252,0.020595137693941407
2008-04-24 04:00:00+00:00,ME01,-0.3134740139245823,1.4250818652546877,-0.5478577594034156,1.7868345063812512,-1.5041399737163617,0.7163970561310562,-0.6744907594765952,-0.12358065410923252,0.020595137693941407
2008-04-24 04:10:00+00:00,ME01,-0.21912533572315193,-0.25819486715607803,-0.5193538150527205,1.7868345063812512,-1.5041399737163617,0.7163970561310562,-0.6744907594765952,-0.12358065410923252,0.020595137693941407
2008-04-24 04:20:00+00:00,ME01,-0.21838312325724485,-0.4538123245820926,-0.6509853374042509,1.7868345063812512,-1.5041399737163617,0.7163970561310562,-0.6744907594765952,-0.12358065410923252,0.020595137693941407
2008-04-24 04:30:00+00:00,ME01,-0.10213898735594729,-0.15827403527073114,-0.36585666224430957,1.7868345063812512,-1.5041399737163617,0.7163970561310562,-0.6744907594765952,-0.12358065410923252,0.020595137693941407
2008-04-24 04:40:00+00:00,ME01,-0.0131311266878852,-0.4309689121156602,-0.4438167102663879,1.7868345063812512,-1.5041399737163617,0.7163970561310562,-0.6744907594765952,-0.12358065410923252,0.020595137693941407
2008-04-24 04:50:00+00:00,ME01,-0.09133548900323922,-0.516851597142216,0.13792202107591894,1.7868345063812512,-1.5041399737163617,0.7163970561310562,-0.6744907594765952,-0.12358065410923252,0.020595137693941407
2008-04-24 05:00:00+00:00,ME01,-0.14227883018079915,-0.7224677792303025,-0.12878850755233862,1.4318542647154577,-1.1168848852122515,0.8241558655261227,-0.6744907594765952,-0.12358065410923252,0.020595137693941407
2008-04-24 05:10:00+00:00,ME01,-0.15851314209120904,-0.6556640721433988,-0.029982965150044748,1.4318542647154577,-1.1168848852122515,0.8241558655261227,-0.6744907594765952,-0.12358065410923252,0.020595137693941407
2008-04-24 05:20:00+00:00,ME01,-0.050166170054020326,-0.49613376865151404,0.20243878776725738,1.4318542647154577,-1.1168848852122515,0.8241558655261227,-0.6744907594765952,-0.12358065410923252,0.020595137693941407
2008-04-24 05:30:00+00:00,ME01,-0.16564798486375168,-0.41969707858965155,-0.12547696981076764,1.4318542647154577,-1.1168848852122515,0.8241558655261227,-0.6744907594765952,-0.12358065410923252,0.020595137693941407
2008-04-24 05:40:00+00:00,ME01,-0.2688741396376614,-0.5460465549824062,0.044663031776358206,1.4318542647154577,-1.1168848852122515,0.8241558655261227,-0.6744907594765952,-0.12358065410923252,0.020595137693941407
2008-04-24 05:50:00+00:00,ME01,-0.2662888343320211,-0.31591497276889846,0.260490683977463,1.4318542647154577,-1.1168848852122515,0.8241558655261227,-0.6744907594765952,-0.12358065410923252,0.020595137693941407
2008-04-24 06:00:00+00:00,ME01,-0.2747960037079514,-0.5432033666064553,0.0740799921127713,1.597505421868031,0.46034643921029295,1.1194949486100068,-0.6744907594765952,-0.12358065410923252,0.04119027538788355
2008-04-24 06:10:00+00:00,ME01,-0.3404027435095656,-0.390989710721058,0.30471529098041467,1.597505421868031,0.46034643921029295,1.1194949486100068,-0.6744907594765952,-0.12358065410923252,0.04119027538788355
2008-04-24 06:20:00+00:00,ME01,-0.43244478015756327,0.42552472364769617,0.5095241237731812,1.597505421868031,0.46034643921029295,1.1194949486100068,-0.6744907594765952,-0.12358065410923252,0.04119027538788355
2008-04-24 06:30:00+00:00,ME01,-0.593243235244026,-0.46651764959246483,0.10736954939544877,1.597505421868031,0.46034643921029295,1.1194949486100068,-0.6744907594765952,-0.12358065410923252,0.04119027538788355
2008-04-24 06:40:00+00:00,ME01,-0.41745299863892,-0.5107783774330736,0.010232565232754664,1.597505421868031,0.46034643921029295,1.1194949486100068,-0.6744907594765952,-0.12358065410923252,0.04119027538788355
2008-04-24 06:50:00+00:00,ME01,-0.4295311257139502,-0.6367593351429238,0.15928292291198307,1.597505421868031,0.46034643921029295,1.1194949486100068,-0.6744907594765952,-0.12358065410923252,0.04119027538788355
2008-04-24 07:00:00+00:00,ME01,-0.5343935645345353,-0.6045146958436178,0.17467946143651777,1.5738274945073838,0.3372452452761255,1.2352360160353835,-0.5554629954764779,-0.12358065410923252,0.04119027538788355
2008-04-24 07:10:00+00:00,ME01,-0.537045477143958,-0.34272642581990365,0.23995769648748896,1.5738274945073838,0.3372452452761255,1.2352360160353835,-0.5554629954764779,-0.12358065410923252,0.04119027538788355
2008-04-24 07:20:00+00:00,ME01,-0.47621288593972616,-0.6130285417362324,0.2388851706559896,1.5738274945073838,0.3372452452761255,1.2352360160353835,-0.5554629954764779,-0.12358065410923252,0.04119027538788355
2008-04-24 07:30:00+00:00,ME01,-0.4087921104761674,-0.5847652781753941,0.19031582143447917,1.5738274945073838,0.3372452452761255,1.2352360160353835,-0.5554629954764779,-0.12358065410923252,0.04119027538788355
2008-04-24 07:40:00+00:00,ME01,-0.6356910082763849,-0.561393685663787,0.08853093866819786,1.5738274945073838,0.3372452452761255,1.2352360160353835,-0.5554629954764779,-0.12358065410923252,0.04119027538788355
2008-04-24 07:50:00+00:00,ME01,0.4713480861744032,-0.5962424005797587,0.7089911554702047,1.5738274945073838,0.3372452452761255,1.2352360160353835,-0.5554629954764779,-0.12358065410923252,0.04119027538788355
2008-04-24 08:00:00+00:00,ME01,-0.567608167204133,-0.446025973038006,0.22783011957203664,1.0058402409677216,0.8232377889663991,1.4148343106962364,-0.15870368533348983,-0.12358065410923252,0.04119027538788355
2008-04-24 08:10:00+00:00,ME01,-0.6741689736126167,0.24825788407500346,0.01586010063106908,1.0058402409677216,0.8232377889663991,1.4148343106962364,-0.15870368533348983,-0.12358065410923252,0.04119027538788355
2008-04-24 08:20:00+00:00,ME01,-0.520640367029883,3.8706655471238065,1.105927154360498,1.0058402409677216,0.8232377889663991,1.4148343106962364,-0.15870368533348983,-0.12358065410923252,0.04119027538788355
2008-04-24 08:30:00+00:00,ME01,-0.017642144292332004,26.692418021752797,0.637414853030139,1.0058402409677216,0.8232377889663991,1.4148343106962364,-0.15870368533348983,-0.12358065410923252,0.04119027538788355
2008-04-24 08:40:00+00:00,ME01,-0.5114486961795894,-0.5190814309449318,0.8349994841718015,1.0058402409677216,0.8232377889663991,1.4148343106962364,-0.15870368533348983,-0.12358065410923252,0.04119027538788355
2008-04-24 08:50:00+00:00,ME01,-0.5039997327895223,10.248889317763487,0.0972843934738544,1.0058402409677216,0.8232377889663991,1.4148343106962364,-0.15870368533348983,-0.12358065410923252,0.04119027538788355
2008-04-24 09:00:00+00:00,ME01,-0.6523195373568152,6.201774563943615,0.025220303770054915,1.0295181683283687,0.5398490807276712,1.4148343106962364,1.1902778336197006,-0.12358065410923252,0.04119027538788355
2008-04-24 09:10:00+00:00,ME01,-0.5446950369449397,-0.260911011637438,0.3410779392768829,1.0295181683283687,0.5398490807276712,1.4148343106962364,1.1902778336197006,-0.12358065410923252,0.04119027538788355
2008-04-24 09:20:00+00:00,ME01,-0.5993575821131227,-0.5381426821374775,0.3190224251796546,1.0295181683283687,0.5398490807276712,1.4148343106962364,1.1902778336197006,-0.12358065410923252,0.04119027538788355
2008-04-24 09:30:00+00:00,ME01,-0.45271678989269565,-0.3774874044005442,0.27408560319000247,1.0295181683283687,0.5398490807276712,1.4148343106962364,1.1902778336197006,-0.12358065410923252,0.04119027538788355
2008-04-24 09:40:00+00:00,ME01,-0.653985385013299,-0.37577637170544836,0.15935168420702997,1.0295181683283687,0.5398490807276712,1.4148343106962364,1.1902778336197006,-0.12358065410923252,0.04119027538788355
2008-04-24 09:50:00+00:00,ME01,-0.5908362745779001,-0.4509136992441509,0.14559692197215393,1.0295181683283687,0.5398490807276712,1.4148343106962364,1.1902778336197006,-0.12358065410923252,0.04119027538788355
2008-04-24 10:00:00+00:00,ME01,-0.6773742413238353,-0.588179600214909,0.49481645354595705,0.6744907594765965,0.8988934677500202,1.5425484861647485,0.6744907594765952,-0.12358065410923252,0.04119027538788355
2008-04-24 10:10:00+00:00,ME01,-0.564162493588271,-0.7093821512884255,0.44740573711882753,0.6744907594765965,0.8988934677500202,1.5425484861647485,0.6744907594765952,-0.12358065410923252,0.04119027538788355
2008-04-24 10:20:00+00:00,ME01,-0.5879664696608076,-0.44708922465689493,0.2921496110614856,0.6744907594765965,0.8988934677500202,1.5425484861647485,0.6744907594765952,-0.12358065410923252,0.04119027538788355
2008-04-24 10:30:00+00:00,ME01,-0.2841868461604881,-0.6017283572466378,0.39801191487363946,0.6744907594765965,0.8988934677500202,1.5425484861647485,0.6744907594765952,-0.12358065410923252,0.04119027538788355
2008-04-24 10:40:00+00:00,ME01,-0.552126365863906,-0.4919041305417209,0.2559184373733766,0.6744907594765965,0.8988934677500202,1.5425484861647485,0.6744907594765952,-0.12358065410923252,0.04119027538788355
2008-04-24 10:50:00+00:00,ME01,-0.5715461006381907,-0.5077111918519066,0.5018729859344233,0.6744907594765965,0.8988934677500202,1.5425484861647485,0.6744907594765952,-0.12358065410923252,0.04119027538788355
2008-04-24 11:00:00+00:00,ME01,-0.5051675919819253,-0.584519569730419,0.2375139655035156,0.1301814332975814,0.8886350797428965,1.438780526782444,2.6582872133822715,-0.12358065410923252,0.04119027538788355
2008-04-24 11:10:00+00:00,ME01,-0.5039634008273576,-0.6102476531604609,-0.08460084332663054,0.1301814332975814,0.8886350797428965,1.438780526782444,2.6582872133822715,-0.12358065410923252,0.04119027538788355
2008-04-24 11:20:00+00:00,ME01,-0.5682798360580767,-0.46770273166139337,0.2669481246296683,0.1301814332975814,0.8886350797428965,1.438780526782444,2.6582872133822715,-0.12358065410923252,0.04119027538788355
2008-04-24 11:30:00+00:00,ME01,-0.5435109224398786,-0.6472571149738016,0.14936344037153576,0.1301814332975814,0.8886350797428965,1.438780526782444,2.6582872133822715,-0.12358065410923252,0.04119027538788355
2008-04-24 11:40:00+00:00,ME01,-0.5466854378170735,-0.5818571349479492,0.0554986729912652,0.1301814332975814,0.8886350797428965,1.438780526782444,2.6582872133822715,-0.12358065410923252,0.04119027538788355
2008-04-24 11:50:00+00:00,ME01,-0.5436104251539257,-0.4659147981700841,0.0013366963277974741,0.1301814332975814,0.8886350797428965,1.438780526782444,2.6582872133822715,-0.12358065410923252,0.04119027538788355
2008-04-24 12:00:00+00:00,ME01,-0.6879232528927526,-0.705619456364899,-0.174014416334745,0.3904971327067654,1.211775108740314,1.4427716557976151,-0.23805552800023472,-0.12358065410923252,0.061785413081824954
2008-04-24 12:10:00+00:00,ME01,-0.6105921270871504,-0.568026060577101,-0.1116071339483058,0.3904971327067654,1.211775108740314,1.4427716557976151,-0.23805552800023472,-0.12358065410923252,0.061785413081824954
2008-04-24 12:20:00+00:00,ME01,0.451574733486787,2.2122637986178093,-0.2517125728644864,0.3904971327067654,1.211775108740314,1.4427716557976151,-0.23805552800023472,-0.12358065410923252,0.061785413081824954
2008-04-24 12:30:00+00:00,ME01,-0.7095983160795399,2.3733500800760807,0.07124715153753107,0.3904971327067654,1.211775108740314,1.4427716557976151,-0.23805552800023472,-0.12358065410923252,0.061785413081824954
2008-04-24 12:40:00+00:00,ME01,-0.6226997922907315,5.171903596152869,0.1944487931870634,0.3904971327067654,1.211775108740314,1.4427716557976151,-0.23805552800023472,-0.12358065410923252,0.061785413081824954
2008-04-24 12:50:00+00:00,ME01,-0.5432240818993641,6.188234593364237,0.12855671311181624,0.3904971327067654,1.211775108740314,1.4427716557976151,-0.23805552800023472,-0.12358065410923252,0.061785413081824954
2008-04-24 13:00:00+00:00,ME01,-0.6761363599693443,3.388266144634321,-0.07545253777559822,-0.46148374760272787,1.0835449897269283,1.3948789446228222,2.3805556672394013,-0.12358065410923252,0.061785413081824954
2008-04-24 13:10:00+00:00,ME01,-0.7525507083062108,2.2728726628764138,0.10425568004403972,-0.46148374760272787,1.0835449897269283,1.3948789446228222,2.3805556672394013,-0.12358065410923252,0.061785413081824954
2008-04-24 13:20:00+00:00,ME01,-0.6448582066221864,0.5296996090105174,0.49710181909667844,-0.46148374760272787,1.0835449897269283,1.3948789446228222,2.3805556672394013,-0.12358065410923252,0.061785413081824954
2008-04-24 13:30:00+00:00,ME01,-0.7600034573001502,0.08634119112387073,-0.021106502767125328,-0.46148374760272787,1.0835449897269283,1.3948789446228222,2.3805556672394013,-0.12358065410923252,0.061785413081824954
2008-04-24 13:40:00+00:00,ME01,-0.6968769841040073,-0.005393696656071323,-0.06365260471004643,-0.46148374760272787,1.0835449897269283,1.3948789446228222,2.3805556672394013,-0.12358065410923252,0.061785413081824954
2008-04-24 13:50:00+00:00,ME01,-0.7344042994570049,-0.3610401004044442,0.12343133013700747,-0.46148374760272787,1.0835449897269283,1.3948789446228222,2.3805556672394013,-0.12358065410923252,0.061785413081824954
2008-04-24 14:00:00+00:00,ME01,-0.7135148398867062,-0.3605604332013159,-0.06179436761495477,0.3668663725320958,0.9732671841881799,1.2272540370074505,2.7376390560490167,-0.12358065410923252,0.061785413081824954
2008-04-24 14:10:00+00:00,ME01,-0.7638945351445817,-0.5692677245554982,-0.021289744491046134,0.3668663725320958,0.9732671841881799,1.2272540370074505,2.7376390560490167,-0.12358065410923252,0.061785413081824954
2008-04-24 14:20:00+00:00,ME01,-0.8107209597597449,-0.7301815347009397,0.09171205290966501,0.3668663725320958,0.9732671841881799,1.2272540370074505,2.7376390560490167,-0.12358065410923252,0.061785413081824954
2008-04-24 14:30:00+00:00,ME01,-0.7228986598454353,-0.7757952165421671,-0.2766257371382836,0.3668663725320958,0.9732671841881799,1.2272540370074505,2.7376390560490167,-0.12358065410923252,0.061785413081824954
2008-04-24 14:40:00+00:00,ME01,-0.8041758787370452,-0.5642042701303888,-0.022807033645422616,0.3668663725320958,0.9732671841881799,1.2272540370074505,2.7376390560490167,-0.12358065410923252,0.061785413081824954
2008-04-24 14:50:00+00:00,ME01,-0.6895797225181862,-0.7355322397331816,0.18514650679011707,0.3668663725320958,0.9732671841881799,1.2272540370074505,2.7376390560490167,-0.12358065410923252,0.061785413081824954
2008-04-24 15:00:00+00:00,ME01,-0.6848584657503397,-0.34001870117312955,-0.051468560586229783,-0.035469723854993154,1.016865467680626,1.1394503146834207,1.9044445144296684,-0.12358065410923252,0.061785413081824954
2008-04-24 15:10:00+00:00,ME01,-0.7732393290817644,-0.7693133808386512,-0.1366476498993141,-0.035469723854993154,1.016865467680626,1.1394503146834207,1.9044445144296684,-0.12358065410923252,0.061785413081824954
2008-04-24 15:20:00+00:00,ME01,-0.6675473931728096,-0.7000522897903182,0.15554847678443695,-0.035469723854993154,1.016865467680626,1.1394503146834207,1.9044445144296684,-0.12358065410923252,0.061785413081824954
2008-04-24 15:30:00+00:00,ME01,-0.8374018538982488,5.289674457446603,0.0447840325663267,-0.035469723854993154,1.016865467680626,1.1394503146834207,1.9044445144296684,-0.12358065410923252,0.061785413081824954
2008-04-24 15:40:00+00:00,ME01,-0.8342371593029568,-0.754719894856042,-0.029747393091565617,-0.035469723854993154,1.016865467680626,1.1394503146834207,1.9044445144296684,-0.12358065410923252,0.061785413081824954
2008-04-24 15:50:00+00:00,ME01,-0.8047998778954324,-0.7565270764332012,0.3092715583568025,-0.035469723854993154,1.016865467680626,1.1394503146834207,1.9044445144296684,-0.12358065410923252,0.061785413081824954
2008-04-24 16:00:00+00:00,ME01,-0.7762923783683905,-0.7371196025332251,0.11799854207913284,0.3668663725320958,0.6757731252085712,1.099539582536561,0.15870368533348983,-0.12358065410923252,0.061785413081824954
2008-04-24 16:10:00+00:00,ME01,-0.7049194007453109,-0.5784775759343582,-0.11874644905585356,0.3668663725320958,0.6757731252085712,1.099539582536561,0.15870368533348983,-0.12358065410923252,0.061785413081824954
2008-04-24 16:20:00+00:00,ME01,-0.787931271464121,-0.5821792003238134,-0.14053234666132644,0.3668663725320958,0.6757731252085712,1.099539582536561,0.15870368533348983,-0.12358065410923252,0.061785413081824954
2008-04-24 16:30:00+00:00,ME01,-0.8437419495592332,-0.6746305462762614,0.055026491482975025,0.3668663725320958,0.6757731252085712,1.099539582536561,0.15870368533348983,-0.12358065410923252,0.061785413081824954
2008-04-24 16:40:00+00:00,ME01,-0.7542458643448283,-0.8058336668219116,-0.08880419485647639,0.3668663725320958,0.6757731252085712,1.099539582536561,0.15870368533348983,-0.12358065410923252,0.061785413081824954
2008-04-24 16:50:00+00:00,ME01,-0.6960194147662725,3.1331226785435895,-0.04157783947491189,0.3668663725320958,0.6757731252085712,1.099539582536561,0.15870368533348983,-0.12358065410923252,0.061785413081824954
2008-04-24 17:00:00+00:00,ME01,-0.8426200968462332,-0.5160871767759909,0.036060316548062125,0.9111756987111109,-0.05770349977115537,0.8880130927615674,1.071250069619583,-0.12358065410923252,0.061785413081824954
2008-04-24 17:10:00+00:00,ME01,-0.7939509977121416,-0.37434413245334935,-0.05845895476068662,0.9111756987111109,-0.05770349977115537,0.8880130927615674,1.071250069619583,-0.12358065410923252,0.061785413081824954
2008-04-24 17:20:00+00:00,ME01,-0.9520615721946795,2.656493341373231,-0.13228166799930374,0.9111756987111109,-0.05770349977115537,0.8880130927615674,1.071250069619583,-0.12358065410923252,0.061785413081824954
2008-04-24 17:30:00+00:00,ME01,-0.7793920542632887,-0.6730323136567866,-0.06743710746009945,0.9111756987111109,-0.05770349977115537,0.8880130927615674,1.071250069619583,-0.12358065410923252,0.061785413081824954
2008-04-24 17:40:00+00:00,ME01,-0.8991188314562941,5.686273737136968,0.15499172409278866,0.9111756987111109,-0.05770349977115537,0.8880130927615674,1.071250069619583,-0.12358065410923252,0.061785413081824954
2008-04-24 17:50:00+00:00,ME01,-0.8438590440990504,0.6155030557315359,-0.09488027091149845,0.9111756987111109,-0.05770349977115537,0.8880130927615674,1.071250069619583,-0.12358065410923252,0.061785413081824954
2008-04-24 18:00:00+00:00,ME01,-0.8118027945593634,4.208568781266952,0.026838045647825392,0.3195105178108017,-0.586011826759727,0.8760397057160864,-0.6744907594765952,-0.12358065410923252,0.0823805507757671
2008-04-24 18:10:00+00:00,ME01,-0.7363610554098545,14.71246367693675,-0.12871320998529232,0.3195105178108017,-0.586011826759727,0.8760397057160864,-0.6744907594765952,-0.12358065410923252,0.0823805507757671
2008-04-24 18:20:00+00:00,ME01,-0.807930462237776,6.887357735038512,-0.27713098859577,0.3195105178108017,-0.586011826759727,0.8760397057160864,-0.6744907594765952,-0.12358065410923252,0.0823805507757671
2008-04-24 18:30:00+00:00,ME01,-0.6478542136381487,5.400866187927487,-0.00821383552454628,0.3195105178108017,-0.586011826759727,0.8760397057160864,-0.6744907594765952,-0.12358065410923252,0.0823805507757671
2008-04-24 18:40:00+00:00,ME01,-0.6469963994645659,6.6872208584705675,-0.20818420244081356,0.3195105178108017,-0.586011826759727,0.8760397057160864,-0.6744907594765952,-0.12358065410923252,0.0823805507757671
2008-04-24 18:50:00+00:00,ME01,-0.7757621309412636,2.5891726842267087,-0.2766005121917464,0.3195105178108017,-0.586011826759727,0.8760397057160864,-0.6744907594765952,-0.12358065410923252,0.0823805507757671
2008-04-24 19:00:00+00:00,ME01,-0.7469977077645948,-0.45782809036289573,-0.6186686914076553,0.8874977713504638,-0.46034643921029395,1.0755933664503534,-0.11902776400011736,-0.12358065410923252,0.0823805507757671
2008-04-24 19:10:00+00:00,ME01,-0.8379572035996947,-0.6540719036485847,-0.6454420197853751,0.8874977713504638,-0.46034643921029395,1.0755933664503534,-0.11902776400011736,-0.12358065410923252,0.0823805507757671
2008-04-24 19:20:00+00:00,ME01,-0.8937013815922378,0.14343939281718332,-0.8111720400430352,0.8874977713504638,-0.46034643921029395,1.0755933664503534,-0.11902776400011736,-0.12358065410923252,0.0823805507757671
2008-04-24 19:30:00+00:00,ME01,-0.8669836951641257,1.0128027179207926,-0.6460726350700137,0.8874977713504638,-0.46034643921029395,1.0755933664503534,-0.11902776400011736,-0.12358065410923252,0.0823805507757671
2008-04-24 19:40:00+00:00,ME01,-0.8567902787494841,5.345787012477455,-0.6562274543010691,0.8874977713504638,-0.46034643921029395,1.0755933664503534,-0.11902776400011736,-0.12358065410923252,0.0823805507757671
2008-04-24 19:50:00+00:00,ME01,-0.8448524825199757,-0.12214271845707297,-0.6643103456237482,0.8874977713504638,-0.46034643921029395,1.0755933664503534,-0.11902776400011736,-0.12358065410923252,0.0823805507757671
2008-04-24 20:00:00+00:00,ME01,-0.9177377991029806,0.24465217050960428,-0.7452371199168057,0.8874977713504638,-0.679620087942329,1.2033075419188655,-0.6744907594765952,-0.12358065410923252,0.0823805507757671
2008-04-24 20:10:00+00:00,ME01,-0.884808464665458,-0.41984190411315603,-0.8023167523348871,0.8874977713504638,-0.679620087942329,1.2033075419188655,-0.6744907594765952,-0.12358065410923252,0.0823805507757671
2008-04-24 20:20:00+00:00,ME01,-0.8667222047189327,0.21424845653332278,-0.9587292242212572,0.8874977713504638,-0.679620087942329,1.2033075419188655,-0.6744907594765952,-0.12358065410923252,0.0823805507757671
2008-04-24 20:30:00+00:00,ME01,-0.7104472933738701,0.9302787483563322,-0.821152107844846,0.8874977713504638,-0.679620087942329,1.2033075419188655,-0.6744907594765952,-0.12358065410923252,0.0823805507757671
2008-04-24 20:40:00+00:00,ME01,-0.5751774805140467,-0.20548694384842034,-0.8352037428568536,0.8874977713504638,-0.679620087942329,1.2033075419188655,-0.6744907594765952,-0.12358065410923252,0.0823805507757671
2008-04-24 20:50:00+00:00,ME01,-0.49091303875005937,0.7876266551171955,-0.8849553287535716,0.8874977713504638,-0.679620087942329,1.2033075419188655,-0.6744907594765952,-0.12358065410923252,0.0823805507757671
2008-04-24 21:00:00+00:00,ME01,-0.641531459703525,-0.41250167650599556,-0.9783183473810778,1.1005047832243324,-0.8514484904481608,1.2392271450505543,-0.6744907594765952,-0.12358065410923252,0.0823805507757671
2008-04-24 21:10:00+00:00,ME01,-0.828595174012091,-0.5559487354777946,-1.1202122101889433,1.1005047832243324,-0.8514484904481608,1.2392271450505543,-0.6744907594765952,-0.12358065410923252,0.0823805507757671
2008-04-24 21:20:00+00:00,ME01,-0.7340115419256722,1.5257135989436317,-0.9928906188579428,1.1005047832243324,-0.8514484904481608,1.2392271450505543,-0.6744907594765952,-0.12358065410923252,0.0823805507757671
2008-04-24 21:30:00+00:00,ME01,-0.8940805470468725,1.1453976390893024,-1.1206048095725598,1.1005047832243324,-0.8514484904481608,1.2392271450505543,-0.6744907594765952,-0.12358065410923252,0.0823805507757671
2008-04-24 21:40:00+00:00,ME01,-0.728941475303288,1.1979824514958013,-1.064665807065662,1.1005047832243324,-0.8514484904481608,1.2392271450505543,-0.6744907594765952,-0.12358065410923252,0.0823805507757671
2008-04-24 21:50:00+00:00,ME01,-0.8106016382356208,0.7578131800258031,-1.2046921199380616,1.1005047832243324,-0.8514484904481608,1.2392271450505543,-0.6744907594765952,-0.12358065410923252,0.0823805507757671
2008-04-24 22:00:00+00:00,ME01,-0.7024706530083651,5.231944412594352,-1.1135695132160086,1.0295181683283687,-0.8116971696894721,1.2033075419188655,0.39675931014298804,-0.12358065410923252,0.0823805507757671
2008-04-24 22:10:00+00:00,ME01,-0.6908952407805098,-0.4967626617957629,-1.27179475816064,1.0295181683283687,-0.8116971696894721,1.2033075419188655,0.39675931014298804,-0.12358065410923252,0.0823805507757671
2008-04-24 22:20:00+00:00,ME01,-0.6200635295395476,-0.6859515994484537,-1.1891171018179794,1.0295181683283687,-0.8116971696894721,1.2033075419188655,0.39675931014298804,-0.12358065410923252,0.0823805507757671
2008-04-24 22:30:00+00:00,ME01,-0.9532355074082697,-0.6586470081290412,-1.2108064446848201,1.0295181683283687,-0.8116971696894721,1.2033075419188655,0.39675931014298804,-0.12358065410923252,0.0823805507757671
2008-04-24 22:40:00+00:00,ME01,-0.915788664763956,-0.7465904343439798,-1.2432374336653356,1.0295181683283687,-0.8116971696894721,1.2033075419188655,0.39675931014298804,-0.12358065410923252,0.0823805507757671
2008-04-24 22:50:00+00:00,ME01,-0.971838525607815,-0.7481779329344524,-1.267062726028587,1.0295181683283687,-0.8116971696894721,1.2033075419188655,0.39675931014298804,-0.12358065410923252,0.0823805507757671
2008-04-24 23:00:00+00:00,ME01,-0.8397117543198355,-0.19037730151540658,-1.2768144088039297,1.2898338677375527,-0.8001562814882005,1.123486077625146,1.6663889864294334,-0.12358065410923252,0.0823805507757671
2008-04-24 23:10:00+00:00,ME01,-0.8152617010800903,-0.7747299966167382,-1.3519927809172336,1.2898338677375527,-0.8001562814882005,1.123486077625146,1.6663889864294334,-0.12358065410923252,0.0823805507757671
2008-04-24 23:20:00+00:00,ME01,-0.7924094243781445,-0.7307253963519609,-1.353037613329138,1.2898338677375527,-0.8001562814882005,1.123486077625146,1.6663889864294334,-0.12358065410923252,0.0823805507757671
2008-04-24 23:30:00+00:00,ME01,-0.8883925292188564,-0.7544707635617197,-1.358173740277525,1.2898338677375527,-0.8001562814882005,1.123486077625146,1.6663889864294334,-0.12358065410923252,0.0823805507757671
2008-04-24 23:40:00+00:00,ME01,-0.9482136053966589,-0.7406877652691224,-1.343937000681181,1.2898338677375527,-0.8001562814882005,1.123486077625146,1.6663889864294334,-0.12358065410923252,0.0823805507757671
2008-04-24 23:50:00+00:00,ME01,-0.8293938526114587,-0.7200118980076949,-1.3907478106027924,1.2898338677375527,-0.8001562814882005,1.123486077625146,1.6663889864294334,-0.12358065410923252,0.0823805507757671
2008-04-25 00:00:00+00:00,ME01,-0.7210317093948364,1.6420006203837347,-1.3586175190444671,1.2898338677375527,-0.9809608407313515,1.115503819594836,0.23805562480949827,-0.12358065410923252,0.10297568846970924
2008-04-25 00:10:00+00:00,ME01,-0.8132971026155286,-0.7706717689967659,-1.3537212193047927,1.2898338677375527,-0.9809608407313515,1.115503819594836,0.23805562480949827,-0.12358065410923252,0.10297568846970924
2008-04-25 00:20:00+00:00,ME01,-0.8119417421689664,0.06746145076297214,-1.4039910881162054,1.2898338677375527,-0.9809608407313515,1.115503819594836,0.23805562480949827,-0.12358065410923252,0.10297568846970924
2008-04-25 00:30:00+00:00,ME01,-0.7189002782779158,-0.7887424720823436,-1.4242588573271053,1.2898338677375527,-0.9809608407313515,1.115503819594836,0.23805562480949827,-0.12358065410923252,0.10297568846970924
2008-04-25 00:40:00+00:00,ME01,-0.5631670300662943,-0.9109340979284098,-1.3589535651561422,1.2898338677375527,-0.9809608407313515,1.115503819594836,0.23805562480949827,-0.12358065410923252,0.10297568846970924
2008-04-25 00:50:00+00:00,ME01,-0.6551438127347564,-0.7347031669666667,-1.398552401900096,1.2898338677375527,-0.9809608407313515,1.115503819594836,0.23805562480949827,-0.12358065410923252,0.10297568846970924
2008-04-25 01:00:00+00:00,ME01,-0.7145759970686292,-0.7725615855171385,-1.4349623066391428,1.2661559403769058,-1.1027795344713711,1.0875664744934572,-0.6348148381432227,-0.12358065410923252,0.10297568846970924
2008-04-25 01:10:00+00:00,ME01,-0.7372464241633586,-0.6393602295113064,-1.4289957537197833,1.2661559403769058,-1.1027795344713711,1.0875664744934572,-0.6348148381432227,-0.12358065410923252,0.10297568846970924
2008-04-25 01:20:00+00:00,ME01,-0.8616821070075986,-0.9024252601843428,-1.43960823829552,1.2661559403769058,-1.1027795344713711,1.0875664744934572,-0.6348148381432227,-0.12358065410923252,0.10297568846970924
2008-04-25 01:30:00+00:00,ME01,-0.9338123680441445,-0.8421259099186373,-1.4337393586077507,1.2661559403769058,-1.1027795344713711,1.0875664744934572,-0.6348148381432227,-0.12358065410923252,0.10297568846970924
2008-04-25 01:40:00+00:00,ME01,-0.9157433849109435,-0.7006033114698126,-1.400821525142563,1.2661559403769058,-1.1027795344713711,1.0875664744934572,-0.6348148381432227,-0.12358065410923252,0.10297568846970924
2008-04-25 01:50:00+00:00,ME01,-0.9341142209871672,-0.5345058046738749,-1.421296996800719,1.2661559403769058,-1.1027795344713711,1.0875664744934572,-0.6348148381432227,-0.12358065410923252,0.10297568846970924
2008-04-25 02:00:00+00:00,ME01,-0.8698210109219433,-0.8362098504545817,-1.4348234569385527,1.3135117950981998,-1.1386841614206464,1.099539582536561,-0.6744907594765952,-0.12358065410923252,0.10297568846970924
2008-04-25 02:10:00+00:00,ME01,-0.7189210035382577,-0.7476132928691224,-1.4404867502372694,1.3135117950981998,-1.1386841614206464,1.099539582536561,-0.6744907594765952,-0.12358065410923252,0.10297568846970924
2008-04-25 02:20:00+00:00,ME01,-0.5395559279262501,-0.818259830285914,-1.4402875884025668,1.3135117950981998,-1.1386841614206464,1.099539582536561,-0.6744907594765952,-0.12358065410923252,0.10297568846970924
2008-04-25 02:30:00+00:00,ME01,-0.8413060560403429,-0.6467429205641207,-1.4085451456157076,1.3135117950981998,-1.1386841614206464,1.099539582536561,-0.6744907594765952,-0.12358065410923252,0.10297568846970924
2008-04-25 02:40:00+00:00,ME01,-0.7666474493778238,-0.8183797362798236,-1.4079175014661938,1.3135117950981998,-1.1386841614206464,1.099539582536561,-0.6744907594765952,-0.12358065410923252,0.10297568846970924
2008-04-25 02:50:00+00:00,ME01,-0.7060432864714526,-0.7737163027953188,-1.4139721836212884,1.3135117950981998,-1.1386841614206464,1.099539582536561,-0.6744907594765952,-0.12358065410923252,0.10297568846970924
2008-04-25 03:00:00+00:00,ME01,-0.9014430303844709,-0.04921682137493651,-1.4033240790087533,1.881499048637862,-1.1168848852122515,1.1194949486100068,-0.6744907594765952,-0.12358065410923252,0.10297568846970924
2008-04-25 03:10:00+00:00,ME01,-0.8838028087236235,-0.8743293444957453,-1.3898160709792908,1.881499048637862,-1.1168848852122515,1.1194949486100068,-0.6744907594765952,-0.12358065410923252,0.10297568846970924
2008-04-25 03:20:00+00:00,ME01,-0.9215890787311674,-0.7757696267843536,-1.379920158123033,1.881499048637862,-1.1168848852122515,1.1194949486100068,-0.6744907594765952,-0.12358065410923252,0.10297568846970924
2008-04-25 03:30:00+00:00,ME01,-0.6988024602861007,-0.9061794269837214,-1.368226281863238,1.881499048637862,-1.1168848852122515,1.1194949486100068,-0.6744907594765952,-0.12358065410923252,0.10297568846970924
2008-04-25 03:40:00+00:00,ME01,-0.7043958472892581,-0.8424669620545706,-0.9690850165379387,1.881499048637862,-1.1168848852122515,1.1194949486100068,-0.6744907594765952,-0.12358065410923252,0.10297568846970924
2008-04-25 03:50:00+00:00,ME01,-0.6803296895205247,-0.8494095477797851,-0.9173198415346719,1.881499048637862,-1.1168848852122515,1.1194949486100068,-0.6744907594765952,-0.12358065410923252,0.10297568846970924
2008-04-25 04:00:00+00:00,ME01,-0.5698778558290806,-0.7618517607546191,-1.0320648592414345,1.4081763373548106,-1.166894593978064,1.083575345478318,-0.6744907594765952,-0.12358065410923252,0.10297568846970924
2008-04-25 04:10:00+00:00,ME01,-0.5775713752756968,-0.6898569038949885,-0.8486811045104917,1.4081763373548106,-1.166894593978064,1.083575345478318,-0.6744907594765952,-0.12358065410923252,0.10297568846970924
2008-04-25 04:20:00+00:00,ME01,-0.75765265570078,-0.3061240543554255,-0.914115261356767,1.4081763373548106,-1.166894593978064,1.083575345478318,-0.6744907594765952,-0.12358065410923252,0.10297568846970924
2008-04-25 04:30:00+00:00,ME01,-0.791658760514289,-0.8817355239469505,-0.742235065067041,1.4081763373548106,-1.166894593978064,1.083575345478318,-0.6744907594765952,-0.12358065410923252,0.10297568846970924
2008-04-25 04:40:00+00:00,ME01,-0.8267533942244893,-0.8301518287356904,-0.6425150205280642,1.4081763373548106,-1.166894593978064,1.083575345478318,-0.6744907594765952,-0.12358065410923252,0.10297568846970924
2008-04-25 04:50:00+00:00,ME01,-0.1617809796063552,-0.6795232979819111,-0.5622797871644639,1.4081763373548106,-1.166894593978064,1.083575345478318,-0.6744907594765952,-0.12358065410923252,0.10297568846970924
2008-04-25 05:00:00+00:00,ME01,-0.6323376852715727,-0.8306351985563801,-0.5829570754763465,1.4318542647154577,-0.7822042369379062,1.2152806499619695,-0.6744907594765952,-0.12358065410923252,0.10297568846970924
2008-04-25 05:10:00+00:00,ME01,-0.6447883353694426,-0.788530363467847,-0.47936708728616323,1.4318542647154577,-0.7822042369379062,1.2152806499619695,-0.6744907594765952,-0.12358065410923252,0.10297568846970924
2008-04-25 05:20:00+00:00,ME01,-0.7868549835160176,-0.8229268915591559,-0.6824916418953874,1.4318542647154577,-0.7822042369379062,1.2152806499619695,-0.6744907594765952,-0.12358065410923252,0.10297568846970924
2008-04-25 05:30:00+00:00,ME01,-0.7908212243224595,-0.854715710034055,-0.23691471865867772,1.4318542647154577,-0.7822042369379062,1.2152806499619695,-0.6744907594765952,-0.12358065410923252,0.10297568846970924
2008-04-25 05:40:00+00:00,ME01,-0.7997683697669474,-0.5331307418042776,-0.346283984532501,1.4318542647154577,-0.7822042369379062,1.2152806499619695,-0.6744907594765952,-0.12358065410923252,0.10297568846970924
2008-04-25 05:50:00+00:00,ME01,-0.7585067643372518,-0.741228516245907,-0.4227263994258181,1.4318542647154577,-0.7822042369379062,1.2152806499619695,-0.6744907594765952,-0.12358065410923252,0.10297568846970924
2008-04-25 06:00:00+00:00,ME01,-0.9013653138365543,-0.8710750015239502,-0.3409716006926311,1.218847252841589,0.3090348127187079,1.446762784812786,0.35708338880961554,-0.12358065410923252,0.12357082616365064
2008-04-25 06:10:00+00:00,ME01,-0.9029681706622843,-0.9257247627939952,-0.3170412171872182,1.218847252841589,0.3090348127187079,1.446762784812786,0.35708338880961554,-0.12358065410923252,0.12357082616365064
2008-04-25 06:20:00+00:00,ME01,-0.8082690755104255,-0.8372407348265697,-0.11753902011864166,1.218847252841589,0.3090348127187079,1.446762784812786,0.35708338880961554,-0.12358065410923252,0.12357082616365064
2008-04-25 06:30:00+00:00,ME01,-0.7622162541721064,-0.8166243184014451,-0.3118862194681811,1.218847252841589,0.3090348127187079,1.446762784812786,0.35708338880961554,-0.12358065410923252,0.12357082616365064
2008-04-25 06:40:00+00:00,ME01,-0.7214054082053719,-0.8670844101709607,0.05283260037216888,1.218847252841589,0.3090348127187079,1.446762784812786,0.35708338880961554,-0.12358065410923252,0.12357082616365064
2008-04-25 06:50:00+00:00,ME01,-0.7903016769534509,-0.9256871466207067,-0.11656473319470247,1.218847252841589,0.3090348127187079,1.446762784812786,0.35708338880961554,-0.12358065410923252,0.12357082616365064
2008-04-25 07:00:00+00:00,ME01,-0.8503505950074771,-0.5116738703885468,-0.15561371538543353,1.4318542647154577,0.807850206955714,1.5904411973395414,-0.5157870741431054,-0.12358065410923252,0.12357082616365064
2008-04-25 07:10:00+00:00,ME01,-0.9371268193254548,-0.8180015212016168,-0.12641222397156274,1.4318542647154577,0.807850206955714,1.5904411973395414,-0.5157870741431054,-0.12358065410923252,0.12357082616365064
2008-04-25 07:20:00+00:00,ME01,-0.9816067380648371,-0.8714159146031768,-0.1481599703506403,1.4318542647154577,0.807850206955714,1.5904411973395414,-0.5157870741431054,-0.12358065410923252,0.12357082616365064
2008-04-25 07:30:00+00:00,ME01,-0.9909904088892856,-0.6363140148022862,-0.16958583878550879,1.4318542647154577,0.807850206955714,1.5904411973395414,-0.5157870741431054,-0.12358065410923252,0.12357082616365064
2008-04-25 07:40:00+00:00,ME01,-0.9105022575738674,-0.8626980806336211,-0.1281688588593724,1.4318542647154577,0.807850206955714,1.5904411973395414,-0.5157870741431054,-0.12358065410923252,0.12357082616365064
2008-04-25 07:50:00+00:00,ME01,-0.8376332992967376,-0.8643551343825847,-0.09122320477576264,1.4318542647154577,0.807850206955714,1.5904411973395414,-0.5157870741431054,-0.12358065410923252,0.12357082616365064
2008-04-25 08:00:00+00:00,ME01,-0.8988016291971945,-0.8157265009168893,-0.15616206425182325,1.8578211212772149,0.5667772820152842,1.6223696714560591,-0.6348148381432227,-0.12358065410923252,0.12357082616365064
2008-04-25 08:10:00+00:00,ME01,-1.013911792477648,-0.26809504390160405,-0.18923762579056283,1.8578211212772149,0.5667772820152842,1.6223696714560591,-0.6348148381432227,-0.12358065410923252,0.12357082616365064
2008-04-25 08:20:00+00:00,ME01,-0.8854280572256417,0.20849472967808283,-0.10488354428424576,1.8578211212772149,0.5667772820152842,1.6223696714560591,-0.6348148381432227,-0.12358065410923252,0.12357082616365064
2008-04-25 08:30:00+00:00,ME01,-0.29754944019955043,25.228086449526824,-0.05711465810201259,1.8578211212772149,0.5667772820152842,1.6223696714560591,-0.6348148381432227,-0.12358065410923252,0.12357082616365064
2008-04-25 08:40:00+00:00,ME01,-0.7821311927500423,2.1381966439303914,0.15174262532920665,1.8578211212772149,0.5667772820152842,1.6223696714560591,-0.6348148381432227,-0.12358065410923252,0.12357082616365064
2008-04-25 08:50:00+00:00,ME01,-0.8594074581821616,-0.2508031991633196,-0.21876787290514663,1.8578211212772149,0.5667772820152842,1.6223696714560591,-0.6348148381432227,-0.12358065410923252,0.12357082616365064
2008-04-25 09:00:00+00:00,ME01,-0.9410422453353232,-0.6399313358806739,-0.2009585860336468,1.1005047832243324,0.26800099176587083,1.7341198888687055,-0.6744907594765952,-0.12358065410923252,0.12357082616365064
2008-04-25 09:10:00+00:00,ME01,-0.9326177414762535,-0.6102176905486935,-0.17210227527069943,1.1005047832243324,0.26800099176587083,1.7341198888687055,-0.6744907594765952,-0.12358065410923252,0.12357082616365064
2008-04-25 09:20:00+00:00,ME01,-0.6590380626067136,-0.3541011144909818,-0.24885653620084205,1.1005047832243324,0.26800099176587083,1.7341198888687055,-0.6744907594765952,-0.12358065410923252,0.12357082616365064
2008-04-25 09:30:00+00:00,ME01,-0.9180154185157694,-0.4543276480215684,-0.2566245322419978,1.1005047832243324,0.26800099176587083,1.7341198888687055,-0.6744907594765952,-0.12358065410923252,0.12357082616365064
2008-04-25 09:40:00+00:00,ME01,-0.6292513733459965,-0.8108881424696095,-0.21961848376557117,1.1005047832243324,0.26800099176587083,1.7341198888687055,-0.6744907594765952,-0.12358065410923252,0.12357082616365064
2008-04-25 09:50:00+00:00,ME01,-0.8621916920038225,-0.43248045147258274,-0.28901405745624154,1.1005047832243324,0.26800099176587083,1.7341198888687055,-0.6744907594765952,-0.12358065410923252,0.12357082616365064
2008-04-25 10:00:00+00:00,ME01,-0.7745688102620086,-0.73718665683978,-0.5163547915039582,1.1005047832243324,0.407771998980528,1.7101733937800887,-0.6744907594765952,-0.12358065410923252,0.12357082616365064
2008-04-25 10:10:00+00:00,ME01,-0.7633115404448959,-0.5941271278072433,-0.4180956442604897,1.1005047832243324,0.407771998980528,1.7101733937800887,-0.6744907594765952,-0.12358065410923252,0.12357082616365064
2008-04-25 10:20:00+00:00,ME01,-0.6590397098598646,-0.4985920735997702,-0.18086839980371333,1.1005047832243324,0.407771998980528,1.7101733937800887,-0.6744907594765952,-0.12358065410923252,0.12357082616365064
2008-04-25 10:30:00+00:00,ME01,-0.9439151821213733,0.7684965389338064,-0.347600391579471,1.1005047832243324,0.407771998980528,1.7101733937800887,-0.6744907594765952,-0.12358065410923252,0.12357082616365064
2008-04-25 10:40:00+00:00,ME01,-0.5497174300787294,7.796792579828794,-0.14007489805922488,1.1005047832243324,0.407771998980528,1.7101733937800887,-0.6744907594765952,-0.12358065410923252,0.12357082616365064
2008-04-25 10:50:00+00:00,ME01,-0.2917038043889373,14.331852720012273,-0.29120874970715294,1.1005047832243324,0.407771998980528,1.7101733937800887,-0.6744907594765952,-0.12358065410923252,0.12357082616365064
2008-04-25 11:00:00+00:00,ME01,-0.5593241417789884,-0.369879519352082,-0.6709602515464616,0.6981686868372435,0.4385471630018981,1.634343058501572,-0.43643523147636054,-0.12358065410923252,0.12357082616365064
2008-04-25 11:10:00+00:00,ME01,-0.6756916517133771,-0.18978274301267914,-0.7190818069925167,0.6981686868372435,0.4385471630018981,1.634343058501572,-0.43643523147636054,-0.12358065410923252,0.12357082616365064
2008-04-25 11:20:00+00:00,ME01,-0.7331602079712097,-0.2274113685210366,-0.7432459168046662,0.6981686868372435,0.4385471630018981,1.634343058501572,-0.43643523147636054,-0.12358065410923252,0.12357082616365064
2008-04-25 11:30:00+00:00,ME01,-0.5850905772038921,-0.532166737333805,-0.5235859150248852,0.6981686868372435,0.4385471630018981,1.634343058501572,-0.43643523147636054,-0.12358065410923252,0.12357082616365064
2008-04-25 11:40:00+00:00,ME01,-0.7049726532379698,-0.21403882297186022,-0.5055821252133504,0.6981686868372435,0.4385471630018981,1.634343058501572,-0.43643523147636054,-0.12358065410923252,0.12357082616365064
2008-04-25 11:50:00+00:00,ME01,-0.7637050872145407,-0.5528937539774522,-0.49584554309618223,0.6981686868372435,0.4385471630018981,1.634343058501572,-0.43643523147636054,-0.12358065410923252,0.12357082616365064
2008-04-25 12:00:00+00:00,ME01,-0.7833187181682131,4.348644383888796,-0.7652372885168601,0.4851616749633762,0.1846513875147358,1.5146108620609926,2.1425001392391665,-0.12358065410923252,0.14416596385759278
2008-04-25 12:10:00+00:00,ME01,-0.6764938571858432,-0.6758754122995531,-0.5184261695513614,0.4851616749633762,0.1846513875147358,1.5146108620609926,2.1425001392391665,-0.12358065410923252,0.14416596385759278
2008-04-25 12:20:00+00:00,ME01,-0.9842620728946342,-0.6373787401689905,-0.8839158169592178,0.4851616749633762,0.1846513875147358,1.5146108620609926,2.1425001392391665,-0.12358065410923252,0.14416596385759278
2008-04-25 12:30:00+00:00,ME01,-0.9037230529225216,-0.4968833728821006,-0.47714549119911825,0.4851616749633762,0.1846513875147358,1.5146108620609926,2.1425001392391665,-0.12358065410923252,0.14416596385759278
2008-04-25 12:40:00+00:00,ME01,-0.8020218442620562,-0.5605331718257301,-0.43216829555050296,0.4851616749633762,0.1846513875147358,1.5146108620609926,2.1425001392391665,-0.12358065410923252,0.14416596385759278
2008-04-25 12:50:00+00:00,ME01,-0.7479771198489711,-0.12488657798664426,-0.522409830679839,0.4851616749633762,0.1846513875147358,1.5146108620609926,2.1425001392391665,-0.12358065410923252,0.14416596385759278
2008-04-25 13:00:00+00:00,ME01,-0.4185417179231304,-0.5097353216922793,-0.5196321324632343,0.6981686868372435,0.11156017127072398,1.41882516070903,-0.6744907594765952,-0.12358065410923252,0.14416596385759278
2008-04-25 13:10:00+00:00,ME01,-0.503198403240787,-0.17171034208972033,-0.5518773759968721,0.6981686868372435,0.11156017127072398,1.41882516070903,-0.6744907594765952,-0.12358065410923252,0.14416596385759278
2008-04-25 13:20:00+00:00,ME01,-0.6248473619836437,-0.4737745848836811,-0.649376193540197,0.6981686868372435,0.11156017127072398,1.41882516070903,-0.6744907594765952,-0.12358065410923252,0.14416596385759278
2008-04-25 13:30:00+00:00,ME01,-0.8516419488214368,-0.5105299468236634,-0.584836656522525,0.6981686868372435,0.11156017127072398,1.41882516070903,-0.6744907594765952,-0.12358065410923252,0.14416596385759278
2008-04-25 13:40:00+00:00,ME01,-0.7468153705460744,-0.5618109627397455,-0.515788464166972,0.6981686868372435,0.11156017127072398,1.41882516070903,-0.6744907594765952,-0.12358065410923252,0.14416596385759278
2008-04-25 13:50:00+00:00,ME01,-0.905173923807598,-0.17698393330297324,-0.6503775471208503,0.6981686868372435,0.11156017127072398,1.41882516070903,-0.6744907594765952,-0.12358065410923252,0.14416596385759278
2008-04-25 14:00:00+00:00,ME01,-0.7347403609037613,-0.37754095189796044,-0.740024568581202,0.6981686868372435,0.2872355365103131,1.2472091240784873,-0.6744907594765952,-0.12358065410923252,0.14416596385759278
2008-04-25 14:10:00+00:00,ME01,-0.5787607951851835,-0.6262405838380519,-0.49222005030140176,0.6981686868372435,0.2872355365103131,1.2472091240784873,-0.6744907594765952,-0.12358065410923252,0.14416596385759278
2008-04-25 14:20:00+00:00,ME01,-0.572280245757524,-0.5780941503467232,-0.5301872403170348,0.6981686868372435,0.2872355365103131,1.2472091240784873,-0.6744907594765952,-0.12358065410923252,0.14416596385759278
2008-04-25 14:30:00+00:00,ME01,-0.7280331716864034,-0.7420156199854717,-0.39289467518059085,0.6981686868372435,0.2872355365103131,1.2472091240784873,-0.6744907594765952,-0.12358065410923252,0.14416596385759278
2008-04-25 14:40:00+00:00,ME01,-0.5857961495616992,-0.7046708610350937,-0.39551402285368065,0.6981686868372435,0.2872355365103131,1.2472091240784873,-0.6744907594765952,-0.12358065410923252,0.14416596385759278
2008-04-25 14:50:00+00:00,ME01,-0.6166748038571569,-0.5893821288703269,-0.328185573871414,0.6981686868372435,0.2872355365103131,1.2472091240784873,-0.6744907594765952,-0.12358065410923252,0.14416596385759278
2008-04-25 15:00:00+00:00,ME01,-0.6599560730462912,-0.7534815628574937,-0.503199808611447,1.1005047832243324,0.459063939016145,1.1793610468302806,0.8728704629527209,-0.12358065410923252,0.14416596385759278
2008-04-25 15:10:00+00:00,ME01,-0.5569811676819414,-0.6642689788563817,-0.2856084665168487,1.1005047832243324,0.459063939016145,1.1793610468302806,0.8728704629527209,-0.12358065410923252,0.14416596385759278
2008-04-25 15:20:00+00:00,ME01,-0.5833356825950173,-0.8337096165620717,-0.2751430265757266,1.1005047832243324,0.459063939016145,1.1793610468302806,0.8728704629527209,-0.12358065410923252,0.14416596385759278
2008-04-25 15:30:00+00:00,ME01,-0.37396231509015676,4.177391633443914,-0.20484695025490096,1.1005047832243324,0.459063939016145,1.1793610468302806,0.8728704629527209,-0.12358065410923252,0.14416596385759278
2008-04-25 15:40:00+00:00,ME01,-0.3953107609264129,0.782010871819087,-0.556787070354722,1.1005047832243324,0.459063939016145,1.1793610468302806,0.8728704629527209,-0.12358065410923252,0.14416596385759278
2008-04-25 15:50:00+00:00,ME01,-0.42168753474605314,-0.837549692628881,-0.5066425001932228,1.1005047832243324,0.459063939016145,1.1793610468302806,0.8728704629527209,-0.12358065410923252,0.14416596385759278
2008-04-25 16:00:00+00:00,ME01,-0.32633492980196316,4.13802462574319,-0.23793252824478936,0.6981686868372435,-0.04359814903027495,1.071602237435214,-0.07935184266674487,-0.12358065410923252,0.14416596385759278
2008-04-25 16:10:00+00:00,ME01,-0.37000317905256497,4.401551522372965,-0.5542651116164026,0.6981686868372435,-0.04359814903027495,1.071602237435214,-0.07935184266674487,-0.12358065410923252,0.14416596385759278
2008-04-25 16:20:00+00:00,ME01,-0.2867343848816557,-0.8193197534753236,-0.48561900719083584,0.6981686868372435,-0.04359814903027495,1.071602237435214,-0.07935184266674487,-0.12358065410923252,0.14416596385759278
2008-04-25 16:30:00+00:00,ME01,-0.33685516299908735,-0.7809335420085299,-0.25150113928673906,0.6981686868372435,-0.04359814903027495,1.071602237435214,-0.07935184266674487,-0.12358065410923252,0.14416596385759278
2008-04-25 16:40:00+00:00,ME01,-0.21450540753376188,-0.8183633757529093,-0.31722878618627276,0.6981686868372435,-0.04359814903027495,1.071602237435214,-0.07935184266674487,-0.12358065410923252,0.14416596385759278
2008-04-25 16:50:00+00:00,ME01,-0.18092331450118693,1.2072901888280139,-0.16661483705757812,0.6981686868372435,-0.04359814903027495,1.071602237435214,-0.07935184266674487,-0.12358065410923252,0.14416596385759278
2008-04-25 17:00:00+00:00,ME01,-0.24005402277219876,3.538260714118143,-0.4173117038343559,0.8874977713504638,-0.20260370098937439,0.9997630311718048,-0.6348148381432227,-0.12358065410923252,0.14416596385759278
2008-04-25 17:10:00+00:00,ME01,-0.12071012265779639,-0.7798796437112528,-0.36323191448513936,0.8874977713504638,-0.20260370098937439,0.9997630311718048,-0.6348148381432227,-0.12358065410923252,0.14416596385759278
2008-04-25 17:20:00+00:00,ME01,-0.10632262736746519,-0.7401185458268194,-0.3952736764057656,0.8874977713504638,-0.20260370098937439,0.9997630311718048,-0.6348148381432227,-0.12358065410923252,0.14416596385759278
2008-04-25 17:30:00+00:00,ME01,0.11810372987426183,0.2662508548769191,-0.31106897705172093,0.8874977713504638,-0.20260370098937439,0.9997630311718048,-0.6348148381432227,-0.12358065410923252,0.14416596385759278
2008-04-25 17:40:00+00:00,ME01,-0.23955844086886993,-0.817055374239805,-0.37098525633231744,0.8874977713504638,-0.20260370098937439,0.9997630311718048,-0.6348148381432227,-0.12358065410923252,0.14416596385759278
2008-04-25 17:50:00+00:00,ME01,0.03018615606937219,3.604160284314192,-0.45382496314494986,0.8874977713504638,-0.20260370098937439,0.9997630311718048,-0.6348148381432227,-0.12358065410923252,0.14416596385759278
2008-04-25 18:00:00+00:00,ME01,0.33206559395890034,19.948005433369357,-0.34765691735445187,0.6744907594765965,-0.49368633469561657,1.0277003762731836,0.7141666808099677,-0.12358065410923252,0.1647611015515342
2008-04-25 18:10:00+00:00,ME01,-0.08109453026595706,-0.3822250003719602,-0.08744731657099664,0.6744907594765965,-0.49368633469561657,1.0277003762731836,0.7141666808099677,-0.12358065410923252,0.1647611015515342
2008-04-25 18:20:00+00:00,ME01,0.16675142386359568,-0.777471964245956,-0.3235336106642413,0.6744907594765965,-0.49368633469561657,1.0277003762731836,0.7141666808099677,-0.12358065410923252,0.1647611015515342
2008-04-25 18:30:00+00:00,ME01,0.1758563957816712,-0.5706560052867677,-0.3316613265998749,0.6744907594765965,-0.49368633469561657,1.0277003762731836,0.7141666808099677,-0.12358065410923252,0.1647611015515342
2008-04-25 18:40:00+00:00,ME01,0.19144267379171329,1.174725193662554,-0.41907968042532495,0.6744907594765965,-0.49368633469561657,1.0277003762731836,0.7141666808099677,-0.12358065410923252,0.1647611015515342
2008-04-25 18:50:00+00:00,ME01,0.10530736792763264,4.373265935628853,-0.6230756542383867,0.6744907594765965,-0.49368633469561657,1.0277003762731836,0.7141666808099677,-0.12358065410923252,0.1647611015515342
2008-04-25 19:00:00+00:00,ME01,0.08438157674857313,4.237612743327286,-0.4603128738931411,0.6744907594765965,-0.6219164537090026,1.1913341548733845,-0.6744907594765952,-0.12358065410923252,0.1647611015515342
2008-04-25 19:10:00+00:00,ME01,-0.05231350779720759,7.7859174489897,-0.5145909283452585,0.6744907594765965,-0.6219164537090026,1.1913341548733845,-0.6744907594765952,-0.12358065410923252,0.1647611015515342
2008-04-25 19:20:00+00:00,ME01,0.14088418185915577,6.917973141241129,-0.6530917262016658,0.6744907594765965,-0.6219164537090026,1.1913341548733845,-0.6744907594765952,-0.12358065410923252,0.1647611015515342
2008-04-25 19:30:00+00:00,ME01,-0.023551713931386466,3.9633765462118435,-0.3810109244554892,0.6744907594765965,-0.6219164537090026,1.1913341548733845,-0.6744907594765952,-0.12358065410923252,0.1647611015515342
2008-04-25 19:40:00+00:00,ME01,0.021317316932492777,4.030733735868642,-0.6249683212342005,0.6744907594765965,-0.6219164537090026,1.1913341548733845,-0.6744907594765952,-0.12358065410923252,0.1647611015515342
2008-04-25 19:50:00+00:00,ME01,0.0970816414425087,-0.19059320062186408,-0.9009471691638367,0.6744907594765965,-0.6219164537090026,1.1913341548733845,-0.6744907594765952,-0.12358065410923252,0.1647611015515342
2008-04-25 20:00:00+00:00,ME01,0.09335804622900293,2.084522317032477,-0.6331755869019206,0.8874977713504638,-0.7527113041863408,1.2631736401391394,-0.6744907594765952,-0.12358065410923252,0.1647611015515342
2008-04-25 20:10:00+00:00,ME01,-0.10512419649927247,-0.09028487998270344,-0.6462566102330604,0.8874977713504638,-0.7527113041863408,1.2631736401391394,-0.6744907594765952,-0.12358065410923252,0.1647611015515342
2008-04-25 20:20:00+00:00,ME01,-0.16331227580178845,-0.3275548457722379,-0.817700880563535,0.8874977713504638,-0.7527113041863408,1.2631736401391394,-0.6744907594765952,-0.12358065410923252,0.1647611015515342
2008-04-25 20:30:00+00:00,ME01,-0.010978188836470127,-0.6859284334573127,-0.8629704386685901,0.8874977713504638,-0.7527113041863408,1.2631736401391394,-0.6744907594765952,-0.12358065410923252,0.1647611015515342
2008-04-25 20:40:00+00:00,ME01,0.04660395484507471,-0.24188943032887752,0.36287643658665986,0.8874977713504638,-0.7527113041863408,1.2631736401391394,-0.6744907594765952,-0.12358065410923252,0.1647611015515342
2008-04-25 20:50:00+00:00,ME01,0.006194932235479119,0.2745918908337797,-0.5207974418098519,0.8874977713504638,-0.7527113041863408,1.2631736401391394,-0.6744907594765952,-0.12358065410923252,0.1647611015515342
2008-04-25 21:00:00+00:00,ME01,0.15787076949759793,1.0944539146295418,-0.758866479245051,1.0768268558636855,-0.8578599157215273,1.1953252838885553,-0.6744907594765952,-0.12358065410923252,0.1647611015515342
2008-04-25 21:10:00+00:00,ME01,0.1745149286619175,1.0442593968585838,-0.8295191243758284,1.0768268558636855,-0.8578599157215273,1.1953252838885553,-0.6744907594765952,-0.12358065410923252,0.1647611015515342
2008-04-25 21:20:00+00:00,ME01,0.07327694081231013,0.9445801931570026,-0.7550571095082924,1.0768268558636855,-0.8578599157215273,1.1953252838885553,-0.6744907594765952,-0.12358065410923252,0.1647611015515342
2008-04-25 21:30:00+00:00,ME01,-0.02151607899759816,0.3916128938361223,-0.6559005025166676,1.0768268558636855,-0.8578599157215273,1.1953252838885553,-0.6744907594765952,-0.12358065410923252,0.1647611015515342
2008-04-25 21:40:00+00:00,ME01,0.05904940905516646,0.5394560878969049,-1.0565282012108381,1.0768268558636855,-0.8578599157215273,1.1953252838885553,-0.6744907594765952,-0.12358065410923252,0.1647611015515342
2008-04-25 21:50:00+00:00,ME01,0.16714654446766578,-0.15162914715686449,-0.8932895160902448,1.0768268558636855,-0.8578599157215273,1.1953252838885553,-0.6744907594765952,-0.12358065410923252,0.1647611015515342
2008-04-25 22:00:00+00:00,ME01,0.14726515757140235,2.387516133385923,-1.024263514926049,0.8874977713504638,-0.8950467739406072,1.1793610468302806,-0.43643523147636054,-0.12358065410923252,0.1647611015515342
2008-04-25 22:10:00+00:00,ME01,0.19696216519793613,-0.5579534988565499,-1.14444828674746,0.8874977713504638,-0.8950467739406072,1.1793610468302806,-0.43643523147636054,-0.12358065410923252,0.1647611015515342
2008-04-25 22:20:00+00:00,ME01,0.07807159881718,0.04427172369957777,-1.247127720013038,0.8874977713504638,-0.8950467739406072,1.1793610468302806,-0.43643523147636054,-0.12358065410923252,0.1647611015515342
2008-04-25 22:30:00+00:00,ME01,0.22366023770931526,-0.15933871688833326,-1.2977876071186387,0.8874977713504638,-0.8950467739406072,1.1793610468302806,-0.43643523147636054,-0.12358065410923252,0.1647611015515342
2008-04-25 22:40:00+00:00,ME01,0.04865717437079568,-0.2766553912211527,-1.265420669443108,0.8874977713504638,-0.8950467739406072,1.1793610468302806,-0.43643523147636054,-0.12358065410923252,0.1647611015515342
2008-04-25 22:50:00+00:00,ME01,0.14719532380869077,0.04812354970318969,-1.3187853425284306,0.8874977713504638,-0.8950467739406072,1.1793610468302806,-0.43643523147636054,-0.12358065410923252,0.1647611015515342
2008-04-25 23:00:00+00:00,ME01,0.1652918248286356,-0.7223090844811223,-1.2608132065237698,1.4554850248901274,-0.952750408173934,0.9957719021566656,1.983796357096413,-0.12358065410923252,0.1647611015515342
2008-04-25 23:10:00+00:00,ME01,0.14219979914907527,-0.6452229622907224,-1.2728076008979576,1.4554850248901274,-0.952750408173934,0.9957719021566656,1.983796357096413,-0.12358065410923252,0.1647611015515342
2008-04-25 23:20:00+00:00,ME01,0.10050408803679194,-0.8224683505044843,-1.3855654886644841,1.4554850248901274,-0.952750408173934,0.9957719021566656,1.983796357096413,-0.12358065410923252,0.1647611015515342
2008-04-25 23:30:00+00:00,ME01,0.045362875094990755,-0.8102198400753383,-1.3293356561465006,1.4554850248901274,-0.952750408173934,0.9957719021566656,1.983796357096413,-0.12358065410923252,0.1647611015515342
2008-04-25 23:40:00+00:00,ME01,0.2024536213042973,-0.6957134202190507,-1.3653470814882485,1.4554850248901274,-0.952750408173934,0.9957719021566656,1.983796357096413,-0.12358065410923252,0.1647611015515342
2008-04-25 23:50:00+00:00,ME01,0.05596872561281018,-0.8474483495162174,-1.3013449650451525,1.4554850248901274,-0.952750408173934,0.9957719021566656,1.983796357096413,-0.12358065410923252,0.1647611015515342
2008-04-26 00:00:00+00:00,ME01,0.103215228774476,-0.6146753047579776,-1.3041463806393259,1.621183349228678,-1.0040423482095504,0.760298638290678,0.7538426021433402,-0.12358065410923252,0.18535623924547634
2008-04-26 00:10:00+00:00,ME01,0.1397328929996668,-0.7856422813494358,-1.2692646109566517,1.621183349228678,-1.0040423482095504,0.760298638290678,0.7538426021433402,-0.12358065410923252,0.18535623924547634
2008-04-26 00:20:00+00:00,ME01,0.195286279629343,-0.8236964088288314,-1.1878690013842865,1.621183349228678,-1.0040423482095504,0.760298638290678,0.7538426021433402,-0.12358065410923252,0.18535623924547634
2008-04-26 00:30:00+00:00,ME01,0.040806087983871336,0.18058946608641477,-1.4267914404274875,1.621183349228678,-1.0040423482095504,0.760298638290678,0.7538426021433402,-0.12358065410923252,0.18535623924547634
2008-04-26 00:40:00+00:00,ME01,0.00017505404369972402,-0.8098599552073256,-1.4127917981451221,1.621183349228678,-1.0040423482095504,0.760298638290678,0.7538426021433402,-0.12358065410923252,0.18535623924547634
2008-04-26 00:50:00+00:00,ME01,0.09173425009284342,-0.5576754721331862,-1.4399508845493327,1.621183349228678,-1.0040423482095504,0.760298638290678,0.7538426021433402,-0.12358065410923252,0.18535623924547634
2008-04-26 01:00:00+00:00,ME01,0.12373052336081267,-0.7792663698176074,-1.4623008179670323,1.4318542647154577,-1.1309902359531319,0.6605220869259217,0.9918982269528381,-0.12358065410923252,0.18535623924547634
2008-04-26 01:10:00+00:00,ME01,0.01043747387734922,-0.8015112082512864,-1.283922136067259,1.4318542647154577,-1.1309902359531319,0.6605220869259217,0.9918982269528381,-0.12358065410923252,0.18535623924547634
2008-04-26 01:20:00+00:00,ME01,-0.00675639081500277,0.8987925940284875,-1.4177061349715534,1.4318542647154577,-1.1309902359531319,0.6605220869259217,0.9918982269528381,-0.12358065410923252,0.18535623924547634
2008-04-26 01:30:00+00:00,ME01,0.12246854082844222,2.3085244375472707,-1.385001696751414,1.4318542647154577,-1.1309902359531319,0.6605220869259217,0.9918982269528381,-0.12358065410923252,0.18535623924547634
2008-04-26 01:40:00+00:00,ME01,-0.15414960542747094,-0.5265988757803265,-1.416341936786606,1.4318542647154577,-1.1309902359531319,0.6605220869259217,0.9918982269528381,-0.12358065410923252,0.18535623924547634
2008-04-26 01:50:00+00:00,ME01,0.03877826895208219,-0.741953711969897,-1.0076279663704442,1.4318542647154577,-1.1309902359531319,0.6605220869259217,0.9918982269528381,-0.12358065410923252,0.18535623924547634
2008-04-26 02:00:00+00:00,ME01,-0.0914430078004492,-0.7710030724130447,-0.6746780386279139,1.218847252841589,-1.3041008697287684,0.5487721485156843,-0.6744907594765952,-0.12358065410923252,0.18535623924547634
2008-04-26 02:10:00+00:00,ME01,-0.08444270265469991,-0.7944654391102711,-1.3438877625996195,1.218847252841589,-1.3041008697287684,0.5487721485156843,-0.6744907594765952,-0.12358065410923252,0.18535623924547634
2008-04-26 02:20:00+00:00,ME01,0.20568945383746884,-0.7038490464859012,-1.1285672420720252,1.218847252841589,-1.3041008697287684,0.5487721485156843,-0.6744907594765952,-0.12358065410923252,0.18535623924547634
2008-04-26 02:30:00+00:00,ME01,0.1277992472450602,-0.8961910420268224,-0.4954241162155986,1.218847252841589,-1.3041008697287684,0.5487721485156843,-0.6744907594765952,-0.12358065410923252,0.18535623924547634
2008-04-26 02:40:00+00:00,ME01,0.2944528189200276,-0.5342561490806714,-1.2097087904945636,1.218847252841589,-1.3041008697287684,0.5487721485156843,-0.6744907594765952,-0.12358065410923252,0.18535623924547634
2008-04-26 02:50:00+00:00,ME01,0.41643010421038273,-0.7865559941575884,-1.3068860440729784,1.218847252841589,-1.3041008697287684,0.5487721485156843,-0.6744907594765952,-0.12358065410923252,0.18535623924547634
2008-04-26 03:00:00+00:00,ME01,0.23944854460206588,-0.6846088395367007,-1.2034180767625282,1.621183349228678,-1.3438524594118009,0.4489953181485508,-0.6744907594765952,-0.12358065410923252,0.18535623924547634
2008-04-26 03:10:00+00:00,ME01,0.20138884341144775,-0.6828884392111257,-0.9849192269388505,1.621183349228678,-1.3438524594118009,0.4489953181485508,-0.6744907594765952,-0.12358065410923252,0.18535623924547634
2008-04-26 03:20:00+00:00,ME01,0.19588649674713973,-0.5262393769021136,-1.202539611361085,1.621183349228678,-1.3438524594118009,0.4489953181485508,-0.6744907594765952,-0.12358065410923252,0.18535623924547634
2008-04-26 03:30:00+00:00,ME01,0.23309410413909581,-0.8595487267002971,-1.0590616034786247,1.621183349228678,-1.3438524594118009,0.4489953181485508,-0.6744907594765952,-0.12358065410923252,0.18535623924547634
2008-04-26 03:40:00+00:00,ME01,0.1079555840883854,-0.7991009329633624,-1.1196594289083008,1.621183349228678,-1.3438524594118009,0.4489953181485508,-0.6744907594765952,-0.12358065410923252,0.18535623924547634
2008-04-26 03:50:00+00:00,ME01,0.0030479118203769555,-0.8272568958501599,-0.40691516899884117,1.621183349228678,-1.3438524594118009,0.4489953181485508,-0.6744907594765952,-0.12358065410923252,0.18535623924547634
2008-04-26 04:00:00+00:00,ME01,0.08480584826670769,-0.32085439415454026,-1.0140039538808627,1.4081763373548106,-1.1322724672229365,0.4011026069737581,1.1109259909529559,-0.12358065410923252,0.18535623924547634
2008-04-26 04:10:00+00:00,ME01,0.12721699679568946,-0.6173679199215122,-0.7987208030189834,1.4081763373548106,-1.1322724672229365,0.4011026069737581,1.1109259909529559,-0.12358065410923252,0.18535623924547634
2008-04-26 04:20:00+00:00,ME01,0.09938439155610515,-0.8523012615673672,-0.3121151893402898,1.4081763373548106,-1.1322724672229365,0.4011026069737581,1.1109259909529559,-0.12358065410923252,0.18535623924547634
2008-04-26 04:30:00+00:00,ME01,0.15333136170412617,-0.8788667106288791,-0.3998689653171561,1.4081763373548106,-1.1322724672229365,0.4011026069737581,1.1109259909529559,-0.12358065410923252,0.18535623924547634
2008-04-26 04:40:00+00:00,ME01,-0.06737955000684925,-0.7870627004427649,-0.7143650891229674,1.4081763373548106,-1.1322724672229365,0.4011026069737581,1.1109259909529559,-0.12358065410923252,0.18535623924547634
2008-04-26 04:50:00+00:00,ME01,-0.17797155660588102,-0.7603374366902125,0.12150581111365165,1.4081763373548106,-1.1322724672229365,0.4011026069737581,1.1109259909529559,-0.12358065410923252,0.18535623924547634
2008-04-26 05:00:00+00:00,ME01,-0.1434436518067458,-0.7293635284239401,-0.20672090138305738,1.3844984099941635,-0.8655538411890418,0.3851380909131062,-0.43643523147636054,-0.12358065410923252,0.18535623924547634
2008-04-26 05:10:00+00:00,ME01,-0.0690703917916919,-0.816041082916003,0.16690371555784508,1.3844984099941635,-0.8655538411890418,0.3851380909131062,-0.43643523147636054,-0.12358065410923252,0.18535623924547634
2008-04-26 05:20:00+00:00,ME01,-0.21292857533494186,-0.3749152229258727,-0.2658740122991698,1.3844984099941635,-0.8655538411890418,0.3851380909131062,-0.43643523147636054,-0.12358065410923252,0.18535623924547634
2008-04-26 05:30:00+00:00,ME01,-0.1443852409669338,-0.8260882730826157,-0.17581823209301964,1.3844984099941635,-0.8655538411890418,0.3851380909131062,-0.43643523147636054,-0.12358065410923252,0.18535623924547634
2008-04-26 05:40:00+00:00,ME01,-0.08868643585570207,-0.8665067907212284,-0.34998129220033225,1.3844984099941635,-0.8655538411890418,0.3851380909131062,-0.43643523147636054,-0.12358065410923252,0.18535623924547634
2008-04-26 05:50:00+00:00,ME01,-0.1350627738914761,-0.763422035394732,-0.2077525457846506,1.3844984099941635,-0.8655538411890418,0.3851380909131062,-0.43643523147636054,-0.12358065410923252,0.18535623924547634
2008-04-26 06:00:00+00:00,ME01,-0.11502354746927268,-0.6967481067246418,-0.11463027767169587,1.218847252841589,0.41931261825745586,0.4489953181485508,-0.6744907594765952,-0.12358065410923252,0.2540066982252822
2008-04-26 06:10:00+00:00,ME01,0.08687017239692343,-0.7106669854386471,0.06322617155937653,1.218847252841589,0.41931261825745586,0.4489953181485508,-0.6744907594765952,-0.12358065410923252,0.2540066982252822
2008-04-26 06:20:00+00:00,ME01,-0.035071656395698175,-0.8595300567012696,0.001891025655811972,1.218847252841589,0.41931261825745586,0.4489953181485508,-0.6744907594765952,-0.12358065410923252,0.2540066982252822
2008-04-26 06:30:00+00:00,ME01,0.0105548622335674,-0.7425457493799277,0.3334844520072738,1.218847252841589,0.41931261825745586,0.4489953181485508,-0.6744907594765952,-0.12358065410923252,0.2540066982252822
2008-04-26 06:40:00+00:00,ME01,0.007756114031631995,-0.43302615315199494,0.6437049621352923,1.218847252841589,0.41931261825745586,0.4489953181485508,-0.6744907594765952,-0.12358065410923252,0.2540066982252822
2008-04-26 06:50:00+00:00,ME01,-0.12988665149285042,-0.7850901785990344,-0.11296225103591008,1.218847252841589,0.41931261825745586,0.4489953181485508,-0.6744907594765952,-0.12358065410923252,0.2540066982252822
2008-04-26 07:00:00+00:00,ME01,-0.16670997219849748,-0.8533733254189454,0.3305677650136339,1.4081763373548106,0.6642322370072996,0.46895068422199654,0.7538426021433402,-0.12358065410923252,0.2540066982252822
2008-04-26 07:10:00+00:00,ME01,-0.13730069397841152,-0.8175465424153541,0.14138701591591338,1.4081763373548106,0.6642322370072996,0.46895068422199654,0.7538426021433402,-0.12358065410923252,0.2540066982252822
2008-04-26 07:20:00+00:00,ME01,0.008647851647481577,-0.772344472071207,0.260342939539884,1.4081763373548106,0.6642322370072996,0.46895068422199654,0.7538426021433402,-0.12358065410923252,0.2540066982252822
2008-04-26 07:30:00+00:00,ME01,-0.14363014662096898,-0.7775314162820672,0.8221424822378127,1.4081763373548106,0.6642322370072996,0.46895068422199654,0.7538426021433402,-0.12358065410923252,0.2540066982252822
2008-04-26 07:40:00+00:00,ME01,0.1304151158891886,-0.7310311010802035,0.9070199453070976,1.4081763373548106,0.6642322370072996,0.46895068422199654,0.7538426021433402,-0.12358065410923252,0.2540066982252822
2008-04-26 07:50:00+00:00,ME01,-0.08438526471349482,-0.7397787196151012,0.3741396549844371,1.4081763373548106,0.6642322370072996,0.46895068422199654,0.7538426021433402,-0.12358065410923252,0.2540066982252822
2008-04-26 08:00:00+00:00,ME01,-0.002355269268518831,-0.20938920677970732,0.6831984967676349,1.4318542647154577,0.8463192964445986,0.5208345244119602,1.3489815189531904,-0.12358065410923252,0.2540066982252822
2008-04-26 08:10:00+00:00,ME01,0.12124257384045793,-0.7578616623901252,0.8406829009441514,1.4318542647154577,0.8463192964445986,0.5208345244119602,1.3489815189531904,-0.12358065410923252,0.2540066982252822
2008-04-26 08:20:00+00:00,ME01,0.21004829559256552,-0.7955570906634107,0.2416875233917644,1.4318542647154577,0.8463192964445986,0.5208345244119602,1.3489815189531904,-0.12358065410923252,0.2540066982252822
2008-04-26 08:30:00+00:00,ME01,0.26734863662629643,-0.5876127390250785,0.6753841094666329,1.4318542647154577,0.8463192964445986,0.5208345244119602,1.3489815189531904,-0.12358065410923252,0.2540066982252822
2008-04-26 08:40:00+00:00,ME01,0.1101670829474424,0.8094994130850393,0.4230045373592276,1.4318542647154577,0.8463192964445986,0.5208345244119602,1.3489815189531904,-0.12358065410923252,0.2540066982252822
2008-04-26 08:50:00+00:00,ME01,0.28816589593684666,-0.29716455467366504,0.8087940469816361,1.4318542647154577,0.8463192964445986,0.5208345244119602,1.3489815189531904,-0.12358065410923252,0.2540066982252822
2008-04-26 09:00:00+00:00,ME01,0.4053867584496888,19.2187483917378,0.1452420105394193,1.0768268558636855,0.3590445214845203,0.4011026069737581,0.39675931014298804,-0.12358065410923252,0.2540066982252822
2008-04-26 09:10:00+00:00,ME01,0.5182433122923363,-0.6355491946698258,0.4887554808816195,1.0768268558636855,0.3590445214845203,0.4011026069737581,0.39675931014298804,-0.12358065410923252,0.2540066982252822
2008-04-26 09:20:00+00:00,ME01,0.584210196004618,-0.44153020533237597,0.3981710019257752,1.0768268558636855,0.3590445214845203,0.4011026069737581,0.39675931014298804,-0.12358065410923252,0.2540066982252822
2008-04-26 09:30:00+00:00,ME01,0.8574265711765306,-0.6628485377098912,0.4079543880841071,1.0768268558636855,0.3590445214845203,0.4011026069737581,0.39675931014298804,-0.12358065410923252,0.2540066982252822
2008-04-26 09:40:00+00:00,ME01,1.0484451281515867,-0.6466019272838959,0.7066791826738419,1.0768268558636855,0.3590445214845203,0.4011026069737581,0.39675931014298804,-0.12358065410923252,0.2540066982252822
2008-04-26 09:50:00+00:00,ME01,0.6727405664791158,-0.8359215807136777,0.2627504469551773,1.0768268558636855,0.3590445214845203,0.4011026069737581,0.39675931014298804,-0.12358065410923252,0.2540066982252822
2008-04-26 10:00:00+00:00,ME01,0.6982016251069871,-0.712810872124837,1.014403601731267,2.1654926754076933,-0.610375565507731,0.3412365087534844,0.0,-0.12358065410923252,0.2540066982252822
2008-04-26 10:10:00+00:00,ME01,0.7084888401795262,-0.6754912178132992,1.3497611370513614,2.1654926754076933,-0.610375565507731,0.3412365087534844,0.0,-0.12358065410923252,0.2540066982252822
2008-04-26 10:20:00+00:00,ME01,0.9152925718769114,-0.656988206279518,4.2751241374628055,2.1654926754076933,-0.610375565507731,0.3412365087534844,0.0,-0.12358065410923252,0.2540066982252822
2008-04-26 10:30:00+00:00,ME01,1.113232507770048,-0.403854291754872,5.267404130549506,2.1654926754076933,-0.610375565507731,0.3412365087534844,0.0,-0.12358065410923252,0.2540066982252822
2008-04-26 10:40:00+00:00,ME01,1.0766825584578352,-0.6875218120996972,4.018965301792929,2.1654926754076933,-0.610375565507731,0.3412365087534844,0.0,-0.12358065410923252,0.2540066982252822
2008-04-26 10:50:00+00:00,ME01,1.1706719129972574,-0.016674908541674652,3.6711930064950518,2.1654926754076933,-0.610375565507731,0.3412365087534844,0.0,-0.12358065410923252,0.2540066982252822
2008-04-26 11:00:00+00:00,ME01,1.1680479110337174,-0.6834851729481473,3.0048288877452136,0.8638198439898168,-0.7898978934810773,0.31329888464972855,-0.6744907594765952,0.40962126923846737,0.2540066982252822
2008-04-26 11:10:00+00:00,ME01,1.4394471695771234,-0.6346264909298244,4.095261877656137,0.8638198439898168,-0.7898978934810773,0.31329888464972855,-0.6744907594765952,0.40962126923846737,0.2540066982252822
2008-04-26 11:20:00+00:00,ME01,1.3937293895097733,-0.5322928652706392,3.231350983146603,0.8638198439898168,-0.7898978934810773,0.31329888464972855,-0.6744907594765952,0.40962126923846737,0.2540066982252822
2008-04-26 11:30:00+00:00,ME01,1.2834302035372889,-0.6802183433240471,1.1023594561721013,0.8638198439898168,-0.7898978934810773,0.31329888464972855,-0.6744907594765952,0.40962126923846737,0.2540066982252822
2008-04-26 11:40:00+00:00,ME01,1.1740040359309654,-0.5406566949845238,0.7998392059888796,0.8638198439898168,-0.7898978934810773,0.31329888464972855,-0.6744907594765952,0.40962126923846737,0.2540066982252822
2008-04-26 11:50:00+00:00,ME01,1.583262757820572,-0.6335036731604999,1.6949912198585158,0.8638198439898168,-0.7898978934810773,0.31329888464972855,-0.6744907594765952,0.40962126923846737,0.2540066982252822
2008-04-26 12:00:00+00:00,ME01,1.3559285440607112,-0.6479591962769398,0.7124624140539635,1.2425251802022361,-0.9707024527242278,0.3332542507231743,1.507685301095944,0.9428231925861671,0.32265715720508886
2008-04-26 12:10:00+00:00,ME01,1.4198332148048605,-0.6128131602055529,0.21071497150707857,1.2425251802022361,-0.9707024527242278,0.3332542507231743,1.507685301095944,0.9428231925861671,0.32265715720508886
2008-04-26 12:20:00+00:00,ME01,1.4862923852845091,-0.6638290286081777,-0.008187073943126627,1.2425251802022361,-0.9707024527242278,0.3332542507231743,1.507685301095944,0.9428231925861671,0.32265715720508886
2008-04-26 12:30:00+00:00,ME01,1.484537929411334,-0.4437921033457628,0.009967316886578138,1.2425251802022361,-0.9707024527242278,0.3332542507231743,1.507685301095944,0.9428231925861671,0.32265715720508886
2008-04-26 12:40:00+00:00,ME01,1.604906496845715,0.4198998104881538,-0.20058919291694385,1.2425251802022361,-0.9707024527242278,0.3332542507231743,1.507685301095944,0.9428231925861671,0.32265715720508886
2008-04-26 12:50:00+00:00,ME01,1.674036629383704,0.21400736457439226,-0.23780386163420086,1.2425251802022361,-0.9707024527242278,0.3332542507231743,1.507685301095944,0.9428231925861671,0.32265715720508886
2008-04-26 13:00:00+00:00,ME01,1.4868794745489435,-0.33436909643190216,0.07146219296754017,0.8401890838151485,0.7232181025104306,0.4090845860017228,-0.6744907594765952,-0.12358065410923252,0.32265715720508886
2008-04-26 13:10:00+00:00,ME01,1.6008408460152965,20.680505450453463,0.1343540444007019,0.8401890838151485,0.7232181025104306,0.4090845860017228,-0.6744907594765952,-0.12358065410923252,0.32265715720508886
2008-04-26 13:20:00+00:00,ME01,1.7448666168789253,0.11172282853616627,-0.20921059304283074,0.8401890838151485,0.7232181025104306,0.4090845860017228,-0.6744907594765952,-0.12358065410923252,0.32265715720508886
2008-04-26 13:30:00+00:00,ME01,1.635947705897432,0.08516205945074391,-0.23592426773175776,0.8401890838151485,0.7232181025104306,0.4090845860017228,-0.6744907594765952,-0.12358065410923252,0.32265715720508886
2008-04-26 13:40:00+00:00,ME01,1.5316849504042265,-0.3832601584305237,0.07104725765791603,0.8401890838151485,0.7232181025104306,0.4090845860017228,-0.6744907594765952,-0.12358065410923252,0.32265715720508886
2008-04-26 13:50:00+00:00,ME01,1.5735601043061007,-0.5520145584626123,0.35461255051513013,0.8401890838151485,0.7232181025104306,0.4090845860017228,-0.6744907594765952,-0.12358065410923252,0.32265715720508886
2008-04-26 14:00:00+00:00,ME01,1.3073648132159241,-0.43975880881865925,0.08434560170818202,0.8638198439898168,0.03846895502671215,0.22150431231293688,-0.19837960666686225,-0.12358065410923252,0.32265715720508886
2008-04-26 14:10:00+00:00,ME01,1.3890422150325878,6.670958849964995,-0.11440209778761143,0.8638198439898168,0.03846895502671215,0.22150431231293688,-0.19837960666686225,-0.12358065410923252,0.32265715720508886
2008-04-26 14:20:00+00:00,ME01,1.2160267610446305,-0.6207440577408703,-0.007349428669162468,0.8638198439898168,0.03846895502671215,0.22150431231293688,-0.19837960666686225,-0.12358065410923252,0.32265715720508886
2008-04-26 14:30:00+00:00,ME01,1.4837269216356326,-0.3988393912763104,-0.2512487813047631,0.8638198439898168,0.03846895502671215,0.22150431231293688,-0.19837960666686225,-0.12358065410923252,0.32265715720508886
2008-04-26 14:40:00+00:00,ME01,1.3278472784727409,-0.5685289461326557,-0.20035710336156237,0.8638198439898168,0.03846895502671215,0.22150431231293688,-0.19837960666686225,-0.12358065410923252,0.32265715720508886
2008-04-26 14:50:00+00:00,ME01,1.4279293111464186,-0.4488695033478265,-0.0074531734281383525,0.8638198439898168,0.03846895502671215,0.22150431231293688,-0.19837960666686225,-0.12358065410923252,0.32265715720508886
2008-04-26 15:00:00+00:00,ME01,1.2565781952850632,-0.674349233930057,-0.32641821082132605,0.8401890838151485,0.262871797762309,0.10975437390266778,0.0,-0.12358065410923252,0.32265715720508886
2008-04-26 15:10:00+00:00,ME01,1.3946838620695128,-0.6768503638336465,-0.30854465581127294,0.8401890838151485,0.262871797762309,0.10975437390266778,0.0,-0.12358065410923252,0.32265715720508886
2008-04-26 15:20:00+00:00,ME01,1.1644408088862745,-0.5674285041349494,-0.0989618858179809,0.8401890838151485,0.262871797762309,0.10975437390266778,0.0,-0.12358065410923252,0.32265715720508886
2008-04-26 15:30:00+00:00,ME01,1.0343487275535206,-0.44687049906241644,0.013939122850019806,0.8401890838151485,0.262871797762309,0.10975437390266778,0.0,-0.12358065410923252,0.32265715720508886
2008-04-26 15:40:00+00:00,ME01,1.137366444169958,-0.16081069515906904,-0.02814463803393161,0.8401890838151485,0.262871797762309,0.10975437390266778,0.0,-0.12358065410923252,0.32265715720508886
2008-04-26 15:50:00+00:00,ME01,1.2121916505050576,-0.7583982743195452,0.29459484706383743,0.8401890838151485,0.262871797762309,0.10975437390266778,0.0,-0.12358065410923252,0.32265715720508886
2008-04-26 16:00:00+00:00,ME01,1.375028788494747,-0.5820844267629508,0.04914284215913557,0.8401890838151485,-0.31801096945602747,0.07782589978614987,0.31740746747624304,-0.12358065410923252,0.32265715720508886
2008-04-26 16:10:00+00:00,ME01,1.3468123287653329,-0.6944646614933495,-0.09376651804342327,0.8401890838151485,-0.31801096945602747,0.07782589978614987,0.31740746747624304,-0.12358065410923252,0.32265715720508886
2008-04-26 16:20:00+00:00,ME01,1.227383668532119,-0.6120991391828513,0.048968593428294106,0.8401890838151485,-0.31801096945602747,0.07782589978614987,0.31740746747624304,-0.12358065410923252,0.32265715720508886
2008-04-26 16:30:00+00:00,ME01,1.3537024336815817,0.8088276435194116,-0.05546692674448166,0.8401890838151485,-0.31801096945602747,0.07782589978614987,0.31740746747624304,-0.12358065410923252,0.32265715720508886
2008-04-26 16:40:00+00:00,ME01,1.0040877434612476,-0.6210394919312552,-0.0363881048586695,0.8401890838151485,-0.31801096945602747,0.07782589978614987,0.31740746747624304,-0.12358065410923252,0.32265715720508886
2008-04-26 16:50:00+00:00,ME01,0.9905663189564885,-0.6284800705469128,-0.034174270248816585,0.8401890838151485,-0.31801096945602747,0.07782589978614987,0.31740746747624304,-0.12358065410923252,0.32265715720508886
2008-04-26 17:00:00+00:00,ME01,1.1222553448229846,-0.22988238003874256,-0.19591819021953974,0.6508599993019268,-0.9027404304837778,0.13769199800642362,-0.43643523147636054,-0.12358065410923252,0.32265715720508886
2008-04-26 17:10:00+00:00,ME01,1.1469479079439275,-0.6461483836285963,-0.12772665639497405,0.6508599993019268,-0.9027404304837778,0.13769199800642362,-0.43643523147636054,-0.12358065410923252,0.32265715720508886
2008-04-26 17:20:00+00:00,ME01,1.0697194755661468,0.15989725758402454,0.022624919013918922,0.6508599993019268,-0.9027404304837778,0.13769199800642362,-0.43643523147636054,-0.12358065410923252,0.32265715720508886
2008-04-26 17:30:00+00:00,ME01,1.0258077297962371,-0.5003729482978299,-0.21651907712972346,0.6508599993019268,-0.9027404304837778,0.13769199800642362,-0.43643523147636054,-0.12358065410923252,0.32265715720508886
2008-04-26 17:40:00+00:00,ME01,1.07315554538675,-0.5541510422696296,-0.08122903555627034,0.6508599993019268,-0.9027404304837778,0.13769199800642362,-0.43643523147636054,-0.12358065410923252,0.32265715720508886
2008-04-26 17:50:00+00:00,ME01,1.1437888314025946,0.2923202186144165,-0.029354110002620247,0.6508599993019268,-0.9027404304837778,0.13769199800642362,-0.43643523147636054,-0.12358065410923252,0.32265715720508886
2008-04-26 18:00:00+00:00,ME01,1.012308296852324,0.1207265656391404,-0.1844385864370812,0.6271820719412798,-0.9860900347349129,0.1456739770343883,0.27773154614287077,-0.12358065410923252,0.3913076161848948
2008-04-26 18:10:00+00:00,ME01,1.0593143353256993,1.02674464251616,-0.05311149383832807,0.6271820719412798,-0.9860900347349129,0.1456739770343883,0.27773154614287077,-0.12358065410923252,0.3913076161848948
2008-04-26 18:20:00+00:00,ME01,0.9737384304712157,0.2543650363684824,0.022386732682217497,0.6271820719412798,-0.9860900347349129,0.1456739770343883,0.27773154614287077,-0.12358065410923252,0.3913076161848948
2008-04-26 18:30:00+00:00,ME01,0.9740041801304429,-0.2276721778290027,1.7324735121180737,0.6271820719412798,-0.9860900347349129,0.1456739770343883,0.27773154614287077,-0.12358065410923252,0.3913076161848948
2008-04-26 18:40:00+00:00,ME01,1.0039445810838301,-0.1697129713242448,-0.12728070277346998,0.6271820719412798,-0.9860900347349129,0.1456739770343883,0.27773154614287077,-0.12358065410923252,0.3913076161848948
2008-04-26 18:50:00+00:00,ME01,1.2129182116166246,-0.4155548514717036,0.1141965231357781,0.6271820719412798,-0.9860900347349129,0.1456739770343883,0.27773154614287077,-0.12358065410923252,0.3913076161848948
2008-04-26 19:00:00+00:00,ME01,1.0165531487247388,1.5107013286537527,-0.419061519334728,0.8874977713504638,-1.1656123627082593,0.34921848778141734,-0.6744907594765952,-0.12358065410923252,0.3913076161848948
2008-04-26 19:10:00+00:00,ME01,1.029200496327791,-0.3707137356010705,-0.46826565739454024,0.8874977713504638,-1.1656123627082593,0.34921848778141734,-0.6744907594765952,-0.12358065410923252,0.3913076161848948
2008-04-26 19:20:00+00:00,ME01,0.9496510328676346,5.8089959146976335,-0.515643610712788,0.8874977713504638,-1.1656123627082593,0.34921848778141734,-0.6744907594765952,-0.12358065410923252,0.3913076161848948
2008-04-26 19:30:00+00:00,ME01,1.1566730133272187,2.1568582396072102,-0.20878215249015405,0.8874977713504638,-1.1656123627082593,0.34921848778141734,-0.6744907594765952,-0.12358065410923252,0.3913076161848948
2008-04-26 19:40:00+00:00,ME01,0.9671012784641556,0.6632365228314332,-0.2608943741094143,0.8874977713504638,-1.1656123627082593,0.34921848778141734,-0.6744907594765952,-0.12358065410923252,0.3913076161848948
2008-04-26 19:50:00+00:00,ME01,1.1139801955469568,-0.3295593217015038,-0.2991435660102778,0.8874977713504638,-1.1656123627082593,0.34921848778141734,-0.6744907594765952,-0.12358065410923252,0.3913076161848948
2008-04-26 20:00:00+00:00,ME01,0.7702466003216991,-0.24683354761557053,-0.47760042122395774,1.2661559403769058,-1.098932571737614,0.43303108109030775,-0.11902776400011736,-0.12358065410923252,0.3913076161848948
2008-04-26 20:10:00+00:00,ME01,1.1883280810342312,0.3223143763068419,-0.653650259577869,1.2661559403769058,-1.098932571737614,0.43303108109030775,-0.11902776400011736,-0.12358065410923252,0.3913076161848948
2008-04-26 20:20:00+00:00,ME01,1.176071399642909,0.45394170493132163,-0.34429700551523773,1.2661559403769058,-1.098932571737614,0.43303108109030775,-0.11902776400011736,-0.12358065410923252,0.3913076161848948
2008-04-26 20:30:00+00:00,ME01,0.92757325182042,-0.2517813959797111,-0.2836169000419757,1.2661559403769058,-1.098932571737614,0.43303108109030775,-0.11902776400011736,-0.12358065410923252,0.3913076161848948
2008-04-26 20:40:00+00:00,ME01,1.2525840227278955,0.20981655866879156,-0.6018840733445808,1.2661559403769058,-1.098932571737614,0.43303108109030775,-0.11902776400011736,-0.12358065410923252,0.3913076161848948
2008-04-26 20:50:00+00:00,ME01,1.091057571581248,0.06848611021332196,-0.9016005106469949,1.2661559403769058,-1.098932571737614,0.43303108109030775,-0.11902776400011736,-0.12358065410923252,0.3913076161848948
2008-04-26 21:00:00+00:00,ME01,1.190796574370119,-0.2804681215241317,-0.8652809868067087,1.4081763373548106,-1.191258332726068,0.4250488230599659,0.11902776400011736,-0.12358065410923252,0.3913076161848948
2008-04-26 21:10:00+00:00,ME01,0.8183120225654041,-0.26540325708791135,-0.6699888851255169,1.4081763373548106,-1.191258332726068,0.4250488230599659,0.11902776400011736,-0.12358065410923252,0.3913076161848948
2008-04-26 21:20:00+00:00,ME01,0.9375508193713313,-0.18563143157949422,-0.8392270880348444,1.4081763373548106,-1.191258332726068,0.4250488230599659,0.11902776400011736,-0.12358065410923252,0.3913076161848948
2008-04-26 21:30:00+00:00,ME01,0.9278843022242544,0.052289785084862636,-0.9676730425781751,1.4081763373548106,-1.191258332726068,0.4250488230599659,0.11902776400011736,-0.12358065410923252,0.3913076161848948
2008-04-26 21:40:00+00:00,ME01,1.0895066816663297,-0.4674590428756084,-0.8010422714837003,1.4081763373548106,-1.191258332726068,0.4250488230599659,0.11902776400011736,-0.12358065410923252,0.3913076161848948
2008-04-26 21:50:00+00:00,ME01,1.0909986053375638,-0.5720181679592857,-0.9731743375992729,1.4081763373548106,-1.191258332726068,0.4250488230599659,0.11902776400011736,-0.12358065410923252,0.3913076161848948
2008-04-26 22:00:00+00:00,ME01,0.9924176730157712,-0.24968479065801905,-1.0254166283783788,1.4081763373548106,-1.0617459824428772,0.3851380909131062,-0.23805552800023472,-0.12358065410923252,0.3913076161848948
2008-04-26 22:10:00+00:00,ME01,0.8373304875595465,-0.008615922073456982,-1.0247896441960778,1.4081763373548106,-1.0617459824428772,0.3851380909131062,-0.23805552800023472,-0.12358065410923252,0.3913076161848948
2008-04-26 22:20:00+00:00,ME01,1.4050238100996773,-0.5152271967373385,-0.9304167223500217,1.4081763373548106,-1.0617459824428772,0.3851380909131062,-0.23805552800023472,-0.12358065410923252,0.3913076161848948
2008-04-26 22:30:00+00:00,ME01,0.7021090858198274,0.05749831520575248,-1.1210560728593926,1.4081763373548106,-1.0617459824428772,0.3851380909131062,-0.23805552800023472,-0.12358065410923252,0.3913076161848948
2008-04-26 22:40:00+00:00,ME01,0.5445860769256684,0.15368174488471767,-1.2006072178717506,1.4081763373548106,-1.0617459824428772,0.3851380909131062,-0.23805552800023472,-0.12358065410923252,0.3913076161848948
2008-04-26 22:50:00+00:00,ME01,0.4504237194093153,-0.573912187373336,-1.2329867717642629,1.4081763373548106,-1.0617459824428772,0.3851380909131062,-0.23805552800023472,-0.12358065410923252,0.3913076161848948
2008-04-26 23:00:00+00:00,ME01,0.5691101557420942,-0.5625220665886481,-0.9396167418320652,1.4318542647154577,-0.9668554899904707,0.413075715016862,2.3408797459060287,-0.12358065410923252,0.3913076161848948
2008-04-26 23:10:00+00:00,ME01,0.5132960883423755,-0.5894435425527682,-0.8864679457888676,1.4318542647154577,-0.9668554899904707,0.413075715016862,2.3408797459060287,-0.12358065410923252,0.3913076161848948
2008-04-26 23:20:00+00:00,ME01,0.5378651483911704,-0.5969097284923398,-1.0864182473281314,1.4318542647154577,-0.9668554899904707,0.413075715016862,2.3408797459060287,-0.12358065410923252,0.3913076161848948
2008-04-26 23:30:00+00:00,ME01,0.5648604003594639,-0.10178755635466057,-1.0519235440579198,1.4318542647154577,-0.9668554899904707,0.413075715016862,2.3408797459060287,-0.12358065410923252,0.3913076161848948
2008-04-26 23:40:00+00:00,ME01,0.49611180319669146,-0.6826119693347144,-0.7277798441748816,1.4318542647154577,-0.9668554899904707,0.413075715016862,2.3408797459060287,-0.12358065410923252,0.3913076161848948
2008-04-26 23:50:00+00:00,ME01,0.7764446491114592,2.202325974203402,-0.8285292317646528,1.4318542647154577,-0.9668554899904707,0.413075715016862,2.3408797459060287,-0.12358065410923252,0.3913076161848948
2008-04-27 00:00:00+00:00,ME01,0.5067474183006427,0.14005250909358663,-0.7309096554019894,1.621183349228678,-1.1835646761828968,0.3572007458117592,-0.6348148381432227,-0.12358065410923252,0.4599580751647007
2008-04-27 00:10:00+00:00,ME01,0.5897621357509586,2.6941020124099055,-0.67051901028127,1.621183349228678,-1.1835646761828968,0.3572007458117592,-0.6348148381432227,-0.12358065410923252,0.4599580751647007
2008-04-27 00:20:00+00:00,ME01,0.5241820261624655,-0.26353646399729236,-1.2271053618817884,1.621183349228678,-1.1835646761828968,0.3572007458117592,-0.6348148381432227,-0.12358065410923252,0.4599580751647007
2008-04-27 00:30:00+00:00,ME01,0.5105971163418556,-0.10293547672528834,-1.2261413658192188,1.621183349228678,-1.1835646761828968,0.3572007458117592,-0.6348148381432227,-0.12358065410923252,0.4599580751647007
2008-04-27 00:40:00+00:00,ME01,0.5866605201539341,-0.30854919085094995,-1.2522779464726372,1.621183349228678,-1.1835646761828968,0.3572007458117592,-0.6348148381432227,-0.12358065410923252,0.4599580751647007
2008-04-27 00:50:00+00:00,ME01,0.6212216506719189,-0.2284856882615978,-1.2888530797072504,1.621183349228678,-1.1835646761828968,0.3572007458117592,-0.6348148381432227,-0.12358065410923252,0.4599580751647007
2008-04-27 01:00:00+00:00,ME01,0.6670955958914101,-0.13649234606523372,-1.2918797333103642,1.5738274945073838,-1.3066656011927211,0.2733881525028688,-0.6744907594765952,-0.12358065410923252,0.4599580751647007
2008-04-27 01:10:00+00:00,ME01,0.7771743262009798,0.23453707589028294,-1.2538841635951812,1.5738274945073838,-1.3066656011927211,0.2733881525028688,-0.6744907594765952,-0.12358065410923252,0.4599580751647007
2008-04-27 01:20:00+00:00,ME01,0.5738249038071107,0.5983254969221439,-1.3208046183820625,1.5738274945073838,-1.3066656011927211,0.2733881525028688,-0.6744907594765952,-0.12358065410923252,0.4599580751647007
2008-04-27 01:30:00+00:00,ME01,0.8290758793006576,1.360243359056489,-1.4090942264486888,1.5738274945073838,-1.3066656011927211,0.2733881525028688,-0.6744907594765952,-0.12358065410923252,0.4599580751647007
2008-04-27 01:40:00+00:00,ME01,0.583458948731165,-0.14001906310777382,-1.2513080475951126,1.5738274945073838,-1.3066656011927211,0.2733881525028688,-0.6744907594765952,-0.12358065410923252,0.4599580751647007
2008-04-27 01:50:00+00:00,ME01,0.7473505102581046,-0.13270139955278082,-1.1140097013232704,1.5738274945073838,-1.3066656011927211,0.2733881525028688,-0.6744907594765952,-0.12358065410923252,0.4599580751647007
2008-04-27 02:00:00+00:00,ME01,0.66679403332987,-0.710388653891514,-1.0213255011585969,1.621183349228678,-1.2938424817216452,0.23347742035604077,-0.476111152809733,-0.12358065410923252,0.4599580751647007
2008-04-27 02:10:00+00:00,ME01,0.7662529889280754,-0.4627398509795411,-0.9865749933411663,1.621183349228678,-1.2938424817216452,0.23347742035604077,-0.476111152809733,-0.12358065410923252,0.4599580751647007
2008-04-27 02:20:00+00:00,ME01,0.5991428805397616,-0.6278716627846668,-1.2570102214384606,1.621183349228678,-1.2938424817216452,0.23347742035604077,-0.476111152809733,-0.12358065410923252,0.4599580751647007
2008-04-27 02:30:00+00:00,ME01,0.7818500162266439,-0.5982141255734168,-1.2831556267292914,1.621183349228678,-1.2938424817216452,0.23347742035604077,-0.476111152809733,-0.12358065410923252,0.4599580751647007
2008-04-27 02:40:00+00:00,ME01,0.6734363523440041,-0.6229801865628976,-1.060343737783962,1.621183349228678,-1.2938424817216452,0.23347742035604077,-0.476111152809733,-0.12358065410923252,0.4599580751647007
2008-04-27 02:50:00+00:00,ME01,0.7086391785394914,-0.624987347686353,-1.2342589559559605,1.621183349228678,-1.2938424817216452,0.23347742035604077,-0.476111152809733,-0.12358065410923252,0.4599580751647007
2008-04-27 03:00:00+00:00,ME01,0.6135381326670284,-0.5873139749213866,-1.3369636858483702,1.4318542647154577,-1.509269167719923,0.19356696721155817,-0.6744907594765952,-0.12358065410923252,0.4599580751647007
2008-04-27 03:10:00+00:00,ME01,0.6165077644198239,-0.39360481773156847,-1.2866538840077686,1.4318542647154577,-1.509269167719923,0.19356696721155817,-0.6744907594765952,-0.12358065410923252,0.4599580751647007
2008-04-27 03:20:00+00:00,ME01,0.560841775447286,-0.6314749391387608,-1.3586008969968442,1.4318542647154577,-1.509269167719923,0.19356696721155817,-0.6744907594765952,-0.12358065410923252,0.4599580751647007
2008-04-27 03:30:00+00:00,ME01,0.7552397326340043,0.2463360535544004,-1.3221869811433076,1.4318542647154577,-1.509269167719923,0.19356696721155817,-0.6744907594765952,-0.12358065410923252,0.4599580751647007
2008-04-27 03:40:00+00:00,ME01,0.6252023773145574,-0.6120417229897723,-1.2414634050480005,1.4318542647154577,-1.509269167719923,0.19356696721155817,-0.6744907594765952,-0.12358065410923252,0.4599580751647007
2008-04-27 03:50:00+00:00,ME01,0.7321902778578916,-0.6451161671296217,-1.0007049291633419,1.4318542647154577,-1.509269167719923,0.19356696721155817,-0.6744907594765952,-0.12358065410923252,0.4599580751647007
2008-04-27 04:00:00+00:00,ME01,0.607219457860402,-0.19671051276486753,-1.2104102669342627,1.4081763373548106,-1.7490598613905488,0.13370086899128442,-0.6744907594765952,-0.12358065410923252,0.4599580751647007
2008-04-27 04:10:00+00:00,ME01,0.652695884705742,-0.4807787831079817,-1.0874409019672333,1.4081763373548106,-1.7490598613905488,0.13370086899128442,-0.6744907594765952,-0.12358065410923252,0.4599580751647007
2008-04-27 04:20:00+00:00,ME01,0.6217217418898189,-0.70469433763079,-1.1068344988384262,1.4081763373548106,-1.7490598613905488,0.13370086899128442,-0.6744907594765952,-0.12358065410923252,0.4599580751647007
2008-04-27 04:30:00+00:00,ME01,0.5987861255420597,-0.5800434259373944,-0.9837273064394594,1.4081763373548106,-1.7490598613905488,0.13370086899128442,-0.6744907594765952,-0.12358065410923252,0.4599580751647007
2008-04-27 04:40:00+00:00,ME01,0.6918564634587712,-0.6787847891894354,-0.9992137363537799,1.4081763373548106,-1.7490598613905488,0.13370086899128442,-0.6744907594765952,-0.12358065410923252,0.4599580751647007
2008-04-27 04:50:00+00:00,ME01,0.8775901158538238,-0.3160099251482138,-0.7257753809868194,1.4081763373548106,-1.7490598613905488,0.13370086899128442,-0.6744907594765952,-0.12358065410923252,0.4599580751647007
2008-04-27 05:00:00+00:00,ME01,0.830004004002997,-0.6635835176641719,-0.9906115699674662,1.3844984099941635,-1.3361585339442865,0.2454508074015218,-0.3967593101429881,-0.12358065410923252,0.4599580751647007
2008-04-27 05:10:00+00:00,ME01,0.8111579922353391,-0.6238144290718327,-0.5906323243034995,1.3844984099941635,-1.3361585339442865,0.2454508074015218,-0.3967593101429881,-0.12358065410923252,0.4599580751647007
2008-04-27 05:20:00+00:00,ME01,0.7259252437966034,-0.5480757260199831,-0.6717157553174766,1.3844984099941635,-1.3361585339442865,0.2454508074015218,-0.3967593101429881,-0.12358065410923252,0.4599580751647007
2008-04-27 05:30:00+00:00,ME01,0.7535832017833317,-0.5532771733282021,-0.5525676972156137,1.3844984099941635,-1.3361585339442865,0.2454508074015218,-0.3967593101429881,-0.12358065410923252,0.4599580751647007
2008-04-27 05:40:00+00:00,ME01,0.8832906114250308,-0.646417274418774,-0.7528643287603066,1.3844984099941635,-1.3361585339442865,0.2454508074015218,-0.3967593101429881,-0.12358065410923252,0.4599580751647007
2008-04-27 05:50:00+00:00,ME01,0.8862440816845337,-0.4350318404784931,-0.6164420574441122,1.3844984099941635,-1.3361585339442865,0.2454508074015218,-0.3967593101429881,-0.12358065410923252,0.4599580751647007
2008-04-27 06:00:00+00:00,ME01,0.8731343469178203,-0.5489854442733537,-0.5604474297822818,1.218847252841589,-0.13848864148268114,0.43303108109030775,-0.6744907594765952,-0.12358065410923252,0.5286085341445074
2008-04-27 06:10:00+00:00,ME01,0.9194527861726335,0.013275996870247445,-0.6003153367592271,1.218847252841589,-0.13848864148268114,0.43303108109030775,-0.6744907594765952,-0.12358065410923252,0.5286085341445074
2008-04-27 06:20:00+00:00,ME01,0.8590193441889391,-0.5226980497136663,-0.376856197636784,1.218847252841589,-0.13848864148268114,0.43303108109030775,-0.6744907594765952,-0.12358065410923252,0.5286085341445074
2008-04-27 06:30:00+00:00,ME01,0.8178908380116434,-0.38352361417527103,-0.294583616866057,1.218847252841589,-0.13848864148268114,0.43303108109030775,-0.6744907594765952,-0.12358065410923252,0.5286085341445074
2008-04-27 06:40:00+00:00,ME01,0.7191198203016999,-0.5709244487462641,-0.45682171598082333,1.218847252841589,-0.13848864148268114,0.43303108109030775,-0.6744907594765952,-0.12358065410923252,0.5286085341445074
2008-04-27 06:50:00+00:00,ME01,0.643158301357634,-0.530125716779588,-0.32331855983593827,1.218847252841589,-0.13848864148268114,0.43303108109030775,-0.6744907594765952,-0.12358065410923252,0.5286085341445074
2008-04-27 07:00:00+00:00,ME01,0.9900396898393303,-0.5257741581904972,-0.22558097711764186,1.195169325480942,0.1397708727524853,0.6924505610424713,-0.43643523147636054,-0.12358065410923252,0.5286085341445074
2008-04-27 07:10:00+00:00,ME01,0.8068674647623113,-0.5047938633996748,-0.3231164823494085,1.195169325480942,0.1397708727524853,0.6924505610424713,-0.43643523147636054,-0.12358065410923252,0.5286085341445074
2008-04-27 07:20:00+00:00,ME01,1.034260899442824,-0.47317732551976205,-0.3393019445736918,1.195169325480942,0.1397708727524853,0.6924505610424713,-0.43643523147636054,-0.12358065410923252,0.5286085341445074
2008-04-27 07:30:00+00:00,ME01,0.8217765015671983,-0.18486487756102835,-0.17823934435816344,1.195169325480942,0.1397708727524853,0.6924505610424713,-0.43643523147636054,-0.12358065410923252,0.5286085341445074
2008-04-27 07:40:00+00:00,ME01,0.9448457999304556,-0.48336616482430284,-0.2846745836699897,1.195169325480942,0.1397708727524853,0.6924505610424713,-0.43643523147636054,-0.12358065410923252,0.5286085341445074
2008-04-27 07:50:00+00:00,ME01,0.730963172017777,-0.5625044885748626,-0.015836594410629793,1.195169325480942,0.1397708727524853,0.6924505610424713,-0.43643523147636054,-0.12358065410923252,0.5286085341445074
2008-04-27 08:00:00+00:00,ME01,0.8894053522542297,-0.37557512056086617,-0.10278188809893236,1.0295181683283687,0.3423747082040306,0.8121827574830188,0.15870368533348983,-0.12358065410923252,0.5286085341445074
2008-04-27 08:10:00+00:00,ME01,1.0581235307521608,0.014289790863000003,-0.023551450303437124,1.0295181683283687,0.3423747082040306,0.8121827574830188,0.15870368533348983,-0.12358065410923252,0.5286085341445074
2008-04-27 08:20:00+00:00,ME01,0.946996679269299,0.28763141154475846,-0.1918044681781303,1.0295181683283687,0.3423747082040306,0.8121827574830188,0.15870368533348983,-0.12358065410923252,0.5286085341445074
2008-04-27 08:30:00+00:00,ME01,0.9565508070074035,-0.3230150511930742,-0.06667175604829773,1.0295181683283687,0.3423747082040306,0.8121827574830188,0.15870368533348983,-0.12358065410923252,0.5286085341445074
2008-04-27 08:40:00+00:00,ME01,1.3143736050091455,22.660787096653493,0.002962434023369797,1.0295181683283687,0.3423747082040306,0.8121827574830188,0.15870368533348983,-0.12358065410923252,0.5286085341445074
2008-04-27 08:50:00+00:00,ME01,0.8036891433473806,-0.2519010513940402,0.1417005700869816,1.0295181683283687,0.3423747082040306,0.8121827574830188,0.15870368533348983,-0.12358065410923252,0.5286085341445074
2008-04-27 09:00:00+00:00,ME01,0.9287355531302065,-0.373470315966636,-0.004780163875549308,0.8401890838151485,-0.12438329074180071,0.7682808963210199,0.6744907594765952,-0.12358065410923252,0.5286085341445074
2008-04-27 09:10:00+00:00,ME01,0.7594269450964918,-0.26455649051573177,0.12283081916448867,0.8401890838151485,-0.12438329074180071,0.7682808963210199,0.6744907594765952,-0.12358065410923252,0.5286085341445074
2008-04-27 09:20:00+00:00,ME01,0.7249973996214082,-0.08898014095743982,0.008146764845531652,0.8401890838151485,-0.12438329074180071,0.7682808963210199,0.6744907594765952,-0.12358065410923252,0.5286085341445074
2008-04-27 09:30:00+00:00,ME01,0.9126411851528766,-0.20114139337385983,0.0023643600387455808,0.8401890838151485,-0.12438329074180071,0.7682808963210199,0.6744907594765952,-0.12358065410923252,0.5286085341445074
2008-04-27 09:40:00+00:00,ME01,0.7563376679951535,0.24339132391419524,0.0032992527688067525,0.8401890838151485,-0.12438329074180071,0.7682808963210199,0.6744907594765952,-0.12358065410923252,0.5286085341445074
2008-04-27 09:50:00+00:00,ME01,0.6863281038200565,-0.07347609616040168,0.08583911594563406,0.8401890838151485,-0.12438329074180071,0.7682808963210199,0.6744907594765952,-0.12358065410923252,0.5286085341445074
2008-04-27 10:00:00+00:00,ME01,0.816806480050168,6.691826318717337,0.18224444010165497,0.8401890838151485,0.5244614987169862,0.8800308347312572,1.4283333616199352,-0.12358065410923252,0.5286085341445074
2008-04-27 10:10:00+00:00,ME01,0.734392512564959,5.751046969653281,0.30956997424642174,0.8401890838151485,0.5244614987169862,0.8800308347312572,1.4283333616199352,-0.12358065410923252,0.5286085341445074
2008-04-27 10:20:00+00:00,ME01,0.658220054910373,-0.2236697177245279,0.014341706155203906,0.8401890838151485,0.5244614987169862,0.8800308347312572,1.4283333616199352,-0.12358065410923252,0.5286085341445074
2008-04-27 10:30:00+00:00,ME01,0.6337387239657983,-0.1327113836601917,0.6103009832261209,0.8401890838151485,0.5244614987169862,0.8800308347312572,1.4283333616199352,-0.12358065410923252,0.5286085341445074
2008-04-27 10:40:00+00:00,ME01,0.5225078047625691,-0.2531233874794906,0.2233055694757383,0.8401890838151485,0.5244614987169862,0.8800308347312572,1.4283333616199352,-0.12358065410923252,0.5286085341445074
2008-04-27 10:50:00+00:00,ME01,0.42920117271602615,-0.39901339145257636,-0.027901035169512523,0.8401890838151485,0.5244614987169862,0.8800308347312572,1.4283333616199352,-0.12358065410923252,0.5286085341445074
2008-04-27 11:00:00+00:00,ME01,0.6465788083014367,-0.42358333510616275,-0.10408322076221198,1.2425251802022361,0.5065091852423481,0.7363524222044703,-0.5951389168098503,-0.12358065410923252,0.5286085341445074
2008-04-27 11:10:00+00:00,ME01,0.4140966663661519,-0.6184361794361007,0.05802909451471719,1.2425251802022361,0.5065091852423481,0.7363524222044703,-0.5951389168098503,-0.12358065410923252,0.5286085341445074
2008-04-27 11:20:00+00:00,ME01,0.4851628173496915,0.13851285184686501,-0.2917219815032146,1.2425251802022361,0.5065091852423481,0.7363524222044703,-0.5951389168098503,-0.12358065410923252,0.5286085341445074
2008-04-27 11:30:00+00:00,ME01,0.5845414659680253,-0.5141852321494822,-0.35987726120791247,1.2425251802022361,0.5065091852423481,0.7363524222044703,-0.5951389168098503,-0.12358065410923252,0.5286085341445074
2008-04-27 11:40:00+00:00,ME01,0.5262340728699922,-0.4111703593247065,-0.4749213561598849,1.2425251802022361,0.5065091852423481,0.7363524222044703,-0.5951389168098503,-0.12358065410923252,0.5286085341445074
2008-04-27 11:50:00+00:00,ME01,0.5264514759074272,-0.3044852752747465,-0.46409560450543585,1.2425251802022361,0.5065091852423481,0.7363524222044703,-0.5951389168098503,-0.12358065410923252,0.5286085341445074
2008-04-27 12:00:00+00:00,ME01,0.5213534542428337,0.08865638009694062,-0.6184658040619825,0.6744907594765965,0.8129794009592753,0.7483255302475742,-0.476111152809733,-0.12358065410923252,0.5972589931243133
2008-04-27 12:10:00+00:00,ME01,0.6132240228126736,-0.6338655528619134,-0.47533228567198804,0.6744907594765965,0.8129794009592753,0.7483255302475742,-0.476111152809733,-0.12358065410923252,0.5972589931243133
2008-04-27 12:20:00+00:00,ME01,0.4409619017531232,-0.23829635600770682,-0.37852631346855437,0.6744907594765965,0.8129794009592753,0.7483255302475742,-0.476111152809733,-0.12358065410923252,0.5972589931243133
2008-04-27 12:30:00+00:00,ME01,0.3887192009169183,-0.6552747468007469,-0.3302268942109153,0.6744907594765965,0.8129794009592753,0.7483255302475742,-0.476111152809733,-0.12358065410923252,0.5972589931243133
2008-04-27 12:40:00+00:00,ME01,0.40590265176917073,-0.3246771695875211,-0.2872912185784968,0.6744907594765965,0.8129794009592753,0.7483255302475742,-0.476111152809733,-0.12358065410923252,0.5972589931243133
2008-04-27 12:50:00+00:00,ME01,0.5904977630403007,-0.40744411791344626,-0.3146843087051162,0.6744907594765965,0.8129794009592753,0.7483255302475742,-0.476111152809733,-0.12358065410923252,0.5972589931243133
2008-04-27 13:00:00+00:00,ME01,0.5629612265855707,-0.5347242408927181,-0.4990770058769797,0.46153091478870656,0.8540129529877691,0.6206113547790937,0.9125463842860935,-0.12358065410923252,0.5972589931243133
2008-04-27 13:10:00+00:00,ME01,0.4829342320512985,-0.6382231507278706,-0.3713601208759317,0.46153091478870656,0.8540129529877691,0.6206113547790937,0.9125463842860935,-0.12358065410923252,0.5972589931243133
2008-04-27 13:20:00+00:00,ME01,0.4569970752457682,-0.5283942996512601,-0.07101368424803725,0.46153091478870656,0.8540129529877691,0.6206113547790937,0.9125463842860935,-0.12358065410923252,0.5972589931243133
2008-04-27 13:30:00+00:00,ME01,0.5298870799283822,-0.5438907212361266,-0.5845734764489842,0.46153091478870656,0.8540129529877691,0.6206113547790937,0.9125463842860935,-0.12358065410923252,0.5972589931243133
2008-04-27 13:40:00+00:00,ME01,0.5637850303040869,-0.4936801927879155,-0.5346940692110647,0.46153091478870656,0.8540129529877691,0.6206113547790937,0.9125463842860935,-0.12358065410923252,0.5972589931243133
2008-04-27 13:50:00+00:00,ME01,0.5228326603110353,-0.35911435277881115,-0.3487914722551214,0.46153091478870656,0.8540129529877691,0.6206113547790937,0.9125463842860935,-0.12358065410923252,0.5972589931243133
2008-04-27 14:00:00+00:00,ME01,0.6538309643207384,-0.5418636637856309,-0.27200149083238784,-0.08282557857628596,0.518049804519276,0.4489953181485508,0.31740746747624304,-0.12358065410923252,0.5972589931243133
2008-04-27 14:10:00+00:00,ME01,0.6212457636972182,-0.4826906119700662,-0.19261582602147226,-0.08282557857628596,0.518049804519276,0.4489953181485508,0.31740746747624304,-0.12358065410923252,0.5972589931243133
2008-04-27 14:20:00+00:00,ME01,0.5794359049962126,-0.20760726022513146,-0.3011696686124874,-0.08282557857628596,0.518049804519276,0.4489953181485508,0.31740746747624304,-0.12358065410923252,0.5972589931243133
2008-04-27 14:30:00+00:00,ME01,0.5239456523502555,-0.5026863130267698,-0.3740910105611211,-0.08282557857628596,0.518049804519276,0.4489953181485508,0.31740746747624304,-0.12358065410923252,0.5972589931243133
2008-04-27 14:40:00+00:00,ME01,0.6282691491253668,-0.49821746570630754,-0.3613670739141672,-0.08282557857628596,0.518049804519276,0.4489953181485508,0.31740746747624304,-0.12358065410923252,0.5972589931243133
2008-04-27 14:50:00+00:00,ME01,0.592023161894359,-0.6377693152165945,-0.09932460296315553,-0.08282557857628596,0.518049804519276,0.4489953181485508,0.31740746747624304,-0.12358065410923252,0.5972589931243133
2008-04-27 15:00:00+00:00,ME01,0.43582828885194536,-0.6714541726488703,-0.3151243193919588,-0.13013426611160264,-0.07180885051203578,0.3891292199282771,-0.6744907594765952,-0.12358065410923252,0.5972589931243133
2008-04-27 15:10:00+00:00,ME01,0.30089705629905206,-0.6756505619511933,-0.18172280764673443,-0.13013426611160264,-0.07180885051203578,0.3891292199282771,-0.6744907594765952,-0.12358065410923252,0.5972589931243133
2008-04-27 15:20:00+00:00,ME01,0.4731517010360611,-0.351934843765322,-0.1521111794973874,-0.13013426611160264,-0.07180885051203578,0.3891292199282771,-0.6744907594765952,-0.12358065410923252,0.5972589931243133
2008-04-27 15:30:00+00:00,ME01,0.3731306785526228,-0.5719609123219574,-0.004460117259116508,-0.13013426611160264,-0.07180885051203578,0.3891292199282771,-0.6744907594765952,-0.12358065410923252,0.5972589931243133
2008-04-27 15:40:00+00:00,ME01,0.40080078914050415,-0.6682355736411233,-0.13543458860327376,-0.13013426611160264,-0.07180885051203578,0.3891292199282771,-0.6744907594765952,-0.12358065410923252,0.5972589931243133
2008-04-27 15:50:00+00:00,ME01,0.4553046665568993,-0.6538595535960138,0.2360017446625943,-0.13013426611160264,-0.07180885051203578,0.3891292199282771,-0.6744907594765952,-0.12358065410923252,0.5972589931243133
2008-04-27 16:00:00+00:00,ME01,0.5004042809160753,0.45098882470668955,0.6033206051210596,0.24852390291483925,0.7501465727223873,0.5567541275436491,0.43643523147636054,-0.12358065410923252,0.5972589931243133
2008-04-27 16:10:00+00:00,ME01,0.5810301736102187,-0.5815952517593764,0.11147898282934929,0.24852390291483925,0.7501465727223873,0.5567541275436491,0.43643523147636054,-0.12358065410923252,0.5972589931243133
2008-04-27 16:20:00+00:00,ME01,0.44542594609985414,-0.6902773226214258,-0.23457934850313658,0.24852390291483925,0.7501465727223873,0.5567541275436491,0.43643523147636054,-0.12358065410923252,0.5972589931243133
2008-04-27 16:30:00+00:00,ME01,0.43189438966706345,-0.6182919712217884,-0.18905503378972013,0.24852390291483925,0.7501465727223873,0.5567541275436491,0.43643523147636054,-0.12358065410923252,0.5972589931243133
2008-04-27 16:40:00+00:00,ME01,0.5186490891190638,1.7426720169303442,-0.27240416026343683,0.24852390291483925,0.7501465727223873,0.5567541275436491,0.43643523147636054,-0.12358065410923252,0.5972589931243133
2008-04-27 16:50:00+00:00,ME01,0.4296619234820076,-0.6895450193570456,-0.1252740778721228,0.24852390291483925,0.7501465727223873,0.5567541275436491,0.43643523147636054,-0.12358065410923252,0.5972589931243133
2008-04-27 17:00:00+00:00,ME01,0.5922364827072155,-0.6338454364489946,-0.19290154410658578,0.08287274576226471,0.13592391001872808,0.5048702873536853,-0.6744907594765952,-0.12358065410923252,0.5972589931243133
2008-04-27 17:10:00+00:00,ME01,0.5612687861520176,-0.6942055816577901,0.0004891804159102575,0.08287274576226471,0.13592391001872808,0.5048702873536853,-0.6744907594765952,-0.12358065410923252,0.5972589931243133
2008-04-27 17:20:00+00:00,ME01,0.519362953195147,-0.71510944006407,-0.03816784811557703,0.08287274576226471,0.13592391001872808,0.5048702873536853,-0.6744907594765952,-0.12358065410923252,0.5972589931243133
2008-04-27 17:30:00+00:00,ME01,0.3685791058466306,0.029298544398974693,-0.25669091511916087,0.08287274576226471,0.13592391001872808,0.5048702873536853,-0.6744907594765952,-0.12358065410923252,0.5972589931243133
2008-04-27 17:40:00+00:00,ME01,0.6646282694278808,3.319646006786875,2.0813772049293453,0.08287274576226471,0.13592391001872808,0.5048702873536853,-0.6744907594765952,-0.12358065410923252,0.5972589931243133
2008-04-27 17:50:00+00:00,ME01,0.6950766065592558,5.070360331812693,2.375889106052494,0.08287274576226471,0.13592391001872808,0.5048702873536853,-0.6744907594765952,-0.12358065410923252,0.5972589931243133
2008-04-27 18:00:00+00:00,ME01,0.2977737871007906,0.5993913288889755,-0.07803406612577868,0.46153091478870656,-0.5834473642201181,0.47693266324992956,0.039675921333372485,-0.12358065410923252,0.6659094521041191
2008-04-27 18:10:00+00:00,ME01,0.37768554466540505,-0.4232701451254374,-0.40499300301170343,0.46153091478870656,-0.5834473642201181,0.47693266324992956,0.039675921333372485,-0.12358065410923252,0.6659094521041191
2008-04-27 18:20:00+00:00,ME01,0.20749113529117597,-0.49257529159376473,-0.3690775198684382,0.46153091478870656,-0.5834473642201181,0.47693266324992956,0.039675921333372485,-0.12358065410923252,0.6659094521041191
2008-04-27 18:30:00+00:00,ME01,0.14601742989261232,0.054384450283360794,-0.38002741643654253,0.46153091478870656,-0.5834473642201181,0.47693266324992956,0.039675921333372485,-0.12358065410923252,0.6659094521041191
2008-04-27 18:40:00+00:00,ME01,0.3711612750653902,0.6809175309082999,-0.4346864902617622,0.46153091478870656,-0.5834473642201181,0.47693266324992956,0.039675921333372485,-0.12358065410923252,0.6659094521041191
2008-04-27 18:50:00+00:00,ME01,0.31654699774852374,-0.22655338078391005,-0.5174513878714262,0.46153091478870656,-0.5834473642201181,0.47693266324992956,0.039675921333372485,-0.12358065410923252,0.6659094521041191
2008-04-27 19:00:00+00:00,ME01,0.22834301587426706,0.21631891815134036,-0.5422634057016833,0.8401890838151485,-0.8463192964445995,0.588682880662544,-0.6348148381432227,-0.12358065410923252,0.6659094521041191
2008-04-27 19:10:00+00:00,ME01,0.20377018428047422,0.42284164597468055,-0.5028787388195027,0.8401890838151485,-0.8463192964445995,0.588682880662544,-0.6348148381432227,-0.12358065410923252,0.6659094521041191
2008-04-27 19:20:00+00:00,ME01,0.35549587376013836,0.23960109554546752,-0.5666337783108766,0.8401890838151485,-0.8463192964445995,0.588682880662544,-0.6348148381432227,-0.12358065410923252,0.6659094521041191
2008-04-27 19:30:00+00:00,ME01,0.38805060892183446,-0.11841402110007218,-0.5254726016190185,0.8401890838151485,-0.8463192964445995,0.588682880662544,-0.6348148381432227,-0.12358065410923252,0.6659094521041191
2008-04-27 19:40:00+00:00,ME01,0.1373930889566254,-0.23186719851920376,-0.7160229654625716,0.8401890838151485,-0.8463192964445995,0.588682880662544,-0.6348148381432227,-0.12358065410923252,0.6659094521041191
2008-04-27 19:50:00+00:00,ME01,0.20189935555805452,3.3890836580021677,-0.7380084548959097,0.8401890838151485,-0.8463192964445995,0.588682880662544,-0.6348148381432227,-0.12358065410923252,0.6659094521041191
2008-04-27 20:00:00+00:00,ME01,0.20218589796043546,-0.3373606116258202,-0.7760534488373376,0.6508599993019268,-0.8873528484730928,0.7243790351589893,0.15870368533348983,-0.12358065410923252,0.6659094521041191
2008-04-27 20:10:00+00:00,ME01,0.12336069021542506,-0.36198291479726086,-0.873143487118695,0.6508599993019268,-0.8873528484730928,0.7243790351589893,0.15870368533348983,-0.12358065410923252,0.6659094521041191
2008-04-27 20:20:00+00:00,ME01,0.19862948827975863,1.8405008823314377,-0.800531628109089,0.6508599993019268,-0.8873528484730928,0.7243790351589893,0.15870368533348983,-0.12358065410923252,0.6659094521041191
2008-04-27 20:30:00+00:00,ME01,0.18607471652792631,1.220243863437838,-0.7115585517057118,0.6508599993019268,-0.8873528484730928,0.7243790351589893,0.15870368533348983,-0.12358065410923252,0.6659094521041191
2008-04-27 20:40:00+00:00,ME01,0.1302194349272751,0.4429037358612264,-0.9052394055775693,0.6508599993019268,-0.8873528484730928,0.7243790351589893,0.15870368533348983,-0.12358065410923252,0.6659094521041191
2008-04-27 20:50:00+00:00,ME01,0.0786019563777599,0.0949102057821731,-0.9308314065233865,0.6508599993019268,-0.8873528484730928,0.7243790351589893,0.15870368533348983,-0.12358065410923252,0.6659094521041191
2008-04-27 21:00:00+00:00,ME01,0.26236216620079905,-0.3002218257670478,-0.8831841376573996,0.8165111564545015,-0.9604440647171046,0.7243790351589893,-0.23805552800023472,-0.12358065410923252,0.6659094521041191
2008-04-27 21:10:00+00:00,ME01,0.3079604014621916,-0.6110497859342102,-0.9994145144274992,0.8165111564545015,-0.9604440647171046,0.7243790351589893,-0.23805552800023472,-0.12358065410923252,0.6659094521041191
2008-04-27 21:20:00+00:00,ME01,0.13795792044519137,2.031253482222016,-0.6365541931094322,0.8165111564545015,-0.9604440647171046,0.7243790351589893,-0.23805552800023472,-0.12358065410923252,0.6659094521041191
2008-04-27 21:30:00+00:00,ME01,0.13558919668572167,-0.6920963231918957,-0.9380955105157035,0.8165111564545015,-0.9604440647171046,0.7243790351589893,-0.23805552800023472,-0.12358065410923252,0.6659094521041191
2008-04-27 21:40:00+00:00,ME01,0.19257465858808176,3.0754051041011934,-1.1064452061174692,0.8165111564545015,-0.9604440647171046,0.7243790351589893,-0.23805552800023472,-0.12358065410923252,0.6659094521041191
2008-04-27 21:50:00+00:00,ME01,0.5552271256480523,-0.3835672608579836,-0.9469321755300868,0.8165111564545015,-0.9604440647171046,0.7243790351589893,-0.23805552800023472,-0.12358065410923252,0.6659094521041191
2008-04-27 22:00:00+00:00,ME01,0.2269050156239118,0.6470288520401907,-0.8685728375882518,1.0058402409677216,-1.0912389151944433,0.764289767305849,-0.6744907594765952,-0.12358065410923252,0.6659094521041191
2008-04-27 22:10:00+00:00,ME01,0.4180328438209842,15.415413510764761,-1.1417408204231279,1.0058402409677216,-1.0912389151944433,0.764289767305849,-0.6744907594765952,-0.12358065410923252,0.6659094521041191
2008-04-27 22:20:00+00:00,ME01,0.1810366854831354,-0.10062664201507152,-1.2419395684201007,1.0058402409677216,-1.0912389151944433,0.764289767305849,-0.6744907594765952,-0.12358065410923252,0.6659094521041191
2008-04-27 22:30:00+00:00,ME01,0.33649630532201086,3.3575325843326915,-1.1601807524610623,1.0058402409677216,-1.0912389151944433,0.764289767305849,-0.6744907594765952,-0.12358065410923252,0.6659094521041191
2008-04-27 22:40:00+00:00,ME01,0.2561446539550894,-0.36547959139044717,-1.2760369369772695,1.0058402409677216,-1.0912389151944433,0.764289767305849,-0.6744907594765952,-0.12358065410923252,0.6659094521041191
2008-04-27 22:50:00+00:00,ME01,0.2838704160174571,-0.6028604853893198,-1.2037452217442604,1.0058402409677216,-1.0912389151944433,0.764289767305849,-0.6744907594765952,-0.12358065410923252,0.6659094521041191
2008-04-27 23:00:00+00:00,ME01,0.17051032520726836,-0.3932469885624866,-1.321730257879998,0.8165111564545015,-1.1335549674170844,0.6645132159410926,0.9125463842860935,-0.12358065410923252,0.6659094521041191
2008-04-27 23:10:00+00:00,ME01,0.3832770785790858,-0.4670638956908373,-1.3273067508479621,0.8165111564545015,-1.1335549674170844,0.6645132159410926,0.9125463842860935,-0.12358065410923252,0.6659094521041191
2008-04-27 23:20:00+00:00,ME01,0.41702366368738636,-0.7310794683635009,-1.3293824397410072,0.8165111564545015,-1.1335549674170844,0.6645132159410926,0.9125463842860935,-0.12358065410923252,0.6659094521041191
2008-04-27 23:30:00+00:00,ME01,0.41578139314349705,-0.8387732702629473,-1.274874395640703,0.8165111564545015,-1.1335549674170844,0.6645132159410926,0.9125463842860935,-0.12358065410923252,0.6659094521041191
2008-04-27 23:40:00+00:00,ME01,0.47217808503765596,-0.7044461473564092,-1.3855523214323984,0.8165111564545015,-1.1335549674170844,0.6645132159410926,0.9125463842860935,-0.12358065410923252,0.6659094521041191
2008-04-27 23:50:00+00:00,ME01,0.4970183452473504,-0.7267645537772399,-1.3815178727696638,0.8165111564545015,-1.1335549674170844,0.6645132159410926,0.9125463842860935,-0.12358065410923252,0.6659094521041191
2008-04-28 00:00:00+00:00,ME01,0.4151130826254102,-0.678907304977048,-1.4373654012603556,1.195169325480942,-1.3028186384589637,0.48890605029541057,-0.6744907594765952,-0.12358065410923252,0.7345599110839258
2008-04-28 00:10:00+00:00,ME01,0.5976609664203978,-0.5933519010561755,-1.4484528639746475,1.195169325480942,-1.3028186384589637,0.48890605029541057,-0.6744907594765952,-0.12358065410923252,0.7345599110839258
2008-04-28 00:20:00+00:00,ME01,0.5257856959537409,-0.8194028981825542,-1.4521403050456063,1.195169325480942,-1.3028186384589637,0.48890605029541057,-0.6744907594765952,-0.12358065410923252,0.7345599110839258
2008-04-28 00:30:00+00:00,ME01,0.6697542669118826,-0.4411383109404772,-1.4402590717312986,1.195169325480942,-1.3028186384589637,0.48890605029541057,-0.6744907594765952,-0.12358065410923252,0.7345599110839258
2008-04-28 00:40:00+00:00,ME01,0.5395371755115853,-0.6015256170283738,-1.4048535658079266,1.195169325480942,-1.3028186384589637,0.48890605029541057,-0.6744907594765952,-0.12358065410923252,0.7345599110839258
2008-04-28 00:50:00+00:00,ME01,0.489955495429436,-0.7252442545766582,-1.4303255278691307,1.195169325480942,-1.3028186384589637,0.48890605029541057,-0.6744907594765952,-0.12358065410923252,0.7345599110839258
2008-04-28 01:00:00+00:00,ME01,0.4271112018719086,-0.7878055544074721,-1.364944444251771,1.3844984099941635,-1.3900152054438561,0.3452276377686553,-0.5951389168098503,-0.12358065410923252,0.7345599110839258
2008-04-28 01:10:00+00:00,ME01,0.532614850757071,0.05546910235787389,-1.4201990442222752,1.3844984099941635,-1.3900152054438561,0.3452276377686553,-0.5951389168098503,-0.12358065410923252,0.7345599110839258
2008-04-28 01:20:00+00:00,ME01,0.23938222709609208,-0.15505646561874176,-1.310902472907566,1.3844984099941635,-1.3900152054438561,0.3452276377686553,-0.5951389168098503,-0.12358065410923252,0.7345599110839258
2008-04-28 01:30:00+00:00,ME01,0.4688569623639266,0.0249584808254813,-1.0704675290616519,1.3844984099941635,-1.3900152054438561,0.3452276377686553,-0.5951389168098503,-0.12358065410923252,0.7345599110839258
2008-04-28 01:40:00+00:00,ME01,0.3096109692635001,7.473319397242906,-1.315604502552056,1.3844984099941635,-1.3900152054438561,0.3452276377686553,-0.5951389168098503,-0.12358065410923252,0.7345599110839258
2008-04-28 01:50:00+00:00,ME01,0.2452901829186804,-0.22742703066846445,-1.3802753267133194,1.3844984099941635,-1.3900152054438561,0.3452276377686553,-0.5951389168098503,-0.12358065410923252,0.7345599110839258
2008-04-28 02:00:00+00:00,ME01,0.14176983316911523,-0.8048497344176877,-1.2621147662705852,1.218847252841589,-1.4207903694652262,0.2574239154446257,-0.6744907594765952,-0.12358065410923252,0.7345599110839258
2008-04-28 02:10:00+00:00,ME01,0.10688662513287148,-0.7689505029578411,-1.4175387408047366,1.218847252841589,-1.4207903694652262,0.2574239154446257,-0.6744907594765952,-0.12358065410923252,0.7345599110839258
2008-04-28 02:20:00+00:00,ME01,0.25304269129693185,-0.7367753108300569,-1.3755834474568758,1.218847252841589,-1.4207903694652262,0.2574239154446257,-0.6744907594765952,-0.12358065410923252,0.7345599110839258
2008-04-28 02:30:00+00:00,ME01,0.08661052830153132,-0.8282324299417863,-1.3731339149972455,1.218847252841589,-1.4207903694652262,0.2574239154446257,-0.6744907594765952,-0.12358065410923252,0.7345599110839258
2008-04-28 02:40:00+00:00,ME01,0.11276736638677255,-0.8541388190061128,-1.228478628282495,1.218847252841589,-1.4207903694652262,0.2574239154446257,-0.6744907594765952,-0.12358065410923252,0.7345599110839258
2008-04-28 02:50:00+00:00,ME01,0.1673823457956031,-0.8237379172287906,-0.9171111460721955,1.218847252841589,-1.4207903694652262,0.2574239154446257,-0.6744907594765952,-0.12358065410923252,0.7345599110839258
2008-04-28 03:00:00+00:00,ME01,0.0398789489370894,-0.7880613665998217,-1.3459345200741109,1.195169325480942,-1.4746470409647958,0.20154894623949116,-0.6348148381432227,-0.12358065410923252,0.7345599110839258
2008-04-28 03:10:00+00:00,ME01,-0.03442215515772032,0.2887948914349431,-0.5937939346495864,1.195169325480942,-1.4746470409647958,0.20154894623949116,-0.6348148381432227,-0.12358065410923252,0.7345599110839258
2008-04-28 03:20:00+00:00,ME01,-0.06152183450410943,-0.6771377968446105,-1.189311046735559,1.195169325480942,-1.4746470409647958,0.20154894623949116,-0.6348148381432227,-0.12358065410923252,0.7345599110839258
2008-04-28 03:30:00+00:00,ME01,0.03827577810488847,-0.7665295358681858,-0.9204824260369102,1.195169325480942,-1.4746470409647958,0.20154894623949116,-0.6348148381432227,-0.12358065410923252,0.7345599110839258
2008-04-28 03:40:00+00:00,ME01,0.07085677578635866,-0.78141979417658,-1.081510613271497,1.195169325480942,-1.4746470409647958,0.20154894623949116,-0.6348148381432227,-0.12358065410923252,0.7345599110839258
2008-04-28 03:50:00+00:00,ME01,0.077195234617624,-0.7681400304987401,-0.913245213242742,1.195169325480942,-1.4746470409647958,0.20154894623949116,-0.6348148381432227,-0.12358065410923252,0.7345599110839258
2008-04-28 04:00:00+00:00,ME01,0.07720721472021717,-0.6255995647077686,-0.7533241726603422,1.171491398120295,-1.5413268319354416,0.16962047212297324,-0.3967593101429881,-0.12358065410923252,0.7345599110839258
2008-04-28 04:10:00+00:00,ME01,-0.05856070851802851,-0.5699634214754048,-0.639169305495188,1.171491398120295,-1.5413268319354416,0.16962047212297324,-0.3967593101429881,-0.12358065410923252,0.7345599110839258
2008-04-28 04:20:00+00:00,ME01,-0.14325169280958294,-0.8359314922995646,-0.6068395522766413,1.171491398120295,-1.5413268319354416,0.16962047212297324,-0.3967593101429881,-0.12358065410923252,0.7345599110839258
2008-04-28 04:30:00+00:00,ME01,-0.005247045305526193,-0.09963146095104004,-0.48610761809674397,1.171491398120295,-1.5413268319354416,0.16962047212297324,-0.3967593101429881,-0.12358065410923252,0.7345599110839258
2008-04-28 04:40:00+00:00,ME01,-0.012923164557177772,-0.8352530525045346,-0.40739317053055757,1.171491398120295,-1.5413268319354416,0.16962047212297324,-0.3967593101429881,-0.12358065410923252,0.7345599110839258
2008-04-28 04:50:00+00:00,ME01,0.050814768332211255,-0.8587662605920793,0.6014607607580971,1.171491398120295,-1.5413268319354416,0.16962047212297324,-0.3967593101429881,-0.12358065410923252,0.7345599110839258
2008-04-28 05:00:00+00:00,ME01,0.08299558113484812,-0.8465289010656167,0.09929559339138878,1.195169325480942,-1.1720237879816258,0.21751318329776595,-0.19837960666686225,-0.12358065410923252,0.7345599110839258
2008-04-28 05:10:00+00:00,ME01,0.14426986171933107,-0.872296001427815,-0.054492356573610394,1.195169325480942,-1.1720237879816258,0.21751318329776595,-0.19837960666686225,-0.12358065410923252,0.7345599110839258
2008-04-28 05:20:00+00:00,ME01,0.1687645199001271,-0.8294058225983655,-0.06178097087446786,1.195169325480942,-1.1720237879816258,0.21751318329776595,-0.19837960666686225,-0.12358065410923252,0.7345599110839258
2008-04-28 05:30:00+00:00,ME01,0.1389954584638634,-0.6914985355370418,0.0760485816127386,1.195169325480942,-1.1720237879816258,0.21751318329776595,-0.19837960666686225,-0.12358065410923252,0.7345599110839258
2008-04-28 05:40:00+00:00,ME01,0.19185815108380436,-0.9424204585505939,0.27023320803835044,1.195169325480942,-1.1720237879816258,0.21751318329776595,-0.19837960666686225,-0.12358065410923252,0.7345599110839258
2008-04-28 05:50:00+00:00,ME01,0.15330014699646757,-0.4140205158585344,0.1624328892998635,1.195169325480942,-1.1720237879816258,0.21751318329776595,-0.19837960666686225,-0.12358065410923252,0.7345599110839258
2008-04-28 06:00:00+00:00,ME01,-0.03016795712019635,-0.7910787263394079,0.1297969262672264,0.958531553432405,0.12310105947199561,0.4170668440320329,-0.3967593101429881,-0.12358065410923252,0.8032103700637317
2008-04-28 06:10:00+00:00,ME01,-0.15229031156939266,-0.8547899510576473,0.5152324210411839,0.958531553432405,0.12310105947199561,0.4170668440320329,-0.3967593101429881,-0.12358065410923252,0.8032103700637317
2008-04-28 06:20:00+00:00,ME01,0.08190688173125504,-0.8465732671695081,0.4235899926231184,0.958531553432405,0.12310105947199561,0.4170668440320329,-0.3967593101429881,-0.12358065410923252,0.8032103700637317
2008-04-28 06:30:00+00:00,ME01,-0.23380865138138124,-0.6916776794845694,0.26958455883831733,0.958531553432405,0.12310105947199561,0.4170668440320329,-0.3967593101429881,-0.12358065410923252,0.8032103700637317
2008-04-28 06:40:00+00:00,ME01,-0.07739148244278393,-0.8723583867653624,0.5635527178941327,0.958531553432405,0.12310105947199561,0.4170668440320329,-0.3967593101429881,-0.12358065410923252,0.8032103700637317
2008-04-28 06:50:00+00:00,ME01,-0.05579861288502602,-0.88064737386546,0.21179614016298834,0.958531553432405,0.12310105947199561,0.4170668440320329,-0.3967593101429881,-0.12358065410923252,0.8032103700637317
2008-04-28 07:00:00+00:00,ME01,-0.2586985910481448,-0.8087044816525284,0.10519787347036329,1.195169325480942,0.519332304713424,0.5647363855739591,3.0153705053826236,-0.12358065410923252,0.8032103700637317
2008-04-28 07:10:00+00:00,ME01,0.010883153116864894,-0.7475052992693184,0.20117883067302839,1.195169325480942,0.519332304713424,0.5647363855739591,3.0153705053826236,-0.12358065410923252,0.8032103700637317
2008-04-28 07:20:00+00:00,ME01,-0.03271223406655978,-0.9044148592393796,0.06644216081358877,1.195169325480942,0.519332304713424,0.5647363855739591,3.0153705053826236,-0.12358065410923252,0.8032103700637317
2008-04-28 07:30:00+00:00,ME01,-0.07463410412819986,-0.8090922072725177,0.29939914684298347,1.195169325480942,0.519332304713424,0.5647363855739591,3.0153705053826236,-0.12358065410923252,0.8032103700637317
2008-04-28 07:40:00+00:00,ME01,-0.02286456267983808,-0.9227316306308416,0.6059671733231848,1.195169325480942,0.519332304713424,0.5647363855739591,3.0153705053826236,-0.12358065410923252,0.8032103700637317
2008-04-28 07:50:00+00:00,ME01,0.03337285244049675,-0.8858221532999726,0.5006914119399232,1.195169325480942,0.519332304713424,0.5647363855739591,3.0153705053826236,-0.12358065410923252,0.8032103700637317
2008-04-28 08:00:00+00:00,ME01,0.2355870071481843,-0.6840924334539465,0.5454141867063144,1.0058402409677216,0.5783181702165557,0.6724951949690255,2.578935273906264,-0.12358065410923252,0.8032103700637317
2008-04-28 08:10:00+00:00,ME01,0.021812903106239376,-0.5537021893634139,0.2500254936053975,1.0058402409677216,0.5783181702165557,0.6724951949690255,2.578935273906264,-0.12358065410923252,0.8032103700637317
2008-04-28 08:20:00+00:00,ME01,-0.1723837869763344,1.2766734083879838,0.07438185247611202,1.0058402409677216,0.5783181702165557,0.6724951949690255,2.578935273906264,-0.12358065410923252,0.8032103700637317
2008-04-28 08:30:00+00:00,ME01,0.37157106239090654,26.015309028828398,0.12642832944066978,1.0058402409677216,0.5783181702165557,0.6724951949690255,2.578935273906264,-0.12358065410923252,0.8032103700637317
2008-04-28 08:40:00+00:00,ME01,0.11972260657206853,-0.8214595221963408,0.24892730000442848,1.0058402409677216,0.5783181702165557,0.6724951949690255,2.578935273906264,-0.12358065410923252,0.8032103700637317
2008-04-28 08:50:00+00:00,ME01,0.01953724927139766,-0.24217875887420548,0.8572764272767044,1.0058402409677216,0.5783181702165557,0.6724951949690255,2.578935273906264,-0.12358065410923252,0.8032103700637317
2008-04-28 09:00:00+00:00,ME01,0.2313295755039911,19.052585278610128,0.6620789833547888,1.0058402409677216,0.2833885737765559,0.6365755918373368,-0.6348148381432227,-0.12358065410923252,0.8032103700637317
2008-04-28 09:10:00+00:00,ME01,-0.017168247189909225,7.5959601854569,0.8232806224500878,1.0058402409677216,0.2833885737765559,0.6365755918373368,-0.6348148381432227,-0.12358065410923252,0.8032103700637317
2008-04-28 09:20:00+00:00,ME01,-0.005184267038498474,-0.6308243795848908,0.37474656918342786,1.0058402409677216,0.2833885737765559,0.6365755918373368,-0.6348148381432227,-0.12358065410923252,0.8032103700637317
2008-04-28 09:30:00+00:00,ME01,0.17784229537801166,1.650410607154425,0.5702709007910377,1.0058402409677216,0.2833885737765559,0.6365755918373368,-0.6348148381432227,-0.12358065410923252,0.8032103700637317
2008-04-28 09:40:00+00:00,ME01,0.02261615707142184,-0.6998375242175632,0.21734172299376328,1.0058402409677216,0.2833885737765559,0.6365755918373368,-0.6348148381432227,-0.12358065410923252,0.8032103700637317
2008-04-28 09:50:00+00:00,ME01,-0.10499602909216495,-0.5064044048113904,0.3146796196404234,1.0058402409677216,0.2833885737765559,0.6365755918373368,-0.6348148381432227,-0.12358065410923252,0.8032103700637317
2008-04-28 10:00:00+00:00,ME01,0.16849124812767807,7.148813355497283,0.5809935261032134,0.6271820719412798,0.7886156622112718,0.7283701641741601,1.9441204357630406,-0.12358065410923252,0.8032103700637317
2008-04-28 10:10:00+00:00,ME01,0.10758953199247509,-0.612686813589888,0.2916808399608772,0.6271820719412798,0.7886156622112718,0.7283701641741601,1.9441204357630406,-0.12358065410923252,0.8032103700637317
2008-04-28 10:20:00+00:00,ME01,-0.02428364733161162,-0.8035272207951706,0.32799609686483444,0.6271820719412798,0.7886156622112718,0.7283701641741601,1.9441204357630406,-0.12358065410923252,0.8032103700637317
2008-04-28 10:30:00+00:00,ME01,0.04176220486217182,5.4985726117950176,0.4077804588894671,0.6271820719412798,0.7886156622112718,0.7283701641741601,1.9441204357630406,-0.12358065410923252,0.8032103700637317
2008-04-28 10:40:00+00:00,ME01,-0.03238463603370383,0.23045396908472876,0.48730131152515876,0.6271820719412798,0.7886156622112718,0.7283701641741601,1.9441204357630406,-0.12358065410923252,0.8032103700637317
2008-04-28 10:50:00+00:00,ME01,-0.06503811440710527,-0.5588321147180347,0.4355130191716247,0.6271820719412798,0.7886156622112718,0.7283701641741601,1.9441204357630406,-0.12358065410923252,0.8032103700637317
2008-04-28 11:00:00+00:00,ME01,-0.00017505404370000803,-0.6248399243375753,0.13583203024174315,0.4851616749633762,1.169459325442016,0.6046471177208189,-0.6348148381432227,-0.12358065410923252,0.8032103700637317
2008-04-28 11:10:00+00:00,ME01,0.0451315271186986,0.9350394264299631,0.047222321843905186,0.4851616749633762,1.169459325442016,0.6046471177208189,-0.6348148381432227,-0.12358065410923252,0.8032103700637317
2008-04-28 11:20:00+00:00,ME01,0.019486104684701987,-0.3641975429956846,0.21368117517371202,0.4851616749633762,1.169459325442016,0.6046471177208189,-0.6348148381432227,-0.12358065410923252,0.8032103700637317
2008-04-28 11:30:00+00:00,ME01,0.007136487950129915,-0.5715670914529464,0.1216933841510211,0.4851616749633762,1.169459325442016,0.6046471177208189,-0.6348148381432227,-0.12358065410923252,0.8032103700637317
2008-04-28 11:40:00+00:00,ME01,0.30272413609509413,-0.4157699266239613,0.4755041935086772,0.4851616749633762,1.169459325442016,0.6046471177208189,-0.6348148381432227,-0.12358065410923252,0.8032103700637317
2008-04-28 11:50:00+00:00,ME01,-0.005597149071321679,-0.707019793622743,0.10127564713203883,0.4851616749633762,1.169459325442016,0.6046471177208189,-0.6348148381432227,-0.12358065410923252,0.8032103700637317
2008-04-28 12:00:00+00:00,ME01,0.12631387118332216,-0.6742555376797,0.1600333652068265,0.24852390291483925,0.7886156622112718,0.43702221010544695,5.594305779288887,-0.12358065410923252,0.8718608290435377
2008-04-28 12:10:00+00:00,ME01,0.1452248988352191,-0.6705388294416598,0.6058508736229267,0.24852390291483925,0.7886156622112718,0.43702221010544695,5.594305779288887,-0.12358065410923252,0.8718608290435377
2008-04-28 12:20:00+00:00,ME01,0.2053755992640919,-0.8050365278441182,0.04838588642984405,0.24852390291483925,0.7886156622112718,0.43702221010544695,5.594305779288887,-0.12358065410923252,0.8718608290435377
2008-04-28 12:30:00+00:00,ME01,0.48944957179826043,-0.5571083258177203,0.17869306118842374,0.24852390291483925,0.7886156622112718,0.43702221010544695,5.594305779288887,-0.12358065410923252,0.8718608290435377
2008-04-28 12:40:00+00:00,ME01,0.41088043798739154,-0.7587752527602784,0.3247008496998684,0.24852390291483925,0.7886156622112718,0.43702221010544695,5.594305779288887,-0.12358065410923252,0.8718608290435377
2008-04-28 12:50:00+00:00,ME01,0.27224847623156045,-0.8164485410859236,0.2236343536789526,0.24852390291483925,0.7886156622112718,0.43702221010544695,5.594305779288887,-0.12358065410923252,0.8718608290435377
2008-04-28 13:00:00+00:00,ME01,-0.12054357722701282,-0.8171129084920786,0.44611440797022434,0.8165111564545015,1.1271432732193742,0.43303108109030775,-0.3570832920003521,-0.12358065410923252,0.8718608290435377
2008-04-28 13:10:00+00:00,ME01,-0.03349652435492577,-0.7404771232400955,0.17870631851526603,0.8165111564545015,1.1271432732193742,0.43303108109030775,-0.3570832920003521,-0.12358065410923252,0.8718608290435377
2008-04-28 13:20:00+00:00,ME01,-0.12748598384273313,-0.4066307726812858,0.2295503527604578,0.8165111564545015,1.1271432732193742,0.43303108109030775,-0.3570832920003521,-0.12358065410923252,0.8718608290435377
2008-04-28 13:30:00+00:00,ME01,-0.208424290301983,-0.7147189436391654,0.005267297000477975,0.8165111564545015,1.1271432732193742,0.43303108109030775,-0.3570832920003521,-0.12358065410923252,0.8718608290435377
2008-04-28 13:40:00+00:00,ME01,0.008861494957142422,-0.6626168006740827,0.46043914715358975,0.8165111564545015,1.1271432732193742,0.43303108109030775,-0.3570832920003521,-0.12358065410923252,0.8718608290435377
2008-04-28 13:50:00+00:00,ME01,0.11820019176879647,-0.7678297560126565,0.3830559704081892,0.8165111564545015,1.1271432732193742,0.43303108109030775,-0.3570832920003521,-0.12358065410923252,0.8718608290435377
2008-04-28 14:00:00+00:00,ME01,-0.047759233192242685,1.0935841467821898,0.3121480356171846,-0.10650350593693302,1.0681574077162432,0.32128114268007035,-0.6744907594765952,-0.12358065410923252,0.8718608290435377
2008-04-28 14:10:00+00:00,ME01,-0.13298092875334327,-0.8170410361889272,0.6702819855754301,-0.10650350593693302,1.0681574077162432,0.32128114268007035,-0.6744907594765952,-0.12358065410923252,0.8718608290435377
2008-04-28 14:20:00+00:00,ME01,0.12006386156348672,-0.8265611571543877,0.5534204468262043,-0.10650350593693302,1.0681574077162432,0.32128114268007035,-0.6744907594765952,-0.12358065410923252,0.8718608290435377
2008-04-28 14:30:00+00:00,ME01,-0.1274120431550066,-0.5907149835185439,0.3306426105521736,-0.10650350593693302,1.0681574077162432,0.32128114268007035,-0.6744907594765952,-0.12358065410923252,0.8718608290435377
2008-04-28 14:40:00+00:00,ME01,0.06445168963665739,-0.7102706583327874,0.2665008879361141,-0.10650350593693302,1.0681574077162432,0.32128114268007035,-0.6744907594765952,-0.12358065410923252,0.8718608290435377
2008-04-28 14:50:00+00:00,ME01,0.11240795034800338,2.561401375640889,0.2138390355350861,-0.10650350593693302,1.0681574077162432,0.32128114268007035,-0.6744907594765952,-0.12358065410923252,0.8718608290435377
2008-04-28 15:00:00+00:00,ME01,-0.10471656732231804,-0.7927016367089447,0.08305872108190353,-0.7217994470119119,0.49368606577127233,0.11773663193300962,4.919815019812292,-0.12358065410923252,0.8718608290435377
2008-04-28 15:10:00+00:00,ME01,-0.25154070490703084,-0.7132510609324545,0.042855539276307836,-0.7217994470119119,0.49368606577127233,0.11773663193300962,4.919815019812292,-0.12358065410923252,0.8718608290435377
2008-04-28 15:20:00+00:00,ME01,-0.5134697206782501,-0.85165840815353,0.0014273727656675375,-0.7217994470119119,0.49368606577127233,0.11773663193300962,4.919815019812292,-0.12358065410923252,0.8718608290435377
2008-04-28 15:30:00+00:00,ME01,-0.2416229534686032,-0.6781151357857013,0.25844078035759,-0.7217994470119119,0.49368606577127233,0.11773663193300962,4.919815019812292,-0.12358065410923252,0.8718608290435377
2008-04-28 15:40:00+00:00,ME01,-0.5626812851067775,-0.8884949080585782,-0.05190432681361013,-0.7217994470119119,0.49368606577127233,0.11773663193300962,4.919815019812292,-0.12358065410923252,0.8718608290435377
2008-04-28 15:50:00+00:00,ME01,-0.3517816915115754,-0.7403468476654922,-0.03004995162630512,-0.7217994470119119,0.49368606577127233,0.11773663193300962,4.919815019812292,-0.12358065410923252,0.8718608290435377
2008-04-28 16:00:00+00:00,ME01,-0.3595239937725646,-0.6392202361310342,-0.10706616037894902,-0.6981215196512648,0.3372452452761255,0.04589714666725483,0.6744907594765952,-0.12358065410923252,0.8718608290435377
2008-04-28 16:10:00+00:00,ME01,-0.246480358672231,-0.3815732720070586,0.028764661134345774,-0.6981215196512648,0.3372452452761255,0.04589714666725483,0.6744907594765952,-0.12358065410923252,0.8718608290435377
2008-04-28 16:20:00+00:00,ME01,-0.18591859230149047,-0.17284979684225535,0.10190019753449872,-0.6981215196512648,0.3372452452761255,0.04589714666725483,0.6744907594765952,-0.12358065410923252,0.8718608290435377
2008-04-28 16:30:00+00:00,ME01,-0.14135675252056026,-0.627033437023617,-0.021907401495097064,-0.6981215196512648,0.3372452452761255,0.04589714666725483,0.6744907594765952,-0.12358065410923252,0.8718608290435377
2008-04-28 16:40:00+00:00,ME01,0.15476252607326618,-0.41579933334864755,0.1286316935407988,-0.6981215196512648,0.3372452452761255,0.04589714666725483,0.6744907594765952,-0.12358065410923252,0.8718608290435377
2008-04-28 16:50:00+00:00,ME01,-0.18895197108542613,4.335032171777573,0.13975127500050355,-0.6981215196512648,0.3372452452761255,0.04589714666725483,0.6744907594765952,-0.12358065410923252,0.8718608290435377
2008-04-28 17:00:00+00:00,ME01,-0.04175428052061453,3.2998026947031374,0.18166736521416793,-0.3904971327067641,0.29749392451743634,0.001995564507601319,-0.5951389168098503,-0.12358065410923252,0.8718608290435377
2008-04-28 17:10:00+00:00,ME01,-0.4250994391578563,3.8163913411084742,0.13324624879769867,-0.3904971327067641,0.29749392451743634,0.001995564507601319,-0.5951389168098503,-0.12358065410923252,0.8718608290435377
2008-04-28 17:20:00+00:00,ME01,4.731440416480005,11.470942565438154,3.907210180375829,-0.3904971327067641,0.29749392451743634,0.001995564507601319,-0.5951389168098503,-0.12358065410923252,0.8718608290435377
2008-04-28 17:30:00+00:00,ME01,-0.40465900281980816,0.6595182879826147,0.2636312737982542,-0.3904971327067641,0.29749392451743634,0.001995564507601319,-0.5951389168098503,-0.12358065410923252,0.8718608290435377
2008-04-28 17:40:00+00:00,ME01,-0.47967136760994905,-0.07999511045933598,-0.010151160190754209,-0.3904971327067641,0.29749392451743634,0.001995564507601319,-0.5951389168098503,-0.12358065410923252,0.8718608290435377
2008-04-28 17:50:00+00:00,ME01,-0.424007859814544,0.4525648674957092,0.1582983893845238,-0.3904971327067641,0.29749392451743634,0.001995564507601319,-0.5951389168098503,-0.12358065410923252,0.8718608290435377
2008-04-28 18:00:00+00:00,ME01,-0.5537696636393533,3.4831977743828024,0.08156800405057583,-0.17749012083289675,-0.3885374542360867,-0.11773663193294617,-0.6744907594765952,-0.12358065410923252,0.9405112880233443
2008-04-28 18:10:00+00:00,ME01,-0.4554000503277518,1.2293902274792858,0.22878059490796368,-0.17749012083289675,-0.3885374542360867,-0.11773663193294617,-0.6744907594765952,-0.12358065410923252,0.9405112880233443
2008-04-28 18:20:00+00:00,ME01,-0.4146009801268512,1.737259767194773,-0.25271439202991725,-0.17749012083289675,-0.3885374542360867,-0.11773663193294617,-0.6744907594765952,-0.12358065410923252,0.9405112880233443
2008-04-28 18:30:00+00:00,ME01,-0.5071300121256721,0.2034122091739432,-0.28418928161190377,-0.17749012083289675,-0.3885374542360867,-0.11773663193294617,-0.6744907594765952,-0.12358065410923252,0.9405112880233443
2008-04-28 18:40:00+00:00,ME01,0.17524052203960247,20.41464348388185,-0.23945097287581532,-0.17749012083289675,-0.3885374542360867,-0.11773663193294617,-0.6744907594765952,-0.12358065410923252,0.9405112880233443
2008-04-28 18:50:00+00:00,ME01,4.823197877093717,5.063128996143426,-0.37409913281566165,-0.17749012083289675,-0.3885374542360867,-0.11773663193294617,-0.6744907594765952,-0.12358065410923252,0.9405112880233443
2008-04-28 19:00:00+00:00,ME01,-0.12551725956536453,1.5517224052225354,-0.3611300645461056,-0.13013426611160264,-0.4321357377285326,-0.08580815781642828,-0.6348148381432227,-0.12358065410923252,0.9405112880233443
2008-04-28 19:10:00+00:00,ME01,-0.29175646396304633,0.4157514081242509,-0.43732490701601856,-0.13013426611160264,-0.4321357377285326,-0.08580815781642828,-0.6348148381432227,-0.12358065410923252,0.9405112880233443
2008-04-28 19:20:00+00:00,ME01,-0.3371412831006291,-0.20841904236329833,-0.5105386223142913,-0.13013426611160264,-0.4321357377285326,-0.08580815781642828,-0.6348148381432227,-0.12358065410923252,0.9405112880233443
2008-04-28 19:30:00+00:00,ME01,-0.30239276858482783,2.0184977990686166,-0.7444000551663261,-0.13013426611160264,-0.4321357377285326,-0.08580815781642828,-0.6348148381432227,-0.12358065410923252,0.9405112880233443
2008-04-28 19:40:00+00:00,ME01,-0.5728211902073145,-0.45195094022776017,-0.8975045310321492,-0.13013426611160264,-0.4321357377285326,-0.08580815781642828,-0.6348148381432227,-0.12358065410923252,0.9405112880233443
2008-04-28 19:50:00+00:00,ME01,-0.5040459912715942,1.0326667510757306,-0.8431127739715434,-0.13013426611160264,-0.4321357377285326,-0.08580815781642828,-0.6348148381432227,-0.12358065410923252,0.9405112880233443
2008-04-28 20:00:00+00:00,ME01,-0.5930982388593187,0.553523020407601,-0.8900124221229518,0.4378529874280595,-0.4667578644836599,-0.0339240386240875,-0.3570832920003521,-0.12358065410923252,0.9405112880233443
2008-04-28 20:10:00+00:00,ME01,-0.5662627373216774,5.6647506304955275,-0.9872036703065433,0.4378529874280595,-0.4667578644836599,-0.0339240386240875,-0.3570832920003521,-0.12358065410923252,0.9405112880233443
2008-04-28 20:20:00+00:00,ME01,-0.6690694896601946,3.6771763983129206,-0.852785793650082,0.4378529874280595,-0.4667578644836599,-0.0339240386240875,-0.3570832920003521,-0.12358065410923252,0.9405112880233443
2008-04-28 20:30:00+00:00,ME01,-0.5045132227269614,0.6196557391707237,-0.8819484259345776,0.4378529874280595,-0.4667578644836599,-0.0339240386240875,-0.3570832920003521,-0.12358065410923252,0.9405112880233443
2008-04-28 20:40:00+00:00,ME01,0.2330548163425193,1.0410496316409836,-0.9638177578097962,0.4378529874280595,-0.4667578644836599,-0.0339240386240875,-0.3570832920003521,-0.12358065410923252,0.9405112880233443
2008-04-28 20:50:00+00:00,ME01,-0.6341867537989371,1.377073080318193,-0.74732907734133,0.4378529874280595,-0.4667578644836599,-0.0339240386240875,-0.3570832920003521,-0.12358065410923252,0.9405112880233443
2008-04-28 21:00:00+00:00,ME01,-0.6406991127947441,0.4303729441847484,-0.729599791237553,0.46153091478870656,-0.6821845504819382,-0.1456739770343249,-0.6744907594765952,-0.12358065410923252,0.9405112880233443
2008-04-28 21:10:00+00:00,ME01,-0.662349423982407,-0.14753652086547583,-0.5610579828706234,0.46153091478870656,-0.6821845504819382,-0.1456739770343249,-0.6744907594765952,-0.12358065410923252,0.9405112880233443
2008-04-28 21:20:00+00:00,ME01,-0.4166217862962103,-0.5401798979397844,0.15011489598550476,0.46153091478870656,-0.6821845504819382,-0.1456739770343249,-0.6744907594765952,-0.12358065410923252,0.9405112880233443
2008-04-28 21:30:00+00:00,ME01,-0.6022329536006522,-0.3328335697117744,0.21292773441757223,0.46153091478870656,-0.6821845504819382,-0.1456739770343249,-0.6744907594765952,-0.12358065410923252,0.9405112880233443
2008-04-28 21:40:00+00:00,ME01,-0.5288860679339465,0.2392806788192402,0.05430683490325679,0.46153091478870656,-0.6821845504819382,-0.1456739770343249,-0.6744907594765952,-0.12358065410923252,0.9405112880233443
2008-04-28 21:50:00+00:00,ME01,-0.4108351022225331,0.28297497017864115,-0.449497501863459,0.46153091478870656,-0.6821845504819382,-0.1456739770343249,-0.6744907594765952,-0.12358065410923252,0.9405112880233443
2008-04-28 22:00:00+00:00,ME01,-0.4607958909800638,0.6202181159031206,-0.9517775201930221,0.46153091478870656,-0.9142813186850495,-0.2813704105331472,-0.19837960666686225,-0.12358065410923252,0.9405112880233443
2008-04-28 22:10:00+00:00,ME01,-0.7462729871657624,0.36966252480820927,-0.9378536075131124,0.46153091478870656,-0.9142813186850495,-0.2813704105331472,-0.19837960666686225,-0.12358065410923252,0.9405112880233443
2008-04-28 22:20:00+00:00,ME01,-0.7346430299984288,0.6551861728295538,-1.0896793596363676,0.46153091478870656,-0.9142813186850495,-0.2813704105331472,-0.19837960666686225,-0.12358065410923252,0.9405112880233443
2008-04-28 22:30:00+00:00,ME01,-0.8606135767967303,1.171518502491767,-1.0161578148478472,0.46153091478870656,-0.9142813186850495,-0.2813704105331472,-0.19837960666686225,-0.12358065410923252,0.9405112880233443
2008-04-28 22:40:00+00:00,ME01,-0.8957691796190261,-0.11937622065388478,-0.21157409547331418,0.46153091478870656,-0.9142813186850495,-0.2813704105331472,-0.19837960666686225,-0.12358065410923252,0.9405112880233443
2008-04-28 22:50:00+00:00,ME01,-0.742049888300125,1.1974280244436721,-0.28560632166698374,0.46153091478870656,-0.9142813186850495,-0.2813704105331472,-0.19837960666686225,-0.12358065410923252,0.9405112880233443
2008-04-28 23:00:00+00:00,ME01,-0.49505784934734753,-0.7568011753526586,-1.0190110406440265,0.6508599993019268,-1.0207121614900403,-0.39312034894338455,-0.6744907594765952,-0.12358065410923252,0.9405112880233443
2008-04-28 23:10:00+00:00,ME01,-0.6748125453405737,5.794899557532713,-0.9697670622888338,0.6508599993019268,-1.0207121614900403,-0.39312034894338455,-0.6744907594765952,-0.12358065410923252,0.9405112880233443
2008-04-28 23:20:00+00:00,ME01,-0.8569480470157588,1.809754361803641,-0.8718278804285076,0.6508599993019268,-1.0207121614900403,-0.39312034894338455,-0.6744907594765952,-0.12358065410923252,0.9405112880233443
2008-04-28 23:30:00+00:00,ME01,-0.5958971621176009,-0.8853339489929999,0.3949551906716084,0.6508599993019268,-1.0207121614900403,-0.39312034894338455,-0.6744907594765952,-0.12358065410923252,0.9405112880233443
2008-04-28 23:40:00+00:00,ME01,-0.8749037235194602,-0.8142711048729094,0.08945631402469828,0.6508599993019268,-1.0207121614900403,-0.39312034894338455,-0.6744907594765952,-0.12358065410923252,0.9405112880233443
2008-04-28 23:50:00+00:00,ME01,-0.8183928979478275,-0.44186671932468924,0.02150698748648851,0.6508599993019268,-1.0207121614900403,-0.39312034894338455,-0.6744907594765952,-0.12358065410923252,0.9405112880233443
2008-04-29 00:00:00+00:00,ME01,-0.7734648753439665,2.1022288479714852,-0.031054328860894483,0.6744907594765965,-1.0925211464642475,-0.6445578498676152,-0.5554629954764779,-0.12358065410923252,1.0091617470031502
2008-04-29 00:10:00+00:00,ME01,-0.6710589016691302,0.6024792711546217,-0.058855371946795736,0.6744907594765965,-1.0925211464642475,-0.6445578498676152,-0.5554629954764779,-0.12358065410923252,1.0091617470031502
2008-04-29 00:20:00+00:00,ME01,-0.6623382100236496,0.3915693070361583,0.05602455829826511,0.6744907594765965,-1.0925211464642475,-0.6445578498676152,-0.5554629954764779,-0.12358065410923252,1.0091617470031502
2008-04-29 00:30:00+00:00,ME01,-0.899656864578651,6.250661965666353,0.5753820367479812,0.6744907594765965,-1.0925211464642475,-0.6445578498676152,-0.5554629954764779,-0.12358065410923252,1.0091617470031502
2008-04-29 00:40:00+00:00,ME01,-0.6256773807157616,6.443018899170713,1.395997469427786,0.6744907594765965,-1.0925211464642475,-0.6445578498676152,-0.5554629954764779,-0.12358065410923252,1.0091617470031502
2008-04-29 00:50:00+00:00,ME01,-0.7019020545082848,-0.6880779207153139,1.5440840047973956,0.6744907594765965,-1.0925211464642475,-0.6445578498676152,-0.5554629954764779,-0.12358065410923252,1.0091617470031502
2008-04-29 01:00:00+00:00,ME01,-0.6072801257296646,-0.678826270751103,0.9043533314925348,0.8165111564545015,-1.1476600492336215,-0.8481023606146759,0.27773154614287077,-0.12358065410923252,1.0091617470031502
2008-04-29 01:10:00+00:00,ME01,-0.1890251468435356,0.3038356873722197,4.587499140281482,0.8165111564545015,-1.1476600492336215,-0.8481023606146759,0.27773154614287077,-0.12358065410923252,1.0091617470031502
2008-04-29 01:20:00+00:00,ME01,-0.729547477594877,0.4521362672824085,1.600183150073986,0.8165111564545015,-1.1476600492336215,-0.8481023606146759,0.27773154614287077,-0.12358065410923252,1.0091617470031502
2008-04-29 01:30:00+00:00,ME01,-0.5885446959118629,-0.8629844086779238,2.9588060435649735,0.8165111564545015,-1.1476600492336215,-0.8481023606146759,0.27773154614287077,-0.12358065410923252,1.0091617470031502
2008-04-29 01:40:00+00:00,ME01,-0.8551424623621143,1.838638341430616,1.2470616361730475,0.8165111564545015,-1.1476600492336215,-0.8481023606146759,0.27773154614287077,-0.12358065410923252,1.0091617470031502
2008-04-29 01:50:00+00:00,ME01,-0.686324141861628,0.6365949963893293,1.857490632731461,0.8165111564545015,-1.1476600492336215,-0.8481023606146759,0.27773154614287077,-0.12358065410923252,1.0091617470031502
2008-04-29 02:00:00+00:00,ME01,-0.9363066864798145,-0.8453496536683055,0.7077502181555232,0.6035041445806327,-0.8770944604659696,-0.9319146749211574,2.261527903239284,-0.12358065410923252,1.0091617470031502
2008-04-29 02:10:00+00:00,ME01,-0.8239355284659082,-0.6633537512434068,1.6156123652513392,0.6035041445806327,-0.8770944604659696,-0.9319146749211574,2.261527903239284,-0.12358065410923252,1.0091617470031502
2008-04-29 02:20:00+00:00,ME01,-0.6260148378226386,-0.9211872015446928,2.634441563664629,0.6035041445806327,-0.8770944604659696,-0.9319146749211574,2.261527903239284,-0.12358065410923252,1.0091617470031502
2008-04-29 02:30:00+00:00,ME01,-0.35451437341873887,-0.9457418827230167,3.496397967250169,0.6035041445806327,-0.8770944604659696,-0.9319146749211574,2.261527903239284,-0.12358065410923252,1.0091617470031502
2008-04-29 02:40:00+00:00,ME01,-0.6241927070233474,-0.8310508622822953,2.1974174471613783,0.6035041445806327,-0.8770944604659696,-0.9319146749211574,2.261527903239284,-0.12358065410923252,1.0091617470031502
2008-04-29 02:50:00+00:00,ME01,-0.5729995244540113,-0.9550421547821084,3.3056228930602796,0.6035041445806327,-0.8770944604659696,-0.9319146749211574,2.261527903239284,-0.12358065410923252,1.0091617470031502
2008-04-29 03:00:00+00:00,ME01,-0.7167016380724827,-1.0006852113990554,2.0264866083934425,0.8165111564545015,-0.8232377889664,-1.1274772066402852,2.7376390560490167,-0.12358065410923252,1.0091617470031502
2008-04-29 03:10:00+00:00,ME01,-0.6055547298390945,-0.5595334925096256,3.1955076928190733,0.8165111564545015,-0.8232377889664,-1.1274772066402852,2.7376390560490167,-0.12358065410923252,1.0091617470031502
2008-04-29 03:20:00+00:00,ME01,-0.7672223307313113,-0.2676001654398129,2.009555217334494,0.8165111564545015,-0.8232377889664,-1.1274772066402852,2.7376390560490167,-0.12358065410923252,1.0091617470031502
2008-04-29 03:30:00+00:00,ME01,-0.7609470586374176,-1.02563627942868,1.1533307927023153,0.8165111564545015,-0.8232377889664,-1.1274772066402852,2.7376390560490167,-0.12358065410923252,1.0091617470031502
2008-04-29 03:40:00+00:00,ME01,-0.7310907074583753,-0.9113755936371508,1.913385513550237,0.8165111564545015,-0.8232377889664,-1.1274772066402852,2.7376390560490167,-0.12358065410923252,1.0091617470031502
2008-04-29 03:50:00+00:00,ME01,-0.5007007265863278,-0.9650198255133602,2.208814785230555,0.8165111564545015,-0.8232377889664,-1.1274772066402852,2.7376390560490167,-0.12358065410923252,1.0091617470031502
2008-04-29 04:00:00+00:00,ME01,-0.3404834709776354,-0.4457338044646583,3.356898900085216,0.8401890838151485,-0.8309317144339144,-1.1673879387871133,3.0550464267159967,-0.12358065410923252,1.0091617470031502
2008-04-29 04:10:00+00:00,ME01,-0.017320509375017275,-0.3374732019090497,5.6797296591090305,0.8401890838151485,-0.8309317144339144,-1.1673879387871133,3.0550464267159967,-0.12358065410923252,1.0091617470031502
2008-04-29 04:20:00+00:00,ME01,-0.16527406997873556,-0.8197591267500008,4.950696118760614,0.8401890838151485,-0.8309317144339144,-1.1673879387871133,3.0550464267159967,-0.12358065410923252,1.0091617470031502
2008-04-29 04:30:00+00:00,ME01,-0.2501440861069032,-0.8630412485203165,3.9971749093987516,0.8401890838151485,-0.8309317144339144,-1.1673879387871133,3.0550464267159967,-0.12358065410923252,1.0091617470031502
2008-04-29 04:40:00+00:00,ME01,-0.3339924857417835,-0.8779572765154833,3.6965791946211475,0.8401890838151485,-0.8309317144339144,-1.1673879387871133,3.0550464267159967,-0.12358065410923252,1.0091617470031502
2008-04-29 04:50:00+00:00,ME01,-0.14949217751503327,-0.9829348843742712,4.816759222759557,0.8401890838151485,-0.8309317144339144,-1.1673879387871133,3.0550464267159967,-0.12358065410923252,1.0091617470031502
2008-04-29 05:00:00+00:00,ME01,-0.23044249036159575,-0.5173955197711511,4.348407673740408,0.8165111564545015,-0.5565188940081615,-1.1474325727136991,1.626713065096061,-0.12358065410923252,1.0091617470031502
2008-04-29 05:10:00+00:00,ME01,-0.3861910225753176,-0.9647126532607387,3.116038294098937,0.8165111564545015,-0.5565188940081615,-1.1474325727136991,1.626713065096061,-0.12358065410923252,1.0091617470031502
2008-04-29 05:20:00+00:00,ME01,-0.1749169767071475,-0.9633128206778611,4.665034832479014,0.8165111564545015,-0.5565188940081615,-1.1474325727136991,1.626713065096061,-0.12358065410923252,1.0091617470031502
2008-04-29 05:30:00+00:00,ME01,0.042607309378008794,-0.6631921581947545,5.254479367514771,0.8165111564545015,-0.5565188940081615,-1.1474325727136991,1.626713065096061,-0.12358065410923252,1.0091617470031502
2008-04-29 05:40:00+00:00,ME01,0.11430929519275423,-0.2936382463096102,5.478651014101253,0.8165111564545015,-0.5565188940081615,-1.1474325727136991,1.626713065096061,-0.12358065410923252,1.0091617470031502
2008-04-29 05:50:00+00:00,ME01,-0.1806364543426477,-0.8163101403715723,4.838011979381809,0.8165111564545015,-0.5565188940081615,-1.1474325727136991,1.626713065096061,-0.12358065410923252,1.0091617470031502
2008-04-29 06:00:00+00:00,ME01,-0.31809606012613756,-0.9005301481198495,3.4206088512890713,0.8165111564545015,0.2154268204604497,-1.1514237017288702,4.12629649633558,-0.12358065410923252,0.7208298192879646
2008-04-29 06:10:00+00:00,ME01,-0.6591617373987163,-0.7892470874907134,2.007174122985851,0.8165111564545015,0.2154268204604497,-1.1514237017288702,4.12629649633558,-0.12358065410923252,0.7208298192879646
2008-04-29 06:20:00+00:00,ME01,-0.6489397726710219,-0.4093557828814864,2.579187487013635,0.8165111564545015,0.2154268204604497,-1.1514237017288702,4.12629649633558,-0.12358065410923252,0.7208298192879646
2008-04-29 06:30:00+00:00,ME01,-0.20946731992273016,-0.779279259124976,4.877741205171484,0.8165111564545015,0.2154268204604497,-1.1514237017288702,4.12629649633558,-0.12358065410923252,0.7208298192879646
2008-04-29 06:40:00+00:00,ME01,-0.4801349494803243,-0.9224386576653234,2.906399833518033,0.8165111564545015,0.2154268204604497,-1.1514237017288702,4.12629649633558,-0.12358065410923252,0.7208298192879646
2008-04-29 06:50:00+00:00,ME01,-0.456558480818681,-0.5945200880780002,1.852389038765458,0.8165111564545015,0.2154268204604497,-1.1514237017288702,4.12629649633558,-0.12358065410923252,0.7208298192879646
2008-04-29 07:00:00+00:00,ME01,-0.7781726259039095,-0.5377262053579156,1.0680937905407255,0.9821623136070746,0.6655147372014476,-1.1234860776251143,4.56273172781194,-0.12358065410923252,0.7208298192879646
2008-04-29 07:10:00+00:00,ME01,-0.6084692307085399,-0.8476760305186997,0.9679569556559962,0.9821623136070746,0.6655147372014476,-1.1234860776251143,4.56273172781194,-0.12358065410923252,0.7208298192879646
2008-04-29 07:20:00+00:00,ME01,-0.5307404048930976,-0.9507212289739597,1.9977266751203178,0.9821623136070746,0.6655147372014476,-1.1234860776251143,4.56273172781194,-0.12358065410923252,0.7208298192879646
2008-04-29 07:30:00+00:00,ME01,-0.5985154273997074,-0.966781243102033,1.6316529205174048,0.9821623136070746,0.6655147372014476,-1.1234860776251143,4.56273172781194,-0.12358065410923252,0.7208298192879646
2008-04-29 07:40:00+00:00,ME01,-0.41447731111074215,-0.8868873876042895,2.600267246950319,0.9821623136070746,0.6655147372014476,-1.1234860776251143,4.56273172781194,-0.12358065410923252,0.7208298192879646
2008-04-29 07:50:00+00:00,ME01,-0.22515318011341784,-0.8381029582486483,3.0537994376534834,0.9821623136070746,0.6655147372014476,-1.1234860776251143,4.56273172781194,-0.12358065410923252,0.7208298192879646
2008-04-29 08:00:00+00:00,ME01,-0.2444794985018622,-0.74136499931382,2.037685783158248,1.597505421868031,0.49368606577127233,-1.1194949486099435,8.093889210528406,-0.12358065410923252,0.7208298192879646
2008-04-29 08:10:00+00:00,ME01,-0.2210435431207051,1.2705980456056145,3.9093735878745046,1.597505421868031,0.49368606577127233,-1.1194949486099435,8.093889210528406,-0.12358065410923252,0.7208298192879646
2008-04-29 08:20:00+00:00,ME01,0.0037504463296330454,20.919122918245904,3.692770348333969,1.597505421868031,0.49368606577127233,-1.1194949486099435,8.093889210528406,-0.12358065410923252,0.7208298192879646
2008-04-29 08:30:00+00:00,ME01,-0.3232794651410827,-0.7249466170339834,3.5930807201190875,1.597505421868031,0.49368606577127233,-1.1194949486099435,8.093889210528406,-0.12358065410923252,0.7208298192879646
2008-04-29 08:40:00+00:00,ME01,-0.12988098671433448,-0.9089950026318736,3.9812091546346378,1.597505421868031,0.49368606577127233,-1.1194949486099435,8.093889210528406,-0.12358065410923252,0.7208298192879646
2008-04-29 08:50:00+00:00,ME01,-0.38457064709202027,-0.913247028975172,2.0660003838948438,1.597505421868031,0.49368606577127233,-1.1194949486099435,8.093889210528406,-0.12358065410923252,0.7208298192879646
2008-04-29 09:00:00+00:00,ME01,-0.6313624324079711,-0.8414371223564984,1.105983562319902,3.3488230372083114,0.39110218570003835,-1.2432182740656619,6.586204006241726,-0.12358065410923252,0.7208298192879646
2008-04-29 09:10:00+00:00,ME01,-0.408106775469448,-0.6504571237197181,1.519593420730052,3.3488230372083114,0.39110218570003835,-1.2432182740656619,6.586204006241726,-0.12358065410923252,0.7208298192879646
2008-04-29 09:20:00+00:00,ME01,-0.42238050964546,-0.7629853464651623,1.8271053003334892,3.3488230372083114,0.39110218570003835,-1.2432182740656619,6.586204006241726,-0.12358065410923252,0.7208298192879646
2008-04-29 09:30:00+00:00,ME01,-0.30121496523997093,-0.8286799595424138,2.8527811503986364,3.3488230372083114,0.39110218570003835,-1.2432182740656619,6.586204006241726,-0.12358065410923252,0.7208298192879646
2008-04-29 09:40:00+00:00,ME01,-0.4941533919183712,-0.8552154247223923,1.830794585409686,3.3488230372083114,0.39110218570003835,-1.2432182740656619,6.586204006241726,-0.12358065410923252,0.7208298192879646
2008-04-29 09:50:00+00:00,ME01,-0.38451049068558524,-0.8048288607054835,1.6820009780019802,3.3488230372083114,0.39110218570003835,-1.2432182740656619,6.586204006241726,-0.12358065410923252,0.7208298192879646
2008-04-29 10:00:00+00:00,ME01,-0.5636963731059977,-0.871217622144407,1.574887797575419,2.9701648681818695,0.6911607072192563,-1.2591825111239365,15.23555621224661,-0.12358065410923252,0.7208298192879646
2008-04-29 10:10:00+00:00,ME01,-0.4969511846566218,-0.4031232781267466,1.6333756978320977,2.9701648681818695,0.6911607072192563,-1.2591825111239365,15.23555621224661,-0.12358065410923252,0.7208298192879646
2008-04-29 10:20:00+00:00,ME01,-0.4708007116902894,-0.9665974762627727,1.3614105428933545,2.9701648681818695,0.6911607072192563,-1.2591825111239365,15.23555621224661,-0.12358065410923252,0.7208298192879646
2008-04-29 10:30:00+00:00,ME01,-0.5833998310913892,-0.9183293526049126,1.019507539393667,2.9701648681818695,0.6911607072192563,-1.2591825111239365,15.23555621224661,-0.12358065410923252,0.7208298192879646
2008-04-29 10:40:00+00:00,ME01,-0.4486456974526256,-0.8968272563676376,1.3737150187839162,2.9701648681818695,0.6911607072192563,-1.2591825111239365,15.23555621224661,-0.12358065410923252,0.7208298192879646
2008-04-29 10:50:00+00:00,ME01,-0.4163963968944327,-0.8561426472420052,2.952435860727259,2.9701648681818695,0.6911607072192563,-1.2591825111239365,15.23555621224661,-0.12358065410923252,0.7208298192879646
2008-04-29 11:00:00+00:00,ME01,-0.4108408218842207,-0.6970546179876738,1.5750294334651194,2.18917060276834,0.7860509307473197,-1.390887815607588,11.34731534072053,-0.12358065410923252,0.7208298192879646
2008-04-29 11:10:00+00:00,ME01,-0.5373988494739955,-0.7127373565298727,1.3024731949417225,2.18917060276834,0.7860509307473197,-1.390887815607588,11.34731534072053,-0.12358065410923252,0.7208298192879646
2008-04-29 11:20:00+00:00,ME01,-0.32293627202477476,-0.3970586736908921,1.8310051081436283,2.18917060276834,0.7860509307473197,-1.390887815607588,11.34731534072053,-0.12358065410923252,0.7208298192879646
2008-04-29 11:30:00+00:00,ME01,-0.4502559894275868,5.880252791757057,1.371488293048127,2.18917060276834,0.7860509307473197,-1.390887815607588,11.34731534072053,-0.12358065410923252,0.7208298192879646
2008-04-29 11:40:00+00:00,ME01,-0.1556409196553326,-0.6852476770503052,3.1159780375060393,2.18917060276834,0.7860509307473197,-1.390887815607588,11.34731534072053,-0.12358065410923252,0.7208298192879646
2008-04-29 11:50:00+00:00,ME01,0.04944865695660277,-0.6514059572499525,5.605652091871445,2.18917060276834,0.7860509307473197,-1.390887815607588,11.34731534072053,-0.12358065410923252,0.7208298192879646
2008-04-29 12:00:00+00:00,ME01,0.08952480063184502,-0.6423764874104324,4.279779543529756,1.6448141094033477,0.9283864005015862,-1.4707092799013075,12.497917253006857,-0.12358065410923252,0.43249789157277835
2008-04-29 12:10:00+00:00,ME01,0.8074966848167338,-0.7968380675345162,8.668542078914617,1.6448141094033477,0.9283864005015862,-1.4707092799013075,12.497917253006857,-0.12358065410923252,0.43249789157277835
2008-04-29 12:20:00+00:00,ME01,1.1498945174487638,-0.5583974145917705,9.900975751267744,1.6448141094033477,0.9283864005015862,-1.4707092799013075,12.497917253006857,-0.12358065410923252,0.43249789157277835
2008-04-29 12:30:00+00:00,ME01,1.219265689600249,-0.7513390655442626,11.33367729845421,1.6448141094033477,0.9283864005015862,-1.4707092799013075,12.497917253006857,-0.12358065410923252,0.43249789157277835
2008-04-29 12:40:00+00:00,ME01,1.5391014297860177,-0.763027725769155,11.116256275609508,1.6448141094033477,0.9283864005015862,-1.4707092799013075,12.497917253006857,-0.12358065410923252,0.43249789157277835
2008-04-29 12:50:00+00:00,ME01,0.6274434070921567,-0.9649292943348308,3.4267472501238485,1.6448141094033477,0.9283864005015862,-1.4707092799013075,12.497917253006857,-0.12358065410923252,0.43249789157277835
2008-04-29 13:00:00+00:00,ME01,0.7598971601909406,-0.48069878240830594,2.220233731482336,1.4554850248901274,1.0386644749646774,-1.5984234553698196,12.696296859673721,-0.12358065410923252,0.43249789157277835
2008-04-29 13:10:00+00:00,ME01,0.8310826569142109,-0.4788477511786335,1.1674548102056062,1.4554850248901274,1.0386644749646774,-1.5984234553698196,12.696296859673721,-0.12358065410923252,0.43249789157277835
2008-04-29 13:20:00+00:00,ME01,1.3074331268336854,14.21534008723912,2.913782306162509,1.4554850248901274,1.0386644749646774,-1.5984234553698196,12.696296859673721,-0.12358065410923252,0.43249789157277835
2008-04-29 13:30:00+00:00,ME01,1.1288677099275426,-0.7648107703704743,4.8688634738848755,1.4554850248901274,1.0386644749646774,-1.5984234553698196,12.696296859673721,-0.12358065410923252,0.43249789157277835
2008-04-29 13:40:00+00:00,ME01,1.1996919508677935,-0.7305477471242279,5.29850590930425,1.4554850248901274,1.0386644749646774,-1.5984234553698196,12.696296859673721,-0.12358065410923252,0.43249789157277835
2008-04-29 13:50:00+00:00,ME01,1.1786922943747409,0.389056486993139,7.274727759661751,1.4554850248901274,1.0386644749646774,-1.5984234553698196,12.696296859673721,-0.12358065410923252,0.43249789157277835
2008-04-29 14:00:00+00:00,ME01,1.1156517863546462,-0.41131534373480116,4.22039416235072,2.425808374816877,0.7796395054739532,-1.8059590951320197,7.974861446528289,-0.12358065410923252,0.43249789157277835
2008-04-29 14:10:00+00:00,ME01,0.9019215147052588,-0.4562526041994548,3.190753714448144,2.425808374816877,0.7796395054739532,-1.8059590951320197,7.974861446528289,-0.12358065410923252,0.43249789157277835
2008-04-29 14:20:00+00:00,ME01,0.9636965943228077,-0.711468684261375,2.8396296324124504,2.425808374816877,0.7796395054739532,-1.8059590951320197,7.974861446528289,-0.12358065410923252,0.43249789157277835
2008-04-29 14:30:00+00:00,ME01,0.9815000528994359,-0.8496611404987061,2.114940049707013,2.425808374816877,0.7796395054739532,-1.8059590951320197,7.974861446528289,-0.12358065410923252,0.43249789157277835
2008-04-29 14:40:00+00:00,ME01,0.7397577060593942,-0.706962793418658,1.9236359613923053,2.425808374816877,0.7796395054739532,-1.8059590951320197,7.974861446528289,-0.12358065410923252,0.43249789157277835
2008-04-29 14:50:00+00:00,ME01,0.6955167034862514,-0.6964608804537822,1.3005105620902593,2.425808374816877,0.7796395054739532,-1.8059590951320197,7.974861446528289,-0.12358065410923252,0.43249789157277835
2008-04-29 15:00:00+00:00,ME01,0.7774521496999222,-0.7731919195469492,0.6480353456669519,1.218847252841589,0.9283864005015862,-1.901744796484014,8.57000036333814,-0.12358065410923252,0.43249789157277835
2008-04-29 15:10:00+00:00,ME01,0.8714011741433068,-0.8770663826572316,0.9728290242485729,1.218847252841589,0.9283864005015862,-1.901744796484014,8.57000036333814,-0.12358065410923252,0.43249789157277835
2008-04-29 15:20:00+00:00,ME01,0.7947597401281705,-0.7166164861443842,0.5207959870173382,1.218847252841589,0.9283864005015862,-1.901744796484014,8.57000036333814,-0.12358065410923252,0.43249789157277835
2008-04-29 15:30:00+00:00,ME01,0.6948627143698177,-0.7320501313099369,0.43619902304220337,1.218847252841589,0.9283864005015862,-1.901744796484014,8.57000036333814,-0.12358065410923252,0.43249789157277835
2008-04-29 15:40:00+00:00,ME01,0.6516720010571501,-0.8945205646560849,0.967725099073694,1.218847252841589,0.9283864005015862,-1.901744796484014,8.57000036333814,-0.12358065410923252,0.43249789157277835
2008-04-29 15:50:00+00:00,ME01,0.45286580197027837,-0.8831195954725015,0.9426164684425754,1.218847252841589,0.9283864005015862,-1.901744796484014,8.57000036333814,-0.12358065410923252,0.43249789157277835
2008-04-29 16:00:00+00:00,ME01,0.6400476042275024,-0.7914146687048195,0.9182427063985916,1.6684920367639946,0.7680988861970254,-2.0055124768639097,11.10925971591103,-0.12358065410923252,0.43249789157277835
2008-04-29 16:10:00+00:00,ME01,0.39047582963144056,-0.8612781441366805,0.615127607048804,1.6684920367639946,0.7680988861970254,-2.0055124768639097,11.10925971591103,-0.12358065410923252,0.43249789157277835
2008-04-29 16:20:00+00:00,ME01,0.49897500615037865,-0.8213969415286334,0.39693148933012784,1.6684920367639946,0.7680988861970254,-2.0055124768639097,11.10925971591103,-0.12358065410923252,0.43249789157277835
2008-04-29 16:30:00+00:00,ME01,0.3492596587817864,-0.906594434259128,0.36874223702102676,1.6684920367639946,0.7680988861970254,-2.0055124768639097,11.10925971591103,-0.12358065410923252,0.43249789157277835
2008-04-29 16:40:00+00:00,ME01,0.3688815456523224,-0.5617645120863323,0.44198749654690367,1.6684920367639946,0.7680988861970254,-2.0055124768639097,11.10925971591103,-0.12358065410923252,0.43249789157277835
2008-04-29 16:50:00+00:00,ME01,0.4225685340819226,-0.7993270854791432,0.1351918439185945,1.6684920367639946,0.7680988861970254,-2.0055124768639097,11.10925971591103,-0.12358065410923252,0.43249789157277835
2008-04-29 17:00:00+00:00,ME01,0.542915197157085,-0.09508238876160476,0.5739342906583302,0.8874977713504638,0.5295906927205476,-1.8698160433650872,7.974861446528289,-0.12358065410923252,0.43249789157277835
2008-04-29 17:10:00+00:00,ME01,0.5653164828466589,-0.8057868956828297,0.637108578134337,0.8874977713504638,0.5295906927205476,-1.8698160433650872,7.974861446528289,-0.12358065410923252,0.43249789157277835
2008-04-29 17:20:00+00:00,ME01,0.48558055107441145,7.002327856358507,0.4005725232742927,0.8874977713504638,0.5295906927205476,-1.8698160433650872,7.974861446528289,-0.12358065410923252,0.43249789157277835
2008-04-29 17:30:00+00:00,ME01,0.3920902010235192,0.773227302277864,0.2973331102379341,0.8874977713504638,0.5295906927205476,-1.8698160433650872,7.974861446528289,-0.12358065410923252,0.43249789157277835
2008-04-29 17:40:00+00:00,ME01,-0.008025154116458441,-0.5918559849520209,0.11972203680341482,0.8874977713504638,0.5295906927205476,-1.8698160433650872,7.974861446528289,-0.12358065410923252,0.43249789157277835
2008-04-29 17:50:00+00:00,ME01,0.1169117635091172,-0.35153844976278803,0.2521407773462863,0.8874977713504638,0.5295906927205476,-1.8698160433650872,7.974861446528289,-0.12358065410923252,0.43249789157277835
2008-04-29 18:00:00+00:00,ME01,-0.03524511477119335,3.2592157947683766,0.022126943011019983,0.4851616749633762,0.13079471601516623,-1.8059590951320197,3.0947223480493693,-0.12358065410923252,0.14416596385759278
2008-04-29 18:10:00+00:00,ME01,-0.1516617628742681,-0.3287019625195779,-0.01859436293257809,0.4851616749633762,0.13079471601516623,-1.8059590951320197,3.0947223480493693,-0.12358065410923252,0.14416596385759278
2008-04-29 18:20:00+00:00,ME01,-0.21325041115929042,6.183798197877937,-0.062323168182600294,0.4851616749633762,0.13079471601516623,-1.8059590951320197,3.0947223480493693,-0.12358065410923252,0.14416596385759278
2008-04-29 18:30:00+00:00,ME01,-0.2706512123694402,21.24062544640811,-0.04470203412351795,0.4851616749633762,0.13079471601516623,-1.8059590951320197,3.0947223480493693,-0.12358065410923252,0.14416596385759278
2008-04-29 18:40:00+00:00,ME01,-0.4048701480271184,4.265623964443541,-0.26086217531818134,0.4851616749633762,0.13079471601516623,-1.8059590951320197,3.0947223480493693,-0.12358065410923252,0.14416596385759278
2008-04-29 18:50:00+00:00,ME01,-0.4495612577575147,1.0326138656214547,-0.16328652582879713,0.4851616749633762,0.13079471601516623,-1.8059590951320197,3.0947223480493693,-0.12358065410923252,0.14416596385759278
2008-04-29 19:00:00+00:00,ME01,-0.39685725999537547,0.4226781129384724,-0.62700486114642,0.46153091478870656,-0.16285238023068524,-1.706182264764886,1.0315741482862109,-0.12358065410923252,0.14416596385759278
2008-04-29 19:10:00+00:00,ME01,-0.50985761305978,0.6745103282301126,-0.658217045228929,0.46153091478870656,-0.16285238023068524,-1.706182264764886,1.0315741482862109,-0.12358065410923252,0.14416596385759278
2008-04-29 19:20:00+00:00,ME01,-0.5484033339638854,1.5641158006995783,-0.6055944825880161,0.46153091478870656,-0.16285238023068524,-1.706182264764886,1.0315741482862109,-0.12358065410923252,0.14416596385759278
2008-04-29 19:30:00+00:00,ME01,-0.4186485170953354,3.061000573198078,-0.8117155302613923,0.46153091478870656,-0.16285238023068524,-1.706182264764886,1.0315741482862109,-0.12358065410923252,0.14416596385759278
2008-04-29 19:40:00+00:00,ME01,-0.4697897399859472,-0.31493895004843475,-0.7370891118359527,0.46153091478870656,-0.16285238023068524,-1.706182264764886,1.0315741482862109,-0.12358065410923252,0.14416596385759278
2008-04-29 19:50:00+00:00,ME01,-0.4715213959254803,27.93479019498558,-0.662015617792406,0.46153091478870656,-0.16285238023068524,-1.706182264764886,1.0315741482862109,-0.12358065410923252,0.14416596385759278
2008-04-29 20:00:00+00:00,ME01,-0.4672874568791457,1.6646974165886854,-0.9171091328787631,0.4378529874280595,-0.5706242447490418,-1.6622806826052643,-0.6744907594765952,-0.12358065410923252,0.14416596385759278
2008-04-29 20:10:00+00:00,ME01,-0.44998097719413677,3.383097635590578,-0.9232892319936885,0.4378529874280595,-0.5706242447490418,-1.6622806826052643,-0.6744907594765952,-0.12358065410923252,0.14416596385759278
2008-04-29 20:20:00+00:00,ME01,-0.6318367894530683,0.37533557534420836,-0.7273847958841303,0.4378529874280595,-0.5706242447490418,-1.6622806826052643,-0.6744907594765952,-0.12358065410923252,0.14416596385759278
2008-04-29 20:30:00+00:00,ME01,-0.758434819330495,0.5184541556813438,-0.9005953170454758,0.4378529874280595,-0.5706242447490418,-1.6622806826052643,-0.6744907594765952,-0.12358065410923252,0.14416596385759278
2008-04-29 20:40:00+00:00,ME01,-0.6964478214018018,2.648222636027582,-0.9742403371586418,0.4378529874280595,-0.5706242447490418,-1.6622806826052643,-0.6744907594765952,-0.12358065410923252,0.14416596385759278
2008-04-29 20:50:00+00:00,ME01,-0.3896767002388041,-0.262050953162492,-0.9857543755585016,0.4378529874280595,-0.5706242447490418,-1.6622806826052643,-0.6744907594765952,-0.12358065410923252,0.14416596385759278
2008-04-29 21:00:00+00:00,ME01,-0.48350307533588704,0.20708673030627936,-1.045331874470785,0.8165111564545015,-0.43982966319604705,-1.6742537906483683,-0.6744907594765952,-0.12358065410923252,0.14416596385759278
2008-04-29 21:10:00+00:00,ME01,-0.6871882209879518,-0.042101526884111236,-1.0887699401978488,0.8165111564545015,-0.43982966319604705,-1.6742537906483683,-0.6744907594765952,-0.12358065410923252,0.14416596385759278
2008-04-29 21:20:00+00:00,ME01,-0.7187644884677605,-0.5270604248815305,-1.1404862732985142,0.8165111564545015,-0.43982966319604705,-1.6742537906483683,-0.6744907594765952,-0.12358065410923252,0.14416596385759278
2008-04-29 21:30:00+00:00,ME01,-0.796867797759625,4.238795716261893,-1.0741826309172744,0.8165111564545015,-0.43982966319604705,-1.6742537906483683,-0.6744907594765952,-0.12358065410923252,0.14416596385759278
2008-04-29 21:40:00+00:00,ME01,-0.6848568163129634,-0.2117221852600251,-1.2871878766243972,0.8165111564545015,-0.43982966319604705,-1.6742537906483683,-0.6744907594765952,-0.12358065410923252,0.14416596385759278
2008-04-29 21:50:00+00:00,ME01,-0.6662654111960006,-0.4557705319309929,-1.258920617862942,0.8165111564545015,-0.43982966319604705,-1.6742537906483683,-0.6744907594765952,-0.12358065410923252,0.14416596385759278
2008-04-29 22:00:00+00:00,ME01,-0.5904200171757994,-0.6558953947931919,-1.284035201745405,1.0531960956890158,-0.7270650652441887,-1.6942091567217823,-0.6744907594765952,-0.12358065410923252,0.14416596385759278
2008-04-29 22:10:00+00:00,ME01,-0.8785228170243349,-0.3941534171462348,-1.3424609545583859,1.0531960956890158,-0.7270650652441887,-1.6942091567217823,-0.6744907594765952,-0.12358065410923252,0.14416596385759278
2008-04-29 22:20:00+00:00,ME01,-0.9599999133645312,-0.02303699128864031,-1.2494909562205192,1.0531960956890158,-0.7270650652441887,-1.6942091567217823,-0.6744907594765952,-0.12358065410923252,0.14416596385759278
2008-04-29 22:30:00+00:00,ME01,-0.8444334617775278,-0.3741581505694135,-1.2834524695606246,1.0531960956890158,-0.7270650652441887,-1.6942091567217823,-0.6744907594765952,-0.12358065410923252,0.14416596385759278
2008-04-29 22:40:00+00:00,ME01,-0.6177664667654217,-0.5297508720023351,-1.3547562726884326,1.0531960956890158,-0.7270650652441887,-1.6942091567217823,-0.6744907594765952,-0.12358065410923252,0.14416596385759278
2008-04-29 22:50:00+00:00,ME01,-0.6944433693491773,-0.2972728788566081,-1.3754734428329407,1.0531960956890158,-0.7270650652441887,-1.6942091567217823,-0.6744907594765952,-0.12358065410923252,0.14416596385759278
2008-04-29 23:00:00+00:00,ME01,-0.8960258319918611,-0.3370351426731663,-1.3508394296444082,0.8401890838151485,-0.4949685659654212,-1.7660483629851598,-0.6744907594765952,-0.12358065410923252,0.14416596385759278
2008-04-29 23:10:00+00:00,ME01,-0.8491178151413691,-0.3521949442750961,-1.3382928864093822,0.8401890838151485,-0.4949685659654212,-1.7660483629851598,-0.6744907594765952,-0.12358065410923252,0.14416596385759278
2008-04-29 23:20:00+00:00,ME01,-0.8733654526666135,0.6641715397853615,-1.3610418647945772,0.8401890838151485,-0.4949685659654212,-1.7660483629851598,-0.6744907594765952,-0.12358065410923252,0.14416596385759278
2008-04-29 23:30:00+00:00,ME01,-0.7978418433763657,-0.735034641423918,-1.390881274229572,0.8401890838151485,-0.4949685659654212,-1.7660483629851598,-0.6744907594765952,-0.12358065410923252,0.14416596385759278
2008-04-29 23:40:00+00:00,ME01,-0.6285977541805011,-0.70342013159484,-1.2772530806340847,0.8401890838151485,-0.4949685659654212,-1.7660483629851598,-0.6744907594765952,-0.12358065410923252,0.14416596385759278
2008-04-29 23:50:00+00:00,ME01,-0.7441305689630996,-0.8033439045605444,-1.4236502387651775,0.8401890838151485,-0.4949685659654212,-1.7660483629851598,-0.6744907594765952,-0.12358065410923252,0.14416596385759278
2008-04-30 00:00:00+00:00,ME01,-0.820593345453136,-0.48596557135691715,-1.4057152346091382,0.6271820719412798,-0.7591227294597073,-1.7899948580737766,-0.6744907594765952,-0.12358065410923252,-0.1441659638575935
2008-04-30 00:10:00+00:00,ME01,-0.8927007145888951,-0.2716042160080891,-1.4088923659339656,0.6271820719412798,-0.7591227294597073,-1.7899948580737766,-0.6744907594765952,-0.12358065410923252,-0.1441659638575935
2008-04-30 00:20:00+00:00,ME01,-0.8839017627607137,-0.8088591063366498,-1.3401162617948452,0.6271820719412798,-0.7591227294597073,-1.7899948580737766,-0.6744907594765952,-0.12358065410923252,-0.1441659638575935
2008-04-30 00:30:00+00:00,ME01,-0.7379492678562339,-0.5194595677988741,-1.3950132448516868,0.6271820719412798,-0.7591227294597073,-1.7899948580737766,-0.6744907594765952,-0.12358065410923252,-0.1441659638575935
2008-04-30 00:40:00+00:00,ME01,-0.9658085437589042,-0.7911624596357155,-1.2528882927770357,0.6271820719412798,-0.7591227294597073,-1.7899948580737766,-0.6744907594765952,-0.12358065410923252,-0.1441659638575935
2008-04-30 00:50:00+00:00,ME01,-1.031466718833814,-0.8835023025110375,-1.4125297863669144,0.6271820719412798,-0.7591227294597073,-1.7899948580737766,-0.6744907594765952,-0.12358065410923252,-0.1441659638575935
2008-04-30 01:00:00+00:00,ME01,-0.9355518302321232,-0.8857313160332138,-1.3543994192939213,1.0058402409677216,-0.7680988861970258,-1.917709033542257,-0.6744907594765952,-0.12358065410923252,-0.1441659638575935
2008-04-30 01:10:00+00:00,ME01,-0.9406141768678664,-0.7551284731305647,-1.4019664877337457,1.0058402409677216,-0.7680988861970258,-1.917709033542257,-0.6744907594765952,-0.12358065410923252,-0.1441659638575935
2008-04-30 01:20:00+00:00,ME01,-0.9096833283648275,-0.8001259642483443,-1.3755431617825342,1.0058402409677216,-0.7680988861970258,-1.917709033542257,-0.6744907594765952,-0.12358065410923252,-0.1441659638575935
2008-04-30 01:30:00+00:00,ME01,-0.8933645352799917,1.6217935634332357,-1.3978464178586183,1.0058402409677216,-0.7680988861970258,-1.917709033542257,-0.6744907594765952,-0.12358065410923252,-0.1441659638575935
2008-04-30 01:40:00+00:00,ME01,-0.9208586391960615,-0.3617589165629956,-1.3276516576454014,1.0058402409677216,-0.7680988861970258,-1.917709033542257,-0.6744907594765952,-0.12358065410923252,-0.1441659638575935
2008-04-30 01:50:00+00:00,ME01,-0.8741923352776793,-0.43313295172780913,-1.3808321146785607,1.0058402409677216,-0.7680988861970258,-1.917709033542257,-0.6744907594765952,-0.12358065410923252,-0.1441659638575935
2008-04-30 02:00:00+00:00,ME01,-0.7685617986049732,-0.897539783089123,-0.7061590428081638,0.6508599993019268,-0.7860509307473201,-1.9895482398056663,-0.6348148381432227,-0.12358065410923252,-0.1441659638575935
2008-04-30 02:10:00+00:00,ME01,-0.8050390373412903,-0.9533862618527572,-0.9800074438276546,0.6508599993019268,-0.7860509307473201,-1.9895482398056663,-0.6348148381432227,-0.12358065410923252,-0.1441659638575935
2008-04-30 02:20:00+00:00,ME01,-0.839835337848906,-0.7138843436364625,-1.3998163865632636,0.6508599993019268,-0.7860509307473201,-1.9895482398056663,-0.6348148381432227,-0.12358065410923252,-0.1441659638575935
2008-04-30 02:30:00+00:00,ME01,-0.7064852600808692,-0.7395289318303007,-1.4174683111768192,0.6508599993019268,-0.7860509307473201,-1.9895482398056663,-0.6348148381432227,-0.12358065410923252,-0.1441659638575935
2008-04-30 02:40:00+00:00,ME01,-0.6612153697011772,-0.8968533768116401,-0.5384981484073444,0.6508599993019268,-0.7860509307473201,-1.9895482398056663,-0.6348148381432227,-0.12358065410923252,-0.1441659638575935
2008-04-30 02:50:00+00:00,ME01,-1.0277042248005503,-0.9068249181656951,-1.3782647839925752,0.6508599993019268,-0.7860509307473201,-1.9895482398056663,-0.6348148381432227,-0.12358065410923252,-0.1441659638575935
2008-04-30 03:00:00+00:00,ME01,-0.9657176398090489,-0.6983575796271063,-1.1422764793952516,0.7928332290938543,-0.9360803259691005,-1.9536286366739457,-0.6744907594765952,-0.12358065410923252,-0.1441659638575935
2008-04-30 03:10:00+00:00,ME01,-0.866593238244905,-0.42299424144184333,-1.0159779255909782,0.7928332290938543,-0.9360803259691005,-1.9536286366739457,-0.6744907594765952,-0.12358065410923252,-0.1441659638575935
2008-04-30 03:20:00+00:00,ME01,-0.8706034041209825,-0.5644721752942626,-0.6366319792362192,0.7928332290938543,-0.9360803259691005,-1.9536286366739457,-0.6744907594765952,-0.12358065410923252,-0.1441659638575935
2008-04-30 03:30:00+00:00,ME01,-0.9265762145825404,-0.8831033734196455,-0.9752205330342445,0.7928332290938543,-0.9360803259691005,-1.9536286366739457,-0.6744907594765952,-0.12358065410923252,-0.1441659638575935
2008-04-30 03:40:00+00:00,ME01,-0.8922470485542304,-0.8737509940780099,-0.9017429810080639,0.7928332290938543,-0.9360803259691005,-1.9536286366739457,-0.6744907594765952,-0.12358065410923252,-0.1441659638575935
2008-04-30 03:50:00+00:00,ME01,-0.7055241009007444,-0.8260860370587779,-0.12131086985550407,0.7928332290938543,-0.9360803259691005,-1.9536286366739457,-0.6744907594765952,-0.12358065410923252,-0.1441659638575935
2008-04-30 04:00:00+00:00,ME01,-0.8549964477051635,-0.9289641728698391,0.29549140749374314,0.7928332290938543,-0.8168263636930335,-1.8578429353219832,-0.6744907594765952,-0.12358065410923252,-0.1441659638575935
2008-04-30 04:10:00+00:00,ME01,-0.9927613301768711,-0.9504083736565232,-0.4221622548273194,0.7928332290938543,-0.8168263636930335,-1.8578429353219832,-0.6744907594765952,-0.12358065410923252,-0.1441659638575935
2008-04-30 04:20:00+00:00,ME01,-1.0410876074190418,-0.7047411911109914,-0.6068909122576901,0.7928332290938543,-0.8168263636930335,-1.8578429353219832,-0.6744907594765952,-0.12358065410923252,-0.1441659638575935
2008-04-30 04:30:00+00:00,ME01,-1.078268714469283,-0.6780029801813511,-0.3544443093066827,0.7928332290938543,-0.8168263636930335,-1.8578429353219832,-0.6744907594765952,-0.12358065410923252,-0.1441659638575935
2008-04-30 04:40:00+00:00,ME01,-1.1244810347730239,-0.9849750940360537,-0.3361140717265675,0.7928332290938543,-0.8168263636930335,-1.8578429353219832,-0.6744907594765952,-0.12358065410923252,-0.1441659638575935
2008-04-30 04:50:00+00:00,ME01,-1.0109033803788086,-0.9068651645726399,-0.04542635454430618,0.7928332290938543,-0.8168263636930335,-1.8578429353219832,-0.6744907594765952,-0.12358065410923252,-0.1441659638575935
2008-04-30 05:00:00+00:00,ME01,-1.0089947841711473,-0.9151508148467629,-0.07057195014246648,0.6035041445806327,-0.26030733522270066,-1.706182264764886,-0.6744907594765952,-0.12358065410923252,-0.1441659638575935
2008-04-30 05:10:00+00:00,ME01,-1.0139755484440502,-0.4923143217609929,0.01357594818307013,0.6035041445806327,-0.26030733522270066,-1.706182264764886,-0.6744907594765952,-0.12358065410923252,-0.1441659638575935
2008-04-30 05:20:00+00:00,ME01,-0.9274742882170899,-0.8834489273812591,0.45933283650084106,0.6035041445806327,-0.26030733522270066,-1.706182264764886,-0.6744907594765952,-0.12358065410923252,-0.1441659638575935
2008-04-30 05:30:00+00:00,ME01,-0.878805117818499,-0.8856998582173825,0.4475161158197624,0.6035041445806327,-0.26030733522270066,-1.706182264764886,-0.6744907594765952,-0.12358065410923252,-0.1441659638575935
2008-04-30 05:40:00+00:00,ME01,-0.8150504427912343,-0.7189232572939602,0.6031872959371937,0.6035041445806327,-0.26030733522270066,-1.706182264764886,-0.6744907594765952,-0.12358065410923252,-0.1441659638575935
2008-04-30 05:50:00+00:00,ME01,-0.8501598359084744,-0.8324347039654197,0.5326513364731392,0.6035041445806327,-0.26030733522270066,-1.706182264764886,-0.6744907594765952,-0.12358065410923252,-0.1441659638575935
2008-04-30 06:00:00+00:00,ME01,-0.9515183271662144,-0.8462931192282059,0.4905119251232205,1.3844984099941635,1.1425308552300593,-1.4707092799013075,-0.5951389168098503,-0.12358065410923252,-0.3089270654091277
2008-04-30 06:10:00+00:00,ME01,-0.8045217317074268,-0.8652063130950779,0.5497178253344843,1.3844984099941635,1.1425308552300593,-1.4707092799013075,-0.5951389168098503,-0.12358065410923252,-0.3089270654091277
2008-04-30 06:20:00+00:00,ME01,-0.9183754734033351,-0.8192451351310198,0.28860038593671344,1.3844984099941635,1.1425308552300593,-1.4707092799013075,-0.5951389168098503,-0.12358065410923252,-0.3089270654091277
2008-04-30 06:30:00+00:00,ME01,-1.0265868267367182,-0.8868323485155313,0.2912388468908537,1.3844984099941635,1.1425308552300593,-1.4707092799013075,-0.5951389168098503,-0.12358065410923252,-0.3089270654091277
2008-04-30 06:40:00+00:00,ME01,-0.9635939035449582,-0.7947887217439779,0.5061195248056773,1.3844984099941635,1.1425308552300593,-1.4707092799013075,-0.5951389168098503,-0.12358065410923252,-0.3089270654091277
2008-04-30 06:50:00+00:00,ME01,-0.9641535810078579,-0.9372419310806366,0.2933944316531943,1.3844984099941635,1.1425308552300593,-1.4707092799013075,-0.5951389168098503,-0.12358065410923252,-0.3089270654091277
2008-04-30 07:00:00+00:00,ME01,-0.9650123114678629,-0.8961513294251524,0.14042605167949512,0.6271820719412798,1.383603780170489,-1.335012846402485,-0.23805552800023472,-0.12358065410923252,-0.3089270654091277
2008-04-30 07:10:00+00:00,ME01,-0.900171691597833,-0.661183794676072,0.678950298695301,0.6271820719412798,1.383603780170489,-1.335012846402485,-0.23805552800023472,-0.12358065410923252,-0.3089270654091277
2008-04-30 07:20:00+00:00,ME01,-0.9385027119655133,0.05618142351402805,0.20093308603219567,0.6271820719412798,1.383603780170489,-1.335012846402485,-0.23805552800023472,-0.12358065410923252,-0.3089270654091277
2008-04-30 07:30:00+00:00,ME01,-0.9849747475612851,-0.8061714897267585,0.5019883672563207,0.6271820719412798,1.383603780170489,-1.335012846402485,-0.23805552800023472,-0.12358065410923252,-0.3089270654091277
2008-04-30 07:40:00+00:00,ME01,-0.7040088016830859,-0.8720971776645077,0.16938359102611344,0.6271820719412798,1.383603780170489,-1.335012846402485,-0.23805552800023472,-0.12358065410923252,-0.3089270654091277
2008-04-30 07:50:00+00:00,ME01,-0.7736266692161886,-0.910509347062283,0.09993000521274746,0.6271820719412798,1.383603780170489,-1.335012846402485,-0.23805552800023472,-0.12358065410923252,-0.3089270654091277
2008-04-30 08:00:00+00:00,ME01,-0.3383810579043679,25.040096332935082,0.11212120956267219,0.6271820719412798,1.3259001459371624,-1.2551913821087657,2.539259352572891,-0.12358065410923252,-0.3089270654091277
2008-04-30 08:10:00+00:00,ME01,-0.9277521267455937,3.158638193054536,0.2836764495338231,0.6271820719412798,1.3259001459371624,-1.2551913821087657,2.539259352572891,-0.12358065410923252,-0.3089270654091277
2008-04-30 08:20:00+00:00,ME01,-1.0281316961696199,0.809507659596201,0.4224630074677912,0.6271820719412798,1.3259001459371624,-1.2551913821087657,2.539259352572891,-0.12358065410923252,-0.3089270654091277
2008-04-30 08:30:00+00:00,ME01,-0.8488300113798675,5.628228874866322,0.3525220526704552,0.6271820719412798,1.3259001459371624,-1.2551913821087657,2.539259352572891,-0.12358065410923252,-0.3089270654091277
2008-04-30 08:40:00+00:00,ME01,-0.786328809803068,-0.5608930375488866,0.43762223579909987,0.6271820719412798,1.3259001459371624,-1.2551913821087657,2.539259352572891,-0.12358065410923252,-0.3089270654091277
2008-04-30 08:50:00+00:00,ME01,-0.8621140849022533,0.5832694369350692,0.4778007861382937,0.6271820719412798,1.3259001459371624,-1.2551913821087657,2.539259352572891,-0.12358065410923252,-0.3089270654091277
2008-04-30 09:00:00+00:00,ME01,-0.7214538778299449,8.896621059833837,0.5597052817879952,-0.17749012083289675,1.486187929166067,-1.1314683356554245,1.626713065096061,-0.12358065410923252,-0.3089270654091277
2008-04-30 09:10:00+00:00,ME01,-0.8711394611076841,-0.36426160207898156,0.6846031364283254,-0.17749012083289675,1.486187929166067,-1.1314683356554245,1.626713065096061,-0.12358065410923252,-0.3089270654091277
2008-04-30 09:20:00+00:00,ME01,-0.7171824962352042,3.9874451412155056,0.6091911421099979,-0.17749012083289675,1.486187929166067,-1.1314683356554245,1.626713065096061,-0.12358065410923252,-0.3089270654091277
2008-04-30 09:30:00+00:00,ME01,-0.8020420507832283,-0.6235821245164165,1.0517587787488647,-0.17749012083289675,1.486187929166067,-1.1314683356554245,1.626713065096061,-0.12358065410923252,-0.3089270654091277
2008-04-30 09:40:00+00:00,ME01,-0.8719072961264543,-0.5106801312862839,0.8594846711534648,-0.17749012083289675,1.486187929166067,-1.1314683356554245,1.626713065096061,-0.12358065410923252,-0.3089270654091277
2008-04-30 09:50:00+00:00,ME01,-0.9505254661978003,-0.5771142531963345,1.1989430081383097,-0.17749012083289675,1.486187929166067,-1.1314683356554245,1.626713065096061,-0.12358065410923252,-0.3089270654091277
2008-04-30 10:00:00+00:00,ME01,-0.9629365377115163,-0.7531033289615573,1.0542313458511567,0.272201830275485,1.5695375334172015,-0.9837987941134982,0.6348148381432227,-0.12358065410923252,-0.3089270654091277
2008-04-30 10:10:00+00:00,ME01,-0.9168559158357199,-0.8373913437420103,0.8197779671193519,0.272201830275485,1.5695375334172015,-0.9837987941134982,0.6348148381432227,-0.12358065410923252,-0.3089270654091277
2008-04-30 10:20:00+00:00,ME01,3.8098627245558965,-0.42328868882959103,2.5901955786657873,0.272201830275485,1.5695375334172015,-0.9837987941134982,0.6348148381432227,-0.12358065410923252,-0.3089270654091277
2008-04-30 10:30:00+00:00,ME01,-0.7589248531581227,-0.5132213206455134,1.2396516409449847,0.272201830275485,1.5695375334172015,-0.9837987941134982,0.6348148381432227,-0.12358065410923252,-0.3089270654091277
2008-04-30 10:40:00+00:00,ME01,-0.6217788586431644,-0.7143465212433678,1.0911983692703773,0.272201830275485,1.5695375334172015,-0.9837987941134982,0.6348148381432227,-0.12358065410923252,-0.3089270654091277
2008-04-30 10:50:00+00:00,ME01,-0.7552494816074842,-0.8133717169331404,0.7217725153156265,0.272201830275485,1.5695375334172015,-0.9837987941134982,0.6348148381432227,-0.12358065410923252,-0.3089270654091277
2008-04-30 11:00:00+00:00,ME01,-0.7029215143712341,-0.349227739506018,1.0547076958532884,0.4378529874280595,1.440024914209668,-0.9598522990249133,0.8331944448100849,-0.12358065410923252,-0.3089270654091277
2008-04-30 11:10:00+00:00,ME01,-0.7293983342131086,-0.6797992656936193,0.44154117446263913,0.4378529874280595,1.440024914209668,-0.9598522990249133,0.8331944448100849,-0.12358065410923252,-0.3089270654091277
2008-04-30 11:20:00+00:00,ME01,-0.7495381057257298,-0.7346981615265636,0.36154477098958343,0.4378529874280595,1.440024914209668,-0.9598522990249133,0.8331944448100849,-0.12358065410923252,-0.3089270654091277
2008-04-30 11:30:00+00:00,ME01,-0.7741144485102535,-0.47190036675015007,0.914900610587384,0.4378529874280595,1.440024914209668,-0.9598522990249133,0.8331944448100849,-0.12358065410923252,-0.3089270654091277
2008-04-30 11:40:00+00:00,ME01,-0.6111238926312162,-0.7871868242188423,1.1939975430624181,0.4378529874280595,1.440024914209668,-0.9598522990249133,0.8331944448100849,-0.12358065410923252,-0.3089270654091277
2008-04-30 11:50:00+00:00,ME01,-0.5755916597199431,-0.7674911007691567,0.7210914933356433,0.4378529874280595,1.440024914209668,-0.9598522990249133,0.8331944448100849,-0.12358065410923252,-0.3089270654091277
2008-04-30 12:00:00+00:00,ME01,-0.5292837520653654,-0.6539926974385893,1.2420474447664434,1.479162952250773,1.2540911609629557,-1.0037541601869122,1.8647685930962956,-0.12358065410923252,-0.4736881669606626
2008-04-30 12:10:00+00:00,ME01,-0.795249890889983,-0.44561713467140407,0.19400266401493063,1.479162952250773,1.2540911609629557,-1.0037541601869122,1.8647685930962956,-0.12358065410923252,-0.4736881669606626
2008-04-30 12:20:00+00:00,ME01,-0.5615891199550805,-0.7811989166025893,0.44266834268851396,1.479162952250773,1.2540911609629557,-1.0037541601869122,1.8647685930962956,-0.12358065410923252,-0.4736881669606626
2008-04-30 12:30:00+00:00,ME01,-0.6037845045372886,-0.4817055563878369,0.3871537584412654,1.479162952250773,1.2540911609629557,-1.0037541601869122,1.8647685930962956,-0.12358065410923252,-0.4736881669606626
2008-04-30 12:40:00+00:00,ME01,-0.6042711923890003,-0.7012254429925373,0.9107643927038646,1.479162952250773,1.2540911609629557,-1.0037541601869122,1.8647685930962956,-0.12358065410923252,-0.4736881669606626
2008-04-30 12:50:00+00:00,ME01,-0.6181898022150973,-0.8211639816923132,0.6653741153268711,1.479162952250773,1.2540911609629557,-1.0037541601869122,1.8647685930962956,-0.12358065410923252,-0.4736881669606626
2008-04-30 13:00:00+00:00,ME01,-0.6301912208682847,-0.8036401629116978,0.355573034206375,-0.6508128321159481,1.0912389151944417,-0.9598522990249133,2.2218519819059117,-0.12358065410923252,-0.4736881669606626
2008-04-30 13:10:00+00:00,ME01,-0.41541230391459066,-0.669637566027318,0.41708411687062735,-0.6508128321159481,1.0912389151944417,-0.9598522990249133,2.2218519819059117,-0.12358065410923252,-0.4736881669606626
2008-04-30 13:20:00+00:00,ME01,-0.599806834692314,-0.6898036450609454,0.4937823036460257,-0.6508128321159481,1.0912389151944417,-0.9598522990249133,2.2218519819059117,-0.12358065410923252,-0.4736881669606626
2008-04-30 13:30:00+00:00,ME01,-0.5489396744927303,-0.5717688824008119,0.6447415827290635,-0.6508128321159481,1.0912389151944417,-0.9598522990249133,2.2218519819059117,-0.12358065410923252,-0.4736881669606626
2008-04-30 13:40:00+00:00,ME01,-0.46540849512529464,-0.7814392102126333,0.578405866392149,-0.6508128321159481,1.0912389151944417,-0.9598522990249133,2.2218519819059117,-0.12358065410923252,-0.4736881669606626
2008-04-30 13:50:00+00:00,ME01,-0.501961856051341,-0.7162010052122237,0.6120672328004654,-0.6508128321159481,1.0912389151944417,-0.9598522990249133,2.2218519819059117,-0.12358065410923252,-0.4736881669606626
2008-04-30 14:00:00+00:00,ME01,-0.4440635238852062,-0.7252667341616246,0.554631723907608,-0.13013426611160264,0.9758316467277892,-1.1155040985971814,3.412129815525612,-0.12358065410923252,-0.4736881669606626
2008-04-30 14:10:00+00:00,ME01,-0.3673082655157684,-0.8772265432574029,0.6381831101285221,-0.13013426611160264,0.9758316467277892,-1.1155040985971814,3.412129815525612,-0.12358065410923252,-0.4736881669606626
2008-04-30 14:20:00+00:00,ME01,-0.40835650472444485,-0.7814147416014511,0.20953064270062677,-0.13013426611160264,0.9758316467277892,-1.1155040985971814,3.412129815525612,-0.12358065410923252,-0.4736881669606626
2008-04-30 14:30:00+00:00,ME01,-0.44191738921146073,-0.7097707746346584,0.13586023704634206,-0.13013426611160264,0.9758316467277892,-1.1155040985971814,3.412129815525612,-0.12358065410923252,-0.4736881669606626
2008-04-30 14:40:00+00:00,ME01,-0.34324208703465037,-0.8379806656275418,0.06242207812748469,-0.13013426611160264,0.9758316467277892,-1.1155040985971814,3.412129815525612,-0.12358065410923252,-0.4736881669606626
2008-04-30 14:50:00+00:00,ME01,-0.3528863301289584,-0.4442905328394499,0.01694101670448056,-0.13013426611160264,0.9758316467277892,-1.1155040985971814,3.412129815525612,-0.12358065410923252,-0.4736881669606626
2008-04-30 15:00:00+00:00,ME01,-0.39229133761840473,-0.6798905833980368,-0.08005264644864865,-0.7454773743725589,0.9758316467277892,-1.023709526260358,1.6663889864294334,-0.12358065410923252,-0.4736881669606626
2008-04-30 15:10:00+00:00,ME01,-0.42881564275365397,-0.9249854219854649,-0.03964191152482548,-0.7454773743725589,0.9758316467277892,-1.023709526260358,1.6663889864294334,-0.12358065410923252,-0.4736881669606626
2008-04-30 15:20:00+00:00,ME01,-0.4257584671132618,-0.8390679972125434,0.07256160563368828,-0.7454773743725589,0.9758316467277892,-1.023709526260358,1.6663889864294334,-0.12358065410923252,-0.4736881669606626
2008-04-30 15:30:00+00:00,ME01,-0.4164778630420266,-0.7965851967694421,0.11666640024572192,-0.7454773743725589,0.9758316467277892,-1.023709526260358,1.6663889864294334,-0.12358065410923252,-0.4736881669606626
2008-04-30 15:40:00+00:00,ME01,-0.3495198347896757,2.7517336535629493,0.2257415247197447,-0.7454773743725589,0.9758316467277892,-1.023709526260358,1.6663889864294334,-0.12358065410923252,-0.4736881669606626
2008-04-30 15:50:00+00:00,ME01,-0.3736628611303855,-0.8342847392851764,0.8544254855537807,-0.7454773743725589,0.9758316467277892,-1.023709526260358,1.6663889864294334,-0.12358065410923252,-0.4736881669606626
2008-04-30 16:00:00+00:00,ME01,-0.4281110908575296,-0.8900773693005267,0.6906918860492695,-0.6981215196512648,0.8258022515060084,-1.031691505288291,1.8250926717629234,-0.12358065410923252,-0.4736881669606626
2008-04-30 16:10:00+00:00,ME01,-0.37858734534106286,-0.6986220484154043,0.744880646656205,-0.6981215196512648,0.8258022515060084,-1.031691505288291,1.8250926717629234,-0.12358065410923252,-0.4736881669606626
2008-04-30 16:20:00+00:00,ME01,-0.23296945416285783,-0.8609353545423594,1.3559107932648984,-0.6981215196512648,0.8258022515060084,-1.031691505288291,1.8250926717629234,-0.12358065410923252,-0.4736881669606626
2008-04-30 16:30:00+00:00,ME01,-0.29822769985939457,-0.9547370317556848,1.9479037588623396,-0.6981215196512648,0.8258022515060084,-1.031691505288291,1.8250926717629234,-0.12358065410923252,-0.4736881669606626
2008-04-30 16:40:00+00:00,ME01,-0.08892216570954364,0.8010491955907404,2.8512028053373584,-0.6981215196512648,0.8258022515060084,-1.031691505288291,1.8250926717629234,-0.12358065410923252,-0.4736881669606626
2008-04-30 16:50:00+00:00,ME01,-0.13825456443731357,-0.897472078152442,3.2851842529578232,-0.6981215196512648,0.8258022515060084,-1.031691505288291,1.8250926717629234,-0.12358065410923252,-0.4736881669606626
2008-04-30 17:00:00+00:00,ME01,-0.14435203535900815,-0.6438855166932539,3.9479724916904675,-0.27215466308950753,0.3475039022075925,-1.1075218405668394,-0.6348148381432227,-0.12358065410923252,-0.4736881669606626
2008-04-30 17:10:00+00:00,ME01,-0.26952981030804596,-0.5256224910920451,3.0232422031821,-0.27215466308950753,0.3475039022075925,-1.1075218405668394,-0.6348148381432227,-0.12358065410923252,-0.4736881669606626
2008-04-30 17:20:00+00:00,ME01,-0.2865679740134224,-0.8054392361347347,4.301711148756242,-0.27215466308950753,0.3475039022075925,-1.1075218405668394,-0.6348148381432227,-0.12358065410923252,-0.4736881669606626
2008-04-30 17:30:00+00:00,ME01,-0.16785481083798925,-0.672218282262904,4.415154179385191,-0.27215466308950753,0.3475039022075925,-1.1075218405668394,-0.6348148381432227,-0.12358065410923252,-0.4736881669606626
2008-04-30 17:40:00+00:00,ME01,0.01947602468646843,3.907318829891768,4.7348547879947755,-0.27215466308950753,0.3475039022075925,-1.1075218405668394,-0.6348148381432227,-0.12358065410923252,-0.4736881669606626
2008-04-30 17:50:00+00:00,ME01,0.14429978780241257,-0.48867437990181867,6.458951718960879,-0.27215466308950753,0.3475039022075925,-1.1075218405668394,-0.6348148381432227,-0.12358065410923252,-0.4736881669606626
2008-04-30 18:00:00+00:00,ME01,0.1688204491341467,-0.44200754442280493,7.260333848724899,-0.3194633506248242,-0.18978058151829813,-1.0795844954654608,-0.6744907594765952,-0.12358065410923252,-0.6384492685121975
2008-04-30 18:10:00+00:00,ME01,0.624118418918391,4.299412548183244,10.196175827826242,-0.3194633506248242,-0.18978058151829813,-1.0795844954654608,-0.6744907594765952,-0.12358065410923252,-0.6384492685121975
2008-04-30 18:20:00+00:00,ME01,0.23350684859462936,4.445000697320368,7.469677066075914,-0.3194633506248242,-0.18978058151829813,-1.0795844954654608,-0.6744907594765952,-0.12358065410923252,-0.6384492685121975
2008-04-30 18:30:00+00:00,ME01,0.352914525974096,1.6090490993720183,8.360586150406435,-0.3194633506248242,-0.18978058151829813,-1.0795844954654608,-0.6744907594765952,-0.12358065410923252,-0.6384492685121975
2008-04-30 18:40:00+00:00,ME01,0.2099024323877864,-0.35074674748417084,7.103045123876656,-0.3194633506248242,-0.18978058151829813,-1.0795844954654608,-0.6744907594765952,-0.12358065410923252,-0.6384492685121975
2008-04-30 18:50:00+00:00,ME01,-0.0734275857039231,-0.6578158560504408,5.18493607758852,-0.3194633506248242,-0.18978058151829813,-1.0795844954654608,-0.6744907594765952,-0.12358065410923252,-0.6384492685121975
2008-04-30 19:00:00+00:00,ME01,-0.22699184765923916,-0.27420154317340345,2.7855063344002584,0.059194818401617645,-0.16028764876673265,-0.9798076650983273,-0.6744907594765952,-0.12358065410923252,-0.6384492685121975
2008-04-30 19:10:00+00:00,ME01,0.09227123660225241,-0.25275909283651,5.364989737295963,0.059194818401617645,-0.16028764876673265,-0.9798076650983273,-0.6744907594765952,-0.12358065410923252,-0.6384492685121975
2008-04-30 19:20:00+00:00,ME01,-0.1411983426087942,0.5137321362123296,3.389168210052927,0.059194818401617645,-0.16028764876673265,-0.9798076650983273,-0.6744907594765952,-0.12358065410923252,-0.6384492685121975
2008-04-30 19:30:00+00:00,ME01,-0.1749263487393243,10.190452517213917,3.6933404054205674,0.059194818401617645,-0.16028764876673265,-0.9798076650983273,-0.6744907594765952,-0.12358065410923252,-0.6384492685121975
2008-04-30 19:40:00+00:00,ME01,-0.24984153463893408,4.862428824951249,4.567736524613167,0.059194818401617645,-0.16028764876673265,-0.9798076650983273,-0.6744907594765952,-0.12358065410923252,-0.6384492685121975
2008-04-30 19:50:00+00:00,ME01,-0.1933623134329082,2.529681171362826,3.946443531260431,0.059194818401617645,-0.16028764876673265,-0.9798076650983273,-0.6744907594765952,-0.12358065410923252,-0.6384492685121975
2008-04-30 20:00:00+00:00,ME01,1.5357268765919438,4.672148952104858,5.055032950970315,0.08287274576226471,-0.2128620889964976,-0.7722720253361274,-0.6744907594765952,-0.12358065410923252,-0.6384492685121975
2008-04-30 20:10:00+00:00,ME01,-0.1189145316537606,0.10634137057927762,4.972241375655767,0.08287274576226471,-0.2128620889964976,-0.7722720253361274,-0.6744907594765952,-0.12358065410923252,-0.6384492685121975
2008-04-30 20:20:00+00:00,ME01,-0.18325661967598408,3.76089350238353,2.910149060069955,0.08287274576226471,-0.2128620889964976,-0.7722720253361274,-0.6744907594765952,-0.12358065410923252,-0.6384492685121975
2008-04-30 20:30:00+00:00,ME01,-0.3308597000781748,2.731888804840616,3.074479598968444,0.08287274576226471,-0.2128620889964976,-0.7722720253361274,-0.6744907594765952,-0.12358065410923252,-0.6384492685121975
2008-04-30 20:40:00+00:00,ME01,-0.45431892512983224,-0.8023070580676802,1.8733614432871009,0.08287274576226471,-0.2128620889964976,-0.7722720253361274,-0.6744907594765952,-0.12358065410923252,-0.6384492685121975
2008-04-30 20:50:00+00:00,ME01,-0.34349576002125004,0.22205394029416448,1.740337770227186,0.08287274576226471,-0.2128620889964976,-0.7722720253361274,-0.6744907594765952,-0.12358065410923252,-0.6384492685121975
2008-04-30 21:00:00+00:00,ME01,-0.5216982635752735,-0.5166659272603559,1.4936131127981673,0.08287274576226471,-0.35904452148452126,-0.7882362623944021,-0.5157870741431054,-0.12358065410923252,-0.6384492685121975
2008-04-30 21:10:00+00:00,ME01,-0.4739890437906296,-0.6010997178471051,1.7812275809705185,0.08287274576226471,-0.35904452148452126,-0.7882362623944021,-0.5157870741431054,-0.12358065410923252,-0.6384492685121975
2008-04-30 21:20:00+00:00,ME01,-0.34663153249909434,-0.33927333689609623,2.695456736816059,0.08287274576226471,-0.35904452148452126,-0.7882362623944021,-0.5157870741431054,-0.12358065410923252,-0.6384492685121975
2008-04-30 21:30:00+00:00,ME01,-0.719097737865516,-0.6303713284697712,2.0627709147291213,0.08287274576226471,-0.35904452148452126,-0.7882362623944021,-0.5157870741431054,-0.12358065410923252,-0.6384492685121975
2008-04-30 21:40:00+00:00,ME01,-0.5152428844529956,0.2567732268990409,3.075480921101093,0.08287274576226471,-0.35904452148452126,-0.7882362623944021,-0.5157870741431054,-0.12358065410923252,-0.6384492685121975
2008-04-30 21:50:00+00:00,ME01,-0.5181692852523486,-0.6961340023981007,2.9557951269225744,0.08287274576226471,-0.35904452148452126,-0.7882362623944021,-0.5157870741431054,-0.12358065410923252,-0.6384492685121975
2008-04-30 22:00:00+00:00,ME01,-0.34740701991635453,1.6320214092648964,3.5853502389344705,0.24852390291483925,-0.3808435287685723,-0.7203881851461638,-0.6744907594765952,-0.12358065410923252,-0.6384492685121975
2008-04-30 22:10:00+00:00,ME01,-0.583795127677838,-0.7221524236604221,1.505146987139613,0.24852390291483925,-0.3808435287685723,-0.7203881851461638,-0.6744907594765952,-0.12358065410923252,-0.6384492685121975
2008-04-30 22:20:00+00:00,ME01,-0.6556244817921627,-0.8007244839768786,1.3184280861277429,0.24852390291483925,-0.3808435287685723,-0.7203881851461638,-0.6744907594765952,-0.12358065410923252,-0.6384492685121975
2008-04-30 22:30:00+00:00,ME01,-0.5097217878801629,-0.7214466430258963,2.260479164820774,0.24852390291483925,-0.3808435287685723,-0.7203881851461638,-0.6744907594765952,-0.12358065410923252,-0.6384492685121975
2008-04-30 22:40:00+00:00,ME01,-0.3471093722980532,-0.9012327909584453,3.5491361471266916,0.24852390291483925,-0.3808435287685723,-0.7203881851461638,-0.6744907594765952,-0.12358065410923252,-0.6384492685121975
2008-04-30 22:50:00+00:00,ME01,-0.5953075517534293,-0.24295475036690764,1.3367351648853427,0.24852390291483925,-0.3808435287685723,-0.7203881851461638,-0.6744907594765952,-0.12358065410923252,-0.6384492685121975
2008-04-30 23:00:00+00:00,ME01,-0.6438680143157522,-0.2497490760381606,-0.0454628444174258,0.6271820719412798,-0.5449782747312336,-0.7563077882778525,-0.6744907594765952,-0.12358065410923252,-0.6384492685121975
2008-04-30 23:10:00+00:00,ME01,-0.6594463788702837,-0.775066904110211,-0.7622971012276377,0.6271820719412798,-0.5449782747312336,-0.7563077882778525,-0.6744907594765952,-0.12358065410923252,-0.6384492685121975
2008-04-30 23:20:00+00:00,ME01,-0.8788924970338952,-0.8755408084260241,-0.4505366234198959,0.6271820719412798,-0.5449782747312336,-0.7563077882778525,-0.6744907594765952,-0.12358065410923252,-0.6384492685121975
2008-04-30 23:30:00+00:00,ME01,-0.8493621961522965,-0.5515406948075745,1.082649089277823,0.6271820719412798,-0.5449782747312336,-0.7563077882778525,-0.6744907594765952,-0.12358065410923252,-0.6384492685121975
2008-04-30 23:40:00+00:00,ME01,-0.7944794005718079,1.848868944770416,1.0200351208402698,0.6271820719412798,-0.5449782747312336,-0.7563077882778525,-0.6744907594765952,-0.12358065410923252,-0.6384492685121975
2008-04-30 23:50:00+00:00,ME01,-0.7964534513929277,1.5850748985674135,1.2713817723181902,0.6271820719412798,-0.5449782747312336,-0.7563077882778525,-0.6744907594765952,-0.12358065410923252,-0.6384492685121975
2008-05-01 00:00:00+00:00,ME01,-0.6801331026515238,-0.7747525146265903,1.2089476627097941,0.8165111564545015,-0.6501271551907635,-0.8002093704375061,-0.6744907594765952,-0.12358065410923252,-0.8032103700637324
2008-05-01 00:10:00+00:00,ME01,-0.7815725267978044,-0.6805333849155296,0.5827769149150899,0.8165111564545015,-0.6501271551907635,-0.8002093704375061,-0.6744907594765952,-0.12358065410923252,-0.8032103700637324
2008-05-01 00:20:00+00:00,ME01,-0.7688994953822311,-0.8468194191886486,-0.3492027693598453,0.8165111564545015,-0.6501271551907635,-0.8002093704375061,-0.6744907594765952,-0.12358065410923252,-0.8032103700637324
2008-05-01 00:30:00+00:00,ME01,-0.5323505298117517,-0.23055374102073353,1.4922287644990788,0.8165111564545015,-0.6501271551907635,-0.8002093704375061,-0.6744907594765952,-0.12358065410923252,-0.8032103700637324
2008-05-01 00:40:00+00:00,ME01,-0.5596934242928218,-0.20224592398216903,0.399789875578051,0.8165111564545015,-0.6501271551907635,-0.8002093704375061,-0.6744907594765952,-0.12358065410923252,-0.8032103700637324
2008-05-01 00:50:00+00:00,ME01,-0.9630648622790463,-0.747837795001009,-0.19565105432266247,0.8165111564545015,-0.6501271551907635,-0.8002093704375061,-0.6744907594765952,-0.12358065410923252,-0.8032103700637324
2008-05-01 01:00:00+00:00,ME01,-0.7347977326197729,-0.9102479243362569,0.22096579029758928,0.24852390291483925,-0.47060482721741714,-0.7922273914095413,-0.6744907594765952,-0.12358065410923252,-0.8032103700637324
2008-05-01 01:10:00+00:00,ME01,-0.7156394934790508,4.622320473820979,0.2791343792144197,0.24852390291483925,-0.47060482721741714,-0.7922273914095413,-0.6744907594765952,-0.12358065410923252,-0.8032103700637324
2008-05-01 01:20:00+00:00,ME01,-0.8400734827756087,2.787141466728833,0.07679624245677073,0.24852390291483925,-0.47060482721741714,-0.7922273914095413,-0.6744907594765952,-0.12358065410923252,-0.8032103700637324
2008-05-01 01:30:00+00:00,ME01,-0.9185730165555072,-0.9622128396547895,0.5287542437045604,0.24852390291483925,-0.47060482721741714,-0.7922273914095413,-0.6744907594765952,-0.12358065410923252,-0.8032103700637324
2008-05-01 01:40:00+00:00,ME01,-0.7312621968136432,-0.3423578209205276,1.5864086536138216,0.24852390291483925,-0.47060482721741714,-0.7922273914095413,-0.6744907594765952,-0.12358065410923252,-0.8032103700637324
2008-05-01 01:50:00+00:00,ME01,-0.6913487782215363,3.2744123171810062,1.4572008496407338,0.24852390291483925,-0.47060482721741714,-0.7922273914095413,-0.6744907594765952,-0.12358065410923252,-0.8032103700637324
2008-05-01 02:00:00+00:00,ME01,-0.729143876394249,-0.8962543450866425,1.0863695617531106,0.6271820719412798,-0.11925409673823888,-0.8042004994526453,-0.6348148381432227,-0.12358065410923252,-0.8032103700637324
2008-05-01 02:10:00+00:00,ME01,-0.12004569113271933,-0.9816149181882518,5.637219910820907,0.6271820719412798,-0.11925409673823888,-0.8042004994526453,-0.6348148381432227,-0.12358065410923252,-0.8032103700637324
2008-05-01 02:20:00+00:00,ME01,-0.4036260155418195,-0.8626260744642215,3.6223363293580144,0.6271820719412798,-0.11925409673823888,-0.8042004994526453,-0.6348148381432227,-0.12358065410923252,-0.8032103700637324
2008-05-01 02:30:00+00:00,ME01,-1.0155565464965732,-0.8851345294316837,0.23760330456697218,0.6271820719412798,-0.11925409673823888,-0.8042004994526453,-0.6348148381432227,-0.12358065410923252,-0.8032103700637324
2008-05-01 02:40:00+00:00,ME01,-0.7262443167991594,-0.94688641599194,0.978498849829321,0.6271820719412798,-0.11925409673823888,-0.8042004994526453,-0.6348148381432227,-0.12358065410923252,-0.8032103700637324
2008-05-01 02:50:00+00:00,ME01,-0.8246222868512079,-0.726736737234026,1.9886576803312557,0.6271820719412798,-0.11925409673823888,-0.8042004994526453,-0.6348148381432227,-0.12358065410923252,-0.8032103700637324
2008-05-01 03:00:00+00:00,ME01,-0.9503681575033067,-0.8327976510359058,-0.02067636015279618,0.4378529874280595,-0.346221402013445,-0.8880130927615356,-0.6744907594765952,-0.12358065410923252,-0.8032103700637324
2008-05-01 03:10:00+00:00,ME01,-0.9982082106036898,-0.8120879208564229,-1.083435053820198,0.4378529874280595,-0.346221402013445,-0.8880130927615356,-0.6744907594765952,-0.12358065410923252,-0.8032103700637324
2008-05-01 03:20:00+00:00,ME01,-1.2034851121843169,-0.5817008849749851,-1.0015962108037462,0.4378529874280595,-0.346221402013445,-0.8880130927615356,-0.6744907594765952,-0.12358065410923252,-0.8032103700637324
2008-05-01 03:30:00+00:00,ME01,-0.9534765766413997,-0.8727825746979808,-1.2667283641840064,0.4378529874280595,-0.346221402013445,-0.8880130927615356,-0.6744907594765952,-0.12358065410923252,-0.8032103700637324
2008-05-01 03:40:00+00:00,ME01,-0.8493236067095856,-0.885233796885563,-1.1839153831119356,0.4378529874280595,-0.346221402013445,-0.8880130927615356,-0.6744907594765952,-0.12358065410923252,-0.8032103700637324
2008-05-01 03:50:00+00:00,ME01,-1.1412231695097337,-0.8575067810805507,-1.1064363898184486,0.4378529874280595,-0.346221402013445,-0.8880130927615356,-0.6744907594765952,-0.12358065410923252,-0.8032103700637324
2008-05-01 04:00:00+00:00,ME01,-0.9061709987920199,3.0606931546141842,-1.147521609609557,0.6271820719412798,0.22312047700362034,-0.8999862008046395,0.9522223056194659,-0.12358065410923252,-0.8032103700637324
2008-05-01 04:10:00+00:00,ME01,-0.9508208319320809,-0.9071125867186522,-0.971414765069364,0.6271820719412798,0.22312047700362034,-0.8999862008046395,0.9522223056194659,-0.12358065410923252,-0.8032103700637324
2008-05-01 04:20:00+00:00,ME01,-0.9212921765182394,-0.9093611913272435,-0.7806852089222244,0.6271820719412798,0.22312047700362034,-0.8999862008046395,0.9522223056194659,-0.12358065410923252,-0.8032103700637324
2008-05-01 04:30:00+00:00,ME01,-0.6416524696272738,-0.8960927500288101,-0.8826338783241604,0.6271820719412798,0.22312047700362034,-0.8999862008046395,0.9522223056194659,-0.12358065410923252,-0.8032103700637324
2008-05-01 04:40:00+00:00,ME01,-0.7822452176753045,0.541025348008399,0.06880908242982525,0.6271820719412798,0.22312047700362034,-0.8999862008046395,0.9522223056194659,-0.12358065410923252,-0.8032103700637324
2008-05-01 04:50:00+00:00,ME01,-0.9371925791550052,-0.9502990355116522,-0.5430104304238065,0.6271820719412798,0.22312047700362034,-0.8999862008046395,0.9522223056194659,-0.12358065410923252,-0.8032103700637324
2008-05-01 05:00:00+00:00,ME01,-0.6766736443206085,-0.8884256897594345,-0.734376604858997,0.41417506006741245,0.12694775328140903,-0.636575591837305,1.071250069619583,-0.12358065410923252,-0.8032103700637324
2008-05-01 05:10:00+00:00,ME01,0.29850715987934345,-0.6930903604660903,-0.5341282144023431,0.41417506006741245,0.12694775328140903,-0.636575591837305,1.071250069619583,-0.12358065410923252,-0.8032103700637324
2008-05-01 05:20:00+00:00,ME01,-0.85172401877678,-0.5684617665848941,-0.14543386457418375,0.41417506006741245,0.12694775328140903,-0.636575591837305,1.071250069619583,-0.12358065410923252,-0.8032103700637324
2008-05-01 05:30:00+00:00,ME01,-0.9264468402644092,-0.844453453057023,-0.6343313514223247,0.41417506006741245,0.12694775328140903,-0.636575591837305,1.071250069619583,-0.12358065410923252,-0.8032103700637324
2008-05-01 05:40:00+00:00,ME01,-0.8107866742003484,-0.8502168341698242,-0.33427873720194534,0.41417506006741245,0.12694775328140903,-0.636575591837305,1.071250069619583,-0.12358065410923252,-0.8032103700637324
2008-05-01 05:50:00+00:00,ME01,-0.7382351649405574,-0.9187298484897464,-0.46782544722613717,0.41417506006741245,0.12694775328140903,-0.636575591837305,1.071250069619583,-0.12358065410923252,-0.8032103700637324
2008-05-01 06:00:00+00:00,ME01,-0.8160126984039928,-0.7508765557533158,-0.5429493163068776,0.41417506006741245,0.3590445214845203,-0.5048702873536219,-0.6348148381432227,-0.12358065410923252,-0.6487468373591686
2008-05-01 06:10:00+00:00,ME01,-0.6462870102779993,-0.8579067436450405,-0.513440880280115,0.41417506006741245,0.3590445214845203,-0.5048702873536219,-0.6348148381432227,-0.12358065410923252,-0.6487468373591686
2008-05-01 06:20:00+00:00,ME01,-0.7842453320324692,-0.9212487206262155,-0.41279873633907926,0.41417506006741245,0.3590445214845203,-0.5048702873536219,-0.6348148381432227,-0.12358065410923252,-0.6487468373591686
2008-05-01 06:30:00+00:00,ME01,-0.8092239726874653,-0.8701181487174557,-0.38126020088040286,0.41417506006741245,0.3590445214845203,-0.5048702873536219,-0.6348148381432227,-0.12358065410923252,-0.6487468373591686
2008-05-01 06:40:00+00:00,ME01,-0.8115438908021396,-0.5936048809090421,-0.32488174143294735,0.41417506006741245,0.3590445214845203,-0.5048702873536219,-0.6348148381432227,-0.12358065410923252,-0.6487468373591686
2008-05-01 06:50:00+00:00,ME01,-0.8357653181729455,-0.8259095371191056,-0.19869599020706474,0.41417506006741245,0.3590445214845203,-0.5048702873536219,-0.6348148381432227,-0.12358065410923252,-0.6487468373591686
2008-05-01 07:00:00+00:00,ME01,-0.854849148937175,-0.9062426356296208,-0.17069999095436086,0.24852390291483925,1.1720237879816253,-0.19755809622666565,-0.6348148381432227,-0.12358065410923252,-0.6487468373591686
2008-05-01 07:10:00+00:00,ME01,-1.0879849981055478,-0.8338932339327346,-0.2504904078832652,0.24852390291483925,1.1720237879816253,-0.19755809622666565,-0.6348148381432227,-0.12358065410923252,-0.6487468373591686
2008-05-01 07:20:00+00:00,ME01,-0.8292405455520537,-0.897504790113694,-0.14288991645559443,0.24852390291483925,1.1720237879816253,-0.19755809622666565,-0.6348148381432227,-0.12358065410923252,-0.6487468373591686
2008-05-01 07:30:00+00:00,ME01,-0.7940228110025025,-0.9348349372036916,-0.16288884722188174,0.24852390291483925,1.1720237879816253,-0.19755809622666565,-0.6348148381432227,-0.12358065410923252,-0.6487468373591686
2008-05-01 07:40:00+00:00,ME01,-0.8978603215108703,-0.9014493792276417,-0.22982199785330232,0.24852390291483925,1.1720237879816253,-0.19755809622666565,-0.6348148381432227,-0.12358065410923252,-0.6487468373591686
2008-05-01 07:50:00+00:00,ME01,-0.9794133442471502,-0.7557383622626553,-0.20525855891907593,0.24852390291483925,1.1720237879816253,-0.19755809622666565,-0.6348148381432227,-0.12358065410923252,-0.6487468373591686
2008-05-01 08:00:00+00:00,ME01,-0.9434015251146487,-0.06361732765116504,-0.1887332515112911,0.41417506006741245,1.7657296746710376,0.01396867255070521,-0.5554629954764779,-0.12358065410923252,-0.6487468373591686
2008-05-01 08:10:00+00:00,ME01,-0.861107419686439,-0.8796924862371058,0.07052302422715007,0.41417506006741245,1.7657296746710376,0.01396867255070521,-0.5554629954764779,-0.12358065410923252,-0.6487468373591686
2008-05-01 08:20:00+00:00,ME01,-0.7352676803452963,-0.7073419397006219,0.013566617245607116,0.41417506006741245,1.7657296746710376,0.01396867255070521,-0.5554629954764779,-0.12358065410923252,-0.6487468373591686
2008-05-01 08:30:00+00:00,ME01,-0.7538282473232679,1.7697063388465215,-0.10955342675091284,0.41417506006741245,1.7657296746710376,0.01396867255070521,-0.5554629954764779,-0.12358065410923252,-0.6487468373591686
2008-05-01 08:40:00+00:00,ME01,-0.7340488133751727,-0.6126549252044987,-0.18799853330927413,0.41417506006741245,1.7657296746710376,0.01396867255070521,-0.5554629954764779,-0.12358065410923252,-0.6487468373591686
2008-05-01 08:50:00+00:00,ME01,-0.7854894479365756,-0.4416914533908952,-0.04203201764566045,0.41417506006741245,1.7657296746710376,0.01396867255070521,-0.5554629954764779,-0.12358065410923252,-0.6487468373591686
2008-05-01 09:00:00+00:00,ME01,-0.8217575429328573,3.747902046678553,-0.13761787240839587,0.6508599993019268,1.637499555657652,0.06585251274066883,2.8963427413825067,-0.12358065410923252,-0.6487468373591686
2008-05-01 09:10:00+00:00,ME01,-0.7885531468086079,9.0004555041623,-0.27079306025737826,0.6508599993019268,1.637499555657652,0.06585251274066883,2.8963427413825067,-0.12358065410923252,-0.6487468373591686
2008-05-01 09:20:00+00:00,ME01,-0.4886008181271891,5.357033388921959,-0.2543761359061849,0.6508599993019268,1.637499555657652,0.06585251274066883,2.8963427413825067,-0.12358065410923252,-0.6487468373591686
2008-05-01 09:30:00+00:00,ME01,-0.8523760268230681,0.893501143793337,-0.26612946259077,0.6508599993019268,1.637499555657652,0.06585251274066883,2.8963427413825067,-0.12358065410923252,-0.6487468373591686
2008-05-01 09:40:00+00:00,ME01,-0.9370076700216995,-0.7803214538347941,0.0681574108617117,0.6508599993019268,1.637499555657652,0.06585251274066883,2.8963427413825067,-0.12358065410923252,-0.6487468373591686
2008-05-01 09:50:00+00:00,ME01,-0.7715843961692727,9.992578367577247,-0.3072669572876935,0.6508599993019268,1.637499555657652,0.06585251274066883,2.8963427413825067,-0.12358065410923252,-0.6487468373591686
2008-05-01 10:00:00+00:00,ME01,-0.6944287493566142,0.10024308954461739,-0.17488805165573912,0.6981686868372435,1.575948958690568,0.12172748194580339,3.7692131075259643,-0.12358065410923252,-0.6487468373591686
2008-05-01 10:10:00+00:00,ME01,-0.8788866213906833,9.776141435565505,-0.3182494340337702,0.6981686868372435,1.575948958690568,0.12172748194580339,3.7692131075259643,-0.12358065410923252,-0.6487468373591686
2008-05-01 10:20:00+00:00,ME01,-0.9288778766887534,-0.7866302619393664,-0.48562552276959964,0.6981686868372435,1.575948958690568,0.12172748194580339,3.7692131075259643,-0.12358065410923252,-0.6487468373591686
2008-05-01 10:30:00+00:00,ME01,-1.1440144909314696,-0.5654414110905842,-0.7202290656512218,0.6981686868372435,1.575948958690568,0.12172748194580339,3.7692131075259643,-0.12358065410923252,-0.6487468373591686
2008-05-01 10:40:00+00:00,ME01,-0.7871065836919225,13.806235525162503,-0.693431183569442,0.6981686868372435,1.575948958690568,0.12172748194580339,3.7692131075259643,-0.12358065410923252,-0.6487468373591686
2008-05-01 10:50:00+00:00,ME01,-1.2142492578307256,0.11439451537394976,-0.7444447878569689,0.6981686868372435,1.575948958690568,0.12172748194580339,3.7692131075259643,-0.12358065410923252,-0.6487468373591686
2008-05-01 11:00:00+00:00,ME01,-1.0994917412852927,-0.2113684267570263,-0.7245190748766144,-0.6981215196512648,1.996543942680001,0.22150431231293688,-0.039675921333372485,-0.12358065410923252,-0.6487468373591686
2008-05-01 11:10:00+00:00,ME01,-1.152789135113822,0.38162561099599274,-0.6750550562560375,-0.6981215196512648,1.996543942680001,0.22150431231293688,-0.039675921333372485,-0.12358065410923252,-0.6487468373591686
2008-05-01 11:20:00+00:00,ME01,-0.36704631959717543,-0.22369909687803186,-0.577005270915353,-0.6981215196512648,1.996543942680001,0.22150431231293688,-0.039675921333372485,-0.12358065410923252,-0.6487468373591686
2008-05-01 11:30:00+00:00,ME01,-1.0449829492650178,-0.1655419958094422,-0.6542184661211418,-0.6981215196512648,1.996543942680001,0.22150431231293688,-0.039675921333372485,-0.12358065410923252,-0.6487468373591686
2008-05-01 11:40:00+00:00,ME01,-0.8127703964791678,-0.5198677888027966,-0.9048480208573688,-0.6981215196512648,1.996543942680001,0.22150431231293688,-0.039675921333372485,-0.12358065410923252,-0.6487468373591686
2008-05-01 11:50:00+00:00,ME01,-1.0649096290937003,-0.6208365043592751,-0.6812959860054474,-0.6981215196512648,1.996543942680001,0.22150431231293688,-0.039675921333372485,-0.12358065410923252,-0.6487468373591686
2008-05-01 12:00:00+00:00,ME01,-0.9667057756709545,-0.7344941577637127,-0.9235691661807472,-0.8638198439898161,1.96833324119824,0.23746854937117998,2.420231588572774,-0.12358065410923252,-0.49428330465460474
2008-05-01 12:10:00+00:00,ME01,-0.5830373570632487,-0.7828257121441607,-0.8282629889776562,-0.8638198439898161,1.96833324119824,0.23746854937117998,2.420231588572774,-0.12358065410923252,-0.49428330465460474
2008-05-01 12:20:00+00:00,ME01,-0.6497331464266263,-0.529816846808557,-0.8052968814422087,-0.8638198439898161,1.96833324119824,0.23746854937117998,2.420231588572774,-0.12358065410923252,-0.49428330465460474
2008-05-01 12:30:00+00:00,ME01,-0.8017932998786201,-0.8328640784173137,-0.9793159445398874,-0.8638198439898161,1.96833324119824,0.23746854937117998,2.420231588572774,-0.12358065410923252,-0.49428330465460474
2008-05-01 12:40:00+00:00,ME01,-0.9306685653105803,-0.626679502348066,-0.75438877190166,-0.8638198439898161,1.96833324119824,0.23746854937117998,2.420231588572774,-0.12358065410923252,-0.49428330465460474
2008-05-01 12:50:00+00:00,ME01,-1.0247048748200351,-0.6757508173512374,-0.8169958788611544,-0.8638198439898161,1.96833324119824,0.23746854937117998,2.420231588572774,-0.12358065410923252,-0.49428330465460474
2008-05-01 13:00:00+00:00,ME01,-1.0154923720404292,1.256162378790456,-0.7827418218083149,-0.08282557857628596,1.8721607864003724,0.18558470918121633,2.3805556672394013,-0.12358065410923252,-0.49428330465460474
2008-05-01 13:10:00+00:00,ME01,-1.1076348104857594,2.154610700813235,-0.6813331680976937,-0.08282557857628596,1.8721607864003724,0.18558470918121633,2.3805556672394013,-0.12358065410923252,-0.49428330465460474
2008-05-01 13:20:00+00:00,ME01,-0.8439067754593652,0.5904001759589333,-0.6809511439315881,-0.08282557857628596,1.8721607864003724,0.18558470918121633,2.3805556672394013,-0.12358065410923252,-0.49428330465460474
2008-05-01 13:30:00+00:00,ME01,-0.6416014323025866,0.4089358025706477,-0.7897769891383972,-0.08282557857628596,1.8721607864003724,0.18558470918121633,2.3805556672394013,-0.12358065410923252,-0.49428330465460474
2008-05-01 13:40:00+00:00,ME01,-0.8304248724293873,-0.5487302702997531,-0.6738494965865028,-0.08282557857628596,1.8721607864003724,0.18558470918121633,2.3805556672394013,-0.12358065410923252,-0.49428330465460474
2008-05-01 13:50:00+00:00,ME01,-0.7921864547835407,1.5020247369466146,-0.5013094559554218,-0.08282557857628596,1.8721607864003724,0.18558470918121633,2.3805556672394013,-0.12358065410923252,-0.49428330465460474
2008-05-01 14:00:00+00:00,ME01,-0.8361405377583568,1.8779895741044819,-0.8422638662103895,-0.8401419166291697,1.955510390651507,0.13370086899128442,0.7538426021433402,-0.12358065410923252,-0.49428330465460474
2008-05-01 14:10:00+00:00,ME01,-0.4892642533567648,5.011603812055529,-0.8309471401042242,-0.8401419166291697,1.955510390651507,0.13370086899128442,0.7538426021433402,-0.12358065410923252,-0.49428330465460474
2008-05-01 14:20:00+00:00,ME01,-0.4252154942001012,0.4525193137504563,-0.6578516594830611,-0.8401419166291697,1.955510390651507,0.13370086899128442,0.7538426021433402,-0.12358065410923252,-0.49428330465460474
2008-05-01 14:30:00+00:00,ME01,-0.684123316463015,1.147599641213635,-0.5855967028157117,-0.8401419166291697,1.955510390651507,0.13370086899128442,0.7538426021433402,-0.12358065410923252,-0.49428330465460474
2008-05-01 14:40:00+00:00,ME01,-0.9572668301440062,0.5265973418120578,-0.665118204728263,-0.8401419166291697,1.955510390651507,0.13370086899128442,0.7538426021433402,-0.12358065410923252,-0.49428330465460474
2008-05-01 14:50:00+00:00,ME01,-1.0289321293150295,0.8437468098197316,-0.32356679315409076,-0.8401419166291697,1.955510390651507,0.13370086899128442,0.7538426021433402,-0.12358065410923252,-0.49428330465460474
2008-05-01 15:00:00+00:00,ME01,-0.9709709711426426,0.2967437777096393,-0.584448120705305,-1.02947100114239,1.9632040471946777,0.12970973997611351,-0.2777314493336072,-0.12358065410923252,-0.49428330465460474
2008-05-01 15:10:00+00:00,ME01,-1.1446891798818304,1.3914350228922818,-0.08820203442768257,-1.02947100114239,1.9632040471946777,0.12970973997611351,-0.2777314493336072,-0.12358065410923252,-0.49428330465460474
2008-05-01 15:20:00+00:00,ME01,-0.9631122798412937,-0.32686581483463706,-0.22405511452055232,-1.02947100114239,1.9632040471946777,0.12970973997611351,-0.2777314493336072,-0.12358065410923252,-0.49428330465460474
2008-05-01 15:30:00+00:00,ME01,-1.0514671537696996,1.3206785565641626,-0.6500331667403055,-1.02947100114239,1.9632040471946777,0.12970973997611351,-0.2777314493336072,-0.12358065410923252,-0.49428330465460474
2008-05-01 15:40:00+00:00,ME01,-1.014235442165227,4.17049187471884,-0.5689882865885124,-1.02947100114239,1.9632040471946777,0.12970973997611351,-0.2777314493336072,-0.12358065410923252,-0.49428330465460474
2008-05-01 15:50:00+00:00,ME01,-0.9550296620428892,6.05666975067519,-0.5426640776418469,-1.02947100114239,1.9632040471946777,0.12970973997611351,-0.2777314493336072,-0.12358065410923252,-0.49428330465460474
2008-05-01 16:00:00+00:00,ME01,-0.9551778838670615,3.1256036540934775,-0.5277685008869191,-1.02947100114239,1.4438718769434251,0.06984364175583976,-0.5554629954764779,-0.12358065410923252,-0.49428330465460474
2008-05-01 16:10:00+00:00,ME01,-0.9120051519674186,6.562682205029604,-0.37696545402836373,-1.02947100114239,1.4438718769434251,0.06984364175583976,-0.5554629954764779,-0.12358065410923252,-0.49428330465460474
2008-05-01 16:20:00+00:00,ME01,-0.956795283050506,3.2132158061667053,-0.6979522232573515,-1.02947100114239,1.4438718769434251,0.06984364175583976,-0.5554629954764779,-0.12358065410923252,-0.49428330465460474
2008-05-01 16:30:00+00:00,ME01,-0.8002444060993027,3.166564123299415,-0.640301797211802,-1.02947100114239,1.4438718769434251,0.06984364175583976,-0.5554629954764779,-0.12358065410923252,-0.49428330465460474
2008-05-01 16:40:00+00:00,ME01,-0.9761088366154177,3.16204768961042,-0.652294743325349,-1.02947100114239,1.4438718769434251,0.06984364175583976,-0.5554629954764779,-0.12358065410923252,-0.49428330465460474
2008-05-01 16:50:00+00:00,ME01,-1.0009830461862521,2.9448483997423502,-0.5773280609817291,-1.02947100114239,1.4438718769434251,0.06984364175583976,-0.5554629954764779,-0.12358065410923252,-0.49428330465460474
2008-05-01 17:00:00+00:00,ME01,-0.6898058042142222,11.266738547952793,-0.5585195382925199,-0.8638198439898161,1.232292153678904,0.057870533712735865,0.27773154614287077,-0.12358065410923252,-0.49428330465460474
2008-05-01 17:10:00+00:00,ME01,-0.7644486129871719,2.7294016614656877,-0.37729665342755636,-0.8638198439898161,1.232292153678904,0.057870533712735865,0.27773154614287077,-0.12358065410923252,-0.49428330465460474
2008-05-01 17:20:00+00:00,ME01,-0.5986119195635221,3.986670527056428,-0.25446525183668334,-0.8638198439898161,1.232292153678904,0.057870533712735865,0.27773154614287077,-0.12358065410923252,-0.49428330465460474
2008-05-01 17:30:00+00:00,ME01,-0.6132258112435507,6.963133089910546,-0.3302032619654357,-0.8638198439898161,1.232292153678904,0.057870533712735865,0.27773154614287077,-0.12358065410923252,-0.49428330465460474
2008-05-01 17:40:00+00:00,ME01,-0.7854662493290755,6.558235473425396,-0.3686404187468711,-0.8638198439898161,1.232292153678904,0.057870533712735865,0.27773154614287077,-0.12358065410923252,-0.49428330465460474
2008-05-01 17:50:00+00:00,ME01,-0.7126258602714044,3.027318462324998,-0.37992491857585814,-0.8638198439898161,1.232292153678904,0.057870533712735865,0.27773154614287077,-0.12358065410923252,-0.49428330465460474
2008-05-01 18:00:00+00:00,ME01,-0.959370853291176,1.0327461115816754,-0.4705303753758763,-0.46148374760272787,0.8860706172032872,0.06984364175583976,-0.3967593101429881,-0.12358065410923252,-0.3398197719500409
2008-05-01 18:10:00+00:00,ME01,-0.9056683702339164,4.666802110554913,-0.208221555369214,-0.46148374760272787,0.8860706172032872,0.06984364175583976,-0.3967593101429881,-0.12358065410923252,-0.3398197719500409
2008-05-01 18:20:00+00:00,ME01,-0.8384976055439987,4.631602096085442,-0.2383741746528021,-0.46148374760272787,0.8860706172032872,0.06984364175583976,-0.3967593101429881,-0.12358065410923252,-0.3398197719500409
2008-05-01 18:30:00+00:00,ME01,-0.7803817982136592,-0.5535395788558761,-0.38345552644482755,-0.46148374760272787,0.8860706172032872,0.06984364175583976,-0.3967593101429881,-0.12358065410923252,-0.3398197719500409
2008-05-01 18:40:00+00:00,ME01,-0.6968646906026738,12.38179311006117,-0.4353968097821956,-0.46148374760272787,0.8860706172032872,0.06984364175583976,-0.3967593101429881,-0.12358065410923252,-0.3398197719500409
2008-05-01 18:50:00+00:00,ME01,-0.9656300806818725,0.6528502934933015,-0.5223891097848256,-0.46148374760272787,0.8860706172032872,0.06984364175583976,-0.3967593101429881,-0.12358065410923252,-0.3398197719500409
2008-05-01 19:00:00+00:00,ME01,-0.8239668898405315,9.143976092577654,-0.2606513851506632,-0.8401419166291697,0.8386253709770841,0.30930775563458934,-0.6744907594765952,-0.12358065410923252,-0.3398197719500409
2008-05-01 19:10:00+00:00,ME01,-0.7656665188141307,9.740498502882987,-0.2107696215280704,-0.8401419166291697,0.8386253709770841,0.30930775563458934,-0.6744907594765952,-0.12358065410923252,-0.3398197719500409
2008-05-01 19:20:00+00:00,ME01,-0.8789782863843101,5.29019818228537,-0.22806654345015742,-0.8401419166291697,0.8386253709770841,0.30930775563458934,-0.6744907594765952,-0.12358065410923252,-0.3398197719500409
2008-05-01 19:30:00+00:00,ME01,-1.1053703530464163,3.551197375995035,-0.6207741729641328,-0.8401419166291697,0.8386253709770841,0.30930775563458934,-0.6744907594765952,-0.12358065410923252,-0.3398197719500409
2008-05-01 19:40:00+00:00,ME01,-0.9469802916715423,8.231071357772976,-0.8702630869752723,-0.8401419166291697,0.8386253709770841,0.30930775563458934,-0.6744907594765952,-0.12358065410923252,-0.3398197719500409
2008-05-01 19:50:00+00:00,ME01,-0.9238021021676975,2.2292485337541468,-0.7354511470613095,-0.8401419166291697,0.8386253709770841,0.30930775563458934,-0.6744907594765952,-0.12358065410923252,-0.3398197719500409
2008-05-01 20:00:00+00:00,ME01,-0.971263054320658,0.8991362161517332,-0.6824463141004717,-0.6744907594765952,0.6026819089645594,0.3452276377686553,-0.6744907594765952,-0.12358065410923252,-0.3398197719500409
2008-05-01 20:10:00+00:00,ME01,-0.9875999340598466,0.47375456629444535,-0.8561806151365081,-0.6744907594765952,0.6026819089645594,0.3452276377686553,-0.6744907594765952,-0.12358065410923252,-0.3398197719500409
2008-05-01 20:20:00+00:00,ME01,-0.9183141514512625,3.489824961178272,-0.821729955527551,-0.6744907594765952,0.6026819089645594,0.3452276377686553,-0.6744907594765952,-0.12358065410923252,-0.3398197719500409
2008-05-01 20:30:00+00:00,ME01,-0.7120499631429268,3.2830568064318,-0.7312598544877489,-0.6744907594765952,0.6026819089645594,0.3452276377686553,-0.6744907594765952,-0.12358065410923252,-0.3398197719500409
2008-05-01 20:40:00+00:00,ME01,-0.7508965869236226,1.3649881260290242,-0.8024857268016607,-0.6744907594765952,0.6026819089645594,0.3452276377686553,-0.6744907594765952,-0.12358065410923252,-0.3398197719500409
2008-05-01 20:50:00+00:00,ME01,-0.7088738307540441,0.43646153425266887,-0.8514350214686502,-0.6744907594765952,0.6026819089645594,0.3452276377686553,-0.6744907594765952,-0.12358065410923252,-0.3398197719500409
2008-05-01 21:00:00+00:00,ME01,54.18520759775821,38.33366721251032,0.13369454464630717,-0.4378058202420808,0.4462410884694126,0.31729001366489945,-0.6744907594765952,-0.12358065410923252,-0.3398197719500409
2008-05-01 21:10:00+00:00,ME01,0.6107864888208738,0.5350076212075875,-0.9433959408005447,-0.4378058202420808,0.4462410884694126,0.31729001366489945,-0.6744907594765952,-0.12358065410923252,-0.3398197719500409
2008-05-01 21:20:00+00:00,ME01,-0.7947648129110146,-0.5168669720756877,-0.8495305058983872,-0.4378058202420808,0.4462410884694126,0.31729001366489945,-0.6744907594765952,-0.12358065410923252,-0.3398197719500409
2008-05-01 21:30:00+00:00,ME01,-0.4894430703567811,12.160935015435799,-0.8894566086817864,-0.4378058202420808,0.4462410884694126,0.31729001366489945,-0.6744907594765952,-0.12358065410923252,-0.3398197719500409
2008-05-01 21:40:00+00:00,ME01,-0.9872649975298619,2.057745825115876,-0.9404309810343873,-0.4378058202420808,0.4462410884694126,0.31729001366489945,-0.6744907594765952,-0.12358065410923252,-0.3398197719500409
2008-05-01 21:50:00+00:00,ME01,-0.7257687797705807,1.6287361085106928,-1.022129966709822,-0.4378058202420808,0.4462410884694126,0.31729001366489945,-0.6744907594765952,-0.12358065410923252,-0.3398197719500409
2008-05-01 22:00:00+00:00,ME01,-0.8422594728776877,4.017668377017433,-1.1753726372197904,-0.4851616749633749,0.6437154609930532,0.35320961679658824,-0.6744907594765952,-0.12358065410923252,-0.3398197719500409
2008-05-01 22:10:00+00:00,ME01,-0.25278900619196987,1.2527657741304161,-0.5070970083042452,-0.4851616749633749,0.6437154609930532,0.35320961679658824,-0.6744907594765952,-0.12358065410923252,-0.3398197719500409
2008-05-01 22:20:00+00:00,ME01,-0.7368817229204749,3.350654233996106,-1.1586405728767253,-0.4851616749633749,0.6437154609930532,0.35320961679658824,-0.6744907594765952,-0.12358065410923252,-0.3398197719500409
2008-05-01 22:30:00+00:00,ME01,-0.9510717239872611,4.019799858541912,-0.7190350426322114,-0.4851616749633749,0.6437154609930532,0.35320961679658824,-0.6744907594765952,-0.12358065410923252,-0.3398197719500409
2008-05-01 22:40:00+00:00,ME01,39.28034976843468,11.428249526220196,-0.5833829223051504,-0.4851616749633749,0.6437154609930532,0.35320961679658824,-0.6744907594765952,-0.12358065410923252,-0.3398197719500409
2008-05-01 22:50:00+00:00,ME01,-0.5543391208522009,0.29911456337936937,-1.3497583093483172,-0.4851616749633749,0.6437154609930532,0.35320961679658824,-0.6744907594765952,-0.12358065410923252,-0.3398197719500409
2008-05-01 23:00:00+00:00,ME01,-0.7096695482377534,-0.6406768375835858,-1.282646287497824,-0.6981215196512648,0.39494887950945223,0.3572007458117592,-0.6744907594765952,-0.12358065410923252,-0.3398197719500409
2008-05-01 23:10:00+00:00,ME01,-0.6154960070180089,-0.8907623354217014,-1.3626654794014081,-0.6981215196512648,0.39494887950945223,0.3572007458117592,-0.6744907594765952,-0.12358065410923252,-0.3398197719500409
2008-05-01 23:20:00+00:00,ME01,-0.5338203115616281,2.125372417656072,-1.3880838231194754,-0.6981215196512648,0.39494887950945223,0.3572007458117592,-0.6744907594765952,-0.12358065410923252,-0.3398197719500409
2008-05-01 23:30:00+00:00,ME01,-0.5340861134176424,2.440336065300721,-1.3522023361758801,-0.6981215196512648,0.39494887950945223,0.3572007458117592,-0.6744907594765952,-0.12358065410923252,-0.3398197719500409
2008-05-01 23:40:00+00:00,ME01,-0.7729375317555379,1.681810208118527,-1.3984678348190387,-0.6981215196512648,0.39494887950945223,0.3572007458117592,-0.6744907594765952,-0.12358065410923252,-0.3398197719500409
2008-05-01 23:50:00+00:00,ME01,-0.9435541078770786,0.38473945955812683,-1.3972479325355311,-0.6981215196512648,0.39494887950945223,0.3572007458117592,-0.6744907594765952,-0.12358065410923252,-0.3398197719500409
2008-05-02 00:00:00+00:00,ME01,-0.5315853074142172,4.390086160220055,-1.4213317724630634,-0.13013426611160264,0.5270259612565955,0.18159358016607713,-0.6744907594765952,-0.12358065410923252,-0.18535623924547706
2008-05-02 00:10:00+00:00,ME01,-0.8711293645736288,-0.5987920993312147,-1.3644330152708664,-0.13013426611160264,0.5270259612565955,0.18159358016607713,-0.6744907594765952,-0.12358065410923252,-0.18535623924547706
2008-05-02 00:20:00+00:00,ME01,-0.6575612924884842,-0.9334075192489343,-1.453940436230015,-0.13013426611160264,0.5270259612565955,0.18159358016607713,-0.6744907594765952,-0.12358065410923252,-0.18535623924547706
2008-05-02 00:30:00+00:00,ME01,-0.7839259792284411,6.756660098888481,-1.4248895307711706,-0.13013426611160264,0.5270259612565955,0.18159358016607713,-0.6744907594765952,-0.12358065410923252,-0.18535623924547706
2008-05-02 00:40:00+00:00,ME01,-0.7414291185178283,-0.9081624833961706,-1.4272862380244857,-0.13013426611160264,0.5270259612565955,0.18159358016607713,-0.6744907594765952,-0.12358065410923252,-0.18535623924547706
2008-05-02 00:50:00+00:00,ME01,-0.8440129888692893,9.234662142636529,-1.4348424123513677,-0.13013426611160264,0.5270259612565955,0.18159358016607713,-0.6744907594765952,-0.12358065410923252,-0.18535623924547706
2008-05-02 01:00:00+00:00,ME01,-0.860853043471299,-0.7667345662677808,-1.4581272206509555,-0.08282557857628596,0.7001368639565748,0.11773663193300962,-0.6744907594765952,-0.12358065410923252,-0.18535623924547706
2008-05-02 01:10:00+00:00,ME01,-0.7464445203668021,-0.6937059655717165,-1.465654510194434,-0.08282557857628596,0.7001368639565748,0.11773663193300962,-0.6744907594765952,-0.12358065410923252,-0.18535623924547706
2008-05-02 01:20:00+00:00,ME01,6.541333515406606,-0.503915425894434,1.5197936909277352,-0.08282557857628596,0.7001368639565748,0.11773663193300962,-0.6744907594765952,-0.12358065410923252,-0.18535623924547706
2008-05-02 01:30:00+00:00,ME01,-0.7301497219534928,-0.9006820266243849,-1.3733059316989258,-0.08282557857628596,0.7001368639565748,0.11773663193300962,-0.6744907594765952,-0.12358065410923252,-0.18535623924547706
2008-05-02 01:40:00+00:00,ME01,-0.41410955381956394,1.4442505981936677,-1.4340982050924025,-0.08282557857628596,0.7001368639565748,0.11773663193300962,-0.6744907594765952,-0.12358065410923252,-0.18535623924547706
2008-05-02 01:50:00+00:00,ME01,0.6634688629673344,5.028335725265899,-0.8930824723740632,-0.08282557857628596,0.7001368639565748,0.11773663193300962,-0.6744907594765952,-0.12358065410923252,-0.18535623924547706
2008-05-02 02:00:00+00:00,ME01,-0.8167037141424605,8.120858159237265,-1.4224353020581295,-0.4851616749633749,0.8129794009592753,0.17760245115090623,-0.07935184266674487,-0.12358065410923252,-0.18535623924547706
2008-05-02 02:10:00+00:00,ME01,-0.7740699059930701,8.219102232118466,-1.484535875034915,-0.4851616749633749,0.8129794009592753,0.17760245115090623,-0.07935184266674487,-0.12358065410923252,-0.18535623924547706
2008-05-02 02:20:00+00:00,ME01,-0.8928546074404781,8.407562505299182,-1.4713126354436705,-0.4851616749633749,0.8129794009592753,0.17760245115090623,-0.07935184266674487,-0.12358065410923252,-0.18535623924547706
2008-05-02 02:30:00+00:00,ME01,-0.8689822670118632,19.69179391876974,-1.4659390506159138,-0.4851616749633749,0.8129794009592753,0.17760245115090623,-0.07935184266674487,-0.12358065410923252,-0.18535623924547706
2008-05-02 02:40:00+00:00,ME01,-0.876101182341407,20.32719951675509,-1.4429116902791208,-0.4851616749633749,0.8129794009592753,0.17760245115090623,-0.07935184266674487,-0.12358065410923252,-0.18535623924547706
2008-05-02 02:50:00+00:00,ME01,-0.7117606654672963,9.36862423903435,-1.3600631942912267,-0.4851616749633749,0.8129794009592753,0.17760245115090623,-0.07935184266674487,-0.12358065410923252,-0.18535623924547706
2008-05-02 03:00:00+00:00,ME01,-0.8877906026745608,4.196789524542979,-1.2852824066826132,-0.08282557857628596,0.5911410207632878,0.12970973997611351,-0.6744907594765952,-0.12358065410923252,-0.18535623924547706
2008-05-02 03:10:00+00:00,ME01,-0.8282385712304128,5.392550385105919,-0.7862489328077653,-0.08282557857628596,0.5911410207632878,0.12970973997611351,-0.6744907594765952,-0.12358065410923252,-0.18535623924547706
2008-05-02 03:20:00+00:00,ME01,-0.7794541075901636,3.268867783220394,-1.2725024806756784,-0.08282557857628596,0.5911410207632878,0.12970973997611351,-0.6744907594765952,-0.12358065410923252,-0.18535623924547706
2008-05-02 03:30:00+00:00,ME01,-0.6629474172448708,2.3101173378344986,-1.0479436762236227,-0.08282557857628596,0.5911410207632878,0.12970973997611351,-0.6744907594765952,-0.12358065410923252,-0.18535623924547706
2008-05-02 03:40:00+00:00,ME01,-0.8708506723255212,1.3955699881612,-1.1025579282565838,-0.08282557857628596,0.5911410207632878,0.12970973997611351,-0.6744907594765952,-0.12358065410923252,-0.18535623924547706
2008-05-02 03:50:00+00:00,ME01,-0.8377072561637049,1.7894724159421354,-0.9482551985730725,-0.08282557857628596,0.5911410207632878,0.12970973997611351,-0.6744907594765952,-0.12358065410923252,-0.18535623924547706
2008-05-02 04:00:00+00:00,ME01,-0.9797681981855271,7.676186195873464,-0.6843068259708819,-0.5087924351380445,0.6911607072192563,0.2614150444597649,-0.6744907594765952,-0.12358065410923252,-0.18535623924547706
2008-05-02 04:10:00+00:00,ME01,-0.7443475387716914,2.525701267524632,-0.7123479627350456,-0.5087924351380445,0.6911607072192563,0.2614150444597649,-0.6744907594765952,-0.12358065410923252,-0.18535623924547706
2008-05-02 04:20:00+00:00,ME01,-0.7794507106777704,0.8081451022684855,-0.8095071760930566,-0.5087924351380445,0.6911607072192563,0.2614150444597649,-0.6744907594765952,-0.12358065410923252,-0.18535623924547706
2008-05-02 04:30:00+00:00,ME01,0.31955912484501375,0.4214430194814492,0.7881391497945608,-0.5087924351380445,0.6911607072192563,0.2614150444597649,-0.6744907594765952,-0.12358065410923252,-0.18535623924547706
2008-05-02 04:40:00+00:00,ME01,-0.49867492811666264,0.019164564248702984,-0.4371569850070277,-0.5087924351380445,0.6911607072192563,0.2614150444597649,-0.6744907594765952,-0.12358065410923252,-0.18535623924547706
2008-05-02 04:50:00+00:00,ME01,-0.6362068909597625,-0.47885121499375644,-0.1926469762298458,-0.5087924351380445,0.6911607072192563,0.2614150444597649,-0.6744907594765952,-0.12358065410923252,-0.18535623924547706
2008-05-02 05:00:00+00:00,ME01,-0.6527166000017928,-0.7034933502775418,-0.23443271284718992,-0.34314127798547,0.7232181025104306,0.5048702873536853,-0.6744907594765952,-0.12358065410923252,-0.18535623924547706
2008-05-02 05:10:00+00:00,ME01,-0.7272166349028792,-0.510680309959978,-0.44395078540855415,-0.34314127798547,0.7232181025104306,0.5048702873536853,-0.6744907594765952,-0.12358065410923252,-0.18535623924547706
2008-05-02 05:20:00+00:00,ME01,-0.8266936462565879,-0.7633714508997924,-0.08442571163070342,-0.34314127798547,0.7232181025104306,0.5048702873536853,-0.6744907594765952,-0.12358065410923252,-0.18535623924547706
2008-05-02 05:30:00+00:00,ME01,-0.5020764965836158,-0.8670258451275301,0.04063342717110647,-0.34314127798547,0.7232181025104306,0.5048702873536853,-0.6744907594765952,-0.12358065410923252,-0.18535623924547706
2008-05-02 05:40:00+00:00,ME01,-0.5466440157703415,-0.9072571427705874,-0.22106497413183387,-0.34314127798547,0.7232181025104306,0.5048702873536853,-0.6744907594765952,-0.12358065410923252,-0.18535623924547706
2008-05-02 05:50:00+00:00,ME01,-0.7816531542323354,-0.9728801650310229,0.05806369477656562,-0.34314127798547,0.7232181025104306,0.5048702873536853,-0.6744907594765952,-0.12358065410923252,-0.18535623924547706
2008-05-02 06:00:00+00:00,ME01,-0.6005749542197387,-0.8219457615225139,0.1288012387965621,-0.27215466308950753,0.9950661914722314,0.744334401232435,-0.6348148381432227,-0.12358065410923252,-0.45309302926672124
2008-05-02 06:10:00+00:00,ME01,-0.4956583147721739,-0.898544644134367,0.668031944051727,-0.27215466308950753,0.9950661914722314,0.744334401232435,-0.6348148381432227,-0.12358065410923252,-0.45309302926672124
2008-05-02 06:20:00+00:00,ME01,-0.6679010677118581,-0.8439339182959235,0.6721489501170208,-0.27215466308950753,0.9950661914722314,0.744334401232435,-0.6348148381432227,-0.12358065410923252,-0.45309302926672124
2008-05-02 06:30:00+00:00,ME01,-0.43667040099757337,-0.2064756684190544,0.4885009956814008,-0.27215466308950753,0.9950661914722314,0.744334401232435,-0.6348148381432227,-0.12358065410923252,-0.45309302926672124
2008-05-02 06:40:00+00:00,ME01,-0.6060829376227909,-0.9425965679926763,0.42077516331452447,-0.27215466308950753,0.9950661914722314,0.744334401232435,-0.6348148381432227,-0.12358065410923252,-0.45309302926672124
2008-05-02 06:50:00+00:00,ME01,-0.5271752607731721,9.427016200314105,0.17624240447021497,-0.27215466308950753,0.9950661914722314,0.744334401232435,-0.6348148381432227,-0.12358065410923252,-0.45309302926672124
2008-05-02 07:00:00+00:00,ME01,-0.5704513860244245,3.5698535563014624,0.6911080006197304,0.08287274576226471,1.4028383249149314,0.9039773298198421,-0.6348148381432227,-0.12358065410923252,-0.45309302926672124
2008-05-02 07:10:00+00:00,ME01,-0.571947847695586,0.06374918191419392,0.18961967969681864,0.08287274576226471,1.4028383249149314,0.9039773298198421,-0.6348148381432227,-0.12358065410923252,-0.45309302926672124
2008-05-02 07:20:00+00:00,ME01,-0.6706124060853799,-0.5054141495409367,0.18511248050233722,0.08287274576226471,1.4028383249149314,0.9039773298198421,-0.6348148381432227,-0.12358065410923252,-0.45309302926672124
2008-05-02 07:30:00+00:00,ME01,-0.7047458128244132,-0.9529930768478184,0.27662974020613706,0.08287274576226471,1.4028383249149314,0.9039773298198421,-0.6348148381432227,-0.12358065410923252,-0.45309302926672124
2008-05-02 07:40:00+00:00,ME01,-0.684641321599114,-0.40727974271735196,0.20770112074872993,0.08287274576226471,1.4028383249149314,0.9039773298198421,-0.6348148381432227,-0.12358065410923252,-0.45309302926672124
2008-05-02 07:50:00+00:00,ME01,-0.743132151296487,-0.7757374324782322,0.24938890674307487,0.08287274576226471,1.4028383249149314,0.9039773298198421,-0.6348148381432227,-0.12358065410923252,-0.45309302926672124
2008-05-02 08:00:00+00:00,ME01,-0.7513284946071646,2.2911366447437733,0.5285219118922994,-0.27215466308950753,1.6875092644234644,1.091557603508628,-0.2777314493336072,-0.12358065410923252,-0.45309302926672124
2008-05-02 08:10:00+00:00,ME01,-0.3362869003838389,2.325552028062139,0.21468671918907814,-0.27215466308950753,1.6875092644234644,1.091557603508628,-0.2777314493336072,-0.12358065410923252,-0.45309302926672124
2008-05-02 08:20:00+00:00,ME01,-0.28141819024975134,5.514229957811244,0.11958445220479527,-0.27215466308950753,1.6875092644234644,1.091557603508628,-0.2777314493336072,-0.12358065410923252,-0.45309302926672124
2008-05-02 08:30:00+00:00,ME01,-0.5157086880446647,0.8385446900956015,0.16247211013419216,-0.27215466308950753,1.6875092644234644,1.091557603508628,-0.2777314493336072,-0.12358065410923252,-0.45309302926672124
2008-05-02 08:40:00+00:00,ME01,-0.43526143651393256,5.181967395786373,0.2700902721280561,-0.27215466308950753,1.6875092644234644,1.091557603508628,-0.2777314493336072,-0.12358065410923252,-0.45309302926672124
2008-05-02 08:50:00+00:00,ME01,-0.3517119503248425,7.239187175761262,0.2747895208083494,-0.27215466308950753,1.6875092644234644,1.091557603508628,-0.2777314493336072,-0.12358065410923252,-0.45309302926672124
2008-05-02 09:00:00+00:00,ME01,-0.5235398547122555,3.087162015235124,0.5276713284006738,-0.6744907594765952,1.7567535179337188,1.1713787887999705,-0.2777314493336072,-0.12358065410923252,-0.45309302926672124
2008-05-02 09:10:00+00:00,ME01,-0.14827784008441028,6.8433344847213045,0.4936720926334801,-0.6744907594765952,1.7567535179337188,1.1713787887999705,-0.2777314493336072,-0.12358065410923252,-0.45309302926672124
2008-05-02 09:20:00+00:00,ME01,-0.2753330776067242,9.414830187655149,0.33989541932209594,-0.6744907594765952,1.7567535179337188,1.1713787887999705,-0.2777314493336072,-0.12358065410923252,-0.45309302926672124
2008-05-02 09:30:00+00:00,ME01,-0.5280563730067179,0.5240423727253609,0.6542926167432946,-0.6744907594765952,1.7567535179337188,1.1713787887999705,-0.2777314493336072,-0.12358065410923252,-0.45309302926672124
2008-05-02 09:40:00+00:00,ME01,-0.4825048228616954,4.210957453055465,0.32961912316855974,-0.6744907594765952,1.7567535179337188,1.1713787887999705,-0.2777314493336072,-0.12358065410923252,-0.45309302926672124
2008-05-02 09:50:00+00:00,ME01,-0.44235390333583585,0.43538787325350803,0.42373698123912124,-0.6744907594765952,1.7567535179337188,1.1713787887999705,-0.2777314493336072,-0.12358065410923252,-0.45309302926672124
2008-05-02 10:00:00+00:00,ME01,-0.1808640662187012,-0.7152320972020348,0.1506946353502873,-0.6744907594765952,2.037577494708495,1.1434414436985918,1.6663889864294334,-0.12358065410923252,-0.45309302926672124
2008-05-02 10:10:00+00:00,ME01,-0.41235664516885334,-0.42856373596042735,0.4092059613934962,-0.6744907594765952,2.037577494708495,1.1434414436985918,1.6663889864294334,-0.12358065410923252,-0.45309302926672124
2008-05-02 10:20:00+00:00,ME01,0.07987125225559956,10.192655061204485,0.5712215925558988,-0.6744907594765952,2.037577494708495,1.1434414436985918,1.6663889864294334,-0.12358065410923252,-0.45309302926672124
2008-05-02 10:30:00+00:00,ME01,-0.7027173635143343,0.946726493223682,0.34068842261141397,-0.6744907594765952,2.037577494708495,1.1434414436985918,1.6663889864294334,-0.12358065410923252,-0.45309302926672124
2008-05-02 10:40:00+00:00,ME01,-0.4231832854509246,-0.3955999524508914,0.47662380177922986,-0.6744907594765952,2.037577494708495,1.1434414436985918,1.6663889864294334,-0.12358065410923252,-0.45309302926672124
2008-05-02 10:50:00+00:00,ME01,-0.6164039065769825,2.49740642753931,0.2581985789164088,-0.6744907594765952,2.037577494708495,1.1434414436985918,1.6663889864294334,-0.12358065410923252,-0.45309302926672124
2008-05-02 11:00:00+00:00,ME01,-0.7376183281815051,1.539429402548856,-0.07965728424510246,-1.0057930737817435,1.895242024954228,0.9598522990249451,2.261527903239284,-0.12358065410923252,-0.45309302926672124
2008-05-02 11:10:00+00:00,ME01,-0.8472390610538566,0.2575988182294262,-0.05434468171218544,-1.0057930737817435,1.895242024954228,0.9598522990249451,2.261527903239284,-0.12358065410923252,-0.45309302926672124
2008-05-02 11:20:00+00:00,ME01,-0.8935951458962592,1.3171204119787725,0.041111814550554446,-1.0057930737817435,1.895242024954228,0.9598522990249451,2.261527903239284,-0.12358065410923252,-0.45309302926672124
2008-05-02 11:30:00+00:00,ME01,-0.7803665817299638,-0.062067831472286165,0.19121345712093357,-1.0057930737817435,1.895242024954228,0.9598522990249451,2.261527903239284,-0.12358065410923252,-0.45309302926672124
2008-05-02 11:40:00+00:00,ME01,-0.874163689849805,-0.6411484596929313,0.029225048745834953,-1.0057930737817435,1.895242024954228,0.9598522990249451,2.261527903239284,-0.12358065410923252,-0.45309302926672124
2008-05-02 11:50:00+00:00,ME01,-0.9346886973280922,-0.47528173428535553,-0.037747797563727314,-1.0057930737817435,1.895242024954228,0.9598522990249451,2.261527903239284,-0.12358065410923252,-0.45309302926672124
2008-05-02 12:00:00+00:00,ME01,6.988991851319498,0.612851505536773,0.22085695966163135,-0.8638198439898161,2.0209076814280045,0.9319146749212209,1.309305597619818,-0.12358065410923252,-0.7208298192879646
2008-05-02 12:10:00+00:00,ME01,-0.4884618267315348,3.43638111040809,0.060552106613864995,-0.8638198439898161,2.0209076814280045,0.9319146749212209,1.309305597619818,-0.12358065410923252,-0.7208298192879646
2008-05-02 12:20:00+00:00,ME01,-0.8056737880280297,2.157354226434765,0.1289191945981891,-0.8638198439898161,2.0209076814280045,0.9319146749212209,1.309305597619818,-0.12358065410923252,-0.7208298192879646
2008-05-02 12:30:00+00:00,ME01,-0.4478343396223752,4.205362967889496,0.32662248785969966,-0.8638198439898161,2.0209076814280045,0.9319146749212209,1.309305597619818,-0.12358065410923252,-0.7208298192879646
2008-05-02 12:40:00+00:00,ME01,-0.5986676993286495,-0.9843342731239122,0.5697034192968808,-0.8638198439898161,2.0209076814280045,0.9319146749212209,1.309305597619818,-0.12358065410923252,-0.7208298192879646
2008-05-02 12:50:00+00:00,ME01,-0.6005061642132045,-0.8317742295685066,0.19950168881435498,-0.8638198439898161,2.0209076814280045,0.9319146749212209,1.309305597619818,-0.12358065410923252,-0.7208298192879646
2008-05-02 13:00:00+00:00,ME01,-0.5878428763797704,-0.5048919987296923,0.5717662071483391,-1.3844512428081848,2.0529653456435226,0.8121827574830188,4.3643520243358145,-0.12358065410923252,-0.7208298192879646
2008-05-02 13:10:00+00:00,ME01,-0.5934127435478337,-0.8706831657301363,0.46941645545127564,-1.3844512428081848,2.0529653456435226,0.8121827574830188,4.3643520243358145,-0.12358065410923252,-0.7208298192879646
2008-05-02 13:20:00+00:00,ME01,-0.7192618507002779,-0.9149294493274981,0.3505771448574062,-1.3844512428081848,2.0529653456435226,0.8121827574830188,4.3643520243358145,-0.12358065410923252,-0.7208298192879646
2008-05-02 13:30:00+00:00,ME01,-0.4170803917135181,-0.8784184100731486,0.5921941454020089,-1.3844512428081848,2.0529653456435226,0.8121827574830188,4.3643520243358145,-0.12358065410923252,-0.7208298192879646
2008-05-02 13:40:00+00:00,ME01,-0.6939741462861835,-0.7127313027419976,0.15577241749675078,-1.3844512428081848,2.0529653456435226,0.8121827574830188,4.3643520243358145,-0.12358065410923252,-0.7208298192879646
2008-05-02 13:50:00+00:00,ME01,-0.8003811663851453,6.10622109284869,0.19974580254580443,-1.3844512428081848,2.0529653456435226,0.8121827574830188,4.3643520243358145,-0.12358065410923252,-0.7208298192879646
2008-05-02 14:00:00+00:00,ME01,-0.7824801865429937,-0.669941879478238,0.34919914374840183,-1.1714913981202943,1.9452520026443834,0.7084147981007461,-0.2777314493336072,-0.12358065410923252,-0.7208298192879646
2008-05-02 14:10:00+00:00,ME01,-0.5045890045564185,2.4985963158281375,0.9469895868039784,-1.1714913981202943,1.9452520026443834,0.7084147981007461,-0.2777314493336072,-0.12358065410923252,-0.7208298192879646
2008-05-02 14:20:00+00:00,ME01,-0.5512564951465763,-0.45455698102752584,0.653822269024619,-1.1714913981202943,1.9452520026443834,0.7084147981007461,-0.2777314493336072,-0.12358065410923252,-0.7208298192879646
2008-05-02 14:30:00+00:00,ME01,-0.5036810652400763,-0.42086034973778685,0.15905536142748086,-1.1714913981202943,1.9452520026443834,0.7084147981007461,-0.2777314493336072,-0.12358065410923252,-0.7208298192879646
2008-05-02 14:40:00+00:00,ME01,-0.28555097572654004,0.9405796644173103,0.3455114398925732,-1.1714913981202943,1.9452520026443834,0.7084147981007461,-0.2777314493336072,-0.12358065410923252,-0.7208298192879646
2008-05-02 14:50:00+00:00,ME01,-0.6419683672804003,0.9132323812523557,0.24205823534676357,-1.1714913981202943,1.9452520026443834,0.7084147981007461,-0.2777314493336072,-0.12358065410923252,-0.7208298192879646
2008-05-02 15:00:00+00:00,ME01,-0.6488548640164975,3.724152700764512,0.21030791258969075,-1.5737803273214057,1.7990695701563606,0.6485486998804406,1.2696296762864454,-0.12358065410923252,-0.7208298192879646
2008-05-02 15:10:00+00:00,ME01,-0.5095880443339839,7.65213523011605,0.14944454308911634,-1.5737803273214057,1.7990695701563606,0.6485486998804406,1.2696296762864454,-0.12358065410923252,-0.7208298192879646
2008-05-02 15:20:00+00:00,ME01,4.302579456232956,2.882718946846369,5.478624319226951,-1.5737803273214057,1.7990695701563606,0.6485486998804406,1.2696296762864454,-0.12358065410923252,-0.7208298192879646
2008-05-02 15:30:00+00:00,ME01,-0.897724020759849,-0.7935580459008988,0.13997746615967888,-1.5737803273214057,1.7990695701563606,0.6485486998804406,1.2696296762864454,-0.12358065410923252,-0.7208298192879646
2008-05-02 15:40:00+00:00,ME01,-0.8399106183732634,0.6284080560180223,0.03047754418267488,-1.5737803273214057,1.7990695701563606,0.6485486998804406,1.2696296762864454,-0.12358065410923252,-0.7208298192879646
2008-05-02 15:50:00+00:00,ME01,-0.8362320065481135,3.220534997974218,0.4975119055404668,-1.5737803273214057,1.7990695701563606,0.6485486998804406,1.2696296762864454,-0.12358065410923252,-0.7208298192879646
2008-05-02 16:00:00+00:00,ME01,-0.5817944624675564,3.227067939986292,0.6934365514035348,-1.1714913981202943,1.2015167207331903,0.5527629985284781,0.15870368533348983,-0.12358065410923252,-0.7208298192879646
2008-05-02 16:10:00+00:00,ME01,1.4081023272878246,7.045083212981184,0.9645554457063015,-1.1714913981202943,1.2015167207331903,0.5527629985284781,0.15870368533348983,-0.12358065410923252,-0.7208298192879646
2008-05-02 16:20:00+00:00,ME01,-0.8739241536052369,1.894155901331137,0.027313925444628764,-1.1714913981202943,1.2015167207331903,0.5527629985284781,0.15870368533348983,-0.12358065410923252,-0.7208298192879646
2008-05-02 16:30:00+00:00,ME01,-0.9032435732502019,3.5512893506932715,0.17424674403363516,-1.1714913981202943,1.2015167207331903,0.5527629985284781,0.15870368533348983,-0.12358065410923252,-0.7208298192879646
2008-05-02 16:40:00+00:00,ME01,-0.9833768041443062,1.4168775722318305,-0.053129187379359,-1.1714913981202943,1.2015167207331903,0.5527629985284781,0.15870368533348983,-0.12358065410923252,-0.7208298192879646
2008-05-02 16:50:00+00:00,ME01,-0.9873348149716972,2.1656584122684905,0.0368431916699761,-1.1714913981202943,1.2015167207331903,0.5527629985284781,0.15870368533348983,-0.12358065410923252,-0.7208298192879646
2008-05-02 17:00:00+00:00,ME01,-0.7882757199583864,3.386927569135023,0.08056009250596438,-0.8164639892685227,0.7450173787188259,0.48890605029541057,-0.5554629954764779,-0.12358065410923252,-0.7208298192879646
2008-05-02 17:10:00+00:00,ME01,-0.8715983177837562,4.652856567478442,0.35166083397084313,-0.8164639892685227,0.7450173787188259,0.48890605029541057,-0.5554629954764779,-0.12358065410923252,-0.7208298192879646
2008-05-02 17:20:00+00:00,ME01,-0.8398838730007382,-0.11619653238323074,0.09894644798848487,-0.8164639892685227,0.7450173787188259,0.48890605029541057,-0.5554629954764779,-0.12358065410923252,-0.7208298192879646
2008-05-02 17:30:00+00:00,ME01,-0.8719172583693617,-0.19077256053135547,0.16095921782041586,-0.8164639892685227,0.7450173787188259,0.48890605029541057,-0.5554629954764779,-0.12358065410923252,-0.7208298192879646
2008-05-02 17:40:00+00:00,ME01,-0.8448966103326288,3.1947945387739947,-0.08046907213131373,-0.8164639892685227,0.7450173787188259,0.48890605029541057,-0.5554629954764779,-0.12358065410923252,-0.7208298192879646
2008-05-02 17:50:00+00:00,ME01,-0.8125161934178629,2.4998722229292,-0.14420487187728004,-0.8164639892685227,0.7450173787188259,0.48890605029541057,-0.5554629954764779,-0.12358065410923252,-0.7208298192879646
2008-05-02 18:00:00+00:00,ME01,-0.5786555222550019,10.419165216793647,-0.03911950552319856,-0.8401419166291697,0.44239412573565534,0.47294181323713574,-0.15870368533348983,-0.12358065410923252,-0.9885666093092088
2008-05-02 18:10:00+00:00,ME01,-0.8066855486166401,3.803770981657894,-0.17537279571704395,-0.8401419166291697,0.44239412573565534,0.47294181323713574,-0.15870368533348983,-0.12358065410923252,-0.9885666093092088
2008-05-02 18:20:00+00:00,ME01,-0.7871226410952319,5.663897085599073,-0.2314003786534365,-0.8401419166291697,0.44239412573565534,0.47294181323713574,-0.15870368533348983,-0.12358065410923252,-0.9885666093092088
2008-05-02 18:30:00+00:00,ME01,-0.8574147775811223,4.128133375578476,0.0008101527243156657,-0.8401419166291697,0.44239412573565534,0.47294181323713574,-0.15870368533348983,-0.12358065410923252,-0.9885666093092088
2008-05-02 18:40:00+00:00,ME01,-0.8593792164596668,2.680472993528329,-0.3799894848397481,-0.8401419166291697,0.44239412573565534,0.47294181323713574,-0.15870368533348983,-0.12358065410923252,-0.9885666093092088
2008-05-02 18:50:00+00:00,ME01,-1.016808776209658,0.5378740388670227,-0.389013721050536,-0.8401419166291697,0.44239412573565534,0.47294181323713574,-0.15870368533348983,-0.12358065410923252,-0.9885666093092088
2008-05-02 19:00:00+00:00,ME01,-0.9595220372121908,0.4704767188813424,-0.44732534778787225,-0.059147651215638905,-0.04744511176403168,0.576709493617063,-0.5554629954764779,-0.12358065410923252,-0.9885666093092088
2008-05-02 19:10:00+00:00,ME01,-0.9110219664037494,6.1629987337262335,-0.6018691028972724,-0.059147651215638905,-0.04744511176403168,0.576709493617063,-0.5554629954764779,-0.12358065410923252,-0.9885666093092088
2008-05-02 19:20:00+00:00,ME01,-0.9476240098073749,-0.38926808381451306,-0.5299899558312369,-0.059147651215638905,-0.04744511176403168,0.576709493617063,-0.5554629954764779,-0.12358065410923252,-0.9885666093092088
2008-05-02 19:30:00+00:00,ME01,-0.6970878905827999,6.001113946329754,-0.6238808417633747,-0.059147651215638905,-0.04744511176403168,0.576709493617063,-0.5554629954764779,-0.12358065410923252,-0.9885666093092088
2008-05-02 19:40:00+00:00,ME01,-0.8943471079307141,0.8303493098267186,-0.5656024349852719,-0.059147651215638905,-0.04744511176403168,0.576709493617063,-0.5554629954764779,-0.12358065410923252,-0.9885666093092088
2008-05-02 19:50:00+00:00,ME01,-0.79644552317681,-0.2105182463223298,-0.6126908564172225,-0.059147651215638905,-0.04744511176403168,0.576709493617063,-0.5554629954764779,-0.12358065410923252,-0.9885666093092088
2008-05-02 20:00:00+00:00,ME01,-0.974311254835876,0.10333300268699919,-0.8558327376285352,-0.27215466308950753,-0.1307947160151672,0.6405667208525077,0.7538426021433402,-0.12358065410923252,-0.9885666093092088
2008-05-02 20:10:00+00:00,ME01,-0.6683993295573717,0.9380855052851668,-0.8924115020705091,-0.27215466308950753,-0.1307947160151672,0.6405667208525077,0.7538426021433402,-0.12358065410923252,-0.9885666093092088
2008-05-02 20:20:00+00:00,ME01,-0.95225189123147,0.04970402439587194,-0.9693008340673136,-0.27215466308950753,-0.1307947160151672,0.6405667208525077,0.7538426021433402,-0.12358065410923252,-0.9885666093092088
2008-05-02 20:30:00+00:00,ME01,-0.8321827558196585,-0.029881860039585657,-0.9613152727883606,-0.27215466308950753,-0.1307947160151672,0.6405667208525077,0.7538426021433402,-0.12358065410923252,-0.9885666093092088
2008-05-02 20:40:00+00:00,ME01,-0.9049154190976185,0.7757927908179605,-0.9504193448132737,-0.27215466308950753,-0.1307947160151672,0.6405667208525077,0.7538426021433402,-0.12358065410923252,-0.9885666093092088
2008-05-02 20:50:00+00:00,ME01,-0.9966272373309926,0.21757282589861973,-1.0891643091301633,-0.27215466308950753,-0.1307947160151672,0.6405667208525077,0.7538426021433402,-0.12358065410923252,-0.9885666093092088
2008-05-02 21:00:00+00:00,ME01,-0.820291505782532,-0.1424102102112087,-0.9799456118306696,-0.059147651215638905,-0.09104339525647805,0.6365755918373368,-0.6744907594765952,-0.12358065410923252,-0.9885666093092088
2008-05-02 21:10:00+00:00,ME01,-0.8939088901036928,1.4771302354633387,-1.0648618509794474,-0.059147651215638905,-0.09104339525647805,0.6365755918373368,-0.6744907594765952,-0.12358065410923252,-0.9885666093092088
2008-05-02 21:20:00+00:00,ME01,-1.1469499027861456,-0.19067618554412652,-1.0467747973989303,-0.059147651215638905,-0.09104339525647805,0.6365755918373368,-0.6744907594765952,-0.12358065410923252,-0.9885666093092088
2008-05-02 21:30:00+00:00,ME01,-1.0733145918712654,-0.8500056737910593,-1.106160193699924,-0.059147651215638905,-0.09104339525647805,0.6365755918373368,-0.6744907594765952,-0.12358065410923252,-0.9885666093092088
2008-05-02 21:40:00+00:00,ME01,-0.9453413341306486,-0.6885938395899396,-0.975872950097841,-0.059147651215638905,-0.09104339525647805,0.6365755918373368,-0.6744907594765952,-0.12358065410923252,-0.9885666093092088
2008-05-02 21:50:00+00:00,ME01,-0.7740765024094808,2.088640436331105,-1.1637640662973228,-0.059147651215638905,-0.09104339525647805,0.6365755918373368,-0.6744907594765952,-0.12358065410923252,-0.9885666093092088
2008-05-02 22:00:00+00:00,ME01,-1.0989219191686903,0.6054599176033224,-1.2142676406504829,-0.4851616749633749,-0.006411559735538368,0.6325844628221976,0.7538426021433402,-0.12358065410923252,-0.9885666093092088
2008-05-02 22:10:00+00:00,ME01,-1.1977325953087363,-0.4844056628623188,-1.013925857973421,-0.4851616749633749,-0.006411559735538368,0.6325844628221976,0.7538426021433402,-0.12358065410923252,-0.9885666093092088
2008-05-02 22:20:00+00:00,ME01,-0.9766518993044414,6.894118377198515,-1.1470381218487806,-0.4851616749633749,-0.006411559735538368,0.6325844628221976,0.7538426021433402,-0.12358065410923252,-0.9885666093092088
2008-05-02 22:30:00+00:00,ME01,-0.9348913662472698,-0.5492294433974533,-1.3693488876330706,-0.4851616749633749,-0.006411559735538368,0.6325844628221976,0.7538426021433402,-0.12358065410923252,-0.9885666093092088
2008-05-02 22:40:00+00:00,ME01,-0.8508491021665913,-0.7034161845578609,-1.3247569642047763,-0.4851616749633749,-0.006411559735538368,0.6325844628221976,0.7538426021433402,-0.12358065410923252,-0.9885666093092088
2008-05-02 22:50:00+00:00,ME01,-1.138768608846095,-0.7643358407299264,-1.3074476330549862,-0.4851616749633749,-0.006411559735538368,0.6325844628221976,0.7538426021433402,-0.12358065410923252,-0.9885666093092088
2008-05-02 23:00:00+00:00,ME01,-1.0066689637960091,-0.12142991049943437,-1.305848825925294,-0.08282557857628596,-0.014105216278709006,0.6565309579107825,0.43643523147636054,-0.12358065410923252,-0.9885666093092088
2008-05-02 23:10:00+00:00,ME01,-1.033217490679021,0.8558988121806278,-1.4021940409182347,-0.08282557857628596,-0.014105216278709006,0.6565309579107825,0.43643523147636054,-0.12358065410923252,-0.9885666093092088
2008-05-02 23:20:00+00:00,ME01,-0.8819724972594326,-0.7896098825105299,-1.390244817877796,-0.08282557857628596,-0.014105216278709006,0.6565309579107825,0.43643523147636054,-0.12358065410923252,-0.9885666093092088
2008-05-02 23:30:00+00:00,ME01,-1.0851043588776765,-0.8118436895633351,-1.3657913091700329,-0.08282557857628596,-0.014105216278709006,0.6565309579107825,0.43643523147636054,-0.12358065410923252,-0.9885666093092088
2008-05-02 23:40:00+00:00,ME01,-1.0387081618417915,-0.4115756130794353,-1.3529355468748019,-0.08282557857628596,-0.014105216278709006,0.6565309579107825,0.43643523147636054,-0.12358065410923252,-0.9885666093092088
2008-05-02 23:50:00+00:00,ME01,-1.0583282308779416,-0.7449983722578182,-1.3075521313276577,-0.08282557857628596,-0.014105216278709006,0.6565309579107825,0.43643523147636054,-0.12358065410923252,-0.9885666093092088
2008-05-03 00:00:00+00:00,ME01,-1.046341598893831,-0.6496699554472808,-1.3928750956370644,-0.08282557857628596,0.0012823657319760466,0.5647363855739591,-0.039675921333372485,-0.12358065410923252,-1.2563033993304529
2008-05-03 00:10:00+00:00,ME01,-1.068117207273543,-0.11419872489317355,-1.4352283050020347,-0.08282557857628596,0.0012823657319760466,0.5647363855739591,-0.039675921333372485,-0.12358065410923252,-1.2563033993304529
2008-05-03 00:20:00+00:00,ME01,-1.0131898106566932,-0.7407889872259527,-1.4030747146536933,-0.08282557857628596,0.0012823657319760466,0.5647363855739591,-0.039675921333372485,-0.12358065410923252,-1.2563033993304529
2008-05-03 00:30:00+00:00,ME01,-0.9287097129645697,-0.9370050407487763,-1.4250500864939373,-0.08282557857628596,0.0012823657319760466,0.5647363855739591,-0.039675921333372485,-0.12358065410923252,-1.2563033993304529
2008-05-03 00:40:00+00:00,ME01,-0.9095143073779501,-0.7398293222328444,-1.4185343021213377,-0.08282557857628596,0.0012823657319760466,0.5647363855739591,-0.039675921333372485,-0.12358065410923252,-1.2563033993304529
2008-05-03 00:50:00+00:00,ME01,-0.9855816698127191,-0.32545310062950966,-1.4295391606234558,-0.08282557857628596,0.0012823657319760466,0.5647363855739591,-0.039675921333372485,-0.12358065410923252,-1.2563033993304529
2008-05-03 01:00:00+00:00,ME01,-0.84570698787602,-0.542699259054426,-1.4471743420275376,-0.27215466308950753,-0.020516910476418782,0.5088614163688563,-0.6744907594765952,-0.12358065410923252,-1.2563033993304529
2008-05-03 01:10:00+00:00,ME01,-1.1239552055814581,7.209640597773205,-1.3656325771462157,-0.27215466308950753,-0.020516910476418782,0.5088614163688563,-0.6744907594765952,-0.12358065410923252,-1.2563033993304529
2008-05-03 01:20:00+00:00,ME01,-1.0542397983512752,1.371021996724758,-1.3188593079680262,-0.27215466308950753,-0.020516910476418782,0.5088614163688563,-0.6744907594765952,-0.12358065410923252,-1.2563033993304529
2008-05-03 01:30:00+00:00,ME01,-1.2498867355523513,-0.7566274261727386,-1.2989681586945931,-0.27215466308950753,-0.020516910476418782,0.5088614163688563,-0.6744907594765952,-0.12358065410923252,-1.2563033993304529
2008-05-03 01:40:00+00:00,ME01,-0.8559282400043704,-0.8258128890705784,-0.8834823168822654,-0.27215466308950753,-0.020516910476418782,0.5088614163688563,-0.6744907594765952,-0.12358065410923252,-1.2563033993304529
2008-05-03 01:50:00+00:00,ME01,-1.0934130193865454,0.5239002689554426,-1.189141363995163,-0.27215466308950753,-0.020516910476418782,0.5088614163688563,-0.6744907594765952,-0.12358065410923252,-1.2563033993304529
2008-05-03 02:00:00+00:00,ME01,-0.9382774734932859,-0.7352906647890672,-1.427424917597129,0.10650350593693433,0.008976022275146685,0.43702221010544695,-0.6744907594765952,-0.12358065410923252,-1.2563033993304529
2008-05-03 02:10:00+00:00,ME01,-1.1308641320874475,-0.929678938005011,-1.3555914914632283,0.10650350593693433,0.008976022275146685,0.43702221010544695,-0.6744907594765952,-0.12358065410923252,-1.2563033993304529
2008-05-03 02:20:00+00:00,ME01,-1.0485296610861587,-0.5355394716496087,-1.344282703740718,0.10650350593693433,0.008976022275146685,0.43702221010544695,-0.6744907594765952,-0.12358065410923252,-1.2563033993304529
2008-05-03 02:30:00+00:00,ME01,-1.0777353438880815,-0.9597939459014756,-1.3083333028254653,0.10650350593693433,0.008976022275146685,0.43702221010544695,-0.6744907594765952,-0.12358065410923252,-1.2563033993304529
2008-05-03 02:40:00+00:00,ME01,-1.0863276087283655,-0.9120182805879224,-0.7497744756125833,0.10650350593693433,0.008976022275146685,0.43702221010544695,-0.6744907594765952,-0.12358065410923252,-1.2563033993304529
2008-05-03 02:50:00+00:00,ME01,-0.8441387698313858,-0.9392633523570489,-0.2664258330234262,0.10650350593693433,0.008976022275146685,0.43702221010544695,-0.6744907594765952,-0.12358065410923252,-1.2563033993304529
2008-05-03 03:00:00+00:00,ME01,-0.9316848654015947,-0.6064551165260704,-1.3718775799656833,0.08287274576226471,-0.06283269377471673,0.3891292199282771,-0.6744907594765952,-0.12358065410923252,-1.2563033993304529
2008-05-03 03:10:00+00:00,ME01,-0.9396720757737101,-0.8222690020059583,-0.9466725543780538,0.08287274576226471,-0.06283269377471673,0.3891292199282771,-0.6744907594765952,-0.12358065410923252,-1.2563033993304529
2008-05-03 03:20:00+00:00,ME01,-1.0673159595940016,-0.8583034388003196,-1.034816490129331,0.08287274576226471,-0.06283269377471673,0.3891292199282771,-0.6744907594765952,-0.12358065410923252,-1.2563033993304529
2008-05-03 03:30:00+00:00,ME01,-0.9714415714947137,-0.8418251663472475,-1.0098207994150932,0.08287274576226471,-0.06283269377471673,0.3891292199282771,-0.6744907594765952,-0.12358065410923252,-1.2563033993304529
2008-05-03 03:40:00+00:00,ME01,-0.9636389740594211,-0.7732679731275862,-0.8201927833849573,0.08287274576226471,-0.06283269377471673,0.3891292199282771,-0.6744907594765952,-0.12358065410923252,-1.2563033993304529
2008-05-03 03:50:00+00:00,ME01,-0.8235511571608378,-0.9590516208503548,-0.8836498721291923,0.08287274576226471,-0.06283269377471673,0.3891292199282771,-0.6744907594765952,-0.12358065410923252,-1.2563033993304529
2008-05-03 04:00:00+00:00,ME01,-0.46995804165376615,0.5204516133694568,-0.2946233463514024,-0.059147651215638905,-0.07052661924223115,0.43303108109030775,-0.6744907594765952,-0.12358065410923252,-1.2563033993304529
2008-05-03 04:10:00+00:00,ME01,-0.8637393907139385,-0.8771233844218139,-0.6087301443736869,-0.059147651215638905,-0.07052661924223115,0.43303108109030775,-0.6744907594765952,-0.12358065410923252,-1.2563033993304529
2008-05-03 04:20:00+00:00,ME01,-0.8812080411908917,-0.7840147195499142,-0.7435178464775236,-0.059147651215638905,-0.07052661924223115,0.43303108109030775,-0.6744907594765952,-0.12358065410923252,-1.2563033993304529
2008-05-03 04:30:00+00:00,ME01,-0.7622235500826792,-0.8820817132159889,-0.5531539223105004,-0.059147651215638905,-0.07052661924223115,0.43303108109030775,-0.6744907594765952,-0.12358065410923252,-1.2563033993304529
2008-05-03 04:40:00+00:00,ME01,-0.5918404648397279,-0.8741313300039724,-0.44343815567827116,-0.059147651215638905,-0.07052661924223115,0.43303108109030775,-0.6744907594765952,-0.12358065410923252,-1.2563033993304529
2008-05-03 04:50:00+00:00,ME01,-0.6598440092385113,-0.5290461210208276,0.09183015005253367,-0.059147651215638905,-0.07052661924223115,0.43303108109030775,-0.6744907594765952,-0.12358065410923252,-1.2563033993304529
2008-05-03 05:00:00+00:00,ME01,-0.38153110760753256,-0.623281545061493,0.1460009480012101,0.556195457045316,-0.3885374542360867,0.5727183646018921,-0.3570832920003521,-0.12358065410923252,-1.2563033993304529
2008-05-03 05:10:00+00:00,ME01,-0.4530885411064759,-0.8848042815952476,0.03986790877119935,0.556195457045316,-0.3885374542360867,0.5727183646018921,-0.3570832920003521,-0.12358065410923252,-1.2563033993304529
2008-05-03 05:20:00+00:00,ME01,-0.5255876103885875,-0.7595739740526227,-0.13570996863575183,0.556195457045316,-0.3885374542360867,0.5727183646018921,-0.3570832920003521,-0.12358065410923252,-1.2563033993304529
2008-05-03 05:30:00+00:00,ME01,-0.5975827986392822,-0.8259679168526939,-0.10443345741889883,0.556195457045316,-0.3885374542360867,0.5727183646018921,-0.3570832920003521,-0.12358065410923252,-1.2563033993304529
2008-05-03 05:40:00+00:00,ME01,-0.7192723434138558,-0.8050291788709608,-0.12905659190700197,0.556195457045316,-0.3885374542360867,0.5727183646018921,-0.3570832920003521,-0.12358065410923252,-1.2563033993304529
2008-05-03 05:50:00+00:00,ME01,-0.6976309354396647,-0.8827120946521683,0.0792072743270534,0.556195457045316,-0.3885374542360867,0.5727183646018921,-0.3570832920003521,-0.12358065410923252,-1.2563033993304529
2008-05-03 06:00:00+00:00,ME01,-0.5556868560743816,-0.9426795771371506,0.2977236344408895,0.3195105178108017,0.6283278789823682,0.8042004994527087,2.023472278429786,-0.12358065410923252,-1.4107669320350167
2008-05-03 06:10:00+00:00,ME01,-0.7511605026928871,-0.43602111252247194,0.27279322847025167,0.3195105178108017,0.6283278789823682,0.8042004994527087,2.023472278429786,-0.12358065410923252,-1.4107669320350167
2008-05-03 06:20:00+00:00,ME01,-0.5563635599673837,-0.8923972682285028,0.2862576374092254,0.3195105178108017,0.6283278789823682,0.8042004994527087,2.023472278429786,-0.12358065410923252,-1.4107669320350167
2008-05-03 06:30:00+00:00,ME01,-0.580406195921137,-0.8851646883397349,0.38420489393662166,0.3195105178108017,0.6283278789823682,0.8042004994527087,2.023472278429786,-0.12358065410923252,-1.4107669320350167
2008-05-03 06:40:00+00:00,ME01,-0.668939859505184,-0.9319395275524954,0.0703362780947475,0.3195105178108017,0.6283278789823682,0.8042004994527087,2.023472278429786,-0.12358065410923252,-1.4107669320350167
2008-05-03 06:50:00+00:00,ME01,-0.64221318468158,-0.9078707569344217,0.213461010092821,0.3195105178108017,0.6283278789823682,0.8042004994527087,2.023472278429786,-0.12358065410923252,-1.4107669320350167
2008-05-03 07:00:00+00:00,ME01,-0.7625872866138141,-0.8311008793166123,0.32124350651107814,0.3195105178108017,0.9476209452460275,0.9239326958932562,-0.07935184266674487,-0.12358065410923252,-1.4107669320350167
2008-05-03 07:10:00+00:00,ME01,-0.40164909669190385,-0.9352729121724944,0.08637783533099198,0.3195105178108017,0.9476209452460275,0.9239326958932562,-0.07935184266674487,-0.12358065410923252,-1.4107669320350167
2008-05-03 07:20:00+00:00,ME01,-0.5197339044988568,-0.920196681303808,0.2756421194537945,0.3195105178108017,0.9476209452460275,0.9239326958932562,-0.07935184266674487,-0.12358065410923252,-1.4107669320350167
2008-05-03 07:30:00+00:00,ME01,-0.6474255468977074,-0.3840474157423895,0.29537060899023315,0.3195105178108017,0.9476209452460275,0.9239326958932562,-0.07935184266674487,-0.12358065410923252,-1.4107669320350167
2008-05-03 07:40:00+00:00,ME01,0.8317987959326604,-0.4067315276355224,0.6242317434472926,0.3195105178108017,0.9476209452460275,0.9239326958932562,-0.07935184266674487,-0.12358065410923252,-1.4107669320350167
2008-05-03 07:50:00+00:00,ME01,-0.8676363252569017,-0.9264024081751154,0.28794206596977867,0.3195105178108017,0.9476209452460275,0.9239326958932562,-0.07935184266674487,-0.12358065410923252,-1.4107669320350167
2008-05-03 08:00:00+00:00,ME01,-0.47629946993910727,-0.8402338081644396,0.23363393980384128,-0.08282557857628596,1.6426287496612133,1.0396737633186646,0.15870368533348983,-0.12358065410923252,-1.4107669320350167
2008-05-03 08:10:00+00:00,ME01,-0.22882536953896065,19.363066594987334,0.2799274163961356,-0.08282557857628596,1.6426287496612133,1.0396737633186646,0.15870368533348983,-0.12358065410923252,-1.4107669320350167
2008-05-03 08:20:00+00:00,ME01,-0.6139626764852992,4.946039446340529,0.7201403106955163,-0.08282557857628596,1.6426287496612133,1.0396737633186646,0.15870368533348983,-0.12358065410923252,-1.4107669320350167
2008-05-03 08:30:00+00:00,ME01,-0.524446373588343,8.389701145370658,0.3255875286577449,-0.08282557857628596,1.6426287496612133,1.0396737633186646,0.15870368533348983,-0.12358065410923252,-1.4107669320350167
2008-05-03 08:40:00+00:00,ME01,-0.30279708299262437,4.711322494030511,0.4881379583471136,-0.08282557857628596,1.6426287496612133,1.0396737633186646,0.15870368533348983,-0.12358065410923252,-1.4107669320350167
2008-05-03 08:50:00+00:00,ME01,-0.3260123463855297,2.629473623677475,1.0294870481460157,-0.08282557857628596,1.6426287496612133,1.0396737633186646,0.15870368533348983,-0.12358065410923252,-1.4107669320350167
2008-05-03 09:00:00+00:00,ME01,-0.2975515970323787,-0.046974834000106463,0.5617550137260802,-0.46148374760272787,1.6426287496612133,0.9957719021566656,0.9918982269528381,-0.12358065410923252,-1.4107669320350167
2008-05-03 09:10:00+00:00,ME01,-0.35537198544881066,9.141522970392387,0.21076992699639965,-0.46148374760272787,1.6426287496612133,0.9957719021566656,0.9918982269528381,-0.12358065410923252,-1.4107669320350167
2008-05-03 09:20:00+00:00,ME01,-0.38846742287905806,2.3129274930466384,0.7585110460381502,-0.46148374760272787,1.6426287496612133,0.9957719021566656,0.9918982269528381,-0.12358065410923252,-1.4107669320350167
2008-05-03 09:30:00+00:00,ME01,-0.4973629900647762,0.5015748738700345,0.3856868147374742,-0.46148374760272787,1.6426287496612133,0.9957719021566656,0.9918982269528381,-0.12358065410923252,-1.4107669320350167
2008-05-03 09:40:00+00:00,ME01,-0.59160525906112,-0.7787938065910239,0.46144230578482387,-0.46148374760272787,1.6426287496612133,0.9957719021566656,0.9918982269528381,-0.12358065410923252,-1.4107669320350167
2008-05-03 09:50:00+00:00,ME01,-0.30570044917329925,6.939438803672872,0.5317914187942641,-0.46148374760272787,1.6426287496612133,0.9957719021566656,0.9918982269528381,-0.12358065410923252,-1.4107669320350167
2008-05-03 10:00:00+00:00,ME01,-0.5579384692237757,4.002894025847575,0.5524704573628842,-0.46148374760272787,1.8580554356594916,0.9678342780529097,-0.43643523147636054,-0.12358065410923252,-1.4107669320350167
2008-05-03 10:10:00+00:00,ME01,-0.7592441855596421,0.6442822420091455,0.4683083254248934,-0.46148374760272787,1.8580554356594916,0.9678342780529097,-0.43643523147636054,-0.12358065410923252,-1.4107669320350167
2008-05-03 10:20:00+00:00,ME01,-0.5709053674107544,2.907052859447538,0.4777420831173195,-0.46148374760272787,1.8580554356594916,0.9678342780529097,-0.43643523147636054,-0.12358065410923252,-1.4107669320350167
2008-05-03 10:30:00+00:00,ME01,-0.4647087053649032,-0.6736133695962837,0.760794479774249,-0.46148374760272787,1.8580554356594916,0.9678342780529097,-0.43643523147636054,-0.12358065410923252,-1.4107669320350167
2008-05-03 10:40:00+00:00,ME01,-0.5422354202197067,1.4425499874888121,0.5688667694866707,-0.46148374760272787,1.8580554356594916,0.9678342780529097,-0.43643523147636054,-0.12358065410923252,-1.4107669320350167
2008-05-03 10:50:00+00:00,ME01,-0.5672223335970645,1.6938670978870245,0.3681584315556759,-0.46148374760272787,1.8580554356594916,0.9678342780529097,-0.43643523147636054,-0.12358065410923252,-1.4107669320350167
2008-05-03 11:00:00+00:00,ME01,-0.6495722735590687,-0.713612948306967,0.14380491729204525,-0.4378058202420808,1.4951638169790418,0.939896932951531,3.650185343525847,-0.12358065410923252,-1.4107669320350167
2008-05-03 11:10:00+00:00,ME01,-0.7247445317360899,-0.8042876821193476,-0.05603859518158225,-0.4378058202420808,1.4951638169790418,0.939896932951531,3.650185343525847,-0.12358065410923252,-1.4107669320350167
2008-05-03 11:20:00+00:00,ME01,-0.7173073305069392,-0.6595565748640464,-0.05465940180913153,-0.4378058202420808,1.4951638169790418,0.939896932951531,3.650185343525847,-0.12358065410923252,-1.4107669320350167
2008-05-03 11:30:00+00:00,ME01,-0.36629397044613243,-0.7738752264023735,0.6560337085193702,-0.4378058202420808,1.4951638169790418,0.939896932951531,3.650185343525847,-0.12358065410923252,-1.4107669320350167
2008-05-03 11:40:00+00:00,ME01,-0.7448098953664364,-0.7431314938002993,-0.005704374193240645,-0.4378058202420808,1.4951638169790418,0.939896932951531,3.650185343525847,-0.12358065410923252,-1.4107669320350167
2008-05-03 11:50:00+00:00,ME01,-0.5197051430205767,-0.6304372738432168,0.062432176639734965,-0.4378058202420808,1.4951638169790418,0.939896932951531,3.650185343525847,-0.12358065410923252,-1.4107669320350167
2008-05-03 12:00:00+00:00,ME01,-0.6091297957874873,-0.8004436873446641,-0.21229722146556368,-0.6034569773946553,1.652887137668337,0.9239326958932562,4.483379885145196,-0.12358065410923252,-1.5652304647395807
2008-05-03 12:10:00+00:00,ME01,-0.39770236780939794,-0.829653391109953,-0.1480041145122749,-0.6034569773946553,1.652887137668337,0.9239326958932562,4.483379885145196,-0.12358065410923252,-1.5652304647395807
2008-05-03 12:20:00+00:00,ME01,0.009361786281727161,-0.8206813193680002,0.3662966079555436,-0.6034569773946553,1.652887137668337,0.9239326958932562,4.483379885145196,-0.12358065410923252,-1.5652304647395807
2008-05-03 12:30:00+00:00,ME01,-0.30199576173106385,-0.4608340275990881,-0.016912794592177705,-0.6034569773946553,1.652887137668337,0.9239326958932562,4.483379885145196,-0.12358065410923252,-1.5652304647395807
2008-05-03 12:40:00+00:00,ME01,-0.42833729151086536,-0.5772249213748574,0.1977618922536829,-0.6034569773946553,1.652887137668337,0.9239326958932562,4.483379885145196,-0.12358065410923252,-1.5652304647395807
2008-05-03 12:50:00+00:00,ME01,-0.43466115501944713,-0.40101670934524164,-0.007858100482511872,-0.6034569773946553,1.652887137668337,0.9239326958932562,4.483379885145196,-0.12358065410923252,-1.5652304647395807
2008-05-03 13:00:00+00:00,ME01,-0.5142634461088134,-0.23311449733174555,0.11641720324227511,-1.5501495671467362,1.7657296746710376,0.8321381235564645,5.0388427838124095,-0.12358065410923252,-1.5652304647395807
2008-05-03 13:10:00+00:00,ME01,-0.12724513313368055,-0.9257294882373458,1.0831462213895895,-1.5501495671467362,1.7657296746710376,0.8321381235564645,5.0388427838124095,-0.12358065410923252,-1.5652304647395807
2008-05-03 13:20:00+00:00,ME01,-0.5869137488294246,-0.643358903848676,0.048257797868833906,-1.5501495671467362,1.7657296746710376,0.8321381235564645,5.0388427838124095,-0.12358065410923252,-1.5652304647395807
2008-05-03 13:30:00+00:00,ME01,-0.7909220321519779,-0.6858251695241558,-0.09989836240620399,-1.5501495671467362,1.7657296746710376,0.8321381235564645,5.0388427838124095,-0.12358065410923252,-1.5652304647395807
2008-05-03 13:40:00+00:00,ME01,-0.6663481267850508,-0.8169614759555801,0.22682762929056607,-1.5501495671467362,1.7657296746710376,0.8321381235564645,5.0388427838124095,-0.12358065410923252,-1.5652304647395807
2008-05-03 13:50:00+00:00,ME01,-0.8362165725243986,-0.8420188964808807,0.2944663272383287,-1.5501495671467362,1.7657296746710376,0.8321381235564645,5.0388427838124095,-0.12358065410923252,-1.5652304647395807
2008-05-03 14:00:00+00:00,ME01,-0.7120087466733338,-0.7633523693233218,0.1578342706992236,-1.5737803273214057,1.6310878614599418,0.6685040659538863,1.7854167504295508,-0.12358065410923252,-1.5652304647395807
2008-05-03 14:10:00+00:00,ME01,-0.4188941436543024,-0.6421376689660334,0.21936236933465017,-1.5737803273214057,1.6310878614599418,0.6685040659538863,1.7854167504295508,-0.12358065410923252,-1.5652304647395807
2008-05-03 14:20:00+00:00,ME01,-0.4931817733785936,-0.8573666137658117,0.22981056695329538,-1.5737803273214057,1.6310878614599418,0.6685040659538863,1.7854167504295508,-0.12358065410923252,-1.5652304647395807
2008-05-03 14:30:00+00:00,ME01,-0.48501738884253537,0.3724508804224012,-0.09649200687942013,-1.5737803273214057,1.6310878614599418,0.6685040659538863,1.7854167504295508,-0.12358065410923252,-1.5652304647395807
2008-05-03 14:40:00+00:00,ME01,-0.7863111220512545,0.5513617098135132,0.02981004433407894,-1.5737803273214057,1.6310878614599418,0.6685040659538863,1.7854167504295508,-0.12358065410923252,-1.5652304647395807
2008-05-03 14:50:00+00:00,ME01,-0.6312037344001149,0.6981393426685694,0.14045551632755188,-1.5737803273214057,1.6310878614599418,0.6685040659538863,1.7854167504295508,-0.12358065410923252,-1.5652304647395807
2008-05-03 15:00:00+00:00,ME01,-0.5838652719776517,2.768984296414016,0.15310204389263776,-1.053148928503037,1.6592985629417034,0.5926737306753378,-0.07935184266674487,-0.12358065410923252,-1.5652304647395807
2008-05-03 15:10:00+00:00,ME01,-0.6484278115400689,3.9914729976214955,0.00841942431173365,-1.053148928503037,1.6592985629417034,0.5926737306753378,-0.07935184266674487,-0.12358065410923252,-1.5652304647395807
2008-05-03 15:20:00+00:00,ME01,-0.7779540966276364,1.8291305466327246,-0.055726704614714975,-1.053148928503037,1.6592985629417034,0.5926737306753378,-0.07935184266674487,-0.12358065410923252,-1.5652304647395807
2008-05-03 15:30:00+00:00,ME01,-0.7395904864118783,1.9659667790661854,-0.16701460675477373,-1.053148928503037,1.6592985629417034,0.5926737306753378,-0.07935184266674487,-0.12358065410923252,-1.5652304647395807
2008-05-03 15:40:00+00:00,ME01,-0.9504879225114736,1.6682012117373741,-0.1672810220970769,-1.053148928503037,1.6592985629417034,0.5926737306753378,-0.07935184266674487,-0.12358065410923252,-1.5652304647395807
2008-05-03 15:50:00+00:00,ME01,-0.9032401199232272,1.9071903636687635,-0.1093174601830653,-1.053148928503037,1.6592985629417034,0.5926737306753378,-0.07935184266674487,-0.12358065410923252,-1.5652304647395807
2008-05-03 16:00:00+00:00,ME01,-0.7160527375241235,3.086291310664747,0.010460375762510413,-1.3371425552728682,1.4464363394830344,0.6445578498676786,-0.476111152809733,-0.12358065410923252,-1.5652304647395807
2008-05-03 16:10:00+00:00,ME01,-0.6789709822229478,-0.4104259746238219,-0.030308599826670203,-1.3371425552728682,1.4464363394830344,0.6445578498676786,-0.476111152809733,-0.12358065410923252,-1.5652304647395807
2008-05-03 16:20:00+00:00,ME01,-0.5764988435167145,0.9403579717556193,-0.07105565019644432,-1.3371425552728682,1.4464363394830344,0.6445578498676786,-0.476111152809733,-0.12358065410923252,-1.5652304647395807
2008-05-03 16:30:00+00:00,ME01,-0.8547170746008574,2.2423103451201727,0.0018095946980969456,-1.3371425552728682,1.4464363394830344,0.6445578498676786,-0.476111152809733,-0.12358065410923252,-1.5652304647395807
2008-05-03 16:40:00+00:00,ME01,-0.7510291022090934,0.5762796766172011,-0.117201752947484,-1.3371425552728682,1.4464363394830344,0.6445578498676786,-0.476111152809733,-0.12358065410923252,-1.5652304647395807
2008-05-03 16:50:00+00:00,ME01,-0.7443351250335466,1.914948515762437,0.015501425910273668,-1.3371425552728682,1.4464363394830344,0.6445578498676786,-0.476111152809733,-0.12358065410923252,-1.5652304647395807
2008-05-03 17:00:00+00:00,ME01,-0.5962087654966686,9.342394071906527,0.009887849912390523,-1.1951221582949638,1.0155829674864778,0.5008791583385145,-0.5554629954764779,-0.12358065410923252,-1.5652304647395807
2008-05-03 17:10:00+00:00,ME01,-0.733397627586529,3.7686583645915457,0.09555252792894414,-1.1951221582949638,1.0155829674864778,0.5008791583385145,-0.5554629954764779,-0.12358065410923252,-1.5652304647395807
2008-05-03 17:20:00+00:00,ME01,-0.5140002475521039,5.1311162514966,0.07861523585225488,-1.1951221582949638,1.0155829674864778,0.5008791583385145,-0.5554629954764779,-0.12358065410923252,-1.5652304647395807
2008-05-03 17:30:00+00:00,ME01,-0.8388146055224042,3.0379762920261433,-0.08826857136790242,-1.1951221582949638,1.0155829674864778,0.5008791583385145,-0.5554629954764779,-0.12358065410923252,-1.5652304647395807
2008-05-03 17:40:00+00:00,ME01,-0.6931158712084096,3.629115074998295,0.5419748801590354,-1.1951221582949638,1.0155829674864778,0.5008791583385145,-0.5554629954764779,-0.12358065410923252,-1.5652304647395807
2008-05-03 17:50:00+00:00,ME01,-0.578830030259871,1.1107005308188267,0.06842664531612416,-1.1951221582949638,1.0155829674864778,0.5008791583385145,-0.5554629954764779,-0.12358065410923252,-1.5652304647395807
2008-05-03 18:00:00+00:00,ME01,-0.3313471422487662,0.16642315077898853,-0.024551457059969285,-0.6508128321159481,0.2218382457338157,0.5008791583385145,-0.6744907594765952,-0.12358065410923252,-1.7196939974441445
2008-05-03 18:10:00+00:00,ME01,-0.6904707877432037,6.50436907858405,-0.21119077782308182,-0.6508128321159481,0.2218382457338157,0.5008791583385145,-0.6744907594765952,-0.12358065410923252,-1.7196939974441445
2008-05-03 18:20:00+00:00,ME01,-0.4913046891155205,14.575475627006577,-0.3760463736810095,-0.6508128321159481,0.2218382457338157,0.5008791583385145,-0.6744907594765952,-0.12358065410923252,-1.7196939974441445
2008-05-03 18:30:00+00:00,ME01,-0.6200250642710478,4.062615759119839,-0.21627651354907204,-0.6508128321159481,0.2218382457338157,0.5008791583385145,-0.6744907594765952,-0.12358065410923252,-1.7196939974441445
2008-05-03 18:40:00+00:00,ME01,-1.0460230021851091,3.6461690468469294,-0.2235203401842125,-0.6508128321159481,0.2218382457338157,0.5008791583385145,-0.6744907594765952,-0.12358065410923252,-1.7196939974441445
2008-05-03 18:50:00+00:00,ME01,-0.575405853395497,11.529310999704451,-0.3424442458449686,-0.6508128321159481,0.2218382457338157,0.5008791583385145,-0.6744907594765952,-0.12358065410923252,-1.7196939974441445
2008-05-03 19:00:00+00:00,ME01,-0.9759512992652108,4.711778998078475,-0.4812619050189278,-0.8638198439898161,0.10130178326360077,0.600655988705648,-0.6744907594765952,-0.12358065410923252,-1.7196939974441445
2008-05-03 19:10:00+00:00,ME01,-0.8016950625816358,0.7905962331419325,-0.616328815544056,-0.8638198439898161,0.10130178326360077,0.600655988705648,-0.6744907594765952,-0.12358065410923252,-1.7196939974441445
2008-05-03 19:20:00+00:00,ME01,-0.7384931370758698,1.4371930722300361,-0.5303918759189545,-0.8638198439898161,0.10130178326360077,0.600655988705648,-0.6744907594765952,-0.12358065410923252,-1.7196939974441445
2008-05-03 19:30:00+00:00,ME01,-0.7084326665954049,2.3028485615539473,-0.5829019146011836,-0.8638198439898161,0.10130178326360077,0.600655988705648,-0.6744907594765952,-0.12358065410923252,-1.7196939974441445
2008-05-03 19:40:00+00:00,ME01,-0.38793653959509644,11.633094316408846,-0.6627272563621454,-0.8638198439898161,0.10130178326360077,0.600655988705648,-0.6744907594765952,-0.12358065410923252,-1.7196939974441445
2008-05-03 19:50:00+00:00,ME01,-0.4758344621330482,5.087207340430664,-0.7510002980260047,-0.8638198439898161,0.10130178326360077,0.600655988705648,-0.6744907594765952,-0.12358065410923252,-1.7196939974441445
2008-05-03 20:00:00+00:00,ME01,-0.7264375531030509,3.2141929044677835,-0.5646820867904819,-0.10650350593693302,0.11925409673823839,0.6764863239841965,-0.6744907594765952,-0.12358065410923252,-1.7196939974441445
2008-05-03 20:10:00+00:00,ME01,-0.7599381421638877,2.3791830181693623,-0.309296194631008,-0.10650350593693302,0.11925409673823839,0.6764863239841965,-0.6744907594765952,-0.12358065410923252,-1.7196939974441445
2008-05-03 20:20:00+00:00,ME01,-0.8797279000163375,2.771182457691184,-0.8223292007139519,-0.10650350593693302,0.11925409673823839,0.6764863239841965,-0.6744907594765952,-0.12358065410923252,-1.7196939974441445
2008-05-03 20:30:00+00:00,ME01,-0.6866134824231158,12.666896106547172,-0.8302393919951181,-0.10650350593693302,0.11925409673823839,0.6764863239841965,-0.6744907594765952,-0.12358065410923252,-1.7196939974441445
2008-05-03 20:40:00+00:00,ME01,-0.7430518160666967,0.6759006742069666,-0.9160146405610032,-0.10650350593693302,0.11925409673823839,0.6764863239841965,-0.6744907594765952,-0.12358065410923252,-1.7196939974441445
2008-05-03 20:50:00+00:00,ME01,-0.2135184009988014,3.6182495455006842,-0.7729015713821329,-0.10650350593693302,0.11925409673823839,0.6764863239841965,-0.6744907594765952,-0.12358065410923252,-1.7196939974441445
2008-05-03 21:00:00+00:00,ME01,-0.42961857327836467,-0.04908246315190964,-0.9667981839037659,-0.4851616749633749,0.08976116398667293,0.6565309579107825,0.6744907594765952,-0.12358065410923252,-1.7196939974441445
2008-05-03 21:10:00+00:00,ME01,-0.575100530919921,-0.1428815541652869,-0.9202931107049985,-0.4851616749633749,0.08976116398667293,0.6565309579107825,0.6744907594765952,-0.12358065410923252,-1.7196939974441445
2008-05-03 21:20:00+00:00,ME01,-0.671011939938871,1.950288585086519,-1.0102339590446041,-0.4851616749633749,0.08976116398667293,0.6565309579107825,0.6744907594765952,-0.12358065410923252,-1.7196939974441445
2008-05-03 21:30:00+00:00,ME01,-1.0277100594300073,-0.7893782833713193,-0.9859609146991108,-0.4851616749633749,0.08976116398667293,0.6565309579107825,0.6744907594765952,-0.12358065410923252,-1.7196939974441445
2008-05-03 21:40:00+00:00,ME01,-0.9334213097234294,-0.5637004768267212,-0.7958312499966076,-0.4851616749633749,0.08976116398667293,0.6565309579107825,0.6744907594765952,-0.12358065410923252,-1.7196939974441445
2008-05-03 21:50:00+00:00,ME01,-0.9653277870317765,1.430304193134719,-0.9293763669632447,-0.4851616749633749,0.08976116398667293,0.6565309579107825,0.6744907594765952,-0.12358065410923252,-1.7196939974441445
2008-05-03 22:00:00+00:00,ME01,-0.7987118071128777,1.7645135882403673,-1.0038961220159102,-0.34314127798547,0.10514874599735798,0.6206113547790937,1.309305597619818,-0.12358065410923252,-1.7196939974441445
2008-05-03 22:10:00+00:00,ME01,-0.5383058535064857,1.8087808947734711,-1.1324556091204778,-0.34314127798547,0.10514874599735798,0.6206113547790937,1.309305597619818,-0.12358065410923252,-1.7196939974441445
2008-05-03 22:20:00+00:00,ME01,-0.7095142433143944,3.0268073739470647,-1.1138385553559738,-0.34314127798547,0.10514874599735798,0.6206113547790937,1.309305597619818,-0.12358065410923252,-1.7196939974441445
2008-05-03 22:30:00+00:00,ME01,-0.5324903579065081,1.235404952355218,-1.1554237093382098,-0.34314127798547,0.10514874599735798,0.6206113547790937,1.309305597619818,-0.12358065410923252,-1.7196939974441445
2008-05-03 22:40:00+00:00,ME01,-0.472243042704097,0.6877581225049902,-1.0117048472627315,-0.34314127798547,0.10514874599735798,0.6206113547790937,1.309305597619818,-0.12358065410923252,-1.7196939974441445
2008-05-03 22:50:00+00:00,ME01,-0.7742687273750046,0.09086122173398388,-1.084493453348968,-0.34314127798547,0.10514874599735798,0.6206113547790937,1.309305597619818,-0.12358065410923252,-1.7196939974441445
2008-05-03 23:00:00+00:00,ME01,-0.8205977880013586,0.964137801883094,-0.9873153721991804,-0.4851616749633749,-0.023081373016028056,0.5048702873536853,-0.6744907594765952,-0.12358065410923252,-1.7196939974441445
2008-05-03 23:10:00+00:00,ME01,-0.6174036733364321,0.8042525342786266,-0.9305886300154362,-0.4851616749633749,-0.023081373016028056,0.5048702873536853,-0.6744907594765952,-0.12358065410923252,-1.7196939974441445
2008-05-03 23:20:00+00:00,ME01,-0.9679145142634762,-0.23946861278706819,-1.1077731322551005,-0.4851616749633749,-0.023081373016028056,0.5048702873536853,-0.6744907594765952,-0.12358065410923252,-1.7196939974441445
2008-05-03 23:30:00+00:00,ME01,-0.6928894916898611,1.3734026946010751,-1.1705928779478854,-0.4851616749633749,-0.023081373016028056,0.5048702873536853,-0.6744907594765952,-0.12358065410923252,-1.7196939974441445
2008-05-03 23:40:00+00:00,ME01,-0.7479824040853309,-0.6416986537817524,-1.12884315742488,-0.4851616749633749,-0.023081373016028056,0.5048702873536853,-0.6744907594765952,-0.12358065410923252,-1.7196939974441445
2008-05-03 23:50:00+00:00,ME01,-0.5405180210150907,2.4714158178624444,-1.2914148485429662,-0.4851616749633749,-0.023081373016028056,0.5048702873536853,-0.6744907594765952,-0.12358065410923252,-1.7196939974441445
2008-05-04 00:00:00+00:00,ME01,-0.7731353503585042,-0.7151541303193921,-1.2171882843219568,0.10650350593693433,-0.1577231862271234,0.3851380909131062,-0.6744907594765952,-0.12358065410923252,-1.8741575301487083
2008-05-04 00:10:00+00:00,ME01,-0.683012475520629,-0.6488848454416557,-1.1516928800787347,0.10650350593693433,-0.1577231862271234,0.3851380909131062,-0.6744907594765952,-0.12358065410923252,-1.8741575301487083
2008-05-04 00:20:00+00:00,ME01,-0.827082388328949,-0.6092752334546102,-1.2653595334229044,0.10650350593693433,-0.1577231862271234,0.3851380909131062,-0.6744907594765952,-0.12358065410923252,-1.8741575301487083
2008-05-04 00:30:00+00:00,ME01,-0.9304300933261267,-0.39131302892702596,-1.2576134789398699,0.10650350593693433,-0.1577231862271234,0.3851380909131062,-0.6744907594765952,-0.12358065410923252,-1.8741575301487083
2008-05-04 00:40:00+00:00,ME01,-0.7687822938354384,-0.7564296803324487,-1.3397334888052668,0.10650350593693433,-0.1577231862271234,0.3851380909131062,-0.6744907594765952,-0.12358065410923252,-1.8741575301487083
2008-05-04 00:50:00+00:00,ME01,-0.7870167296361649,-0.6695360902245416,-1.1768403065900421,0.10650350593693433,-0.1577231862271234,0.3851380909131062,-0.6744907594765952,-0.12358065410923252,-1.8741575301487083
2008-05-04 01:00:00+00:00,ME01,-0.8505707418001304,-0.9571223084106482,-1.3019910980207594,-0.08282557857628596,-0.22824967100718266,0.24944193641666101,-0.43643523147636054,-0.12358065410923252,-1.8741575301487083
2008-05-04 01:10:00+00:00,ME01,-0.47238152541520584,-0.6228026865207342,-1.322603966018619,-0.08282557857628596,-0.22824967100718266,0.24944193641666101,-0.43643523147636054,-0.12358065410923252,-1.8741575301487083
2008-05-04 01:20:00+00:00,ME01,-0.7291698844302917,-0.8372737218517813,-1.3548318690692187,-0.08282557857628596,-0.22824967100718266,0.24944193641666101,-0.43643523147636054,-0.12358065410923252,-1.8741575301487083
2008-05-04 01:30:00+00:00,ME01,-0.7328801465419699,-0.9092038159537906,-1.3552727339583739,-0.08282557857628596,-0.22824967100718266,0.24944193641666101,-0.43643523147636054,-0.12358065410923252,-1.8741575301487083
2008-05-04 01:40:00+00:00,ME01,-0.7248904416840076,-0.7093164503741064,-1.3192612220030844,-0.08282557857628596,-0.22824967100718266,0.24944193641666101,-0.43643523147636054,-0.12358065410923252,-1.8741575301487083
2008-05-04 01:50:00+00:00,ME01,-0.7082822617250153,-0.45355016393832703,-1.0016981882749376,-0.08282557857628596,-0.22824967100718266,0.24944193641666101,-0.43643523147636054,-0.12358065410923252,-1.8741575301487083
2008-05-04 02:00:00+00:00,ME01,-0.7943070557299687,0.08674415281494369,-1.2089148533986447,-0.08282557857628596,-0.2295321712013306,0.1456739770343883,-0.6744907594765952,-0.12358065410923252,-1.8741575301487083
2008-05-04 02:10:00+00:00,ME01,-0.5125966684427559,1.3424069019980054,-1.4110412085408142,-0.08282557857628596,-0.2295321712013306,0.1456739770343883,-0.6744907594765952,-0.12358065410923252,-1.8741575301487083
2008-05-04 02:20:00+00:00,ME01,-0.7022304280877575,-0.862137681047067,-1.4038097604434627,-0.08282557857628596,-0.2295321712013306,0.1456739770343883,-0.6744907594765952,-0.12358065410923252,-1.8741575301487083
2008-05-04 02:30:00+00:00,ME01,-0.80830942920803,0.3501552948403589,-1.3594645408589745,-0.08282557857628596,-0.2295321712013306,0.1456739770343883,-0.6744907594765952,-0.12358065410923252,-1.8741575301487083
2008-05-04 02:40:00+00:00,ME01,-0.9041312004385934,-0.9439187699157684,-1.3514542507103469,-0.08282557857628596,-0.2295321712013306,0.1456739770343883,-0.6744907594765952,-0.12358065410923252,-1.8741575301487083
2008-05-04 02:50:00+00:00,ME01,-0.7945918127323043,1.8189613546796706,-1.2869369874695387,-0.08282557857628596,-0.2295321712013306,0.1456739770343883,-0.6744907594765952,-0.12358065410923252,-1.8741575301487083
2008-05-04 03:00:00+00:00,ME01,-0.8237670193884673,-0.6921677356493189,-1.3407312659983428,0.272201830275485,-0.3603267527543254,0.10975437390266778,-0.6744907594765952,-0.12358065410923252,-1.8741575301487083
2008-05-04 03:10:00+00:00,ME01,-0.7671763423785676,-0.8152738996805547,-1.3757130984455386,0.272201830275485,-0.3603267527543254,0.10975437390266778,-0.6744907594765952,-0.12358065410923252,-1.8741575301487083
2008-05-04 03:20:00+00:00,ME01,-0.8328978536261848,-0.5629907067320327,-1.33521641232375,0.272201830275485,-0.3603267527543254,0.10975437390266778,-0.6744907594765952,-0.12358065410923252,-1.8741575301487083
2008-05-04 03:30:00+00:00,ME01,-0.7522338394492845,-0.8447190114486022,-1.2487040747730231,0.272201830275485,-0.3603267527543254,0.10975437390266778,-0.6744907594765952,-0.12358065410923252,-1.8741575301487083
2008-05-04 03:40:00+00:00,ME01,-0.6937748461938811,2.0620736978808214,-1.2234395900815531,0.272201830275485,-0.3603267527543254,0.10975437390266778,-0.6744907594765952,-0.12358065410923252,-1.8741575301487083
2008-05-04 03:50:00+00:00,ME01,-0.608451180632846,3.8913588551297558,-1.0810722622971047,0.272201830275485,-0.3603267527543254,0.10975437390266778,-0.6744907594765952,-0.12358065410923252,-1.8741575301487083
2008-05-04 04:00:00+00:00,ME01,-0.7514021495896173,-0.8573816483691632,-0.9954808654615301,0.272201830275485,-0.30390561871514704,0.13370086899128442,0.35708338880961554,-0.12358065410923252,-1.8741575301487083
2008-05-04 04:10:00+00:00,ME01,-0.6900196258780191,-0.29434141067109215,-0.7968513061031144,0.272201830275485,-0.30390561871514704,0.13370086899128442,0.35708338880961554,-0.12358065410923252,-1.8741575301487083
2008-05-04 04:20:00+00:00,ME01,-0.6228199852228827,1.2955552856146477,-0.9596683032341241,0.272201830275485,-0.30390561871514704,0.13370086899128442,0.35708338880961554,-0.12358065410923252,-1.8741575301487083
2008-05-04 04:30:00+00:00,ME01,-0.7363371922207385,-0.8534786551560855,-0.8665079902627817,0.272201830275485,-0.30390561871514704,0.13370086899128442,0.35708338880961554,-0.12358065410923252,-1.8741575301487083
2008-05-04 04:40:00+00:00,ME01,-0.8036992514878613,-0.6187251859297556,-0.8274224062419376,0.272201830275485,-0.30390561871514704,0.13370086899128442,0.35708338880961554,-0.12358065410923252,-1.8741575301487083
2008-05-04 04:50:00+00:00,ME01,-0.7325836441014199,-0.7106043325870866,-0.7253247382904866,0.272201830275485,-0.30390561871514704,0.13370086899128442,0.35708338880961554,-0.12358065410923252,-1.8741575301487083
2008-05-04 05:00:00+00:00,ME01,-0.43393356541403055,-0.8364399032389243,-0.6319081678354179,0.272201830275485,0.0782202757854013,0.2574239154446257,-0.15870368533348983,-0.12358065410923252,-1.8741575301487083
2008-05-04 05:10:00+00:00,ME01,-0.672857000731625,-0.3603665371593862,-0.7491723302847547,0.272201830275485,0.0782202757854013,0.2574239154446257,-0.15870368533348983,-0.12358065410923252,-1.8741575301487083
2008-05-04 05:20:00+00:00,ME01,-0.7703701671282724,1.138749079291389,-0.5956235357345713,0.272201830275485,0.0782202757854013,0.2574239154446257,-0.15870368533348983,-0.12358065410923252,-1.8741575301487083
2008-05-04 05:30:00+00:00,ME01,-0.4778820434204642,0.14914519992125988,-0.636462310343976,0.272201830275485,0.0782202757854013,0.2574239154446257,-0.15870368533348983,-0.12358065410923252,-1.8741575301487083
2008-05-04 05:40:00+00:00,ME01,-0.7039221303685396,3.43025191812695,-0.7115586463260409,0.272201830275485,0.0782202757854013,0.2574239154446257,-0.15870368533348983,-0.12358065410923252,-1.8741575301487083
2008-05-04 05:50:00+00:00,ME01,-0.4530819972547097,-0.8351407812628227,-0.5457119154784986,0.272201830275485,0.0782202757854013,0.2574239154446257,-0.15870368533348983,-0.12358065410923252,-1.8741575301487083
2008-05-04 06:00:00+00:00,ME01,-0.6466722029175679,-0.30261177644158693,-0.5282100798696864,0.24852390291483925,1.1720237879816253,0.4968880293233435,-0.6744907594765952,-0.12358065410923252,-1.6939500753267172
2008-05-04 06:10:00+00:00,ME01,-0.8508439851046403,-0.8468690760226549,-0.31106024703059326,0.24852390291483925,1.1720237879816253,0.4968880293233435,-0.6744907594765952,-0.12358065410923252,-1.6939500753267172
2008-05-04 06:20:00+00:00,ME01,-0.8530469100507373,-0.9111183736480275,-0.5391322787793293,0.24852390291483925,1.1720237879816253,0.4968880293233435,-0.6744907594765952,-0.12358065410923252,-1.6939500753267172
2008-05-04 06:30:00+00:00,ME01,-0.49334156181653777,-0.0648562061967891,0.04705531266086694,0.24852390291483925,1.1720237879816253,0.4968880293233435,-0.6744907594765952,-0.12358065410923252,-1.6939500753267172
2008-05-04 06:40:00+00:00,ME01,-0.4811105748437516,-0.5099764253904886,-0.3606946544718941,0.24852390291483925,1.1720237879816253,0.4968880293233435,-0.6744907594765952,-0.12358065410923252,-1.6939500753267172
2008-05-04 06:50:00+00:00,ME01,-0.7250664849769338,-0.5147551365207078,-0.4820138810597681,0.24852390291483925,1.1720237879816253,0.4968880293233435,-0.6744907594765952,-0.12358065410923252,-1.6939500753267172
2008-05-04 07:00:00+00:00,ME01,-0.713287962738232,1.711780381577729,-0.27465852323926954,-0.08282557857628596,1.5259392499247555,0.6485486998804406,-0.039675921333372485,-0.12358065410923252,-1.6939500753267172
2008-05-04 07:10:00+00:00,ME01,-0.7883604194647095,0.4832770469731567,-0.26114068238353316,-0.08282557857628596,1.5259392499247555,0.6485486998804406,-0.039675921333372485,-0.12358065410923252,-1.6939500753267172
2008-05-04 07:20:00+00:00,ME01,-0.6639192078046724,1.8565832655915941,-0.16742965682601363,-0.08282557857628596,1.5259392499247555,0.6485486998804406,-0.039675921333372485,-0.12358065410923252,-1.6939500753267172
2008-05-04 07:30:00+00:00,ME01,-0.7911602228182543,0.35579688794072634,-0.1934802987954876,-0.08282557857628596,1.5259392499247555,0.6485486998804406,-0.039675921333372485,-0.12358065410923252,-1.6939500753267172
2008-05-04 07:40:00+00:00,ME01,-0.803594771046089,1.1904633386239432,-0.0008630484845628083,-0.08282557857628596,1.5259392499247555,0.6485486998804406,-0.039675921333372485,-0.12358065410923252,-1.6939500753267172
2008-05-04 07:50:00+00:00,ME01,-0.8316194228184244,1.750337245521294,-0.0496776149666153,-0.08282557857628596,1.5259392499247555,0.6485486998804406,-0.039675921333372485,-0.12358065410923252,-1.6939500753267172
2008-05-04 08:00:00+00:00,ME01,-0.7848581790563157,4.9533809729767695,-0.05201776894624647,-0.10650350593693302,1.7003321149701962,0.752316659262745,1.4680093797625713,-0.12358065410923252,-1.6939500753267172
2008-05-04 08:10:00+00:00,ME01,-0.4990028345732853,17.51459471902052,0.03925577810739905,-0.10650350593693302,1.7003321149701962,0.752316659262745,1.4680093797625713,-0.12358065410923252,-1.6939500753267172
2008-05-04 08:20:00+00:00,ME01,-0.24626036232722684,4.022328793907848,0.13518849988634662,-0.10650350593693302,1.7003321149701962,0.752316659262745,1.4680093797625713,-0.12358065410923252,-1.6939500753267172
2008-05-04 08:30:00+00:00,ME01,-0.5597072928900616,13.996882826934428,0.1741122356097395,-0.10650350593693302,1.7003321149701962,0.752316659262745,1.4680093797625713,-0.12358065410923252,-1.6939500753267172
2008-05-04 08:40:00+00:00,ME01,-0.6769961361452108,3.6580629585985736,0.033283325422684085,-0.10650350593693302,1.7003321149701962,0.752316659262745,1.4680093797625713,-0.12358065410923252,-1.6939500753267172
2008-05-04 08:50:00+00:00,ME01,-0.5744641331010515,3.217987362209143,0.013643105997320494,-0.10650350593693302,1.7003321149701962,0.752316659262745,1.4680093797625713,-0.12358065410923252,-1.6939500753267172
2008-05-04 09:00:00+00:00,ME01,-0.4092553964507358,3.2420424747290264,-0.17205561060327496,0.29583259045015464,1.7541887864697658,0.764289767305849,1.983796357096413,-0.12358065410923252,-1.6939500753267172
2008-05-04 09:10:00+00:00,ME01,-0.5880035180868207,11.877352798586339,-0.03805759789896505,0.29583259045015464,1.7541887864697658,0.764289767305849,1.983796357096413,-0.12358065410923252,-1.6939500753267172
2008-05-04 09:20:00+00:00,ME01,-0.47143031457514695,4.278076274878533,-0.010535575740012225,0.29583259045015464,1.7541887864697658,0.764289767305849,1.983796357096413,-0.12358065410923252,-1.6939500753267172
2008-05-04 09:30:00+00:00,ME01,-0.48947450719233715,2.65244231979275,0.3268855292742748,0.29583259045015464,1.7541887864697658,0.764289767305849,1.983796357096413,-0.12358065410923252,-1.6939500753267172
2008-05-04 09:40:00+00:00,ME01,-0.6539442884945286,1.6484670578934948,0.21859365784244095,0.29583259045015464,1.7541887864697658,0.764289767305849,1.983796357096413,-0.12358065410923252,-1.6939500753267172
2008-05-04 09:50:00+00:00,ME01,-0.7634139239315793,0.0516120107451915,0.07567976722948931,0.29583259045015464,1.7541887864697658,0.764289767305849,1.983796357096413,-0.12358065410923252,-1.6939500753267172
2008-05-04 10:00:00+00:00,ME01,-0.5002859130663858,0.08333612663811679,0.0033896868641856105,0.15385936065822844,2.0234724128919575,0.764289767305849,0.7935185234767126,-0.12358065410923252,-1.6939500753267172
2008-05-04 10:10:00+00:00,ME01,-0.672919314122586,1.183158121989366,0.11332718330645135,0.15385936065822844,2.0234724128919575,0.764289767305849,0.7935185234767126,-0.12358065410923252,-1.6939500753267172
2008-05-04 10:20:00+00:00,ME01,-0.6453632073004912,12.302503172270026,0.03702420039328962,0.15385936065822844,2.0234724128919575,0.764289767305849,0.7935185234767126,-0.12358065410923252,-1.6939500753267172
2008-05-04 10:30:00+00:00,ME01,-0.7833374299456036,-0.46784382627512794,-0.14942619007877145,0.15385936065822844,2.0234724128919575,0.764289767305849,0.7935185234767126,-0.12358065410923252,-1.6939500753267172
2008-05-04 10:40:00+00:00,ME01,-0.7966171015267258,0.013929114289282406,0.012042314114186879,0.15385936065822844,2.0234724128919575,0.764289767305849,0.7935185234767126,-0.12358065410923252,-1.6939500753267172
2008-05-04 10:50:00+00:00,ME01,-0.679486414943414,-0.4921154322526408,0.0004208560251640919,0.15385936065822844,2.0234724128919575,0.764289767305849,0.7935185234767126,-0.12358065410923252,-1.6939500753267172
2008-05-04 11:00:00+00:00,ME01,-0.7251880466693514,-0.6119440320953857,-0.34658342561881,-1.053148928503037,1.893959793684423,0.77626315435133,2.8963427413825067,-0.12358065410923252,-1.6939500753267172
2008-05-04 11:10:00+00:00,ME01,-0.6404959472186398,0.022457977319384887,-0.3496760006537786,-1.053148928503037,1.893959793684423,0.77626315435133,2.8963427413825067,-0.12358065410923252,-1.6939500753267172
2008-05-04 11:20:00+00:00,ME01,-0.539361020718741,-0.7015428699400937,-0.6251761920231774,-1.053148928503037,1.893959793684423,0.77626315435133,2.8963427413825067,-0.12358065410923252,-1.6939500753267172
2008-05-04 11:30:00+00:00,ME01,-0.5186600816899436,-0.7561823952579478,-0.6367914561467514,-1.053148928503037,1.893959793684423,0.77626315435133,2.8963427413825067,-0.12358065410923252,-1.6939500753267172
2008-05-04 11:40:00+00:00,ME01,-0.7300462304310787,-0.6105534241372541,-0.5323959740822711,-1.053148928503037,1.893959793684423,0.77626315435133,2.8963427413825067,-0.12358065410923252,-1.6939500753267172
2008-05-04 11:50:00+00:00,ME01,-0.5177148529501509,-0.6993617537030631,-0.4895017739286004,-1.053148928503037,1.893959793684423,0.77626315435133,2.8963427413825067,-0.12358065410923252,-1.6939500753267172
2008-05-04 12:00:00+00:00,ME01,-0.5717252470611403,-0.7801773572777333,-0.42911201452146414,-0.6508128321159481,1.878572211673738,0.7283701641741601,3.2931020515254947,-0.12358065410923252,-1.513742620504726
2008-05-04 12:10:00+00:00,ME01,-0.6081569034500658,-0.5017745664434183,-0.3041725248254843,-0.6508128321159481,1.878572211673738,0.7283701641741601,3.2931020515254947,-0.12358065410923252,-1.513742620504726
2008-05-04 12:20:00+00:00,ME01,-0.7377516255007396,-0.7492413267177888,-0.4343354717201915,-0.6508128321159481,1.878572211673738,0.7283701641741601,3.2931020515254947,-0.12358065410923252,-1.513742620504726
2008-05-04 12:30:00+00:00,ME01,-0.4801485120486997,-0.7090260526285592,-0.1577250830646508,-0.6508128321159481,1.878572211673738,0.7283701641741601,3.2931020515254947,-0.12358065410923252,-1.513742620504726
2008-05-04 12:40:00+00:00,ME01,-0.4569950492997453,1.086651188439992,-0.38748865465416377,-0.6508128321159481,1.878572211673738,0.7283701641741601,3.2931020515254947,-0.12358065410923252,-1.513742620504726
2008-05-04 12:50:00+00:00,ME01,-0.5191808962635999,0.23909562041503124,-0.4785204552895805,-0.6508128321159481,1.878572211673738,0.7283701641741601,3.2931020515254947,-0.12358065410923252,-1.513742620504726
2008-05-04 13:00:00+00:00,ME01,-0.682776854945744,2.055779731475575,-0.43575029182084485,-0.6508128321159481,1.8093279581634834,0.6565309579107825,3.8882409683353454,-0.12358065410923252,-1.513742620504726
2008-05-04 13:10:00+00:00,ME01,-0.6521662965875764,-0.2982488892816173,-0.39108773584668854,-0.6508128321159481,1.8093279581634834,0.6565309579107825,3.8882409683353454,-0.12358065410923252,-1.513742620504726
2008-05-04 13:20:00+00:00,ME01,-0.5361074317582072,2.5714295139632917,-0.3429867048572204,-0.6508128321159481,1.8093279581634834,0.6565309579107825,3.8882409683353454,-0.12358065410923252,-1.513742620504726
2008-05-04 13:30:00+00:00,ME01,-0.608540064020674,1.700285839427278,-0.4743076942415602,-0.6508128321159481,1.8093279581634834,0.6565309579107825,3.8882409683353454,-0.12358065410923252,-1.513742620504726
2008-05-04 13:40:00+00:00,ME01,-0.7474561231749708,0.5327046452653855,-0.5087921961511171,-0.6508128321159481,1.8093279581634834,0.6565309579107825,3.8882409683353454,-0.12358065410923252,-1.513742620504726
2008-05-04 13:50:00+00:00,ME01,-0.47917330497619925,-0.7835506139317325,-0.44725710076383657,-0.6508128321159481,1.8093279581634834,0.6565309579107825,3.8882409683353454,-0.12358065410923252,-1.513742620504726
2008-05-04 14:00:00+00:00,ME01,-0.5903636516991129,-0.8005632650491575,-0.45007516373178796,-1.0057930737817435,1.6464754434706268,0.5567541275436491,4.0866205750022075,-0.12358065410923252,-1.513742620504726
2008-05-04 14:10:00+00:00,ME01,-0.37671599769682756,2.405793734156608,-0.2902416697105178,-1.0057930737817435,1.6464754434706268,0.5567541275436491,4.0866205750022075,-0.12358065410923252,-1.513742620504726
2008-05-04 14:20:00+00:00,ME01,-0.5424965725784096,5.936107969001836,-0.3419417646121296,-1.0057930737817435,1.6464754434706268,0.5567541275436491,4.0866205750022075,-0.12358065410923252,-1.513742620504726
2008-05-04 14:30:00+00:00,ME01,-0.5067411775881739,-0.07847414997387678,-0.24470332549488824,-1.0057930737817435,1.6464754434706268,0.5567541275436491,4.0866205750022075,-0.12358065410923252,-1.513742620504726
2008-05-04 14:40:00+00:00,ME01,-0.4163834696816136,-0.6068367942839842,-0.4196865434074105,-1.0057930737817435,1.6464754434706268,0.5567541275436491,4.0866205750022075,-0.12358065410923252,-1.513742620504726
2008-05-04 14:50:00+00:00,ME01,-0.33047871512348576,-0.894969821080503,-0.35572977679949996,-1.0057930737817435,1.6464754434706268,0.5567541275436491,4.0866205750022075,-0.12358065410923252,-1.513742620504726
2008-05-04 15:00:00+00:00,ME01,-0.4661605445999062,-0.6106809031724373,-0.31939339320144305,-1.5974582546820528,1.2066459147367525,0.5527629985284781,1.983796357096413,-0.12358065410923252,-1.513742620504726
2008-05-04 15:10:00+00:00,ME01,-0.43405281870279994,4.678018688866571,-0.12987903172123097,-1.5974582546820528,1.2066459147367525,0.5527629985284781,1.983796357096413,-0.12358065410923252,-1.513742620504726
2008-05-04 15:20:00+00:00,ME01,-0.24448502612443646,6.846767166745801,-0.2651000297739572,-1.5974582546820528,1.2066459147367525,0.5527629985284781,1.983796357096413,-0.12358065410923252,-1.513742620504726
2008-05-04 15:30:00+00:00,ME01,-0.1726321281415262,7.053292432741849,-0.21955263981640838,-1.5974582546820528,1.2066459147367525,0.5527629985284781,1.983796357096413,-0.12358065410923252,-1.513742620504726
2008-05-04 15:40:00+00:00,ME01,-0.8333189624692002,6.750427270857302,-0.13046926852807186,-1.5974582546820528,1.2066459147367525,0.5527629985284781,1.983796357096413,-0.12358065410923252,-1.513742620504726
2008-05-04 15:50:00+00:00,ME01,-0.94748375953156,1.7927647554480102,0.05817955518195896,-1.5974582546820528,1.2066459147367525,0.5527629985284781,1.983796357096413,-0.12358065410923252,-1.513742620504726
2008-05-04 16:00:00+00:00,ME01,-1.0282669305291066,-0.47649903142287875,-0.048802620200235916,-1.3844512428081848,1.0450759002380439,0.5647363855739591,0.6348148381432227,-0.12358065410923252,-1.513742620504726
2008-05-04 16:10:00+00:00,ME01,-0.8278785646017485,4.860675073802851,0.07271595834993945,-1.3844512428081848,1.0450759002380439,0.5647363855739591,0.6348148381432227,-0.12358065410923252,-1.513742620504726
2008-05-04 16:20:00+00:00,ME01,-0.6623003754381387,0.33542286537189253,0.17882329085458157,-1.3844512428081848,1.0450759002380439,0.5647363855739591,0.6348148381432227,-0.12358065410923252,-1.513742620504726
2008-05-04 16:30:00+00:00,ME01,-0.6307997328537452,-0.6335326916342544,0.1810937722584109,-1.3844512428081848,1.0450759002380439,0.5647363855739591,0.6348148381432227,-0.12358065410923252,-1.513742620504726
2008-05-04 16:40:00+00:00,ME01,-0.7094914938428897,3.767385951717548,0.052044273971405264,-1.3844512428081848,1.0450759002380439,0.5647363855739591,0.6348148381432227,-0.12358065410923252,-1.513742620504726
2008-05-04 16:50:00+00:00,ME01,-0.5593487799052215,2.8705408203996305,-0.24470593851263922,-1.3844512428081848,1.0450759002380439,0.5647363855739591,0.6348148381432227,-0.12358065410923252,-1.513742620504726
2008-05-04 17:00:00+00:00,ME01,-0.5129923341916793,3.0871239639294408,-0.14718086717781148,-1.242478013016258,0.6783375877481805,0.5407898904853742,-0.5951389168098503,-0.12358065410923252,-1.513742620504726
2008-05-04 17:10:00+00:00,ME01,-0.8071543632016404,-0.17710898141107276,-0.03534474337690123,-1.242478013016258,0.6783375877481805,0.5407898904853742,-0.5951389168098503,-0.12358065410923252,-1.513742620504726
2008-05-04 17:20:00+00:00,ME01,-0.6069756777891778,4.78883782426091,-0.2903175062163643,-1.242478013016258,0.6783375877481805,0.5407898904853742,-0.5951389168098503,-0.12358065410923252,-1.513742620504726
2008-05-04 17:30:00+00:00,ME01,-0.4804604415794316,8.69547221053115,0.2133360952913624,-1.242478013016258,0.6783375877481805,0.5407898904853742,-0.5951389168098503,-0.12358065410923252,-1.513742620504726
2008-05-04 17:40:00+00:00,ME01,-0.49495601874922374,3.2486850025863765,-0.30659369701650496,-1.242478013016258,0.6783375877481805,0.5407898904853742,-0.5951389168098503,-0.12358065410923252,-1.513742620504726
2008-05-04 17:50:00+00:00,ME01,-0.5579962746213817,9.351599713227532,-0.3214800395601791,-1.242478013016258,0.6783375877481805,0.5407898904853742,-0.5951389168098503,-0.12358065410923252,-1.513742620504726
2008-05-04 18:00:00+00:00,ME01,-0.5064253263157682,2.7348126802683814,-0.2809671438688751,-1.0768268558636842,-0.020516910476418782,0.5008791583385145,-0.6744907594765952,-0.12358065410923252,-1.3335351656827348
2008-05-04 18:10:00+00:00,ME01,-0.5029014900231364,0.7998711922417031,-0.4039355918820176,-1.0768268558636842,-0.020516910476418782,0.5008791583385145,-0.6744907594765952,-0.12358065410923252,-1.3335351656827348
2008-05-04 18:20:00+00:00,ME01,0.005470996719677808,3.194826833456903,-0.3733008747690984,-1.0768268558636842,-0.020516910476418782,0.5008791583385145,-0.6744907594765952,-0.12358065410923252,-1.3335351656827348
2008-05-04 18:30:00+00:00,ME01,-0.6030325425735714,6.51147254505851,-0.301812937959517,-1.0768268558636842,-0.020516910476418782,0.5008791583385145,-0.6744907594765952,-0.12358065410923252,-1.3335351656827348
2008-05-04 18:40:00+00:00,ME01,-0.36745236240189694,5.067376144216131,-0.30889070437383553,-1.0768268558636842,-0.020516910476418782,0.5008791583385145,-0.6744907594765952,-0.12358065410923252,-1.3335351656827348
2008-05-04 18:50:00+00:00,ME01,-0.347784298121375,1.7160290862497323,-0.3986150804501052,-1.0768268558636842,-0.020516910476418782,0.5008791583385145,-0.6744907594765952,-0.12358065410923252,-1.3335351656827348
2008-05-04 19:00:00+00:00,ME01,-0.35995602298188345,13.953486263233053,-0.5071312534225855,-0.5087924351380445,-0.1307947160151672,0.6525398288956116,-0.6744907594765952,-0.12358065410923252,-1.3335351656827348
2008-05-04 19:10:00+00:00,ME01,-0.2202125811474656,3.089681966630279,-0.5427507376955647,-0.5087924351380445,-0.1307947160151672,0.6525398288956116,-0.6744907594765952,-0.12358065410923252,-1.3335351656827348
2008-05-04 19:20:00+00:00,ME01,-0.17511968350693158,6.752591846256781,-0.5820686833518733,-0.5087924351380445,-0.1307947160151672,0.6525398288956116,-0.6744907594765952,-0.12358065410923252,-1.3335351656827348
2008-05-04 19:30:00+00:00,ME01,-0.3338008461510513,3.6001660792272947,0.11143693667115,-0.5087924351380445,-0.1307947160151672,0.6525398288956116,-0.6744907594765952,-0.12358065410923252,-1.3335351656827348
2008-05-04 19:40:00+00:00,ME01,-0.5666720510036302,2.533837020635948,-0.03104206488189927,-0.5087924351380445,-0.1307947160151672,0.6525398288956116,-0.6744907594765952,-0.12358065410923252,-1.3335351656827348
2008-05-04 19:50:00+00:00,ME01,-0.6172479723417618,3.5201097688734073,-0.7097523489282933,-0.5087924351380445,-0.1307947160151672,0.6525398288956116,-0.6744907594765952,-0.12358065410923252,-1.3335351656827348
2008-05-04 20:00:00+00:00,ME01,-0.46264708233477475,6.80373617359081,-0.7283493050753971,-0.6508128321159481,-0.20645066372313112,0.760298638290678,-0.6744907594765952,-0.12358065410923252,-1.3335351656827348
2008-05-04 20:10:00+00:00,ME01,-0.5438197912864573,0.5442669313289151,-0.8581070762929763,-0.6508128321159481,-0.20645066372313112,0.760298638290678,-0.6744907594765952,-0.12358065410923252,-1.3335351656827348
2008-05-04 20:20:00+00:00,ME01,-0.41838889618929775,-0.3519693923455018,-0.9169375159593603,-0.6508128321159481,-0.20645066372313112,0.760298638290678,-0.6744907594765952,-0.12358065410923252,-1.3335351656827348
2008-05-04 20:30:00+00:00,ME01,-0.13148074366098764,0.0774346352153805,-0.8997488644472905,-0.6508128321159481,-0.20645066372313112,0.760298638290678,-0.6744907594765952,-0.12358065410923252,-1.3335351656827348
2008-05-04 20:40:00+00:00,ME01,-0.3441953561084747,0.5048888755533649,-0.959723286228818,-0.6508128321159481,-0.20645066372313112,0.760298638290678,-0.6744907594765952,-0.12358065410923252,-1.3335351656827348
2008-05-04 20:50:00+00:00,ME01,-0.07519572147627679,1.3659139619968304,-0.9787952243328002,-0.6508128321159481,-0.20645066372313112,0.760298638290678,-0.6744907594765952,-0.12358065410923252,-1.3335351656827348
2008-05-04 21:00:00+00:00,ME01,-0.3203370395783778,4.8299588958776996,-1.0833103671298356,-0.29583259045015464,-0.31288177545246565,0.752316659262745,-0.6744907594765952,-0.12358065410923252,-1.3335351656827348
2008-05-04 21:10:00+00:00,ME01,-0.29416042072867205,2.104458887394522,-1.1216149788215382,-0.29583259045015464,-0.31288177545246565,0.752316659262745,-0.6744907594765952,-0.12358065410923252,-1.3335351656827348
2008-05-04 21:20:00+00:00,ME01,-0.30432767708136443,-0.3762315454333595,-1.1699073324685898,-0.29583259045015464,-0.31288177545246565,0.752316659262745,-0.6744907594765952,-0.12358065410923252,-1.3335351656827348
2008-05-04 21:30:00+00:00,ME01,-0.4066762442367844,-0.11634413572069845,-1.100333822181968,-0.29583259045015464,-0.31288177545246565,0.752316659262745,-0.6744907594765952,-0.12358065410923252,-1.3335351656827348
2008-05-04 21:40:00+00:00,ME01,-0.1397767528425433,0.28289773957508163,-1.1583686522704624,-0.29583259045015464,-0.31288177545246565,0.752316659262745,-0.6744907594765952,-0.12358065410923252,-1.3335351656827348
2008-05-04 21:50:00+00:00,ME01,-0.20716940866177183,-0.3951326326560358,-1.1164991327955165,-0.29583259045015464,-0.31288177545246565,0.752316659262745,-0.6744907594765952,-0.12358065410923252,-1.3335351656827348
2008-05-04 22:00:00+00:00,ME01,-0.26847071909627745,0.44605680584251356,-1.2751342074196204,-0.34314127798547,-0.527025961256596,0.8002093704375378,-0.6744907594765952,-0.12358065410923252,-1.3335351656827348
2008-05-04 22:10:00+00:00,ME01,-0.18420681464904118,-0.8945056430091397,-1.2523316769986415,-0.34314127798547,-0.527025961256596,0.8002093704375378,-0.6744907594765952,-0.12358065410923252,-1.3335351656827348
2008-05-04 22:20:00+00:00,ME01,-0.1919030106257362,-0.6887357336914377,-1.1712144307366312,-0.34314127798547,-0.527025961256596,0.8002093704375378,-0.6744907594765952,-0.12358065410923252,-1.3335351656827348
2008-05-04 22:30:00+00:00,ME01,-0.07708911547827302,-0.31299688905883505,-1.0937028205403703,-0.34314127798547,-0.527025961256596,0.8002093704375378,-0.6744907594765952,-0.12358065410923252,-1.3335351656827348
2008-05-04 22:40:00+00:00,ME01,-0.2879838240708973,-0.8271457116164672,-1.2327239776893653,-0.34314127798547,-0.527025961256596,0.8002093704375378,-0.6744907594765952,-0.12358065410923252,-1.3335351656827348
2008-05-04 22:50:00+00:00,ME01,-0.2469656606845084,-0.5143179838294839,-1.2838890158689924,-0.34314127798547,-0.527025961256596,0.8002093704375378,-0.6744907594765952,-0.12358065410923252,-1.3335351656827348
2008-05-04 23:00:00+00:00,ME01,-0.2480483797164494,2.9647679512905767,-1.2354429921972294,-0.36681920534611706,-0.5090739167063016,0.740343272217264,-0.6744907594765952,-0.12358065410923252,-1.3335351656827348
2008-05-04 23:10:00+00:00,ME01,-0.18724584803508235,-0.8147145947713871,-1.113118445164875,-0.36681920534611706,-0.5090739167063016,0.740343272217264,-0.6744907594765952,-0.12358065410923252,-1.3335351656827348
2008-05-04 23:20:00+00:00,ME01,-0.24531705453789338,-0.8379653503996329,-1.141736675114582,-0.36681920534611706,-0.5090739167063016,0.740343272217264,-0.6744907594765952,-0.12358065410923252,-1.3335351656827348
2008-05-04 23:30:00+00:00,ME01,-0.22419570603358777,-0.8600218362564933,-1.2945086843957392,-0.36681920534611706,-0.5090739167063016,0.740343272217264,-0.6744907594765952,-0.12358065410923252,-1.3335351656827348
2008-05-04 23:40:00+00:00,ME01,-0.1756311277040872,-0.978060261198938,-1.370435470544826,-0.36681920534611706,-0.5090739167063016,0.740343272217264,-0.6744907594765952,-0.12358065410923252,-1.3335351656827348
2008-05-04 23:50:00+00:00,ME01,-0.31360748080250844,-0.9586766764902518,-1.4018916164602566,-0.36681920534611706,-0.5090739167063016,0.740343272217264,-0.6744907594765952,-0.12358065410923252,-1.3335351656827348
2008-05-05 00:00:00+00:00,ME01,-0.2616181960609177,-0.8442851548599579,-1.3820955924959717,0.059194818401617645,-0.3449391707436404,0.6405667208525077,0.19837960666686233,-0.12358065410923252,-1.1533277108607436
2008-05-05 00:10:00+00:00,ME01,-0.3341253983381265,-0.8546282945397149,-1.3716353442241234,0.059194818401617645,-0.3449391707436404,0.6405667208525077,0.19837960666686233,-0.12358065410923252,-1.1533277108607436
2008-05-05 00:20:00+00:00,ME01,-0.14817800972034845,-0.5272665130658609,-1.4020678492819156,0.059194818401617645,-0.3449391707436404,0.6405667208525077,0.19837960666686233,-0.12358065410923252,-1.1533277108607436
2008-05-05 00:30:00+00:00,ME01,-0.509121479136674,-0.934232255239582,-1.3858536053018442,0.059194818401617645,-0.3449391707436404,0.6405667208525077,0.19837960666686233,-0.12358065410923252,-1.1533277108607436
2008-05-05 00:40:00+00:00,ME01,-0.2413567687025355,-0.8786251045877694,-1.4107814715062172,0.059194818401617645,-0.3449391707436404,0.6405667208525077,0.19837960666686233,-0.12358065410923252,-1.1533277108607436
2008-05-05 00:50:00+00:00,ME01,-0.2316753823803231,-0.7930245381831976,-1.357417359680011,0.059194818401617645,-0.3449391707436404,0.6405667208525077,0.19837960666686233,-0.12358065410923252,-1.1533277108607436
2008-05-05 01:00:00+00:00,ME01,-0.363337628715648,-0.8965723140321888,-1.4559168872470736,0.08287274576226471,-0.3757143347650105,0.5727183646018921,1.983796357096413,-0.12358065410923252,-1.1533277108607436
2008-05-05 01:10:00+00:00,ME01,-0.05923348067097518,-0.924329198229408,-1.449735454356785,0.08287274576226471,-0.3757143347650105,0.5727183646018921,1.983796357096413,-0.12358065410923252,-1.1533277108607436
2008-05-05 01:20:00+00:00,ME01,-0.3382224211412899,-0.8883203407154492,-1.4512555830244511,0.08287274576226471,-0.3757143347650105,0.5727183646018921,1.983796357096413,-0.12358065410923252,-1.1533277108607436
2008-05-05 01:30:00+00:00,ME01,-0.4185466896492568,0.02871323183458649,-1.403976497506363,0.08287274576226471,-0.3757143347650105,0.5727183646018921,1.983796357096413,-0.12358065410923252,-1.1533277108607436
2008-05-05 01:40:00+00:00,ME01,-0.4625056412532439,0.07821982868730269,-1.400811227531321,0.08287274576226471,-0.3757143347650105,0.5727183646018921,1.983796357096413,-0.12358065410923252,-1.1533277108607436
2008-05-05 01:50:00+00:00,ME01,-0.5945357449584691,-0.226188454851002,-1.209543042194193,0.08287274576226471,-0.3757143347650105,0.5727183646018921,1.983796357096413,-0.12358065410923252,-1.1533277108607436
2008-05-05 02:00:00+00:00,ME01,-0.47813394295546185,-0.953209312440574,-1.0563386344797026,0.4378529874280595,-0.35648005894491197,0.5048702873536853,0.19837960666686233,-0.12358065410923252,-1.1533277108607436
2008-05-05 02:10:00+00:00,ME01,-0.36537428742319766,-0.7475682469327642,-1.445268030235584,0.4378529874280595,-0.35648005894491197,0.5048702873536853,0.19837960666686233,-0.12358065410923252,-1.1533277108607436
2008-05-05 02:20:00+00:00,ME01,-0.37917097648711046,-0.9497376091010162,-1.296979898934683,0.4378529874280595,-0.35648005894491197,0.5048702873536853,0.19837960666686233,-0.12358065410923252,-1.1533277108607436
2008-05-05 02:30:00+00:00,ME01,-0.35593749188467316,-0.9505644555555405,-1.3953525760517862,0.4378529874280595,-0.35648005894491197,0.5048702873536853,0.19837960666686233,-0.12358065410923252,-1.1533277108607436
2008-05-05 02:40:00+00:00,ME01,-0.4216194875720506,-0.9906472956564673,-1.3267342544855505,0.4378529874280595,-0.35648005894491197,0.5048702873536853,0.19837960666686233,-0.12358065410923252,-1.1533277108607436
2008-05-05 02:50:00+00:00,ME01,-0.4227623399851685,-0.8165733886217146,-1.311648506724502,0.4378529874280595,-0.35648005894491197,0.5048702873536853,0.19837960666686233,-0.12358065410923252,-1.1533277108607436
2008-05-05 03:00:00+00:00,ME01,-0.33796801943685595,-0.7852262492955876,-1.2619776433260113,0.24852390291483925,-0.48086321522454084,0.4489953181485508,-0.6744907594765952,-0.12358065410923252,-1.1533277108607436
2008-05-05 03:10:00+00:00,ME01,-0.4189502940258002,-0.9565140440220574,-0.7499586549088197,0.24852390291483925,-0.48086321522454084,0.4489953181485508,-0.6744907594765952,-0.12358065410923252,-1.1533277108607436
2008-05-05 03:20:00+00:00,ME01,-0.5162106836457235,-0.8497787625647052,-0.6340710531702661,0.24852390291483925,-0.48086321522454084,0.4489953181485508,-0.6744907594765952,-0.12358065410923252,-1.1533277108607436
2008-05-05 03:30:00+00:00,ME01,-0.5504031940324713,-0.6744711907230778,-0.8678433755549969,0.24852390291483925,-0.48086321522454084,0.4489953181485508,-0.6744907594765952,-0.12358065410923252,-1.1533277108607436
2008-05-05 03:40:00+00:00,ME01,-0.39713010274646876,-0.9112486150864919,-0.8233779820367539,0.24852390291483925,-0.48086321522454084,0.4489953181485508,-0.6744907594765952,-0.12358065410923252,-1.1533277108607436
2008-05-05 03:50:00+00:00,ME01,-0.4951863359070452,-0.5133342119753886,-0.79527162843807,0.24852390291483925,-0.48086321522454084,0.4489953181485508,-0.6744907594765952,-0.12358065410923252,-1.1533277108607436
2008-05-05 04:00:00+00:00,ME01,-0.43326748364100953,0.5626157997335487,-0.3755339998766512,-0.10650350593693302,-0.6001171775006078,0.4968880293233435,-0.5951389168098503,-0.12358065410923252,-1.1533277108607436
2008-05-05 04:10:00+00:00,ME01,-0.3377195668183354,-0.41499260524656534,-0.5143661169571374,-0.10650350593693302,-0.6001171775006078,0.4968880293233435,-0.5951389168098503,-0.12358065410923252,-1.1533277108607436
2008-05-05 04:20:00+00:00,ME01,-0.1265915343965343,-0.32095762676418266,-0.05629590657601397,-0.10650350593693302,-0.6001171775006078,0.4968880293233435,-0.5951389168098503,-0.12358065410923252,-1.1533277108607436
2008-05-05 04:30:00+00:00,ME01,-0.35259436410685435,-0.912415556324214,0.3780657015130783,-0.10650350593693302,-0.6001171775006078,0.4968880293233435,-0.5951389168098503,-0.12358065410923252,-1.1533277108607436
2008-05-05 04:40:00+00:00,ME01,-0.4215261946534157,-0.7872716793954213,-0.2623261979382255,-0.10650350593693302,-0.6001171775006078,0.4968880293233435,-0.5951389168098503,-0.12358065410923252,-1.1533277108607436
2008-05-05 04:50:00+00:00,ME01,-0.14302506116582203,-0.7549011597929174,0.2649934157914471,-0.10650350593693302,-0.6001171775006078,0.4968880293233435,-0.5951389168098503,-0.12358065410923252,-1.1533277108607436
2008-05-05 05:00:00+00:00,ME01,-0.22319620754747135,-0.9276878574841705,0.37667720839788205,0.2248459755541922,-0.008976022275147641,0.6525398288956116,-0.6744907594765952,-0.12358065410923252,-1.1533277108607436
2008-05-05 05:10:00+00:00,ME01,-0.35371981177892947,-0.9524017267339593,0.42785772071793643,0.2248459755541922,-0.008976022275147641,0.6525398288956116,-0.6744907594765952,-0.12358065410923252,-1.1533277108607436
2008-05-05 05:20:00+00:00,ME01,-0.2930536260957059,-0.9555443377911773,-0.2785626001168294,0.2248459755541922,-0.008976022275147641,0.6525398288956116,-0.6744907594765952,-0.12358065410923252,-1.1533277108607436
2008-05-05 05:30:00+00:00,ME01,-0.5047520229131582,-0.7473046649492353,0.24256868511926963,0.2248459755541922,-0.008976022275147641,0.6525398288956116,-0.6744907594765952,-0.12358065410923252,-1.1533277108607436
2008-05-05 05:40:00+00:00,ME01,-0.4497700256965623,-0.7030586470289133,0.012474310134852886,0.2248459755541922,-0.008976022275147641,0.6525398288956116,-0.6744907594765952,-0.12358065410923252,-1.1533277108607436
2008-05-05 05:50:00+00:00,ME01,-0.34352645041433777,-0.9458147485646616,0.07060372456364787,0.2248459755541922,-0.008976022275147641,0.6525398288956116,-0.6744907594765952,-0.12358065410923252,-1.1533277108607436
2008-05-05 06:00:00+00:00,ME01,-0.2661182420340089,-0.8620574932422426,0.06568973599323415,0.01183896368032353,1.2015167207331903,0.919941566878117,0.039675921333372485,-0.12358065410923252,-0.9731202560387525
2008-05-05 06:10:00+00:00,ME01,-0.19970269976766158,-0.8822913533848843,0.48021121496567065,0.01183896368032353,1.2015167207331903,0.919941566878117,0.039675921333372485,-0.12358065410923252,-0.9731202560387525
2008-05-05 06:20:00+00:00,ME01,-0.035282015720184176,-0.8475711743591042,0.6668906297673408,0.01183896368032353,1.2015167207331903,0.919941566878117,0.039675921333372485,-0.12358065410923252,-0.9731202560387525
2008-05-05 06:30:00+00:00,ME01,-0.12386209460521866,-0.8726014389605055,0.36490811831686243,0.01183896368032353,1.2015167207331903,0.919941566878117,0.039675921333372485,-0.12358065410923252,-0.9731202560387525
2008-05-05 06:40:00+00:00,ME01,-0.2836819078409934,-0.9598059889222271,0.17828390309299574,0.01183896368032353,1.2015167207331903,0.919941566878117,0.039675921333372485,-0.12358065410923252,-0.9731202560387525
2008-05-05 06:50:00+00:00,ME01,-0.5117824258548025,-0.850311269226522,0.4483530471053179,0.01183896368032353,1.2015167207331903,0.919941566878117,0.039675921333372485,-0.12358065410923252,-0.9731202560387525
2008-05-05 07:00:00+00:00,ME01,-0.21082685540154536,-0.7827722167865292,0.5287563037703078,-0.17749012083289675,1.3912974367136597,1.0157272682300795,0.15870368533348983,-0.12358065410923252,-0.9731202560387525
2008-05-05 07:10:00+00:00,ME01,-0.1822409958840435,-0.9979776658432348,0.1738180348480445,-0.17749012083289675,1.3912974367136597,1.0157272682300795,0.15870368533348983,-0.12358065410923252,-0.9731202560387525
2008-05-05 07:20:00+00:00,ME01,-0.13328106145915847,-0.9583660174783215,0.1157246818215706,-0.17749012083289675,1.3912974367136597,1.0157272682300795,0.15870368533348983,-0.12358065410923252,-0.9731202560387525
2008-05-05 07:30:00+00:00,ME01,-0.07724843062795747,-0.9418942492266312,0.4418223745766535,-0.17749012083289675,1.3912974367136597,1.0157272682300795,0.15870368533348983,-0.12358065410923252,-0.9731202560387525
2008-05-05 07:40:00+00:00,ME01,-0.012149321246944006,-1.0159018533001616,1.2054982451861869,-0.17749012083289675,1.3912974367136597,1.0157272682300795,0.15870368533348983,-0.12358065410923252,-0.9731202560387525
2008-05-05 07:50:00+00:00,ME01,-0.01024457601349517,-0.8874894833489196,0.00363449855248253,-0.17749012083289675,1.3912974367136597,1.0157272682300795,0.15870368533348983,-0.12358065410923252,-0.9731202560387525
2008-05-05 08:00:00+00:00,ME01,-0.4463623785841007,-1.0061590151146016,0.046942723864148134,0.03551689104097058,1.2669142804340314,1.0875664744934572,3.4518057368589847,-0.12358065410923252,-0.9731202560387525
2008-05-05 08:10:00+00:00,ME01,-0.15981428768461836,16.951969707365787,0.08886655187682208,0.03551689104097058,1.2669142804340314,1.0875664744934572,3.4518057368589847,-0.12358065410923252,-0.9731202560387525
2008-05-05 08:20:00+00:00,ME01,-0.3908486169548827,4.333049198856746,-0.049748162573149304,0.03551689104097058,1.2669142804340314,1.0875664744934572,3.4518057368589847,-0.12358065410923252,-0.9731202560387525
2008-05-05 08:30:00+00:00,ME01,-0.43420101286633045,4.8544648807767485,0.2299670887790352,0.03551689104097058,1.2669142804340314,1.0875664744934572,3.4518057368589847,-0.12358065410923252,-0.9731202560387525
2008-05-05 08:40:00+00:00,ME01,-0.6138132746781162,3.0308705220485948,0.39807239429680014,0.03551689104097058,1.2669142804340314,1.0875664744934572,3.4518057368589847,-0.12358065410923252,-0.9731202560387525
2008-05-05 08:50:00+00:00,ME01,-0.5817323211662494,1.0843757114019998,0.4250663816123376,0.03551689104097058,1.2669142804340314,1.0875664744934572,3.4518057368589847,-0.12358065410923252,-0.9731202560387525
2008-05-05 09:00:00+00:00,ME01,-0.26982080465310754,14.7761799238269,0.49962312112799,-0.13013426611160264,1.5823603839639344,1.123486077625146,-0.19837960666686225,-0.12358065410923252,-0.9731202560387525
2008-05-05 09:10:00+00:00,ME01,-0.3318217429335387,3.414256979770076,0.1409552627641925,-0.13013426611160264,1.5823603839639344,1.123486077625146,-0.19837960666686225,-0.12358065410923252,-0.9731202560387525
2008-05-05 09:20:00+00:00,ME01,-0.17306150359925215,12.770003325589462,0.3151963836850267,-0.13013426611160264,1.5823603839639344,1.123486077625146,-0.19837960666686225,-0.12358065410923252,-0.9731202560387525
2008-05-05 09:30:00+00:00,ME01,-0.2995530264333868,4.905444940384152,0.6634398424290783,-0.13013426611160264,1.5823603839639344,1.123486077625146,-0.19837960666686225,-0.12358065410923252,-0.9731202560387525
2008-05-05 09:40:00+00:00,ME01,-0.3844130339337395,-0.7787445869323305,0.042817595440959026,-0.13013426611160264,1.5823603839639344,1.123486077625146,-0.19837960666686225,-0.12358065410923252,-0.9731202560387525
2008-05-05 09:50:00+00:00,ME01,-0.3535379267535134,-0.38959674529772154,0.045432131724305026,-0.13013426611160264,1.5823603839639344,1.123486077625146,-0.19837960666686225,-0.12358065410923252,-0.9731202560387525
2008-05-05 10:00:00+00:00,ME01,-0.18813757324024366,5.301809212461986,0.048898367904729886,-0.8874506041644857,1.9542278904573591,1.2072986709340363,1.8647685930962956,-0.12358065410923252,-0.9731202560387525
2008-05-05 10:10:00+00:00,ME01,-0.08904823193513477,-0.7535195804151457,-0.04426243791152069,-0.8874506041644857,1.9542278904573591,1.2072986709340363,1.8647685930962956,-0.12358065410923252,-0.9731202560387525
2008-05-05 10:20:00+00:00,ME01,-0.12406142138207131,-0.647050544377951,0.17095922648312595,-0.8874506041644857,1.9542278904573591,1.2072986709340363,1.8647685930962956,-0.12358065410923252,-0.9731202560387525
2008-05-05 10:30:00+00:00,ME01,-0.035042193941408686,-0.6551367734054794,0.27461773715414733,-0.8874506041644857,1.9542278904573591,1.2072986709340363,1.8647685930962956,-0.12358065410923252,-0.9731202560387525
2008-05-05 10:40:00+00:00,ME01,-0.3929084707575762,-0.7862876993363986,0.3853343111951822,-0.8874506041644857,1.9542278904573591,1.2072986709340363,1.8647685930962956,-0.12358065410923252,-0.9731202560387525
2008-05-05 10:50:00+00:00,ME01,-0.3603192121292779,-0.8343589948369009,0.33755375491272627,-0.8874506041644857,1.9542278904573591,1.2072986709340363,1.8647685930962956,-0.12358065410923252,-0.9731202560387525
2008-05-05 11:00:00+00:00,ME01,-0.3560656530255465,-0.677331260108518,0.031198400630285,-1.0768268558636842,1.483623197702114,1.0556380003769392,1.150601912286328,-0.12358065410923252,-0.9731202560387525
2008-05-05 11:10:00+00:00,ME01,-0.5417144049762787,-0.8117404464144309,0.03620713248285347,-1.0768268558636842,1.483623197702114,1.0556380003769392,1.150601912286328,-0.12358065410923252,-0.9731202560387525
2008-05-05 11:20:00+00:00,ME01,-0.5632587260042141,-0.6398069858812919,0.029392795662974005,-1.0768268558636842,1.483623197702114,1.0556380003769392,1.150601912286328,-0.12358065410923252,-0.9731202560387525
2008-05-05 11:30:00+00:00,ME01,-0.617031747824115,-0.7686588990058356,0.11247931613578765,-1.0768268558636842,1.483623197702114,1.0556380003769392,1.150601912286328,-0.12358065410923252,-0.9731202560387525
2008-05-05 11:40:00+00:00,ME01,-0.7418473068155705,-0.6598083204831652,0.20873507282390202,-1.0768268558636842,1.483623197702114,1.0556380003769392,1.150601912286328,-0.12358065410923252,-0.9731202560387525
2008-05-05 11:50:00+00:00,ME01,-0.4518239249468457,-0.846201496143692,0.12472456530433056,-1.0768268558636842,1.483623197702114,1.0556380003769392,1.150601912286328,-0.12358065410923252,-0.9731202560387525
2008-05-05 12:00:00+00:00,ME01,-0.38780421578294566,-0.6966363800648129,0.1642553657320272,-0.8874506041644857,1.3425699592176525,1.0436646133314582,0.6348148381432227,-0.12358065410923252,-0.7929128012167613
2008-05-05 12:10:00+00:00,ME01,-0.38666006424092364,-0.7632478004018751,0.05800639804401057,-0.8874506041644857,1.3425699592176525,1.0436646133314582,0.6348148381432227,-0.12358065410923252,-0.7929128012167613
2008-05-05 12:20:00+00:00,ME01,-0.18246329433299263,-0.4683448954261612,-0.05544263256403382,-0.8874506041644857,1.3425699592176525,1.0436646133314582,0.6348148381432227,-0.12358065410923252,-0.7929128012167613
2008-05-05 12:30:00+00:00,ME01,-0.39217966931886555,-0.6384677576931452,0.07347892581433489,-0.8874506041644857,1.3425699592176525,1.0436646133314582,0.6348148381432227,-0.12358065410923252,-0.7929128012167613
2008-05-05 12:40:00+00:00,ME01,-0.27929721915242955,-0.9385383815852122,-0.11329923647881587,-0.8874506041644857,1.3425699592176525,1.0436646133314582,0.6348148381432227,-0.12358065410923252,-0.7929128012167613
2008-05-05 12:50:00+00:00,ME01,-0.24000277892625826,-0.7429530241010294,-0.09704294508236048,-0.8874506041644857,1.3425699592176525,1.0436646133314582,0.6348148381432227,-0.12358065410923252,-0.7929128012167613
2008-05-05 13:00:00+00:00,ME01,-0.31808293685450373,-0.699577308093745,-0.08250178013332748,-1.2661559403769052,1.0232768929539924,0.9239326958932562,0.476111152809733,-0.12358065410923252,-0.7929128012167613
2008-05-05 13:10:00+00:00,ME01,-0.7080865293279623,-0.8313667720097483,0.3774123756023119,-1.2661559403769052,1.0232768929539924,0.9239326958932562,0.476111152809733,-0.12358065410923252,-0.7929128012167613
2008-05-05 13:20:00+00:00,ME01,-0.4138878404542683,-0.7581715491509191,0.15486438221464305,-1.2661559403769052,1.0232768929539924,0.9239326958932562,0.476111152809733,-0.12358065410923252,-0.7929128012167613
2008-05-05 13:30:00+00:00,ME01,-0.730169228616116,-0.6954090946216431,0.14990002719230858,-1.2661559403769052,1.0232768929539924,0.9239326958932562,0.476111152809733,-0.12358065410923252,-0.7929128012167613
2008-05-05 13:40:00+00:00,ME01,-0.342680450389619,-0.611555471746111,0.8085653765504313,-1.2661559403769052,1.0232768929539924,0.9239326958932562,0.476111152809733,-0.12358065410923252,-0.7929128012167613
2008-05-05 13:50:00+00:00,ME01,-0.2914533973091197,-0.7484151793302832,0.925177680379271,-1.2661559403769052,1.0232768929539924,0.9239326958932562,0.476111152809733,-0.12358065410923252,-0.7929128012167613
2008-05-05 14:00:00+00:00,ME01,-0.7660354728802472,0.06355858345741525,0.2986920591538065,-1.0768268558636842,1.155353974701135,0.8800308347312572,-0.2777314493336072,-0.12358065410923252,-0.7929128012167613
2008-05-05 14:10:00+00:00,ME01,-0.8530348510817952,-0.7193138701723442,0.43292623251865414,-1.0768268558636842,1.155353974701135,0.8800308347312572,-0.2777314493336072,-0.12358065410923252,-0.7929128012167613
2008-05-05 14:20:00+00:00,ME01,-0.6145025825241671,-0.9309889525102109,0.38917663777283146,-1.0768268558636842,1.155353974701135,0.8800308347312572,-0.2777314493336072,-0.12358065410923252,-0.7929128012167613
2008-05-05 14:30:00+00:00,ME01,-0.5380748853562269,-0.7480141144373996,0.12678559026381572,-1.0768268558636842,1.155353974701135,0.8800308347312572,-0.2777314493336072,-0.12358065410923252,-0.7929128012167613
2008-05-05 14:40:00+00:00,ME01,-0.17361975923440415,2.654577877382498,-0.014549301933332435,-1.0768268558636842,1.155353974701135,0.8800308347312572,-0.2777314493336072,-0.12358065410923252,-0.7929128012167613
2008-05-05 14:50:00+00:00,ME01,-0.5613103269926173,4.495791977343987,0.13956000654470604,-1.0768268558636842,1.155353974701135,0.8800308347312572,-0.2777314493336072,-0.12358065410923252,-0.7929128012167613
2008-05-05 15:00:00+00:00,ME01,-0.6484499895360907,1.7256189757502811,0.34216565977922864,-1.0768268558636842,1.0104537734829164,0.7802540043641237,-0.15870368533348983,-0.12358065410923252,-0.7929128012167613
2008-05-05 15:10:00+00:00,ME01,-0.6683414954922172,1.8693920981105188,0.009816328314656664,-1.0768268558636842,1.0104537734829164,0.7802540043641237,-0.15870368533348983,-0.12358065410923252,-0.7929128012167613
2008-05-05 15:20:00+00:00,ME01,-0.48266003239997324,0.7905927360074072,-0.034695981684072556,-1.0768268558636842,1.0104537734829164,0.7802540043641237,-0.15870368533348983,-0.12358065410923252,-0.7929128012167613
2008-05-05 15:30:00+00:00,ME01,-0.3105330971632427,1.3721367538480136,0.04862339754111048,-1.0768268558636842,1.0104537734829164,0.7802540043641237,-0.15870368533348983,-0.12358065410923252,-0.7929128012167613
2008-05-05 15:40:00+00:00,ME01,-0.29668684413863067,2.1436328276775036,0.03139576967950437,-1.0768268558636842,1.0104537734829164,0.7802540043641237,-0.15870368533348983,-0.12358065410923252,-0.7929128012167613
2008-05-05 15:50:00+00:00,ME01,-0.17891972846785603,0.9717119142436027,-0.037451251670909895,-1.0768268558636842,1.0104537734829164,0.7802540043641237,-0.15870368533348983,-0.12358065410923252,-0.7929128012167613
2008-05-05 16:00:00+00:00,ME01,-0.293117852308822,-0.6443329162780488,0.01748149131185631,-0.8874506041644857,0.6950076699530136,0.6685040659538863,-0.19837960666686225,-0.12358065410923252,-0.7929128012167613
2008-05-05 16:10:00+00:00,ME01,-0.24051783858154463,6.7743021947869835,-0.09546002705882854,-0.8874506041644857,0.6950076699530136,0.6685040659538863,-0.19837960666686225,-0.12358065410923252,-0.7929128012167613
2008-05-05 16:20:00+00:00,ME01,-0.5334873123737934,3.079957549276935,-0.19042187039868416,-0.8874506041644857,0.6950076699530136,0.6685040659538863,-0.19837960666686225,-0.12358065410923252,-0.7929128012167613
2008-05-05 16:30:00+00:00,ME01,-0.8576725358633506,3.2716697593546096,-0.09687361461698632,-0.8874506041644857,0.6950076699530136,0.6685040659538863,-0.19837960666686225,-0.12358065410923252,-0.7929128012167613
2008-05-05 16:40:00+00:00,ME01,-0.5270647036369328,3.152015602126345,-0.17099972494820545,-0.8874506041644857,0.6950076699530136,0.6685040659538863,-0.19837960666686225,-0.12358065410923252,-0.7929128012167613
2008-05-05 16:50:00+00:00,ME01,-0.8101209961575426,4.610201720438042,0.07319316438169841,-0.8874506041644857,0.6950076699530136,0.6685040659538863,-0.19837960666686225,-0.12358065410923252,-0.7929128012167613
2008-05-05 17:00:00+00:00,ME01,-0.9287552301197883,5.305944281596076,0.10661086227286942,-0.9111285315251328,0.4539347450125832,0.6365755918373368,-0.6744907594765952,-0.12358065410923252,-0.7929128012167613
2008-05-05 17:10:00+00:00,ME01,-0.835870460147226,8.363546311698382,0.00028531847907298734,-0.9111285315251328,0.4539347450125832,0.6365755918373368,-0.6744907594765952,-0.12358065410923252,-0.7929128012167613
2008-05-05 17:20:00+00:00,ME01,-0.7012559413024606,3.7081975199109456,0.11396317714319938,-0.9111285315251328,0.4539347450125832,0.6365755918373368,-0.6744907594765952,-0.12358065410923252,-0.7929128012167613
2008-05-05 17:30:00+00:00,ME01,-0.7900048960329034,5.609873867694491,0.036465651195868726,-0.9111285315251328,0.4539347450125832,0.6365755918373368,-0.6744907594765952,-0.12358065410923252,-0.7929128012167613
2008-05-05 17:40:00+00:00,ME01,-0.6557302668718729,13.975082830797652,-0.16348949330392512,-0.9111285315251328,0.4539347450125832,0.6365755918373368,-0.6744907594765952,-0.12358065410923252,-0.7929128012167613
2008-05-05 17:50:00+00:00,ME01,-0.22895888481502247,6.740943414030571,-0.11342977719114142,-0.9111285315251328,0.4539347450125832,0.6365755918373368,-0.6744907594765952,-0.12358065410923252,-0.7929128012167613
2008-05-05 18:00:00+00:00,ME01,-0.6652572806461182,4.580524331349402,0.037723749121599905,-0.9111285315251328,0.23594359647469612,0.6924505610424713,-0.6744907594765952,-0.12358065410923252,-0.6127053463947703
2008-05-05 18:10:00+00:00,ME01,-0.3512321995125199,1.4042552579907202,0.18929261795770072,-0.9111285315251328,0.23594359647469612,0.6924505610424713,-0.6744907594765952,-0.12358065410923252,-0.6127053463947703
2008-05-05 18:20:00+00:00,ME01,-0.43179248347901084,10.143853003903734,-0.04353202467416119,-0.9111285315251328,0.23594359647469612,0.6924505610424713,-0.6744907594765952,-0.12358065410923252,-0.6127053463947703
2008-05-05 18:30:00+00:00,ME01,-0.9445458456236642,-0.14859408658512738,-0.24011624874655296,-0.9111285315251328,0.23594359647469612,0.6924505610424713,-0.6744907594765952,-0.12358065410923252,-0.6127053463947703
2008-05-05 18:40:00+00:00,ME01,-0.3711951890676387,4.798464023956073,-0.5013555275755518,-0.9111285315251328,0.23594359647469612,0.6924505610424713,-0.6744907594765952,-0.12358065410923252,-0.6127053463947703
2008-05-05 18:50:00+00:00,ME01,-0.6369269486354945,2.220887464176214,-0.5333756161119309,-0.9111285315251328,0.23594359647469612,0.6924505610424713,-0.6744907594765952,-0.12358065410923252,-0.6127053463947703
2008-05-05 19:00:00+00:00,ME01,-0.5984496409427114,5.644243322866597,-0.7749097536890593,-0.9111285315251328,0.21029735753254408,0.8121827574830188,-0.6744907594765952,-0.12358065410923252,-0.6127053463947703
2008-05-05 19:10:00+00:00,ME01,-0.7101706608435665,2.31784215434554,-0.32527526051989814,-0.9111285315251328,0.21029735753254408,0.8121827574830188,-0.6744907594765952,-0.12358065410923252,-0.6127053463947703
2008-05-05 19:20:00+00:00,ME01,-0.2990002174920773,7.408725251677608,-0.6883088229750386,-0.9111285315251328,0.21029735753254408,0.8121827574830188,-0.6744907594765952,-0.12358065410923252,-0.6127053463947703
2008-05-05 19:30:00+00:00,ME01,-0.4098005545214194,0.8685594631544872,-0.2545071223791953,-0.9111285315251328,0.21029735753254408,0.8121827574830188,-0.6744907594765952,-0.12358065410923252,-0.6127053463947703
2008-05-05 19:40:00+00:00,ME01,-0.659085346496727,2.189378413093573,-0.9417338004335489,-0.9111285315251328,0.21029735753254408,0.8121827574830188,-0.6744907594765952,-0.12358065410923252,-0.6127053463947703
2008-05-05 19:50:00+00:00,ME01,-0.45716227479371035,3.4549361322744723,-0.7529707787794054,-0.9111285315251328,0.21029735753254408,0.8121827574830188,-0.6744907594765952,-0.12358065410923252,-0.6127053463947703
2008-05-05 20:00:00+00:00,ME01,-0.5249780494913941,1.7015785757593276,-0.9289492387110793,-0.5324703624986916,0.06924438797242603,0.8840219637464282,0.23805562480949827,-0.12358065410923252,-0.6127053463947703
2008-05-05 20:10:00+00:00,ME01,-0.6095897013006876,2.7998287720216455,-0.8180481070702319,-0.5324703624986916,0.06924438797242603,0.8840219637464282,0.23805562480949827,-0.12358065410923252,-0.6127053463947703
2008-05-05 20:20:00+00:00,ME01,-0.7076297232904639,-0.7859089173717176,-0.643196351504432,-0.5324703624986916,0.06924438797242603,0.8840219637464282,0.23805562480949827,-0.12358065410923252,-0.6127053463947703
2008-05-05 20:30:00+00:00,ME01,-0.7673909055175955,-0.31475369568531497,-1.0114472426510457,-0.5324703624986916,0.06924438797242603,0.8840219637464282,0.23805562480949827,-0.12358065410923252,-0.6127053463947703
2008-05-05 20:40:00+00:00,ME01,-0.604142856207113,-0.1393729339597963,-1.0201651924458501,-0.5324703624986916,0.06924438797242603,0.8840219637464282,0.23805562480949827,-0.12358065410923252,-0.6127053463947703
2008-05-05 20:50:00+00:00,ME01,-0.3063666386044312,0.40944468410503526,-1.1463443562410174,-0.5324703624986916,0.06924438797242603,0.8840219637464282,0.23805562480949827,-0.12358065410923252,-0.6127053463947703
2008-05-05 21:00:00+00:00,ME01,-0.19504010434044003,3.8446479244633736,-1.1297586007482783,-0.5087924351380445,0.1846513875147358,0.8241558655261227,0.39675931014298804,-0.12358065410923252,-0.6127053463947703
2008-05-05 21:10:00+00:00,ME01,-0.15668539437312914,-0.12796039955966218,-1.0817752414196016,-0.5087924351380445,0.1846513875147358,0.8241558655261227,0.39675931014298804,-0.12358065410923252,-0.6127053463947703
2008-05-05 21:20:00+00:00,ME01,-0.2287229990487018,-0.4027047690080749,-1.1545554786949763,-0.5087924351380445,0.1846513875147358,0.8241558655261227,0.39675931014298804,-0.12358065410923252,-0.6127053463947703
2008-05-05 21:30:00+00:00,ME01,0.39734855189527724,16.437835512032933,-1.1941566427216777,-0.5087924351380445,0.1846513875147358,0.8241558655261227,0.39675931014298804,-0.12358065410923252,-0.6127053463947703
2008-05-05 21:40:00+00:00,ME01,-0.2813784174851848,-0.8620170042873294,-1.189293781043593,-0.5087924351380445,0.1846513875147358,0.8241558655261227,0.39675931014298804,-0.12358065410923252,-0.6127053463947703
2008-05-05 21:50:00+00:00,ME01,-0.3441979276380153,2.7459933151731604,-0.9740534847816329,-0.5087924351380445,0.1846513875147358,0.8241558655261227,0.39675931014298804,-0.12358065410923252,-0.6127053463947703
2008-05-05 22:00:00+00:00,ME01,1.164794942119459,4.6332289632389765,-1.356152560206834,-0.5561482898593386,0.12566552201160439,0.7802540043641237,-0.6744907594765952,-0.12358065410923252,-0.6127053463947703
2008-05-05 22:10:00+00:00,ME01,-0.7074160027191267,6.49151671968002,-1.2541781820303743,-0.5561482898593386,0.12566552201160439,0.7802540043641237,-0.6744907594765952,-0.12358065410923252,-0.6127053463947703
2008-05-05 22:20:00+00:00,ME01,-0.7995148972392879,1.0755822584730685,-1.3242615280592531,-0.5561482898593386,0.12566552201160439,0.7802540043641237,-0.6744907594765952,-0.12358065410923252,-0.6127053463947703
2008-05-05 22:30:00+00:00,ME01,-0.7581018189972174,2.0088110111242115,-1.3617885489915202,-0.5561482898593386,0.12566552201160439,0.7802540043641237,-0.6744907594765952,-0.12358065410923252,-0.6127053463947703
2008-05-05 22:40:00+00:00,ME01,-0.5515195362926547,2.6667821302650294,-1.361962318184329,-0.5561482898593386,0.12566552201160439,0.7802540043641237,-0.6744907594765952,-0.12358065410923252,-0.6127053463947703
2008-05-05 22:50:00+00:00,ME01,-0.5970950858291476,5.3940700336971785,-1.2667068262879408,-0.5561482898593386,0.12566552201160439,0.7802540043641237,-0.6744907594765952,-0.12358065410923252,-0.6127053463947703
2008-05-05 23:00:00+00:00,ME01,-0.24134592614954495,9.289063252961608,-1.3547362253293942,-0.36681920534611706,-0.082067238519159,0.6844683030121295,-0.6744907594765952,-0.12358065410923252,-0.6127053463947703
2008-05-05 23:10:00+00:00,ME01,-0.6401049831233362,-0.3170721849029923,-1.3902446608978671,-0.36681920534611706,-0.082067238519159,0.6844683030121295,-0.6744907594765952,-0.12358065410923252,-0.6127053463947703
2008-05-05 23:20:00+00:00,ME01,-0.5112123132977231,1.0991958388334642,-1.2949914169062273,-0.36681920534611706,-0.082067238519159,0.6844683030121295,-0.6744907594765952,-0.12358065410923252,-0.6127053463947703
2008-05-05 23:30:00+00:00,ME01,-0.5987297742656238,-0.751058439769821,-1.3439677119846227,-0.36681920534611706,-0.082067238519159,0.6844683030121295,-0.6744907594765952,-0.12358065410923252,-0.6127053463947703
2008-05-05 23:40:00+00:00,ME01,-0.3547723807217539,1.0461078694752874,-1.293127187032787,-0.36681920534611706,-0.082067238519159,0.6844683030121295,-0.6744907594765952,-0.12358065410923252,-0.6127053463947703
2008-05-05 23:50:00+00:00,ME01,-0.44530545029022955,1.6318898883672055,-1.203361964555007,-0.36681920534611706,-0.082067238519159,0.6844683030121295,-0.6744907594765952,-0.12358065410923252,-0.6127053463947703
2008-05-06 00:00:00+00:00,ME01,-0.4684057110601542,1.0495586505133083,-1.4106243582035596,-0.34314127798547,-0.1474647982200002,0.5008791583385145,-0.5157870741431054,-0.12358065410923252,-0.43249789157277907
2008-05-06 00:10:00+00:00,ME01,-0.49339341721090574,-0.5106949988876802,-1.3397035704529516,-0.34314127798547,-0.1474647982200002,0.5008791583385145,-0.5157870741431054,-0.12358065410923252,-0.43249789157277907
2008-05-06 00:20:00+00:00,ME01,-0.7161645637053744,0.5402547973553831,-1.4303162880392706,-0.34314127798547,-0.1474647982200002,0.5008791583385145,-0.5157870741431054,-0.12358065410923252,-0.43249789157277907
2008-05-06 00:30:00+00:00,ME01,-0.8416544527198395,1.9060480700375968,-1.4135704939477465,-0.34314127798547,-0.1474647982200002,0.5008791583385145,-0.5157870741431054,-0.12358065410923252,-0.43249789157277907
2008-05-06 00:40:00+00:00,ME01,-0.2068109493212111,-0.28544330457283695,-1.4355773050041447,-0.34314127798547,-0.1474647982200002,0.5008791583385145,-0.5157870741431054,-0.12358065410923252,-0.43249789157277907
2008-05-06 00:50:00+00:00,ME01,-0.45424568589912734,-0.5030929637420434,-1.418338107020422,-0.34314127798547,-0.1474647982200002,0.5008791583385145,-0.5157870741431054,-0.12358065410923252,-0.43249789157277907
2008-05-06 01:00:00+00:00,ME01,-0.2609179139953609,3.5800802888078453,-1.443678931290745,-0.1538121934722497,-0.18080469370532287,0.4090845860017228,-0.6744907594765952,-0.12358065410923252,-0.43249789157277907
2008-05-06 01:10:00+00:00,ME01,-0.462070530836161,3.736028347456533,-1.4594681837932497,-0.1538121934722497,-0.18080469370532287,0.4090845860017228,-0.6744907594765952,-0.12358065410923252,-0.43249789157277907
2008-05-06 01:20:00+00:00,ME01,-0.6938605173653984,-0.5506209822943078,-1.441471985515444,-0.1538121934722497,-0.18080469370532287,0.4090845860017228,-0.6744907594765952,-0.12358065410923252,-0.43249789157277907
2008-05-06 01:30:00+00:00,ME01,-0.7776234496125523,2.101147007233193,-1.4492165013731795,-0.1538121934722497,-0.18080469370532287,0.4090845860017228,-0.6744907594765952,-0.12358065410923252,-0.43249789157277907
2008-05-06 01:40:00+00:00,ME01,-0.3106328613298811,-0.11475037679120965,-0.9542491273860231,-0.1538121934722497,-0.18080469370532287,0.4090845860017228,-0.6744907594765952,-0.12358065410923252,-0.43249789157277907
2008-05-06 01:50:00+00:00,ME01,-0.3422825376098399,0.027396755503876925,-1.3164402184818922,-0.1538121934722497,-0.18080469370532287,0.4090845860017228,-0.6744907594765952,-0.12358065410923252,-0.43249789157277907
2008-05-06 02:00:00+00:00,ME01,-0.32056985892289463,-0.6989368931217,-1.344944192001948,-0.34314127798547,-0.07437358197598835,0.36518272483969216,-0.6348148381432227,-0.12358065410923252,-0.43249789157277907
2008-05-06 02:10:00+00:00,ME01,-0.9859290716717634,-0.9264846115512646,-1.324749240928551,-0.34314127798547,-0.07437358197598835,0.36518272483969216,-0.6348148381432227,-0.12358065410923252,-0.43249789157277907
2008-05-06 02:20:00+00:00,ME01,-0.9622012703486501,-0.9103658329792599,-1.3447754508733833,-0.34314127798547,-0.07437358197598835,0.36518272483969216,-0.6348148381432227,-0.12358065410923252,-0.43249789157277907
2008-05-06 02:30:00+00:00,ME01,-1.0210997467942604,-0.8766428033769484,-1.3471816123912201,-0.34314127798547,-0.07437358197598835,0.36518272483969216,-0.6348148381432227,-0.12358065410923252,-0.43249789157277907
2008-05-06 02:40:00+00:00,ME01,-0.8810951755157435,-0.7855875631727435,-1.345920356407656,-0.34314127798547,-0.07437358197598835,0.36518272483969216,-0.6348148381432227,-0.12358065410923252,-0.43249789157277907
2008-05-06 02:50:00+00:00,ME01,-0.8079636614440473,1.74922059755448,-1.3330526767516304,-0.34314127798547,-0.07437358197598835,0.36518272483969216,-0.6348148381432227,-0.12358065410923252,-0.43249789157277907
2008-05-06 03:00:00+00:00,ME01,-0.766264904861946,-0.9185907637416062,-1.0940842294419417,-0.1538121934722497,-0.22183824573381666,0.2813704105332106,-0.6744907594765952,-0.12358065410923252,-0.43249789157277907
2008-05-06 03:10:00+00:00,ME01,-0.916363976541523,-0.7683748965464801,-1.0041383582363215,-0.1538121934722497,-0.22183824573381666,0.2813704105332106,-0.6744907594765952,-0.12358065410923252,-0.43249789157277907
2008-05-06 03:20:00+00:00,ME01,-0.7313878008822686,2.1454883772299342,-1.1538651933361845,-0.1538121934722497,-0.22183824573381666,0.2813704105332106,-0.6744907594765952,-0.12358065410923252,-0.43249789157277907
2008-05-06 03:30:00+00:00,ME01,-0.23651974856276106,-0.879545791427155,-0.8846362931938678,-0.1538121934722497,-0.22183824573381666,0.2813704105332106,-0.6744907594765952,-0.12358065410923252,-0.43249789157277907
2008-05-06 03:40:00+00:00,ME01,-0.2630775527908008,-0.6028844086057192,-0.8116017578359128,-0.1538121934722497,-0.22183824573381666,0.2813704105332106,-0.6744907594765952,-0.12358065410923252,-0.43249789157277907
2008-05-06 03:50:00+00:00,ME01,-0.004749261137781663,-0.9205719734953847,-0.7673064686013966,-0.1538121934722497,-0.22183824573381666,0.2813704105332106,-0.6744907594765952,-0.12358065410923252,-0.43249789157277907
2008-05-06 04:00:00+00:00,ME01,-0.4777978465424723,-0.16795835890702934,-0.7067153724898071,-0.17749012083289675,-0.21157985772669297,0.22150431231293688,-0.6744907594765952,-0.12358065410923252,-0.43249789157277907
2008-05-06 04:10:00+00:00,ME01,-0.40729816168299643,-0.6116807334085461,-0.4712321300520526,-0.17749012083289675,-0.21157985772669297,0.22150431231293688,-0.6744907594765952,-0.12358065410923252,-0.43249789157277907
2008-05-06 04:20:00+00:00,ME01,-0.12402050273012397,-0.7847922059503836,-0.582392934753622,-0.17749012083289675,-0.21157985772669297,0.22150431231293688,-0.6744907594765952,-0.12358065410923252,-0.43249789157277907
2008-05-06 04:30:00+00:00,ME01,-0.3952166771443941,0.37460959954242,-0.6422078424386581,-0.17749012083289675,-0.21157985772669297,0.22150431231293688,-0.6744907594765952,-0.12358065410923252,-0.43249789157277907
2008-05-06 04:40:00+00:00,ME01,-0.2726381909210318,-0.7806003363033858,-0.12919562088901668,-0.17749012083289675,-0.21157985772669297,0.22150431231293688,-0.6744907594765952,-0.12358065410923252,-0.43249789157277907
2008-05-06 04:50:00+00:00,ME01,-0.6971549594320647,0.45725752742861964,0.3215962491416695,-0.17749012083289675,-0.21157985772669297,0.22150431231293688,-0.6744907594765952,-0.12358065410923252,-0.43249789157277907
2008-05-06 05:00:00+00:00,ME01,-0.5857483081583732,2.266024132487579,-0.35376978084391375,-0.34314127798547,-0.0012823657319765243,0.3332542507231743,-0.6744907594765952,-0.12358065410923252,-0.43249789157277907
2008-05-06 05:10:00+00:00,ME01,-0.560775507772081,-0.4882670596591814,-0.22672448021542413,-0.34314127798547,-0.0012823657319765243,0.3332542507231743,-0.6744907594765952,-0.12358065410923252,-0.43249789157277907
2008-05-06 05:20:00+00:00,ME01,-0.5526949293063936,-0.41787957754460636,0.10345103562211508,-0.34314127798547,-0.0012823657319765243,0.3332542507231743,-0.6744907594765952,-0.12358065410923252,-0.43249789157277907
2008-05-06 05:30:00+00:00,ME01,-0.07456760291998453,0.21712457597666135,0.16129858763537344,-0.34314127798547,-0.0012823657319765243,0.3332542507231743,-0.6744907594765952,-0.12358065410923252,-0.43249789157277907
2008-05-06 05:40:00+00:00,ME01,-0.12805179064292585,1.3332603673449221,0.4855608279928604,-0.34314127798547,-0.0012823657319765243,0.3332542507231743,-0.6744907594765952,-0.12358065410923252,-0.43249789157277907
2008-05-06 05:50:00+00:00,ME01,-0.24893171325326272,-0.5724613099001454,0.35888104004994725,-0.34314127798547,-0.0012823657319765243,0.3332542507231743,-0.6744907594765952,-0.12358065410923252,-0.43249789157277907
2008-05-06 06:00:00+00:00,ME01,-0.21413948393445495,0.25324663905343114,0.5661320624336627,-0.36681920534611706,0.8104146694953233,0.4011026069737581,-0.6744907594765952,-0.12358065410923252,-0.5354735800424884
2008-05-06 06:10:00+00:00,ME01,-0.036092375084950036,1.2314954022382327,0.43393427126876977,-0.36681920534611706,0.8104146694953233,0.4011026069737581,-0.6744907594765952,-0.12358065410923252,-0.5354735800424884
2008-05-06 06:20:00+00:00,ME01,0.26544404636898805,0.24426994725032783,0.38731662905316755,-0.36681920534611706,0.8104146694953233,0.4011026069737581,-0.6744907594765952,-0.12358065410923252,-0.5354735800424884
2008-05-06 06:30:00+00:00,ME01,0.27672294091765154,0.8479842533360211,0.24114303524307412,-0.36681920534611706,0.8104146694953233,0.4011026069737581,-0.6744907594765952,-0.12358065410923252,-0.5354735800424884
2008-05-06 06:40:00+00:00,ME01,-0.0926325619945178,17.176561046426375,0.20625817651101488,-0.36681920534611706,0.8104146694953233,0.4011026069737581,-0.6744907594765952,-0.12358065410923252,-0.5354735800424884
2008-05-06 06:50:00+00:00,ME01,-0.06728419508184508,-0.8435943307063088,0.548261586868851,-0.36681920534611706,0.8104146694953233,0.4011026069737581,-0.6744907594765952,-0.12358065410923252,-0.5354735800424884
2008-05-06 07:00:00+00:00,ME01,0.18832573136824168,0.781755200108013,0.2218883749695345,-0.5561482898593386,1.2681965117038356,0.580700622632234,0.0,-0.12358065410923252,-0.5354735800424884
2008-05-06 07:10:00+00:00,ME01,0.45654028280655157,1.528503084578075,0.3135281810274222,-0.5561482898593386,1.2681965117038356,0.580700622632234,0.0,-0.12358065410923252,-0.5354735800424884
2008-05-06 07:20:00+00:00,ME01,0.4514161031291689,0.20263456202330643,0.1791880897566731,-0.5561482898593386,1.2681965117038356,0.580700622632234,0.0,-0.12358065410923252,-0.5354735800424884
2008-05-06 07:30:00+00:00,ME01,-0.06484537296223306,1.0629955591480198,0.07449508397607492,-0.5561482898593386,1.2681965117038356,0.580700622632234,0.0,-0.12358065410923252,-0.5354735800424884
2008-05-06 07:40:00+00:00,ME01,0.13967475450835504,1.036354386600474,-0.014019640800169644,-0.5561482898593386,1.2681965117038356,0.580700622632234,0.0,-0.12358065410923252,-0.5354735800424884
2008-05-06 07:50:00+00:00,ME01,0.634665216208097,1.5672594362398422,0.20979076575480468,-0.5561482898593386,1.2681965117038356,0.580700622632234,0.0,-0.12358065410923252,-0.5354735800424884
2008-05-06 08:00:00+00:00,ME01,0.8451467625618847,1.5122483993717466,0.2945276489905638,-0.36681920534611706,1.4528480336807437,0.6445578498676786,0.07935184266674487,-0.12358065410923252,-0.5354735800424884
2008-05-06 08:10:00+00:00,ME01,0.3590346957876265,1.6076491771158499,0.12633034816042366,-0.36681920534611706,1.4528480336807437,0.6445578498676786,0.07935184266674487,-0.12358065410923252,-0.5354735800424884
2008-05-06 08:20:00+00:00,ME01,1.093643808078393,0.25634074960361225,0.1180954949676388,-0.36681920534611706,1.4528480336807437,0.6445578498676786,0.07935184266674487,-0.12358065410923252,-0.5354735800424884
2008-05-06 08:30:00+00:00,ME01,0.7192392382003406,3.937307123380425,-0.05156400714476582,-0.36681920534611706,1.4528480336807437,0.6445578498676786,0.07935184266674487,-0.12358065410923252,-0.5354735800424884
2008-05-06 08:40:00+00:00,ME01,0.6667493315609123,-0.9240972132221881,0.07915716546851322,-0.36681920534611706,1.4528480336807437,0.6445578498676786,0.07935184266674487,-0.12358065410923252,-0.5354735800424884
2008-05-06 08:50:00+00:00,ME01,0.586347262523907,-0.6313231635165578,0.3281039279906212,-0.36681920534611706,1.4528480336807437,0.6445578498676786,0.07935184266674487,-0.12358065410923252,-0.5354735800424884
2008-05-06 09:00:00+00:00,ME01,0.158565778118259,-0.622712385996092,0.23165956883587857,-0.958484386246427,1.17074155671182,0.6724951949690255,0.5951389168098503,-0.12358065410923252,-0.5354735800424884
2008-05-06 09:10:00+00:00,ME01,0.5034531688515863,0.042304643606582294,-0.03407879697762279,-0.958484386246427,1.17074155671182,0.6724951949690255,0.5951389168098503,-0.12358065410923252,-0.5354735800424884
2008-05-06 09:20:00+00:00,ME01,0.9115831159879334,12.256212760429749,0.5097562091522595,-0.958484386246427,1.17074155671182,0.6724951949690255,0.5951389168098503,-0.12358065410923252,-0.5354735800424884
2008-05-06 09:30:00+00:00,ME01,0.15105445850345425,-0.022114843200065282,0.1363499858741533,-0.958484386246427,1.17074155671182,0.6724951949690255,0.5951389168098503,-0.12358065410923252,-0.5354735800424884
2008-05-06 09:40:00+00:00,ME01,-0.23165649575929692,-0.8852863218923946,-0.11166860097392575,-0.958484386246427,1.17074155671182,0.6724951949690255,0.5951389168098503,-0.12358065410923252,-0.5354735800424884
2008-05-06 09:50:00+00:00,ME01,-0.2812570822906144,-0.9050991432417226,0.1744095064017788,-0.958484386246427,1.17074155671182,0.6724951949690255,0.5951389168098503,-0.12358065410923252,-0.5354735800424884
2008-05-06 10:00:00+00:00,ME01,-0.5337604102174036,-0.4586432866346858,-0.000375730387432154,-0.5087924351380445,1.200234489463386,0.6764863239841965,0.6348148381432227,-0.12358065410923252,-0.5354735800424884
2008-05-06 10:10:00+00:00,ME01,-0.34004889983343584,0.47916001582637485,0.28301203027040445,-0.5087924351380445,1.200234489463386,0.6764863239841965,0.6348148381432227,-0.12358065410923252,-0.5354735800424884
2008-05-06 10:20:00+00:00,ME01,-0.4443631438095328,0.457162590617081,0.2364069137391515,-0.5087924351380445,1.200234489463386,0.6764863239841965,0.6348148381432227,-0.12358065410923252,-0.5354735800424884
2008-05-06 10:30:00+00:00,ME01,-0.6094918534590507,0.5864515603103825,0.28760968414925037,-0.5087924351380445,1.200234489463386,0.6764863239841965,0.6348148381432227,-0.12358065410923252,-0.5354735800424884
2008-05-06 10:40:00+00:00,ME01,-0.2909534301320595,1.5586542896591409,0.9647075725101527,-0.5087924351380445,1.200234489463386,0.6764863239841965,0.6348148381432227,-0.12358065410923252,-0.5354735800424884
2008-05-06 10:50:00+00:00,ME01,0.12519349803283203,9.738754677647627,0.33575041017136076,-0.5087924351380445,1.200234489463386,0.6764863239841965,0.6348148381432227,-0.12358065410923252,-0.5354735800424884
2008-05-06 11:00:00+00:00,ME01,-0.1756880406627834,0.09891544962771996,0.11500839039121612,-0.6981215196512648,0.8091324382255192,0.588682880662544,0.6744907594765952,-0.12358065410923252,-0.5354735800424884
2008-05-06 11:10:00+00:00,ME01,0.06165394789461519,0.19211360975909475,0.20232133472092262,-0.6981215196512648,0.8091324382255192,0.588682880662544,0.6744907594765952,-0.12358065410923252,-0.5354735800424884
2008-05-06 11:20:00+00:00,ME01,-0.5197976074771026,-0.27975698639008506,0.25175031684522753,-0.6981215196512648,0.8091324382255192,0.588682880662544,0.6744907594765952,-0.12358065410923252,-0.5354735800424884
2008-05-06 11:30:00+00:00,ME01,-0.6789798967594574,1.8489504051253705,-0.08410778933648279,-0.6981215196512648,0.8091324382255192,0.588682880662544,0.6744907594765952,-0.12358065410923252,-0.5354735800424884
2008-05-06 11:40:00+00:00,ME01,-0.7226130474192299,-0.04337136032790669,0.20885734436878053,-0.6981215196512648,0.8091324382255192,0.588682880662544,0.6744907594765952,-0.12358065410923252,-0.5354735800424884
2008-05-06 11:50:00+00:00,ME01,-0.2962587021238633,-0.9438645363942,0.3103530156302686,-0.6981215196512648,0.8091324382255192,0.588682880662544,0.6744907594765952,-0.12358065410923252,-0.5354735800424884
2008-05-06 12:00:00+00:00,ME01,-0.575870149510523,5.531705030624718,0.2673305953061909,-0.3194633506248242,1.184846907452701,0.6764863239841965,3.37245389419224,-0.12358065410923252,-0.6384492685121975
2008-05-06 12:10:00+00:00,ME01,-0.7938849767406686,1.598491614794514,0.030775639248323848,-0.3194633506248242,1.184846907452701,0.6764863239841965,3.37245389419224,-0.12358065410923252,-0.6384492685121975
2008-05-06 12:20:00+00:00,ME01,-0.9580377114654123,-0.2505571356188026,-0.16690439740525195,-0.3194633506248242,1.184846907452701,0.6764863239841965,3.37245389419224,-0.12358065410923252,-0.6384492685121975
2008-05-06 12:30:00+00:00,ME01,-0.7673323440390508,2.120425311065554,-0.21327659731932772,-0.3194633506248242,1.184846907452701,0.6764863239841965,3.37245389419224,-0.12358065410923252,-0.6384492685121975
2008-05-06 12:40:00+00:00,ME01,-0.8820464141211046,-0.0009026433313800372,-0.08174009974791997,-0.3194633506248242,1.184846907452701,0.6764863239841965,3.37245389419224,-0.12358065410923252,-0.6384492685121975
2008-05-06 12:50:00+00:00,ME01,-0.801977515073588,-0.28755790116235636,-0.14671468095448248,-0.3194633506248242,1.184846907452701,0.6764863239841965,3.37245389419224,-0.12358065410923252,-0.6384492685121975
2008-05-06 13:00:00+00:00,ME01,-0.6936901255219425,-0.497591747241426,-0.1396409043761624,-0.3194633506248242,1.184846907452701,0.6764863239841965,3.37245389419224,-0.12358065410923252,-0.6384492685121975
2008-05-06 13:10:00+00:00,ME01,-0.63876547246941,0.4467244688430849,0.5644384297168334,-0.3194633506248242,1.184846907452701,0.6764863239841965,3.37245389419224,-0.12358065410923252,-0.6384492685121975
2008-05-06 13:20:00+00:00,ME01,-0.5307359621031803,1.0802528708159038,0.7888555497318507,-0.3194633506248242,1.184846907452701,0.6764863239841965,3.37245389419224,-0.12358065410923252,-0.6384492685121975
2008-05-06 13:30:00+00:00,ME01,-0.7065106822915888,-0.8612309695160212,0.17754989089069176,-0.3194633506248242,1.184846907452701,0.6764863239841965,3.37245389419224,-0.12358065410923252,-0.6384492685121975
2008-05-06 13:40:00+00:00,ME01,-0.7145257452644548,-0.23132083028232517,0.2964901266487799,-0.3194633506248242,1.184846907452701,0.6764863239841965,3.37245389419224,-0.12358065410923252,-0.6384492685121975
2008-05-06 13:50:00+00:00,ME01,-0.6955482391742497,-0.6783359113592351,0.37042513681143835,-0.3194633506248242,1.184846907452701,0.6764863239841965,3.37245389419224,-0.12358065410923252,-0.6384492685121975
2008-05-06 14:00:00+00:00,ME01,-0.7979809898492857,-0.9015847267319006,0.12815076737406397,-0.13013426611160264,0.028210567019588944,0.2973346475914537,2.0631482965724217,-0.12358065410923252,-0.6384492685121975
2008-05-06 14:10:00+00:00,ME01,-0.8055938200516992,2.9923245062188952,0.06074346847965021,-0.13013426611160264,0.028210567019588944,0.2973346475914537,2.0631482965724217,-0.12358065410923252,-0.6384492685121975
2008-05-06 14:20:00+00:00,ME01,-0.6409652703798464,3.799933372502631,0.36236324653807794,-0.13013426611160264,0.028210567019588944,0.2973346475914537,2.0631482965724217,-0.12358065410923252,-0.6384492685121975
2008-05-06 14:30:00+00:00,ME01,-0.6781300442238297,1.3279041632895243,0.09886096067384559,-0.13013426611160264,0.028210567019588944,0.2973346475914537,2.0631482965724217,-0.12358065410923252,-0.6384492685121975
2008-05-06 14:40:00+00:00,ME01,-0.5091059198290931,-0.7718928406595684,0.06749241720746699,-0.13013426611160264,0.028210567019588944,0.2973346475914537,2.0631482965724217,-0.12358065410923252,-0.6384492685121975
2008-05-06 14:50:00+00:00,ME01,-0.643651981091304,-0.9855691531168604,0.16515564630677163,-0.13013426611160264,0.028210567019588944,0.2973346475914537,2.0631482965724217,-0.12358065410923252,-0.6384492685121975
2008-05-06 15:00:00+00:00,ME01,-0.6255446065596049,-0.8015939942384319,0.03337860816873246,-0.13013426611160264,0.0987373207239915,0.24944193641666101,1.2696296762864454,-0.12358065410923252,-0.6384492685121975
2008-05-06 15:10:00+00:00,ME01,-0.6670249261957558,2.4759216467321035,0.11934519553637976,-0.13013426611160264,0.0987373207239915,0.24944193641666101,1.2696296762864454,-0.12358065410923252,-0.6384492685121975
2008-05-06 15:20:00+00:00,ME01,-0.7324667510942767,-0.6695623591791472,-0.1278407958425403,-0.13013426611160264,0.0987373207239915,0.24944193641666101,1.2696296762864454,-0.12358065410923252,-0.6384492685121975
2008-05-06 15:30:00+00:00,ME01,-0.6166312732146881,1.0509018848409364,-0.025244903213699176,-0.13013426611160264,0.0987373207239915,0.24944193641666101,1.2696296762864454,-0.12358065410923252,-0.6384492685121975
2008-05-06 15:40:00+00:00,ME01,-0.4139298779883296,2.6036993206513266,0.21723998661947164,-0.13013426611160264,0.0987373207239915,0.24944193641666101,1.2696296762864454,-0.12358065410923252,-0.6384492685121975
2008-05-06 15:50:00+00:00,ME01,-0.4521648827466667,2.0435585541905708,-0.07557328476502793,-0.13013426611160264,0.0987373207239915,0.24944193641666101,1.2696296762864454,-0.12358065410923252,-0.6384492685121975
2008-05-06 16:00:00+00:00,ME01,-0.27727720837113157,9.851335499786678,0.04929577911722208,-0.34314127798547,-0.0589859999653033,0.1616382140926314,1.983796357096413,-0.12358065410923252,-0.6384492685121975
2008-05-06 16:10:00+00:00,ME01,-0.5168158417615052,4.7933979657007955,0.15518516942452748,-0.34314127798547,-0.0589859999653033,0.1616382140926314,1.983796357096413,-0.12358065410923252,-0.6384492685121975
2008-05-06 16:20:00+00:00,ME01,-0.739652974937152,2.1524021902133534,0.2026936067527935,-0.34314127798547,-0.0589859999653033,0.1616382140926314,1.983796357096413,-0.12358065410923252,-0.6384492685121975
2008-05-06 16:30:00+00:00,ME01,-0.7071716635196827,5.175960586101163,-0.12218472536272992,-0.34314127798547,-0.0589859999653033,0.1616382140926314,1.983796357096413,-0.12358065410923252,-0.6384492685121975
2008-05-06 16:40:00+00:00,ME01,-0.625093740999377,7.808447513372836,0.0033991213586963367,-0.34314127798547,-0.0589859999653033,0.1616382140926314,1.983796357096413,-0.12358065410923252,-0.6384492685121975
2008-05-06 16:50:00+00:00,ME01,-0.7341483512441087,1.4884581534083994,0.016913046627783486,-0.34314127798547,-0.0589859999653033,0.1616382140926314,1.983796357096413,-0.12358065410923252,-0.6384492685121975
2008-05-06 17:00:00+00:00,ME01,-0.711741260515007,0.5272662285679852,-0.09346088196058076,0.08287274576226471,-0.26030733522270066,0.17361160113811244,-0.15870368533348983,-0.12358065410923252,-0.6384492685121975
2008-05-06 17:10:00+00:00,ME01,-0.6464772557188027,1.7313630471921724,-0.055090935737462446,0.08287274576226471,-0.26030733522270066,0.17361160113811244,-0.15870368533348983,-0.12358065410923252,-0.6384492685121975
2008-05-06 17:20:00+00:00,ME01,-0.6836530846297745,3.8163480753791053,-0.026610092785882104,0.08287274576226471,-0.26030733522270066,0.17361160113811244,-0.15870368533348983,-0.12358065410923252,-0.6384492685121975
2008-05-06 17:30:00+00:00,ME01,-0.6419276002078389,-0.599494707355158,-0.12745126372327364,0.08287274576226471,-0.26030733522270066,0.17361160113811244,-0.15870368533348983,-0.12358065410923252,-0.6384492685121975
2008-05-06 17:40:00+00:00,ME01,-0.7355267407248202,4.115507065735997,0.06394020893764768,0.08287274576226471,-0.26030733522270066,0.17361160113811244,-0.15870368533348983,-0.12358065410923252,-0.6384492685121975
2008-05-06 17:50:00+00:00,ME01,-0.5324358609477412,1.0819572835474123,0.008457120310475689,0.08287274576226471,-0.26030733522270066,0.17361160113811244,-0.15870368533348983,-0.12358065410923252,-0.6384492685121975
2008-05-06 18:00:00+00:00,ME01,-0.699565124861506,1.8244470900461296,-0.17082463132800405,-0.13013426611160264,-0.43982966319604705,0.20554007525466206,0.11902776400011736,-0.12358065410923252,-0.7414249569819068
2008-05-06 18:10:00+00:00,ME01,-0.7063287856200811,3.812067971137591,-0.1944977008031086,-0.13013426611160264,-0.43982966319604705,0.20554007525466206,0.11902776400011736,-0.12358065410923252,-0.7414249569819068
2008-05-06 18:20:00+00:00,ME01,-0.7402143368645283,3.7683604820000043,-0.1825046104640042,-0.13013426611160264,-0.43982966319604705,0.20554007525466206,0.11902776400011736,-0.12358065410923252,-0.7414249569819068
2008-05-06 18:30:00+00:00,ME01,-0.6863682508702176,3.288271611261876,-0.28962211779624664,-0.13013426611160264,-0.43982966319604705,0.20554007525466206,0.11902776400011736,-0.12358065410923252,-0.7414249569819068
2008-05-06 18:40:00+00:00,ME01,-0.6915112483465385,4.2652686681115775,-0.3493579189198091,-0.13013426611160264,-0.43982966319604705,0.20554007525466206,0.11902776400011736,-0.12358065410923252,-0.7414249569819068
2008-05-06 18:50:00+00:00,ME01,-0.5673781263824285,1.4589017227261374,-0.3110206123504592,-0.13013426611160264,-0.43982966319604705,0.20554007525466206,0.11902776400011736,-0.12358065410923252,-0.7414249569819068
2008-05-06 19:00:00+00:00,ME01,-0.7696354209760983,-0.14841435863758792,-0.502342177041324,0.059194818401617645,-0.40007807351301455,0.2574239154446257,-0.6744907594765952,0.40962126923846737,-0.7414249569819068
2008-05-06 19:10:00+00:00,ME01,-0.5138543388992222,-0.30828243059567084,-0.7216130379955226,0.059194818401617645,-0.40007807351301455,0.2574239154446257,-0.6744907594765952,0.40962126923846737,-0.7414249569819068
2008-05-06 19:20:00+00:00,ME01,-0.7551525852860999,-0.4289522951459452,-0.4852116357940648,0.059194818401617645,-0.40007807351301455,0.2574239154446257,-0.6744907594765952,0.40962126923846737,-0.7414249569819068
2008-05-06 19:30:00+00:00,ME01,-0.5684633284661134,0.6892363430665185,-0.3053330939400798,0.059194818401617645,-0.40007807351301455,0.2574239154446257,-0.6744907594765952,0.40962126923846737,-0.7414249569819068
2008-05-06 19:40:00+00:00,ME01,-0.7586646633360576,1.9317937749564613,-0.29296432873743394,0.059194818401617645,-0.40007807351301455,0.2574239154446257,-0.6744907594765952,0.40962126923846737,-0.7414249569819068
2008-05-06 19:50:00+00:00,ME01,-0.49156318409727207,0.4950580244830888,-0.8852752047654594,0.059194818401617645,-0.40007807351301455,0.2574239154446257,-0.6744907594765952,0.40962126923846737,-0.7414249569819068
2008-05-06 20:00:00+00:00,ME01,-0.5759256347022117,14.126952243643254,-0.9890528872434222,0.24852390291483925,-0.5039447227027398,0.3372453797383135,-0.6744907594765952,4.675236656020066,-0.7414249569819068
2008-05-06 20:10:00+00:00,ME01,-0.7641506413199546,3.8278065880437415,-1.0131179796297787,0.24852390291483925,-0.5039447227027398,0.3372453797383135,-0.6744907594765952,4.675236656020066,-0.7414249569819068
2008-05-06 20:20:00+00:00,ME01,-0.7852790845062515,1.6558791406664888,-0.9402740127561527,0.24852390291483925,-0.5039447227027398,0.3372453797383135,-0.6744907594765952,4.675236656020066,-0.7414249569819068
2008-05-06 20:30:00+00:00,ME01,-0.5349072112873019,2.4663558925489357,-1.0506579159099854,0.24852390291483925,-0.5039447227027398,0.3372453797383135,-0.6744907594765952,4.675236656020066,-0.7414249569819068
2008-05-06 20:40:00+00:00,ME01,-0.636132067312236,5.026421815974294,-1.0155799693336844,0.24852390291483925,-0.5039447227027398,0.3372453797383135,-0.6744907594765952,4.675236656020066,-0.7414249569819068
2008-05-06 20:50:00+00:00,ME01,-0.6960797576550554,4.646867182071546,-1.0674761784595195,0.24852390291483925,-0.5039447227027398,0.3372453797383135,-0.6744907594765952,4.675236656020066,-0.7414249569819068
2008-05-06 21:00:00+00:00,ME01,-0.9335402024316308,3.0303545800230203,-1.1206200786930702,0.059194818401617645,-0.6732083937446192,0.2893523895611436,-0.6744907594765952,0.40962126923846737,-0.7414249569819068
2008-05-06 21:10:00+00:00,ME01,-0.8653883812252433,1.3491723872968764,-1.126611362775874,0.059194818401617645,-0.6732083937446192,0.2893523895611436,-0.6744907594765952,0.40962126923846737,-0.7414249569819068
2008-05-06 21:20:00+00:00,ME01,-0.8105316784138723,0.25563560150925396,-1.2088931534385994,0.059194818401617645,-0.6732083937446192,0.2893523895611436,-0.6744907594765952,0.40962126923846737,-0.7414249569819068
2008-05-06 21:30:00+00:00,ME01,-0.8944431988415036,0.2623261547156323,-1.0498226134052457,0.059194818401617645,-0.6732083937446192,0.2893523895611436,-0.6744907594765952,0.40962126923846737,-0.7414249569819068
2008-05-06 21:40:00+00:00,ME01,-0.8464026444453802,0.7149684866037963,-1.2368590832800739,0.059194818401617645,-0.6732083937446192,0.2893523895611436,-0.6744907594765952,0.40962126923846737,-0.7414249569819068
2008-05-06 21:50:00+00:00,ME01,-0.832169134064091,-0.3678682169530594,-1.2490723774191688,0.059194818401617645,-0.6732083937446192,0.2893523895611436,-0.6744907594765952,0.40962126923846737,-0.7414249569819068
2008-05-06 22:00:00+00:00,ME01,-0.6476305928972839,0.2459554601377814,-1.1738866764644258,0.272201830275485,-0.5642128194756758,0.24944193641666101,0.8728704629527209,-0.12358065410923252,-0.7414249569819068
2008-05-06 22:10:00+00:00,ME01,-0.6066617555560074,-0.5253847829869414,-1.3136453287661007,0.272201830275485,-0.5642128194756758,0.24944193641666101,0.8728704629527209,-0.12358065410923252,-0.7414249569819068
2008-05-06 22:20:00+00:00,ME01,-0.6059436171712745,-0.7176009564672835,-1.3425989653008992,0.272201830275485,-0.5642128194756758,0.24944193641666101,0.8728704629527209,-0.12358065410923252,-0.7414249569819068
2008-05-06 22:30:00+00:00,ME01,-0.686466891556199,-0.5851112917875351,-1.2819691610617747,0.272201830275485,-0.5642128194756758,0.24944193641666101,0.8728704629527209,-0.12358065410923252,-0.7414249569819068
2008-05-06 22:40:00+00:00,ME01,-0.7393632560105367,2.580955570366071,-1.372405741639182,0.272201830275485,-0.5642128194756758,0.24944193641666101,0.8728704629527209,-0.12358065410923252,-0.7414249569819068
2008-05-06 22:50:00+00:00,ME01,-0.8131846208847257,0.15877474440451514,-1.110634665274484,0.272201830275485,-0.5642128194756758,0.24944193641666101,0.8728704629527209,-0.12358065410923252,-0.7414249569819068
2008-05-06 23:00:00+00:00,ME01,-0.8551464724722933,2.3978559114599203,-1.3636639561394237,0.059194818401617645,-0.5642128194756758,0.13370086899128442,-0.6744907594765952,-0.12358065410923252,-0.7414249569819068
2008-05-06 23:10:00+00:00,ME01,-0.7189092147687975,0.5273475176477774,-1.319038436565837,0.059194818401617645,-0.5642128194756758,0.13370086899128442,-0.6744907594765952,-0.12358065410923252,-0.7414249569819068
2008-05-06 23:20:00+00:00,ME01,-0.6327737688300566,6.7154392761747,-1.3494762827996731,0.059194818401617645,-0.5642128194756758,0.13370086899128442,-0.6744907594765952,-0.12358065410923252,-0.7414249569819068
2008-05-06 23:30:00+00:00,ME01,-0.6208755867170366,-0.9420321868028617,-1.367224242386584,0.059194818401617645,-0.5642128194756758,0.13370086899128442,-0.6744907594765952,-0.12358065410923252,-0.7414249569819068
2008-05-06 23:40:00+00:00,ME01,-0.5491983009252703,-0.8308708265670649,-1.412988278192338,0.059194818401617645,-0.5642128194756758,0.13370086899128442,-0.6744907594765952,-0.12358065410923252,-0.7414249569819068
2008-05-06 23:50:00+00:00,ME01,-0.7316439344302418,-0.566052500180637,-1.4039362138286129,0.059194818401617645,-0.5642128194756758,0.13370086899128442,-0.6744907594765952,-0.12358065410923252,-0.7414249569819068
2008-05-07 00:00:00+00:00,ME01,-0.9168104374493533,-0.7965063179082872,-1.4592441816161028,0.6508599993019268,-0.5847295954899228,-0.02594205959615453,-0.6744907594765952,-0.12358065410923252,-0.844400645451616
2008-05-07 00:10:00+00:00,ME01,-0.7144257707093861,-0.6314052646907681,-1.4363432780161887,0.6508599993019268,-0.5847295954899228,-0.02594205959615453,-0.6744907594765952,-0.12358065410923252,-0.844400645451616
2008-05-07 00:20:00+00:00,ME01,-0.8027558708535921,-0.5153868527864903,-1.4457490979418495,0.6508599993019268,-0.5847295954899228,-0.02594205959615453,-0.6744907594765952,-0.12358065410923252,-0.844400645451616
2008-05-07 00:30:00+00:00,ME01,-0.7256560762297636,-0.39228006765699663,-1.4432606744994332,0.6508599993019268,-0.5847295954899228,-0.02594205959615453,-0.6744907594765952,-0.12358065410923252,-0.844400645451616
2008-05-07 00:40:00+00:00,ME01,-0.8834006852590511,-0.20328778698133101,-1.4276108278590764,0.6508599993019268,-0.5847295954899228,-0.02594205959615453,-0.6744907594765952,-0.12358065410923252,-0.844400645451616
2008-05-07 00:50:00+00:00,ME01,-0.8467868169602172,-0.7178317130259786,-1.3574876421093147,0.6508599993019268,-0.5847295954899228,-0.02594205959615453,-0.6744907594765952,-0.12358065410923252,-0.844400645451616
2008-05-07 01:00:00+00:00,ME01,-0.9392936819933602,-0.9038744241203903,-1.4340430912588864,0.6508599993019268,-0.6347393042557351,-0.1815935801660137,-0.6744907594765952,-0.12358065410923252,-0.844400645451616
2008-05-07 01:10:00+00:00,ME01,-0.7607914765551703,-0.3561101240243699,-1.3827713558375159,0.6508599993019268,-0.6347393042557351,-0.1815935801660137,-0.6744907594765952,-0.12358065410923252,-0.844400645451616
2008-05-07 01:20:00+00:00,ME01,-0.9684238567587096,0.8929582018755433,-1.4207142980767125,0.6508599993019268,-0.6347393042557351,-0.1815935801660137,-0.6744907594765952,-0.12358065410923252,-0.844400645451616
2008-05-07 01:30:00+00:00,ME01,-1.1820981380947935,2.7371488476426866,-1.413890408068422,0.6508599993019268,-0.6347393042557351,-0.1815935801660137,-0.6744907594765952,-0.12358065410923252,-0.844400645451616
2008-05-07 01:40:00+00:00,ME01,-1.0535737972256196,0.03122742002542521,-1.402767071431696,0.6508599993019268,-0.6347393042557351,-0.1815935801660137,-0.6744907594765952,-0.12358065410923252,-0.844400645451616
2008-05-07 01:50:00+00:00,ME01,-1.0322888793938716,0.2946883025318213,-1.142756486817141,0.6508599993019268,-0.6347393042557351,-0.1815935801660137,-0.6744907594765952,-0.12358065410923252,-0.844400645451616
2008-05-07 02:00:00+00:00,ME01,-0.6413372957536094,5.426911333951128,-1.163428127882704,0.4378529874280595,-0.6693616999352058,-0.25343306543176847,-0.6744907594765952,-0.12358065410923252,-0.844400645451616
2008-05-07 02:10:00+00:00,ME01,-0.7476460156404753,-0.5848252302841144,-1.3781302424162676,0.4378529874280595,-0.6693616999352058,-0.25343306543176847,-0.6744907594765952,-0.12358065410923252,-0.844400645451616
2008-05-07 02:20:00+00:00,ME01,-0.7866850797726497,-0.83268135081032,-1.2945583572722081,0.4378529874280595,-0.6693616999352058,-0.25343306543176847,-0.6744907594765952,-0.12358065410923252,-0.844400645451616
2008-05-07 02:30:00+00:00,ME01,-0.9632921029619778,-0.6726079104721668,-1.3297855278507265,0.4378529874280595,-0.6693616999352058,-0.25343306543176847,-0.6744907594765952,-0.12358065410923252,-0.844400645451616
2008-05-07 02:40:00+00:00,ME01,-0.7154368076771921,-0.8271486460509282,-1.361352255512416,0.4378529874280595,-0.6693616999352058,-0.25343306543176847,-0.6744907594765952,-0.12358065410923252,-0.844400645451616
2008-05-07 02:50:00+00:00,ME01,-0.6107273340498225,-0.98911942465437,-1.3485502595829184,0.4378529874280595,-0.6693616999352058,-0.25343306543176847,-0.6744907594765952,-0.12358065410923252,-0.844400645451616
2008-05-07 03:00:00+00:00,ME01,-0.8137213296358391,-0.5200995566811142,-0.758107122099912,0.4378529874280595,-0.7386059534454603,-0.2813704105331472,-0.6744907594765952,-0.12358065410923252,-0.844400645451616
2008-05-07 03:10:00+00:00,ME01,-0.8402830073358464,-0.8145899781436139,-1.3050185529845282,0.4378529874280595,-0.7386059534454603,-0.2813704105331472,-0.6744907594765952,-0.12358065410923252,-0.844400645451616
2008-05-07 03:20:00+00:00,ME01,-0.9283515591883295,5.731885212062373,-1.1837879450021358,0.4378529874280595,-0.7386059534454603,-0.2813704105331472,-0.6744907594765952,-0.12358065410923252,-0.844400645451616
2008-05-07 03:30:00+00:00,ME01,-0.7707016614372335,-1.025743845824955,-1.1069617359840682,0.4378529874280595,-0.7386059534454603,-0.2813704105331472,-0.6744907594765952,-0.12358065410923252,-0.844400645451616
2008-05-07 03:40:00+00:00,ME01,-0.6804384850731613,-0.5818831315756192,-0.5272518498491956,0.4378529874280595,-0.7386059534454603,-0.2813704105331472,-0.6744907594765952,-0.12358065410923252,-0.844400645451616
2008-05-07 03:50:00+00:00,ME01,-0.8271178199296704,-0.7978403266767634,-0.8455838850674927,0.4378529874280595,-0.7386059534454603,-0.2813704105331472,-0.6744907594765952,-0.12358065410923252,-0.844400645451616
2008-05-07 04:00:00+00:00,ME01,-0.6595914391611498,-0.9363660698770311,-0.7704247225197925,-0.035469723854993154,-0.7834864682077108,-0.2574239154445623,-0.6348148381432227,0.40962126923846737,-0.844400645451616
2008-05-07 04:10:00+00:00,ME01,-0.9186482580111857,-0.875395797906866,-0.7101385808608155,-0.035469723854993154,-0.7834864682077108,-0.2574239154445623,-0.6348148381432227,0.40962126923846737,-0.844400645451616
2008-05-07 04:20:00+00:00,ME01,-0.6950609050132099,-0.8380441039960219,-0.4725245487693868,-0.035469723854993154,-0.7834864682077108,-0.2574239154445623,-0.6348148381432227,0.40962126923846737,-0.844400645451616
2008-05-07 04:30:00+00:00,ME01,-0.8170684143228941,-0.8253188443351072,-0.6550196185139102,-0.035469723854993154,-0.7834864682077108,-0.2574239154445623,-0.6348148381432227,0.40962126923846737,-0.844400645451616
2008-05-07 04:40:00+00:00,ME01,-0.6569687090491041,-0.7792533433923035,-0.19190664487476236,-0.035469723854993154,-0.7834864682077108,-0.2574239154445623,-0.6348148381432227,0.40962126923846737,-0.844400645451616
2008-05-07 04:50:00+00:00,ME01,-0.4631877747775774,-0.8764005610756903,-0.10163061370769022,-0.035469723854993154,-0.7834864682077108,-0.2574239154445623,-0.6348148381432227,0.40962126923846737,-0.844400645451616
2008-05-07 05:00:00+00:00,ME01,-0.6863618121246772,-0.9826600914638592,-0.0014939166271072622,0.2248459755541922,-0.4795809839547362,-0.11773663193294617,-0.3967593101429881,-0.12358065410923252,-0.844400645451616
2008-05-07 05:10:00+00:00,ME01,-0.7054962744786417,-0.5232247094463232,-0.23177082950619962,0.2248459755541922,-0.4795809839547362,-0.11773663193294617,-0.3967593101429881,-0.12358065410923252,-0.844400645451616
2008-05-07 05:20:00+00:00,ME01,-0.8900061451582021,-0.929229937657707,-0.05112386352739483,0.2248459755541922,-0.4795809839547362,-0.11773663193294617,-0.3967593101429881,-0.12358065410923252,-0.844400645451616
2008-05-07 05:30:00+00:00,ME01,-0.6183967436199729,-0.8600937362988426,-0.07377014146172307,0.2248459755541922,-0.4795809839547362,-0.11773663193294617,-0.3967593101429881,-0.12358065410923252,-0.844400645451616
2008-05-07 05:40:00+00:00,ME01,-0.6988470199687574,-0.9703676740901521,0.07087639008113553,0.2248459755541922,-0.4795809839547362,-0.11773663193294617,-0.3967593101429881,-0.12358065410923252,-0.844400645451616
2008-05-07 05:50:00+00:00,ME01,-0.649338461719327,-0.9110399379208836,-0.03972282288699437,0.2248459755541922,-0.4795809839547362,-0.11773663193294617,-0.3967593101429881,-0.12358065410923252,-0.844400645451616
2008-05-07 06:00:00+00:00,ME01,-0.44472007982338047,-0.9148181059175525,0.21088397076442789,0.6508599993019268,-0.020516910476418782,-0.04589742566956854,0.23805562480949827,-0.12358065410923252,-0.9473763339213253
2008-05-07 06:10:00+00:00,ME01,-0.6262310986441076,-0.9204676390286688,0.3511229744427628,0.6508599993019268,-0.020516910476418782,-0.04589742566956854,0.23805562480949827,-0.12358065410923252,-0.9473763339213253
2008-05-07 06:20:00+00:00,ME01,-0.7665626426888462,-0.9719649000806243,0.5430715815989988,0.6508599993019268,-0.020516910476418782,-0.04589742566956854,0.23805562480949827,-0.12358065410923252,-0.9473763339213253
2008-05-07 06:30:00+00:00,ME01,-0.6449430064201255,-0.5670925213049642,0.3796261704179179,0.6508599993019268,-0.020516910476418782,-0.04589742566956854,0.23805562480949827,-0.12358065410923252,-0.9473763339213253
2008-05-07 06:40:00+00:00,ME01,-0.6650447479475168,-1.001286474083224,0.5612855159251317,0.6508599993019268,-0.020516910476418782,-0.04589742566956854,0.23805562480949827,-0.12358065410923252,-0.9473763339213253
2008-05-07 06:50:00+00:00,ME01,-0.6497443266589167,-0.9405597220939589,0.16847245950416587,0.6508599993019268,-0.020516910476418782,-0.04589742566956854,0.23805562480949827,-0.12358065410923252,-0.9473763339213253
2008-05-07 07:00:00+00:00,ME01,-0.8504236837489152,-0.9798175457100714,0.11018038085601736,0.059194818401617645,0.716806677237065,0.15365623506469844,1.1902778336197006,-0.12358065410923252,-0.9473763339213253
2008-05-07 07:10:00+00:00,ME01,-0.6706046301894256,-0.9398991466830255,0.2406799302355715,0.059194818401617645,0.716806677237065,0.15365623506469844,1.1902778336197006,-0.12358065410923252,-0.9473763339213253
2008-05-07 07:20:00+00:00,ME01,-0.848483027366953,-0.9506375076363418,0.31826356740650014,0.059194818401617645,0.716806677237065,0.15365623506469844,1.1902778336197006,-0.12358065410923252,-0.9473763339213253
2008-05-07 07:30:00+00:00,ME01,-0.7909553526884577,-1.0351049778272752,0.3501800769991397,0.059194818401617645,0.716806677237065,0.15365623506469844,1.1902778336197006,-0.12358065410923252,-0.9473763339213253
2008-05-07 07:40:00+00:00,ME01,-0.7894668428656791,-0.9269543925443674,0.23495118995139797,0.059194818401617645,0.716806677237065,0.15365623506469844,1.1902778336197006,-0.12358065410923252,-0.9473763339213253
2008-05-07 07:50:00+00:00,ME01,-0.6462411956973863,-0.8194752106606339,0.668553909305102,0.059194818401617645,0.716806677237065,0.15365623506469844,1.1902778336197006,-0.12358065410923252,-0.9473763339213253
2008-05-07 08:00:00+00:00,ME01,-0.16986039975469752,6.581534039985889,0.07865643387769754,0.059194818401617645,0.475734021220978,0.229486570343247,2.618611195239636,-0.12358065410923252,-0.9473763339213253
2008-05-07 08:10:00+00:00,ME01,-0.20832201087140295,21.12407576583804,0.0054052665034145025,0.059194818401617645,0.475734021220978,0.229486570343247,2.618611195239636,-0.12358065410923252,-0.9473763339213253
2008-05-07 08:20:00+00:00,ME01,-0.5137274933382782,11.15421883233686,0.6640541147042394,0.059194818401617645,0.475734021220978,0.229486570343247,2.618611195239636,-0.12358065410923252,-0.9473763339213253
2008-05-07 08:30:00+00:00,ME01,-0.42607009762192355,4.321656089358461,0.34455540606325524,0.059194818401617645,0.475734021220978,0.229486570343247,2.618611195239636,-0.12358065410923252,-0.9473763339213253
2008-05-07 08:40:00+00:00,ME01,-0.5827363724209116,0.14532505074973942,0.5029032346637031,0.059194818401617645,0.475734021220978,0.229486570343247,2.618611195239636,-0.12358065410923252,-0.9473763339213253
2008-05-07 08:50:00+00:00,ME01,-0.3872697904436937,7.558397495012907,0.36428131351471604,0.059194818401617645,0.475734021220978,0.229486570343247,2.618611195239636,-0.12358065410923252,-0.9473763339213253
2008-05-07 09:00:00+00:00,ME01,-0.5275731485302699,8.683554151970496,0.25761984478452116,-0.1538121934722497,0.5642128194756749,0.2933435185763145,2.0631482965724217,-0.12358065410923252,-0.9473763339213253
2008-05-07 09:10:00+00:00,ME01,-0.5856460018294981,0.7194748724382756,0.4314054939195386,-0.1538121934722497,0.5642128194756749,0.2933435185763145,2.0631482965724217,-0.12358065410923252,-0.9473763339213253
2008-05-07 09:20:00+00:00,ME01,-0.5526379820013063,0.9886216830578359,0.3178005806778339,-0.1538121934722497,0.5642128194756749,0.2933435185763145,2.0631482965724217,-0.12358065410923252,-0.9473763339213253
2008-05-07 09:30:00+00:00,ME01,-0.44741887782378104,1.6700494458147837,0.307000008378719,-0.1538121934722497,0.5642128194756749,0.2933435185763145,2.0631482965724217,-0.12358065410923252,-0.9473763339213253
2008-05-07 09:40:00+00:00,ME01,-0.3938472466504664,2.040247222034935,0.39012253644674844,-0.1538121934722497,0.5642128194756749,0.2933435185763145,2.0631482965724217,-0.12358065410923252,-0.9473763339213253
2008-05-07 09:50:00+00:00,ME01,-0.49573556961899834,1.525479961299506,0.07170115684720525,-0.1538121934722497,0.5642128194756749,0.2933435185763145,2.0631482965724217,-0.12358065410923252,-0.9473763339213253
2008-05-07 10:00:00+00:00,ME01,-0.4631368572238558,-0.6602309041235674,0.12472197806934959,-0.29583259045015464,0.3962313797036002,0.2614150444597649,1.7854167504295508,-0.12358065410923252,-0.9473763339213253
2008-05-07 10:10:00+00:00,ME01,-0.3616044706258132,10.821510022262053,0.01725448238266808,-0.29583259045015464,0.3962313797036002,0.2614150444597649,1.7854167504295508,-0.12358065410923252,-0.9473763339213253
2008-05-07 10:20:00+00:00,ME01,-0.34018781328750747,1.0938004178543044,0.5292357537752911,-0.29583259045015464,0.3962313797036002,0.2614150444597649,1.7854167504295508,-0.12358065410923252,-0.9473763339213253
2008-05-07 10:30:00+00:00,ME01,-0.2698988877529348,9.846574116468545,0.6256844539204087,-0.29583259045015464,0.3962313797036002,0.2614150444597649,1.7854167504295508,-0.12358065410923252,-0.9473763339213253
2008-05-07 10:40:00+00:00,ME01,-0.4477983652210444,-0.01178356763350767,-0.11166904685049446,-0.29583259045015464,0.3962313797036002,0.2614150444597649,1.7854167504295508,-0.12358065410923252,-0.9473763339213253
2008-05-07 10:50:00+00:00,ME01,-0.4141584219711317,-0.4510824124036336,0.37463698742238105,-0.29583259045015464,0.3962313797036002,0.2614150444597649,1.7854167504295508,-0.12358065410923252,-0.9473763339213253
2008-05-07 11:00:00+00:00,ME01,-0.43001449993189816,-0.5983168841969192,0.08142808449268264,-0.34314127798547,0.8514484904481598,0.31329888464972855,0.23805562480949827,-0.12358065410923252,-0.9473763339213253
2008-05-07 11:10:00+00:00,ME01,-0.5196944485001439,-0.8162226593930868,0.07142905950545454,-0.34314127798547,0.8514484904481598,0.31329888464972855,0.23805562480949827,-0.12358065410923252,-0.9473763339213253
2008-05-07 11:20:00+00:00,ME01,-0.5914631286343637,-0.8848806396228964,0.01194029558999956,-0.34314127798547,0.8514484904481598,0.31329888464972855,0.23805562480949827,-0.12358065410923252,-0.9473763339213253
2008-05-07 11:30:00+00:00,ME01,-0.6060446125569647,-0.3618018691049933,0.1058149506792213,-0.34314127798547,0.8514484904481598,0.31329888464972855,0.23805562480949827,-0.12358065410923252,-0.9473763339213253
2008-05-07 11:40:00+00:00,ME01,-0.549361771493557,-0.35567189874800814,0.21527691866318055,-0.34314127798547,0.8514484904481598,0.31329888464972855,0.23805562480949827,-0.12358065410923252,-0.9473763339213253
2008-05-07 11:50:00+00:00,ME01,-0.47785200341125533,-0.7921913696630672,0.11881379306217398,-0.34314127798547,0.8514484904481598,0.31329888464972855,0.23805562480949827,-0.12358065410923252,-0.9473763339213253
2008-05-07 12:00:00+00:00,ME01,-0.3159262787545631,-0.8138626863123718,0.2077501574432057,-0.34314127798547,0.7103952519636986,0.22549544132807608,1.0315741482862109,-0.12358065410923252,-1.0503520223910345
2008-05-07 12:10:00+00:00,ME01,-0.44940148215146114,-0.6611331913919108,0.05950659887898496,-0.34314127798547,0.7103952519636986,0.22549544132807608,1.0315741482862109,-0.12358065410923252,-1.0503520223910345
2008-05-07 12:20:00+00:00,ME01,-0.3608547303663174,-0.778826464023463,0.13800926486862924,-0.34314127798547,0.7103952519636986,0.22549544132807608,1.0315741482862109,-0.12358065410923252,-1.0503520223910345
2008-05-07 12:30:00+00:00,ME01,-0.2978279285023875,-0.9577839122669052,0.05889190774575886,-0.34314127798547,0.7103952519636986,0.22549544132807608,1.0315741482862109,-0.12358065410923252,-1.0503520223910345
2008-05-07 12:40:00+00:00,ME01,-0.44349177394266126,-0.8994294545964987,0.03243951433294792,-0.34314127798547,0.7103952519636986,0.22549544132807608,1.0315741482862109,-0.12358065410923252,-1.0503520223910345
2008-05-07 12:50:00+00:00,ME01,-0.14990019507919822,-0.7708267509086894,0.2470084013173547,-0.34314127798547,0.7103952519636986,0.22549544132807608,1.0315741482862109,-0.12358065410923252,-1.0503520223910345
2008-05-07 13:00:00+00:00,ME01,-0.5579012221899391,-0.7999235241237987,0.11718414831702838,-0.27215466308950753,0.8104146694953233,0.12172748194580339,0.9125463842860935,-0.12358065410923252,-1.0503520223910345
2008-05-07 13:10:00+00:00,ME01,-0.453004054414326,-0.7788076749519676,0.24025361798131203,-0.27215466308950753,0.8104146694953233,0.12172748194580339,0.9125463842860935,-0.12358065410923252,-1.0503520223910345
2008-05-07 13:20:00+00:00,ME01,-0.6528003196029636,-0.8872323645394047,0.13553282387963136,-0.27215466308950753,0.8104146694953233,0.12172748194580339,0.9125463842860935,-0.12358065410923252,-1.0503520223910345
2008-05-07 13:30:00+00:00,ME01,-0.5477843282589091,-0.8358791938145718,0.2202975984439662,-0.27215466308950753,0.8104146694953233,0.12172748194580339,0.9125463842860935,-0.12358065410923252,-1.0503520223910345
2008-05-07 13:40:00+00:00,ME01,-0.6407850932243052,-0.7749706784406415,0.28445099246486705,-0.27215466308950753,0.8104146694953233,0.12172748194580339,0.9125463842860935,-0.12358065410923252,-1.0503520223910345
2008-05-07 13:50:00+00:00,ME01,-0.6776857602069316,2.8278167149392375,0.16949409536024265,-0.27215466308950753,0.8104146694953233,0.12172748194580339,0.9125463842860935,-0.12358065410923252,-1.0503520223910345
2008-05-07 14:00:00+00:00,ME01,-0.6353592916338664,1.8016601488420203,0.09587882778946992,-0.10650350593693302,0.929668900695734,0.04988827568239403,0.9918982269528381,-0.12358065410923252,-1.0503520223910345
2008-05-07 14:10:00+00:00,ME01,-0.5197393374487569,0.21830014428959416,0.22110143347219244,-0.10650350593693302,0.929668900695734,0.04988827568239403,0.9918982269528381,-0.12358065410923252,-1.0503520223910345
2008-05-07 14:20:00+00:00,ME01,-0.5292151088395404,4.818690042597555,0.09551927119229939,-0.10650350593693302,0.929668900695734,0.04988827568239403,0.9918982269528381,-0.12358065410923252,-1.0503520223910345
2008-05-07 14:30:00+00:00,ME01,-0.7423675219321656,2.2719295095976433,0.12204054968339224,-0.10650350593693302,0.929668900695734,0.04988827568239403,0.9918982269528381,-0.12358065410923252,-1.0503520223910345
2008-05-07 14:40:00+00:00,ME01,-0.4546080598757595,1.5817269586269893,0.2543838059945655,-0.10650350593693302,0.929668900695734,0.04988827568239403,0.9918982269528381,-0.12358065410923252,-1.0503520223910345
2008-05-07 14:50:00+00:00,ME01,-0.5633073955057958,0.5805528321917343,-0.06863474688881782,-0.10650350593693302,0.929668900695734,0.04988827568239403,0.9918982269528381,-0.12358065410923252,-1.0503520223910345
2008-05-07 15:00:00+00:00,ME01,-0.4644162241604757,0.703320821718685,0.1446554529108719,0.272201830275485,0.1808044247809786,-0.04988827568236231,-0.039675921333372485,-0.12358065410923252,-1.0503520223910345
2008-05-07 15:10:00+00:00,ME01,-0.418953824757182,-0.13566821265756662,0.19826983117126457,0.272201830275485,0.1808044247809786,-0.04988827568236231,-0.039675921333372485,-0.12358065410923252,-1.0503520223910345
2008-05-07 15:20:00+00:00,ME01,-0.3910367940873017,1.3794117619106703,0.30952108451590854,0.272201830275485,0.1808044247809786,-0.04988827568236231,-0.039675921333372485,-0.12358065410923252,-1.0503520223910345
2008-05-07 15:30:00+00:00,ME01,-0.4719235649614032,3.2799237362477847,0.06050795706610899,0.272201830275485,0.1808044247809786,-0.04988827568236231,-0.039675921333372485,-0.12358065410923252,-1.0503520223910345
2008-05-07 15:40:00+00:00,ME01,-0.5541734240176537,2.95955180749961,0.06053545035004914,0.272201830275485,0.1808044247809786,-0.04988827568236231,-0.039675921333372485,-0.12358065410923252,-1.0503520223910345
2008-05-07 15:50:00+00:00,ME01,-0.3465376660416293,8.303172677191332,0.11245308030555355,0.272201830275485,0.1808044247809786,-0.04988827568236231,-0.039675921333372485,-0.12358065410923252,-1.0503520223910345
2008-05-07 16:00:00+00:00,ME01,-0.38687613434795426,5.929545305344123,0.12937852395679658,-0.29583259045015464,-0.02179914174622342,-0.04190629665439762,-0.15870368533348983,-0.12358065410923252,-1.0503520223910345
2008-05-07 16:10:00+00:00,ME01,-0.1265173617533234,2.0690888008137347,-0.01418178337948329,-0.29583259045015464,-0.02179914174622342,-0.04190629665439762,-0.15870368533348983,-0.12358065410923252,-1.0503520223910345
2008-05-07 16:20:00+00:00,ME01,-0.07958862368946872,6.133003540265159,0.16338939678433267,-0.29583259045015464,-0.02179914174622342,-0.04190629665439762,-0.15870368533348983,-0.12358065410923252,-1.0503520223910345
2008-05-07 16:30:00+00:00,ME01,0.008478371441370883,4.877893055542105,0.014341203145492242,-0.29583259045015464,-0.02179914174622342,-0.04190629665439762,-0.15870368533348983,-0.12358065410923252,-1.0503520223910345
2008-05-07 16:40:00+00:00,ME01,-0.13724463187700042,2.512634269317227,-0.07625788325384678,-0.29583259045015464,-0.02179914174622342,-0.04190629665439762,-0.15870368533348983,-0.12358065410923252,-1.0503520223910345
2008-05-07 16:50:00+00:00,ME01,0.8968920196859197,6.4962631182170325,-0.06593962821641977,-0.29583259045015464,-0.02179914174622342,-0.04190629665439762,-0.15870368533348983,-0.12358065410923252,-1.0503520223910345
2008-05-07 17:00:00+00:00,ME01,1.6466674257705,26.95861659517165,-0.055828970738179155,-0.17749012083289675,-0.1615701489608806,0.01396867255070521,-0.31740737066697966,-0.12358065410923252,-1.0503520223910345
2008-05-07 17:10:00+00:00,ME01,-0.2923601787128932,15.980872055850817,0.03020636362158999,-0.17749012083289675,-0.1615701489608806,0.01396867255070521,-0.31740737066697966,-0.12358065410923252,-1.0503520223910345
2008-05-07 17:20:00+00:00,ME01,-0.2543121725867906,13.481829699430154,-0.009150682533454734,-0.17749012083289675,-0.1615701489608806,0.01396867255070521,-0.31740737066697966,-0.12358065410923252,-1.0503520223910345
2008-05-07 17:30:00+00:00,ME01,-0.3297763129658815,15.538735178582737,0.11287956552333447,-0.17749012083289675,-0.1615701489608806,0.01396867255070521,-0.31740737066697966,-0.12358065410923252,-1.0503520223910345
2008-05-07 17:40:00+00:00,ME01,-0.2263579777346183,167.4383734960139,0.012331128950313618,-0.17749012083289675,-0.1615701489608806,0.01396867255070521,-0.31740737066697966,-0.12358065410923252,-1.0503520223910345
2008-05-07 17:50:00+00:00,ME01,-0.19562907950243982,84.30959341107875,0.006861431040349464,-0.17749012083289675,-0.1615701489608806,0.01396867255070521,-0.31740737066697966,-0.12358065410923252,-1.0503520223910345
2008-05-07 18:00:00+00:00,ME01,-0.42981311075365614,13.51977056622779,-0.14114219744433168,0.24852390291483925,-0.4193126182574568,0.03791516763929014,-0.6744907594765952,-0.12358065410923252,-1.1533277108607436
2008-05-07 18:10:00+00:00,ME01,-0.3511529436712743,6.894328018843813,0.2443095178756045,0.24852390291483925,-0.4193126182574568,0.03791516763929014,-0.6744907594765952,-0.12358065410923252,-1.1533277108607436
2008-05-07 18:20:00+00:00,ME01,-0.38779506873589364,6.466686845402256,0.029389956736983216,0.24852390291483925,-0.4193126182574568,0.03791516763929014,-0.6744907594765952,-0.12358065410923252,-1.1533277108607436
2008-05-07 18:30:00+00:00,ME01,-0.48764636931287525,3.3426894010771884,-0.05647146740770197,0.24852390291483925,-0.4193126182574568,0.03791516763929014,-0.6744907594765952,-0.12358065410923252,-1.1533277108607436
2008-05-07 18:40:00+00:00,ME01,-0.4803146367471483,4.793364837170698,-0.258915470833726,0.24852390291483925,-0.4193126182574568,0.03791516763929014,-0.6744907594765952,-0.12358065410923252,-1.1533277108607436
2008-05-07 18:50:00+00:00,ME01,-0.4729145132853117,5.428034075713163,-0.4249882487625524,0.24852390291483925,-0.4193126182574568,0.03791516763929014,-0.6744907594765952,-0.12358065410923252,-1.1533277108607436
2008-05-07 19:00:00+00:00,ME01,-0.5842353669271625,7.314353697329764,-0.5338270049725943,-0.13013426611160264,-0.48471017795829757,0.19356696721155817,-0.6744907594765952,-0.12358065410923252,-1.1533277108607436
2008-05-07 19:10:00+00:00,ME01,-0.2529035647693234,15.785624568518028,-0.3894613894350602,-0.13013426611160264,-0.48471017795829757,0.19356696721155817,-0.6744907594765952,-0.12358065410923252,-1.1533277108607436
2008-05-07 19:20:00+00:00,ME01,-0.5033285829391511,3.2879958176973276,-0.8288012659252013,-0.13013426611160264,-0.48471017795829757,0.19356696721155817,-0.6744907594765952,-0.12358065410923252,-1.1533277108607436
2008-05-07 19:30:00+00:00,ME01,-0.32676096847170033,4.8411894239361,-0.778420707862623,-0.13013426611160264,-0.48471017795829757,0.19356696721155817,-0.6744907594765952,-0.12358065410923252,-1.1533277108607436
2008-05-07 19:40:00+00:00,ME01,-0.3984075399450342,3.334601620933916,-0.8109168678236692,-0.13013426611160264,-0.48471017795829757,0.19356696721155817,-0.6744907594765952,-0.12358065410923252,-1.1533277108607436
2008-05-07 19:50:00+00:00,ME01,-0.3165379771850832,1.5673770329937387,-0.5724105733349149,-0.13013426611160264,-0.48471017795829757,0.19356696721155817,-0.6744907594765952,-0.12358065410923252,-1.1533277108607436
2008-05-07 20:00:00+00:00,ME01,-0.3521380533482922,4.113986055727053,-0.8335805900324201,-0.3194633506248242,-0.523179267447182,0.3292631217080033,-0.476111152809733,-0.12358065410923252,-1.1533277108607436
2008-05-07 20:10:00+00:00,ME01,-0.4487802290674182,2.4226280526538053,-0.8467955619466432,-0.3194633506248242,-0.523179267447182,0.3292631217080033,-0.476111152809733,-0.12358065410923252,-1.1533277108607436
2008-05-07 20:20:00+00:00,ME01,-0.3875815668194164,0.8856825984540535,-0.9112618484565085,-0.3194633506248242,-0.523179267447182,0.3292631217080033,-0.476111152809733,-0.12358065410923252,-1.1533277108607436
2008-05-07 20:30:00+00:00,ME01,-0.42643109533108176,0.19566393495378856,-0.9529934079749507,-0.3194633506248242,-0.523179267447182,0.3292631217080033,-0.476111152809733,-0.12358065410923252,-1.1533277108607436
2008-05-07 20:40:00+00:00,ME01,-0.3154180686852829,-0.0703954614917944,-0.7614663089992282,-0.3194633506248242,-0.523179267447182,0.3292631217080033,-0.476111152809733,-0.12358065410923252,-1.1533277108607436
2008-05-07 20:50:00+00:00,ME01,-0.4756201729223882,4.094298072163234,-0.8608759936515353,-0.3194633506248242,-0.523179267447182,0.3292631217080033,-0.476111152809733,-0.12358065410923252,-1.1533277108607436
2008-05-07 21:00:00+00:00,ME01,-0.46154066304451724,1.2626452029668054,-0.8541336037635678,-0.3194633506248242,-0.6962899012228186,0.30132577660662463,-0.6744907594765952,-0.12358065410923252,-1.1533277108607436
2008-05-07 21:10:00+00:00,ME01,-0.353915664419224,0.9662794363416635,-1.0480236865682075,-0.3194633506248242,-0.6962899012228186,0.30132577660662463,-0.6744907594765952,-0.12358065410923252,-1.1533277108607436
2008-05-07 21:20:00+00:00,ME01,-0.4192112149557459,2.0992465929434654,-1.0660444187074112,-0.3194633506248242,-0.6962899012228186,0.30132577660662463,-0.6744907594765952,-0.12358065410923252,-1.1533277108607436
2008-05-07 21:30:00+00:00,ME01,-0.32549128764754687,2.7518835291893535,-1.0928778974675377,-0.3194633506248242,-0.6962899012228186,0.30132577660662463,-0.6744907594765952,-0.12358065410923252,-1.1533277108607436
2008-05-07 21:40:00+00:00,ME01,-0.4738869133873551,1.0410550201068143,-1.201968151034308,-0.3194633506248242,-0.6962899012228186,0.30132577660662463,-0.6744907594765952,-0.12358065410923252,-1.1533277108607436
2008-05-07 21:50:00+00:00,ME01,-0.38184588073967207,2.087635254771138,-1.2127443649610978,-0.3194633506248242,-0.6962899012228186,0.30132577660662463,-0.6744907594765952,-0.12358065410923252,-1.1533277108607436
2008-05-07 22:00:00+00:00,ME01,-0.5723308315513921,-0.0547405633715522,-1.2229647853306669,0.2248459755541922,-0.7180891774312135,0.3412365087534844,-0.6744907594765952,-0.12358065410923252,-1.1533277108607436
2008-05-07 22:10:00+00:00,ME01,-0.5066562849646732,-0.7701616113011808,-1.3484317508838164,0.2248459755541922,-0.7180891774312135,0.3412365087534844,-0.6744907594765952,-0.12358065410923252,-1.1533277108607436
2008-05-07 22:20:00+00:00,ME01,-0.44874509854157774,5.513332018983251,-1.328857109107918,0.2248459755541922,-0.7180891774312135,0.3412365087534844,-0.6744907594765952,-0.12358065410923252,-1.1533277108607436
2008-05-07 22:30:00+00:00,ME01,-0.5212774037306042,3.3988595045824606,-1.2164310352099263,0.2248459755541922,-0.7180891774312135,0.3412365087534844,-0.6744907594765952,-0.12358065410923252,-1.1533277108607436
2008-05-07 22:40:00+00:00,ME01,-0.6154276236474935,0.23852933600707157,-1.293627852332412,0.2248459755541922,-0.7180891774312135,0.3412365087534844,-0.6744907594765952,-0.12358065410923252,-1.1533277108607436
2008-05-07 22:50:00+00:00,ME01,-0.4408502434262898,0.3518402208756125,-1.3562653943444662,0.2248459755541922,-0.7180891774312135,0.3412365087534844,-0.6744907594765952,-0.12358065410923252,-1.1533277108607436
2008-05-07 23:00:00+00:00,ME01,-0.6144473550654409,0.10995423364649638,-1.394622280550718,0.6508599993019268,-0.7975918189485913,0.32128114268007035,-0.6744907594765952,-0.12358065410923252,-1.1533277108607436
2008-05-07 23:10:00+00:00,ME01,-0.4447975395134426,0.737643314418589,-1.4002780321071322,0.6508599993019268,-0.7975918189485913,0.32128114268007035,-0.6744907594765952,-0.12358065410923252,-1.1533277108607436
2008-05-07 23:20:00+00:00,ME01,-0.31959213888013527,-0.13281877878947734,-1.4256290505142808,0.6508599993019268,-0.7975918189485913,0.32128114268007035,-0.6744907594765952,-0.12358065410923252,-1.1533277108607436
2008-05-07 23:30:00+00:00,ME01,-0.5090134974514557,0.718813148844145,-1.410283338550901,0.6508599993019268,-0.7975918189485913,0.32128114268007035,-0.6744907594765952,-0.12358065410923252,-1.1533277108607436
2008-05-07 23:40:00+00:00,ME01,-0.40581014271393706,-0.25212948750827086,-1.421291516888251,0.6508599993019268,-0.7975918189485913,0.32128114268007035,-0.6744907594765952,-0.12358065410923252,-1.1533277108607436
2008-05-07 23:50:00+00:00,ME01,-0.3761297739228113,0.31281242830888406,-1.421858251738327,0.6508599993019268,-0.7975918189485913,0.32128114268007035,-0.6744907594765952,-0.12358065410923252,-1.1533277108607436
2008-05-08 00:00:00+00:00,ME01,-0.5099034229797739,-0.9018633968910373,-1.4034186587323798,0.2248459755541922,-0.9860900347349129,0.12970973997611351,-0.6744907594765952,-0.12358065410923252,-1.2563033993304529
2008-05-08 00:10:00+00:00,ME01,-0.5850389413064051,-0.9220059895673915,-1.3742287833753488,0.2248459755541922,-0.9860900347349129,0.12970973997611351,-0.6744907594765952,-0.12358065410923252,-1.2563033993304529
2008-05-08 00:20:00+00:00,ME01,-0.47308862810451535,-0.8970050395864342,-1.420931308383288,0.2248459755541922,-0.9860900347349129,0.12970973997611351,-0.6744907594765952,-0.12358065410923252,-1.2563033993304529
2008-05-08 00:30:00+00:00,ME01,-0.43042784480761703,0.7759190525172234,-1.3786827375389445,0.2248459755541922,-0.9860900347349129,0.12970973997611351,-0.6744907594765952,-0.12358065410923252,-1.2563033993304529
2008-05-08 00:40:00+00:00,ME01,-0.4547324351171085,-0.50449679406091,-1.3615567586487414,0.2248459755541922,-0.9860900347349129,0.12970973997611351,-0.6744907594765952,-0.12358065410923252,-1.2563033993304529
2008-05-08 00:50:00+00:00,ME01,-0.4839138168165664,0.6242443608205844,-1.4282123974153142,0.2248459755541922,-0.9860900347349129,0.12970973997611351,-0.6744907594765952,-0.12358065410923252,-1.2563033993304529
2008-05-08 01:00:00+00:00,ME01,-0.4536662011221974,0.7078203995857765,-1.4350848437816377,0.2248459755541922,-1.0181476989504314,0.10975437390266778,-0.6744907594765952,-0.12358065410923252,-1.2563033993304529
2008-05-08 01:10:00+00:00,ME01,-0.5086495508503116,1.309161402284414,-1.3982362630881013,0.2248459755541922,-1.0181476989504314,0.10975437390266778,-0.6744907594765952,-0.12358065410923252,-1.2563033993304529
2008-05-08 01:20:00+00:00,ME01,-0.3640266453586908,3.371318673890363,-1.4071966997822813,0.2248459755541922,-1.0181476989504314,0.10975437390266778,-0.6744907594765952,-0.12358065410923252,-1.2563033993304529
2008-05-08 01:30:00+00:00,ME01,-0.32860292330632235,6.621157986776524,-1.4166230364463546,0.2248459755541922,-1.0181476989504314,0.10975437390266778,-0.6744907594765952,-0.12358065410923252,-1.2563033993304529
2008-05-08 01:40:00+00:00,ME01,-0.4036100308072875,-0.8876695177189209,-1.3383137238942884,0.2248459755541922,-1.0181476989504314,0.10975437390266778,-0.6744907594765952,-0.12358065410923252,-1.2563033993304529
2008-05-08 01:50:00+00:00,ME01,-0.3453437678711525,4.877905835601054,-1.2511197042603794,0.2248459755541922,-1.0181476989504314,0.10975437390266778,-0.6744907594765952,-0.12358065410923252,-1.2563033993304529
2008-05-08 02:00:00+00:00,ME01,-0.26031095981538543,-0.7249582552308709,-1.157561887775616,0.6035041445806327,-1.0527698257055587,0.02993290960898002,-0.5554629954764779,-0.12358065410923252,-1.2563033993304529
2008-05-08 02:10:00+00:00,ME01,-0.4199060094670783,0.17408516637441135,-1.4476199001144816,0.6035041445806327,-1.0527698257055587,0.02993290960898002,-0.5554629954764779,-0.12358065410923252,-1.2563033993304529
2008-05-08 02:20:00+00:00,ME01,-0.3463623272083404,-0.6511412408805599,-1.343294958443626,0.6035041445806327,-1.0527698257055587,0.02993290960898002,-0.5554629954764779,-0.12358065410923252,-1.2563033993304529
2008-05-08 02:30:00+00:00,ME01,-0.4464023602923998,-0.718542573306034,-1.0184256863046066,0.6035041445806327,-1.0527698257055587,0.02993290960898002,-0.5554629954764779,-0.12358065410923252,-1.2563033993304529
2008-05-08 02:40:00+00:00,ME01,-0.20533233731724296,-0.2862189392921464,-1.2999790599163497,0.6035041445806327,-1.0527698257055587,0.02993290960898002,-0.5554629954764779,-0.12358065410923252,-1.2563033993304529
2008-05-08 02:50:00+00:00,ME01,-0.31788825752143596,-0.6053186173480727,-1.3320847029619918,0.6035041445806327,-1.0527698257055587,0.02993290960898002,-0.5554629954764779,-0.12358065410923252,-1.2563033993304529
2008-05-08 03:00:00+00:00,ME01,-0.2222465055294329,-0.26770193694701544,-1.1311832919921891,0.8165111564545015,-1.2066461836610962,0.033924038624150936,-0.6744907594765952,-0.12358065410923252,-1.2563033993304529
2008-05-08 03:10:00+00:00,ME01,-0.3132725706384838,-0.6488822861077642,-1.063295238187175,0.8165111564545015,-1.2066461836610962,0.033924038624150936,-0.6744907594765952,-0.12358065410923252,-1.2563033993304529
2008-05-08 03:20:00+00:00,ME01,-0.3759069471269154,-0.41231101325344455,-1.0432788601482028,0.8165111564545015,-1.2066461836610962,0.033924038624150936,-0.6744907594765952,-0.12358065410923252,-1.2563033993304529
2008-05-08 03:30:00+00:00,ME01,-0.39037896788372894,-0.7795036770140535,-0.8751905487115463,0.8165111564545015,-1.2066461836610962,0.033924038624150936,-0.6744907594765952,-0.12358065410923252,-1.2563033993304529
2008-05-08 03:40:00+00:00,ME01,-0.39338170258227784,1.3590082494692721,-0.3581910060287222,0.8165111564545015,-1.2066461836610962,0.033924038624150936,-0.6744907594765952,-0.12358065410923252,-1.2563033993304529
2008-05-08 03:50:00+00:00,ME01,-0.38983212007617574,1.2142540294733886,-0.680633433653663,0.8165111564545015,-1.2066461836610962,0.033924038624150936,-0.6744907594765952,-0.12358065410923252,-1.2563033993304529
2008-05-08 04:00:00+00:00,ME01,-0.5538223746219518,-0.9697994183855908,-0.7655230878884575,0.7928332290938543,-1.0886741837304903,0.06984364175583976,-0.31740737066697966,-0.12358065410923252,-1.2563033993304529
2008-05-08 04:10:00+00:00,ME01,-0.2828219333124189,0.41450847924632406,-0.46359069855128116,0.7928332290938543,-1.0886741837304903,0.06984364175583976,-0.31740737066697966,-0.12358065410923252,-1.2563033993304529
2008-05-08 04:20:00+00:00,ME01,-0.40321207049905067,-0.6760979479072133,0.0177857387221255,0.7928332290938543,-1.0886741837304903,0.06984364175583976,-0.31740737066697966,-0.12358065410923252,-1.2563033993304529
2008-05-08 04:30:00+00:00,ME01,-0.23747509521878407,-0.9241375971758106,-0.6418462763202006,0.7928332290938543,-1.0886741837304903,0.06984364175583976,-0.31740737066697966,-0.12358065410923252,-1.2563033993304529
2008-05-08 04:40:00+00:00,ME01,-0.39847435004583537,-0.9298516751247816,-0.5104716076550654,0.7928332290938543,-1.0886741837304903,0.06984364175583976,-0.31740737066697966,-0.12358065410923252,-1.2563033993304529
2008-05-08 04:50:00+00:00,ME01,-0.34848225961656787,-0.92709215311179,-0.012580429805687233,0.7928332290938543,-1.0886741837304903,0.06984364175583976,-0.31740737066697966,-0.12358065410923252,-1.2563033993304529
2008-05-08 05:00:00+00:00,ME01,-0.27347222281880906,-0.35469018433542565,-0.2982816238803797,0.4378529874280595,-0.38212602896272024,0.24145967838635088,-0.476111152809733,-0.12358065410923252,-1.2563033993304529
2008-05-08 05:10:00+00:00,ME01,-0.410296498795699,1.7378895573503073,-0.24191595025540105,0.4378529874280595,-0.38212602896272024,0.24145967838635088,-0.476111152809733,-0.12358065410923252,-1.2563033993304529
2008-05-08 05:20:00+00:00,ME01,-0.35967131749330566,0.18387068227674586,-0.3509650542980705,0.4378529874280595,-0.38212602896272024,0.24145967838635088,-0.476111152809733,-0.12358065410923252,-1.2563033993304529
2008-05-08 05:30:00+00:00,ME01,-0.4700536953842319,4.749378791302308,-0.3649547800328505,0.4378529874280595,-0.38212602896272024,0.24145967838635088,-0.476111152809733,-0.12358065410923252,-1.2563033993304529
2008-05-08 05:40:00+00:00,ME01,-0.5709086333280904,-0.2094939173725097,-0.014286054767688468,0.4378529874280595,-0.38212602896272024,0.24145967838635088,-0.476111152809733,-0.12358065410923252,-1.2563033993304529
2008-05-08 05:50:00+00:00,ME01,-0.45073605571158415,-0.8712266454663682,0.021324511183400657,0.4378529874280595,-0.38212602896272024,0.24145967838635088,-0.476111152809733,-0.12358065410923252,-1.2563033993304529
2008-05-08 06:00:00+00:00,ME01,-0.3713772282326128,-0.9979470617404235,0.23637607067524177,0.3904971327067654,0.3513505960170059,0.413075715016862,-0.23805552800023472,-0.12358065410923252,-1.3592790878001622
2008-05-08 06:10:00+00:00,ME01,-0.14465210214337848,-0.8834149903229493,0.620902232324805,0.3904971327067654,0.3513505960170059,0.413075715016862,-0.23805552800023472,-0.12358065410923252,-1.3592790878001622
2008-05-08 06:20:00+00:00,ME01,-0.3149646627104689,-0.7404727914169624,0.39437812449484977,0.3904971327067654,0.3513505960170059,0.413075715016862,-0.23805552800023472,-0.12358065410923252,-1.3592790878001622
2008-05-08 06:30:00+00:00,ME01,-0.43262872019104304,-0.9347054546693254,0.004654268272538851,0.3904971327067654,0.3513505960170059,0.413075715016862,-0.23805552800023472,-0.12358065410923252,-1.3592790878001622
2008-05-08 06:40:00+00:00,ME01,-0.4750568086767949,-0.972244842990867,0.011162800498734074,0.3904971327067654,0.3513505960170059,0.413075715016862,-0.23805552800023472,-0.12358065410923252,-1.3592790878001622
2008-05-08 06:50:00+00:00,ME01,31.938451764938954,-0.4554855584722206,15.050498356813996,0.3904971327067654,0.3513505960170059,0.413075715016862,-0.23805552800023472,-0.12358065410923252,-1.3592790878001622
2008-05-08 07:00:00+00:00,ME01,-0.42673210650405063,-0.9360409818207864,0.42740740258103055,0.2011680481935451,0.582165132950313,0.5447810195005451,1.9441204357630406,-0.12358065410923252,-1.3592790878001622
2008-05-08 07:10:00+00:00,ME01,-0.3095648611351181,-0.9887058407309215,0.44586133586863297,0.2011680481935451,0.582165132950313,0.5447810195005451,1.9441204357630406,-0.12358065410923252,-1.3592790878001622
2008-05-08 07:20:00+00:00,ME01,-0.4075428990676184,-0.9319622138318621,0.16271286258097262,0.2011680481935451,0.582165132950313,0.5447810195005451,1.9441204357630406,-0.12358065410923252,-1.3592790878001622
2008-05-08 07:30:00+00:00,ME01,-0.343705812147926,-0.9732075723967485,0.3861140531690454,0.2011680481935451,0.582165132950313,0.5447810195005451,1.9441204357630406,-0.12358065410923252,-1.3592790878001622
2008-05-08 07:40:00+00:00,ME01,-0.579978516794105,-0.510103355208957,0.18276350384233941,0.2011680481935451,0.582165132950313,0.5447810195005451,1.9441204357630406,-0.12358065410923252,-1.3592790878001622
2008-05-08 07:50:00+00:00,ME01,-0.5996284116640853,-0.9538455057680713,0.4384251748087619,0.2011680481935451,0.582165132950313,0.5447810195005451,1.9441204357630406,-0.12358065410923252,-1.3592790878001622
2008-05-08 08:00:00+00:00,ME01,-0.38206230515393813,-0.9104592857650825,0.7582571360998429,0.6035041445806327,0.8181085949628377,0.7044236690855752,2.261527903239284,-0.12358065410923252,-1.3592790878001622
2008-05-08 08:10:00+00:00,ME01,-0.20917196531348625,0.22282588556452393,0.37369406071153605,0.6035041445806327,0.8181085949628377,0.7044236690855752,2.261527903239284,-0.12358065410923252,-1.3592790878001622
2008-05-08 08:20:00+00:00,ME01,-0.12626685353883776,19.88282006752214,0.3421902064104766,0.6035041445806327,0.8181085949628377,0.7044236690855752,2.261527903239284,-0.12358065410923252,-1.3592790878001622
2008-05-08 08:30:00+00:00,ME01,-0.6714351637634544,-0.8619268707924709,0.6706771333104317,0.6035041445806327,0.8181085949628377,0.7044236690855752,2.261527903239284,-0.12358065410923252,-1.3592790878001622
2008-05-08 08:40:00+00:00,ME01,-0.45453474250857434,-0.8267703950743311,0.11265485416119148,0.6035041445806327,0.8181085949628377,0.7044236690855752,2.261527903239284,-0.12358065410923252,-1.3592790878001622
2008-05-08 08:50:00+00:00,ME01,-0.43030650622268884,-0.5839996635264783,0.3778061954022957,0.6035041445806327,0.8181085949628377,0.7044236690855752,2.261527903239284,-0.12358065410923252,-1.3592790878001622
2008-05-08 09:00:00+00:00,ME01,-0.45706460018734524,5.081552868545807,-0.05534332809398185,0.03551689104097058,0.7578404981899016,0.756307788277916,6.268796538765483,-0.12358065410923252,-1.3592790878001622
2008-05-08 09:10:00+00:00,ME01,-0.2135352675636755,-0.9873994698999821,0.38377251211933516,0.03551689104097058,0.7578404981899016,0.756307788277916,6.268796538765483,-0.12358065410923252,-1.3592790878001622
2008-05-08 09:20:00+00:00,ME01,-0.38609458546740594,-0.9251502159194176,0.06370312283435539,0.03551689104097058,0.7578404981899016,0.756307788277916,6.268796538765483,-0.12358065410923252,-1.3592790878001622
2008-05-08 09:30:00+00:00,ME01,0.0547189556929928,4.806777003403075,0.15645175976836434,0.03551689104097058,0.7578404981899016,0.756307788277916,6.268796538765483,-0.12358065410923252,-1.3592790878001622
2008-05-08 09:40:00+00:00,ME01,-0.37279145617816767,-0.9187994200832404,0.12105632432949366,0.03551689104097058,0.7578404981899016,0.756307788277916,6.268796538765483,-0.12358065410923252,-1.3592790878001622
2008-05-08 09:50:00+00:00,ME01,-0.5502309882699393,-0.34761746663593296,0.009092277832323402,0.03551689104097058,0.7578404981899016,0.756307788277916,6.268796538765483,-0.12358065410923252,-1.3592790878001622
2008-05-08 10:00:00+00:00,ME01,-0.09977624902177258,12.733955410864716,0.09111372054946004,-0.1538121934722497,1.0155829674864778,0.8640665976729824,6.506852163574981,-0.12358065410923252,-1.3592790878001622
2008-05-08 10:10:00+00:00,ME01,-0.4704106900464086,0.6727480007421047,0.2991054625496244,-0.1538121934722497,1.0155829674864778,0.8640665976729824,6.506852163574981,-0.12358065410923252,-1.3592790878001622
2008-05-08 10:20:00+00:00,ME01,-0.46748912730592684,4.154284888027648,0.33965876202697043,-0.1538121934722497,1.0155829674864778,0.8640665976729824,6.506852163574981,-0.12358065410923252,-1.3592790878001622
2008-05-08 10:30:00+00:00,ME01,-0.23723340057378628,10.044947531319776,0.36795275884013146,-0.1538121934722497,1.0155829674864778,0.8640665976729824,6.506852163574981,-0.12358065410923252,-1.3592790878001622
2008-05-08 10:40:00+00:00,ME01,-0.49569257901941477,-0.8878910984918711,0.25508719915177547,-0.1538121934722497,1.0155829674864778,0.8640665976729824,6.506852163574981,-0.12358065410923252,-1.3592790878001622
2008-05-08 10:50:00+00:00,ME01,-0.5086376765764979,6.0446432807129655,0.39881994718922803,-0.1538121934722497,1.0155829674864778,0.8640665976729824,6.506852163574981,-0.12358065410923252,-1.3592790878001622
2008-05-08 11:00:00+00:00,ME01,5.310718180795188,-0.36799318748395893,2.407141645507955,-0.13013426611160264,1.1040617657411749,0.8840219637464282,2.301203824572656,-0.12358065410923252,-1.3592790878001622
2008-05-08 11:10:00+00:00,ME01,-0.19823181467657594,-0.8410289699570828,-0.0742720744987579,-0.13013426611160264,1.1040617657411749,0.8840219637464282,2.301203824572656,-0.12358065410923252,-1.3592790878001622
2008-05-08 11:20:00+00:00,ME01,0.08039287316382193,-0.5574977408015928,0.09774593360860286,-0.13013426611160264,1.1040617657411749,0.8840219637464282,2.301203824572656,-0.12358065410923252,-1.3592790878001622
2008-05-08 11:30:00+00:00,ME01,-0.01964233102449767,-0.2963057018431951,0.044073748696592155,-0.13013426611160264,1.1040617657411749,0.8840219637464282,2.301203824572656,-0.12358065410923252,-1.3592790878001622
2008-05-08 11:40:00+00:00,ME01,-0.29915440752534855,-0.1981478954435899,-0.027544763913938956,-0.13013426611160264,1.1040617657411749,0.8840219637464282,2.301203824572656,-0.12358065410923252,-1.3592790878001622
2008-05-08 11:50:00+00:00,ME01,-0.4757380258740957,-0.9573532486863789,-0.2173553878699792,-0.13013426611160264,1.1040617657411749,0.8840219637464282,2.301203824572656,-0.12358065410923252,-1.3592790878001622
2008-05-08 12:00:00+00:00,ME01,-0.48961555992148215,-0.5606290439064966,-0.06709133731666689,-0.5087924351380445,1.0668751764464381,0.8002093704375378,2.1821760605725387,-0.12358065410923252,-1.4622547762698714
2008-05-08 12:10:00+00:00,ME01,-0.6185470269947747,-0.43081615784527144,0.02638469791209443,-0.5087924351380445,1.0668751764464381,0.8002093704375378,2.1821760605725387,-0.12358065410923252,-1.4622547762698714
2008-05-08 12:20:00+00:00,ME01,3.684411792052637,-0.11479438977763103,0.17706983605007418,-0.5087924351380445,1.0668751764464381,0.8002093704375378,2.1821760605725387,-0.12358065410923252,-1.4622547762698714
2008-05-08 12:30:00+00:00,ME01,0.3980464966178685,-0.007726045592273195,0.17342877975404652,-0.5087924351380445,1.0668751764464381,0.8002093704375378,2.1821760605725387,-0.12358065410923252,-1.4622547762698714
2008-05-08 12:40:00+00:00,ME01,-0.6208105782663336,-0.5850478171781086,0.2433092373917537,-0.5087924351380445,1.0668751764464381,0.8002093704375378,2.1821760605725387,-0.12358065410923252,-1.4622547762698714
2008-05-08 12:50:00+00:00,ME01,-0.5655615378426887,-0.5529610385369296,0.5007928780078778,-0.5087924351380445,1.0668751764464381,0.8002093704375378,2.1821760605725387,-0.12358065410923252,-1.4622547762698714
2008-05-08 13:00:00+00:00,ME01,-0.4101277005595085,-0.53495432475156,-0.06345159557240022,-0.7217994470119119,1.215622071474071,0.7483255302475742,4.205648339002325,-0.12358065410923252,-1.4622547762698714
2008-05-08 13:10:00+00:00,ME01,-0.6200086483544085,-0.6478927923779862,0.2320609982601416,-0.7217994470119119,1.215622071474071,0.7483255302475742,4.205648339002325,-0.12358065410923252,-1.4622547762698714
2008-05-08 13:20:00+00:00,ME01,-0.7326301506495914,-0.5406556282150442,-0.01131366088446488,-0.7217994470119119,1.215622071474071,0.7483255302475742,4.205648339002325,-0.12358065410923252,-1.4622547762698714
2008-05-08 13:30:00+00:00,ME01,-0.6469702598903316,-0.9231517345462172,0.13318390415512005,-0.7217994470119119,1.215622071474071,0.7483255302475742,4.205648339002325,-0.12358065410923252,-1.4622547762698714
2008-05-08 13:40:00+00:00,ME01,-0.5012600425629662,-0.7985430574016825,-0.035571405323955176,-0.7217994470119119,1.215622071474071,0.7483255302475742,4.205648339002325,-0.12358065410923252,-1.4622547762698714
2008-05-08 13:50:00+00:00,ME01,-0.4276667009928641,-0.702334597236794,0.022196859508905556,-0.7217994470119119,1.215622071474071,0.7483255302475742,4.205648339002325,-0.12358065410923252,-1.4622547762698714
2008-05-08 14:00:00+00:00,ME01,-0.3110043818040129,-0.699209837613185,0.7667876282139164,-1.1241355433990008,0.9001759679441681,0.6046471177208189,6.705231770241843,-0.12358065410923252,-1.4622547762698714
2008-05-08 14:10:00+00:00,ME01,-0.3090355405598305,-0.6706070860951816,0.16242003059869678,-1.1241355433990008,0.9001759679441681,0.6046471177208189,6.705231770241843,-0.12358065410923252,-1.4622547762698714
2008-05-08 14:20:00+00:00,ME01,-0.4633354267107799,-0.8329224286780337,0.44210581458593784,-1.1241355433990008,0.9001759679441681,0.6046471177208189,6.705231770241843,-0.12358065410923252,-1.4622547762698714
2008-05-08 14:30:00+00:00,ME01,-0.5684687203568372,-0.9115850513992735,-0.16138939045566067,-1.1241355433990008,0.9001759679441681,0.6046471177208189,6.705231770241843,-0.12358065410923252,-1.4622547762698714
2008-05-08 14:40:00+00:00,ME01,-0.527281893480746,-0.7994871265767965,0.03489937006370832,-1.1241355433990008,0.9001759679441681,0.6046471177208189,6.705231770241843,-0.12358065410923252,-1.4622547762698714
2008-05-08 14:50:00+00:00,ME01,-0.5029293789285422,-0.9182137807403752,0.3060068773634935,-1.1241355433990008,0.9001759679441681,0.6046471177208189,6.705231770241843,-0.12358065410923252,-1.4622547762698714
2008-05-08 15:00:00+00:00,ME01,3.4682349195291438,-0.9066536116765194,3.647864306869383,-1.0768268558636842,0.88222365446953,0.5128525453839955,2.7376390560490167,-0.12358065410923252,-1.4622547762698714
2008-05-08 15:10:00+00:00,ME01,0.00521314255868377,-0.9319835774369685,0.616553301384262,-1.0768268558636842,0.88222365446953,0.5128525453839955,2.7376390560490167,-0.12358065410923252,-1.4622547762698714
2008-05-08 15:20:00+00:00,ME01,-0.4146463571876343,-0.7779589177580295,0.4335767005534773,-1.0768268558636842,0.88222365446953,0.5128525453839955,2.7376390560490167,-0.12358065410923252,-1.4622547762698714
2008-05-08 15:30:00+00:00,ME01,-0.6326178393696584,-0.785203015507149,0.19458309441351837,-1.0768268558636842,0.88222365446953,0.5128525453839955,2.7376390560490167,-0.12358065410923252,-1.4622547762698714
2008-05-08 15:40:00+00:00,ME01,-0.7179487280070656,-0.9079778547106191,0.13284777505582152,-1.0768268558636842,0.88222365446953,0.5128525453839955,2.7376390560490167,-0.12358065410923252,-1.4622547762698714
2008-05-08 15:50:00+00:00,ME01,-0.7508941740653429,-0.9713949366576743,-0.03667660121300037,-1.0768268558636842,0.88222365446953,0.5128525453839955,2.7376390560490167,-0.12358065410923252,-1.4622547762698714
2008-05-08 16:00:00+00:00,ME01,-0.7105839951456647,-0.915250398943513,0.06599742021238354,-1.2897867005515746,0.8193908262326418,0.46895068422199654,-0.5157870741431054,-0.12358065410923252,-1.4622547762698714
2008-05-08 16:10:00+00:00,ME01,-0.7599979544175823,-0.9192563644936553,0.07432864764599474,-1.2897867005515746,0.8193908262326418,0.46895068422199654,-0.5157870741431054,-0.12358065410923252,-1.4622547762698714
2008-05-08 16:20:00+00:00,ME01,-0.526548437713145,-1.0378224115952783,0.10018665162519505,-1.2897867005515746,0.8193908262326418,0.46895068422199654,-0.5157870741431054,-0.12358065410923252,-1.4622547762698714
2008-05-08 16:30:00+00:00,ME01,-0.6293101183989381,8.635596190727918,-0.025359168320904898,-1.2897867005515746,0.8193908262326418,0.46895068422199654,-0.5157870741431054,-0.12358065410923252,-1.4622547762698714
2008-05-08 16:40:00+00:00,ME01,-0.7604064715612319,-0.7916538097807934,-0.08653485594534582,-1.2897867005515746,0.8193908262326418,0.46895068422199654,-0.5157870741431054,-0.12358065410923252,-1.4622547762698714
2008-05-08 16:50:00+00:00,ME01,-0.7974834156785041,-0.7082228532648537,-0.05309254993947732,-1.2897867005515746,0.8193908262326418,0.46895068422199654,-0.5157870741431054,-0.12358065410923252,-1.4622547762698714
2008-05-08 17:00:00+00:00,ME01,-0.572827945295532,1.392092314208535,0.10072456053952901,-0.9111285315251328,0.6334570729859296,0.3851380909131062,-0.5951389168098503,-0.12358065410923252,-1.4622547762698714
2008-05-08 17:10:00+00:00,ME01,-0.5792262124673216,0.39891446065087593,-0.08401545283707493,-0.9111285315251328,0.6334570729859296,0.3851380909131062,-0.5951389168098503,-0.12358065410923252,-1.4622547762698714
2008-05-08 17:20:00+00:00,ME01,-0.6489970767112675,1.6848277974763533,0.1221513373064983,-0.9111285315251328,0.6334570729859296,0.3851380909131062,-0.5951389168098503,-0.12358065410923252,-1.4622547762698714
2008-05-08 17:30:00+00:00,ME01,-0.6752953152393859,6.244175081330364,0.06813589397977961,-0.9111285315251328,0.6334570729859296,0.3851380909131062,-0.5951389168098503,-0.12358065410923252,-1.4622547762698714
2008-05-08 17:40:00+00:00,ME01,-0.6085279736868664,2.8399234570869196,-0.043142791482367465,-0.9111285315251328,0.6334570729859296,0.3851380909131062,-0.5951389168098503,-0.12358065410923252,-1.4622547762698714
2008-05-08 17:50:00+00:00,ME01,-0.3294859903280283,6.819473269552414,-0.023951578730958656,-0.9111285315251328,0.6334570729859296,0.3851380909131062,-0.5951389168098503,-0.12358065410923252,-1.4622547762698714
2008-05-08 18:00:00+00:00,ME01,-0.2492695949206223,4.913446498127654,-0.04192917202216274,-0.8874506041644857,-0.1820869249751275,0.20554007525466206,-0.6744907594765952,-0.12358065410923252,-1.5652304647395807
2008-05-08 18:10:00+00:00,ME01,-0.5232545222527614,-0.29130557079484365,-0.11840875796598463,-0.8874506041644857,-0.1820869249751275,0.20554007525466206,-0.6744907594765952,-0.12358065410923252,-1.5652304647395807
2008-05-08 18:20:00+00:00,ME01,-0.5918345803955156,2.0442749343186915,-0.08379841620320086,-0.8874506041644857,-0.1820869249751275,0.20554007525466206,-0.6744907594765952,-0.12358065410923252,-1.5652304647395807
2008-05-08 18:30:00+00:00,ME01,-0.6323821312125875,-0.31264571714369943,-0.0012964238719552269,-0.8874506041644857,-0.1820869249751275,0.20554007525466206,-0.6744907594765952,-0.12358065410923252,-1.5652304647395807
2008-05-08 18:40:00+00:00,ME01,-0.6070848953692728,6.547469286405721,-0.1916461611798906,-0.8874506041644857,-0.1820869249751275,0.20554007525466206,-0.6744907594765952,-0.12358065410923252,-1.5652304647395807
2008-05-08 18:50:00+00:00,ME01,-0.7030755912613822,-0.04949009964272733,-0.11677021458270688,-0.8874506041644857,-0.1820869249751275,0.20554007525466206,-0.6744907594765952,-0.12358065410923252,-1.5652304647395807
2008-05-08 19:00:00+00:00,ME01,-0.6327727047542984,1.190392997791152,-0.5572872631906031,-0.36681920534611706,-0.4795809839547362,0.16962047212297324,-0.6744907594765952,-0.12358065410923252,-1.5652304647395807
2008-05-08 19:10:00+00:00,ME01,-0.4007541858620413,10.49176708411823,-0.5070117634062054,-0.36681920534611706,-0.4795809839547362,0.16962047212297324,-0.6744907594765952,-0.12358065410923252,-1.5652304647395807
2008-05-08 19:20:00+00:00,ME01,-0.45356672645064544,-0.13851898444731647,-0.5464208218411496,-0.36681920534611706,-0.4795809839547362,0.16962047212297324,-0.6744907594765952,-0.12358065410923252,-1.5652304647395807
2008-05-08 19:30:00+00:00,ME01,-0.12258218597029866,-0.2523698007726889,-0.8408500886331649,-0.36681920534611706,-0.4795809839547362,0.16962047212297324,-0.6744907594765952,-0.12358065410923252,-1.5652304647395807
2008-05-08 19:40:00+00:00,ME01,-0.2701295950053841,3.68851786735761,-0.917203338440333,-0.36681920534611706,-0.4795809839547362,0.16962047212297324,-0.6744907594765952,-0.12358065410923252,-1.5652304647395807
2008-05-08 19:50:00+00:00,ME01,18.63507456113557,4.649897945546636,2.966972664992926,-0.36681920534611706,-0.4795809839547362,0.16962047212297324,-0.6744907594765952,-0.12358065410923252,-1.5652304647395807
2008-05-08 20:00:00+00:00,ME01,-0.3792407010582302,0.05433963480852484,-0.8129192169769515,-0.34314127798547,-0.5719067449431903,0.229486570343247,-0.6744907594765952,-0.12358065410923252,-1.5652304647395807
2008-05-08 20:10:00+00:00,ME01,-0.13645046638033734,-0.6084736311744928,-0.7073480623320785,-0.34314127798547,-0.5719067449431903,0.229486570343247,-0.6744907594765952,-0.12358065410923252,-1.5652304647395807
2008-05-08 20:20:00+00:00,ME01,0.22981899960318822,-0.44550919814326495,-0.8979449336300526,-0.34314127798547,-0.5719067449431903,0.229486570343247,-0.6744907594765952,-0.12358065410923252,-1.5652304647395807
2008-05-08 20:30:00+00:00,ME01,-0.15954312402826976,-0.10179990767718934,-1.0317939331281882,-0.34314127798547,-0.5719067449431903,0.229486570343247,-0.6744907594765952,-0.12358065410923252,-1.5652304647395807
2008-05-08 20:40:00+00:00,ME01,-0.2237249121105812,0.10526926282847854,-1.0732861327504026,-0.34314127798547,-0.5719067449431903,0.229486570343247,-0.6744907594765952,-0.12358065410923252,-1.5652304647395807
2008-05-08 20:50:00+00:00,ME01,-0.1421652385862695,1.2944801030853748,-1.06094059099929,-0.34314127798547,-0.5719067449431903,0.229486570343247,-0.6744907594765952,-0.12358065410923252,-1.5652304647395807
2008-05-08 21:00:00+00:00,ME01,-0.24957454186718583,-0.4900549883850911,-0.8010614335982913,0.03551689104097058,-0.5642128194756758,0.23347742035604077,-0.6744907594765952,-0.12358065410923252,-1.5652304647395807
2008-05-08 21:10:00+00:00,ME01,-0.2755192765495106,-0.1893593023930088,-0.8600120579390074,0.03551689104097058,-0.5642128194756758,0.23347742035604077,-0.6744907594765952,-0.12358065410923252,-1.5652304647395807
2008-05-08 21:20:00+00:00,ME01,-0.3037145060353452,0.6714787726880068,-1.2064160386735931,0.03551689104097058,-0.5642128194756758,0.23347742035604077,-0.6744907594765952,-0.12358065410923252,-1.5652304647395807
2008-05-08 21:30:00+00:00,ME01,0.2599815211326612,-0.8361410202178754,-1.1134454952008768,0.03551689104097058,-0.5642128194756758,0.23347742035604077,-0.6744907594765952,-0.12358065410923252,-1.5652304647395807
2008-05-08 21:40:00+00:00,ME01,0.05032243232617846,-0.5470062542193094,-0.8189685011040766,0.03551689104097058,-0.5642128194756758,0.23347742035604077,-0.6744907594765952,-0.12358065410923252,-1.5652304647395807
2008-05-08 21:50:00+00:00,ME01,-0.14680533774066604,0.744807835861308,-0.9592349195065015,0.03551689104097058,-0.5642128194756758,0.23347742035604077,-0.6744907594765952,-0.12358065410923252,-1.5652304647395807
2008-05-08 22:00:00+00:00,ME01,0.07971040682041551,-0.20817814227505674,-0.7894077796946117,-0.1538121934722497,-0.7065482892299423,0.2135223332849722,-0.6744907594765952,-0.12358065410923252,-1.5652304647395807
2008-05-08 22:10:00+00:00,ME01,-0.10247495362844382,3.8623439582569112,-1.0000607830809587,-0.1538121934722497,-0.7065482892299423,0.2135223332849722,-0.6744907594765952,-0.12358065410923252,-1.5652304647395807
2008-05-08 22:20:00+00:00,ME01,-0.004527960658210671,0.14471915112326922,-0.980516500563945,-0.1538121934722497,-0.7065482892299423,0.2135223332849722,-0.6744907594765952,-0.12358065410923252,-1.5652304647395807
2008-05-08 22:30:00+00:00,ME01,-0.08092803283498448,1.8612553266119982,-1.1999313606525497,-0.1538121934722497,-0.7065482892299423,0.2135223332849722,-0.6744907594765952,-0.12358065410923252,-1.5652304647395807
2008-05-08 22:40:00+00:00,ME01,-0.5114147034615582,4.938525994435423,-1.22521306479411,-0.1538121934722497,-0.7065482892299423,0.2135223332849722,-0.6744907594765952,-0.12358065410923252,-1.5652304647395807
2008-05-08 22:50:00+00:00,ME01,-0.2713199757626361,0.5160570853832684,-1.2197187461526178,-0.1538121934722497,-0.7065482892299423,0.2135223332849722,-0.6744907594765952,-0.12358065410923252,-1.5652304647395807
2008-05-08 23:00:00+00:00,ME01,-0.3822263042641094,-0.27919959910691516,-1.3099002455893607,-0.13013426611160264,-0.6937254386832098,0.16962047212297324,-0.6348148381432227,-0.12358065410923252,-1.5652304647395807
2008-05-08 23:10:00+00:00,ME01,-0.3784215687814569,-0.5788242508463279,-1.190638351406144,-0.13013426611160264,-0.6937254386832098,0.16962047212297324,-0.6348148381432227,-0.12358065410923252,-1.5652304647395807
2008-05-08 23:20:00+00:00,ME01,-0.23340920223752085,-0.4968747541289543,-1.0326605117856689,-0.13013426611160264,-0.6937254386832098,0.16962047212297324,-0.6348148381432227,-0.12358065410923252,-1.5652304647395807
2008-05-08 23:30:00+00:00,ME01,-0.3033310869901607,8.816002541688864,-0.6544451793045286,-0.13013426611160264,-0.6937254386832098,0.16962047212297324,-0.6348148381432227,-0.12358065410923252,-1.5652304647395807
2008-05-08 23:40:00+00:00,ME01,-0.24096363201803908,0.5519017561665599,-0.5008536138903389,-0.13013426611160264,-0.6937254386832098,0.16962047212297324,-0.6348148381432227,-0.12358065410923252,-1.5652304647395807
2008-05-08 23:50:00+00:00,ME01,-0.18815506451805797,0.8719953297147653,-0.5952833222392855,-0.13013426611160264,-0.6937254386832098,0.16962047212297324,-0.6348148381432227,-0.12358065410923252,-1.5652304647395807
2008-05-09 00:00:00+00:00,ME01,0.1599428795137249,-0.16607563442144074,-0.7284730931846826,0.6271820719412798,-0.6898784759494526,-0.02594205959615453,-0.6348148381432227,-0.12358065410923252,-1.6682061532092898
2008-05-09 00:10:00+00:00,ME01,-0.20858730094250097,-0.2314187317210787,-1.1468597663804743,0.6271820719412798,-0.6898784759494526,-0.02594205959615453,-0.6348148381432227,-0.12358065410923252,-1.6682061532092898
2008-05-09 00:20:00+00:00,ME01,0.038375334871762694,0.7448526746987172,-1.3724974636225356,0.6271820719412798,-0.6898784759494526,-0.02594205959615453,-0.6348148381432227,-0.12358065410923252,-1.6682061532092898
2008-05-09 00:30:00+00:00,ME01,-0.11808015007914695,-0.5052095210706534,-1.4085763292621487,0.6271820719412798,-0.6898784759494526,-0.02594205959615453,-0.6348148381432227,-0.12358065410923252,-1.6682061532092898
2008-05-09 00:40:00+00:00,ME01,-0.21434960673580414,-0.34498428809070636,-1.3497785712761101,0.6271820719412798,-0.6898784759494526,-0.02594205959615453,-0.6348148381432227,-0.12358065410923252,-1.6682061532092898
2008-05-09 00:50:00+00:00,ME01,-0.21942765900688796,-0.7222084764975039,-1.31986801582397,0.6271820719412798,-0.6898784759494526,-0.02594205959615453,-0.6348148381432227,-0.12358065410923252,-1.6682061532092898
2008-05-09 01:00:00+00:00,ME01,0.10111693981321986,-0.7447223533596575,-1.4004836623324797,0.24852390291483925,-0.9937839602024273,-0.17760273015325165,-0.6744907594765952,-0.12358065410923252,-1.6682061532092898
2008-05-09 01:10:00+00:00,ME01,-0.04979541791383917,-0.583140798664691,-1.4040142308795118,0.24852390291483925,-0.9937839602024273,-0.17760273015325165,-0.6744907594765952,-0.12358065410923252,-1.6682061532092898
2008-05-09 01:20:00+00:00,ME01,-0.001278231251333545,0.8876730672352077,-1.4136353863642188,0.24852390291483925,-0.9937839602024273,-0.17760273015325165,-0.6744907594765952,-0.12358065410923252,-1.6682061532092898
2008-05-09 01:30:00+00:00,ME01,0.033749858398067316,0.09459610472458764,-1.4236324225024584,0.24852390291483925,-0.9937839602024273,-0.17760273015325165,-0.6744907594765952,-0.12358065410923252,-1.6682061532092898
2008-05-09 01:40:00+00:00,ME01,0.02346171725234001,0.22173664339119908,-1.378481325328179,0.24852390291483925,-0.9937839602024273,-0.17760273015325165,-0.6744907594765952,-0.12358065410923252,-1.6682061532092898
2008-05-09 01:50:00+00:00,ME01,0.41285013535312315,-0.799110212020578,-1.3850490034051066,0.24852390291483925,-0.9937839602024273,-0.17760273015325165,-0.6744907594765952,-0.12358065410923252,-1.6682061532092898
2008-05-09 02:00:00+00:00,ME01,0.10837864708582373,-0.18111725923909577,-1.3806619290469815,0.2248459755541922,-1.110473459938885,-0.2494419364166293,-0.6744907594765952,-0.12358065410923252,-1.6682061532092898
2008-05-09 02:10:00+00:00,ME01,0.1599047122242827,-0.8758202508255633,-1.323039654749762,0.2248459755541922,-1.110473459938885,-0.2494419364166293,-0.6744907594765952,-0.12358065410923252,-1.6682061532092898
2008-05-09 02:20:00+00:00,ME01,0.3396773361113496,-0.8328122103279473,-1.3036630773369997,0.2248459755541922,-1.110473459938885,-0.2494419364166293,-0.6744907594765952,-0.12358065410923252,-1.6682061532092898
2008-05-09 02:30:00+00:00,ME01,-0.01896769473589852,-1.022691106346792,-1.367033618064975,0.2248459755541922,-1.110473459938885,-0.2494419364166293,-0.6744907594765952,-0.12358065410923252,-1.6682061532092898
2008-05-09 02:40:00+00:00,ME01,-0.3647607458286758,-1.0536828087540773,-1.3363011198673795,0.2248459755541922,-1.110473459938885,-0.2494419364166293,-0.6744907594765952,-0.12358065410923252,-1.6682061532092898
2008-05-09 02:50:00+00:00,ME01,-0.1522865370338155,-0.942803368227671,-1.3004845835771448,0.2248459755541922,-1.110473459938885,-0.2494419364166293,-0.6744907594765952,-0.12358065410923252,-1.6682061532092898
2008-05-09 03:00:00+00:00,ME01,-0.27924911096564353,6.223411513413842,-0.5957438277864434,0.01183896368032353,-1.1232963104856175,-0.2654061734749041,-0.6744907594765952,-0.12358065410923252,-1.6682061532092898
2008-05-09 03:10:00+00:00,ME01,-0.2595886561225631,-0.7670862019880526,-1.1227132792962211,0.01183896368032353,-1.1232963104856175,-0.2654061734749041,-0.6744907594765952,-0.12358065410923252,-1.6682061532092898
2008-05-09 03:20:00+00:00,ME01,0.010208478435872267,-0.1691985312287868,-0.9230818142147321,0.01183896368032353,-1.1232963104856175,-0.2654061734749041,-0.6744907594765952,-0.12358065410923252,-1.6682061532092898
2008-05-09 03:30:00+00:00,ME01,-0.13221285665912014,-0.8219479261721815,-0.5658471968517544,0.01183896368032353,-1.1232963104856175,-0.2654061734749041,-0.6744907594765952,-0.12358065410923252,-1.6682061532092898
2008-05-09 03:40:00+00:00,ME01,-0.14451505497970146,-0.798577472747662,-0.6671361348659401,0.01183896368032353,-1.1232963104856175,-0.2654061734749041,-0.6744907594765952,-0.12358065410923252,-1.6682061532092898
2008-05-09 03:50:00+00:00,ME01,-0.1898905360906991,-0.9405649790819424,-0.556130864779179,0.01183896368032353,-1.1232963104856175,-0.2654061734749041,-0.6744907594765952,-0.12358065410923252,-1.6682061532092898
2008-05-09 04:00:00+00:00,ME01,-0.3407691153257176,-0.5127976050096696,-0.3763039853794993,0.6035041445806327,-1.2040814521971437,-0.35720074581169575,-0.6744907594765952,-0.12358065410923252,-1.6682061532092898
2008-05-09 04:10:00+00:00,ME01,-0.35482758233532974,-0.9108108604823131,0.02079538738822938,0.6035041445806327,-1.2040814521971437,-0.35720074581169575,-0.6744907594765952,-0.12358065410923252,-1.6682061532092898
2008-05-09 04:20:00+00:00,ME01,-0.2080483042843201,-0.805472482467083,0.7042919065581517,0.6035041445806327,-1.2040814521971437,-0.35720074581169575,-0.6744907594765952,-0.12358065410923252,-1.6682061532092898
2008-05-09 04:30:00+00:00,ME01,-0.26532343394523794,-0.9630262051603771,0.7306412026336758,0.6035041445806327,-1.2040814521971437,-0.35720074581169575,-0.6744907594765952,-0.12358065410923252,-1.6682061532092898
2008-05-09 04:40:00+00:00,ME01,-0.17590413214250716,-0.6727665687603347,0.15330667533458728,0.6035041445806327,-1.2040814521971437,-0.35720074581169575,-0.6744907594765952,-0.12358065410923252,-1.6682061532092898
2008-05-09 04:50:00+00:00,ME01,-0.38914376825169644,-0.7652805586033886,-0.11623968311343313,0.6035041445806327,-1.2040814521971437,-0.35720074581169575,-0.6744907594765952,-0.12358065410923252,-1.6682061532092898
2008-05-09 05:00:00+00:00,ME01,-0.49671956811166046,-0.9230955483212161,-0.09279607237761321,0.6035041445806327,-0.5719067449431903,-0.17760273015325165,-0.6744907594765952,-0.12358065410923252,-1.6682061532092898
2008-05-09 05:10:00+00:00,ME01,-0.33767083530851255,-0.9045906396656861,-0.10690056505309269,0.6035041445806327,-0.5719067449431903,-0.17760273015325165,-0.6744907594765952,-0.12358065410923252,-1.6682061532092898
2008-05-09 05:20:00+00:00,ME01,0.049171697036546294,-0.7194635508357042,-0.25506688343935013,0.6035041445806327,-0.5719067449431903,-0.17760273015325165,-0.6744907594765952,-0.12358065410923252,-1.6682061532092898
2008-05-09 05:30:00+00:00,ME01,-0.32161373569701235,-0.8703763330243534,-0.01785413183339768,0.6035041445806327,-0.5719067449431903,-0.17760273015325165,-0.6744907594765952,-0.12358065410923252,-1.6682061532092898
2008-05-09 05:40:00+00:00,ME01,0.14397082110695622,-0.8845266387116775,0.27195822072523096,0.6035041445806327,-0.5719067449431903,-0.17760273015325165,-0.6744907594765952,-0.12358065410923252,-1.6682061532092898
2008-05-09 05:50:00+00:00,ME01,-0.2343015956198278,-0.7572030017620828,-0.04074219248414462,0.6035041445806327,-0.5719067449431903,-0.17760273015325165,-0.6744907594765952,-0.12358065410923252,-1.6682061532092898
2008-05-09 06:00:00+00:00,ME01,0.028740449103412603,-0.8484136590408689,0.3044646983654001,-0.035469723854993154,0.4449588571996079,-0.0019955645075696,-0.5157870741431054,-0.12358065410923252,-1.7196939974441445
2008-05-09 06:10:00+00:00,ME01,-0.04379827013659045,-0.9156947365903554,0.4826467148775947,-0.035469723854993154,0.4449588571996079,-0.0019955645075696,-0.5157870741431054,-0.12358065410923252,-1.7196939974441445
2008-05-09 06:20:00+00:00,ME01,0.2875251418970294,-1.026335462135405,1.3563393411918359,-0.035469723854993154,0.4449588571996079,-0.0019955645075696,-0.5157870741431054,-0.12358065410923252,-1.7196939974441445
2008-05-09 06:30:00+00:00,ME01,0.019227340828711754,-0.8177899001394459,1.507301266354773,-0.035469723854993154,0.4449588571996079,-0.0019955645075696,-0.5157870741431054,-0.12358065410923252,-1.7196939974441445
2008-05-09 06:40:00+00:00,ME01,-0.024793268732456793,-0.8478841867798346,0.622198172532179,-0.035469723854993154,0.4449588571996079,-0.0019955645075696,-0.5157870741431054,-0.12358065410923252,-1.7196939974441445
2008-05-09 06:50:00+00:00,ME01,-0.29028042912963736,-0.9947678953857922,0.8671541865137592,-0.035469723854993154,0.4449588571996079,-0.0019955645075696,-0.5157870741431054,-0.12358065410923252,-1.7196939974441445
2008-05-09 07:00:00+00:00,ME01,-0.08034317803956167,-0.8790157318963345,0.7004177344144312,0.41417506006741245,0.9463387139762233,0.13370086899128442,-0.6744907594765952,-0.12358065410923252,-1.7196939974441445
2008-05-09 07:10:00+00:00,ME01,-0.10758556518730045,-0.7285300446411435,1.044959728154733,0.41417506006741245,0.9463387139762233,0.13370086899128442,-0.6744907594765952,-0.12358065410923252,-1.7196939974441445
2008-05-09 07:20:00+00:00,ME01,0.046330528669580526,-0.8793876469595536,0.4477844071049457,0.41417506006741245,0.9463387139762233,0.13370086899128442,-0.6744907594765952,-0.12358065410923252,-1.7196939974441445
2008-05-09 07:30:00+00:00,ME01,-0.00483861066070271,-1.0063355109562986,0.16446960194148816,0.41417506006741245,0.9463387139762233,0.13370086899128442,-0.6744907594765952,-0.12358065410923252,-1.7196939974441445
2008-05-09 07:40:00+00:00,ME01,-0.2924973714346193,-0.9130909098249448,0.10242842799048749,0.41417506006741245,0.9463387139762233,0.13370086899128442,-0.6744907594765952,-0.12358065410923252,-1.7196939974441445
2008-05-09 07:50:00+00:00,ME01,-0.20339794763354893,-0.8744921119971741,0.6009778823808891,0.41417506006741245,0.9463387139762233,0.13370086899128442,-0.6744907594765952,-0.12358065410923252,-1.7196939974441445
2008-05-09 08:00:00+00:00,ME01,-0.16047065492780707,-0.8933030505988435,0.41014418643621603,-0.01183896368032353,0.7886156622112718,0.20154894623949116,-0.5554629954764779,-0.12358065410923252,-1.7196939974441445
2008-05-09 08:10:00+00:00,ME01,-0.010067849582144586,1.6839570950820284,0.7024432031458171,-0.01183896368032353,0.7886156622112718,0.20154894623949116,-0.5554629954764779,-0.12358065410923252,-1.7196939974441445
2008-05-09 08:20:00+00:00,ME01,0.3717966319123574,19.652309439065643,1.476896738609861,-0.01183896368032353,0.7886156622112718,0.20154894623949116,-0.5554629954764779,-0.12358065410923252,-1.7196939974441445
2008-05-09 08:30:00+00:00,ME01,-0.040408953804631643,-0.6055331514020976,0.6268679531604944,-0.01183896368032353,0.7886156622112718,0.20154894623949116,-0.5554629954764779,-0.12358065410923252,-1.7196939974441445
2008-05-09 08:40:00+00:00,ME01,0.2543903554221794,11.367975587148099,0.7428760457665435,-0.01183896368032353,0.7886156622112718,0.20154894623949116,-0.5554629954764779,-0.12358065410923252,-1.7196939974441445
2008-05-09 08:50:00+00:00,ME01,0.24562433458768562,5.77701551175759,0.761872560872794,-0.01183896368032353,0.7886156622112718,0.20154894623949116,-0.5554629954764779,-0.12358065410923252,-1.7196939974441445
2008-05-09 09:00:00+00:00,ME01,0.5083085349272844,5.149074819739394,1.951200660455858,-0.2011680481935438,1.036100012425068,0.0818170288013208,2.7773149773823893,-0.12358065410923252,-1.7196939974441445
2008-05-09 09:10:00+00:00,ME01,0.3279683484208732,8.434515351233555,1.193799772153338,-0.2011680481935438,1.036100012425068,0.0818170288013208,2.7773149773823893,-0.12358065410923252,-1.7196939974441445
2008-05-09 09:20:00+00:00,ME01,0.3234085125043827,-0.6420588064947951,1.0654415348392505,-0.2011680481935438,1.036100012425068,0.0818170288013208,2.7773149773823893,-0.12358065410923252,-1.7196939974441445
2008-05-09 09:30:00+00:00,ME01,0.5918084623946397,-0.8235041094068756,1.753349404586726,-0.2011680481935438,1.036100012425068,0.0818170288013208,2.7773149773823893,-0.12358065410923252,-1.7196939974441445
2008-05-09 09:40:00+00:00,ME01,0.1123082832362078,1.2804298906881433,1.2378232731316374,-0.2011680481935438,1.036100012425068,0.0818170288013208,2.7773149773823893,-0.12358065410923252,-1.7196939974441445
2008-05-09 09:50:00+00:00,ME01,0.11811914035054864,-0.5174889941010119,0.8255613591558097,-0.2011680481935438,1.036100012425068,0.0818170288013208,2.7773149773823893,-0.12358065410923252,-1.7196939974441445
2008-05-09 10:00:00+00:00,ME01,0.24428279261103386,-0.7394803882574875,0.7879183694635863,-0.1538121934722497,1.1502247806975736,0.033924038624150936,5.792685482765013,-0.12358065410923252,-1.7196939974441445
2008-05-09 10:10:00+00:00,ME01,0.2060124866662715,-0.7328516439522436,1.4190192668804065,-0.1538121934722497,1.1502247806975736,0.033924038624150936,5.792685482765013,-0.12358065410923252,-1.7196939974441445
2008-05-09 10:20:00+00:00,ME01,0.43901010913736355,8.201692791236042,1.4399534131964187,-0.1538121934722497,1.1502247806975736,0.033924038624150936,5.792685482765013,-0.12358065410923252,-1.7196939974441445
2008-05-09 10:30:00+00:00,ME01,0.03759899887965969,-0.9077261442090704,1.2227589548409838,-0.1538121934722497,1.1502247806975736,0.033924038624150936,5.792685482765013,-0.12358065410923252,-1.7196939974441445
2008-05-09 10:40:00+00:00,ME01,-0.03506563042742765,2.5678893244574903,0.8370896486386141,-0.1538121934722497,1.1502247806975736,0.033924038624150936,5.792685482765013,-0.12358065410923252,-1.7196939974441445
2008-05-09 10:50:00+00:00,ME01,-0.10846302809912775,-0.7615596813784627,0.2585272983443163,-0.1538121934722497,1.1502247806975736,0.033924038624150936,5.792685482765013,-0.12358065410923252,-1.7196939974441445
2008-05-09 11:00:00+00:00,ME01,-0.08559820067302787,-0.4481614684458796,0.1760236465494295,-0.3904971327067641,1.0348175122309202,0.06585251274066883,1.507685301095944,-0.12358065410923252,-1.7196939974441445
2008-05-09 11:10:00+00:00,ME01,-0.16826643069245112,-0.691499340152841,0.08725420696315113,-0.3904971327067641,1.0348175122309202,0.06585251274066883,1.507685301095944,-0.12358065410923252,-1.7196939974441445
2008-05-09 11:20:00+00:00,ME01,-0.08776888625810192,-0.778287961223335,0.60869199167119,-0.3904971327067641,1.0348175122309202,0.06585251274066883,1.507685301095944,-0.12358065410923252,-1.7196939974441445
2008-05-09 11:30:00+00:00,ME01,0.15881846195538502,-0.7149913708748981,0.6130283191881783,-0.3904971327067641,1.0348175122309202,0.06585251274066883,1.507685301095944,-0.12358065410923252,-1.7196939974441445
2008-05-09 11:40:00+00:00,ME01,0.17152925584207945,-0.6630139526732578,0.09921337939329863,-0.3904971327067641,1.0348175122309202,0.06585251274066883,1.507685301095944,-0.12358065410923252,-1.7196939974441445
2008-05-09 11:50:00+00:00,ME01,0.2320932881575925,11.478379083156616,0.017433847847840925,-0.3904971327067641,1.0348175122309202,0.06585251274066883,1.507685301095944,-0.12358065410923252,-1.7196939974441445
2008-05-09 12:00:00+00:00,ME01,0.05276172020449411,3.1304100606211485,0.43135543928786146,-0.34314127798547,1.2079284149309004,0.05387940469756495,3.412129815525612,-0.12358065410923252,-1.771181841678999
2008-05-09 12:10:00+00:00,ME01,0.39877342024415413,-0.6576850714171364,0.4209779621808717,-0.34314127798547,1.2079284149309004,0.05387940469756495,3.412129815525612,-0.12358065410923252,-1.771181841678999
2008-05-09 12:20:00+00:00,ME01,0.49916417488607395,0.061097640084598094,1.0648616228464978,-0.34314127798547,1.2079284149309004,0.05387940469756495,3.412129815525612,-0.12358065410923252,-1.771181841678999
2008-05-09 12:30:00+00:00,ME01,0.19297924405650638,-0.5143414215022295,0.6776397302680467,-0.34314127798547,1.2079284149309004,0.05387940469756495,3.412129815525612,-0.12358065410923252,-1.771181841678999
2008-05-09 12:40:00+00:00,ME01,-0.23239238416841854,-0.21807880730695597,0.7747493380853371,-0.34314127798547,1.2079284149309004,0.05387940469756495,3.412129815525612,-0.12358065410923252,-1.771181841678999
2008-05-09 12:50:00+00:00,ME01,0.0354221826969779,0.09096717974565402,0.613026798924905,-0.34314127798547,1.2079284149309004,0.05387940469756495,3.412129815525612,-0.12358065410923252,-1.771181841678999
2008-05-09 13:00:00+00:00,ME01,0.13235629457141745,-0.7150562500638014,0.48110345774719654,-0.7217994470119119,1.0720043704500004,-0.02594205959615453,2.301203824572656,-0.12358065410923252,-1.771181841678999
2008-05-09 13:10:00+00:00,ME01,0.213656453996092,1.7656311017341486,0.9764985506044273,-0.7217994470119119,1.0720043704500004,-0.02594205959615453,2.301203824572656,-0.12358065410923252,-1.771181841678999
2008-05-09 13:20:00+00:00,ME01,0.19014555155067236,0.6086443305792562,0.6101412998325779,-0.7217994470119119,1.0720043704500004,-0.02594205959615453,2.301203824572656,-0.12358065410923252,-1.771181841678999
2008-05-09 13:30:00+00:00,ME01,-0.10637970100562114,-0.4313089568500994,0.6900696922817939,-0.7217994470119119,1.0720043704500004,-0.02594205959615453,2.301203824572656,-0.12358065410923252,-1.771181841678999
2008-05-09 13:40:00+00:00,ME01,0.2033428953312589,-0.6351008321374079,0.3906127072997577,-0.7217994470119119,1.0720043704500004,-0.02594205959615453,2.301203824572656,-0.12358065410923252,-1.771181841678999
2008-05-09 13:50:00+00:00,ME01,0.11562608089843086,-0.6833292869517876,0.672122110157444,-0.7217994470119119,1.0720043704500004,-0.02594205959615453,2.301203824572656,-0.12358065410923252,-1.771181841678999
2008-05-09 14:00:00+00:00,ME01,0.3211918286895403,-0.513432901750528,0.6663298531882405,-0.1538121934722497,1.1130379224784934,-0.08580815781642828,1.071250069619583,-0.12358065410923252,-1.771181841678999
2008-05-09 14:10:00+00:00,ME01,0.9447973134657109,2.3988553721070183,1.375044503709372,-0.1538121934722497,1.1130379224784934,-0.08580815781642828,1.071250069619583,-0.12358065410923252,-1.771181841678999
2008-05-09 14:20:00+00:00,ME01,0.3210546074878687,2.1696643288205273,0.8687318316773105,-0.1538121934722497,1.1130379224784934,-0.08580815781642828,1.071250069619583,-0.12358065410923252,-1.771181841678999
2008-05-09 14:30:00+00:00,ME01,0.6242011660110275,3.300203795312162,1.8036991449931223,-0.1538121934722497,1.1130379224784934,-0.08580815781642828,1.071250069619583,-0.12358065410923252,-1.771181841678999
2008-05-09 14:40:00+00:00,ME01,0.3668026793723906,3.169784966319334,0.726541363186311,-0.1538121934722497,1.1130379224784934,-0.08580815781642828,1.071250069619583,-0.12358065410923252,-1.771181841678999
2008-05-09 14:50:00+00:00,ME01,0.13113226360932267,0.8271735620996499,1.290577978157938,-0.1538121934722497,1.1130379224784934,-0.08580815781642828,1.071250069619583,-0.12358065410923252,-1.771181841678999
2008-05-09 15:00:00+00:00,ME01,0.40377273737667474,4.530598591224875,0.5115246316347483,-0.13013426611160264,0.8642713409948929,-0.17760273015325165,1.4680093797625713,-0.12358065410923252,-1.771181841678999
2008-05-09 15:10:00+00:00,ME01,0.09036516788940038,2.850535980736054,1.0507511473881712,-0.13013426611160264,0.8642713409948929,-0.17760273015325165,1.4680093797625713,-0.12358065410923252,-1.771181841678999
2008-05-09 15:20:00+00:00,ME01,0.3776246405107735,4.136802543341996,0.502233715749474,-0.13013426611160264,0.8642713409948929,-0.17760273015325165,1.4680093797625713,-0.12358065410923252,-1.771181841678999
2008-05-09 15:30:00+00:00,ME01,-0.07303416839468373,1.8408093147514912,0.5342891545910842,-0.13013426611160264,0.8642713409948929,-0.17760273015325165,1.4680093797625713,-0.12358065410923252,-1.771181841678999
2008-05-09 15:40:00+00:00,ME01,0.08236851281661942,3.1102141121343188,0.2779338982653095,-0.13013426611160264,0.8642713409948929,-0.17760273015325165,1.4680093797625713,-0.12358065410923252,-1.771181841678999
2008-05-09 15:50:00+00:00,ME01,0.08658405335249329,2.992309271066136,0.586111912531048,-0.13013426611160264,0.8642713409948929,-0.17760273015325165,1.4680093797625713,-0.12358065410923252,-1.771181841678999
2008-05-09 16:00:00+00:00,ME01,0.2887537959789429,2.506363039185318,0.061517886846145245,0.24852390291483925,0.534719886724109,-0.4050937359888656,1.507685301095944,-0.12358065410923252,-1.771181841678999
2008-05-09 16:10:00+00:00,ME01,0.5522237689678348,7.69277817289367,0.3668232841480871,0.24852390291483925,0.534719886724109,-0.4050937359888656,1.507685301095944,-0.12358065410923252,-1.771181841678999
2008-05-09 16:20:00+00:00,ME01,0.43967995094313084,2.3680252050740074,0.23125178243991523,0.24852390291483925,0.534719886724109,-0.4050937359888656,1.507685301095944,-0.12358065410923252,-1.771181841678999
2008-05-09 16:30:00+00:00,ME01,0.7630525464104058,-0.45593720742257826,0.34286959157205626,0.24852390291483925,0.534719886724109,-0.4050937359888656,1.507685301095944,-0.12358065410923252,-1.771181841678999
2008-05-09 16:40:00+00:00,ME01,0.20054070709187516,1.310578533352335,0.21814606055389485,0.24852390291483925,0.534719886724109,-0.4050937359888656,1.507685301095944,-0.12358065410923252,-1.771181841678999
2008-05-09 16:50:00+00:00,ME01,0.29082932307369924,-0.6398770422053515,0.010540817334559211,0.24852390291483925,0.534719886724109,-0.4050937359888656,1.507685301095944,-0.12358065410923252,-1.771181841678999
2008-05-09 17:00:00+00:00,ME01,0.25777589581663174,1.716945808810999,0.2928161467734253,-0.34314127798547,0.05513903723154562,-0.496888308325689,1.507685301095944,-0.12358065410923252,-1.771181841678999
2008-05-09 17:10:00+00:00,ME01,0.36772755758561704,4.574725399698366,0.16747202466523328,-0.34314127798547,0.05513903723154562,-0.496888308325689,1.507685301095944,-0.12358065410923252,-1.771181841678999
2008-05-09 17:20:00+00:00,ME01,0.6732238570944603,5.668441677452143,-0.00718956834718683,-0.34314127798547,0.05513903723154562,-0.496888308325689,1.507685301095944,-0.12358065410923252,-1.771181841678999
2008-05-09 17:30:00+00:00,ME01,0.8682673072737401,3.4308451064842176,0.3660209394474303,-0.34314127798547,0.05513903723154562,-0.496888308325689,1.507685301095944,-0.12358065410923252,-1.771181841678999
2008-05-09 17:40:00+00:00,ME01,1.1525072201762345,5.983927952190147,0.3309544390061311,-0.34314127798547,0.05513903723154562,-0.496888308325689,1.507685301095944,-0.12358065410923252,-1.771181841678999
2008-05-09 17:50:00+00:00,ME01,1.2933743879051138,2.592095820672552,0.13787494711437223,-0.34314127798547,0.05513903723154562,-0.496888308325689,1.507685301095944,-0.12358065410923252,-1.771181841678999
2008-05-09 18:00:00+00:00,ME01,1.5063402327319415,1.9864709364220472,0.291995949199631,0.24852390291483925,-0.38469049150232953,-0.47693294225227495,-0.3967593101429881,-0.12358065410923252,-1.8226696859138538
2008-05-09 18:10:00+00:00,ME01,1.5210110737754556,2.1193136303652227,0.5096017806456206,0.24852390291483925,-0.38469049150232953,-0.47693294225227495,-0.3967593101429881,-0.12358065410923252,-1.8226696859138538
2008-05-09 18:20:00+00:00,ME01,2.057336262338736,3.8578878323258037,1.3217958745085432,0.24852390291483925,-0.38469049150232953,-0.47693294225227495,-0.3967593101429881,-0.12358065410923252,-1.8226696859138538
2008-05-09 18:30:00+00:00,ME01,2.5169497093151674,14.298234103991062,1.118685371379933,0.24852390291483925,-0.38469049150232953,-0.47693294225227495,-0.3967593101429881,-0.12358065410923252,-1.8226696859138538
2008-05-09 18:40:00+00:00,ME01,2.6185631930289444,3.7857826519565174,0.8242149421103017,0.24852390291483925,-0.38469049150232953,-0.47693294225227495,-0.3967593101429881,-0.12358065410923252,-1.8226696859138538
2008-05-09 18:50:00+00:00,ME01,2.7944713083690544,9.613471681988553,0.06013572031897903,0.24852390291483925,-0.38469049150232953,-0.47693294225227495,-0.3967593101429881,-0.12358065410923252,-1.8226696859138538
2008-05-09 19:00:00+00:00,ME01,2.703256591447368,9.12097266939226,-0.08121663353345421,0.03551689104097058,-0.4039250362467718,-0.46495955520679394,0.15870368533348983,-0.12358065410923252,-1.8226696859138538
2008-05-09 19:10:00+00:00,ME01,2.8082263116155195,4.110642268138855,0.4029248610548806,0.03551689104097058,-0.4039250362467718,-0.46495955520679394,0.15870368533348983,-0.12358065410923252,-1.8226696859138538
2008-05-09 19:20:00+00:00,ME01,2.9216240219448664,2.0653741170541267,0.14013704566983878,0.03551689104097058,-0.4039250362467718,-0.46495955520679394,0.15870368533348983,-0.12358065410923252,-1.8226696859138538
2008-05-09 19:30:00+00:00,ME01,2.6006706351781537,4.986544608280227,0.018007370902250033,0.03551689104097058,-0.4039250362467718,-0.46495955520679394,0.15870368533348983,-0.12358065410923252,-1.8226696859138538
2008-05-09 19:40:00+00:00,ME01,2.8486544737735677,5.09754546624915,0.18213234584618623,0.03551689104097058,-0.4039250362467718,-0.46495955520679394,0.15870368533348983,-0.12358065410923252,-1.8226696859138538
2008-05-09 19:50:00+00:00,ME01,2.549591225969497,15.50827123071232,-0.5128891476559861,0.03551689104097058,-0.4039250362467718,-0.46495955520679394,0.15870368533348983,-0.12358065410923252,-1.8226696859138538
2008-05-09 20:00:00+00:00,ME01,2.9391522109215797,0.540632653799697,-0.07064754151591138,0.2248459755541922,-0.37699683495915887,-0.3811472409002807,-0.3967593101429881,-0.12358065410923252,-1.8226696859138538
2008-05-09 20:10:00+00:00,ME01,2.63225078354923,0.4747352571110507,-0.48845113459786915,0.2248459755541922,-0.37699683495915887,-0.3811472409002807,-0.3967593101429881,-0.12358065410923252,-1.8226696859138538
2008-05-09 20:20:00+00:00,ME01,2.175104668698861,0.3919568135933032,-0.38632213202687804,0.2248459755541922,-0.37699683495915887,-0.3811472409002807,-0.3967593101429881,-0.12358065410923252,-1.8226696859138538
2008-05-09 20:30:00+00:00,ME01,2.542345094533084,0.38412986716188585,-0.8694424635734008,0.2248459755541922,-0.37699683495915887,-0.3811472409002807,-0.3967593101429881,-0.12358065410923252,-1.8226696859138538
2008-05-09 20:40:00+00:00,ME01,2.2043758400293574,0.8707651744757345,-0.9113510574149196,0.2248459755541922,-0.37699683495915887,-0.3811472409002807,-0.3967593101429881,-0.12358065410923252,-1.8226696859138538
2008-05-09 20:50:00+00:00,ME01,2.2392201240229253,1.1739451753322083,-0.5662801732615393,0.2248459755541922,-0.37699683495915887,-0.3811472409002807,-0.3967593101429881,-0.12358065410923252,-1.8226696859138538
2008-05-09 21:00:00+00:00,ME01,1.8730571300833379,0.6835101142610088,-0.322770667988245,0.5798262172199857,-0.2615895664925053,-0.46895068422193315,1.1109259909529559,-0.12358065410923252,-1.8226696859138538
2008-05-09 21:10:00+00:00,ME01,2.142477469837785,0.5075288378824104,-0.5731837659484003,0.5798262172199857,-0.2615895664925053,-0.46895068422193315,1.1109259909529559,-0.12358065410923252,-1.8226696859138538
2008-05-09 21:20:00+00:00,ME01,2.003013440682571,0.6695466555695423,-1.1098384415068099,0.5798262172199857,-0.2615895664925053,-0.46895068422193315,1.1109259909529559,-0.12358065410923252,-1.8226696859138538
2008-05-09 21:30:00+00:00,ME01,1.838086362645642,4.779659132631873,-1.2056045376027544,0.5798262172199857,-0.2615895664925053,-0.46895068422193315,1.1109259909529559,-0.12358065410923252,-1.8226696859138538
2008-05-09 21:40:00+00:00,ME01,1.8881095615760382,1.1438286218520024,-1.2304826563508227,0.5798262172199857,-0.2615895664925053,-0.46895068422193315,1.1109259909529559,-0.12358065410923252,-1.8226696859138538
2008-05-09 21:50:00+00:00,ME01,1.5849129692382666,1.1840440330807551,-1.1208870905045387,0.5798262172199857,-0.2615895664925053,-0.46895068422193315,1.1109259909529559,-0.12358065410923252,-1.8226696859138538
2008-05-09 22:00:00+00:00,ME01,1.5421714450945754,2.530590993463551,-1.204470896191323,0.6271820719412798,-0.20132146971956977,-0.516843674399103,1.1902778336197006,-0.12358065410923252,-1.8226696859138538
2008-05-09 22:10:00+00:00,ME01,1.5387478699870476,5.103440763116377,-1.3415990033241845,0.6271820719412798,-0.20132146971956977,-0.516843674399103,1.1902778336197006,-0.12358065410923252,-1.8226696859138538
2008-05-09 22:20:00+00:00,ME01,1.3052862169457875,5.199169302377578,-1.319555828969558,0.6271820719412798,-0.20132146971956977,-0.516843674399103,1.1902778336197006,-0.12358065410923252,-1.8226696859138538
2008-05-09 22:30:00+00:00,ME01,1.1010145224001193,2.511362496648096,-1.2693657487440706,0.6271820719412798,-0.20132146971956977,-0.516843674399103,1.1902778336197006,-0.12358065410923252,-1.8226696859138538
2008-05-09 22:40:00+00:00,ME01,1.2153972276684,4.683505392896312,-1.1740187831689481,0.6271820719412798,-0.20132146971956977,-0.516843674399103,1.1902778336197006,-0.12358065410923252,-1.8226696859138538
2008-05-09 22:50:00+00:00,ME01,0.8828265399293396,2.430060319324336,-1.2319169539362285,0.6271820719412798,-0.20132146971956977,-0.516843674399103,1.1902778336197006,-0.12358065410923252,-1.8226696859138538
2008-05-09 23:00:00+00:00,ME01,0.8153782571270676,2.649285400495878,-1.290544076987308,1.3844984099941635,-0.4423941257356563,-0.7004328190727497,0.15870368533348983,-0.12358065410923252,-1.8226696859138538
2008-05-09 23:10:00+00:00,ME01,0.7710821250095912,1.235982754345512,-1.2974215667797666,1.3844984099941635,-0.4423941257356563,-0.7004328190727497,0.15870368533348983,-0.12358065410923252,-1.8226696859138538
2008-05-09 23:20:00+00:00,ME01,0.591682335936844,1.6923518899306902,-1.407848489124085,1.3844984099941635,-0.4423941257356563,-0.7004328190727497,0.15870368533348983,-0.12358065410923252,-1.8226696859138538
2008-05-09 23:30:00+00:00,ME01,0.6558231752654741,1.3885710071559991,-1.2975958565187518,1.3844984099941635,-0.4423941257356563,-0.7004328190727497,0.15870368533348983,-0.12358065410923252,-1.8226696859138538
2008-05-09 23:40:00+00:00,ME01,0.6881235079355069,0.326302742614769,-1.411937111380143,1.3844984099941635,-0.4423941257356563,-0.7004328190727497,0.15870368533348983,-0.12358065410923252,-1.8226696859138538
2008-05-09 23:50:00+00:00,ME01,0.548062665784772,2.645095011755565,-1.3618157247944644,1.3844984099941635,-0.4423941257356563,-0.7004328190727497,0.15870368533348983,-0.12358065410923252,-1.8226696859138538
2008-05-10 00:00:00+00:00,ME01,0.6058873036787581,0.421814580019676,-1.2540725963528228,1.0058402409677216,-0.4872746404979068,-0.8760397057160546,1.8647685930962956,-0.12358065410923252,-1.8741575301487083
2008-05-10 00:10:00+00:00,ME01,0.6940290107336822,3.449130073315007,-1.4484415055201951,1.0058402409677216,-0.4872746404979068,-0.8760397057160546,1.8647685930962956,-0.12358065410923252,-1.8741575301487083
2008-05-10 00:20:00+00:00,ME01,0.6990268278132362,0.05579526521356063,-1.2162550572828144,1.0058402409677216,-0.4872746404979068,-0.8760397057160546,1.8647685930962956,-0.12358065410923252,-1.8741575301487083
2008-05-10 00:30:00+00:00,ME01,0.6121264326878441,1.833808535197103,-1.1681781086212777,1.0058402409677216,-0.4872746404979068,-0.8760397057160546,1.8647685930962956,-0.12358065410923252,-1.8741575301487083
2008-05-10 00:40:00+00:00,ME01,0.8409289097875058,1.3647419882381833,-1.327485817319752,1.0058402409677216,-0.4872746404979068,-0.8760397057160546,1.8647685930962956,-0.12358065410923252,-1.8741575301487083
2008-05-10 00:50:00+00:00,ME01,0.598447941902517,1.5912165820578843,-1.388126054788218,1.0058402409677216,-0.4872746404979068,-0.8760397057160546,1.8647685930962956,-0.12358065410923252,-1.8741575301487083
2008-05-10 01:00:00+00:00,ME01,0.4161266322868547,0.706855559459004,-1.3414266432217883,0.7928332290938543,-0.45393474501258413,-0.9518700409946032,2.3408797459060287,-0.12358065410923252,-1.8741575301487083
2008-05-10 01:10:00+00:00,ME01,0.6012002099134673,-0.26129293431261125,-0.7770549960919543,0.7928332290938543,-0.45393474501258413,-0.9518700409946032,2.3408797459060287,-0.12358065410923252,-1.8741575301487083
2008-05-10 01:20:00+00:00,ME01,0.6121609074478451,2.688511650830488,1.6784514902227459,0.7928332290938543,-0.45393474501258413,-0.9518700409946032,2.3408797459060287,-0.12358065410923252,-1.8741575301487083
2008-05-10 01:30:00+00:00,ME01,0.25629376086059896,2.5529745093137137,-0.9407703861409716,0.7928332290938543,-0.45393474501258413,-0.9518700409946032,2.3408797459060287,-0.12358065410923252,-1.8741575301487083
2008-05-10 01:40:00+00:00,ME01,0.3540261862225377,1.0679811569990483,-0.9903172811138082,0.7928332290938543,-0.45393474501258413,-0.9518700409946032,2.3408797459060287,-0.12358065410923252,-1.8741575301487083
2008-05-10 01:50:00+00:00,ME01,0.6044156263527927,1.087237887070657,-1.1955969909937176,0.7928332290938543,-0.45393474501258413,-0.9518700409946032,2.3408797459060287,-0.12358065410923252,-1.8741575301487083
2008-05-10 02:00:00+00:00,ME01,0.18415682286584503,-0.15653765765043892,-0.8864825082505695,0.7928332290938543,-0.4629109017499032,-0.9917807731414312,0.9522223056194659,-0.12358065410923252,-1.8741575301487083
2008-05-10 02:10:00+00:00,ME01,0.39613555946745843,-0.106544318595605,-1.3763446073515713,0.7928332290938543,-0.4629109017499032,-0.9917807731414312,0.9522223056194659,-0.12358065410923252,-1.8741575301487083
2008-05-10 02:20:00+00:00,ME01,0.3754601919870266,-0.17577224662255994,-1.1811659645845933,0.7928332290938543,-0.4629109017499032,-0.9917807731414312,0.9522223056194659,-0.12358065410923252,-1.8741575301487083
2008-05-10 02:30:00+00:00,ME01,0.4254800934326428,-0.4370351877088075,-0.49705969756080454,0.7928332290938543,-0.4629109017499032,-0.9917807731414312,0.9522223056194659,-0.12358065410923252,-1.8741575301487083
2008-05-10 02:40:00+00:00,ME01,0.33481007875986335,-0.21130148167571547,-0.12862551103743722,0.7928332290938543,-0.4629109017499032,-0.9917807731414312,0.9522223056194659,-0.12358065410923252,-1.8741575301487083
2008-05-10 02:50:00+00:00,ME01,0.682195044334343,0.9141781172103121,1.2444822844672676,0.7928332290938543,-0.4629109017499032,-0.9917807731414312,0.9522223056194659,-0.12358065410923252,-1.8741575301487083
2008-05-10 03:00:00+00:00,ME01,0.3676538357098936,0.008150505918612857,-0.34607174841056376,1.171491398120295,-0.4090542302503336,-1.0636199794048407,2.1425001392391665,-0.12358065410923252,-1.8741575301487083
2008-05-10 03:10:00+00:00,ME01,0.4406702818745882,3.050923325596615,1.2229977771169662,1.171491398120295,-0.4090542302503336,-1.0636199794048407,2.1425001392391665,-0.12358065410923252,-1.8741575301487083
2008-05-10 03:20:00+00:00,ME01,0.9548609627623709,-0.09557381527984049,3.6199096580112884,1.171491398120295,-0.4090542302503336,-1.0636199794048407,2.1425001392391665,-0.12358065410923252,-1.8741575301487083
2008-05-10 03:30:00+00:00,ME01,0.29148629747740146,-0.1407472847257255,1.234475633581828,1.171491398120295,-0.4090542302503336,-1.0636199794048407,2.1425001392391665,-0.12358065410923252,-1.8741575301487083
2008-05-10 03:40:00+00:00,ME01,0.560958545710865,-0.03206925731838459,0.8804789939509263,1.171491398120295,-0.4090542302503336,-1.0636199794048407,2.1425001392391665,-0.12358065410923252,-1.8741575301487083
2008-05-10 03:50:00+00:00,ME01,0.6778050791686284,-0.2867608250198452,1.022977836899793,1.171491398120295,-0.4090542302503336,-1.0636199794048407,2.1425001392391665,-0.12358065410923252,-1.8741575301487083
2008-05-10 04:00:00+00:00,ME01,0.3451490937492262,0.5190565193226107,1.3415301947066665,1.5265188069720672,-0.6001171775006078,-1.031691505288291,1.1902778336197006,-0.12358065410923252,-1.8741575301487083
2008-05-10 04:10:00+00:00,ME01,0.6480584055759285,0.0724462253408117,1.3869801795569912,1.5265188069720672,-0.6001171775006078,-1.031691505288291,1.1902778336197006,-0.12358065410923252,-1.8741575301487083
2008-05-10 04:20:00+00:00,ME01,0.6725275011952337,0.0220583586353743,2.3395591426946014,1.5265188069720672,-0.6001171775006078,-1.031691505288291,1.1902778336197006,-0.12358065410923252,-1.8741575301487083
2008-05-10 04:30:00+00:00,ME01,0.6516580619880326,0.6165048864382706,0.44570622199406057,1.5265188069720672,-0.6001171775006078,-1.031691505288291,1.1902778336197006,-0.12358065410923252,-1.8741575301487083
2008-05-10 04:40:00+00:00,ME01,0.46612130917139866,-0.08224658424463029,0.6152728766888667,1.5265188069720672,-0.6001171775006078,-1.031691505288291,1.1902778336197006,-0.12358065410923252,-1.8741575301487083
2008-05-10 04:50:00+00:00,ME01,0.5287672368411026,0.10013487652453516,0.08908154696717689,1.5265188069720672,-0.6001171775006078,-1.031691505288291,1.1902778336197006,-0.12358065410923252,-1.8741575301487083
2008-05-10 05:00:00+00:00,ME01,0.5119863725098491,0.9832562374870487,0.12415745824490623,1.4081763373548106,-0.5616480880117233,-1.315057480329071,3.0153705053826236,-0.12358065410923252,-1.8741575301487083
2008-05-10 05:10:00+00:00,ME01,0.746247610613371,0.09165640754809211,-0.3810958901223257,1.4081763373548106,-0.5616480880117233,-1.315057480329071,3.0153705053826236,-0.12358065410923252,-1.8741575301487083
2008-05-10 05:20:00+00:00,ME01,0.5494887025000973,-0.05906804472364909,0.02853665718041721,1.4081763373548106,-0.5616480880117233,-1.315057480329071,3.0153705053826236,-0.12358065410923252,-1.8741575301487083
2008-05-10 05:30:00+00:00,ME01,0.5438306835524467,1.852632621569351,-0.1074673693258021,1.4081763373548106,-0.5616480880117233,-1.315057480329071,3.0153705053826236,-0.12358065410923252,-1.8741575301487083
2008-05-10 05:40:00+00:00,ME01,0.6605709338869787,0.01825452802531964,0.08430681639622625,1.4081763373548106,-0.5616480880117233,-1.315057480329071,3.0153705053826236,-0.12358065410923252,-1.8741575301487083
2008-05-10 05:50:00+00:00,ME01,0.734570193471803,-0.21581235738485444,0.2684001166316568,1.4081763373548106,-0.5616480880117233,-1.315057480329071,3.0153705053826236,-0.12358065410923252,-1.8741575301487083
2008-05-10 06:00:00+00:00,ME01,0.6640241205633951,1.290684962899719,0.10745204760389498,2.520472917073488,-0.2692834919600197,-1.2831290062125216,4.165972417668952,-0.12358065410923252,-1.9256453743835629
2008-05-10 06:10:00+00:00,ME01,0.6332850109293551,0.23646503979102856,0.2950227297731381,2.520472917073488,-0.2692834919600197,-1.2831290062125216,4.165972417668952,-0.12358065410923252,-1.9256453743835629
2008-05-10 06:20:00+00:00,ME01,0.815028234189178,0.043426182966362914,0.21237358795835146,2.520472917073488,-0.2692834919600197,-1.2831290062125216,4.165972417668952,-0.12358065410923252,-1.9256453743835629
2008-05-10 06:30:00+00:00,ME01,0.9045819148402061,0.4760631843314682,0.6050616036414428,2.520472917073488,-0.2692834919600197,-1.2831290062125216,4.165972417668952,-0.12358065410923252,-1.9256453743835629
2008-05-10 06:40:00+00:00,ME01,0.9189829577307967,0.4141839421015524,1.8155258652929092,2.520472917073488,-0.2692834919600197,-1.2831290062125216,4.165972417668952,-0.12358065410923252,-1.9256453743835629
2008-05-10 06:50:00+00:00,ME01,1.0953647808650886,0.44300721820070793,0.8392230636765041,2.520472917073488,-0.2692834919600197,-1.2831290062125216,4.165972417668952,-0.12358065410923252,-1.9256453743835629
2008-05-10 07:00:00+00:00,ME01,1.1847982798437233,18.659264038450075,0.2425605240637973,1.763156579020604,0.23850805901430538,-1.1713790678022842,3.4518057368589847,-0.12358065410923252,-1.9256453743835629
2008-05-10 07:10:00+00:00,ME01,0.8331210971572999,0.6227131747922293,0.3425057103172274,1.763156579020604,0.23850805901430538,-1.1713790678022842,3.4518057368589847,-0.12358065410923252,-1.9256453743835629
2008-05-10 07:20:00+00:00,ME01,0.6998407654944316,0.5474671988634728,0.17348275739126262,1.763156579020604,0.23850805901430538,-1.1713790678022842,3.4518057368589847,-0.12358065410923252,-1.9256453743835629
2008-05-10 07:30:00+00:00,ME01,0.8176228818249901,0.20564197333318282,0.3664671297585316,1.763156579020604,0.23850805901430538,-1.1713790678022842,3.4518057368589847,-0.12358065410923252,-1.9256453743835629
2008-05-10 07:40:00+00:00,ME01,0.7329903695316916,0.4105182344095628,0.3383143241878981,1.763156579020604,0.23850805901430538,-1.1713790678022842,3.4518057368589847,-0.12358065410923252,-1.9256453743835629
2008-05-10 07:50:00+00:00,ME01,0.8655502450559429,0.2683005724528331,0.15482581167704473,1.763156579020604,0.23850805901430538,-1.1713790678022842,3.4518057368589847,-0.12358065410923252,-1.9256453743835629
2008-05-10 08:00:00+00:00,ME01,0.9380641577413531,0.08166343798852622,0.6567882399153973,2.3548217599209136,0.46804009575346406,-1.207298670933973,4.56273172781194,-0.12358065410923252,-1.9256453743835629
2008-05-10 08:10:00+00:00,ME01,1.013455570708531,0.6231742176707616,1.2201046638471298,2.3548217599209136,0.46804009575346406,-1.207298670933973,4.56273172781194,-0.12358065410923252,-1.9256453743835629
2008-05-10 08:20:00+00:00,ME01,1.4920744695312098,1.6511600197597953,2.4056269217853625,2.3548217599209136,0.46804009575346406,-1.207298670933973,4.56273172781194,-0.12358065410923252,-1.9256453743835629
2008-05-10 08:30:00+00:00,ME01,1.2601840829898088,2.0613125326040387,0.8112977461279773,2.3548217599209136,0.46804009575346406,-1.207298670933973,4.56273172781194,-0.12358065410923252,-1.9256453743835629
2008-05-10 08:40:00+00:00,ME01,1.2952796413987535,10.050344207976746,0.9815567467718712,2.3548217599209136,0.46804009575346406,-1.207298670933973,4.56273172781194,-0.12358065410923252,-1.9256453743835629
2008-05-10 08:50:00+00:00,ME01,1.4307012512610784,1.6945744986920395,1.0605451516472837,2.3548217599209136,0.46804009575346406,-1.207298670933973,4.56273172781194,-0.12358065410923252,-1.9256453743835629
2008-05-10 09:00:00+00:00,ME01,1.2007427778796786,0.8671759591961047,0.18386428917304554,2.757157856308002,0.4654756332138548,-1.3310217173873142,6.387824399574863,-0.12358065410923252,-1.9256453743835629
2008-05-10 09:10:00+00:00,ME01,0.9115467510544983,3.0077115318259877,0.3004797181678618,2.757157856308002,0.4654756332138548,-1.3310217173873142,6.387824399574863,-0.12358065410923252,-1.9256453743835629
2008-05-10 09:20:00+00:00,ME01,1.2711799445117917,13.81219160745336,0.1713519565930607,2.757157856308002,0.4654756332138548,-1.3310217173873142,6.387824399574863,-0.12358065410923252,-1.9256453743835629
2008-05-10 09:30:00+00:00,ME01,1.2553583687320362,0.8630686493883083,0.3984560279199641,2.757157856308002,0.4654756332138548,-1.3310217173873142,6.387824399574863,-0.12358065410923252,-1.9256453743835629
2008-05-10 09:40:00+00:00,ME01,1.21009892592344,0.8523838946343728,2.5431565114414494,2.757157856308002,0.4654756332138548,-1.3310217173873142,6.387824399574863,-0.12358065410923252,-1.9256453743835629
2008-05-10 09:50:00+00:00,ME01,1.5559876224722782,4.160152977867174,5.080249202182354,2.757157856308002,0.4654756332138548,-1.3310217173873142,6.387824399574863,-0.12358065410923252,-1.9256453743835629
2008-05-10 10:00:00+00:00,ME01,1.0146096068741917,6.7722359474157665,1.2680720664541776,1.9761635908944728,0.6655147372014476,-1.203307541918802,4.800787255812176,-0.12358065410923252,-1.9256453743835629
2008-05-10 10:10:00+00:00,ME01,0.9751225193402863,1.3681398132167553,0.8769581549303901,1.9761635908944728,0.6655147372014476,-1.203307541918802,4.800787255812176,-0.12358065410923252,-1.9256453743835629
2008-05-10 10:20:00+00:00,ME01,1.2407412326200296,1.9537039442960367,3.566020911392297,1.9761635908944728,0.6655147372014476,-1.203307541918802,4.800787255812176,-0.12358065410923252,-1.9256453743835629
2008-05-10 10:30:00+00:00,ME01,1.0932599507291982,2.378041766921187,3.0229704713371506,1.9761635908944728,0.6655147372014476,-1.203307541918802,4.800787255812176,-0.12358065410923252,-1.9256453743835629
2008-05-10 10:40:00+00:00,ME01,1.354742088962677,0.3792636728516112,2.2917118516387114,1.9761635908944728,0.6655147372014476,-1.203307541918802,4.800787255812176,-0.12358065410923252,-1.9256453743835629
2008-05-10 10:50:00+00:00,ME01,0.9961747508095771,0.42801053016305973,1.9137396386772954,1.9761635908944728,0.6655147372014476,-1.203307541918802,4.800787255812176,-0.12358065410923252,-1.9256453743835629
2008-05-10 11:00:00+00:00,ME01,0.7059375769418141,0.710983761896742,0.11343523288238136,2.757157856308002,0.6821845504819377,-1.1394503146833892,6.268796538765483,-0.12358065410923252,-1.9256453743835629
2008-05-10 11:10:00+00:00,ME01,1.0157304128719082,0.9385012952220116,1.4578785705011217,2.757157856308002,0.6821845504819377,-1.1394503146833892,6.268796538765483,-0.12358065410923252,-1.9256453743835629
2008-05-10 11:20:00+00:00,ME01,0.7989324879668527,0.9355631578808142,0.8882793082917128,2.757157856308002,0.6821845504819377,-1.1394503146833892,6.268796538765483,-0.12358065410923252,-1.9256453743835629
2008-05-10 11:30:00+00:00,ME01,1.0698574480448166,0.2546930155103278,2.1277656738724384,2.757157856308002,0.6821845504819377,-1.1394503146833892,6.268796538765483,-0.12358065410923252,-1.9256453743835629
2008-05-10 11:40:00+00:00,ME01,0.888499889389201,2.7992321748589477,2.0104988755482003,2.757157856308002,0.6821845504819377,-1.1394503146833892,6.268796538765483,-0.12358065410923252,-1.9256453743835629
2008-05-10 11:50:00+00:00,ME01,1.5265456379068205,0.8646805815017132,4.600796875216322,2.757157856308002,0.6821845504819377,-1.1394503146833892,6.268796538765483,-0.12358065410923252,-1.9256453743835629
2008-05-10 12:00:00+00:00,ME01,1.554735356826111,4.565405096555312,5.026891147483543,1.99984151825512,0.6501271551907625,-1.2352360160353517,6.348148478241491,-0.12358065410923252,-1.9771332186184176
2008-05-10 12:10:00+00:00,ME01,1.52002543031893,1.132105386812943,3.5061999594058992,1.99984151825512,0.6501271551907625,-1.2352360160353517,6.348148478241491,-0.12358065410923252,-1.9771332186184176
2008-05-10 12:20:00+00:00,ME01,1.2321659817053918,0.7162897133755253,1.3718160831816626,1.99984151825512,0.6501271551907625,-1.2352360160353517,6.348148478241491,-0.12358065410923252,-1.9771332186184176
2008-05-10 12:30:00+00:00,ME01,1.1196622864345294,0.8764569965285826,0.6544401085103201,1.99984151825512,0.6501271551907625,-1.2352360160353517,6.348148478241491,-0.12358065410923252,-1.9771332186184176
2008-05-10 12:40:00+00:00,ME01,1.0511241913906106,0.6631995103743531,0.5444117153441261,1.99984151825512,0.6501271551907625,-1.2352360160353517,6.348148478241491,-0.12358065410923252,-1.9771332186184176
2008-05-10 12:50:00+00:00,ME01,0.9400015064144666,0.615549075437543,0.04626430760956524,1.99984151825512,0.6501271551907625,-1.2352360160353517,6.348148478241491,-0.12358065410923252,-1.9771332186184176
2008-05-10 13:00:00+00:00,ME01,0.917138918551066,0.641062885969612,0.3402418607509771,1.7868345063812512,0.6616677744676903,-1.335012846402485,4.483379885145196,-0.12358065410923252,-1.9771332186184176
2008-05-10 13:10:00+00:00,ME01,1.2239626614486072,1.790090433114989,0.4090358208967823,1.7868345063812512,0.6616677744676903,-1.335012846402485,4.483379885145196,-0.12358065410923252,-1.9771332186184176
2008-05-10 13:20:00+00:00,ME01,1.268733273274711,0.8373932878627418,0.5581851952082152,1.7868345063812512,0.6616677744676903,-1.335012846402485,4.483379885145196,-0.12358065410923252,-1.9771332186184176
2008-05-10 13:30:00+00:00,ME01,1.408841677676323,0.34893609673371995,0.349284739758198,1.7868345063812512,0.6616677744676903,-1.335012846402485,4.483379885145196,-0.12358065410923252,-1.9771332186184176
2008-05-10 13:40:00+00:00,ME01,1.303565302549254,0.36466722850945715,0.25541199326220193,1.7868345063812512,0.6616677744676903,-1.335012846402485,4.483379885145196,-0.12358065410923252,-1.9771332186184176
2008-05-10 13:50:00+00:00,ME01,1.0074361526509403,0.16499452178851493,0.14239544438679116,1.7868345063812512,0.6616677744676903,-1.335012846402485,4.483379885145196,-0.12358065410923252,-1.9771332186184176
2008-05-10 14:00:00+00:00,ME01,1.779906373344114,0.3475893637680516,0.05849908727084546,1.7868345063812512,0.2859533052405085,-1.4068520526658628,5.395926172622025,-0.12358065410923252,-1.9771332186184176
2008-05-10 14:10:00+00:00,ME01,9.502311772681987,0.38592758917505804,0.38757316790221435,1.7868345063812512,0.2859533052405085,-1.4068520526658628,5.395926172622025,-0.12358065410923252,-1.9771332186184176
2008-05-10 14:20:00+00:00,ME01,13.318700912186278,0.7294975955856694,0.8098888347442327,1.7868345063812512,0.2859533052405085,-1.4068520526658628,5.395926172622025,-0.12358065410923252,-1.9771332186184176
2008-05-10 14:30:00+00:00,ME01,9.95778400488161,0.6603212338533889,0.4436103406100051,1.7868345063812512,0.2859533052405085,-1.4068520526658628,5.395926172622025,-0.12358065410923252,-1.9771332186184176
2008-05-10 14:40:00+00:00,ME01,8.180167006425245,0.45894222530241663,0.04511781874283576,1.7868345063812512,0.2859533052405085,-1.4068520526658628,5.395926172622025,-0.12358065410923252,-1.9771332186184176
2008-05-10 14:50:00+00:00,ME01,5.918014804060812,2.937061101248166,0.16511083892272846,1.7868345063812512,0.2859533052405085,-1.4068520526658628,5.395926172622025,-0.12358065410923252,-1.9771332186184176
2008-05-10 15:00:00+00:00,ME01,5.595264767142807,1.0119957336854948,0.0666359647711849,1.8105124337418983,0.12566552201160439,-1.374923578549345,5.792685482765013,-0.12358065410923252,-1.9771332186184176
2008-05-10 15:10:00+00:00,ME01,5.958080226894519,0.42981228780536557,0.07258502381123795,1.8105124337418983,0.12566552201160439,-1.374923578549345,5.792685482765013,-0.12358065410923252,-1.9771332186184176
2008-05-10 15:20:00+00:00,ME01,5.739986369122056,0.6771794561848974,0.03571060084372068,1.8105124337418983,0.12566552201160439,-1.374923578549345,5.792685482765013,-0.12358065410923252,-1.9771332186184176
2008-05-10 15:30:00+00:00,ME01,5.835601893165901,4.064587898403451,-0.11341225241236035,1.8105124337418983,0.12566552201160439,-1.374923578549345,5.792685482765013,-0.12358065410923252,-1.9771332186184176
2008-05-10 15:40:00+00:00,ME01,5.684734036949107,1.112749591424179,0.01750363820330598,1.8105124337418983,0.12566552201160439,-1.374923578549345,5.792685482765013,-0.12358065410923252,-1.9771332186184176
2008-05-10 15:50:00+00:00,ME01,5.811160526348555,2.29599492600867,-0.013569472889229248,1.8105124337418983,0.12566552201160439,-1.374923578549345,5.792685482765013,-0.12358065410923252,-1.9771332186184176
2008-05-10 16:00:00+00:00,ME01,5.605407735105573,0.2054391464079708,0.0765696135292297,1.6448141094033477,-0.0346222612172992,-1.315057480329071,2.7376390560490167,-0.12358065410923252,-1.9771332186184176
2008-05-10 16:10:00+00:00,ME01,4.807071870576713,1.9014504970743058,-0.05960053484234857,1.6448141094033477,-0.0346222612172992,-1.315057480329071,2.7376390560490167,-0.12358065410923252,-1.9771332186184176
2008-05-10 16:20:00+00:00,ME01,4.646885458465901,0.8659470467321789,0.05115277853244465,1.6448141094033477,-0.0346222612172992,-1.315057480329071,2.7376390560490167,-0.12358065410923252,-1.9771332186184176
2008-05-10 16:30:00+00:00,ME01,4.3880038331871525,3.190219975423636,-0.18638645331202888,1.6448141094033477,-0.0346222612172992,-1.315057480329071,2.7376390560490167,-0.12358065410923252,-1.9771332186184176
2008-05-10 16:40:00+00:00,ME01,4.197071278813695,2.0270278816693876,-0.14726509528940898,1.6448141094033477,-0.0346222612172992,-1.315057480329071,2.7376390560490167,-0.12358065410923252,-1.9771332186184176
2008-05-10 16:50:00+00:00,ME01,4.5956778814121595,2.3248859886202515,-0.11023352420861558,1.6448141094033477,-0.0346222612172992,-1.315057480329071,2.7376390560490167,-0.12358065410923252,-1.9771332186184176
2008-05-10 17:00:00+00:00,ME01,4.69920244927058,4.806759636171945,-0.16425246049762735,1.4081763373548106,-0.1000195519937971,-1.2631736401391076,0.07935184266674487,-0.12358065410923252,-1.9771332186184176
2008-05-10 17:10:00+00:00,ME01,4.350439952912587,8.622950943956983,0.10629716983344611,1.4081763373548106,-0.1000195519937971,-1.2631736401391076,0.07935184266674487,-0.12358065410923252,-1.9771332186184176
2008-05-10 17:20:00+00:00,ME01,4.53168833064764,2.3133777866488767,0.21330501729100393,1.4081763373548106,-0.1000195519937971,-1.2631736401391076,0.07935184266674487,-0.12358065410923252,-1.9771332186184176
2008-05-10 17:30:00+00:00,ME01,3.830906204934946,4.9145109558692255,0.2904208671918713,1.4081763373548106,-0.1000195519937971,-1.2631736401391076,0.07935184266674487,-0.12358065410923252,-1.9771332186184176
2008-05-10 17:40:00+00:00,ME01,3.8696959226703322,11.302204782384543,0.5322171723957109,1.4081763373548106,-0.1000195519937971,-1.2631736401391076,0.07935184266674487,-0.12358065410923252,-1.9771332186184176
2008-05-10 17:50:00+00:00,ME01,3.459628139827865,1.973207477140828,0.1606227836783986,1.4081763373548106,-0.1000195519937971,-1.2631736401391076,0.07935184266674487,-0.12358065410923252,-1.9771332186184176
2008-05-10 18:00:00+00:00,ME01,2.692060598026431,9.32173962991822,0.03104851024178298,1.597505421868031,-0.20516843245332697,-1.187343304860559,2.539259352572891,-0.12358065410923252,-2.028621062853272
2008-05-10 18:10:00+00:00,ME01,1.6232073370246765,2.42811155475003,-0.04375314199732427,1.597505421868031,-0.20516843245332697,-1.187343304860559,2.539259352572891,-0.12358065410923252,-2.028621062853272
2008-05-10 18:20:00+00:00,ME01,1.4044253751634614,5.989961401339711,0.04901978099862784,1.597505421868031,-0.20516843245332697,-1.187343304860559,2.539259352572891,-0.12358065410923252,-2.028621062853272
2008-05-10 18:30:00+00:00,ME01,1.4344409333202697,1.2924752863149496,-0.23646333220815202,1.597505421868031,-0.20516843245332697,-1.187343304860559,2.539259352572891,-0.12358065410923252,-2.028621062853272
2008-05-10 18:40:00+00:00,ME01,1.1739995291693257,0.4723584638706323,-0.19710962312108188,1.597505421868031,-0.20516843245332697,-1.187343304860559,2.539259352572891,-0.12358065410923252,-2.028621062853272
2008-05-10 18:50:00+00:00,ME01,1.27712373195623,0.7708933066119426,-0.3637294316353512,1.597505421868031,-0.20516843245332697,-1.187343304860559,2.539259352572891,-0.12358065410923252,-2.028621062853272
2008-05-10 19:00:00+00:00,ME01,1.2806257373726324,1.129386629354063,-0.4181324354586794,0.8165111564545015,-0.288518036704462,-0.9558611700097424,1.7457408290961784,-0.12358065410923252,-2.028621062853272
2008-05-10 19:10:00+00:00,ME01,1.289832617845597,0.7624733940799372,-0.6309420826588735,0.8165111564545015,-0.288518036704462,-0.9558611700097424,1.7457408290961784,-0.12358065410923252,-2.028621062853272
2008-05-10 19:20:00+00:00,ME01,1.0052872526935097,4.93854562283703,-0.632311341394482,0.8165111564545015,-0.288518036704462,-0.9558611700097424,1.7457408290961784,-0.12358065410923252,-2.028621062853272
2008-05-10 19:30:00+00:00,ME01,1.1673682067436817,0.501718789799134,-0.7397098426059476,0.8165111564545015,-0.288518036704462,-0.9558611700097424,1.7457408290961784,-0.12358065410923252,-2.028621062853272
2008-05-10 19:40:00+00:00,ME01,1.0914855035520896,0.3153457831127192,-0.6216750417813904,0.8165111564545015,-0.288518036704462,-0.9558611700097424,1.7457408290961784,-0.12358065410923252,-2.028621062853272
2008-05-10 19:50:00+00:00,ME01,0.9662025999844986,6.516721474200671,-0.5972093783572189,0.8165111564545015,-0.288518036704462,-0.9558611700097424,1.7457408290961784,-0.12358065410923252,-2.028621062853272
2008-05-10 20:00:00+00:00,ME01,0.9540818729666847,1.598647938529799,-0.728903163652412,0.6271820719412798,-0.20132146971956977,-0.8760397057160546,-0.43643523147636054,-0.12358065410923252,-2.028621062853272
2008-05-10 20:10:00+00:00,ME01,1.2565709825947975,4.357525941057799,-0.6750221166851615,0.6271820719412798,-0.20132146971956977,-0.8760397057160546,-0.43643523147636054,-0.12358065410923252,-2.028621062853272
2008-05-10 20:20:00+00:00,ME01,0.906930602298165,1.5058218737982698,-0.5144702914992421,0.6271820719412798,-0.20132146971956977,-0.8760397057160546,-0.43643523147636054,-0.12358065410923252,-2.028621062853272
2008-05-10 20:30:00+00:00,ME01,1.1303168654693803,1.2463257941135384,-0.32419433817359594,0.6271820719412798,-0.20132146971956977,-0.8760397057160546,-0.43643523147636054,-0.12358065410923252,-2.028621062853272
2008-05-10 20:40:00+00:00,ME01,1.0896860739856078,2.0098063666209183,-0.7573464889129329,0.6271820719412798,-0.20132146971956977,-0.8760397057160546,-0.43643523147636054,-0.12358065410923252,-2.028621062853272
2008-05-10 20:50:00+00:00,ME01,20.038446334452484,5.017230478057061,4.023428208277472,0.6271820719412798,-0.20132146971956977,-0.8760397057160546,-0.43643523147636054,-0.12358065410923252,-2.028621062853272
2008-05-10 21:00:00+00:00,ME01,1.2081201093572738,3.655890629320252,-0.8715601851810627,1.171491398120295,-0.3705851407614491,-0.7762631543512982,2.499583431239518,-0.12358065410923252,-2.028621062853272
2008-05-10 21:10:00+00:00,ME01,1.1116483307429812,8.344977138379795,-0.9592907421877391,1.171491398120295,-0.3705851407614491,-0.7762631543512982,2.499583431239518,-0.12358065410923252,-2.028621062853272
2008-05-10 21:20:00+00:00,ME01,1.1083648659465257,1.1369000930792001,-0.9586458132381137,1.171491398120295,-0.3705851407614491,-0.7762631543512982,2.499583431239518,-0.12358065410923252,-2.028621062853272
2008-05-10 21:30:00+00:00,ME01,0.9107263515671025,4.824050455422035,-0.9056328440641574,1.171491398120295,-0.3705851407614491,-0.7762631543512982,2.499583431239518,-0.12358065410923252,-2.028621062853272
2008-05-10 21:40:00+00:00,ME01,0.992550851392762,0.7422048932887368,-0.8508729253066316,1.171491398120295,-0.3705851407614491,-0.7762631543512982,2.499583431239518,-0.12358065410923252,-2.028621062853272
2008-05-10 21:50:00+00:00,ME01,0.9070021370770044,0.6120032037221147,-0.798705996294843,1.171491398120295,-0.3705851407614491,-0.7762631543512982,2.499583431239518,-0.12358065410923252,-2.028621062853272
2008-05-10 22:00:00+00:00,ME01,1.055389000122118,1.7114969251891732,-0.8252370848476457,1.597505421868031,-0.703983826690333,-0.8081916284678162,2.301203824572656,2.009227039281567,-2.028621062853272
2008-05-10 22:10:00+00:00,ME01,0.9689678400314439,0.5005768847427128,-1.09192532570198,1.597505421868031,-0.703983826690333,-0.8081916284678162,2.301203824572656,2.009227039281567,-2.028621062853272
2008-05-10 22:20:00+00:00,ME01,0.9196663611098338,0.24241479714338965,-1.0891333304106285,1.597505421868031,-0.703983826690333,-0.8081916284678162,2.301203824572656,2.009227039281567,-2.028621062853272
2008-05-10 22:30:00+00:00,ME01,1.0625420479513614,0.4649529133284316,-1.126559457405092,1.597505421868031,-0.703983826690333,-0.8081916284678162,2.301203824572656,2.009227039281567,-2.028621062853272
2008-05-10 22:40:00+00:00,ME01,0.95715503507843,0.40417535185491327,-1.2926263597304646,1.597505421868031,-0.703983826690333,-0.8081916284678162,2.301203824572656,2.009227039281567,-2.028621062853272
2008-05-10 22:50:00+00:00,ME01,1.0561461334459628,0.5346314906754679,-1.0440380218377883,1.597505421868031,-0.703983826690333,-0.8081916284678162,2.301203824572656,2.009227039281567,-2.028621062853272
2008-05-10 23:00:00+00:00,ME01,0.9259998534526596,0.42113854006891666,-1.100597776157023,1.4081763373548106,-0.7898978934810773,-0.7443344012323715,1.388657440286563,2.5424289626292667,-2.028621062853272
2008-05-10 23:10:00+00:00,ME01,1.1894286313017879,0.383150641820448,-1.2391402207801432,1.4081763373548106,-0.7898978934810773,-0.7443344012323715,1.388657440286563,2.5424289626292667,-2.028621062853272
2008-05-10 23:20:00+00:00,ME01,1.1917675326311925,2.086181748948197,-1.2585200485350223,1.4081763373548106,-0.7898978934810773,-0.7443344012323715,1.388657440286563,2.5424289626292667,-2.028621062853272
2008-05-10 23:30:00+00:00,ME01,0.8987426390283584,0.4803431625998002,-1.208177584951892,1.4081763373548106,-0.7898978934810773,-0.7443344012323715,1.388657440286563,2.5424289626292667,-2.028621062853272
2008-05-10 23:40:00+00:00,ME01,1.132555996814763,0.6494599112482687,-1.230972014316513,1.4081763373548106,-0.7898978934810773,-0.7443344012323715,1.388657440286563,2.5424289626292667,-2.028621062853272
2008-05-10 23:50:00+00:00,ME01,1.3378185366977058,0.6669167173180756,-1.2461284819963308,1.4081763373548106,-0.7898978934810773,-0.7443344012323715,1.388657440286563,2.5424289626292667,-2.028621062853272
2008-05-11 00:00:00+00:00,ME01,1.3310865555853284,0.7043225108465252,-1.2198070666100986,1.3844984099941635,-0.855295453181918,-0.7563077882778525,3.6105094221924743,2.5424289626292667,-2.080108907088127
2008-05-11 00:10:00+00:00,ME01,1.0436086273223435,0.43203830571651197,-1.2207093601964794,1.3844984099941635,-0.855295453181918,-0.7563077882778525,3.6105094221924743,2.5424289626292667,-2.080108907088127
2008-05-11 00:20:00+00:00,ME01,1.3002895724769175,0.3842715556012676,-1.2479275365210887,1.3844984099941635,-0.855295453181918,-0.7563077882778525,3.6105094221924743,2.5424289626292667,-2.080108907088127
2008-05-11 00:30:00+00:00,ME01,1.3051261345905234,0.675705681190554,-1.3339630845436639,1.3844984099941635,-0.855295453181918,-0.7563077882778525,3.6105094221924743,2.5424289626292667,-2.080108907088127
2008-05-11 00:40:00+00:00,ME01,1.1301252566854598,2.1572443271326276,-1.195209236771907,1.3844984099941635,-0.855295453181918,-0.7563077882778525,3.6105094221924743,2.5424289626292667,-2.080108907088127
2008-05-11 00:50:00+00:00,ME01,0.9854816449703699,0.6755092276555755,-1.3573416994976977,1.3844984099941635,-0.855295453181918,-0.7563077882778525,3.6105094221924743,2.5424289626292667,-2.080108907088127
2008-05-11 01:00:00+00:00,ME01,1.1897330340912888,0.8135491473280209,-1.3142507564685095,2.1654926754076933,-1.015582967486479,-0.8042004994526453,3.0947223480493693,3.0756308859769663,-2.080108907088127
2008-05-11 01:10:00+00:00,ME01,1.3067842565178414,0.362801250740453,-1.3796349627323388,2.1654926754076933,-1.015582967486479,-0.8042004994526453,3.0947223480493693,3.0756308859769663,-2.080108907088127
2008-05-11 01:20:00+00:00,ME01,1.2467753141974551,0.6630850097890447,-1.279299168865196,2.1654926754076933,-1.015582967486479,-0.8042004994526453,3.0947223480493693,3.0756308859769663,-2.080108907088127
2008-05-11 01:30:00+00:00,ME01,1.2789852473788348,0.4226028095294353,-1.3629667439636315,2.1654926754076933,-1.015582967486479,-0.8042004994526453,3.0947223480493693,3.0756308859769663,-2.080108907088127
2008-05-11 01:40:00+00:00,ME01,1.0125869283141382,0.8289898359859224,-1.383820116129312,2.1654926754076933,-1.015582967486479,-0.8042004994526453,3.0947223480493693,3.0756308859769663,-2.080108907088127
2008-05-11 01:50:00+00:00,ME01,1.1391139411444735,0.9057954812632053,-1.3852381707309862,2.1654926754076933,-1.015582967486479,-0.8042004994526453,3.0947223480493693,3.0756308859769663,-2.080108907088127
2008-05-11 02:00:00+00:00,ME01,1.0160104719988103,1.0237930733134137,-1.429169670385146,2.3548217599209136,-1.0168654676806268,-0.8321381235564012,5.197546565955163,1.4760251159338669,-2.080108907088127
2008-05-11 02:10:00+00:00,ME01,1.0422334601833378,0.17419085182032967,-1.5037415865666053,2.3548217599209136,-1.0168654676806268,-0.8321381235564012,5.197546565955163,1.4760251159338669,-2.080108907088127
2008-05-11 02:20:00+00:00,ME01,0.8851239984267654,0.5712276194120017,-1.3272765572782952,2.3548217599209136,-1.0168654676806268,-0.8321381235564012,5.197546565955163,1.4760251159338669,-2.080108907088127
2008-05-11 02:30:00+00:00,ME01,0.9548483473617643,0.9562591226254804,-1.4570968489706804,2.3548217599209136,-1.0168654676806268,-0.8321381235564012,5.197546565955163,1.4760251159338669,-2.080108907088127
2008-05-11 02:40:00+00:00,ME01,0.8444044575347607,0.837066603651055,-1.3771260600651198,2.3548217599209136,-1.0168654676806268,-0.8321381235564012,5.197546565955163,1.4760251159338669,-2.080108907088127
2008-05-11 02:50:00+00:00,ME01,0.9927066579153015,0.720803825663114,-1.489098315345145,2.3548217599209136,-1.0168654676806268,-0.8321381235564012,5.197546565955163,1.4760251159338669,-2.080108907088127
2008-05-11 03:00:00+00:00,ME01,0.8370238200073278,0.9601299067522369,-1.4328087705831725,1.763156579020604,-1.0412292064286304,-0.7722720253361274,3.0947223480493693,-0.12358065410923252,-2.080108907088127
2008-05-11 03:10:00+00:00,ME01,0.7455463671023407,0.43450232460825244,-1.3693591315605,1.763156579020604,-1.0412292064286304,-0.7722720253361274,3.0947223480493693,-0.12358065410923252,-2.080108907088127
2008-05-11 03:20:00+00:00,ME01,0.6727072210068787,0.7266942993248293,-1.1393960646543966,1.763156579020604,-1.0412292064286304,-0.7722720253361274,3.0947223480493693,-0.12358065410923252,-2.080108907088127
2008-05-11 03:30:00+00:00,ME01,0.7558171391951715,0.7480401042698076,-1.0116800724436128,1.763156579020604,-1.0412292064286304,-0.7722720253361274,3.0947223480493693,-0.12358065410923252,-2.080108907088127
2008-05-11 03:40:00+00:00,ME01,0.6914338855481301,0.8899596946624302,-1.1683260052243483,1.763156579020604,-1.0412292064286304,-0.7722720253361274,3.0947223480493693,-0.12358065410923252,-2.080108907088127
2008-05-11 03:50:00+00:00,ME01,0.6107812065336256,0.18344382991340846,-1.0053218889244329,1.763156579020604,-1.0412292064286304,-0.7722720253361274,3.0947223480493693,-0.12358065410923252,-2.080108907088127
2008-05-11 04:00:00+00:00,ME01,0.7867415292898725,0.574644728863112,-0.06652482791612399,1.763156579020604,-0.9399272887028577,-0.7363524222044385,1.8647685930962956,-0.12358065410923252,-2.080108907088127
2008-05-11 04:10:00+00:00,ME01,0.8286855320280649,0.6217939935521001,0.36675233695974285,1.763156579020604,-0.9399272887028577,-0.7363524222044385,1.8647685930962956,-0.12358065410923252,-2.080108907088127
2008-05-11 04:20:00+00:00,ME01,0.6065969535821034,0.4231069879417917,-0.803122836100301,1.763156579020604,-0.9399272887028577,-0.7363524222044385,1.8647685930962956,-0.12358065410923252,-2.080108907088127
2008-05-11 04:30:00+00:00,ME01,0.6392644519824308,0.37227716820269136,-0.9067248910674124,1.763156579020604,-0.9399272887028577,-0.7363524222044385,1.8647685930962956,-0.12358065410923252,-2.080108907088127
2008-05-11 04:40:00+00:00,ME01,0.7657771403458649,0.5060012200794066,-0.5714713227832174,1.763156579020604,-0.9399272887028577,-0.7363524222044385,1.8647685930962956,-0.12358065410923252,-2.080108907088127
2008-05-11 04:50:00+00:00,ME01,0.5017090751359501,0.2913942898377478,-0.4906229403425593,1.763156579020604,-0.9399272887028577,-0.7363524222044385,1.8647685930962956,-0.12358065410923252,-2.080108907088127
2008-05-11 05:00:00+00:00,ME01,0.748029130311784,0.45159169947223876,-0.33702433696594997,1.763156579020604,-0.8578599157215273,-0.6445578498676152,2.023472278429786,-0.12358065410923252,-2.080108907088127
2008-05-11 05:10:00+00:00,ME01,0.6627745273294477,0.4611591927483669,-0.6159881208162002,1.763156579020604,-0.8578599157215273,-0.6445578498676152,2.023472278429786,-0.12358065410923252,-2.080108907088127
2008-05-11 05:20:00+00:00,ME01,0.5224586054646637,0.6094243186309636,-0.8118920661932258,1.763156579020604,-0.8578599157215273,-0.6445578498676152,2.023472278429786,-0.12358065410923252,-2.080108907088127
2008-05-11 05:30:00+00:00,ME01,0.5644958971517778,0.4426637232462804,-0.7657353723332052,1.763156579020604,-0.8578599157215273,-0.6445578498676152,2.023472278429786,-0.12358065410923252,-2.080108907088127
2008-05-11 05:40:00+00:00,ME01,0.58432558220558,0.35589848908329397,-0.6044621906317386,1.763156579020604,-0.8578599157215273,-0.6445578498676152,2.023472278429786,-0.12358065410923252,-2.080108907088127
2008-05-11 05:50:00+00:00,ME01,0.6206656442754868,0.48307636151743083,-0.5916177963656969,1.763156579020604,-0.8578599157215273,-0.6445578498676152,2.023472278429786,-0.12358065410923252,-2.080108907088127
2008-05-11 06:00:00+00:00,ME01,0.5978608032662392,0.32570879550755316,-0.45293915116456307,1.8105124337418983,-0.7475821101827789,-0.480923792265037,1.5473612224293163,-0.12358065410923252,-2.260316361910118
2008-05-11 06:10:00+00:00,ME01,0.3696775791544785,0.5201499262717074,-0.37509825303062744,1.8105124337418983,-0.7475821101827789,-0.480923792265037,1.5473612224293163,-0.12358065410923252,-2.260316361910118
2008-05-11 06:20:00+00:00,ME01,0.6200802759116579,0.5675984870759925,-0.37322684049335914,1.8105124337418983,-0.7475821101827789,-0.480923792265037,1.5473612224293163,-0.12358065410923252,-2.260316361910118
2008-05-11 06:30:00+00:00,ME01,0.6377938927578037,0.2653530983759319,-0.3599915840798567,1.8105124337418983,-0.7475821101827789,-0.480923792265037,1.5473612224293163,-0.12358065410923252,-2.260316361910118
2008-05-11 06:40:00+00:00,ME01,0.420501911089008,0.8090823600506396,-0.11962819765319907,1.8105124337418983,-0.7475821101827789,-0.480923792265037,1.5473612224293163,-0.12358065410923252,-2.260316361910118
2008-05-11 06:50:00+00:00,ME01,0.49047366830397576,0.5327262970325357,-0.5068646249614064,1.8105124337418983,-0.7475821101827789,-0.480923792265037,1.5473612224293163,-0.12358065410923252,-2.260316361910118
2008-05-11 07:00:00+00:00,ME01,0.5914067006114408,5.451634829881062,-0.3319172231725496,1.3608204826335166,-0.6013996776947558,-0.42105797304714043,-0.6348148381432227,-0.12358065410923252,-2.260316361910118
2008-05-11 07:10:00+00:00,ME01,0.41232529861157996,2.1008267927473705,-0.07895048919502946,1.3608204826335166,-0.6013996776947558,-0.42105797304714043,-0.6348148381432227,-0.12358065410923252,-2.260316361910118
2008-05-11 07:20:00+00:00,ME01,0.6047253649227817,20.61571341019101,-0.1230510043714224,1.3608204826335166,-0.6013996776947558,-0.42105797304714043,-0.6348148381432227,-0.12358065410923252,-2.260316361910118
2008-05-11 07:30:00+00:00,ME01,0.3616501726414656,1.2397487704525998,-0.17190504321399164,1.3608204826335166,-0.6013996776947558,-0.42105797304714043,-0.6348148381432227,-0.12358065410923252,-2.260316361910118
2008-05-11 07:40:00+00:00,ME01,0.46882711736557264,2.563437982594363,-0.166368543511708,1.3608204826335166,-0.6013996776947558,-0.42105797304714043,-0.6348148381432227,-0.12358065410923252,-2.260316361910118
2008-05-11 07:50:00+00:00,ME01,0.5939095354641781,5.573091010830018,0.09554273816205447,1.3608204826335166,-0.6013996776947558,-0.42105797304714043,-0.6348148381432227,-0.12358065410923252,-2.260316361910118
2008-05-11 08:00:00+00:00,ME01,0.44439796410528976,1.9878597531103834,-0.1337218714015161,1.4081763373548106,-0.6039641402343645,-0.3811472409002807,0.9918982269528381,-0.12358065410923252,-2.260316361910118
2008-05-11 08:10:00+00:00,ME01,0.3529017788551825,0.8221846196201886,-0.17232381219230103,1.4081763373548106,-0.6039641402343645,-0.3811472409002807,0.9918982269528381,-0.12358065410923252,-2.260316361910118
2008-05-11 08:20:00+00:00,ME01,0.4739384928825602,0.8722696055958397,-0.13019819269295846,1.4081763373548106,-0.6039641402343645,-0.3811472409002807,0.9918982269528381,-0.12358065410923252,-2.260316361910118
2008-05-11 08:30:00+00:00,ME01,0.28043488537185574,3.639924374123574,-0.14523866128130447,1.4081763373548106,-0.6039641402343645,-0.3811472409002807,0.9918982269528381,-0.12358065410923252,-2.260316361910118
2008-05-11 08:40:00+00:00,ME01,0.25983579431387493,0.5934414575701433,0.057378600070588086,1.4081763373548106,-0.6039641402343645,-0.3811472409002807,0.9918982269528381,-0.12358065410923252,-2.260316361910118
2008-05-11 08:50:00+00:00,ME01,0.4167689746488625,0.6138644736553756,0.8019495645401717,1.4081763373548106,-0.6039641402343645,-0.3811472409002807,0.9918982269528381,-0.12358065410923252,-2.260316361910118
2008-05-11 09:00:00+00:00,ME01,0.483171451730547,5.784129422671486,3.0063870634113576,1.3608204826335166,0.2987764247115847,-0.06984364175577631,0.5157870741431054,0.40962126923846737,-2.260316361910118
2008-05-11 09:10:00+00:00,ME01,0.5445137640216862,5.279204704413227,4.936473035011349,1.3608204826335166,0.2987764247115847,-0.06984364175577631,0.5157870741431054,0.40962126923846737,-2.260316361910118
2008-05-11 09:20:00+00:00,ME01,0.315980298716808,1.667154018992458,1.9623361686985072,1.3608204826335166,0.2987764247115847,-0.06984364175577631,0.5157870741431054,0.40962126923846737,-2.260316361910118
2008-05-11 09:30:00+00:00,ME01,0.2523860050756962,0.39881072055310857,-0.011667813504501108,1.3608204826335166,0.2987764247115847,-0.06984364175577631,0.5157870741431054,0.40962126923846737,-2.260316361910118
2008-05-11 09:40:00+00:00,ME01,0.1755457074898542,2.0735641188812663,-0.029582565644913822,1.3608204826335166,0.2987764247115847,-0.06984364175577631,0.5157870741431054,0.40962126923846737,-2.260316361910118
2008-05-11 09:50:00+00:00,ME01,-0.041262397962650146,3.903567492317258,-0.10554475187683372,1.3608204826335166,0.2987764247115847,-0.06984364175577631,0.5157870741431054,0.40962126923846737,-2.260316361910118
2008-05-11 10:00:00+00:00,ME01,0.04584719964577734,2.0100492041799827,0.24633552233487438,1.9761635908944728,-0.4564994764765367,-0.053879404697501514,0.5157870741431054,-0.12358065410923252,-2.260316361910118
2008-05-11 10:10:00+00:00,ME01,0.2548977227207134,2.1186554266413182,0.43746311886491074,1.9761635908944728,-0.4564994764765367,-0.053879404697501514,0.5157870741431054,-0.12358065410923252,-2.260316361910118
2008-05-11 10:20:00+00:00,ME01,0.011767828783066776,4.213073031092237,0.07141822101423909,1.9761635908944728,-0.4564994764765367,-0.053879404697501514,0.5157870741431054,-0.12358065410923252,-2.260316361910118
2008-05-11 10:30:00+00:00,ME01,0.1128729780498698,6.992205558535824,0.10650672682718611,1.9761635908944728,-0.4564994764765367,-0.053879404697501514,0.5157870741431054,-0.12358065410923252,-2.260316361910118
2008-05-11 10:40:00+00:00,ME01,0.09538645896617302,0.3769128946466088,0.04942908907591143,1.9761635908944728,-0.4564994764765367,-0.053879404697501514,0.5157870741431054,-0.12358065410923252,-2.260316361910118
2008-05-11 10:50:00+00:00,ME01,0.1776384738154072,8.273986305622257,2.3411117739978073,1.9761635908944728,-0.4564994764765367,-0.053879404697501514,0.5157870741431054,-0.12358065410923252,-2.260316361910118
2008-05-11 11:00:00+00:00,ME01,1.1818174913201271,3.581928651686627,11.126000956771803,1.5738274945073838,-0.5321551552601573,-0.11773663193294617,0.6744907594765952,2.009227039281567,-2.260316361910118
2008-05-11 11:10:00+00:00,ME01,0.8126081776409635,5.020538736064974,9.922035468385163,1.5738274945073838,-0.5321551552601573,-0.11773663193294617,0.6744907594765952,2.009227039281567,-2.260316361910118
2008-05-11 11:20:00+00:00,ME01,0.8733867914098022,3.5085902350244,9.914758714722103,1.5738274945073838,-0.5321551552601573,-0.11773663193294617,0.6744907594765952,2.009227039281567,-2.260316361910118
2008-05-11 11:30:00+00:00,ME01,1.2231030486259549,6.001277966942212,12.379191403590168,1.5738274945073838,-0.5321551552601573,-0.11773663193294617,0.6744907594765952,2.009227039281567,-2.260316361910118
2008-05-11 11:40:00+00:00,ME01,0.7943743630810249,9.603834597066722,9.689615901824489,1.5738274945073838,-0.5321551552601573,-0.11773663193294617,0.6744907594765952,2.009227039281567,-2.260316361910118
2008-05-11 11:50:00+00:00,ME01,1.363820680452904,2.1088296113660596,15.262665694786028,1.5738274945073838,-0.5321551552601573,-0.11773663193294617,0.6744907594765952,2.009227039281567,-2.260316361910118
2008-05-11 12:00:00+00:00,ME01,0.9233963549730381,8.102007339722299,11.1626461930672,1.195169325480942,0.03205752975334615,0.01396867255070521,1.388657440286563,-0.12358065410923252,-2.4405238167321093
2008-05-11 12:10:00+00:00,ME01,1.494193195189112,0.4831700028702454,17.616422275212987,1.195169325480942,0.03205752975334615,0.01396867255070521,1.388657440286563,-0.12358065410923252,-2.4405238167321093
2008-05-11 12:20:00+00:00,ME01,1.4511914327468864,0.9584746950818144,15.937568620370964,1.195169325480942,0.03205752975334615,0.01396867255070521,1.388657440286563,-0.12358065410923252,-2.4405238167321093
2008-05-11 12:30:00+00:00,ME01,0.38236960876199266,1.7474974989181402,8.31040371646583,1.195169325480942,0.03205752975334615,0.01396867255070521,1.388657440286563,-0.12358065410923252,-2.4405238167321093
2008-05-11 12:40:00+00:00,ME01,0.5726379236034094,0.6402214322863989,8.443129840367686,1.195169325480942,0.03205752975334615,0.01396867255070521,1.388657440286563,-0.12358065410923252,-2.4405238167321093
2008-05-11 12:50:00+00:00,ME01,0.02960463782789413,0.15544777769298,3.7121562896942053,1.195169325480942,0.03205752975334615,0.01396867255070521,1.388657440286563,-0.12358065410923252,-2.4405238167321093
2008-05-11 13:00:00+00:00,ME01,-0.07862265099477227,2.974598634632924,0.4135983615584525,1.3844984099941635,-0.4193126182574568,-0.06984364175577631,-0.07935184266674487,-0.12358065410923252,-2.4405238167321093
2008-05-11 13:10:00+00:00,ME01,-0.18070151183227717,1.2437701762659403,-0.554360096065694,1.3844984099941635,-0.4193126182574568,-0.06984364175577631,-0.07935184266674487,-0.12358065410923252,-2.4405238167321093
2008-05-11 13:20:00+00:00,ME01,-0.14928164167678862,2.981561002783664,-0.2760556660079544,1.3844984099941635,-0.4193126182574568,-0.06984364175577631,-0.07935184266674487,-0.12358065410923252,-2.4405238167321093
2008-05-11 13:30:00+00:00,ME01,-0.22119656804007967,2.035705365073502,-0.0158321279677084,1.3844984099941635,-0.4193126182574568,-0.06984364175577631,-0.07935184266674487,-0.12358065410923252,-2.4405238167321093
2008-05-11 13:40:00+00:00,ME01,0.20333454236627257,1.075996857140613,2.6885730413032474,1.3844984099941635,-0.4193126182574568,-0.06984364175577631,-0.07935184266674487,-0.12358065410923252,-2.4405238167321093
2008-05-11 13:50:00+00:00,ME01,-0.1403485027029077,1.4075117679496851,1.4972635482786385,1.3844984099941635,-0.4193126182574568,-0.06984364175577631,-0.07935184266674487,-0.12358065410923252,-2.4405238167321093
2008-05-11 14:00:00+00:00,ME01,-0.01944313796092425,1.3916419598279237,1.798138104922295,1.597505421868031,-0.40007807351301455,-0.15764736407980592,0.35708338880961554,-0.12358065410923252,-2.4405238167321093
2008-05-11 14:10:00+00:00,ME01,0.27266674365372146,4.307685401881053,4.95666937500096,1.597505421868031,-0.40007807351301455,-0.15764736407980592,0.35708338880961554,-0.12358065410923252,-2.4405238167321093
2008-05-11 14:20:00+00:00,ME01,0.41067059848734655,3.4148213147960904,6.684738492953859,1.597505421868031,-0.40007807351301455,-0.15764736407980592,0.35708338880961554,-0.12358065410923252,-2.4405238167321093
2008-05-11 14:30:00+00:00,ME01,1.1230747455554142,9.138918099037786,12.691290995163465,1.597505421868031,-0.40007807351301455,-0.15764736407980592,0.35708338880961554,-0.12358065410923252,-2.4405238167321093
2008-05-11 14:40:00+00:00,ME01,1.1543030546124027,0.8273807566354341,14.743260024018745,1.597505421868031,-0.40007807351301455,-0.15764736407980592,0.35708338880961554,-0.12358065410923252,-2.4405238167321093
2008-05-11 14:50:00+00:00,ME01,0.9900556154382971,0.3633106589170615,11.941524558679992,1.597505421868031,-0.40007807351301455,-0.15764736407980592,0.35708338880961554,-0.12358065410923252,-2.4405238167321093
2008-05-11 15:00:00+00:00,ME01,0.2077846550471475,0.5361736436005242,4.871501735670256,1.0058402409677216,-0.38981968550589136,-0.11773663193294617,-0.23805552800023472,-0.12358065410923252,-2.4405238167321093
2008-05-11 15:10:00+00:00,ME01,0.015507927819440855,0.39647568669386063,2.5951411796422112,1.0058402409677216,-0.38981968550589136,-0.11773663193294617,-0.23805552800023472,-0.12358065410923252,-2.4405238167321093
2008-05-11 15:20:00+00:00,ME01,0.07470152131937938,0.7005326970146172,1.614033714610707,1.0058402409677216,-0.38981968550589136,-0.11773663193294617,-0.23805552800023472,-0.12358065410923252,-2.4405238167321093
2008-05-11 15:30:00+00:00,ME01,0.09654219613601349,0.5222043565254333,2.6857822689043065,1.0058402409677216,-0.38981968550589136,-0.11773663193294617,-0.23805552800023472,-0.12358065410923252,-2.4405238167321093
2008-05-11 15:40:00+00:00,ME01,0.37291710140085027,0.27274051207616273,7.04406960195666,1.0058402409677216,-0.38981968550589136,-0.11773663193294617,-0.23805552800023472,-0.12358065410923252,-2.4405238167321093
2008-05-11 15:50:00+00:00,ME01,0.1534294680249991,0.3390502183811845,4.032919683371138,1.0058402409677216,-0.38981968550589136,-0.11773663193294617,-0.23805552800023472,-0.12358065410923252,-2.4405238167321093
2008-05-11 16:00:00+00:00,ME01,-0.20056047962806053,0.1301462735378169,0.20371444733638958,1.0058402409677216,-0.47060482721741714,-0.04589742566956854,-0.6744907594765952,-0.12358065410923252,-2.4405238167321093
2008-05-11 16:10:00+00:00,ME01,-0.009516011408336522,0.8089821494374027,-0.32033328126961236,1.0058402409677216,-0.47060482721741714,-0.04589742566956854,-0.6744907594765952,-0.12358065410923252,-2.4405238167321093
2008-05-11 16:20:00+00:00,ME01,-0.02714708765931016,0.4755856848898674,-0.2775209672051973,1.0058402409677216,-0.47060482721741714,-0.04589742566956854,-0.6744907594765952,-0.12358065410923252,-2.4405238167321093
2008-05-11 16:30:00+00:00,ME01,-0.2187151654596939,0.7388086455384494,-0.10439218965349668,1.0058402409677216,-0.47060482721741714,-0.04589742566956854,-0.6744907594765952,-0.12358065410923252,-2.4405238167321093
2008-05-11 16:40:00+00:00,ME01,0.0022165545159790424,0.5251581604863782,0.5227843352810534,1.0058402409677216,-0.47060482721741714,-0.04589742566956854,-0.6744907594765952,-0.12358065410923252,-2.4405238167321093
2008-05-11 16:50:00+00:00,ME01,0.01767701112271217,0.5577238958290857,0.02736569927095428,1.0058402409677216,-0.47060482721741714,-0.04589742566956854,-0.6744907594765952,-0.12358065410923252,-2.4405238167321093
2008-05-11 17:00:00+00:00,ME01,-0.17091634964070027,0.2964318611593561,-0.1526526357975885,1.3844984099941635,-0.543696043461429,-0.061861662727843346,-0.3570832920003521,-0.12358065410923252,-2.4405238167321093
2008-05-11 17:10:00+00:00,ME01,-0.11854959767418788,1.6649694098899284,0.020243253686245265,1.3844984099941635,-0.543696043461429,-0.061861662727843346,-0.3570832920003521,-0.12358065410923252,-2.4405238167321093
2008-05-11 17:20:00+00:00,ME01,0.2074154649737686,0.4664407703625837,3.172738564578335,1.3844984099941635,-0.543696043461429,-0.061861662727843346,-0.3570832920003521,-0.12358065410923252,-2.4405238167321093
2008-05-11 17:30:00+00:00,ME01,0.5499647447093232,5.483680497865937,5.517489842848307,1.3844984099941635,-0.543696043461429,-0.061861662727843346,-0.3570832920003521,-0.12358065410923252,-2.4405238167321093
2008-05-11 17:40:00+00:00,ME01,0.5626637428362798,0.6584947313768192,5.531344258720268,1.3844984099941635,-0.543696043461429,-0.061861662727843346,-0.3570832920003521,-0.12358065410923252,-2.4405238167321093
2008-05-11 17:50:00+00:00,ME01,0.6819997360623576,2.9633319346178855,5.292856405315487,1.3844984099941635,-0.543696043461429,-0.061861662727843346,-0.3570832920003521,-0.12358065410923252,-2.4405238167321093
2008-05-11 18:00:00+00:00,ME01,0.7950840049556754,6.366199451027686,5.018749077883655,0.8165111564545015,-0.5629305882058712,-0.0339240386240875,-0.6744907594765952,-0.12358065410923252,-2.6207312715541002
2008-05-11 18:10:00+00:00,ME01,0.8537353703519698,1.0968365820458499,5.372607123256623,0.8165111564545015,-0.5629305882058712,-0.0339240386240875,-0.6744907594765952,-0.12358065410923252,-2.6207312715541002
2008-05-11 18:20:00+00:00,ME01,0.741606799649152,1.0899970035793418,1.1838487991517737,0.8165111564545015,-0.5629305882058712,-0.0339240386240875,-0.6744907594765952,-0.12358065410923252,-2.6207312715541002
2008-05-11 18:30:00+00:00,ME01,0.756450346984415,6.4489591955207946,-0.41700568554033435,0.8165111564545015,-0.5629305882058712,-0.0339240386240875,-0.6744907594765952,-0.12358065410923252,-2.6207312715541002
2008-05-11 18:40:00+00:00,ME01,0.7339660934234176,22.69220405860923,-0.5158732377777894,0.8165111564545015,-0.5629305882058712,-0.0339240386240875,-0.6744907594765952,-0.12358065410923252,-2.6207312715541002
2008-05-11 18:50:00+00:00,ME01,0.95699248546397,0.7768939007220772,-0.3865206669730393,0.8165111564545015,-0.5629305882058712,-0.0339240386240875,-0.6744907594765952,-0.12358065410923252,-2.6207312715541002
2008-05-11 19:00:00+00:00,ME01,0.8690970139718215,1.0606525195085013,-0.40800728259206176,0.9821623136070746,-0.6462801924570063,-0.013968672550673491,-0.5951389168098503,-0.12358065410923252,-2.6207312715541002
2008-05-11 19:10:00+00:00,ME01,0.8810221569045561,0.771001101409785,-0.6442644575438414,0.9821623136070746,-0.6462801924570063,-0.013968672550673491,-0.5951389168098503,-0.12358065410923252,-2.6207312715541002
2008-05-11 19:20:00+00:00,ME01,0.8933784297627255,3.248940620714829,-0.7068473221520836,0.9821623136070746,-0.6462801924570063,-0.013968672550673491,-0.5951389168098503,-0.12358065410923252,-2.6207312715541002
2008-05-11 19:30:00+00:00,ME01,0.925324632843464,2.5377532763594877,-0.7501897695045201,0.9821623136070746,-0.6462801924570063,-0.013968672550673491,-0.5951389168098503,-0.12358065410923252,-2.6207312715541002
2008-05-11 19:40:00+00:00,ME01,0.879383289009776,1.3167753749781144,-0.7096287351994638,0.9821623136070746,-0.6462801924570063,-0.013968672550673491,-0.5951389168098503,-0.12358065410923252,-2.6207312715541002
2008-05-11 19:50:00+00:00,ME01,0.6753245984762176,1.3135932829804267,-0.6050762076541161,0.9821623136070746,-0.6462801924570063,-0.013968672550673491,-0.5951389168098503,-0.12358065410923252,-2.6207312715541002
2008-05-11 20:00:00+00:00,ME01,1.0063719582735513,0.6782375592628259,-0.998008542575644,1.4081763373548106,-0.6539738490001769,0.04988827568239403,-0.6348148381432227,-0.12358065410923252,-2.6207312715541002
2008-05-11 20:10:00+00:00,ME01,0.9277510955014727,0.7568692120990315,-0.9141313131683523,1.4081763373548106,-0.6539738490001769,0.04988827568239403,-0.6348148381432227,-0.12358065410923252,-2.6207312715541002
2008-05-11 20:20:00+00:00,ME01,0.7904482366149963,1.2330518204370324,-0.9693404823561985,1.4081763373548106,-0.6539738490001769,0.04988827568239403,-0.6348148381432227,-0.12358065410923252,-2.6207312715541002
2008-05-11 20:30:00+00:00,ME01,0.6414464703177146,0.7360028073641877,-1.0596688893490336,1.4081763373548106,-0.6539738490001769,0.04988827568239403,-0.6348148381432227,-0.12358065410923252,-2.6207312715541002
2008-05-11 20:40:00+00:00,ME01,0.6234925710187136,0.6052662281683101,-0.9950093284144872,1.4081763373548106,-0.6539738490001769,0.04988827568239403,-0.6348148381432227,-0.12358065410923252,-2.6207312715541002
2008-05-11 20:50:00+00:00,ME01,0.7147956139219669,0.8664671962284334,-0.8560481510748841,1.4081763373548106,-0.6539738490001769,0.04988827568239403,-0.6348148381432227,-0.12358065410923252,-2.6207312715541002
2008-05-11 21:00:00+00:00,ME01,1.193461820458918,1.2046396481040387,-0.9457269266653451,1.218847252841589,-0.7347589907117031,0.04589714666725483,-0.6744907594765952,-0.12358065410923252,-2.6207312715541002
2008-05-11 21:10:00+00:00,ME01,0.518152056833279,1.1373846582236373,-1.0240781324684205,1.218847252841589,-0.7347589907117031,0.04589714666725483,-0.6744907594765952,-0.12358065410923252,-2.6207312715541002
2008-05-11 21:20:00+00:00,ME01,0.45791685525079934,1.1349916946453922,-0.9527721674074597,1.218847252841589,-0.7347589907117031,0.04589714666725483,-0.6744907594765952,-0.12358065410923252,-2.6207312715541002
2008-05-11 21:30:00+00:00,ME01,0.10470826440987711,0.8799792823567777,-0.04364829739803232,1.218847252841589,-0.7347589907117031,0.04589714666725483,-0.6744907594765952,-0.12358065410923252,-2.6207312715541002
2008-05-11 21:40:00+00:00,ME01,0.06312391691162114,1.0355740359205712,-0.3858937665270729,1.218847252841589,-0.7347589907117031,0.04589714666725483,-0.6744907594765952,-0.12358065410923252,-2.6207312715541002
2008-05-11 21:50:00+00:00,ME01,0.15956002127248012,0.5009078828755719,-0.9081300531012441,1.218847252841589,-0.7347589907117031,0.04589714666725483,-0.6744907594765952,-0.12358065410923252,-2.6207312715541002
2008-05-11 22:00:00+00:00,ME01,0.23081741833855635,0.506413165562848,-0.3554372410740024,1.218847252841589,-0.7347589907117031,0.04589714666725483,-0.6744907594765952,-0.12358065410923252,-2.6207312715541002
2008-05-11 22:10:00+00:00,ME01,0.11918961826631937,0.5713026927496883,-1.2100382104249576,1.218847252841589,-0.7347589907117031,0.04589714666725483,-0.6744907594765952,-0.12358065410923252,-2.6207312715541002
2008-05-11 22:20:00+00:00,ME01,0.1691590742374758,0.998108102415703,-1.302517058355155,1.218847252841589,-0.7347589907117031,0.04589714666725483,-0.6744907594765952,-0.12358065410923252,-2.6207312715541002
2008-05-11 22:30:00+00:00,ME01,0.17225782911780915,0.5451978003127858,-1.2279161116251331,1.218847252841589,-0.7347589907117031,0.04589714666725483,-0.6744907594765952,-0.12358065410923252,-2.6207312715541002
2008-05-11 22:40:00+00:00,ME01,-0.01986569599368621,0.7815938702573741,-1.2927181362261926,1.218847252841589,-0.7347589907117031,0.04589714666725483,-0.6744907594765952,-0.12358065410923252,-2.6207312715541002
2008-05-11 22:50:00+00:00,ME01,0.1731641590297251,0.8442454790775114,-1.188704269609971,1.218847252841589,-0.7347589907117031,0.04589714666725483,-0.6744907594765952,-0.12358065410923252,-2.6207312715541002
2008-05-11 23:00:00+00:00,ME01,-0.09040350365124886,1.7076623308766796,-1.1943773933268111,1.218847252841589,-0.7706633487366351,-0.16962047212290982,-0.6348148381432227,-0.12358065410923252,-2.6207312715541002
2008-05-11 23:10:00+00:00,ME01,-0.16965292710130522,0.9442368737624244,-1.422113409569746,1.218847252841589,-0.7706633487366351,-0.16962047212290982,-0.6348148381432227,-0.12358065410923252,-2.6207312715541002
2008-05-11 23:20:00+00:00,ME01,-0.1301901860103383,0.6410700547044716,-1.260737478109978,1.218847252841589,-0.7706633487366351,-0.16962047212290982,-0.6348148381432227,-0.12358065410923252,-2.6207312715541002
2008-05-11 23:30:00+00:00,ME01,-0.08950556871830503,0.8125555604256897,-1.4284042816452331,1.218847252841589,-0.7706633487366351,-0.16962047212290982,-0.6348148381432227,-0.12358065410923252,-2.6207312715541002
2008-05-11 23:40:00+00:00,ME01,-0.248565288646166,0.5555754461058507,-1.3816724308703363,1.218847252841589,-0.7706633487366351,-0.16962047212290982,-0.6348148381432227,-0.12358065410923252,-2.6207312715541002
2008-05-11 23:50:00+00:00,ME01,-0.21113817432233847,2.154840446475891,-1.3515292562083445,1.218847252841589,-0.7706633487366351,-0.16962047212290982,-0.6348148381432227,-0.12358065410923252,-2.6207312715541002
2008-05-12 00:00:00+00:00,ME01,-0.2968386710992743,0.8958304743206907,-1.4366750781218383,1.3608204826335166,-0.7539935354561454,-0.20953120426976954,-0.6744907594765952,-0.12358065410923252,-2.8009387263760916
2008-05-12 00:10:00+00:00,ME01,-0.1871161509279127,0.6406461703740491,-1.4399823402983476,1.3608204826335166,-0.7539935354561454,-0.20953120426976954,-0.6744907594765952,-0.12358065410923252,-2.8009387263760916
2008-05-12 00:20:00+00:00,ME01,-0.22563480272276124,0.46743531425087204,-1.4343077234632842,1.3608204826335166,-0.7539935354561454,-0.20953120426976954,-0.6744907594765952,-0.12358065410923252,-2.8009387263760916
2008-05-12 00:30:00+00:00,ME01,-0.2335343072702617,0.7623349026435552,-0.98187623263314,1.3608204826335166,-0.7539935354561454,-0.20953120426976954,-0.6744907594765952,-0.12358065410923252,-2.8009387263760916
2008-05-12 00:40:00+00:00,ME01,-0.44660787382630424,0.21532502838444526,-1.465246024144147,1.3608204826335166,-0.7539935354561454,-0.20953120426976954,-0.6744907594765952,-0.12358065410923252,-2.8009387263760916
2008-05-12 00:50:00+00:00,ME01,-0.3426403634928688,0.35427967609343847,-1.4895517047547016,1.3608204826335166,-0.7539935354561454,-0.20953120426976954,-0.6744907594765952,-0.12358065410923252,-2.8009387263760916
2008-05-12 01:00:00+00:00,ME01,-0.34700450909659347,0.8672144489890884,-1.3998854091599655,1.9761635908944728,-0.6475624237268109,-0.35320961679652485,-0.6348148381432227,-0.12358065410923252,-2.8009387263760916
2008-05-12 01:10:00+00:00,ME01,-0.3506529441582409,1.3939029859357561,-1.417975301956924,1.9761635908944728,-0.6475624237268109,-0.35320961679652485,-0.6348148381432227,-0.12358065410923252,-2.8009387263760916
2008-05-12 01:20:00+00:00,ME01,-0.3688352111874056,0.6582232897911385,-1.4169544629986763,1.9761635908944728,-0.6475624237268109,-0.35320961679652485,-0.6348148381432227,-0.12358065410923252,-2.8009387263760916
2008-05-12 01:30:00+00:00,ME01,-0.35043081214085753,3.165502529016837,-1.397343270740718,1.9761635908944728,-0.6475624237268109,-0.35320961679652485,-0.6348148381432227,-0.12358065410923252,-2.8009387263760916
2008-05-12 01:40:00+00:00,ME01,-0.3296116581339665,0.5794618942741243,-1.4394816310016258,1.9761635908944728,-0.6475624237268109,-0.35320961679652485,-0.6348148381432227,-0.12358065410923252,-2.8009387263760916
2008-05-12 01:50:00+00:00,ME01,-0.17556472386486394,0.5519181525343442,-1.3150559722313104,1.9761635908944728,-0.6475624237268109,-0.35320961679652485,-0.6348148381432227,-0.12358065410923252,-2.8009387263760916
2008-05-12 02:00:00+00:00,ME01,-0.3083181646535678,0.14921488473846897,-1.4471762836719841,1.5738274945073838,-0.620634222439198,-0.277379281518008,-0.6744907594765952,-0.12358065410923252,-2.8009387263760916
2008-05-12 02:10:00+00:00,ME01,-0.3111898230678224,0.36541070996193464,-1.3701051675054448,1.5738274945073838,-0.620634222439198,-0.277379281518008,-0.6744907594765952,-0.12358065410923252,-2.8009387263760916
2008-05-12 02:20:00+00:00,ME01,-0.3783622880601788,0.7164220755603442,-1.3400966763406605,1.5738274945073838,-0.620634222439198,-0.277379281518008,-0.6744907594765952,-0.12358065410923252,-2.8009387263760916
2008-05-12 02:30:00+00:00,ME01,-0.4624776705487346,0.5048908850333245,-1.1634437153075707,1.5738274945073838,-0.620634222439198,-0.277379281518008,-0.6744907594765952,-0.12358065410923252,-2.8009387263760916
2008-05-12 02:40:00+00:00,ME01,-0.37323792034023084,5.088636446650824,-1.1440333156821845,1.5738274945073838,-0.620634222439198,-0.277379281518008,-0.6744907594765952,-0.12358065410923252,-2.8009387263760916
2008-05-12 02:50:00+00:00,ME01,-0.5355160911135889,0.516988590508656,-1.168565255527781,1.5738274945073838,-0.620634222439198,-0.277379281518008,-0.6744907594765952,-0.12358065410923252,-2.8009387263760916
2008-05-12 03:00:00+00:00,ME01,-0.5191833013913435,0.5645359714252582,-0.9280299191409779,1.597505421868031,-0.6475624237268109,-0.3811472409002807,-0.476111152809733,-0.12358065410923252,-2.8009387263760916
2008-05-12 03:10:00+00:00,ME01,-0.5159538537920233,3.8503855930223776,-0.6174875385160412,1.597505421868031,-0.6475624237268109,-0.3811472409002807,-0.476111152809733,-0.12358065410923252,-2.8009387263760916
2008-05-12 03:20:00+00:00,ME01,-0.6505735317825212,1.3883011481944372,-1.1941542995619296,1.597505421868031,-0.6475624237268109,-0.3811472409002807,-0.476111152809733,-0.12358065410923252,-2.8009387263760916
2008-05-12 03:30:00+00:00,ME01,-0.6627893761534546,0.4756332128701716,-1.113407556957017,1.597505421868031,-0.6475624237268109,-0.3811472409002807,-0.476111152809733,-0.12358065410923252,-2.8009387263760916
2008-05-12 03:40:00+00:00,ME01,-0.5873883119196811,0.6893219705824917,-1.0871484415638235,1.597505421868031,-0.6475624237268109,-0.3811472409002807,-0.476111152809733,-0.12358065410923252,-2.8009387263760916
2008-05-12 03:50:00+00:00,ME01,-0.5894397832343121,0.3605410579631441,-0.7590209635957553,1.597505421868031,-0.6475624237268109,-0.3811472409002807,-0.476111152809733,-0.12358065410923252,-2.8009387263760916
2008-05-12 04:00:00+00:00,ME01,-0.5277257531350258,0.46403323360954923,0.2308030206408921,1.195169325480942,-0.6655147372014485,-0.3971114779585555,-0.43643523147636054,-0.12358065410923252,-2.8009387263760916
2008-05-12 04:10:00+00:00,ME01,-0.583181141934061,0.5087799781446052,-0.2781494724835075,1.195169325480942,-0.6655147372014485,-0.3971114779585555,-0.43643523147636054,-0.12358065410923252,-2.8009387263760916
2008-05-12 04:20:00+00:00,ME01,-0.5530861036668041,0.2592375069661786,-0.4206467145654845,1.195169325480942,-0.6655147372014485,-0.3971114779585555,-0.43643523147636054,-0.12358065410923252,-2.8009387263760916
2008-05-12 04:30:00+00:00,ME01,-0.42184099478129883,0.005953701427829752,-0.4208293071987757,1.195169325480942,-0.6655147372014485,-0.3971114779585555,-0.43643523147636054,-0.12358065410923252,-2.8009387263760916
2008-05-12 04:40:00+00:00,ME01,-0.34188458281851875,0.559536396457562,-0.4769123566961471,1.195169325480942,-0.6655147372014485,-0.3971114779585555,-0.43643523147636054,-0.12358065410923252,-2.8009387263760916
2008-05-12 04:50:00+00:00,ME01,-0.49901518871730877,0.7107778534114483,-0.23826839137258457,1.195169325480942,-0.6655147372014485,-0.3971114779585555,-0.43643523147636054,-0.12358065410923252,-2.8009387263760916
2008-05-12 05:00:00+00:00,ME01,-0.49066519340871034,0.3689378042424414,0.05865343558921855,1.0058402409677216,-0.24107279047825844,-0.20154894623945943,-0.6744907594765952,-0.12358065410923252,-2.8009387263760916
2008-05-12 05:10:00+00:00,ME01,-0.500239173315197,1.1402247813008353,-0.2829071789510484,1.0058402409677216,-0.24107279047825844,-0.20154894623945943,-0.6744907594765952,-0.12358065410923252,-2.8009387263760916
2008-05-12 05:20:00+00:00,ME01,-0.5182181043809725,0.8080946929909871,-0.10572236680478392,1.0058402409677216,-0.24107279047825844,-0.20154894623945943,-0.6744907594765952,-0.12358065410923252,-2.8009387263760916
2008-05-12 05:30:00+00:00,ME01,-0.4161382324754212,1.2350869369631217,-0.0908078110065636,1.0058402409677216,-0.24107279047825844,-0.20154894623945943,-0.6744907594765952,-0.12358065410923252,-2.8009387263760916
2008-05-12 05:40:00+00:00,ME01,-0.21310020584000777,0.1155202173622989,0.058845017635371706,1.0058402409677216,-0.24107279047825844,-0.20154894623945943,-0.6744907594765952,-0.12358065410923252,-2.8009387263760916
2008-05-12 05:50:00+00:00,ME01,-0.15443227748570743,0.5570629754379764,0.09996485265687492,1.0058402409677216,-0.24107279047825844,-0.20154894623945943,-0.6744907594765952,-0.12358065410923252,-2.8009387263760916
2008-05-12 06:00:00+00:00,ME01,-0.2567836650400863,0.6210638697807723,0.34571974183385984,1.0058402409677216,0.37443210349520534,0.033924038624150936,0.19837960666686233,-0.12358065410923252,-2.383887188073769
2008-05-12 06:10:00+00:00,ME01,-0.12878313113430837,0.6442924072808942,0.460784384650575,1.0058402409677216,0.37443210349520534,0.033924038624150936,0.19837960666686233,-0.12358065410923252,-2.383887188073769
2008-05-12 06:20:00+00:00,ME01,-0.028473222643492176,1.0546247705050773,1.2747690934331672,1.0058402409677216,0.37443210349520534,0.033924038624150936,0.19837960666686233,-0.12358065410923252,-2.383887188073769
2008-05-12 06:30:00+00:00,ME01,19.707114311796907,124.49610567044121,0.8711009421237541,1.0058402409677216,0.37443210349520534,0.033924038624150936,0.19837960666686233,-0.12358065410923252,-2.383887188073769
2008-05-12 06:40:00+00:00,ME01,44.100338998297794,85.86028783473176,0.4393130301834379,1.0058402409677216,0.37443210349520534,0.033924038624150936,0.19837960666686233,-0.12358065410923252,-2.383887188073769
2008-05-12 06:50:00+00:00,ME01,2.0929465017039637,134.55562298180425,0.07581917360136937,1.0058402409677216,0.37443210349520534,0.033924038624150936,0.19837960666686233,-0.12358065410923252,-2.383887188073769
2008-05-12 07:00:00+00:00,ME01,1.9006476459611386,91.15104095157409,0.08664005544406696,1.195169325480942,0.6924429384890605,0.10177211587235765,1.071250069619583,-0.12358065410923252,-2.383887188073769
2008-05-12 07:10:00+00:00,ME01,0.10245972018022159,276.0432117935515,0.2578570698437193,1.195169325480942,0.6924429384890605,0.10177211587235765,1.071250069619583,-0.12358065410923252,-2.383887188073769
2008-05-12 07:20:00+00:00,ME01,-0.2529528504470653,215.50506867157114,0.195178697599569,1.195169325480942,0.6924429384890605,0.10177211587235765,1.071250069619583,-0.12358065410923252,-2.383887188073769
2008-05-12 07:30:00+00:00,ME01,-0.2999109666795329,209.78364874414663,0.21956465549544632,1.195169325480942,0.6924429384890605,0.10177211587235765,1.071250069619583,-0.12358065410923252,-2.383887188073769
2008-05-12 07:40:00+00:00,ME01,-0.18571573647765316,83.23020750175236,0.30504148628446315,1.195169325480942,0.6924429384890605,0.10177211587235765,1.071250069619583,-0.12358065410923252,-2.383887188073769
2008-05-12 07:50:00+00:00,ME01,-0.3106684341350539,86.94381344749645,0.19709649990651087,1.195169325480942,0.6924429384890605,0.10177211587235765,1.071250069619583,-0.12358065410923252,-2.383887188073769
2008-05-12 08:00:00+00:00,ME01,-0.2956628487478056,60.26261735972308,0.33969161800361636,1.0531960956890158,0.8386253709770841,0.23347742035604077,2.459907509906146,-0.12358065410923252,-2.383887188073769
2008-05-12 08:10:00+00:00,ME01,-0.08379424292903477,29.168851597020602,0.24946025482873432,1.0531960956890158,0.8386253709770841,0.23347742035604077,2.459907509906146,-0.12358065410923252,-2.383887188073769
2008-05-12 08:20:00+00:00,ME01,0.3559807800859763,34.627812027195766,0.15499005936983132,1.0531960956890158,0.8386253709770841,0.23347742035604077,2.459907509906146,-0.12358065410923252,-2.383887188073769
2008-05-12 08:30:00+00:00,ME01,-0.20031272634512373,21.664164676388413,0.16043079766898527,1.0531960956890158,0.8386253709770841,0.23347742035604077,2.459907509906146,-0.12358065410923252,-2.383887188073769
2008-05-12 08:40:00+00:00,ME01,0.21112499392769316,19.576456214962754,0.7661696126506704,1.0531960956890158,0.8386253709770841,0.23347742035604077,2.459907509906146,-0.12358065410923252,-2.383887188073769
2008-05-12 08:50:00+00:00,ME01,-0.22875810953087466,13.895684537584538,0.425057641730425,1.0531960956890158,0.8386253709770841,0.23347742035604077,2.459907509906146,-0.12358065410923252,-2.383887188073769
2008-05-12 09:00:00+00:00,ME01,0.04446908294568605,22.172913206124015,0.42871044067021075,1.597505421868031,0.5988349462308022,0.1616382140926314,3.4518057368589847,-0.12358065410923252,-2.383887188073769
2008-05-12 09:10:00+00:00,ME01,-0.20948681585020418,16.43636026338146,0.46394014029230995,1.597505421868031,0.5988349462308022,0.1616382140926314,3.4518057368589847,-0.12358065410923252,-2.383887188073769
2008-05-12 09:20:00+00:00,ME01,-0.21207971147804444,8.012492766182561,1.0923816194367275,1.597505421868031,0.5988349462308022,0.1616382140926314,3.4518057368589847,-0.12358065410923252,-2.383887188073769
2008-05-12 09:30:00+00:00,ME01,0.044128915423568595,9.132193870549006,1.1813924748227143,1.597505421868031,0.5988349462308022,0.1616382140926314,3.4518057368589847,-0.12358065410923252,-2.383887188073769
2008-05-12 09:40:00+00:00,ME01,-0.19000756269697386,6.25712176614121,0.8370191258497169,1.597505421868031,0.5988349462308022,0.1616382140926314,3.4518057368589847,-0.12358065410923252,-2.383887188073769
2008-05-12 09:50:00+00:00,ME01,-0.21265324654680562,4.549800841777258,0.1962275823558658,1.597505421868031,0.5988349462308022,0.1616382140926314,3.4518057368589847,-0.12358065410923252,-2.383887188073769
2008-05-12 10:00:00+00:00,ME01,-0.19109811785577513,5.101548167696587,0.9020334746618206,1.218847252841589,0.8655538411890408,0.18159358016607713,4.443703867002559,-0.12358065410923252,-2.383887188073769
2008-05-12 10:10:00+00:00,ME01,-0.062100651810303456,9.974241188766396,1.1960963306171346,1.218847252841589,0.8655538411890408,0.18159358016607713,4.443703867002559,-0.12358065410923252,-2.383887188073769
2008-05-12 10:20:00+00:00,ME01,-0.06899474009308387,3.085169752473962,1.1069747708414548,1.218847252841589,0.8655538411890408,0.18159358016607713,4.443703867002559,-0.12358065410923252,-2.383887188073769
2008-05-12 10:30:00+00:00,ME01,0.07141470528422585,3.3866341690410886,1.8785198758179151,1.218847252841589,0.8655538411890408,0.18159358016607713,4.443703867002559,-0.12358065410923252,-2.383887188073769
2008-05-12 10:40:00+00:00,ME01,-0.05975544424046026,1.876635211155236,1.0770708560893425,1.218847252841589,0.8655538411890408,0.18159358016607713,4.443703867002559,-0.12358065410923252,-2.383887188073769
2008-05-12 10:50:00+00:00,ME01,0.07832083941630148,1.0004877894335003,2.267133751836434,1.218847252841589,0.8655538411890408,0.18159358016607713,4.443703867002559,-0.12358065410923252,-2.383887188073769
2008-05-12 11:00:00+00:00,ME01,0.24137343173634132,0.9415259879370755,2.8730414953447436,2.3784996872815602,0.5462605060010377,0.06186166272787507,4.919815019812292,-0.12358065410923252,-2.383887188073769
2008-05-12 11:10:00+00:00,ME01,0.3840025486739572,0.5999275848652494,3.4598833911284674,2.3784996872815602,0.5462605060010377,0.06186166272787507,4.919815019812292,-0.12358065410923252,-2.383887188073769
2008-05-12 11:20:00+00:00,ME01,0.635087715017185,1.6816517584867472,2.053341541881528,2.3784996872815602,0.5462605060010377,0.06186166272787507,4.919815019812292,-0.12358065410923252,-2.383887188073769
2008-05-12 11:30:00+00:00,ME01,-0.08194470734383401,0.5843199410386092,1.347336988215858,2.3784996872815602,0.5462605060010377,0.06186166272787507,4.919815019812292,-0.12358065410923252,-2.383887188073769
2008-05-12 11:40:00+00:00,ME01,0.040994232176383004,0.5701022754714236,0.14644521828551973,2.3784996872815602,0.5462605060010377,0.06186166272787507,4.919815019812292,-0.12358065410923252,-2.383887188073769
2008-05-12 11:50:00+00:00,ME01,-0.20849652475393735,1.0079899537286132,0.13574011429231,2.3784996872815602,0.5462605060010377,0.06186166272787507,4.919815019812292,-0.12358065410923252,-2.383887188073769
2008-05-12 12:00:00+00:00,ME01,-0.016071062875677753,1.0614091894443554,0.46184059391335874,1.0531960956890158,0.08206723851915851,0.08979900782925376,2.499583431239518,-0.12358065410923252,-1.9668356497714465
2008-05-12 12:10:00+00:00,ME01,-0.07476449433072657,0.8044056757005811,0.46926670000680965,1.0531960956890158,0.08206723851915851,0.08979900782925376,2.499583431239518,-0.12358065410923252,-1.9668356497714465
2008-05-12 12:20:00+00:00,ME01,-0.053825209564326,0.9229000594499689,0.6844673518900748,1.0531960956890158,0.08206723851915851,0.08979900782925376,2.499583431239518,-0.12358065410923252,-1.9668356497714465
2008-05-12 12:30:00+00:00,ME01,-0.132231145475201,0.48205214121997686,0.08960051817722978,1.0531960956890158,0.08206723851915851,0.08979900782925376,2.499583431239518,-0.12358065410923252,-1.9668356497714465
2008-05-12 12:40:00+00:00,ME01,0.17665588392748854,-0.0077293272723165255,0.03611772694255906,1.0531960956890158,0.08206723851915851,0.08979900782925376,2.499583431239518,-0.12358065410923252,-1.9668356497714465
2008-05-12 12:50:00+00:00,ME01,-0.10731673809013578,0.13716159678538173,0.07345334875614908,1.0531960956890158,0.08206723851915851,0.08979900782925376,2.499583431239518,-0.12358065410923252,-1.9668356497714465
2008-05-12 13:00:00+00:00,ME01,0.2347485288978981,0.10574071593434915,2.253943218043053,1.218847252841589,0.37571433476501,-0.009977822537879719,2.618611195239636,0.40962126923846737,-1.9668356497714465
2008-05-12 13:10:00+00:00,ME01,0.5344976676832868,2.3168721369146947,5.353146773121972,1.218847252841589,0.37571433476501,-0.009977822537879719,2.618611195239636,0.40962126923846737,-1.9668356497714465
2008-05-12 13:20:00+00:00,ME01,0.027347441626976783,0.350097806941843,0.28802503605398866,1.218847252841589,0.37571433476501,-0.009977822537879719,2.618611195239636,0.40962126923846737,-1.9668356497714465
2008-05-12 13:30:00+00:00,ME01,-0.010947048424336064,0.3962681976260913,0.8259595815436986,1.218847252841589,0.37571433476501,-0.009977822537879719,2.618611195239636,0.40962126923846737,-1.9668356497714465
2008-05-12 13:40:00+00:00,ME01,0.0679353445971891,0.2906190562314447,0.9481075529957751,1.218847252841589,0.37571433476501,-0.009977822537879719,2.618611195239636,0.40962126923846737,-1.9668356497714465
2008-05-12 13:50:00+00:00,ME01,0.013962296079778816,-0.05097849824316571,1.3553684687566132,1.218847252841589,0.37571433476501,-0.009977822537879719,2.618611195239636,0.40962126923846737,-1.9668356497714465
2008-05-12 14:00:00+00:00,ME01,0.10222200366218329,-0.2740419109450213,0.8424402520246723,1.0295181683283687,0.5552366627383564,-0.08580815781642828,3.2931020515254947,-0.12358065410923252,-1.9668356497714465
2008-05-12 14:10:00+00:00,ME01,-0.04539655540636693,0.1938159612793734,0.5654344466866303,1.0295181683283687,0.5552366627383564,-0.08580815781642828,3.2931020515254947,-0.12358065410923252,-1.9668356497714465
2008-05-12 14:20:00+00:00,ME01,-0.2575250821434623,0.26228037859212844,0.0659901818186655,1.0295181683283687,0.5552366627383564,-0.08580815781642828,3.2931020515254947,-0.12358065410923252,-1.9668356497714465
2008-05-12 14:30:00+00:00,ME01,-0.07793592190024358,-0.00360279000449757,0.43256549003041733,1.0295181683283687,0.5552366627383564,-0.08580815781642828,3.2931020515254947,-0.12358065410923252,-1.9668356497714465
2008-05-12 14:40:00+00:00,ME01,-0.1613916213849332,0.15697953986508129,0.2525695991051802,1.0295181683283687,0.5552366627383564,-0.08580815781642828,3.2931020515254947,-0.12358065410923252,-1.9668356497714465
2008-05-12 14:50:00+00:00,ME01,0.05735156283302781,-0.2086158508737721,0.38038717106951775,1.0295181683283687,0.5552366627383564,-0.08580815781642828,3.2931020515254947,-0.12358065410923252,-1.9668356497714465
2008-05-12 15:00:00+00:00,ME01,-0.32480177096338125,0.15477208897422295,0.13479621922150206,1.2425251802022361,0.47316928975702544,-0.12970973997605006,2.9360186627158793,-0.12358065410923252,-1.9668356497714465
2008-05-12 15:10:00+00:00,ME01,0.1449314250709878,-0.23102506967699454,0.4916367346677297,1.2425251802022361,0.47316928975702544,-0.12970973997605006,2.9360186627158793,-0.12358065410923252,-1.9668356497714465
2008-05-12 15:20:00+00:00,ME01,0.15433671161339205,-0.13620764806360422,0.6899057644648549,1.2425251802022361,0.47316928975702544,-0.12970973997605006,2.9360186627158793,-0.12358065410923252,-1.9668356497714465
2008-05-12 15:30:00+00:00,ME01,-0.09093211712288385,0.0339382783304824,0.3592806945823165,1.2425251802022361,0.47316928975702544,-0.12970973997605006,2.9360186627158793,-0.12358065410923252,-1.9668356497714465
2008-05-12 15:40:00+00:00,ME01,0.6541242530170452,-0.0482978002055314,0.8781758132196436,1.2425251802022361,0.47316928975702544,-0.12970973997605006,2.9360186627158793,-0.12358065410923252,-1.9668356497714465
2008-05-12 15:50:00+00:00,ME01,0.20330340818950418,-0.1576296615930769,0.12225160528809995,1.2425251802022361,0.47316928975702544,-0.12970973997605006,2.9360186627158793,-0.12358065410923252,-1.9668356497714465
2008-05-12 16:00:00+00:00,ME01,0.1684053996041695,0.1630838356390734,1.923399672402886,1.2425251802022361,0.2667187604960662,-0.24145967838628746,1.1902778336197006,-0.12358065410923252,-1.9668356497714465
2008-05-12 16:10:00+00:00,ME01,0.2702486788462305,-0.26476666605018684,1.621042761249789,1.2425251802022361,0.2667187604960662,-0.24145967838628746,1.1902778336197006,-0.12358065410923252,-1.9668356497714465
2008-05-12 16:20:00+00:00,ME01,0.07737595263786207,0.011371088413028599,0.26866958220485554,1.2425251802022361,0.2667187604960662,-0.24145967838628746,1.1902778336197006,-0.12358065410923252,-1.9668356497714465
2008-05-12 16:30:00+00:00,ME01,-0.15780311147081602,-0.2179582342224351,1.2977783603299946,1.2425251802022361,0.2667187604960662,-0.24145967838628746,1.1902778336197006,-0.12358065410923252,-1.9668356497714465
2008-05-12 16:40:00+00:00,ME01,0.2611731747506146,3.8952518163480314,3.771983002744145,1.2425251802022361,0.2667187604960662,-0.24145967838628746,1.1902778336197006,-0.12358065410923252,-1.9668356497714465
2008-05-12 16:50:00+00:00,ME01,0.32734342030967206,2.205566792523841,6.3579526950755545,1.2425251802022361,0.2667187604960662,-0.24145967838628746,1.1902778336197006,-0.12358065410923252,-1.9668356497714465
2008-05-12 17:00:00+00:00,ME01,0.3570260121533014,13.39454785671706,3.9561800492583097,1.0295181683283687,-0.09617258926003988,-0.30930803463690304,2.2218519819059117,-0.12358065410923252,-1.9668356497714465
2008-05-12 17:10:00+00:00,ME01,0.7817447532889636,3.962348617170952,6.583456733122679,1.0295181683283687,-0.09617258926003988,-0.30930803463690304,2.2218519819059117,-0.12358065410923252,-1.9668356497714465
2008-05-12 17:20:00+00:00,ME01,1.1164732658703092,3.3455420278656924,9.646260478660263,1.0295181683283687,-0.09617258926003988,-0.30930803463690304,2.2218519819059117,-0.12358065410923252,-1.9668356497714465
2008-05-12 17:30:00+00:00,ME01,1.740096873527354,-0.22111219113934513,14.207012265541437,1.0295181683283687,-0.09617258926003988,-0.30930803463690304,2.2218519819059117,-0.12358065410923252,-1.9668356497714465
2008-05-12 17:40:00+00:00,ME01,2.0269294464266516,-0.15919137880933804,14.978653978557379,1.0295181683283687,-0.09617258926003988,-0.30930803463690304,2.2218519819059117,-0.12358065410923252,-1.9668356497714465
2008-05-12 17:50:00+00:00,ME01,0.6547167158516909,3.156137250496803,3.8726116043736245,1.0295181683283687,-0.09617258926003988,-0.30930803463690304,2.2218519819059117,-0.12358065410923252,-1.9668356497714465
2008-05-12 18:00:00+00:00,ME01,0.38972155367017286,7.6874167364266,1.7266675824012905,1.99984151825512,-0.4641934019440511,-0.4250488230599342,3.412129815525612,-0.12358065410923252,-1.5497841114691244
2008-05-12 18:10:00+00:00,ME01,0.5881139326023647,9.431176353018586,0.670046525536807,1.99984151825512,-0.4641934019440511,-0.4250488230599342,3.412129815525612,-0.12358065410923252,-1.5497841114691244
2008-05-12 18:20:00+00:00,ME01,0.6181226777309713,9.840015907191837,-0.0002853184790726434,1.99984151825512,-0.4641934019440511,-0.4250488230599342,3.412129815525612,-0.12358065410923252,-1.5497841114691244
2008-05-12 18:30:00+00:00,ME01,1.2130184569277378,29.313218808990154,0.4613748466808917,1.99984151825512,-0.4641934019440511,-0.4250488230599342,3.412129815525612,-0.12358065410923252,-1.5497841114691244
2008-05-12 18:40:00+00:00,ME01,1.3286577677808478,12.098269066571444,-0.15571868564449493,1.99984151825512,-0.4641934019440511,-0.4250488230599342,3.412129815525612,-0.12358065410923252,-1.5497841114691244
2008-05-12 18:50:00+00:00,ME01,1.508261048427837,7.758922655939723,-0.38011107235448344,1.99984151825512,-0.4641934019440511,-0.4250488230599342,3.412129815525612,-0.12358065410923252,-1.5497841114691244
2008-05-12 19:00:00+00:00,ME01,1.5314805645762972,3.721783386141654,-0.5906554251039992,0.6508599993019268,-0.28338884270090015,-0.289352668563489,0.6744907594765952,-0.12358065410923252,-1.5497841114691244
2008-05-12 19:10:00+00:00,ME01,1.4448151151301902,0.5383708106605085,-0.5767260226222306,0.6508599993019268,-0.28338884270090015,-0.289352668563489,0.6744907594765952,-0.12358065410923252,-1.5497841114691244
2008-05-12 19:20:00+00:00,ME01,1.6456046112126206,15.131039728889709,-0.6538642591953958,0.6508599993019268,-0.28338884270090015,-0.289352668563489,0.6744907594765952,-0.12358065410923252,-1.5497841114691244
2008-05-12 19:30:00+00:00,ME01,1.4266106310882518,0.41624553407717274,-0.5132175715917857,0.6508599993019268,-0.28338884270090015,-0.289352668563489,0.6744907594765952,-0.12358065410923252,-1.5497841114691244
2008-05-12 19:40:00+00:00,ME01,0.9790000275968999,5.140399862143423,-0.43636025030922315,0.6508599993019268,-0.28338884270090015,-0.289352668563489,0.6744907594765952,-0.12358065410923252,-1.5497841114691244
2008-05-12 19:50:00+00:00,ME01,0.876512039354904,5.060157878696072,-0.4816331219093631,0.6508599993019268,-0.28338884270090015,-0.289352668563489,0.6744907594765952,-0.12358065410923252,-1.5497841114691244
2008-05-12 20:00:00+00:00,ME01,0.768283596480357,1.1019243274492252,1.4095167067526357,1.8341903611025454,-0.31801096945602747,-0.3332542507231108,2.539259352572891,-0.12358065410923252,-1.5497841114691244
2008-05-12 20:10:00+00:00,ME01,0.6104958615155334,2.2434835556671957,0.07295761003475418,1.8341903611025454,-0.31801096945602747,-0.3332542507231108,2.539259352572891,-0.12358065410923252,-1.5497841114691244
2008-05-12 20:20:00+00:00,ME01,1.0627145155838988,1.4221446337309913,-0.5832784111546876,1.8341903611025454,-0.31801096945602747,-0.3332542507231108,2.539259352572891,-0.12358065410923252,-1.5497841114691244
2008-05-12 20:30:00+00:00,ME01,0.754189396167048,1.8679206312827217,0.19195128278995546,1.8341903611025454,-0.31801096945602747,-0.3332542507231108,2.539259352572891,-0.12358065410923252,-1.5497841114691244
2008-05-12 20:40:00+00:00,ME01,0.6820763145303191,0.959641901601517,1.253385563594679,1.8341903611025454,-0.31801096945602747,-0.3332542507231108,2.539259352572891,-0.12358065410923252,-1.5497841114691244
2008-05-12 20:50:00+00:00,ME01,0.6201037615596602,1.701458073040259,0.19008492498146187,1.8341903611025454,-0.31801096945602747,-0.3332542507231108,2.539259352572891,-0.12358065410923252,-1.5497841114691244
2008-05-12 21:00:00+00:00,ME01,0.508824087941066,2.954095325871524,-0.10983798112129603,1.4318542647154577,-0.4423941257356563,-0.4050937359888656,1.5473612224293163,-0.12358065410923252,-1.5497841114691244
2008-05-12 21:10:00+00:00,ME01,0.578290986795117,2.1373313686490283,-0.8231101708983347,1.4318542647154577,-0.4423941257356563,-0.4050937359888656,1.5473612224293163,-0.12358065410923252,-1.5497841114691244
2008-05-12 21:20:00+00:00,ME01,0.3814250861320529,6.998837262340441,-0.9174592236424757,1.4318542647154577,-0.4423941257356563,-0.4050937359888656,1.5473612224293163,-0.12358065410923252,-1.5497841114691244
2008-05-12 21:30:00+00:00,ME01,0.3689371933807793,1.5936712357575507,-0.7042617045744975,1.4318542647154577,-0.4423941257356563,-0.4050937359888656,1.5473612224293163,-0.12358065410923252,-1.5497841114691244
2008-05-12 21:40:00+00:00,ME01,0.4123663641019472,2.8854406760471663,-1.0412385104517126,1.4318542647154577,-0.4423941257356563,-0.4050937359888656,1.5473612224293163,-0.12358065410923252,-1.5497841114691244
2008-05-12 21:50:00+00:00,ME01,0.3706331388370957,3.069875222089325,-1.2302212732277602,1.4318542647154577,-0.4423941257356563,-0.4050937359888656,1.5473612224293163,-0.12358065410923252,-1.5497841114691244
2008-05-12 22:00:00+00:00,ME01,0.541935256875359,0.4681970193048182,-1.2864403936241573,1.621183349228678,-0.4218773497214094,-0.5607452565587565,1.983796357096413,-0.12358065410923252,-1.5497841114691244
2008-05-12 22:10:00+00:00,ME01,0.03673887904695759,0.03585592923472636,-1.3995287698265404,1.621183349228678,-0.4218773497214094,-0.5607452565587565,1.983796357096413,-0.12358065410923252,-1.5497841114691244
2008-05-12 22:20:00+00:00,ME01,0.19227934999935617,0.1345914401195346,-1.340571263851155,1.621183349228678,-0.4218773497214094,-0.5607452565587565,1.983796357096413,-0.12358065410923252,-1.5497841114691244
2008-05-12 22:30:00+00:00,ME01,0.20216343127967634,0.3226272378405488,-1.2332915188490485,1.621183349228678,-0.4218773497214094,-0.5607452565587565,1.983796357096413,-0.12358065410923252,-1.5497841114691244
2008-05-12 22:40:00+00:00,ME01,0.7043949780123427,0.18459571201409358,-1.3146492662191045,1.621183349228678,-0.4218773497214094,-0.5607452565587565,1.983796357096413,-0.12358065410923252,-1.5497841114691244
2008-05-12 22:50:00+00:00,ME01,0.4165302771410225,0.44959532732709284,-0.9539170600310983,1.621183349228678,-0.4218773497214094,-0.5607452565587565,1.983796357096413,-0.12358065410923252,-1.5497841114691244
2008-05-12 23:00:00+00:00,ME01,0.08715879367615495,7.306568921750048,-0.7008391876388643,1.4081763373548106,-0.42700654372497127,-0.4928971793105181,-0.5554629954764779,-0.12358065410923252,-1.5497841114691244
2008-05-12 23:10:00+00:00,ME01,0.5127312128439212,1.0178604526244381,-0.8693405330295478,1.4081763373548106,-0.42700654372497127,-0.4928971793105181,-0.5554629954764779,-0.12358065410923252,-1.5497841114691244
2008-05-12 23:20:00+00:00,ME01,0.21039576499749427,-0.12371475354580015,0.6948326604078289,1.4081763373548106,-0.42700654372497127,-0.4928971793105181,-0.5554629954764779,-0.12358065410923252,-1.5497841114691244
2008-05-12 23:30:00+00:00,ME01,0.3058508276658011,0.8646385833347333,0.5724945983367442,1.4081763373548106,-0.42700654372497127,-0.4928971793105181,-0.5554629954764779,-0.12358065410923252,-1.5497841114691244
2008-05-12 23:40:00+00:00,ME01,0.5622549922087385,-0.17782661836860195,1.8503598627618179,1.4081763373548106,-0.42700654372497127,-0.4928971793105181,-0.5554629954764779,-0.12358065410923252,-1.5497841114691244
2008-05-12 23:50:00+00:00,ME01,0.5942813026679078,-0.34044839636722307,2.110064789734202,1.4081763373548106,-0.42700654372497127,-0.4928971793105181,-0.5554629954764779,-0.12358065410923252,-1.5497841114691244
2008-05-13 00:00:00+00:00,ME01,0.4424970318078763,-0.23239420311499537,1.959185307112089,1.597505421868031,-0.35135059601700686,-0.5926740096776515,0.7538426021433402,-0.12358065410923252,-1.1327325731668019
2008-05-13 00:10:00+00:00,ME01,0.19923871710613303,0.02411439458221741,1.9201509230559484,1.597505421868031,-0.35135059601700686,-0.5926740096776515,0.7538426021433402,-0.12358065410923252,-1.1327325731668019
2008-05-13 00:20:00+00:00,ME01,0.412970870661927,-0.546872767898325,-0.1220862045528582,1.597505421868031,-0.35135059601700686,-0.5926740096776515,0.7538426021433402,-0.12358065410923252,-1.1327325731668019
2008-05-13 00:30:00+00:00,ME01,0.5196472916522111,-0.4934133825958355,0.6234364974372807,1.597505421868031,-0.35135059601700686,-0.5926740096776515,0.7538426021433402,-0.12358065410923252,-1.1327325731668019
2008-05-13 00:40:00+00:00,ME01,0.6091537725211364,-0.2533376819155542,1.5189195743531902,1.597505421868031,-0.35135059601700686,-0.5926740096776515,0.7538426021433402,-0.12358065410923252,-1.1327325731668019
2008-05-13 00:50:00+00:00,ME01,0.6282526317548703,-0.4773282946956022,1.831001644579151,1.597505421868031,-0.35135059601700686,-0.5926740096776515,0.7538426021433402,-0.12358065410923252,-1.1327325731668019
2008-05-13 01:00:00+00:00,ME01,0.8686830516303373,-0.26429884467925957,3.261844255178748,1.7868345063812512,-0.40007807351301455,-0.7403435512196095,2.3805556672394013,-0.12358065410923252,-1.1327325731668019
2008-05-13 01:10:00+00:00,ME01,0.8539935197955575,-0.4253337174482025,4.447952365944237,1.7868345063812512,-0.40007807351301455,-0.7403435512196095,2.3805556672394013,-0.12358065410923252,-1.1327325731668019
2008-05-13 01:20:00+00:00,ME01,0.9400636715908883,-0.26574366197675203,1.0687033327774158,1.7868345063812512,-0.40007807351301455,-0.7403435512196095,2.3805556672394013,-0.12358065410923252,-1.1327325731668019
2008-05-13 01:30:00+00:00,ME01,0.2403186596505846,-0.49227335884000356,-0.22571178622567253,1.7868345063812512,-0.40007807351301455,-0.7403435512196095,2.3805556672394013,-0.12358065410923252,-1.1327325731668019
2008-05-13 01:40:00+00:00,ME01,0.37326826150073505,0.1719525906301237,-0.4230020728617823,1.7868345063812512,-0.40007807351301455,-0.7403435512196095,2.3805556672394013,-0.12358065410923252,-1.1327325731668019
2008-05-13 01:50:00+00:00,ME01,0.5744174437316439,0.11203159518458157,-0.9248416307777741,1.7868345063812512,-0.40007807351301455,-0.7403435512196095,2.3805556672394013,-0.12358065410923252,-1.1327325731668019
2008-05-13 02:00:00+00:00,ME01,0.18022366458509861,-0.5093521530224998,-0.7822859665344961,1.9761635908944728,-0.5218967672530341,-0.8121827574829871,0.15870368533348983,-0.12358065410923252,-1.1327325731668019
2008-05-13 02:10:00+00:00,ME01,0.45995842216502425,-0.14438399110604616,-1.1301547784526096,1.9761635908944728,-0.5218967672530341,-0.8121827574829871,0.15870368533348983,-0.12358065410923252,-1.1327325731668019
2008-05-13 02:20:00+00:00,ME01,0.6138410721797689,-0.35712621346368256,-1.3074699356840986,1.9761635908944728,-0.5218967672530341,-0.8121827574829871,0.15870368533348983,-0.12358065410923252,-1.1327325731668019
2008-05-13 02:30:00+00:00,ME01,0.8981175032605498,-0.2364766676937459,-1.1639674581156028,1.9761635908944728,-0.5218967672530341,-0.8121827574829871,0.15870368533348983,-0.12358065410923252,-1.1327325731668019
2008-05-13 02:40:00+00:00,ME01,0.5194744789598736,-0.28703314741753194,-1.3705314989057669,1.9761635908944728,-0.5218967672530341,-0.8121827574829871,0.15870368533348983,-0.12358065410923252,-1.1327325731668019
2008-05-13 02:50:00+00:00,ME01,0.32396528194853363,-0.1963240080736802,-1.2665005958303295,1.9761635908944728,-0.5218967672530341,-0.8121827574829871,0.15870368533348983,-0.12358065410923252,-1.1327325731668019
2008-05-13 03:00:00+00:00,ME01,1.4874922395795538,-0.027373494384030094,-0.7759225208628182,1.8105124337418983,-0.5680597822094331,-0.9319146749211574,1.4680093797625713,-0.12358065410923252,-1.1327325731668019
2008-05-13 03:10:00+00:00,ME01,0.7914518649959944,-0.4649882917915449,0.39768299775184546,1.8105124337418983,-0.5680597822094331,-0.9319146749211574,1.4680093797625713,-0.12358065410923252,-1.1327325731668019
2008-05-13 03:20:00+00:00,ME01,1.614399655980334,-0.14046588053516,4.588124035878237,1.8105124337418983,-0.5680597822094331,-0.9319146749211574,1.4680093797625713,-0.12358065410923252,-1.1327325731668019
2008-05-13 03:30:00+00:00,ME01,1.5825364032416918,-0.2766911109443731,6.258000311218525,1.8105124337418983,-0.5680597822094331,-0.9319146749211574,1.4680093797625713,-0.12358065410923252,-1.1327325731668019
2008-05-13 03:40:00+00:00,ME01,1.3447744377940412,4.729430515300295,6.551108478302525,1.8105124337418983,-0.5680597822094331,-0.9319146749211574,1.4680093797625713,-0.12358065410923252,-1.1327325731668019
2008-05-13 03:50:00+00:00,ME01,2.0335617206510346,0.3455985415043447,6.991421573068147,1.8105124337418983,-0.5680597822094331,-0.9319146749211574,1.4680093797625713,-0.12358065410923252,-1.1327325731668019
2008-05-13 04:00:00+00:00,ME01,2.101209557552854,0.2634268227168832,4.909180758307957,2.141814748047046,-0.5654950507454805,-0.9398969329514993,1.5473612224293163,-0.12358065410923252,-1.1327325731668019
2008-05-13 04:10:00+00:00,ME01,2.166358389271881,0.1302945431303318,8.417870957809212,2.141814748047046,-0.5654950507454805,-0.9398969329514993,1.5473612224293163,-0.12358065410923252,-1.1327325731668019
2008-05-13 04:20:00+00:00,ME01,5.2631161384082725,3.242570624870881,11.51549042110114,2.141814748047046,-0.5654950507454805,-0.9398969329514993,1.5473612224293163,-0.12358065410923252,-1.1327325731668019
2008-05-13 04:30:00+00:00,ME01,2.005413668861272,-0.2301740735608819,7.829123297140637,2.141814748047046,-0.5654950507454805,-0.9398969329514993,1.5473612224293163,-0.12358065410923252,-1.1327325731668019
2008-05-13 04:40:00+00:00,ME01,1.9606895752767228,0.2882665550241163,4.327676674237997,2.141814748047046,-0.5654950507454805,-0.9398969329514993,1.5473612224293163,-0.12358065410923252,-1.1327325731668019
2008-05-13 04:50:00+00:00,ME01,2.422494776527323,0.3568659459982223,8.831735882870698,2.141814748047046,-0.5654950507454805,-0.9398969329514993,1.5473612224293163,-0.12358065410923252,-1.1327325731668019
2008-05-13 05:00:00+00:00,ME01,1.8704515612093529,-0.3984235387365316,6.892458640298177,1.8105124337418983,-0.42700654372497127,-0.8920042217766748,2.9756945840492515,-0.12358065410923252,-1.1327325731668019
2008-05-13 05:10:00+00:00,ME01,1.5281018768314476,-0.20781405837675482,3.085925336196031,1.8105124337418983,-0.42700654372497127,-0.8920042217766748,2.9756945840492515,-0.12358065410923252,-1.1327325731668019
2008-05-13 05:20:00+00:00,ME01,1.6015234024000586,0.0031261631033841527,1.6284751833463615,1.8105124337418983,-0.42700654372497127,-0.8920042217766748,2.9756945840492515,-0.12358065410923252,-1.1327325731668019
2008-05-13 05:30:00+00:00,ME01,1.0970748941476243,-0.23007628071345063,2.14352956016903,1.8105124337418983,-0.42700654372497127,-0.8920042217766748,2.9756945840492515,-0.12358065410923252,-1.1327325731668019
2008-05-13 05:40:00+00:00,ME01,1.877257843663232,0.004998153310665111,9.28452378018491,1.8105124337418983,-0.42700654372497127,-0.8920042217766748,2.9756945840492515,-0.12358065410923252,-1.1327325731668019
2008-05-13 05:50:00+00:00,ME01,1.2737908255122714,-0.2162575165814897,3.352566751183148,1.8105124337418983,-0.42700654372497127,-0.8920042217766748,2.9756945840492515,-0.12358065410923252,-1.1327325731668019
2008-05-13 06:00:00+00:00,ME01,0.841629753177046,-0.4512715320448349,4.484499883639391,2.4021776146422074,-0.17311076823780844,-0.8560843396426089,0.7538426021433402,-0.12358065410923252,-0.6178541308182554
2008-05-13 06:10:00+00:00,ME01,2.50862292581353,-0.19509120804104912,14.344423543884982,2.4021776146422074,-0.17311076823780844,-0.8560843396426089,0.7538426021433402,-0.12358065410923252,-0.6178541308182554
2008-05-13 06:20:00+00:00,ME01,2.7975232036614917,-0.2283617353247161,17.16250491696455,2.4021776146422074,-0.17311076823780844,-0.8560843396426089,0.7538426021433402,-0.12358065410923252,-0.6178541308182554
2008-05-13 06:30:00+00:00,ME01,3.022752112197223,-0.3758975710210441,17.576520340866207,2.4021776146422074,-0.17311076823780844,-0.8560843396426089,0.7538426021433402,-0.12358065410923252,-0.6178541308182554
2008-05-13 06:40:00+00:00,ME01,3.5920163553392968,-0.08944031918702583,18.290836007248302,2.4021776146422074,-0.17311076823780844,-0.8560843396426089,0.7538426021433402,-0.12358065410923252,-0.6178541308182554
2008-05-13 06:50:00+00:00,ME01,3.968282323441118,-0.10231199737155473,21.84088673300166,2.4021776146422074,-0.17311076823780844,-0.8560843396426089,0.7538426021433402,-0.12358065410923252,-0.6178541308182554
2008-05-13 07:00:00+00:00,ME01,2.9496515578204376,-0.3674129873374876,18.275024170559934,2.7098020015867084,-0.2231204770036208,-0.844111231599505,2.023472278429786,-0.12358065410923252,-0.6178541308182554
2008-05-13 07:10:00+00:00,ME01,3.9664387774684378,1.4173122689600608,21.712094445684997,2.7098020015867084,-0.2231204770036208,-0.844111231599505,2.023472278429786,-0.12358065410923252,-0.6178541308182554
2008-05-13 07:20:00+00:00,ME01,3.6112785977410526,0.3510307635644341,20.39277845370113,2.7098020015867084,-0.2231204770036208,-0.844111231599505,2.023472278429786,-0.12358065410923252,-0.6178541308182554
2008-05-13 07:30:00+00:00,ME01,4.553947869920672,0.47405120117960814,23.804657261626893,2.7098020015867084,-0.2231204770036208,-0.844111231599505,2.023472278429786,-0.12358065410923252,-0.6178541308182554
2008-05-13 07:40:00+00:00,ME01,4.553234991163257,-0.1298929594728731,24.68475337389411,2.7098020015867084,-0.2231204770036208,-0.844111231599505,2.023472278429786,-0.12358065410923252,-0.6178541308182554
2008-05-13 07:50:00+00:00,ME01,3.682500563596258,0.11603576816883648,22.431582435049567,2.7098020015867084,-0.2231204770036208,-0.844111231599505,2.023472278429786,-0.12358065410923252,-0.6178541308182554
2008-05-13 08:00:00+00:00,ME01,3.866576776306831,0.19522078388619749,22.50985378223827,2.023519445615767,0.07950277597954925,-0.7962185204247123,1.9044445144296684,-0.12358065410923252,-0.6178541308182554
2008-05-13 08:10:00+00:00,ME01,3.892052238667188,-0.21610694034801223,24.65712155867951,2.023519445615767,0.07950277597954925,-0.7962185204247123,1.9044445144296684,-0.12358065410923252,-0.6178541308182554
2008-05-13 08:20:00+00:00,ME01,4.690876771447194,-0.268121655420549,28.782502282941408,2.023519445615767,0.07950277597954925,-0.7962185204247123,1.9044445144296684,-0.12358065410923252,-0.6178541308182554
2008-05-13 08:30:00+00:00,ME01,2.1698413903300042,-0.22946075262590124,12.419414587460174,2.023519445615767,0.07950277597954925,-0.7962185204247123,1.9044445144296684,-0.12358065410923252,-0.6178541308182554
2008-05-13 08:40:00+00:00,ME01,2.359952219129095,22.2940550873404,13.40451547243482,2.023519445615767,0.07950277597954925,-0.7962185204247123,1.9044445144296684,-0.12358065410923252,-0.6178541308182554
2008-05-13 08:50:00+00:00,ME01,2.013173262640192,-0.348533042046965,9.219838153233741,2.023519445615767,0.07950277597954925,-0.7962185204247123,1.9044445144296684,-0.12358065410923252,-0.6178541308182554
2008-05-13 09:00:00+00:00,ME01,1.3433210092096997,-0.340083689288815,5.089251628127151,2.1654926754076933,-0.0833497387133074,-0.9638434280400842,2.459907509906146,-0.12358065410923252,-0.6178541308182554
2008-05-13 09:10:00+00:00,ME01,18.96535331003061,4.84489545423912,3.7488598658048975,2.1654926754076933,-0.0833497387133074,-0.9638434280400842,2.459907509906146,-0.12358065410923252,-0.6178541308182554
2008-05-13 09:20:00+00:00,ME01,133.01911440996392,45.87733525117831,3.7530091739368943,2.1654926754076933,-0.0833497387133074,-0.9638434280400842,2.459907509906146,-0.12358065410923252,-0.6178541308182554
2008-05-13 09:30:00+00:00,ME01,35.9978994630336,9.830383152813019,2.333347449642291,2.1654926754076933,-0.0833497387133074,-0.9638434280400842,2.459907509906146,-0.12358065410923252,-0.6178541308182554
2008-05-13 09:40:00+00:00,ME01,46.66911917120947,5.427792269283413,3.055645924803105,2.1654926754076933,-0.0833497387133074,-0.9638434280400842,2.459907509906146,-0.12358065410923252,-0.6178541308182554
2008-05-13 09:50:00+00:00,ME01,69.55639007054867,22.392574846999473,5.499321863995866,2.1654926754076933,-0.0833497387133074,-0.9638434280400842,2.459907509906146,-0.12358065410923252,-0.6178541308182554
2008-05-13 10:00:00+00:00,ME01,143.40926370185227,39.58297963329413,7.879461878893231,1.99984151825512,0.046162880494226566,-0.9119593088477435,4.3643520243358145,-0.12358065410923252,-0.6178541308182554
2008-05-13 10:10:00+00:00,ME01,27.039543124237756,5.724451774896217,6.179617406467922,1.99984151825512,0.046162880494226566,-0.9119593088477435,4.3643520243358145,-0.12358065410923252,-0.6178541308182554
2008-05-13 10:20:00+00:00,ME01,18.49628658457086,-0.04108293051134593,5.688946336722901,1.99984151825512,0.046162880494226566,-0.9119593088477435,4.3643520243358145,-0.12358065410923252,-0.6178541308182554
2008-05-13 10:30:00+00:00,ME01,9.978988422782288,0.10224851401090958,3.5570748445789238,1.99984151825512,0.046162880494226566,-0.9119593088477435,4.3643520243358145,-0.12358065410923252,-0.6178541308182554
2008-05-13 10:40:00+00:00,ME01,8.275511093412682,0.12965164455008038,2.55409226533218,1.99984151825512,0.046162880494226566,-0.9119593088477435,4.3643520243358145,-0.12358065410923252,-0.6178541308182554
2008-05-13 10:50:00+00:00,ME01,8.991813099692378,0.13601496567106655,1.9055517088978022,1.99984151825512,0.046162880494226566,-0.9119593088477435,4.3643520243358145,-0.12358065410923252,-0.6178541308182554
2008-05-13 11:00:00+00:00,ME01,83.01087484853522,21.038621086224598,3.1059559366743756,2.4021776146422074,-0.13592391001872856,-1.023709526260358,3.1740741907161136,-0.12358065410923252,-0.6178541308182554
2008-05-13 11:10:00+00:00,ME01,7.893899206379934,0.07797285400902228,1.3610428086978525,2.4021776146422074,-0.13592391001872856,-1.023709526260358,3.1740741907161136,-0.12358065410923252,-0.6178541308182554
2008-05-13 11:20:00+00:00,ME01,18.750219935560363,4.7196309267181595,0.5816407534377485,2.4021776146422074,-0.13592391001872856,-1.023709526260358,3.1740741907161136,-0.12358065410923252,-0.6178541308182554
2008-05-13 11:30:00+00:00,ME01,7.310577739961628,2.1633244439809167,0.038764069893119854,2.4021776146422074,-0.13592391001872856,-1.023709526260358,3.1740741907161136,-0.12358065410923252,-0.6178541308182554
2008-05-13 11:40:00+00:00,ME01,6.827669989551609,8.688432890310944,0.6423842733286368,2.4021776146422074,-0.13592391001872856,-1.023709526260358,3.1740741907161136,-0.12358065410923252,-0.6178541308182554
2008-05-13 11:50:00+00:00,ME01,55.96289320246902,13.295317217155295,0.4662924909477519,2.4021776146422074,-0.13592391001872856,-1.023709526260358,3.1740741907161136,-0.12358065410923252,-0.6178541308182554
2008-05-13 12:00:00+00:00,ME01,6.884887376951407,-0.01807486287823085,1.65500667727352,1.7868345063812512,-0.29364723070802384,-1.055638000376876,0.27773154614287077,2.009227039281567,-0.10297568846970924
2008-05-13 12:10:00+00:00,ME01,179.05950594516685,60.13090762764654,2.9293946741381385,1.7868345063812512,-0.29364723070802384,-1.055638000376876,0.27773154614287077,2.009227039281567,-0.10297568846970924
2008-05-13 12:20:00+00:00,ME01,6.08679976484612,-0.005968033610309936,1.569523053784471,1.7868345063812512,-0.29364723070802384,-1.055638000376876,0.27773154614287077,2.009227039281567,-0.10297568846970924
2008-05-13 12:30:00+00:00,ME01,6.480881865331571,-0.3299032551419155,1.6423179798308223,1.7868345063812512,-0.29364723070802384,-1.055638000376876,0.27773154614287077,2.009227039281567,-0.10297568846970924
2008-05-13 12:40:00+00:00,ME01,6.0459956833993225,2.435908042647522,2.075739617605031,1.7868345063812512,-0.29364723070802384,-1.055638000376876,0.27773154614287077,2.009227039281567,-0.10297568846970924
2008-05-13 12:50:00+00:00,ME01,6.586912639389169,-0.04999081937741514,0.4040969452687992,1.7868345063812512,-0.29364723070802384,-1.055638000376876,0.27773154614287077,2.009227039281567,-0.10297568846970924
2008-05-13 13:00:00+00:00,ME01,6.418207035698977,-0.13269163968722902,0.2275233495396679,1.7868345063812512,-0.29364723070802384,-1.055638000376876,0.27773154614287077,2.009227039281567,-0.10297568846970924
2008-05-13 13:10:00+00:00,ME01,6.199569643710543,-0.12605195145054388,0.6987013152615971,1.7868345063812512,-0.29364723070802384,-1.055638000376876,0.27773154614287077,2.009227039281567,-0.10297568846970924
2008-05-13 13:20:00+00:00,ME01,105.90932649363073,34.47439995842245,1.977103134062462,1.7868345063812512,-0.29364723070802384,-1.055638000376876,0.27773154614287077,2.009227039281567,-0.10297568846970924
2008-05-13 13:30:00+00:00,ME01,6.298214969512739,0.8730277142130499,0.5548136736862704,1.7868345063812512,-0.29364723070802384,-1.055638000376876,0.27773154614287077,2.009227039281567,-0.10297568846970924
2008-05-13 13:40:00+00:00,ME01,6.981013994528279,11.535847267374423,0.33414331190137453,1.7868345063812512,-0.29364723070802384,-1.055638000376876,0.27773154614287077,2.009227039281567,-0.10297568846970924
2008-05-13 13:50:00+00:00,ME01,13.179340483623184,1.6203084288362763,0.8488403501118574,1.7868345063812512,-0.29364723070802384,-1.055638000376876,0.27773154614287077,2.009227039281567,-0.10297568846970924
2008-05-13 14:00:00+00:00,ME01,6.248952113580895,-0.025465252877816532,0.6663175542803931,1.99984151825512,-0.4359827004622898,-1.203307541918802,4.919815019812292,-0.12358065410923252,-0.10297568846970924
2008-05-13 14:10:00+00:00,ME01,6.003251618864328,1.3861002292108744,0.45030618489273366,1.99984151825512,-0.4359827004622898,-1.203307541918802,4.919815019812292,-0.12358065410923252,-0.10297568846970924
2008-05-13 14:20:00+00:00,ME01,6.0413136244819015,-0.2401684786165884,0.34289231146051014,1.99984151825512,-0.4359827004622898,-1.203307541918802,4.919815019812292,-0.12358065410923252,-0.10297568846970924
2008-05-13 14:30:00+00:00,ME01,6.066469113773529,4.149192019266279,0.20471639453686552,1.99984151825512,-0.4359827004622898,-1.203307541918802,4.919815019812292,-0.12358065410923252,-0.10297568846970924
2008-05-13 14:40:00+00:00,ME01,6.327892920356008,0.0403307021129386,-0.16478218921844232,1.99984151825512,-0.4359827004622898,-1.203307541918802,4.919815019812292,-0.12358065410923252,-0.10297568846970924
2008-05-13 14:50:00+00:00,ME01,5.835025067120874,-0.23312132928120338,0.5139572292244636,1.99984151825512,-0.4359827004622898,-1.203307541918802,4.919815019812292,-0.12358065410923252,-0.10297568846970924
2008-05-13 15:00:00+00:00,ME01,5.353527444713593,-0.15985103296289133,0.24029444315680096,1.0531960956890158,-0.5090739167063016,-1.0755933664503217,-0.31740737066697966,-0.12358065410923252,-0.10297568846970924
2008-05-13 15:10:00+00:00,ME01,5.276267335185412,-0.19596595049755705,0.2231807100962492,1.0531960956890158,-0.5090739167063016,-1.0755933664503217,-0.31740737066697966,-0.12358065410923252,-0.10297568846970924
2008-05-13 15:20:00+00:00,ME01,4.383067178547067,-0.25011028589580736,0.2803602673744139,1.0531960956890158,-0.5090739167063016,-1.0755933664503217,-0.31740737066697966,-0.12358065410923252,-0.10297568846970924
2008-05-13 15:30:00+00:00,ME01,4.22587866687383,-0.34301733845041255,0.14682671955278886,1.0531960956890158,-0.5090739167063016,-1.0755933664503217,-0.31740737066697966,-0.12358065410923252,-0.10297568846970924
2008-05-13 15:40:00+00:00,ME01,3.9235223204100627,-0.17959562153994976,0.8802246770686428,1.0531960956890158,-0.5090739167063016,-1.0755933664503217,-0.31740737066697966,-0.12358065410923252,-0.10297568846970924
2008-05-13 15:50:00+00:00,ME01,3.6383540297076644,10.91172287284165,1.1116957311784263,1.0531960956890158,-0.5090739167063016,-1.0755933664503217,-0.31740737066697966,-0.12358065410923252,-0.10297568846970924
2008-05-13 16:00:00+00:00,ME01,3.840574719698758,-0.20331112962044867,0.2216535779619834,1.4081763373548106,-0.5885765582236795,-1.0955487325237356,0.11902776400011736,0.9428231925861671,-0.10297568846970924
2008-05-13 16:10:00+00:00,ME01,3.761247030990115,-0.22924629588424808,0.4209738425476623,1.4081763373548106,-0.5885765582236795,-1.0955487325237356,0.11902776400011736,0.9428231925861671,-0.10297568846970924
2008-05-13 16:20:00+00:00,ME01,3.5699688117860235,0.02622096829432875,0.08417153386388311,1.4081763373548106,-0.5885765582236795,-1.0955487325237356,0.11902776400011736,0.9428231925861671,-0.10297568846970924
2008-05-13 16:30:00+00:00,ME01,3.519181627359347,0.2656839635117203,0.0173554277577247,1.4081763373548106,-0.5885765582236795,-1.0955487325237356,0.11902776400011736,0.9428231925861671,-0.10297568846970924
2008-05-13 16:40:00+00:00,ME01,3.4867425517719455,-0.16961770221373004,0.0028370103914923677,1.4081763373548106,-0.5885765582236795,-1.0955487325237356,0.11902776400011736,0.9428231925861671,-0.10297568846970924
2008-05-13 16:50:00+00:00,ME01,3.1911032545777784,-0.042453385866959355,0.18077260265567652,1.4081763373548106,-0.5885765582236795,-1.0955487325237356,0.11902776400011736,0.9428231925861671,-0.10297568846970924
2008-05-13 17:00:00+00:00,ME01,3.281733238434762,0.14776971039347042,0.5250754488708775,1.4081763373548106,-0.6167872597054408,-1.0396737633186328,2.8963427413825067,3.0756308859769663,-0.10297568846970924
2008-05-13 17:10:00+00:00,ME01,3.1000559363967835,0.06272433005978535,0.23216261391311802,1.4081763373548106,-0.6167872597054408,-1.0396737633186328,2.8963427413825067,3.0756308859769663,-0.10297568846970924
2008-05-13 17:20:00+00:00,ME01,2.9999933929262377,-0.017345551443473935,0.725566877698522,1.4081763373548106,-0.6167872597054408,-1.0396737633186328,2.8963427413825067,3.0756308859769663,-0.10297568846970924
2008-05-13 17:30:00+00:00,ME01,3.261863314492047,-0.16809051308717718,0.09456987239487112,1.4081763373548106,-0.6167872597054408,-1.0396737633186328,2.8963427413825067,3.0756308859769663,-0.10297568846970924
2008-05-13 17:40:00+00:00,ME01,3.1625174356587653,3.881600943981744,0.08794666854696424,1.4081763373548106,-0.6167872597054408,-1.0396737633186328,2.8963427413825067,3.0756308859769663,-0.10297568846970924
2008-05-13 17:50:00+00:00,ME01,3.2234168102766105,5.066161154846279,0.7389412531482439,1.4081763373548106,-0.6167872597054408,-1.0396737633186328,2.8963427413825067,3.0756308859769663,-0.10297568846970924
2008-05-13 18:00:00+00:00,ME01,2.8119058070932113,2.3299331300509762,-0.23678159357782252,1.218847252841589,-0.6244809162486115,-0.8959950717894686,0.9125463842860935,9.474053966149365,0.41190275387883696
2008-05-13 18:10:00+00:00,ME01,2.856677765686153,1.6697078495427986,0.3185461712708007,1.218847252841589,-0.6244809162486115,-0.8959950717894686,0.9125463842860935,9.474053966149365,0.41190275387883696
2008-05-13 18:20:00+00:00,ME01,2.872148699287199,0.7141975284142834,0.09731849944692669,1.218847252841589,-0.6244809162486115,-0.8959950717894686,0.9125463842860935,9.474053966149365,0.41190275387883696
2008-05-13 18:30:00+00:00,ME01,2.826096290991977,7.634980552574789,0.03285365975874783,1.218847252841589,-0.6244809162486115,-0.8959950717894686,0.9125463842860935,9.474053966149365,0.41190275387883696
2008-05-13 18:40:00+00:00,ME01,2.9252206377218797,6.765656271965915,-0.25622156728946505,1.218847252841589,-0.6244809162486115,-0.8959950717894686,0.9125463842860935,9.474053966149365,0.41190275387883696
2008-05-13 18:50:00+00:00,ME01,2.9825133827906263,2.6525099177866074,-0.33354190673874934,1.218847252841589,-0.6244809162486115,-0.8959950717894686,0.9125463842860935,9.474053966149365,0.41190275387883696
2008-05-13 19:00:00+00:00,ME01,3.2338983133288806,-0.02737086076834805,-0.5471075628157503,1.0295181683283687,-0.5872943269538753,-0.7802542833664374,1.7854167504295508,13.206467429583265,0.41190275387883696
2008-05-13 19:10:00+00:00,ME01,2.8776308476521106,0.13848995087923474,-0.27148431765583,1.0295181683283687,-0.5872943269538753,-0.7802542833664374,1.7854167504295508,13.206467429583265,0.41190275387883696
2008-05-13 19:20:00+00:00,ME01,2.5930346553254586,4.086756020686038,-0.5241298116889699,1.0295181683283687,-0.5872943269538753,-0.7802542833664374,1.7854167504295508,13.206467429583265,0.41190275387883696
2008-05-13 19:30:00+00:00,ME01,2.3827115952510396,4.057579549457308,-0.728636036675237,1.0295181683283687,-0.5872943269538753,-0.7802542833664374,1.7854167504295508,13.206467429583265,0.41190275387883696
2008-05-13 19:40:00+00:00,ME01,2.4947152852969623,1.5285820217894752,-0.21727015362496468,1.0295181683283687,-0.5872943269538753,-0.7802542833664374,1.7854167504295508,13.206467429583265,0.41190275387883696
2008-05-13 19:50:00+00:00,ME01,2.7610652055389835,2.5349992105169536,0.13380948319183594,1.0295181683283687,-0.5872943269538753,-0.7802542833664374,1.7854167504295508,13.206467429583265,0.41190275387883696
2008-05-13 20:00:00+00:00,ME01,2.572058551517356,0.41193468167646075,-0.29728948747580486,1.763156579020604,-0.5347198867241104,-0.6764863239841648,0.7141666808099677,0.9428231925861671,0.41190275387883696
2008-05-13 20:10:00+00:00,ME01,2.1418224325962463,0.8884402635888532,-0.27436368631310093,1.763156579020604,-0.5347198867241104,-0.6764863239841648,0.7141666808099677,0.9428231925861671,0.41190275387883696
2008-05-13 20:20:00+00:00,ME01,2.327622648552847,0.2847020618165751,-0.03823420727652459,1.763156579020604,-0.5347198867241104,-0.6764863239841648,0.7141666808099677,0.9428231925861671,0.41190275387883696
2008-05-13 20:30:00+00:00,ME01,2.3132114777516697,0.46751799782841,-0.21863774754660195,1.763156579020604,-0.5347198867241104,-0.6764863239841648,0.7141666808099677,0.9428231925861671,0.41190275387883696
2008-05-13 20:40:00+00:00,ME01,3.6149202735225052,1.021431160987426,2.526344423671273,1.763156579020604,-0.5347198867241104,-0.6764863239841648,0.7141666808099677,0.9428231925861671,0.41190275387883696
2008-05-13 20:50:00+00:00,ME01,2.6577760451466452,0.5980945156568775,3.2509145057259072,1.763156579020604,-0.5347198867241104,-0.6764863239841648,0.7141666808099677,0.9428231925861671,0.41190275387883696
2008-05-13 21:00:00+00:00,ME01,2.4777407979712565,0.6622889186213456,5.187711306519434,1.621183349228678,-0.5642128194756758,-0.6645132159410609,0.35708338880961554,0.40962126923846737,0.41190275387883696
2008-05-13 21:10:00+00:00,ME01,2.3987122914018015,1.0513996580894605,3.0729089562197465,1.621183349228678,-0.5642128194756758,-0.6645132159410609,0.35708338880961554,0.40962126923846737,0.41190275387883696
2008-05-13 21:20:00+00:00,ME01,44.24904529150627,11.514815306571865,2.3476511042956862,1.621183349228678,-0.5642128194756758,-0.6645132159410609,0.35708338880961554,0.40962126923846737,0.41190275387883696
2008-05-13 21:30:00+00:00,ME01,4.806312556750104,1.6332591515819688,0.6989403858906742,1.621183349228678,-0.5642128194756758,-0.6645132159410609,0.35708338880961554,0.40962126923846737,0.41190275387883696
2008-05-13 21:40:00+00:00,ME01,2.4511778307910546,1.4320192607296827,0.22499329460281436,1.621183349228678,-0.5642128194756758,-0.6645132159410609,0.35708338880961554,0.40962126923846737,0.41190275387883696
2008-05-13 21:50:00+00:00,ME01,2.0347105688497678,1.153128709222936,0.7790311481605882,1.621183349228678,-0.5642128194756758,-0.6645132159410609,0.35708338880961554,0.40962126923846737,0.41190275387883696
2008-05-13 22:00:00+00:00,ME01,2.331049085843473,0.2940641643491386,2.6701327746682293,1.9761635908944728,-0.5654950507454805,-0.7363524222044385,-0.6744907594765952,-0.12358065410923252,0.41190275387883696
2008-05-13 22:10:00+00:00,ME01,1.981158444656362,-0.04825114054400193,2.2054297466374586,1.9761635908944728,-0.5654950507454805,-0.7363524222044385,-0.6744907594765952,-0.12358065410923252,0.41190275387883696
2008-05-13 22:20:00+00:00,ME01,1.7911618455626053,-0.11256409754144361,1.344931777804966,1.9761635908944728,-0.5654950507454805,-0.7363524222044385,-0.6744907594765952,-0.12358065410923252,0.41190275387883696
2008-05-13 22:30:00+00:00,ME01,1.9612986894385331,0.2695526011702149,1.617492639187243,1.9761635908944728,-0.5654950507454805,-0.7363524222044385,-0.6744907594765952,-0.12358065410923252,0.41190275387883696
2008-05-13 22:40:00+00:00,ME01,1.6316554388389224,0.19147306382343077,1.617969442494005,1.9761635908944728,-0.5654950507454805,-0.7363524222044385,-0.6744907594765952,-0.12358065410923252,0.41190275387883696
2008-05-13 22:50:00+00:00,ME01,1.7478040734315987,0.9661257387653431,1.3411853729376324,1.9761635908944728,-0.5654950507454805,-0.7363524222044385,-0.6744907594765952,-0.12358065410923252,0.41190275387883696
2008-05-13 23:00:00+00:00,ME01,1.7783095318833495,1.0378558242971005,-0.7574888925375178,1.99984151825512,-0.5808826327561656,-0.8959950717894686,-0.6744907594765952,-0.12358065410923252,0.41190275387883696
2008-05-13 23:10:00+00:00,ME01,1.5866861422983036,0.2145694252742969,-0.3929737127851888,1.99984151825512,-0.5808826327561656,-0.8959950717894686,-0.6744907594765952,-0.12358065410923252,0.41190275387883696
2008-05-13 23:20:00+00:00,ME01,1.3493239811705913,-0.16598962017792646,0.7058165765479135,1.99984151825512,-0.5808826327561656,-0.8959950717894686,-0.6744907594765952,-0.12358065410923252,0.41190275387883696
2008-05-13 23:30:00+00:00,ME01,1.2967538944407642,0.12129181493833661,1.047184051043175,1.99984151825512,-0.5808826327561656,-0.8959950717894686,-0.6744907594765952,-0.12358065410923252,0.41190275387883696
2008-05-13 23:40:00+00:00,ME01,1.1423611345211,-0.07444664838815815,0.6029936333501419,1.99984151825512,-0.5808826327561656,-0.8959950717894686,-0.6744907594765952,-0.12358065410923252,0.41190275387883696
2008-05-13 23:50:00+00:00,ME01,1.1331676880654598,-0.04026390230595954,-0.19473176306565276,1.99984151825512,-0.5808826327561656,-0.8959950717894686,-0.6744907594765952,-0.12358065410923252,0.41190275387883696
