time,station,S_log_scaled,T_log_scaled,Y_log_scaled,CO2_3_scaled,AirTemp_3_scaled,Patm_3_scaled,WindSpeed_scaled,Rain_scaled,CO2_SO2_scaled
2008-04-12 00:00:00+00:00,ME02,-0.025002757602734866,-0.974587969314941,-0.19641627983324123,-1.4453853516123818,0.3274289220126321,-2.112276845302056,-0.6744907594765952,-0.10264043637505327,1.1854686075649248
2008-04-12 00:10:00+00:00,ME02,-0.023545871630624535,-0.11747889696770214,-0.2287546297279031,-1.4453853516123818,0.3274289220126321,-2.112276845302056,-0.6744907594765952,-0.10264043637505327,1.1854686075649248
2008-04-12 00:20:00+00:00,ME02,-0.023237297489540863,-1.035856379362064,-0.0869982348564257,-1.4453853516123818,0.3274289220126321,-2.112276845302056,-0.6744907594765952,-0.10264043637505327,1.1854686075649248
2008-04-12 00:30:00+00:00,ME02,-0.02208229954117948,0.28350285052162866,-0.22282896347651526,-1.4453853516123818,0.3274289220126321,-2.112276845302056,-0.6744907594765952,-0.10264043637505327,1.1854686075649248
2008-04-12 00:40:00+00:00,ME02,-0.024661794155032776,-0.03256997976224485,-0.1438266246338197,-1.4453853516123818,0.3274289220126321,-2.112276845302056,-0.6744907594765952,-0.10264043637505327,1.1854686075649248
2008-04-12 00:50:00+00:00,ME02,0.11251490266369897,0.9485976135424596,-0.17427117541858295,-1.4453853516123818,0.3274289220126321,-2.112276845302056,-0.6744907594765952,-0.10264043637505327,1.1854686075649248
2008-04-12 01:00:00+00:00,ME02,-0.022671650876898417,-0.2218879129065159,-0.26346502029918656,-1.830808642741865,1.632078025529748,-2.1461070157200286,-0.33724532830837683,-0.10264043637505327,1.1854686075649248
2008-04-12 01:10:00+00:00,ME02,-0.023022899367121888,-1.0174036928271513,-0.225922915977905,-1.830808642741865,1.632078025529748,-2.1461070157200286,-0.33724532830837683,-0.10264043637505327,1.1854686075649248
2008-04-12 01:20:00+00:00,ME02,-0.02156189435995299,-0.1264176018397091,-0.25566907405473455,-1.830808642741865,1.632078025529748,-2.1461070157200286,-0.33724532830837683,-0.10264043637505327,1.1854686075649248
2008-04-12 01:30:00+00:00,ME02,-0.02405631763796712,-0.04973093797453993,-0.231091955651244,-1.830808642741865,1.632078025529748,-2.1461070157200286,-0.33724532830837683,-0.10264043637505327,1.1854686075649248
2008-04-12 01:40:00+00:00,ME02,-0.020787539336850964,0.025716044306716146,-0.06902992035786441,-1.830808642741865,1.632078025529748,-2.1461070157200286,-0.33724532830837683,-0.10264043637505327,1.1854686075649248
2008-04-12 01:50:00+00:00,ME02,-0.020561950452569283,0.3679457188701453,-0.14486759487078577,-1.830808642741865,1.632078025529748,-2.1461070157200286,-0.33724532830837683,-0.10264043637505327,1.1854686075649248
2008-04-12 02:00:00+00:00,ME02,-0.02177531095842665,0.2996759778354391,-0.23236248563111994,-1.469438299900358,0.6808240565537916,-2.239140132179534,-0.6744907594765952,-0.10264043637505327,1.1854686075649248
2008-04-12 02:10:00+00:00,ME02,-0.022224258388752385,0.0681431457732472,-0.18891553801001418,-1.469438299900358,0.6808240565537916,-2.239140132179534,-0.6744907594765952,-0.10264043637505327,1.1854686075649248
2008-04-12 02:20:00+00:00,ME02,-0.021215157558314397,-0.6099184336152366,-0.017666586878910612,-1.469438299900358,0.6808240565537916,-2.239140132179534,-0.6744907594765952,-0.10264043637505327,1.1854686075649248
2008-04-12 02:30:00+00:00,ME02,-0.022573479610866143,-0.03448169946432597,0.24625680239063732,-1.469438299900358,0.6808240565537916,-2.239140132179534,-0.6744907594765952,-0.10264043637505327,1.1854686075649248
2008-04-12 02:40:00+00:00,ME02,-0.020555019747065164,-0.12619361304754323,-0.12179798545580561,-1.469438299900358,0.6808240565537916,-2.239140132179534,-0.6744907594765952,-0.10264043637505327,1.1854686075649248
2008-04-12 02:50:00+00:00,ME02,-0.022845323594107222,0.33259882570517596,-0.2028480896781596,-1.469438299900358,0.6808240565537916,-2.239140132179534,-0.6744907594765952,-0.10264043637505327,1.1854686075649248
2008-04-12 03:00:00+00:00,ME02,-0.024124569601484114,-0.9483320303976427,-0.23083671663182506,-1.6380969971771233,0.7732896891615927,-2.2983430782210665,-0.6744907594765952,-0.10264043637505327,1.1854686075649248
2008-04-12 03:10:00+00:00,ME02,-0.02527135531704537,-0.8477269873386566,-0.1605195815929929,-1.6380969971771233,0.7732896891615927,-2.2983430782210665,-0.6744907594765952,-0.10264043637505327,1.1854686075649248
2008-04-12 03:20:00+00:00,ME02,-0.022196983398251324,-0.8151719114540212,-0.22040342378289085,-1.6380969971771233,0.7732896891615927,-2.2983430782210665,-0.6744907594765952,-0.10264043637505327,1.1854686075649248
2008-04-12 03:30:00+00:00,ME02,-0.022136509087085768,-0.33553149670703336,-0.27365156922624295,-1.6380969971771233,0.7732896891615927,-2.2983430782210665,-0.6744907594765952,-0.10264043637505327,1.1854686075649248
2008-04-12 03:40:00+00:00,ME02,-0.019789824716721444,-0.19157386620273542,-0.12435338193655841,-1.6380969971771233,0.7732896891615927,-2.2983430782210665,-0.6744907594765952,-0.10264043637505327,1.1854686075649248
2008-04-12 03:50:00+00:00,ME02,-0.02283501897986211,0.5081414405089067,-0.2361998229484253,-1.6380969971771233,0.7732896891615927,-2.2983430782210665,-0.6744907594765952,-0.10264043637505327,1.1854686075649248
2008-04-12 04:00:00+00:00,ME02,-0.02184011206334243,-0.6859142719939283,-0.34042419995064527,-1.6621499454650994,0.5427594287869929,-2.2898856834265864,-0.6744907594765952,-0.10264043637505327,1.1854686075649248
2008-04-12 04:10:00+00:00,ME02,-0.022637208910571815,-0.0647184306724963,-0.18887413028981037,-1.6621499454650994,0.5427594287869929,-2.2898856834265864,-0.6744907594765952,-0.10264043637505327,1.1854686075649248
2008-04-12 04:20:00+00:00,ME02,-0.024357464117736132,-1.0240805467146132,-0.2712390783433111,-1.6621499454650994,0.5427594287869929,-2.2898856834265864,-0.6744907594765952,-0.10264043637505327,1.1854686075649248
2008-04-12 04:30:00+00:00,ME02,-0.023684094186896713,-0.16503289433460155,-0.2578108253961055,-1.6621499454650994,0.5427594287869929,-2.2898856834265864,-0.6744907594765952,-0.10264043637505327,1.1854686075649248
2008-04-12 04:40:00+00:00,ME02,-0.022730996943386816,0.20167438173118415,-0.16606290162079754,-1.6621499454650994,0.5427594287869929,-2.2898856834265864,-0.6744907594765952,-0.10264043637505327,1.1854686075649248
2008-04-12 04:50:00+00:00,ME02,-0.02389093360144775,0.6301571863810341,-0.6657839088571573,-1.6621499454650994,0.5427594287869929,-2.2898856834265864,-0.6744907594765952,-0.10264043637505327,1.1854686075649248
2008-04-12 05:00:00+00:00,ME02,-0.029622586227744944,-0.5853037263761681,-0.9539228242309605,-1.0599620604828994,0.3084291636019026,-2.353317179055321,-0.6744907594765952,-0.10264043637505327,1.1854686075649248
2008-04-12 05:10:00+00:00,ME02,0.10411668207365551,22.806100488805384,4.259247844102619,-1.0599620604828994,0.3084291636019026,-2.353317179055321,-0.6744907594765952,-0.10264043637505327,1.1854686075649248
2008-04-12 05:20:00+00:00,ME02,-0.021268651205168916,0.7933793482927308,-0.5614369026185122,-1.0599620604828994,0.3084291636019026,-2.353317179055321,-0.6744907594765952,-0.10264043637505327,1.1854686075649248
2008-04-12 05:30:00+00:00,ME02,0.08799049619755156,8.753973439879324,26.921567986056353,-1.0599620604828994,0.3084291636019026,-2.353317179055321,-0.6744907594765952,-0.10264043637505327,1.1854686075649248
2008-04-12 05:40:00+00:00,ME02,-0.024799277165720526,0.21334084972925013,-0.6637833288168095,-1.0599620604828994,0.3084291636019026,-2.353317179055321,-0.6744907594765952,-0.10264043637505327,1.1854686075649248
2008-04-12 05:50:00+00:00,ME02,-0.025399904732931567,-0.09325677458746384,-0.6312847696335283,-1.0599620604828994,0.3084291636019026,-2.353317179055321,-0.6744907594765952,-0.10264043637505327,1.1854686075649248
2008-04-12 06:00:00+00:00,ME02,0.19835752406836263,23.72424464071778,25.80333815440025,-1.469438299900358,0.6174916170652666,-1.9938709532190242,-0.6744907594765952,-0.10264043637505327,0.7766863290942612
2008-04-12 06:10:00+00:00,ME02,67.10779934405598,2154.831364163544,1196.836482602055,-1.469438299900358,0.6174916170652666,-1.9938709532190242,-0.6744907594765952,-0.10264043637505327,0.7766863290942612
2008-04-12 06:20:00+00:00,ME02,-0.027841099606561923,-0.8454014207526763,-0.8201371241470282,-1.469438299900358,0.6174916170652666,-1.9938709532190242,-0.6744907594765952,-0.10264043637505327,0.7766863290942612
2008-04-12 06:30:00+00:00,ME02,-0.026507900318994474,0.35122301347640666,-0.8459312021086475,-1.469438299900358,0.6174916170652666,-1.9938709532190242,-0.6744907594765952,-0.10264043637505327,0.7766863290942612
2008-04-12 06:40:00+00:00,ME02,-0.02364262320804296,0.3299514969247472,-0.5192953249933969,-1.469438299900358,0.6174916170652666,-1.9938709532190242,-0.6744907594765952,-0.10264043637505327,0.7766863290942612
2008-04-12 06:50:00+00:00,ME02,-0.024917657515956745,0.05636795109075474,-0.37159381982612455,-1.469438299900358,0.6174916170652666,-1.9938709532190242,-0.6744907594765952,-0.10264043637505327,0.7766863290942612
2008-04-12 07:00:00+00:00,ME02,-0.023224328691903672,-0.1679346268580989,-0.1432284602777423,-1.4935392580651563,1.5586121513326765,-1.7951181846782118,-0.6744907594765952,-0.10264043637505327,0.7766863290942612
2008-04-12 07:10:00+00:00,ME02,-0.02174739573889161,-0.48604906939888687,-0.044737214355820454,-1.4935392580651563,1.5586121513326765,-1.7951181846782118,-0.6744907594765952,-0.10264043637505327,0.7766863290942612
2008-04-12 07:20:00+00:00,ME02,-0.017774641554833867,0.2730046386110689,0.3890046648469213,-1.4935392580651563,1.5586121513326765,-1.7951181846782118,-0.6744907594765952,-0.10264043637505327,0.7766863290942612
2008-04-12 07:30:00+00:00,ME02,-0.011916464011649405,1.2829694851060636,1.0701289080240803,-1.4935392580651563,1.5586121513326765,-1.7951181846782118,-0.6744907594765952,-0.10264043637505327,0.7766863290942612
2008-04-12 07:40:00+00:00,ME02,-0.011790581199554968,0.42129847061919584,0.9982324087951319,-1.4935392580651563,1.5586121513326765,-1.7951181846782118,-0.6744907594765952,-0.10264043637505327,0.7766863290942612
2008-04-12 07:50:00+00:00,ME02,-0.00718132867954037,-0.024628614346870695,1.7935935869613029,-1.4935392580651563,1.5586121513326765,-1.7951181846782118,-0.6744907594765952,-0.10264043637505327,0.7766863290942612
2008-04-12 08:00:00+00:00,ME02,0.0034107464501370796,1.0346652019127416,3.520449821073892,-1.469438299900358,1.410414354499051,-1.583678880515598,-0.25293399623128265,-0.10264043637505327,0.7766863290942612
2008-04-12 08:10:00+00:00,ME02,0.01135429525524003,1.1920713490026051,3.889083966556528,-1.469438299900358,1.410414354499051,-1.583678880515598,-0.25293399623128265,-0.10264043637505327,0.7766863290942612
2008-04-12 08:20:00+00:00,ME02,0.011854458601560586,0.3278819674044001,3.879058991271028,-1.469438299900358,1.410414354499051,-1.583678880515598,-0.25293399623128265,-0.10264043637505327,0.7766863290942612
2008-04-12 08:30:00+00:00,ME02,0.00993674909519557,-0.09144394465659895,4.089787590180075,-1.469438299900358,1.410414354499051,-1.583678880515598,-0.25293399623128265,-0.10264043637505327,0.7766863290942612
2008-04-12 08:40:00+00:00,ME02,0.00257375166755499,1.3511549449568565,3.1797914008098127,-1.469438299900358,1.410414354499051,-1.583678880515598,-0.25293399623128265,-0.10264043637505327,0.7766863290942612
2008-04-12 08:50:00+00:00,ME02,-0.0015716875552247898,3.199782918109834,1.9871432582868342,-1.469438299900358,1.410414354499051,-1.583678880515598,-0.25293399623128265,-0.10264043637505327,0.7766863290942612
2008-04-12 09:00:00+00:00,ME02,-0.0024844967848129396,1.792675494764571,2.862425023312738,-1.4453853516123818,1.8360085178726393,-1.325723165933253,-0.25293399623128265,-0.10264043637505327,0.7766863290942612
2008-04-12 09:10:00+00:00,ME02,-0.005734033481498122,-0.2988351689007174,2.1541220900285434,-1.4453853516123818,1.8360085178726393,-1.325723165933253,-0.25293399623128265,-0.10264043637505327,0.7766863290942612
2008-04-12 09:20:00+00:00,ME02,-0.0003298186913871517,-0.17467699407150303,2.4116400809185476,-1.4453853516123818,1.8360085178726393,-1.325723165933253,-0.25293399623128265,-0.10264043637505327,0.7766863290942612
2008-04-12 09:30:00+00:00,ME02,-0.0047554262756632154,0.288186056655012,2.0612422835912434,-1.4453853516123818,1.8360085178726393,-1.325723165933253,-0.25293399623128265,-0.10264043637505327,0.7766863290942612
2008-04-12 09:40:00+00:00,ME02,-0.009849529390870217,0.6064162953796443,1.0141876492562776,-1.4453853516123818,1.8360085178726393,-1.325723165933253,-0.25293399623128265,-0.10264043637505327,0.7766863290942612
2008-04-12 09:50:00+00:00,ME02,-0.014719900648312152,1.3989723549253559,0.782569748897995,-1.4453853516123818,1.8360085178726393,-1.325723165933253,-0.25293399623128265,-0.10264043637505327,0.7766863290942612
2008-04-12 10:00:00+00:00,ME02,-0.013602642759910617,2.5896345858309484,0.8932215865559286,-1.5898950808475274,2.0209392518048,-1.2453762894754723,3.583232230435553,-0.10264043637505327,0.7766863290942612
2008-04-12 10:10:00+00:00,ME02,-0.01636162050503351,1.8950134250859,0.17822089965656415,-1.5898950808475274,2.0209392518048,-1.2453762894754723,3.583232230435553,-0.10264043637505327,0.7766863290942612
2008-04-12 10:20:00+00:00,ME02,-0.017377242678538112,0.4768889111425975,-0.32909654916661935,-1.5898950808475274,2.0209392518048,-1.2453762894754723,3.583232230435553,-0.10264043637505327,0.7766863290942612
2008-04-12 10:30:00+00:00,ME02,-0.024062427184971088,0.1296131664214935,-0.6874233790560565,-1.5898950808475274,2.0209392518048,-1.2453762894754723,3.583232230435553,-0.10264043637505327,0.7766863290942612
2008-04-12 10:40:00+00:00,ME02,-0.0325274648028569,-0.8536006541111812,-1.5818437291494083,-1.5898950808475274,2.0209392518048,-1.2453762894754723,3.583232230435553,-0.10264043637505327,0.7766863290942612
2008-04-12 10:50:00+00:00,ME02,-0.0320920154272127,-0.461803732438978,-1.5717694765598045,-1.5898950808475274,2.0209392518048,-1.2453762894754723,3.583232230435553,-0.10264043637505327,0.7766863290942612
2008-04-12 11:00:00+00:00,ME02,-0.028492202956736934,0.03622193214736999,-1.2242502398757034,-1.9512654236890339,2.012072662460897,-1.1269703973924405,2.27640637752091,-0.10264043637505327,0.7766863290942612
2008-04-12 11:10:00+00:00,ME02,-0.024911203556053915,-0.3089144058653341,-0.91712974797035,-1.9512654236890339,2.012072662460897,-1.1269703973924405,2.27640637752091,-0.10264043637505327,0.7766863290942612
2008-04-12 11:20:00+00:00,ME02,-0.02214948153584192,2.943048956523069,-0.4442532679185746,-1.9512654236890339,2.012072662460897,-1.1269703973924405,2.27640637752091,-0.10264043637505327,0.7766863290942612
2008-04-12 11:30:00+00:00,ME02,-0.023775463795600475,0.7936719655695748,-0.6623159022531103,-1.9512654236890339,2.012072662460897,-1.1269703973924405,2.27640637752091,-0.10264043637505327,0.7766863290942612
2008-04-12 11:40:00+00:00,ME02,-0.025720641431583445,1.0666193287161394,-1.0559925176941,-1.9512654236890339,2.012072662460897,-1.1269703973924405,2.27640637752091,-0.10264043637505327,0.7766863290942612
2008-04-12 11:50:00+00:00,ME02,-0.021180718144811147,-0.5298112614258647,-0.3484095804047766,-1.9512654236890339,2.012072662460897,-1.1269703973924405,2.27640637752091,-0.10264043637505327,0.7766863290942612
2008-04-12 12:00:00+00:00,ME02,-0.011999487274216264,1.3088341688855232,0.8105596383474369,-1.9512654236890339,2.267935845502563,-1.131199242599719,1.180358854799002,-0.10264043637505327,0.3679040506235975
2008-04-12 12:10:00+00:00,ME02,-0.007533826569454135,2.254891795776286,1.195649950649905,-1.9512654236890339,2.267935845502563,-1.131199242599719,1.180358854799002,-0.10264043637505327,0.3679040506235975
2008-04-12 12:20:00+00:00,ME02,-0.009569908180788685,0.7238445041960258,1.4248142660030265,-1.9512654236890339,2.267935845502563,-1.131199242599719,1.180358854799002,-0.10264043637505327,0.3679040506235975
2008-04-12 12:30:00+00:00,ME02,-0.010198075037726701,0.15633775098596678,1.7908297394409944,-1.9512654236890339,2.267935845502563,-1.131199242599719,1.180358854799002,-0.10264043637505327,0.3679040506235975
2008-04-12 12:40:00+00:00,ME02,-0.008140747662023183,1.2987601850183748,1.417779221670705,-1.9512654236890339,2.267935845502563,-1.131199242599719,1.180358854799002,-0.10264043637505327,0.3679040506235975
2008-04-12 12:50:00+00:00,ME02,-0.008058065880579354,-0.4305914506644509,1.7970375727188113,-1.9512654236890339,2.267935845502563,-1.131199242599719,1.180358854799002,-0.10264043637505327,0.3679040506235975
2008-04-12 13:00:00+00:00,ME02,-0.0008426065977753907,2.2942012878900653,2.5159252441582654,-2.119876111088977,1.8727411893294539,-1.1565720182232453,-0.46371242928385975,-0.10264043637505327,0.3679040506235975
2008-04-12 13:10:00+00:00,ME02,-0.005637746745764576,1.1328535765618764,2.260442545046332,-2.119876111088977,1.8727411893294539,-1.1565720182232453,-0.46371242928385975,-0.10264043637505327,0.3679040506235975
2008-04-12 13:20:00+00:00,ME02,-0.01404747561023883,3.2988337402654997,1.2627160535463755,-2.119876111088977,1.8727411893294539,-1.1565720182232453,-0.46371242928385975,-0.10264043637505327,0.3679040506235975
2008-04-12 13:30:00+00:00,ME02,-0.018056626547023006,-0.25109678476746417,0.29662329763667966,-2.119876111088977,1.8727411893294539,-1.1565720182232453,-0.46371242928385975,-0.10264043637505327,0.3679040506235975
2008-04-12 13:40:00+00:00,ME02,-0.0188439268016034,-0.29479849158904364,0.11423990453242583,-2.119876111088977,1.8727411893294539,-1.1565720182232453,-0.46371242928385975,-0.10264043637505327,0.3679040506235975
2008-04-12 13:50:00+00:00,ME02,-0.019096357993199285,-0.5226287739055694,0.33318064702676775,-2.119876111088977,1.8727411893294539,-1.1565720182232453,-0.46371242928385975,-0.10264043637505327,0.3679040506235975
2008-04-12 14:00:00+00:00,ME02,-0.015759072047738736,-0.2935515488999562,0.027311533487421574,-2.5052994022184603,1.8993409573611635,-1.1861733434339732,1.433292851030285,-0.10264043637505327,0.3679040506235975
2008-04-12 14:10:00+00:00,ME02,-0.018232360397696556,-0.8957058523515914,0.22207240512487578,-2.5052994022184603,1.8993409573611635,-1.1861733434339732,1.433292851030285,-0.10264043637505327,0.3679040506235975
2008-04-12 14:20:00+00:00,ME02,-0.01682442241483608,-0.6816375330772246,0.34246769127622456,-2.5052994022184603,1.8993409573611635,-1.1861733434339732,1.433292851030285,-0.10264043637505327,0.3679040506235975
2008-04-12 14:30:00+00:00,ME02,-0.016449118028328543,-0.5270884631325937,-0.2725729590589972,-2.5052994022184603,1.8993409573611635,-1.1861733434339732,1.433292851030285,-0.10264043637505327,0.3679040506235975
2008-04-12 14:40:00+00:00,ME02,-0.014648303084487134,-0.4705783240143456,-0.36864035111503385,-2.5052994022184603,1.8993409573611635,-1.1861733434339732,1.433292851030285,-0.10264043637505327,0.3679040506235975
2008-04-12 14:50:00+00:00,ME02,-0.01783866415714738,0.2589744600717853,-0.4347878752200208,-2.5052994022184603,1.8993409573611635,-1.1861733434339732,1.433292851030285,-0.10264043637505327,0.3679040506235975
2008-04-12 15:00:00+00:00,ME02,-0.01586504391587151,-0.5303702390009045,-0.5149685862194842,-2.119876111088977,1.4344806974431934,-1.1354280878069973,-0.04215566603854705,-0.10264043637505327,0.3679040506235975
2008-04-12 15:10:00+00:00,ME02,-0.014575109127851453,-0.853573130103763,-0.7386887539868081,-2.119876111088977,1.4344806974431934,-1.1354280878069973,-0.04215566603854705,-0.10264043637505327,0.3679040506235975
2008-04-12 15:20:00+00:00,ME02,-0.017633032463819125,-0.9548661496374473,-0.7517959669983966,-2.119876111088977,1.4344806974431934,-1.1354280878069973,-0.04215566603854705,-0.10264043637505327,0.3679040506235975
2008-04-12 15:30:00+00:00,ME02,-0.018486879700914265,-0.09301656149058399,-0.7454624316873145,-2.119876111088977,1.4344806974431934,-1.1354280878069973,-0.04215566603854705,-0.10264043637505327,0.3679040506235975
2008-04-12 15:40:00+00:00,ME02,-0.018177189767932037,-0.37124794164797753,-0.7141038246061218,-2.119876111088977,1.4344806974431934,-1.1354280878069973,-0.04215566603854705,-0.10264043637505327,0.3679040506235975
2008-04-12 15:50:00+00:00,ME02,-0.01596418394668256,0.05975636555244532,-0.6669019896218605,-2.119876111088977,1.4344806974431934,-1.1354280878069973,-0.04215566603854705,-0.10264043637505327,0.3679040506235975
2008-04-12 16:00:00+00:00,ME02,-0.0178626838099968,-0.9099281000439398,-0.7963194154435745,-2.143977069253775,1.2026838573456708,-1.1396566373941655,1.981316612391239,-0.10264043637505327,0.3679040506235975
2008-04-12 16:10:00+00:00,ME02,-0.018061426527794668,-0.9243225205721776,-0.8466917712815233,-2.143977069253775,1.2026838573456708,-1.1396566373941655,1.981316612391239,-0.10264043637505327,0.3679040506235975
2008-04-12 16:20:00+00:00,ME02,-0.0160077480347025,-0.48898533044936776,-0.8966256706253585,-2.143977069253775,1.2026838573456708,-1.1396566373941655,1.981316612391239,-0.10264043637505327,0.3679040506235975
2008-04-12 16:30:00+00:00,ME02,-0.019303815955153517,0.2526373395954832,-0.8650224272529388,-2.143977069253775,1.2026838573456708,-1.1396566373941655,1.981316612391239,-0.10264043637505327,0.3679040506235975
2008-04-12 16:40:00+00:00,ME02,-0.01695776046249327,-0.02395960802154611,-0.7564217114351003,-2.143977069253775,1.2026838573456708,-1.1396566373941655,1.981316612391239,-0.10264043637505327,0.3679040506235975
2008-04-12 16:50:00+00:00,ME02,0.15721594262558258,16.336830313762952,32.83150248954966,-2.143977069253775,1.2026838573456708,-1.1396566373941655,1.981316612391239,-0.10264043637505327,0.3679040506235975
2008-04-12 17:00:00+00:00,ME02,-0.01838069686914842,-0.5449370837237978,-0.3441046740365225,-2.5534533086712337,0.9582204230937543,-1.0297084357256905,-0.6744907594765952,-0.10264043637505327,0.3679040506235975
2008-04-12 17:10:00+00:00,ME02,-0.017731310418885718,-0.7824171398834767,-0.03659375803790655,-2.5534533086712337,0.9582204230937543,-1.0297084357256905,-0.6744907594765952,-0.10264043637505327,0.3679040506235975
2008-04-12 17:20:00+00:00,ME02,-0.014974796130745484,-0.8882490663498807,0.022600716410811704,-2.5534533086712337,0.9582204230937543,-1.0297084357256905,-0.6744907594765952,-0.10264043637505327,0.3679040506235975
2008-04-12 17:30:00+00:00,ME02,-0.014605504303603373,0.06013007322507696,-0.07337326954338079,-2.5534533086712337,0.9582204230937543,-1.0297084357256905,-0.6744907594765952,-0.10264043637505327,0.3679040506235975
2008-04-12 17:40:00+00:00,ME02,-0.01681392683402031,-0.17900387633692316,-0.03191486919820814,-2.5534533086712337,0.9582204230937543,-1.0297084357256905,-0.6744907594765952,-0.10264043637505327,0.3679040506235975
2008-04-12 17:50:00+00:00,ME02,-0.016269165481229635,-0.20985176941298114,-0.011118943189665251,-2.5534533086712337,0.9582204230937543,-1.0297084357256905,-0.6744907594765952,-0.10264043637505327,0.3679040506235975
2008-04-12 18:00:00+00:00,ME02,-0.017850340045290184,-0.7153437446026848,-0.06736281167512409,-1.9994193301418082,0.8011557712745053,-0.9070736984353803,5.395926075812762,-0.10264043637505327,-0.040878227847066226
2008-04-12 18:10:00+00:00,ME02,-0.017060763779574835,-0.2350696107787592,-0.2240036974097921,-1.9994193301418082,0.8011557712745053,-0.9070736984353803,5.395926075812762,-0.10264043637505327,-0.040878227847066226
2008-04-12 18:20:00+00:00,ME02,-0.01736175568530809,-0.7793391902281416,-0.0828677021368533,-1.9994193301418082,0.8011557712745053,-0.9070736984353803,5.395926075812762,-0.10264043637505327,-0.040878227847066226
2008-04-12 18:30:00+00:00,ME02,-0.01616925077684172,-0.024068995257024915,-0.12197367962164174,-1.9994193301418082,0.8011557712745053,-0.9070736984353803,5.395926075812762,-0.10264043637505327,-0.040878227847066226
2008-04-12 18:40:00+00:00,ME02,-0.0183732721839733,0.4210324599533724,0.0027512173196679287,-1.9994193301418082,0.8011557712745053,-0.9070736984353803,5.395926075812762,-0.10264043637505327,-0.040878227847066226
2008-04-12 18:50:00+00:00,ME02,-0.01996857241052403,0.42782303121638193,-0.1452128389208835,-1.9994193301418082,0.8011557712745053,-0.9070736984353803,5.395926075812762,-0.10264043637505327,-0.040878227847066226
2008-04-12 19:00:00+00:00,ME02,-0.01955077005897592,0.2731817323355947,-0.1491186766691369,-1.830808642741865,-0.05636571972900694,-0.6068301230205059,-0.6323350934380482,-0.10264043637505327,-0.040878227847066226
2008-04-12 19:10:00+00:00,ME02,-0.015739607553558264,-0.691534559244334,-0.014658721044059013,-1.830808642741865,-0.05636571972900694,-0.6068301230205059,-0.6323350934380482,-0.10264043637505327,-0.040878227847066226
2008-04-12 19:20:00+00:00,ME02,-0.017057372369381003,-0.5514486938549474,-0.07335004122876099,-1.830808642741865,-0.05636571972900694,-0.6068301230205059,-0.6323350934380482,-0.10264043637505327,-0.040878227847066226
2008-04-12 19:30:00+00:00,ME02,-0.018606663313660524,-0.13798537707583736,-0.07604116652712845,-1.830808642741865,-0.05636571972900694,-0.6068301230205059,-0.6323350934380482,-0.10264043637505327,-0.040878227847066226
2008-04-12 19:40:00+00:00,ME02,-0.014826484909068892,0.15340336213739944,0.11886617985677203,-1.830808642741865,-0.05636571972900694,-0.6068301230205059,-0.6323350934380482,-0.10264043637505327,-0.040878227847066226
2008-04-12 19:50:00+00:00,ME02,-0.017554085018146478,0.0836452699900878,0.07800201793533985,-1.830808642741865,-0.05636571972900694,-0.6068301230205059,-0.6323350934380482,-0.10264043637505327,-0.040878227847066226
2008-04-12 20:00:00+00:00,ME02,-0.019537374324376012,-0.7319027096910391,0.0704911758218071,-2.0235202883066066,-0.24509645847165767,-0.46305175093402445,-0.46371242928385975,-0.10264043637505327,-0.040878227847066226
2008-04-12 20:10:00+00:00,ME02,-0.018562498389825023,0.21155439933965786,0.056404948326662846,-2.0235202883066066,-0.24509645847165767,-0.46305175093402445,-0.46371242928385975,-0.10264043637505327,-0.040878227847066226
2008-04-12 20:20:00+00:00,ME02,-0.016630640295161273,-1.0067412891351832,0.04715785344756625,-2.0235202883066066,-0.24509645847165767,-0.46305175093402445,-0.46371242928385975,-0.10264043637505327,-0.040878227847066226
2008-04-12 20:30:00+00:00,ME02,-0.021369405387250007,0.10959010734711988,-0.1151713332335957,-2.0235202883066066,-0.24509645847165767,-0.46305175093402445,-0.46371242928385975,-0.10264043637505327,-0.040878227847066226
2008-04-12 20:40:00+00:00,ME02,-0.01805357813551651,0.1673679548186899,0.196526053571667,-2.0235202883066066,-0.24509645847165767,-0.46305175093402445,-0.46371242928385975,-0.10264043637505327,-0.040878227847066226
2008-04-12 20:50:00+00:00,ME02,-0.016520160014632215,0.7993322611964601,0.06427129550931397,-2.0235202883066066,-0.24509645847165767,-0.46305175093402445,-0.46371242928385975,-0.10264043637505327,-0.040878227847066226
2008-04-12 21:00:00+00:00,ME02,-0.017244140682577246,-0.3148549983253352,-0.1887028902641413,-1.6380969971771233,-0.33376208626896914,-0.30658654760566495,-0.6744907594765952,-0.10264043637505327,-0.040878227847066226
2008-04-12 21:10:00+00:00,ME02,-0.01990057028222801,-0.9176991483827569,-0.026024034666437112,-1.6380969971771233,-0.33376208626896914,-0.30658654760566495,-0.6744907594765952,-0.10264043637505327,-0.040878227847066226
2008-04-12 21:20:00+00:00,ME02,-0.01953601815299365,-0.5060662958562125,0.053962503893156016,-1.6380969971771233,-0.33376208626896914,-0.30658654760566495,-0.6744907594765952,-0.10264043637505327,-0.040878227847066226
2008-04-12 21:30:00+00:00,ME02,-0.019910219100631944,-0.07912711344809956,-0.062155455458290626,-1.6380969971771233,-0.33376208626896914,-0.30658654760566495,-0.6744907594765952,-0.10264043637505327,-0.040878227847066226
2008-04-12 21:40:00+00:00,ME02,-0.016590807729553354,-0.03411624755164355,0.1473172371767505,-1.6380969971771233,-0.33376208626896914,-0.30658654760566495,-0.6744907594765952,-0.10264043637505327,-0.040878227847066226
2008-04-12 21:50:00+00:00,ME02,-0.016773961264776385,0.3448602455551461,0.19144336676666543,-1.6380969971771233,-0.33376208626896914,-0.30658654760566495,-0.6744907594765952,-0.10264043637505327,-0.040878227847066226
2008-04-12 22:00:00+00:00,ME02,-0.020836834368259075,-0.8551710737876766,0.015097850548208117,-1.469438299900358,-0.0006332898614618738,-0.3150442380202217,0.548023761360954,-0.10264043637505327,-0.040878227847066226
2008-04-12 22:10:00+00:00,ME02,-0.016178027385441655,-0.5174129149872659,0.07313745883913397,-1.469438299900358,-0.0006332898614618738,-0.3150442380202217,0.548023761360954,-0.10264043637505327,-0.040878227847066226
2008-04-12 22:20:00+00:00,ME02,-0.01978332235341029,-0.886463461670727,-0.03509436635963079,-1.469438299900358,-0.0006332898614618738,-0.3150442380202217,0.548023761360954,-0.10264043637505327,-0.040878227847066226
2008-04-12 22:30:00+00:00,ME02,-0.019299879924219616,-0.2385360420203777,-0.010259767742001828,-1.469438299900358,-0.0006332898614618738,-0.3150442380202217,0.548023761360954,-0.10264043637505327,-0.040878227847066226
2008-04-12 22:40:00+00:00,ME02,-0.015639869172432593,0.4618957641160212,0.2019524015936871,-1.469438299900358,-0.0006332898614618738,-0.3150442380202217,0.548023761360954,-0.10264043637505327,-0.040878227847066226
2008-04-12 22:50:00+00:00,ME02,-0.016876973752773087,0.5844212995391153,0.20641356284148307,-1.469438299900358,-0.0006332898614618738,-0.3150442380202217,0.548023761360954,-0.10264043637505327,-0.040878227847066226
2008-04-12 23:00:00+00:00,ME02,-0.01974113674316997,-0.4486418552818867,0.14612283074529078,-0.6744907594765939,-0.342628675612872,-0.18395210593543151,2.1499392765454273,-0.10264043637505327,-0.040878227847066226
2008-04-12 23:10:00+00:00,ME02,-0.01846084788640863,-0.9895072565807809,-0.06635113567291503,-0.6744907594765939,-0.342628675612872,-0.18395210593543151,2.1499392765454273,-0.10264043637505327,-0.040878227847066226
2008-04-12 23:20:00+00:00,ME02,-0.018186169130463704,-0.23828379993151166,0.053122218093949965,-0.6744907594765939,-0.342628675612872,-0.18395210593543151,2.1499392765454273,-0.10264043637505327,-0.040878227847066226
2008-04-12 23:30:00+00:00,ME02,-0.01757002986578828,0.2300019346651354,0.055724829207638646,-0.6744907594765939,-0.342628675612872,-0.18395210593543151,2.1499392765454273,-0.10264043637505327,-0.040878227847066226
2008-04-12 23:40:00+00:00,ME02,-0.01620593572294898,0.44795471947934307,0.32329258773376013,-0.6744907594765939,-0.342628675612872,-0.18395210593543151,2.1499392765454273,-0.10264043637505327,-0.040878227847066226
2008-04-12 23:50:00+00:00,ME02,-0.017573346923368233,0.40895583486906617,0.20849448299503506,-0.6744907594765939,-0.342628675612872,-0.18395210593543151,2.1499392765454273,-0.10264043637505327,-0.040878227847066226
2008-04-13 00:00:00+00:00,ME02,-0.015550175115528947,-1.0375338198751245,-0.09316153884417754,-1.0840150087708753,-0.551625752489176,-0.20932458593888117,2.5293403737521927,-0.10264043637505327,-0.4496605063177299
2008-04-13 00:10:00+00:00,ME02,-0.016553511546883826,-0.37779304212141046,0.08392315583321876,-1.0840150087708753,-0.551625752489176,-0.20932458593888117,2.5293403737521927,-0.10264043637505327,-0.4496605063177299
2008-04-13 00:20:00+00:00,ME02,-0.019459734384471003,-1.066630077730331,0.028439095175519895,-1.0840150087708753,-0.551625752489176,-0.20932458593888117,2.5293403737521927,-0.10264043637505327,-0.4496605063177299
2008-04-13 00:30:00+00:00,ME02,-0.019138096596220684,0.0210383497055915,0.1010893841680625,-1.0840150087708753,-0.551625752489176,-0.20932458593888117,2.5293403737521927,-0.10264043637505327,-0.4496605063177299
2008-04-13 00:40:00+00:00,ME02,-0.016598747816553464,-0.1880713710583983,0.38921399413926117,-1.0840150087708753,-0.551625752489176,-0.20932458593888117,2.5293403737521927,-0.10264043637505327,-0.4496605063177299
2008-04-13 00:50:00+00:00,ME02,-0.017618055210514513,0.789120322750662,0.23006004327125826,-1.0840150087708753,-0.551625752489176,-0.20932458593888117,2.5293403737521927,-0.10264043637505327,-0.4496605063177299
2008-04-13 01:00:00+00:00,ME02,-0.018116080922800447,-1.0006400094887329,0.0333758134677261,-0.9154043213709322,-0.7631562544530468,-0.2473836015641659,-0.6744907594765952,-0.10264043637505327,-0.4496605063177299
2008-04-13 01:10:00+00:00,ME02,-0.01930021039700012,-0.8531052582123722,0.054572406905860425,-0.9154043213709322,-0.7631562544530468,-0.2473836015641659,-0.6744907594765952,-0.10264043637505327,-0.4496605063177299
2008-04-13 01:20:00+00:00,ME02,-0.018780629071981875,0.32718333170149905,0.13082513863011955,-0.9154043213709322,-0.7631562544530468,-0.2473836015641659,-0.6744907594765952,-0.10264043637505327,-0.4496605063177299
2008-04-13 01:30:00+00:00,ME02,-0.01826936856631873,-0.0700382739760447,0.12741106345433692,-0.9154043213709322,-0.7631562544530468,-0.2473836015641659,-0.6744907594765952,-0.10264043637505327,-0.4496605063177299
2008-04-13 01:40:00+00:00,ME02,-0.015984863057743832,-0.11633618906882812,0.3550163715814004,-0.9154043213709322,-0.7631562544530468,-0.2473836015641659,-0.6744907594765952,-0.10264043637505327,-0.4496605063177299
2008-04-13 01:50:00+00:00,ME02,-0.017008314175958855,0.04997375363421414,0.40282984388609133,-0.9154043213709322,-0.7631562544530468,-0.2473836015641659,-0.6744907594765952,-0.10264043637505327,-0.4496605063177299
2008-04-13 02:00:00+00:00,ME02,-0.017694574794242166,-0.866017008436916,0.061976853312893966,-1.1322169251004721,-0.6390245349218435,-0.20509574073163642,2.4450290416750984,-0.10264043637505327,-0.4496605063177299
2008-04-13 02:10:00+00:00,ME02,-0.016430138836462004,-0.07134425712807647,0.07635850110070222,-1.1322169251004721,-0.6390245349218435,-0.20509574073163642,2.4450290416750984,-0.10264043637505327,-0.4496605063177299
2008-04-13 02:20:00+00:00,ME02,-0.018336863455931697,-0.8159039635492464,0.1011465265532212,-1.1322169251004721,-0.6390245349218435,-0.20509574073163642,2.4450290416750984,-0.10264043637505327,-0.4496605063177299
2008-04-13 02:30:00+00:00,ME02,-0.01705512907082393,-0.19705746289568074,0.1622646237777916,-1.1322169251004721,-0.6390245349218435,-0.20509574073163642,2.4450290416750984,-0.10264043637505327,-0.4496605063177299
2008-04-13 02:40:00+00:00,ME02,-0.016322236007124964,-0.08027216263994472,0.44916586975037315,-1.1322169251004721,-0.6390245349218435,-0.20509574073163642,2.4450290416750984,-0.10264043637505327,-0.4496605063177299
2008-04-13 02:50:00+00:00,ME02,-0.017623777301753005,0.2747648701455716,0.38143818752286934,-1.1322169251004721,-0.6390245349218435,-0.20509574073163642,2.4450290416750984,-0.10264043637505327,-0.4496605063177299
2008-04-13 03:00:00+00:00,ME02,-0.019057770063566966,-0.47860101398194965,0.1049861536515335,-0.746793633970989,-0.5465591679557628,-0.31081539281294335,0.7588020915536895,-0.10264043637505327,-0.4496605063177299
2008-04-13 03:10:00+00:00,ME02,-0.019738328822072135,-1.0757381433046385,0.1444449642494273,-0.746793633970989,-0.5465591679557628,-0.31081539281294335,0.7588020915536895,-0.10264043637505327,-0.4496605063177299
2008-04-13 03:20:00+00:00,ME02,-0.017781104210938866,0.33631155675414515,0.1979385726078368,-0.746793633970989,-0.5465591679557628,-0.31081539281294335,0.7588020915536895,-0.10264043637505327,-0.4496605063177299
2008-04-13 03:30:00+00:00,ME02,-0.01857856006729498,0.10435934879573476,0.21929352719509126,-0.746793633970989,-0.5465591679557628,-0.31081539281294335,0.7588020915536895,-0.10264043637505327,-0.4496605063177299
2008-04-13 03:40:00+00:00,ME02,-0.01448242744510233,0.07870795344043818,0.4975578424416697,-0.746793633970989,-0.5465591679557628,-0.31081539281294335,0.7588020915536895,-0.10264043637505327,-0.4496605063177299
2008-04-13 03:50:00+00:00,ME02,-0.017276441113020777,0.5421087684985285,0.5346199836679904,-0.746793633970989,-0.5465591679557628,-0.31081539281294335,0.7588020915536895,-0.10264043637505327,-0.4496605063177299
2008-04-13 04:00:00+00:00,ME02,-0.016929348703479254,-0.7566678564283028,0.2165175128581281,-0.7949475404237634,-0.3704947577257842,-0.34887440843819445,1.1382031887604551,-0.10264043637505327,-0.4496605063177299
2008-04-13 04:10:00+00:00,ME02,-0.01876554790964765,-0.01522593973005224,0.33072540906401265,-0.7949475404237634,-0.3704947577257842,-0.34887440843819445,1.1382031887604551,-0.10264043637505327,-0.4496605063177299
2008-04-13 04:20:00+00:00,ME02,-0.01560732027053412,-0.7300025484295016,0.2559103468290121,-0.7949475404237634,-0.3704947577257842,-0.34887440843819445,1.1382031887604551,-0.10264043637505327,-0.4496605063177299
2008-04-13 04:30:00+00:00,ME02,-0.01866460479512942,-0.35465930833222026,0.23665245932824752,-0.7949475404237634,-0.3704947577257842,-0.34887440843819445,1.1382031887604551,-0.10264043637505327,-0.4496605063177299
2008-04-13 04:40:00+00:00,ME02,-0.015416936551186705,0.21084790419831057,0.506885653264888,-0.7949475404237634,-0.3704947577257842,-0.34887440843819445,1.1382031887604551,-0.10264043637505327,-0.4496605063177299
2008-04-13 04:50:00+00:00,ME02,-0.01801039254942151,0.48745501510461997,0.4123882612371655,-0.7949475404237634,-0.3704947577257842,-0.34887440843819445,1.1382031887604551,-0.10264043637505327,-0.4496605063177299
2008-04-13 05:00:00+00:00,ME02,-0.018530151975040116,-0.5246454991113553,0.052118836778799166,-1.1081159669356737,-0.17036427019338357,-0.25584129197868904,-0.6744907594765952,-0.10264043637505327,-0.4496605063177299
2008-04-13 05:10:00+00:00,ME02,-0.020508871504273225,-0.7846278521357537,0.02113881175301753,-1.1081159669356737,-0.17036427019338357,-0.25584129197868904,-0.6744907594765952,-0.10264043637505327,-0.4496605063177299
2008-04-13 05:20:00+00:00,ME02,-0.019305110224595304,-0.6058439328691422,-0.02719294299942627,-1.1081159669356737,-0.17036427019338357,-0.25584129197868904,-0.6744907594765952,-0.10264043637505327,-0.4496605063177299
2008-04-13 05:30:00+00:00,ME02,-0.020020681121265087,0.3549564988885335,-0.009967005784863108,-1.1081159669356737,-0.17036427019338357,-0.25584129197868904,-0.6744907594765952,-0.10264043637505327,-0.4496605063177299
2008-04-13 05:40:00+00:00,ME02,-0.01639721730373173,0.4264131137678702,0.28459252605896246,-1.1081159669356737,-0.17036427019338357,-0.25584129197868904,-0.6744907594765952,-0.10264043637505327,-0.4496605063177299
2008-04-13 05:50:00+00:00,ME02,-0.01799336015428944,0.5300008237082905,0.2586627657638554,-1.1081159669356737,-0.17036427019338357,-0.25584129197868904,-0.6744907594765952,-0.10264043637505327,-0.4496605063177299
2008-04-13 06:00:00+00:00,ME02,-0.020939054628183004,-0.6358034840693078,-0.08200932969257871,-1.1563178832652699,-0.023432787440960747,-0.061317368645155045,-0.6744907594765952,-0.10264043637505327,-0.2554889240441648
2008-04-13 06:10:00+00:00,ME02,-0.020946201014269705,-0.6917233680405602,-0.1989135700413615,-1.1563178832652699,-0.023432787440960747,-0.061317368645155045,-0.6744907594765952,-0.10264043637505327,-0.2554889240441648
2008-04-13 06:20:00+00:00,ME02,-0.024072261604844103,-0.570990813991429,-0.2684736997318827,-1.1563178832652699,-0.023432787440960747,-0.061317368645155045,-0.6744907594765952,-0.10264043637505327,-0.2554889240441648
2008-04-13 06:30:00+00:00,ME02,-0.024560546812356705,-0.07118855866724212,-0.3684617425748328,-1.1563178832652699,-0.023432787440960747,-0.061317368645155045,-0.6744907594765952,-0.10264043637505327,-0.2554889240441648
2008-04-13 06:40:00+00:00,ME02,-0.019586644811870745,-0.3095977522600225,-0.011966583743330898,-1.1563178832652699,-0.023432787440960747,-0.061317368645155045,-0.6744907594765952,-0.10264043637505327,-0.2554889240441648
2008-04-13 06:50:00+00:00,ME02,-0.018285757923055902,0.04330335097912069,-0.15216865038496583,-1.1563178832652699,-0.023432787440960747,-0.061317368645155045,-0.6744907594765952,-0.10264043637505327,-0.2554889240441648
2008-04-13 07:00:00+00:00,ME02,-0.02228262359388204,-0.5291632794536809,-0.4830341373613648,-1.1563178832652699,0.08803233793584912,0.24738389718424256,0.0,-0.10264043637505327,-0.2554889240441648
2008-04-13 07:10:00+00:00,ME02,-0.022779301485898892,-0.7133337142974041,-0.5841079988723447,-1.1563178832652699,0.08803233793584912,0.24738389718424256,0.0,-0.10264043637505327,-0.2554889240441648
2008-04-13 07:20:00+00:00,ME02,-0.024741490308804077,-0.5938312165112776,-0.5968268730602267,-1.1563178832652699,0.08803233793584912,0.24738389718424256,0.0,-0.10264043637505327,-0.2554889240441648
2008-04-13 07:30:00+00:00,ME02,-0.021604179395983955,0.5611622688731889,-0.12936890287560104,-1.1563178832652699,0.08803233793584912,0.24738389718424256,0.0,-0.10264043637505327,-0.2554889240441648
2008-04-13 07:40:00+00:00,ME02,-0.016923658125461306,0.6753060898372164,0.7225177608322065,-1.1563178832652699,0.08803233793584912,0.24738389718424256,0.0,-0.10264043637505327,-0.2554889240441648
2008-04-13 07:50:00+00:00,ME02,-0.013482100930247667,0.17337654480724518,0.8281443941620424,-1.1563178832652699,0.08803233793584912,0.24738389718424256,0.0,-0.10264043637505327,-0.2554889240441648
2008-04-13 08:00:00+00:00,ME02,-0.010465630239740469,-0.6863684856674583,1.0847653696451907,-0.554081988406248,0.30969600896654603,0.513797006561034,-0.6744907594765952,-0.10264043637505327,-0.2554889240441648
2008-04-13 08:10:00+00:00,ME02,-0.012788096107161391,-0.5194573747349295,1.0603626718123145,-0.554081988406248,0.30969600896654603,0.513797006561034,-0.6744907594765952,-0.10264043637505327,-0.2554889240441648
2008-04-13 08:20:00+00:00,ME02,-0.01365080076406725,-0.4411511203136751,1.1192025742266531,-0.554081988406248,0.30969600896654603,0.513797006561034,-0.6744907594765952,-0.10264043637505327,-0.2554889240441648
2008-04-13 08:30:00+00:00,ME02,-0.017433347112924606,-0.18500041510364745,0.5941874872365838,-0.554081988406248,0.30969600896654603,0.513797006561034,-0.6744907594765952,-0.10264043637505327,-0.2554889240441648
2008-04-13 08:40:00+00:00,ME02,-0.014652418906459476,-0.11166170871245004,0.3375730707925997,-0.554081988406248,0.30969600896654603,0.513797006561034,-0.6744907594765952,-0.10264043637505327,-0.2554889240441648
2008-04-13 08:50:00+00:00,ME02,-0.017749722979235938,0.33543713310569984,0.14695260599902868,-0.554081988406248,0.30969600896654603,0.513797006561034,-0.6744907594765952,-0.10264043637505327,-0.2554889240441648
2008-04-13 09:00:00+00:00,ME02,-0.01821481805504962,-0.8298592682843932,0.4175392127935083,-1.469438299900358,0.7770894283303621,0.6956346898928432,0.2107783301927356,-0.10264043637505327,-0.2554889240441648
2008-04-13 09:10:00+00:00,ME02,-0.014037022977346198,-0.5832341794405765,0.33725850377736394,-1.469438299900358,0.7770894283303621,0.6956346898928432,0.2107783301927356,-0.10264043637505327,-0.2554889240441648
2008-04-13 09:20:00+00:00,ME02,-0.016723233355009276,-0.6298197595282227,0.825713216024608,-1.469438299900358,0.7770894283303621,0.6956346898928432,0.2107783301927356,-0.10264043637505327,-0.2554889240441648
2008-04-13 09:30:00+00:00,ME02,-0.01382506037983655,0.07395533764650125,0.853212918866724,-1.469438299900358,0.7770894283303621,0.6956346898928432,0.2107783301927356,-0.10264043637505327,-0.2554889240441648
2008-04-13 09:40:00+00:00,ME02,-0.011376005338205672,0.48308959123999745,0.9849072811465164,-1.469438299900358,0.7770894283303621,0.6956346898928432,0.2107783301927356,-0.10264043637505327,-0.2554889240441648
2008-04-13 09:50:00+00:00,ME02,-0.0033288359610598073,7.028919918921356,2.082405541484252,-1.469438299900358,0.7770894283303621,0.6956346898928432,0.2107783301927356,-0.10264043637505327,-0.2554889240441648
2008-04-13 10:00:00+00:00,ME02,-0.011218483449744101,-0.8120358550038664,1.2563596587221861,-0.07230287449439378,0.7112238293959913,0.8309556671848781,0.6744907594765952,-0.10264043637505327,-0.2554889240441648
2008-04-13 10:10:00+00:00,ME02,0.03096828821026685,-0.621712907522362,2.1691217145000867,-0.07230287449439378,0.7112238293959913,0.8309556671848781,0.6744907594765952,-0.10264043637505327,-0.2554889240441648
2008-04-13 10:20:00+00:00,ME02,-0.009965183151199247,6.537215424165804,1.713528192841752,-0.07230287449439378,0.7112238293959913,0.8309556671848781,0.6744907594765952,-0.10264043637505327,-0.2554889240441648
2008-04-13 10:30:00+00:00,ME02,-0.008599730564598628,-0.4601020445295432,1.476494117748484,-0.07230287449439378,0.7112238293959913,0.8309556671848781,0.6744907594765952,-0.10264043637505327,-0.2554889240441648
2008-04-13 10:40:00+00:00,ME02,-0.014469359458964303,-0.6596230430742115,1.1365856763202475,-0.07230287449439378,0.7112238293959913,0.8309556671848781,0.6744907594765952,-0.10264043637505327,-0.2554889240441648
2008-04-13 10:50:00+00:00,ME02,-0.012598719093552813,-0.35340741197810926,1.0871419571079308,-0.07230287449439378,0.7112238293959913,0.8309556671848781,0.6744907594765952,-0.10264043637505327,-0.2554889240441648
2008-04-13 11:00:00+00:00,ME02,-0.019252799192046036,-0.7834472331159995,0.2529762720413522,-1.4453853516123818,0.9924199351047234,0.8605572880156828,1.3911371849917376,-0.10264043637505327,-0.2554889240441648
2008-04-13 11:10:00+00:00,ME02,0.0005451859197889349,3.1995236179750943,2.4783496214013336,-1.4453853516123818,0.9924199351047234,0.8605572880156828,1.3911371849917376,-0.10264043637505327,-0.2554889240441648
2008-04-13 11:20:00+00:00,ME02,-0.014546981985188048,-0.9264255487884889,1.2058567780125604,-1.4453853516123818,0.9924199351047234,0.8605572880156828,1.3911371849917376,-0.10264043637505327,-0.2554889240441648
2008-04-13 11:30:00+00:00,ME02,-0.018758945829347895,-0.42085084532596184,0.05455204635436862,-1.4453853516123818,0.9924199351047234,0.8605572880156828,1.3911371849917376,-0.10264043637505327,-0.2554889240441648
2008-04-13 11:40:00+00:00,ME02,-0.019240821247800664,-0.3878093624401825,0.11777729900452776,-1.4453853516123818,0.9924199351047234,0.8605572880156828,1.3911371849917376,-0.10264043637505327,-0.2554889240441648
2008-04-13 11:50:00+00:00,ME02,-0.018571884188766503,-0.24751238212497337,0.2652793415160297,-1.4453853516123818,0.9924199351047234,0.8605572880156828,1.3911371849917376,-0.10264043637505327,-0.2554889240441648
2008-04-13 12:00:00+00:00,ME02,-0.019410927914511843,-0.9669226099177909,0.18757206468102192,-1.6621499454650994,1.146951161836405,0.936675319266185,0.2950897651296714,-0.10264043637505327,-0.0613173417705997
2008-04-13 12:10:00+00:00,ME02,-0.004800947208342533,0.4987769338047616,2.025740259856332,-1.6621499454650994,1.146951161836405,0.936675319266185,0.2950897651296714,-0.10264043637505327,-0.0613173417705997
2008-04-13 12:20:00+00:00,ME02,-0.005560123132918213,1.6049240835269873,2.2186921192294617,-1.6621499454650994,1.146951161836405,0.936675319266185,0.2950897651296714,-0.10264043637505327,-0.0613173417705997
2008-04-13 12:30:00+00:00,ME02,0.017456219028710543,2.97874722871706,5.193367389862632,-1.6621499454650994,1.146951161836405,0.936675319266185,0.2950897651296714,-0.10264043637505327,-0.0613173417705997
2008-04-13 12:40:00+00:00,ME02,-0.0006191674780184817,0.9272081366229925,2.5482976557299177,-1.6621499454650994,1.146951161836405,0.936675319266185,0.2950897651296714,-0.10264043637505327,-0.0613173417705997
2008-04-13 12:50:00+00:00,ME02,-0.014703488927404041,-0.08492271872100031,1.1262975482640054,-1.6621499454650994,1.146951161836405,0.936675319266185,0.2950897651296714,-0.10264043637505327,-0.0613173417705997
2008-04-13 13:00:00+00:00,ME02,-0.01514903132107276,-0.6776329955524972,1.417416510953104,-1.6380969971771233,0.6782908971079451,0.7759815663506238,1.433292851030285,-0.10264043637505327,-0.0613173417705997
2008-04-13 13:10:00+00:00,ME02,-0.02514368825982874,-0.5560532850004364,-0.2545549613597831,-1.6380969971771233,0.6782908971079451,0.7759815663506238,1.433292851030285,-0.10264043637505327,-0.0613173417705997
2008-04-13 13:20:00+00:00,ME02,-0.010152291878829678,-0.10972689903513275,1.0790441443077186,-1.6380969971771233,0.6782908971079451,0.7759815663506238,1.433292851030285,-0.10264043637505327,-0.0613173417705997
2008-04-13 13:30:00+00:00,ME02,0.010127648633018791,1.3801465578201095,3.152431768481006,-1.6380969971771233,0.6782908971079451,0.7759815663506238,1.433292851030285,-0.10264043637505327,-0.0613173417705997
2008-04-13 13:40:00+00:00,ME02,-0.0093607055195112,-0.2154920626457097,1.212297816022238,-1.6380969971771233,0.6782908971079451,0.7759815663506238,1.433292851030285,-0.10264043637505327,-0.0613173417705997
2008-04-13 13:50:00+00:00,ME02,-0.01998021711981816,-0.027125722943431657,-0.16058851603461138,-1.6380969971771233,0.6782908971079451,0.7759815663506238,1.433292851030285,-0.10264043637505327,-0.0613173417705997
2008-04-13 14:00:00+00:00,ME02,-0.026938500545386154,-0.9175411440903068,-0.6275190105854827,-1.7826067264122682,0.5782255205208847,0.5603137126008083,0.7588020915536895,-0.10264043637505327,-0.0613173417705997
2008-04-13 14:10:00+00:00,ME02,-0.02727142076337629,-0.45343175956305265,-0.8221507208193546,-1.7826067264122682,0.5782255205208847,0.5603137126008083,0.7588020915536895,-0.10264043637505327,-0.0613173417705997
2008-04-13 14:20:00+00:00,ME02,-0.027102384940805184,-0.7223670250984652,-0.8966554464609637,-1.7826067264122682,0.5782255205208847,0.5603137126008083,0.7588020915536895,-0.10264043637505327,-0.0613173417705997
2008-04-13 14:30:00+00:00,ME02,-0.026561541634854947,0.22272633773140893,-0.857750347370963,-1.7826067264122682,0.5782255205208847,0.5603137126008083,0.7588020915536895,-0.10264043637505327,-0.0613173417705997
2008-04-13 14:40:00+00:00,ME02,-0.02532467103630187,0.02275721438787411,-0.7747839880492021,-1.7826067264122682,0.5782255205208847,0.5603137126008083,0.7588020915536895,-0.10264043637505327,-0.0613173417705997
2008-04-13 14:50:00+00:00,ME02,-0.023624684697006997,-0.19250866806786768,-0.827786569153601,-1.7826067264122682,0.5782255205208847,0.5603137126008083,0.7588020915536895,-0.10264043637505327,-0.0613173417705997
2008-04-13 15:00:00+00:00,ME02,-0.02938429542228956,-1.0324768983959254,-0.9437468590862877,-1.830808642741865,0.6516911290762355,0.4080776500998038,0.4215567632453126,-0.10264043637505327,-0.0613173417705997
2008-04-13 15:10:00+00:00,ME02,-0.02606290194562633,-0.8630042591511313,-0.7317375034193027,-1.830808642741865,0.6516911290762355,0.4080776500998038,0.4215567632453126,-0.10264043637505327,-0.0613173417705997
2008-04-13 15:20:00+00:00,ME02,-0.028344909859755775,-1.1232044336705413,-0.870244485104431,-1.830808642741865,0.6516911290762355,0.4080776500998038,0.4215567632453126,-0.10264043637505327,-0.0613173417705997
2008-04-13 15:30:00+00:00,ME02,-0.027571303589766685,-0.2048622433821829,-0.9323082101410775,-1.830808642741865,0.6516911290762355,0.4080776500998038,0.4215567632453126,-0.10264043637505327,-0.0613173417705997
2008-04-13 15:40:00+00:00,ME02,-0.02510073341793829,-0.11552459449589285,-0.8028825065935338,-1.830808642741865,0.6516911290762355,0.4080776500998038,0.4215567632453126,-0.10264043637505327,-0.0613173417705997
2008-04-13 15:50:00+00:00,ME02,-0.027261790019250772,-0.1701889688408114,-0.8347130618489342,-1.830808642741865,0.6516911290762355,0.4080776500998038,0.4215567632453126,-0.10264043637505327,-0.0613173417705997
2008-04-13 16:00:00+00:00,ME02,-0.027587214555962192,-0.8671526701034276,-0.9468629591469168,-2.0235202883066066,0.38569477696774346,0.3953911144780023,-0.6744907594765952,-0.10264043637505327,-0.0613173417705997
2008-04-13 16:10:00+00:00,ME02,-0.02586977652006163,-0.8709407593014383,-0.8149256650684676,-2.0235202883066066,0.38569477696774346,0.3953911144780023,-0.6744907594765952,-0.10264043637505327,-0.0613173417705997
2008-04-13 16:20:00+00:00,ME02,-0.026091812499658577,-0.7054081609045837,-0.9018551027312055,-2.0235202883066066,0.38569477696774346,0.3953911144780023,-0.6744907594765952,-0.10264043637505327,-0.0613173417705997
2008-04-13 16:30:00+00:00,ME02,-0.02757361775991032,0.374815988980772,-0.8194952219863525,-2.0235202883066066,0.38569477696774346,0.3953911144780023,-0.6744907594765952,-0.10264043637505327,-0.0613173417705997
2008-04-13 16:40:00+00:00,ME02,-0.02435712232782202,0.28437684436577615,-0.7173566852314647,-2.0235202883066066,0.38569477696774346,0.3953911144780023,-0.6744907594765952,-0.10264043637505327,-0.0613173417705997
2008-04-13 16:50:00+00:00,ME02,-0.025309922404591578,0.13314397530330954,-0.6576880672139807,-2.0235202883066066,0.38569477696774346,0.3953911144780023,-0.6744907594765952,-0.10264043637505327,-0.0613173417705997
2008-04-13 17:00:00+00:00,ME02,-0.023031602373690254,-0.24646904826109234,-0.1848283513875364,-1.8549096009066632,0.09689866163803179,0.24738389718424256,-0.6744907594765952,-0.10264043637505327,-0.0613173417705997
2008-04-13 17:10:00+00:00,ME02,-0.02079747314119692,-0.5103665191747508,-0.16043829171639307,-1.8549096009066632,0.09689866163803179,0.24738389718424256,-0.6744907594765952,-0.10264043637505327,-0.0613173417705997
2008-04-13 17:20:00+00:00,ME02,-0.022800042272793173,-0.7733053811445406,-0.23074134545216138,-1.8549096009066632,0.09689866163803179,0.24738389718424256,-0.6744907594765952,-0.10264043637505327,-0.0613173417705997
2008-04-13 17:30:00+00:00,ME02,-0.021502331871609874,-0.005648290935318256,-0.09017956599191593,-1.8549096009066632,0.09689866163803179,0.24738389718424256,-0.6744907594765952,-0.10264043637505327,-0.0613173417705997
2008-04-13 17:40:00+00:00,ME02,-0.01995252531002944,0.34773126396472337,-0.04231850313747473,-1.8549096009066632,0.09689866163803179,0.24738389718424256,-0.6744907594765952,-0.10264043637505327,-0.0613173417705997
2008-04-13 17:50:00+00:00,ME02,-0.01980695875338292,0.5227117455879156,-0.0963604567448999,-1.8549096009066632,0.09689866163803179,0.24738389718424256,-0.6744907594765952,-0.10264043637505327,-0.0613173417705997
2008-04-13 18:00:00+00:00,ME02,-0.02175284586821079,-0.8518862636108373,-0.13833995758898232,-1.8549096009066632,-0.2476298835592249,0.15012193551745878,-0.6323350934380482,-0.10264043637505327,0.13285424050296613
2008-04-13 18:10:00+00:00,ME02,-0.019627009404555435,-0.9372732454091118,-0.1824629562078655,-1.8549096009066632,-0.2476298835592249,0.15012193551745878,-0.6323350934380482,-0.10264043637505327,0.13285424050296613
2008-04-13 18:20:00+00:00,ME02,-0.022369772626361535,-0.33526799084451886,-0.017751483943735748,-1.8549096009066632,-0.2476298835592249,0.15012193551745878,-0.6323350934380482,-0.10264043637505327,0.13285424050296613
2008-04-13 18:30:00+00:00,ME02,-0.02407866935793004,-0.43688482658547934,-0.10604709864702316,-1.8549096009066632,-0.2476298835592249,0.15012193551745878,-0.6323350934380482,-0.10264043637505327,0.13285424050296613
2008-04-13 18:40:00+00:00,ME02,-0.019927603568840133,-0.11312203228042741,0.023842452506792736,-1.8549096009066632,-0.2476298835592249,0.15012193551745878,-0.6323350934380482,-0.10264043637505327,0.13285424050296613
2008-04-13 18:50:00+00:00,ME02,-0.01881326861358601,0.21641635434283887,0.1552105323185913,-1.8549096009066632,-0.2476298835592249,0.15012193551745878,-0.6323350934380482,-0.10264043637505327,0.13285424050296613
2008-04-13 19:00:00+00:00,ME02,-0.020609871942910175,-0.6737671110348968,-0.09602991513242874,-1.5176402162299545,-0.4312940377684628,0.20932488155899143,-0.6744907594765952,-0.10264043637505327,0.13285424050296613
2008-04-13 19:10:00+00:00,ME02,-0.020765943843676925,-0.8188383239648237,0.04463378879257962,-1.5176402162299545,-0.4312940377684628,0.20932488155899143,-0.6744907594765952,-0.10264043637505327,0.13285424050296613
2008-04-13 19:20:00+00:00,ME02,-0.02341025246163577,-1.0176232398907457,0.057601322455380445,-1.5176402162299545,-0.4312940377684628,0.20932488155899143,-0.6744907594765952,-0.10264043637505327,0.13285424050296613
2008-04-13 19:30:00+00:00,ME02,-0.021782863242899794,0.4006628235625858,0.06265886385323487,-1.5176402162299545,-0.4312940377684628,0.20932488155899143,-0.6744907594765952,-0.10264043637505327,0.13285424050296613
2008-04-13 19:40:00+00:00,ME02,-0.01862812678491652,-0.07092566974114954,0.23183766374468465,-1.5176402162299545,-0.4312940377684628,0.20932488155899143,-0.6744907594765952,-0.10264043637505327,0.13285424050296613
2008-04-13 19:50:00+00:00,ME02,-0.017376918538774624,0.8224176236283307,0.24049070400914055,-1.5176402162299545,-0.4312940377684628,0.20932488155899143,-0.6744907594765952,-0.10264043637505327,0.13285424050296613
2008-04-13 20:00:00+00:00,ME02,-0.02053303495401295,-0.9892191456905196,-0.0013503357366798582,-0.9395052795357305,-0.6314245253008635,0.2516127423915209,-0.6744907594765952,-0.10264043637505327,0.13285424050296613
2008-04-13 20:10:00+00:00,ME02,-0.019752492993018938,-0.8979151322587502,-0.0056391251123804964,-0.9395052795357305,-0.6314245253008635,0.2516127423915209,-0.6744907594765952,-0.10264043637505327,0.13285424050296613
2008-04-13 20:20:00+00:00,ME02,-0.020645775330750186,-0.18241470967347787,0.03390904105826792,-0.9395052795357305,-0.6314245253008635,0.2516127423915209,-0.6744907594765952,-0.10264043637505327,0.13285424050296613
2008-04-13 20:30:00+00:00,ME02,-0.02224870305912629,-0.17303850796265008,0.09594335143876537,-0.9395052795357305,-0.6314245253008635,0.2516127423915209,-0.6744907594765952,-0.10264043637505327,0.13285424050296613
2008-04-13 20:40:00+00:00,ME02,-0.019255641035303278,-0.020329973733416162,0.2628574431140542,-0.9395052795357305,-0.6314245253008635,0.2516127423915209,-0.6744907594765952,-0.10264043637505327,0.13285424050296613
2008-04-13 20:50:00+00:00,ME02,-0.019592352057809886,-0.4294503526015014,0.2897066333944738,-0.9395052795357305,-0.6314245253008635,0.2516127423915209,-0.6744907594765952,-0.10264043637505327,0.13285424050296613
2008-04-13 21:00:00+00:00,ME02,-0.02145899641875099,-0.8722404695476073,0.08903113755348234,-1.3490295288300114,-0.5503591727662528,0.2727563771876922,-0.6744907594765952,-0.10264043637505327,0.13285424050296613
2008-04-13 21:10:00+00:00,ME02,-0.01739164837812974,0.06097792302665542,0.14312055955619532,-1.3490295288300114,-0.5503591727662528,0.2727563771876922,-0.6744907594765952,-0.10264043637505327,0.13285424050296613
2008-04-13 21:20:00+00:00,ME02,-0.02132786950768676,-0.8804962392771221,0.14957746209151046,-1.3490295288300114,-0.5503591727662528,0.2727563771876922,-0.6744907594765952,-0.10264043637505327,0.13285424050296613
2008-04-13 21:30:00+00:00,ME02,-0.021785430153156808,0.39341739848445134,0.0632238787268823,-1.3490295288300114,-0.5503591727662528,0.2727563771876922,-0.6744907594765952,-0.10264043637505327,0.13285424050296613
2008-04-13 21:40:00+00:00,ME02,-0.018551349231429162,0.2010158795841424,0.2534236249094025,-1.3490295288300114,-0.5503591727662528,0.2727563771876922,-0.6744907594765952,-0.10264043637505327,0.13285424050296613
2008-04-13 21:50:00+00:00,ME02,-0.021081595718372696,0.3484016734012075,0.1984513246995722,-1.3490295288300114,-0.5503591727662528,0.2727563771876922,-0.6744907594765952,-0.10264043637505327,0.13285424050296613
2008-04-13 22:00:00+00:00,ME02,-0.020510904698366222,-0.9806499734327658,-0.07411996234051309,-0.7226926758061906,-0.6491577039886697,0.25584129197868904,-0.590179427399501,-0.10264043637505327,0.13285424050296613
2008-04-13 22:10:00+00:00,ME02,-0.021752962373105703,-0.895173075875431,-0.03633029392994885,-0.7226926758061906,-0.6491577039886697,0.25584129197868904,-0.590179427399501,-0.10264043637505327,0.13285424050296613
2008-04-13 22:20:00+00:00,ME02,-0.020376135495933652,-0.6365533772412474,0.011938447302541474,-0.7226926758061906,-0.6491577039886697,0.25584129197868904,-0.590179427399501,-0.10264043637505327,0.13285424050296613
2008-04-13 22:30:00+00:00,ME02,-0.020406501844082787,0.06814404612251189,-0.03318261405912901,-0.7226926758061906,-0.6491577039886697,0.25584129197868904,-0.590179427399501,-0.10264043637505327,0.13285424050296613
2008-04-13 22:40:00+00:00,ME02,-0.017969338150972153,-0.21721825527627386,0.02684225056863214,-0.7226926758061906,-0.6491577039886697,0.25584129197868904,-0.590179427399501,-0.10264043637505327,0.13285424050296613
2008-04-13 22:50:00+00:00,ME02,-0.018842033969427283,0.4858074626552655,0.15099597062749548,-0.7226926758061906,-0.6491577039886697,0.25584129197868904,-0.590179427399501,-0.10264043637505327,0.13285424050296613
2008-04-13 23:00:00+00:00,ME02,-0.021970372401012916,-0.8727196994243388,-0.07823354212228652,-1.1803708315532457,-0.6111581871672107,0.2769852223949706,-0.6744907594765952,-0.10264043637505327,0.13285424050296613
2008-04-13 23:10:00+00:00,ME02,-0.022165897682321876,-0.05087695281663042,-0.018558258494234262,-1.1803708315532457,-0.6111581871672107,0.2769852223949706,-0.6744907594765952,-0.10264043637505327,0.13285424050296613
2008-04-13 23:20:00+00:00,ME02,-0.022836132626060827,-0.9656234930256531,0.03385983260564183,-1.1803708315532457,-0.6111581871672107,0.2769852223949706,-0.6744907594765952,-0.10264043637505327,0.13285424050296613
2008-04-13 23:30:00+00:00,ME02,-0.018383300724321008,-0.1727754853102921,0.05877033201017892,-1.1803708315532457,-0.6111581871672107,0.2769852223949706,-0.6744907594765952,-0.10264043637505327,0.13285424050296613
2008-04-13 23:40:00+00:00,ME02,-0.013496612762541924,0.25719663964143213,0.19243909060660766,-1.1803708315532457,-0.6111581871672107,0.2769852223949706,-0.6744907594765952,-0.10264043637505327,0.13285424050296613
2008-04-13 23:50:00+00:00,ME02,-0.018663870051907328,0.22231372940826896,0.1572501351452766,-1.1803708315532457,-0.6111581871672107,0.2769852223949706,-0.6744907594765952,-0.10264043637505327,0.13285424050296613
2008-04-14 00:00:00+00:00,ME02,-0.01960629640016837,-0.8169249480625581,0.15376107179076612,-0.578134936694224,-0.8378884427313209,0.09937638427040617,0.6323350934380482,-0.10264043637505327,0.32702582277653125
2008-04-14 00:10:00+00:00,ME02,-0.018347910625792687,-0.8177464280818257,0.26272431249922507,-0.578134936694224,-0.8378884427313209,0.09937638427040617,0.6323350934380482,-0.10264043637505327,0.32702582277653125
2008-04-14 00:20:00+00:00,ME02,-0.016816184654382935,-0.9206026564765009,0.21731010966261835,-0.578134936694224,-0.8378884427313209,0.09937638427040617,0.6323350934380482,-0.10264043637505327,0.32702582277653125
2008-04-14 00:30:00+00:00,ME02,-0.01775605409901666,-0.37001861664573965,0.20690575915913148,-0.578134936694224,-0.8378884427313209,0.09937638427040617,0.6323350934380482,-0.10264043637505327,0.32702582277653125
2008-04-14 00:40:00+00:00,ME02,-0.014067869514736828,-0.32553176864821176,0.34326668789482606,-0.578134936694224,-0.8378884427313209,0.09937638427040617,0.6323350934380482,-0.10264043637505327,0.32702582277653125
2008-04-14 00:50:00+00:00,ME02,-0.017680689025355037,0.06892144871951536,0.337578705611708,-0.578134936694224,-0.8378884427313209,0.09937638427040617,0.6323350934380482,-0.10264043637505327,0.32702582277653125
2008-04-14 01:00:00+00:00,ME02,-0.01868917990448611,-0.29162196884607244,0.2028212120705738,-0.3854232911294818,-0.9164209014618058,-0.05285967823059832,-0.6744907594765952,-0.10264043637505327,0.32702582277653125
2008-04-14 01:10:00+00:00,ME02,-0.01771963659845004,-0.8786768328309545,0.12914605946472982,-0.3854232911294818,-0.9164209014618058,-0.05285967823059832,-0.6744907594765952,-0.10264043637505327,0.32702582277653125
2008-04-14 01:20:00+00:00,ME02,-0.017022394545760787,0.007833864926730291,0.2465674075537377,-0.3854232911294818,-0.9164209014618058,-0.05285967823059832,-0.6744907594765952,-0.10264043637505327,0.32702582277653125
2008-04-14 01:30:00+00:00,ME02,-0.016478925791136658,0.5176032782605231,0.14871777520969706,-0.3854232911294818,-0.9164209014618058,-0.05285967823059832,-0.6744907594765952,-0.10264043637505327,0.32702582277653125
2008-04-14 01:40:00+00:00,ME02,-0.01639465308053851,0.3517042851052524,0.6479299844435341,-0.3854232911294818,-0.9164209014618058,-0.05285967823059832,-0.6744907594765952,-0.10264043637505327,0.32702582277653125
2008-04-14 01:50:00+00:00,ME02,-0.013686484207084126,0.4807506406226842,0.6183747327755612,-0.3854232911294818,-0.9164209014618058,-0.05285967823059832,-0.6744907594765952,-0.10264043637505327,0.32702582277653125
2008-04-14 02:00:00+00:00,ME02,-0.014524988336202173,-0.5363144844760014,0.3833572517252164,-0.43362520745907857,-0.9835530801190998,-0.17972326072818678,2.3185620435594574,-0.10264043637505327,0.32702582277653125
2008-04-14 02:10:00+00:00,ME02,-0.013970428204835782,0.14901901945816415,0.30620841972824125,-0.43362520745907857,-0.9835530801190998,-0.17972326072818678,2.3185620435594574,-0.10264043637505327,0.32702582277653125
2008-04-14 02:20:00+00:00,ME02,-0.013389821458007437,-0.8366019956075582,0.3514145716385589,-0.43362520745907857,-0.9835530801190998,-0.17972326072818678,2.3185620435594574,-0.10264043637505327,0.32702582277653125
2008-04-14 02:30:00+00:00,ME02,-0.016002423837043443,-0.38232381739693,0.44375915085596673,-0.43362520745907857,-0.9835530801190998,-0.17972326072818678,2.3185620435594574,-0.10264043637505327,0.32702582277653125
2008-04-14 02:40:00+00:00,ME02,-0.010777151249098017,-0.40761555385272435,0.7616705482675348,-0.43362520745907857,-0.9835530801190998,-0.17972326072818678,2.3185620435594574,-0.10264043637505327,0.32702582277653125
2008-04-14 02:50:00+00:00,ME02,-0.01371009580922894,0.24789343534247918,0.7237684052308767,-0.43362520745907857,-0.9835530801190998,-0.17972326072818678,2.3185620435594574,-0.10264043637505327,0.32702582277653125
2008-04-14 03:00:00+00:00,ME02,-0.01695459983336372,-0.8066635657290904,0.5584925810473587,-0.3613703428415058,-1.1127513841837164,-0.33618816843646965,1.0538918566833608,-0.10264043637505327,0.32702582277653125
2008-04-14 03:10:00+00:00,ME02,-0.016581100928587132,-0.14818081571019825,0.39372420866797836,-0.3613703428415058,-1.1127513841837164,-0.33618816843646965,1.0538918566833608,-0.10264043637505327,0.32702582277653125
2008-04-14 03:20:00+00:00,ME02,-0.013974360397260759,-0.8411342829240769,0.5152713871614222,-0.3613703428415058,-1.1127513841837164,-0.33618816843646965,1.0538918566833608,-0.10264043637505327,0.32702582277653125
2008-04-14 03:30:00+00:00,ME02,-0.012729715133302635,-0.07098358354803991,0.5001403155496543,-0.3613703428415058,-1.1127513841837164,-0.33618816843646965,1.0538918566833608,-0.10264043637505327,0.32702582277653125
2008-04-14 03:40:00+00:00,ME02,-0.010749554885781113,-0.20558570152938524,0.8898882880081675,-0.3613703428415058,-1.1127513841837164,-0.33618816843646965,1.0538918566833608,-0.10264043637505327,0.32702582277653125
2008-04-14 03:50:00+00:00,ME02,-0.011138307376809741,0.6507163961982937,0.8525282153054732,-0.3613703428415058,-1.1127513841837164,-0.33618816843646965,1.0538918566833608,-0.10264043637505327,0.32702582277653125
2008-04-14 04:00:00+00:00,ME02,-0.01774054817456583,-0.7631968204527774,0.4716159166300616,-0.3854232911294818,-1.0848850364290838,-0.15012163989738211,4.004788890821024,-0.10264043637505327,0.32702582277653125
2008-04-14 04:10:00+00:00,ME02,-0.014523927196008968,-0.9280734105443372,0.5110071778239061,-0.3854232911294818,-1.0848850364290838,-0.15012163989738211,4.004788890821024,-0.10264043637505327,0.32702582277653125
2008-04-14 04:20:00+00:00,ME02,-0.01623220823293706,-0.6997418404192793,0.6049959984610437,-0.3854232911294818,-1.0848850364290838,-0.15012163989738211,4.004788890821024,-0.10264043637505327,0.32702582277653125
2008-04-14 04:30:00+00:00,ME02,-0.011522386617046089,-0.05388889221595093,0.5195289343019808,-0.3854232911294818,-1.0848850364290838,-0.15012163989738211,4.004788890821024,-0.10264043637505327,0.32702582277653125
2008-04-14 04:40:00+00:00,ME02,-0.010565287782520102,-0.028624224928218003,0.9441240857615533,-0.3854232911294818,-1.0848850364290838,-0.15012163989738211,4.004788890821024,-0.10264043637505327,0.32702582277653125
2008-04-14 04:50:00+00:00,ME02,-0.011585651068348454,0.17947295428101992,0.9448237770653596,-0.3854232911294818,-1.0848850364290838,-0.15012163989738211,4.004788890821024,-0.10264043637505327,0.32702582277653125
2008-04-14 05:00:00+00:00,ME02,-0.013675015665811984,-0.5427778033270297,0.693848811087722,-0.6263368530238195,-1.0177528577717894,-0.22201112156071626,-0.25293399623128265,-0.10264043637505327,0.32702582277653125
2008-04-14 05:10:00+00:00,ME02,-0.012163888317060502,0.15766769113973533,0.6309164171605661,-0.6263368530238195,-1.0177528577717894,-0.22201112156071626,-0.25293399623128265,-0.10264043637505327,0.32702582277653125
2008-04-14 05:20:00+00:00,ME02,-0.01294989594730817,-0.8533884517246426,0.752302680749965,-0.6263368530238195,-1.0177528577717894,-0.22201112156071626,-0.25293399623128265,-0.10264043637505327,0.32702582277653125
2008-04-14 05:30:00+00:00,ME02,-0.011215683599379278,0.6807891744706285,0.6275426558212863,-0.6263368530238195,-1.0177528577717894,-0.22201112156071626,-0.25293399623128265,-0.10264043637505327,0.32702582277653125
2008-04-14 05:40:00+00:00,ME02,-0.00722102546489146,0.7477215816166279,1.0154303289526165,-0.6263368530238195,-1.0177528577717894,-0.22201112156071626,-0.25293399623128265,-0.10264043637505327,0.32702582277653125
2008-04-14 05:50:00+00:00,ME02,-0.009106261973702458,0.8062865260980958,1.127118587665709,-0.6263368530238195,-1.0177528577717894,-0.22201112156071626,-0.25293399623128265,-0.10264043637505327,0.32702582277653125
2008-04-14 06:00:00+00:00,ME02,-0.011571804273118385,-0.6406740058025662,0.7822790231294225,-0.24091356189433766,-0.9126208966513157,-0.06554591823232314,-0.6323350934380482,-0.10264043637505327,0.6949298734001287
2008-04-14 06:10:00+00:00,ME02,-0.011720612915060283,-0.13416616274395698,0.8203206226693388,-0.24091356189433766,-0.9126208966513157,-0.06554591823232314,-0.6323350934380482,-0.10264043637505327,0.6949298734001287
2008-04-14 06:20:00+00:00,ME02,-0.013014061796147077,-0.1262253251685576,0.8658656711115379,-0.24091356189433766,-0.9126208966513157,-0.06554591823232314,-0.6323350934380482,-0.10264043637505327,0.6949298734001287
2008-04-14 06:30:00+00:00,ME02,-0.011775753200245492,0.725731057669148,0.9023641010475775,-0.24091356189433766,-0.9126208966513157,-0.06554591823232314,-0.6323350934380482,-0.10264043637505327,0.6949298734001287
2008-04-14 06:40:00+00:00,ME02,-0.0047406882809485846,0.7416808101693171,1.2802341808204292,-0.24091356189433766,-0.9126208966513157,-0.06554591823232314,-0.6323350934380482,-0.10264043637505327,0.6949298734001287
2008-04-14 06:50:00+00:00,ME02,-0.006702712529988871,0.8777484491684742,1.3364787394211382,-0.24091356189433766,-0.9126208966513157,-0.06554591823232314,-0.6323350934380482,-0.10264043637505327,0.6949298734001287
2008-04-14 07:00:00+00:00,ME02,-0.011117291768816833,-0.8333284909253429,0.9884718633381863,-0.3854232911294818,-0.7479565008528073,0.12052031468668771,2.57149603979074,-0.10264043637505327,0.6949298734001287
2008-04-14 07:10:00+00:00,ME02,-0.0076258498379631655,-0.5009408492154013,0.9752669033545769,-0.3854232911294818,-0.7479565008528073,0.12052031468668771,2.57149603979074,-0.10264043637505327,0.6949298734001287
2008-04-14 07:20:00+00:00,ME02,-0.010779347067758275,-0.4653859991279841,0.986332264859311,-0.3854232911294818,-0.7479565008528073,0.12052031468668771,2.57149603979074,-0.10264043637505327,0.6949298734001287
2008-04-14 07:30:00+00:00,ME02,-0.011870016642572593,-0.07936146254822997,0.8335249911669905,-0.3854232911294818,-0.7479565008528073,0.12052031468668771,2.57149603979074,-0.10264043637505327,0.6949298734001287
2008-04-14 07:40:00+00:00,ME02,-0.010271430481451875,0.4143243640253778,1.223287030080046,-0.3854232911294818,-0.7479565008528073,0.12052031468668771,2.57149603979074,-0.10264043637505327,0.6949298734001287
2008-04-14 07:50:00+00:00,ME02,-0.0067836470931609836,0.9634241274488928,1.2955977423901128,-0.3854232911294818,-0.7479565008528073,0.12052031468668771,2.57149603979074,-0.10264043637505327,0.6949298734001287
2008-04-14 08:00:00+00:00,ME02,-0.00491668312639638,-0.7238364469369518,1.686406594061738,-0.40952424929428016,-0.6656243029535527,0.19663834593718996,0.12646699811564133,-0.10264043637505327,0.6949298734001287
2008-04-14 08:10:00+00:00,ME02,-0.005386590757275055,-0.3225416915536391,1.5985984552409294,-0.40952424929428016,-0.6656243029535527,0.19663834593718996,0.12646699811564133,-0.10264043637505327,0.6949298734001287
2008-04-14 08:20:00+00:00,ME02,-0.006926038147774875,-0.6031189928048681,1.3548605168893322,-0.40952424929428016,-0.6656243029535527,0.19663834593718996,0.12646699811564133,-0.10264043637505327,0.6949298734001287
2008-04-14 08:30:00+00:00,ME02,-0.007654706596168803,0.20955770190880896,1.363255497640134,-0.40952424929428016,-0.6656243029535527,0.19663834593718996,0.12646699811564133,-0.10264043637505327,0.6949298734001287
2008-04-14 08:40:00+00:00,ME02,-0.0049612228032830785,0.42390087284423955,1.6060614541711609,-0.40952424929428016,-0.6656243029535527,0.19663834593718996,0.12646699811564133,-0.10264043637505327,0.6949298734001287
2008-04-14 08:50:00+00:00,ME02,-0.0046031159317113275,0.4036579917081392,1.097409019251329,-0.40952424929428016,-0.6656243029535527,0.19663834593718996,0.12646699811564133,-0.10264043637505327,0.6949298734001287
2008-04-14 09:00:00+00:00,ME02,-0.009115529077379371,-0.5576897360897549,1.0864483446954492,-0.6504378111886179,-0.555425757299666,0.18395210593546513,-0.25293399623128265,-0.10264043637505327,0.6949298734001287
2008-04-14 09:10:00+00:00,ME02,-0.004591338135528922,-0.7730512680851219,1.7404333875328197,-0.6504378111886179,-0.555425757299666,0.18395210593546513,-0.25293399623128265,-0.10264043637505327,0.6949298734001287
2008-04-14 09:20:00+00:00,ME02,-0.0059565276725776235,-0.8134506336201001,1.9145841024943975,-0.6504378111886179,-0.555425757299666,0.18395210593546513,-0.25293399623128265,-0.10264043637505327,0.6949298734001287
2008-04-14 09:30:00+00:00,ME02,0.0023165290307518723,-0.3167509310776017,2.4725115209603032,-0.6504378111886179,-0.555425757299666,0.18395210593546513,-0.25293399623128265,-0.10264043637505327,0.6949298734001287
2008-04-14 09:40:00+00:00,ME02,0.002954858526819686,0.05971434123239045,2.3100518338633145,-0.6504378111886179,-0.555425757299666,0.18395210593546513,-0.25293399623128265,-0.10264043637505327,0.6949298734001287
2008-04-14 09:50:00+00:00,ME02,0.04005575983289904,21.762723900476242,6.766703042251775,-0.6504378111886179,-0.555425757299666,0.18395210593546513,-0.25293399623128265,-0.10264043637505327,0.6949298734001287
2008-04-14 10:00:00+00:00,ME02,0.005446386400084172,-0.6931413427393515,2.606070818554896,-0.6022358948590224,-0.2894294051911735,0.18395210593546513,1.5176041831073792,-0.10264043637505327,0.6949298734001287
2008-04-14 10:10:00+00:00,ME02,0.007897597778173627,16.400163774091435,3.4633307749296107,-0.6022358948590224,-0.2894294051911735,0.18395210593546513,1.5176041831073792,-0.10264043637505327,0.6949298734001287
2008-04-14 10:20:00+00:00,ME02,0.0016530187179367658,28.730263177059157,2.3546596347323523,-0.6022358948590224,-0.2894294051911735,0.18395210593546513,1.5176041831073792,-0.10264043637505327,0.6949298734001287
2008-04-14 10:30:00+00:00,ME02,-0.007714130810646456,-0.24608236589251212,1.603058947052454,-0.6022358948590224,-0.2894294051911735,0.18395210593546513,1.5176041831073792,-0.10264043637505327,0.6949298734001287
2008-04-14 10:40:00+00:00,ME02,-0.007621813908544939,-0.3614299943409686,1.599109806892702,-0.6022358948590224,-0.2894294051911735,0.18395210593546513,1.5176041831073792,-0.10264043637505327,0.6949298734001287
2008-04-14 10:50:00+00:00,ME02,0.009468869624205655,4.283836375449975,3.4831434046620853,-0.6022358948590224,-0.2894294051911735,0.18395210593546513,1.5176041831073792,-0.10264043637505327,0.6949298734001287
2008-04-14 11:00:00+00:00,ME02,0.03825012057058052,2.542501676009992,6.692471319585255,-0.40952424929428016,-0.1272981688385117,0.12897800510121082,-0.2107783301927355,-0.10264043637505327,0.6949298734001287
2008-04-14 11:10:00+00:00,ME02,0.03186525695524177,1.7926824591936394,6.05883687005144,-0.40952424929428016,-0.1272981688385117,0.12897800510121082,-0.2107783301927355,-0.10264043637505327,0.6949298734001287
2008-04-14 11:20:00+00:00,ME02,0.033981237821116936,4.5606862837298925,7.97703902060945,-0.40952424929428016,-0.1272981688385117,0.12897800510121082,-0.2107783301927355,-0.10264043637505327,0.6949298734001287
2008-04-14 11:30:00+00:00,ME02,0.017152169856206382,3.5133955526783835,4.612167850647752,-0.40952424929428016,-0.1272981688385117,0.12897800510121082,-0.2107783301927355,-0.10264043637505327,0.6949298734001287
2008-04-14 11:40:00+00:00,ME02,0.010953563859810202,0.8651003394031939,3.5943613705208644,-0.40952424929428016,-0.1272981688385117,0.12897800510121082,-0.2107783301927355,-0.10264043637505327,0.6949298734001287
2008-04-14 11:50:00+00:00,ME02,0.0030887120496433606,0.46916306399099367,2.7036990893123733,-0.40952424929428016,-0.1272981688385117,0.12897800510121082,-0.2107783301927355,-0.10264043637505327,0.6949298734001287
2008-04-14 12:00:00+00:00,ME02,0.006890756797049003,2.465486085870474,3.7210523144268564,-0.21681260372953928,0.21216379182533218,0.16280817551918358,0.33724543116821853,-0.10264043637505327,1.0628339240237255
2008-04-14 12:10:00+00:00,ME02,0.00830166388763524,1.912049344458266,3.2601816961175123,-0.21681260372953928,0.21216379182533218,0.16280817551918358,0.33724543116821853,-0.10264043637505327,1.0628339240237255
2008-04-14 12:20:00+00:00,ME02,-0.0013956296521140802,1.4345087947093413,2.4222539279944786,-0.21681260372953928,0.21216379182533218,0.16280817551918358,0.33724543116821853,-0.10264043637505327,1.0628339240237255
2008-04-14 12:30:00+00:00,ME02,-0.0049770553517312615,1.7717282059995982,1.8019993670090775,-0.21681260372953928,0.21216379182533218,0.16280817551918358,0.33724543116821853,-0.10264043637505327,1.0628339240237255
2008-04-14 12:40:00+00:00,ME02,-0.010638092139013677,2.5429336244253395,1.0110461068992123,-0.21681260372953928,0.21216379182533218,0.16280817551918358,0.33724543116821853,-0.10264043637505327,1.0628339240237255
2008-04-14 12:50:00+00:00,ME02,-0.012567995909319275,-0.7310714086736105,0.8839854907630919,-0.21681260372953928,0.21216379182533218,0.16280817551918358,0.33724543116821853,-0.10264043637505327,1.0628339240237255
2008-04-14 13:00:00+00:00,ME02,-0.007441376057393832,-0.5366530822960739,0.9489857959361596,-0.6022358948590224,-0.08169890803779278,-0.061317368645155045,2.866585804920411,-0.10264043637505327,1.0628339240237255
2008-04-14 13:10:00+00:00,ME02,-0.00902338669587138,0.9777300489726495,0.9455257611198432,-0.6022358948590224,-0.08169890803779278,-0.061317368645155045,2.866585804920411,-0.10264043637505327,1.0628339240237255
2008-04-14 13:20:00+00:00,ME02,-0.007716885625791087,1.2455519840315052,0.9325846907820019,-0.6022358948590224,-0.08169890803779278,-0.061317368645155045,2.866585804920411,-0.10264043637505327,1.0628339240237255
2008-04-14 13:30:00+00:00,ME02,-0.022519545042574987,3.7440461603460986,-0.40708449427412213,-0.6022358948590224,-0.08169890803779278,-0.061317368645155045,2.866585804920411,-0.10264043637505327,1.0628339240237255
2008-04-14 13:40:00+00:00,ME02,-0.029452769711133062,-0.6197741541242668,-1.7311176804684523,-0.6022358948590224,-0.08169890803779278,-0.061317368645155045,2.866585804920411,-0.10264043637505327,1.0628339240237255
2008-04-14 13:50:00+00:00,ME02,-0.02900250227914097,-0.9039813236866396,-1.6744317570917278,-0.6022358948590224,-0.08169890803779278,-0.061317368645155045,2.866585804920411,-0.10264043637505327,1.0628339240237255
2008-04-14 14:00:00+00:00,ME02,-0.026907070807189536,-0.2463722274965107,-1.3932630131637491,-0.9876591859885049,-0.01963304827219139,-0.10360522947765093,0.7588020915536895,-0.10264043637505327,1.0628339240237255
2008-04-14 14:10:00+00:00,ME02,-0.02711448047929839,0.4498889386182761,-1.4288147801295699,-0.9876591859885049,-0.01963304827219139,-0.10360522947765093,0.7588020915536895,-0.10264043637505327,1.0628339240237255
2008-04-14 14:20:00+00:00,ME02,-0.028114276975641873,1.1030570412538687,-1.2507297939071236,-0.9876591859885049,-0.01963304827219139,-0.10360522947765093,0.7588020915536895,-0.10264043637505327,1.0628339240237255
2008-04-14 14:30:00+00:00,ME02,-0.02569792598396727,-0.00737189856199076,-1.0601837605841113,-0.9876591859885049,-0.01963304827219139,-0.10360522947765093,0.7588020915536895,-0.10264043637505327,1.0628339240237255
2008-04-14 14:40:00+00:00,ME02,-0.027430751942135442,0.7436281425273283,-1.076930921540029,-0.9876591859885049,-0.01963304827219139,-0.10360522947765093,0.7588020915536895,-0.10264043637505327,1.0628339240237255
2008-04-14 14:50:00+00:00,ME02,-0.02487369328542046,-0.551714927918401,-0.864871476568566,-0.9876591859885049,-0.01963304827219139,-0.10360522947765093,0.7588020915536895,-0.10264043637505327,1.0628339240237255
2008-04-14 15:00:00+00:00,ME02,-0.019585143246440055,0.5466737886549391,-0.14789756299590828,-0.6022358948590224,0.044966236580977245,-0.12052031468665411,3.45676512946007,-0.10264043637505327,1.0628339240237255
2008-04-14 15:10:00+00:00,ME02,-0.019494646173931075,3.601688249421389,-0.015465091577793402,-0.6022358948590224,0.044966236580977245,-0.12052031468665411,3.45676512946007,-0.10264043637505327,1.0628339240237255
2008-04-14 15:20:00+00:00,ME02,-0.019288943321126847,0.2970711336468724,0.2751496972431337,-0.6022358948590224,0.044966236580977245,-0.12052031468665411,3.45676512946007,-0.10264043637505327,1.0628339240237255
2008-04-14 15:30:00+00:00,ME02,-0.013653657986107248,-0.5520951679429041,0.6950227904743242,-0.6022358948590224,0.044966236580977245,-0.12052031468665411,3.45676512946007,-0.10264043637505327,1.0628339240237255
2008-04-14 15:40:00+00:00,ME02,-0.01827146267512396,-0.6363417071149233,0.2323869063109995,-0.6022358948590224,0.044966236580977245,-0.12052031468665411,3.45676512946007,-0.10264043637505327,1.0628339240237255
2008-04-14 15:50:00+00:00,ME02,-0.017080071841378035,-0.30546213974214903,0.4649096850548319,-0.6022358948590224,0.044966236580977245,-0.12052031468665411,3.45676512946007,-0.10264043637505327,1.0628339240237255
2008-04-14 16:00:00+00:00,ME02,-0.017539736279582812,-0.524579130446459,0.1851056834965828,-1.0117601441533026,0.35782869485483126,-0.010571817398068836,0.7588020915536895,-0.10264043637505327,1.0628339240237255
2008-04-14 16:10:00+00:00,ME02,-0.014236347424038858,-0.46563561083802896,0.16382386203947047,-1.0117601441533026,0.35782869485483126,-0.010571817398068836,0.7588020915536895,-0.10264043637505327,1.0628339240237255
2008-04-14 16:20:00+00:00,ME02,-0.01785496151125278,-0.6157879592790695,0.08353987846613256,-1.0117601441533026,0.35782869485483126,-0.010571817398068836,0.7588020915536895,-0.10264043637505327,1.0628339240237255
2008-04-14 16:30:00+00:00,ME02,-0.020985040951923564,-0.3364315413024413,-0.17401608727848605,-1.0117601441533026,0.35782869485483126,-0.010571817398068836,0.7588020915536895,-0.10264043637505327,1.0628339240237255
2008-04-14 16:40:00+00:00,ME02,-0.019930037221432818,-0.4441612022216069,-0.40317289228907405,-1.0117601441533026,0.35782869485483126,-0.010571817398068836,0.7588020915536895,-0.10264043637505327,1.0628339240237255
2008-04-14 16:50:00+00:00,ME02,-0.023341692140689443,-0.20275282215851806,-0.586422010805687,-1.0117601441533026,0.35782869485483126,-0.010571817398068836,0.7588020915536895,-0.10264043637505327,1.0628339240237255
2008-04-14 17:00:00+00:00,ME02,-0.026092145442919542,-0.978248158570762,-0.7346579818100499,-0.6022358948590224,-0.445227211645779,-0.18395210593543151,1.3489815189531906,-0.10264043637505327,1.0628339240237255
2008-04-14 17:10:00+00:00,ME02,-0.025043531998788702,-0.3879568496378143,-0.8541932742396007,-0.6022358948590224,-0.445227211645779,-0.18395210593543151,1.3489815189531906,-0.10264043637505327,1.0628339240237255
2008-04-14 17:20:00+00:00,ME02,-0.025796523242861778,-0.5748576190162984,-0.957721470057536,-0.6022358948590224,-0.445227211645779,-0.18395210593543151,1.3489815189531906,-0.10264043637505327,1.0628339240237255
2008-04-14 17:30:00+00:00,ME02,-0.022824936035364254,-0.07513731462584639,-0.6428275141462831,-0.6022358948590224,-0.445227211645779,-0.18395210593543151,1.3489815189531906,-0.10264043637505327,1.0628339240237255
2008-04-14 17:40:00+00:00,ME02,-0.01884231843885943,0.19615438407584795,0.10281066604446296,-0.6022358948590224,-0.445227211645779,-0.18395210593543151,1.3489815189531906,-0.10264043637505327,1.0628339240237255
2008-04-14 17:50:00+00:00,ME02,-0.016155486382700673,0.48032935083460565,0.3382375606689295,-0.6022358948590224,-0.445227211645779,-0.18395210593543151,1.3489815189531906,-0.10264043637505327,1.0628339240237255
2008-04-14 18:00:00+00:00,ME02,-0.019314678724848763,-0.7439018523002544,0.19008612811108969,-0.8190484985885617,-1.1596174903490784,-0.18395210593543151,-0.6744907594765952,-0.10264043637505327,1.430737974647323
2008-04-14 18:10:00+00:00,ME02,-0.01830040401060884,-0.36286052936435204,0.17549067157913234,-0.8190484985885617,-1.1596174903490784,-0.18395210593543151,-0.6744907594765952,-0.10264043637505327,1.430737974647323
2008-04-14 18:20:00+00:00,ME02,-0.01580603632653315,-0.9537514970036727,0.3443707820843445,-0.8190484985885617,-1.1596174903490784,-0.18395210593543151,-0.6744907594765952,-0.10264043637505327,1.430737974647323
2008-04-14 18:30:00+00:00,ME02,-0.0166500404235465,0.06750792695120013,0.4157873240293958,-0.8190484985885617,-1.1596174903490784,-0.18395210593543151,-0.6744907594765952,-0.10264043637505327,1.430737974647323
2008-04-14 18:40:00+00:00,ME02,-0.0100622038626276,0.1312604447404023,1.2014829915940628,-0.8190484985885617,-1.1596174903490784,-0.18395210593543151,-0.6744907594765952,-0.10264043637505327,1.430737974647323
2008-04-14 18:50:00+00:00,ME02,-0.007702499206153345,0.6527002375873555,1.1492947501435111,-0.8190484985885617,-1.1596174903490784,-0.18395210593543151,-0.6744907594765952,-0.10264043637505327,1.430737974647323
2008-04-14 19:00:00+00:00,ME02,-0.01356046862454149,-0.6254317680075088,0.7241449898916218,-0.6022358948590224,-1.2571494418485725,-0.027486902607072018,-0.6744907594765952,-0.10264043637505327,1.430737974647323
2008-04-14 19:10:00+00:00,ME02,-0.012182525542689344,-0.6773702354354356,0.7641066021093642,-0.6022358948590224,-1.2571494418485725,-0.027486902607072018,-0.6744907594765952,-0.10264043637505327,1.430737974647323
2008-04-14 19:20:00+00:00,ME02,-0.009158568868708741,-0.5633111262090513,0.956829501154075,-0.6022358948590224,-1.2571494418485725,-0.027486902607072018,-0.6744907594765952,-0.10264043637505327,1.430737974647323
2008-04-14 19:30:00+00:00,ME02,-0.012191976695843562,0.3941926916504935,1.068471273357609,-0.6022358948590224,-1.2571494418485725,-0.027486902607072018,-0.6744907594765952,-0.10264043637505327,1.430737974647323
2008-04-14 19:40:00+00:00,ME02,-0.006103414999327725,0.35686199284971976,1.6006641310068983,-0.6022358948590224,-1.2571494418485725,-0.027486902607072018,-0.6744907594765952,-0.10264043637505327,1.430737974647323
2008-04-14 19:50:00+00:00,ME02,-0.007444678900803919,0.23012136406098863,1.6521617537247442,-0.6022358948590224,-1.2571494418485725,-0.027486902607072018,-0.6744907594765952,-0.10264043637505327,1.430737974647323
2008-04-14 20:00:00+00:00,ME02,-0.012298205488358306,-0.7841109257368489,1.2761213695534852,-0.6504378111886179,-1.4484136056787904,-0.0021144226036223773,-0.6744907594765952,-0.10264043637505327,1.430737974647323
2008-04-14 20:10:00+00:00,ME02,-0.0118211236275679,-0.7332596875454407,1.3444486297318625,-0.6504378111886179,-1.4484136056787904,-0.0021144226036223773,-0.6744907594765952,-0.10264043637505327,1.430737974647323
2008-04-14 20:20:00+00:00,ME02,-0.00838386186054354,-0.7543898340061984,1.436568061639375,-0.6504378111886179,-1.4484136056787904,-0.0021144226036223773,-0.6744907594765952,-0.10264043637505327,1.430737974647323
2008-04-14 20:30:00+00:00,ME02,-0.0069749215175706454,-0.2447841370407905,1.5611338903278245,-0.6504378111886179,-1.4484136056787904,-0.0021144226036223773,-0.6744907594765952,-0.10264043637505327,1.430737974647323
2008-04-14 20:40:00+00:00,ME02,-0.005605412287815089,-0.1864365020527235,2.0246496356803796,-0.6504378111886179,-1.4484136056787904,-0.0021144226036223773,-0.6744907594765952,-0.10264043637505327,1.430737974647323
2008-04-14 20:50:00+00:00,ME02,-0.004977853448395253,0.3470986929302716,1.9356824075551877,-0.6504378111886179,-1.4484136056787904,-0.0021144226036223773,-0.6744907594765952,-0.10264043637505327,1.430737974647323
2008-04-14 21:00:00+00:00,ME02,-0.006738871987242487,-0.4402478106637571,1.5838595503855608,-0.4817791139118529,-1.4180138328365908,-0.06554591823232314,-0.6744907594765952,-0.10264043637505327,1.430737974647323
2008-04-14 21:10:00+00:00,ME02,-0.006061434190724829,-0.7267052169644858,1.716167633287376,-0.4817791139118529,-1.4180138328365908,-0.06554591823232314,-0.6744907594765952,-0.10264043637505327,1.430737974647323
2008-04-14 21:20:00+00:00,ME02,-0.008624145796202855,-0.45878947109119944,1.6318875617166628,-0.4817791139118529,-1.4180138328365908,-0.06554591823232314,-0.6744907594765952,-0.10264043637505327,1.430737974647323
2008-04-14 21:30:00+00:00,ME02,-0.006672114121893687,-0.6680722794563222,1.63373308576668,-0.4817791139118529,-1.4180138328365908,-0.06554591823232314,-0.6744907594765952,-0.10264043637505327,1.430737974647323
2008-04-14 21:40:00+00:00,ME02,-0.0017348242673091937,-0.20044445426929675,2.3583743683805722,-0.4817791139118529,-1.4180138328365908,-0.06554591823232314,-0.6744907594765952,-0.10264043637505327,1.430737974647323
2008-04-14 21:50:00+00:00,ME02,-0.004314392307975358,0.3191959138072491,2.1259645393472844,-0.4817791139118529,-1.4180138328365908,-0.06554591823232314,-0.6744907594765952,-0.10264043637505327,1.430737974647323
2008-04-14 22:00:00+00:00,ME02,-0.008120396046483734,-0.5702526291308486,1.7201948942398118,-0.24091356189433766,-1.545945557178284,-0.06554591823232314,-0.6744907594765952,-0.10264043637505327,1.430737974647323
2008-04-14 22:10:00+00:00,ME02,-0.004976258757255735,0.6875442291075224,1.610171796373902,-0.24091356189433766,-1.545945557178284,-0.06554591823232314,-0.6744907594765952,-0.10264043637505327,1.430737974647323
2008-04-14 22:20:00+00:00,ME02,-0.007945950552655089,-0.5081792538055293,1.7696575315988872,-0.24091356189433766,-1.545945557178284,-0.06554591823232314,-0.6744907594765952,-0.10264043637505327,1.430737974647323
2008-04-14 22:30:00+00:00,ME02,-0.00877946065708968,0.25078644603399164,1.7283433255821397,-0.24091356189433766,-1.545945557178284,-0.06554591823232314,-0.6744907594765952,-0.10264043637505327,1.430737974647323
2008-04-14 22:40:00+00:00,ME02,0.0011201513202003515,0.5271039094923872,2.4003568889257663,-0.24091356189433766,-1.545945557178284,-0.06554591823232314,-0.6744907594765952,-0.10264043637505327,1.430737974647323
2008-04-14 22:50:00+00:00,ME02,0.0018181509040235558,0.9945530421073705,2.2149976215590135,-0.24091356189433766,-1.545945557178284,-0.06554591823232314,-0.6744907594765952,-0.10264043637505327,1.430737974647323
2008-04-14 23:00:00+00:00,ME02,-0.00676047265852845,-0.6011944365599587,1.816532073407408,-0.24091356189433766,-1.6434775086777778,-0.12474915989393247,-0.6323350934380482,-0.10264043637505327,1.430737974647323
2008-04-14 23:10:00+00:00,ME02,-0.004280757634629324,-0.6389642484734834,1.690023947512988,-0.24091356189433766,-1.6434775086777778,-0.12474915989393247,-0.6323350934380482,-0.10264043637505327,1.430737974647323
2008-04-14 23:20:00+00:00,ME02,-0.0050822734211124895,-0.65343095265747,1.9660884096386488,-0.24091356189433766,-1.6434775086777778,-0.12474915989393247,-0.6323350934380482,-0.10264043637505327,1.430737974647323
2008-04-14 23:30:00+00:00,ME02,-0.004964705200042012,0.06252907172326405,1.9209061768229732,-0.24091356189433766,-1.6434775086777778,-0.12474915989393247,-0.6323350934380482,-0.10264043637505327,1.430737974647323
2008-04-14 23:40:00+00:00,ME02,-0.004564571241694172,0.09905353684428211,2.325313131915676,-0.24091356189433766,-1.6434775086777778,-0.12474915989393247,-0.6323350934380482,-0.10264043637505327,1.430737974647323
2008-04-14 23:50:00+00:00,ME02,-0.00038716132320875345,-0.04419758509001466,2.177637377238834,-0.24091356189433766,-1.6434775086777778,-0.12474915989393247,-0.6323350934380482,-0.10264043637505327,1.430737974647323
2008-04-15 00:00:00+00:00,ME02,-0.006990160027783517,-0.8053421097100539,1.715852876303018,-0.24091356189433766,-1.5269457987675545,-0.26852753198041385,-0.33724532830837683,-0.10264043637505327,1.7986420252709203
2008-04-15 00:10:00+00:00,ME02,-0.006712204316778724,-0.779921894850436,1.7692043572845821,-0.24091356189433766,-1.5269457987675545,-0.26852753198041385,-0.33724532830837683,-0.10264043637505327,1.7986420252709203
2008-04-15 00:20:00+00:00,ME02,-0.007231690314288078,-0.5572716123025635,1.880944031600894,-0.24091356189433766,-1.5269457987675545,-0.26852753198041385,-0.33724532830837683,-0.10264043637505327,1.7986420252709203
2008-04-15 00:30:00+00:00,ME02,-0.005024424178865366,0.13669464884896843,1.8298563664901892,-0.24091356189433766,-1.5269457987675545,-0.26852753198041385,-0.33724532830837683,-0.10264043637505327,1.7986420252709203
2008-04-15 00:40:00+00:00,ME02,-0.00446750220069721,0.03759373717166394,2.3554299696643373,-0.24091356189433766,-1.5269457987675545,-0.26852753198041385,-0.33724532830837683,-0.10264043637505327,1.7986420252709203
2008-04-15 00:50:00+00:00,ME02,-0.0005863684079797174,0.575995717026347,2.2321877201417752,-0.24091356189433766,-1.5269457987675545,-0.26852753198041385,-0.33724532830837683,-0.10264043637505327,1.7986420252709203
2008-04-15 01:00:00+00:00,ME02,-0.007769061825897473,-0.6468594456803229,1.7191812000272184,-0.6504378111886179,-1.3850811661902653,-0.47150914572850455,0.04215566603854714,-0.10264043637505327,1.7986420252709203
2008-04-15 01:10:00+00:00,ME02,-0.005678206966053984,-0.44088797962163484,2.0687229492999286,-0.6504378111886179,-1.3850811661902653,-0.47150914572850455,0.04215566603854714,-0.10264043637505327,1.7986420252709203
2008-04-15 01:20:00+00:00,ME02,-0.008155661496902479,-0.5702923284541472,1.9653641100813748,-0.6504378111886179,-1.3850811661902653,-0.47150914572850455,0.04215566603854714,-0.10264043637505327,1.7986420252709203
2008-04-15 01:30:00+00:00,ME02,-0.005307819472968013,0.27156499309711346,2.369973665017296,-0.6504378111886179,-1.3850811661902653,-0.47150914572850455,0.04215566603854714,-0.10264043637505327,1.7986420252709203
2008-04-15 01:40:00+00:00,ME02,-0.0068214528335201596,0.061612641791664494,2.1546498922827024,-0.6504378111886179,-1.3850811661902653,-0.47150914572850455,0.04215566603854714,-0.10264043637505327,1.7986420252709203
2008-04-15 01:50:00+00:00,ME02,-0.0057977617871051304,0.22854815178997778,2.693754649632035,-0.6504378111886179,-1.3850811661902653,-0.47150914572850455,0.04215566603854714,-0.10264043637505327,1.7986420252709203
2008-04-15 02:00:00+00:00,ME02,-0.007050512738727284,-0.17723056391038786,2.0327454571890007,-0.265014520059136,-0.5161596607552837,-0.56454226218801,3.7518548945897416,-0.10264043637505327,1.7986420252709203
2008-04-15 02:10:00+00:00,ME02,-0.008524457326447816,-0.41816904378181846,2.082189141830652,-0.265014520059136,-0.5161596607552837,-0.56454226218801,3.7518548945897416,-0.10264043637505327,1.7986420252709203
2008-04-15 02:20:00+00:00,ME02,-0.007741128181366151,-0.723653826320011,2.156604963200539,-0.265014520059136,-0.5161596607552837,-0.56454226218801,3.7518548945897416,-0.10264043637505327,1.7986420252709203
2008-04-15 02:30:00+00:00,ME02,-0.006627452650972838,0.1489686389220567,2.7928462576264965,-0.265014520059136,-0.5161596607552837,-0.56454226218801,3.7518548945897416,-0.10264043637505327,1.7986420252709203
2008-04-15 02:40:00+00:00,ME02,-0.0007854936365503003,0.47165871526087366,2.8851886653790175,-0.265014520059136,-0.5161596607552837,-0.56454226218801,3.7518548945897416,-0.10264043637505327,1.7986420252709203
2008-04-15 02:50:00+00:00,ME02,-0.006837910380214088,0.4903387723439431,2.5062659455153424,-0.265014520059136,-0.5161596607552837,-0.56454226218801,3.7518548945897416,-0.10264043637505327,1.7986420252709203
2008-04-15 03:00:00+00:00,ME02,-0.006586729788177614,-0.8414195080630206,3.1995520140841514,-0.265014520059136,-0.849288457162791,-0.7167786203090911,4.890058083350197,-0.10264043637505327,1.7986420252709203
2008-04-15 03:10:00+00:00,ME02,-0.004469426052334304,-0.49237529857824797,1.7254285239460851,-0.265014520059136,-0.849288457162791,-0.7167786203090911,4.890058083350197,-0.10264043637505327,1.7986420252709203
2008-04-15 03:20:00+00:00,ME02,-0.006699113766967983,-0.7159466264474886,1.693854227793495,-0.265014520059136,-0.849288457162791,-0.7167786203090911,4.890058083350197,-0.10264043637505327,1.7986420252709203
2008-04-15 03:30:00+00:00,ME02,-0.007704159728122981,0.36059558567406796,1.982436787848813,-0.265014520059136,-0.849288457162791,-0.7167786203090911,4.890058083350197,-0.10264043637505327,1.7986420252709203
2008-04-15 03:40:00+00:00,ME02,-0.0007725338684406817,-0.13727323147002532,2.477966195404747,-0.265014520059136,-0.849288457162791,-0.7167786203090911,4.890058083350197,-0.10264043637505327,1.7986420252709203
2008-04-15 03:50:00+00:00,ME02,-0.003828967800241336,0.061593391776999795,2.4103472131391475,-0.265014520059136,-0.849288457162791,-0.7167786203090911,4.890058083350197,-0.10264043637505327,1.7986420252709203
2008-04-15 04:00:00+00:00,ME02,-0.006147712271887071,-0.4648072145721059,2.155441752537647,-0.6985917176413922,-1.0519523697827584,-0.7632950307288223,0.04215566603854714,-0.10264043637505327,1.7986420252709203
2008-04-15 04:10:00+00:00,ME02,-0.004381059011879305,-0.0706551864990957,3.5576609809556374,-0.6985917176413922,-1.0519523697827584,-0.7632950307288223,0.04215566603854714,-0.10264043637505327,1.7986420252709203
2008-04-15 04:20:00+00:00,ME02,-0.002911796809278381,-0.19146750720783695,8.02216322193288,-0.6985917176413922,-1.0519523697827584,-0.7632950307288223,0.04215566603854714,-0.10264043637505327,1.7986420252709203
2008-04-15 04:30:00+00:00,ME02,-0.002186177588544061,0.7817297859868336,9.970161435440119,-0.6985917176413922,-1.0519523697827584,-0.7632950307288223,0.04215566603854714,-0.10264043637505327,1.7986420252709203
2008-04-15 04:40:00+00:00,ME02,0.005115890798018055,0.023242402774448757,9.632778593678799,-0.6985917176413922,-1.0519523697827584,-0.7632950307288223,0.04215566603854714,-0.10264043637505327,1.7986420252709203
2008-04-15 04:50:00+00:00,ME02,0.002177800505521618,1.1292908173121747,7.101720270883984,-0.6985917176413922,-1.0519523697827584,-0.7632950307288223,0.04215566603854714,-0.10264043637505327,1.7986420252709203
2008-04-15 05:00:00+00:00,ME02,-0.0019806518242570354,-0.7305253043696766,4.03564735694689,-0.07230287449439378,-0.6846237957225619,-0.7632950307288223,0.8009577575922366,-0.10264043637505327,1.7986420252709203
2008-04-15 05:10:00+00:00,ME02,-0.0022288282925062544,-0.8006184056986537,4.285008595545821,-0.07230287449439378,-0.6846237957225619,-0.7632950307288223,0.8009577575922366,-0.10264043637505327,1.7986420252709203
2008-04-15 05:20:00+00:00,ME02,-0.0021612705404259157,-0.7607059912610095,3.376768891061566,-0.07230287449439378,-0.6846237957225619,-0.7632950307288223,0.8009577575922366,-0.10264043637505327,1.7986420252709203
2008-04-15 05:30:00+00:00,ME02,0.0007445987956107618,0.3311396622768908,2.9794024856767316,-0.07230287449439378,-0.6846237957225619,-0.7632950307288223,0.8009577575922366,-0.10264043637505327,1.7986420252709203
2008-04-15 05:40:00+00:00,ME02,0.002489867380274253,0.3028337845651962,2.7027897432712367,-0.07230287449439378,-0.6846237957225619,-0.7632950307288223,0.8009577575922366,-0.10264043637505327,1.7986420252709203
2008-04-15 05:50:00+00:00,ME02,0.0006369903118460824,0.8663692018562602,1.9205658936042398,-0.07230287449439378,-0.6846237957225619,-0.7632950307288223,0.8009577575922366,-0.10264043637505327,1.7986420252709203
2008-04-15 06:00:00+00:00,ME02,-0.0017993322850177477,-0.4406791635702141,1.586827780345283,-0.31316842651190907,-0.250163043005071,-0.5603137126008083,0.7588020915536895,-0.10264043637505327,1.3029935126252405
2008-04-15 06:10:00+00:00,ME02,-0.002902760418506656,-0.8214870809804813,2.1583942043007105,-0.31316842651190907,-0.250163043005071,-0.5603137126008083,0.7588020915536895,-0.10264043637505327,1.3029935126252405
2008-04-15 06:20:00+00:00,ME02,0.0014805580683952527,-0.5232370661364817,3.5960266916408896,-0.31316842651190907,-0.250163043005071,-0.5603137126008083,0.7588020915536895,-0.10264043637505327,1.3029935126252405
2008-04-15 06:30:00+00:00,ME02,0.0012182218829326346,-0.17692854956259763,2.3711454281956614,-0.31316842651190907,-0.250163043005071,-0.5603137126008083,0.7588020915536895,-0.10264043637505327,1.3029935126252405
2008-04-15 06:40:00+00:00,ME02,0.0021498449041409784,0.5929542908581442,1.896216437114091,-0.31316842651190907,-0.250163043005071,-0.5603137126008083,0.7588020915536895,-0.10264043637505327,1.3029935126252405
2008-04-15 06:50:00+00:00,ME02,0.011481752393085194,0.7033958835271423,3.7430304327883293,-0.31316842651190907,-0.250163043005071,-0.5603137126008083,0.7588020915536895,-0.10264043637505327,1.3029935126252405
2008-04-15 07:00:00+00:00,ME02,0.024382128722936536,-0.31105569530281335,4.510390842678406,0.3131684265119104,0.058899410458293444,-0.37424718406172075,6.154728270226293,-0.10264043637505327,1.3029935126252405
2008-04-15 07:10:00+00:00,ME02,0.024581776784261898,2.9666091276317217,5.2564710103814205,0.3131684265119104,0.058899410458293444,-0.37424718406172075,6.154728270226293,-0.10264043637505327,1.3029935126252405
2008-04-15 07:20:00+00:00,ME02,0.02566865913638658,7.20274600540415,5.066916715996528,0.3131684265119104,0.058899410458293444,-0.37424718406172075,6.154728270226293,-0.10264043637505327,1.3029935126252405
2008-04-15 07:30:00+00:00,ME02,0.019112441703703575,14.200731035467127,4.3273317201634525,0.3131684265119104,0.058899410458293444,-0.37424718406172075,6.154728270226293,-0.10264043637505327,1.3029935126252405
2008-04-15 07:40:00+00:00,ME02,0.03967889349193555,38.058103232191826,7.676398236350252,0.3131684265119104,0.058899410458293444,-0.37424718406172075,6.154728270226293,-0.10264043637505327,1.3029935126252405
2008-04-15 07:50:00+00:00,ME02,0.01840594487294716,14.381903134110477,3.4368107809146267,0.3131684265119104,0.058899410458293444,-0.37424718406172075,6.154728270226293,-0.10264043637505327,1.3029935126252405
2008-04-15 08:00:00+00:00,ME02,0.023254090218991386,24.496148523840453,3.121132740987495,-0.6744907594765939,0.47182697967748766,-0.20509574073163642,1.5597598491459261,-0.10264043637505327,1.3029935126252405
2008-04-15 08:10:00+00:00,ME02,0.04415793861458132,52.63278512255086,6.58978982955589,-0.6744907594765939,0.47182697967748766,-0.20509574073163642,1.5597598491459261,-0.10264043637505327,1.3029935126252405
2008-04-15 08:20:00+00:00,ME02,0.04276341012592193,30.687353954771655,6.7890859377625805,-0.6744907594765939,0.47182697967748766,-0.20509574073163642,1.5597598491459261,-0.10264043637505327,1.3029935126252405
2008-04-15 08:30:00+00:00,ME02,0.07070443434121661,22.30888536112719,9.823357823242182,-0.6744907594765939,0.47182697967748766,-0.20509574073163642,1.5597598491459261,-0.10264043637505327,1.3029935126252405
2008-04-15 08:40:00+00:00,ME02,0.05869829226850538,25.708377119151553,8.07820501112385,-0.6744907594765939,0.47182697967748766,-0.20509574073163642,1.5597598491459261,-0.10264043637505327,1.3029935126252405
2008-04-15 08:50:00+00:00,ME02,0.0613211200028812,12.045233027462318,8.515132698139023,-0.6744907594765939,0.47182697967748766,-0.20509574073163642,1.5597598491459261,-0.10264043637505327,1.3029935126252405
2008-04-15 09:00:00+00:00,ME02,0.06661538365411421,5.110776149562689,9.354548726411377,-0.024100958164797036,0.5668257717311352,-0.09091869385584944,8.431134544887362,-0.10264043637505327,1.3029935126252405
2008-04-15 09:10:00+00:00,ME02,0.04972438601392265,1.5651377329044274,8.91971323164705,-0.024100958164797036,0.5668257717311352,-0.09091869385584944,8.431134544887362,-0.10264043637505327,1.3029935126252405
2008-04-15 09:20:00+00:00,ME02,0.0407540920033636,0.7846840952274691,6.870101943465594,-0.024100958164797036,0.5668257717311352,-0.09091869385584944,8.431134544887362,-0.10264043637505327,1.3029935126252405
2008-04-15 09:30:00+00:00,ME02,0.03709031523326324,9.427961069364118,6.453688688238141,-0.024100958164797036,0.5668257717311352,-0.09091869385584944,8.431134544887362,-0.10264043637505327,1.3029935126252405
2008-04-15 09:40:00+00:00,ME02,0.027253754001959785,14.65288530941099,4.524210753930053,-0.024100958164797036,0.5668257717311352,-0.09091869385584944,8.431134544887362,-0.10264043637505327,1.3029935126252405
2008-04-15 09:50:00+00:00,ME02,0.02575837391084842,2.062355060398394,4.1885614967147875,-0.024100958164797036,0.5668257717311352,-0.09091869385584944,8.431134544887362,-0.10264043637505327,1.3029935126252405
2008-04-15 10:00:00+00:00,ME02,0.02444779022574801,2.035393742644475,4.18889547735601,-1.2044717897180441,0.7479565008528068,0.2177822763534379,4.721435316336167,-0.10264043637505327,1.3029935126252405
2008-04-15 10:10:00+00:00,ME02,0.021844367581316918,2.6970765955620966,3.9815286624014887,-1.2044717897180441,0.7479565008528068,0.2177822763534379,4.721435316336167,-0.10264043637505327,1.3029935126252405
2008-04-15 10:20:00+00:00,ME02,0.02104711013433933,1.589165334237665,3.7106678384743343,-1.2044717897180441,0.7479565008528068,0.2177822763534379,4.721435316336167,-0.10264043637505327,1.3029935126252405
2008-04-15 10:30:00+00:00,ME02,0.023479243395187532,1.0611866860788421,3.941565485750771,-1.2044717897180441,0.7479565008528068,0.2177822763534379,4.721435316336167,-0.10264043637505327,1.3029935126252405
2008-04-15 10:40:00+00:00,ME02,0.009112785394241601,1.1949068222824646,2.3845752425678235,-1.2044717897180441,0.7479565008528068,0.2177822763534379,4.721435316336167,-0.10264043637505327,1.3029935126252405
2008-04-15 10:50:00+00:00,ME02,0.013868664960038139,1.828854822185195,3.0338145842622315,-1.2044717897180441,0.7479565008528068,0.2177822763534379,4.721435316336167,-0.10264043637505327,1.3029935126252405
2008-04-15 11:00:00+00:00,ME02,0.023923326450767002,0.9988233492541924,4.447034662938492,-0.43362520745907857,1.0633523842142276,0.2431550519769642,3.8361662266668364,-0.10264043637505327,1.3029935126252405
2008-04-15 11:10:00+00:00,ME02,0.021097575782156538,2.1019897315066447,3.7635196638894994,-0.43362520745907857,1.0633523842142276,0.2431550519769642,3.8361662266668364,-0.10264043637505327,1.3029935126252405
2008-04-15 11:20:00+00:00,ME02,0.024103479362743374,1.2619433830937323,4.182881516993037,-0.43362520745907857,1.0633523842142276,0.2431550519769642,3.8361662266668364,-0.10264043637505327,1.3029935126252405
2008-04-15 11:30:00+00:00,ME02,0.021782450846944055,3.1226038220728007,4.723573947267438,-0.43362520745907857,1.0633523842142276,0.2431550519769642,3.8361662266668364,-0.10264043637505327,1.3029935126252405
2008-04-15 11:40:00+00:00,ME02,0.025248168587566653,3.133099535470102,3.490510748095326,-0.43362520745907857,1.0633523842142276,0.2431550519769642,3.8361662266668364,-0.10264043637505327,1.3029935126252405
2008-04-15 11:50:00+00:00,ME02,0.022105695265505647,3.723704024680346,3.039604823064593,-0.43362520745907857,1.0633523842142276,0.2431550519769642,3.8361662266668364,-0.10264043637505327,1.3029935126252405
2008-04-15 12:00:00+00:00,ME02,0.026981211215113033,2.56828696750951,4.538133381807679,0.024052948287976012,0.6656243029535522,0.027487198227182284,9.527182067609269,-0.10264043637505327,0.8073449999795607
2008-04-15 12:10:00+00:00,ME02,0.03197723711852623,0.9847710843566587,4.286097515210431,0.024052948287976012,0.6656243029535522,0.027487198227182284,9.527182067609269,-0.10264043637505327,0.8073449999795607
2008-04-15 12:20:00+00:00,ME02,0.024658314928452184,2.0904613910092325,4.751813770686941,0.024052948287976012,0.6656243029535522,0.027487198227182284,9.527182067609269,-0.10264043637505327,0.8073449999795607
2008-04-15 12:30:00+00:00,ME02,0.034467080106299564,0.9435677405447261,4.6974316576040795,0.024052948287976012,0.6656243029535522,0.027487198227182284,9.527182067609269,-0.10264043637505327,0.8073449999795607
2008-04-15 12:40:00+00:00,ME02,0.023361379491914715,1.1150130140373333,4.6449376414162575,0.024052948287976012,0.6656243029535522,0.027487198227182284,9.527182067609269,-0.10264043637505327,0.8073449999795607
2008-04-15 12:50:00+00:00,ME02,0.03118802729617398,0.9866944628728745,6.4947335086686,0.024052948287976012,0.6656243029535522,0.027487198227182284,9.527182067609269,-0.10264043637505327,0.8073449999795607
2008-04-15 13:00:00+00:00,ME02,0.03461556208791814,2.038276442315015,5.9330064258998165,0.024052948287976012,0.725157003273307,-0.0401734382288735,8.894846974171221,-0.10264043637505327,0.8073449999795607
2008-04-15 13:10:00+00:00,ME02,0.03423364896719687,2.3033480982809813,5.457951548421172,0.024052948287976012,0.725157003273307,-0.0401734382288735,8.894846974171221,-0.10264043637505327,0.8073449999795607
2008-04-15 13:20:00+00:00,ME02,0.0284209590332404,0.6754542151452897,5.321863425643354,0.024052948287976012,0.725157003273307,-0.0401734382288735,8.894846974171221,-0.10264043637505327,0.8073449999795607
2008-04-15 13:30:00+00:00,ME02,0.03757629061293711,1.0049580392808495,5.8895111034615715,0.024052948287976012,0.725157003273307,-0.0401734382288735,8.894846974171221,-0.10264043637505327,0.8073449999795607
2008-04-15 13:40:00+00:00,ME02,0.03781436545057622,1.227718495267836,4.702272463430867,0.024052948287976012,0.725157003273307,-0.0401734382288735,8.894846974171221,-0.10264043637505327,0.8073449999795607
2008-04-15 13:50:00+00:00,ME02,0.03901410018908622,2.5471724967385834,5.802767214131588,0.024052948287976012,0.725157003273307,-0.0401734382288735,8.894846974171221,-0.10264043637505327,0.8073449999795607
2008-04-15 14:00:00+00:00,ME02,0.03752772541775392,0.9060816919534136,5.414712149613931,-0.21681260372953928,0.7378233317859803,-0.061317368645155045,7.503709789179483,-0.10264043637505327,0.8073449999795607
2008-04-15 14:10:00+00:00,ME02,0.033036818250587144,1.800840527877318,5.98676706709188,-0.21681260372953928,0.7378233317859803,-0.061317368645155045,7.503709789179483,-0.10264043637505327,0.8073449999795607
2008-04-15 14:20:00+00:00,ME02,0.0382054910779097,1.1506861030796043,6.417057406424333,-0.21681260372953928,0.7378233317859803,-0.061317368645155045,7.503709789179483,-0.10264043637505327,0.8073449999795607
2008-04-15 14:30:00+00:00,ME02,0.0451676204370987,3.587176683192094,6.515445743660916,-0.21681260372953928,0.7378233317859803,-0.061317368645155045,7.503709789179483,-0.10264043637505327,0.8073449999795607
2008-04-15 14:40:00+00:00,ME02,0.02487908424099728,0.2842437732698519,3.2003351493282466,-0.21681260372953928,0.7378233317859803,-0.061317368645155045,7.503709789179483,-0.10264043637505327,0.8073449999795607
2008-04-15 14:50:00+00:00,ME02,0.04369705218356415,3.0947439673227946,6.611666680849969,-0.21681260372953928,0.7378233317859803,-0.061317368645155045,7.503709789179483,-0.10264043637505327,0.8073449999795607
2008-04-15 15:00:00+00:00,ME02,0.06671384793771627,3.7366538361094985,9.42305276369337,-0.3854232911294818,0.6339582160301505,-0.035944593021628744,2.9087414709589585,-0.10264043637505327,0.8073449999795607
2008-04-15 15:10:00+00:00,ME02,0.0558814611512451,16.991105273524678,8.230210234621449,-0.3854232911294818,0.6339582160301505,-0.035944593021628744,2.9087414709589585,-0.10264043637505327,0.8073449999795607
2008-04-15 15:20:00+00:00,ME02,0.05885846186495475,3.429486735574482,9.2682872706223,-0.3854232911294818,0.6339582160301505,-0.035944593021628744,2.9087414709589585,-0.10264043637505327,0.8073449999795607
2008-04-15 15:30:00+00:00,ME02,0.05684649609576962,0.1406714740415485,8.480646592520793,-0.3854232911294818,0.6339582160301505,-0.035944593021628744,2.9087414709589585,-0.10264043637505327,0.8073449999795607
2008-04-15 15:40:00+00:00,ME02,0.04548513289816755,0.40966029180370944,5.702714331960929,-0.3854232911294818,0.6339582160301505,-0.035944593021628744,2.9087414709589585,-0.10264043637505327,0.8073449999795607
2008-04-15 15:50:00+00:00,ME02,0.04912140881038186,1.654632609235017,8.076476398145317,-0.3854232911294818,0.6339582160301505,-0.035944593021628744,2.9087414709589585,-0.10264043637505327,0.8073449999795607
2008-04-15 16:00:00+00:00,ME02,0.03791240432712367,0.11628676509432305,5.739700511199338,-0.6504378111886179,0.37556160790091725,0.0021144226036559854,5.73317150698098,-0.10264043637505327,0.8073449999795607
2008-04-15 16:10:00+00:00,ME02,0.055858501593956486,0.5369906510174208,7.471762996230408,-0.6504378111886179,0.37556160790091725,0.0021144226036559854,5.73317150698098,-0.10264043637505327,0.8073449999795607
2008-04-15 16:20:00+00:00,ME02,0.05446505665476608,-0.16040939592545744,7.179697455132601,-0.6504378111886179,0.37556160790091725,0.0021144226036559854,5.73317150698098,-0.10264043637505327,0.8073449999795607
2008-04-15 16:30:00+00:00,ME02,0.03591656770932599,1.1554991120174434,4.777201712641318,-0.6504378111886179,0.37556160790091725,0.0021144226036559854,5.73317150698098,-0.10264043637505327,0.8073449999795607
2008-04-15 16:40:00+00:00,ME02,0.026252991013545363,0.791781539260074,3.658337359188011,-0.6504378111886179,0.37556160790091725,0.0021144226036559854,5.73317150698098,-0.10264043637505327,0.8073449999795607
2008-04-15 16:50:00+00:00,ME02,0.022576641495483118,0.5897714156474865,4.590358470349136,-0.6504378111886179,0.37556160790091725,0.0021144226036559854,5.73317150698098,-0.10264043637505327,0.8073449999795607
2008-04-15 17:00:00+00:00,ME02,0.01435671207930118,-0.9139144775835522,4.04023477105406,-0.6263368530238195,-0.26536306224703116,-0.0697747634396015,5.986105503212263,-0.10264043637505327,0.8073449999795607
2008-04-15 17:10:00+00:00,ME02,0.01934794410274065,-0.1476638890994729,4.378211960512947,-0.6263368530238195,-0.26536306224703116,-0.0697747634396015,5.986105503212263,-0.10264043637505327,0.8073449999795607
2008-04-15 17:20:00+00:00,ME02,0.01813587006815339,-0.36834446466349746,4.2317152315785185,-0.6263368530238195,-0.26536306224703116,-0.0697747634396015,5.986105503212263,-0.10264043637505327,0.8073449999795607
2008-04-15 17:30:00+00:00,ME02,0.021724972790527396,0.17585021989090455,8.392496730039328,-0.6263368530238195,-0.26536306224703116,-0.0697747634396015,5.986105503212263,-0.10264043637505327,0.8073449999795607
2008-04-15 17:40:00+00:00,ME02,0.02246622219601877,0.7129618330956689,6.53035711782169,-0.6263368530238195,-0.26536306224703116,-0.0697747634396015,5.986105503212263,-0.10264043637505327,0.8073449999795607
2008-04-15 17:50:00+00:00,ME02,0.025569458365599745,0.4798549973858207,4.278144953156141,-0.6263368530238195,-0.26536306224703116,-0.0697747634396015,5.986105503212263,-0.10264043637505327,0.8073449999795607
2008-04-15 18:00:00+00:00,ME02,0.01959365344893294,-0.9003490609268842,1.2729587454054587,-0.4577261656238769,-0.6782906314662254,-0.10783377906485263,2.4028733756365517,-0.10264043637505327,0.3116964873338815
2008-04-15 18:10:00+00:00,ME02,0.021744438296526628,-0.3498861902054725,1.3693873799676677,-0.4577261656238769,-0.6782906314662254,-0.10783377906485263,2.4028733756365517,-0.10264043637505327,0.3116964873338815
2008-04-15 18:20:00+00:00,ME02,0.021138130840172492,-0.4145757437198138,1.7416561610020764,-0.4577261656238769,-0.6782906314662254,-0.10783377906485263,2.4028733756365517,-0.10264043637505327,0.3116964873338815
2008-04-15 18:30:00+00:00,ME02,0.020518076730399334,0.5651578403576585,1.5168637136709209,-0.4577261656238769,-0.6782906314662254,-0.10783377906485263,2.4028733756365517,-0.10264043637505327,0.3116964873338815
2008-04-15 18:40:00+00:00,ME02,0.027664867655377404,0.24301600402872361,1.2213485696180437,-0.4577261656238769,-0.6782906314662254,-0.10783377906485263,2.4028733756365517,-0.10264043637505327,0.3116964873338815
2008-04-15 18:50:00+00:00,ME02,0.024900750157485874,0.6307588709854411,1.4529275770764982,-0.4577261656238769,-0.6782906314662254,-0.10783377906485263,2.4028733756365517,-0.10264043637505327,0.3116964873338815
2008-04-15 19:00:00+00:00,ME02,0.01728308730929525,-0.8720180193626963,1.2585575076633226,-0.6263368530238195,-0.8847545488966828,0.035944593021628744,-0.6323350934380482,-0.10264043637505327,0.3116964873338815
2008-04-15 19:10:00+00:00,ME02,0.01582938331652505,-0.30261383255177127,1.8623171312416722,-0.6263368530238195,-0.8847545488966828,0.035944593021628744,-0.6323350934380482,-0.10264043637505327,0.3116964873338815
2008-04-15 19:20:00+00:00,ME02,0.017808572888879704,-0.5384007571672809,1.2935928777593748,-0.6263368530238195,-0.8847545488966828,0.035944593021628744,-0.6323350934380482,-0.10264043637505327,0.3116964873338815
2008-04-15 19:30:00+00:00,ME02,0.02180016082505963,0.21741045651538476,1.3836589458962927,-0.6263368530238195,-0.8847545488966828,0.035944593021628744,-0.6323350934380482,-0.10264043637505327,0.3116964873338815
2008-04-15 19:40:00+00:00,ME02,0.025724671130748875,0.22338302328327742,1.785510635042893,-0.6263368530238195,-0.8847545488966828,0.035944593021628744,-0.6323350934380482,-0.10264043637505327,0.3116964873338815
2008-04-15 19:50:00+00:00,ME02,0.020332228466181417,0.8693742608501579,1.7474351554048682,-0.6263368530238195,-0.8847545488966828,0.035944593021628744,-0.6323350934380482,-0.10264043637505327,0.3116964873338815
2008-04-15 20:00:00+00:00,ME02,0.013056883493226744,-0.9314796146204495,1.4518114595001983,-0.6263368530238195,-1.2064835965144407,0.16703702072646195,-0.6744907594765952,-0.10264043637505327,0.3116964873338815
2008-04-15 20:10:00+00:00,ME02,0.016023301846293976,-0.6421640322194868,1.8277739477993733,-0.6263368530238195,-1.2064835965144407,0.16703702072646195,-0.6744907594765952,-0.10264043637505327,0.3116964873338815
2008-04-15 20:20:00+00:00,ME02,0.01851580995893433,-0.43634062231058024,1.6097149295523028,-0.6263368530238195,-1.2064835965144407,0.16703702072646195,-0.6744907594765952,-0.10264043637505327,0.3116964873338815
2008-04-15 20:30:00+00:00,ME02,0.016582205329354057,-0.5518869334083262,1.458488961095022,-0.6263368530238195,-1.2064835965144407,0.16703702072646195,-0.6744907594765952,-0.10264043637505327,0.3116964873338815
2008-04-15 20:40:00+00:00,ME02,0.021487251391833793,-0.3445608104424777,1.8073620771032868,-0.6263368530238195,-1.2064835965144407,0.16703702072646195,-0.6744907594765952,-0.10264043637505327,0.3116964873338815
2008-04-15 20:50:00+00:00,ME02,0.021593563474355003,0.29819021448932825,1.7604031815061156,-0.6263368530238195,-1.2064835965144407,0.16703702072646195,-0.6744907594765952,-0.10264043637505327,0.3116964873338815
2008-04-15 21:00:00+00:00,ME02,0.02037219170997637,-0.9270284787295443,1.4753972863587843,-0.24091356189433766,-1.4218138376470808,0.29390030760397373,-0.6323350934380482,-0.10264043637505327,0.3116964873338815
2008-04-15 21:10:00+00:00,ME02,0.02005458957824604,-0.48939691940734603,1.3328500766718272,-0.24091356189433766,-1.4218138376470808,0.29390030760397373,-0.6323350934380482,-0.10264043637505327,0.3116964873338815
2008-04-15 21:20:00+00:00,ME02,0.017544811513923557,-0.39319524108999365,1.3678839625838326,-0.24091356189433766,-1.4218138376470808,0.29390030760397373,-0.6323350934380482,-0.10264043637505327,0.3116964873338815
2008-04-15 21:30:00+00:00,ME02,0.017727865193781098,-0.13069644674178116,1.438351849562934,-0.24091356189433766,-1.4218138376470808,0.29390030760397373,-0.6323350934380482,-0.10264043637505327,0.3116964873338815
2008-04-15 21:40:00+00:00,ME02,0.01591016993248504,0.03230355902551368,1.8900711657922278,-0.24091356189433766,-1.4218138376470808,0.29390030760397373,-0.6323350934380482,-0.10264043637505327,0.3116964873338815
2008-04-15 21:50:00+00:00,ME02,0.02800217037087824,0.4735325909932786,2.1535144884323576,-0.24091356189433766,-1.4218138376470808,0.29390030760397373,-0.6323350934380482,-0.10264043637505327,0.3116964873338815
2008-04-15 22:00:00+00:00,ME02,0.018260349292629225,-0.7215606369820033,1.8091472471462189,-0.5058800720766513,-1.504146035546335,0.4588229057267797,-0.6744907594765952,-0.10264043637505327,0.3116964873338815
2008-04-15 22:10:00+00:00,ME02,0.02194797122873597,-0.45900928491186177,2.636249421978612,-0.5058800720766513,-1.504146035546335,0.4588229057267797,-0.6744907594765952,-0.10264043637505327,0.3116964873338815
2008-04-15 22:20:00+00:00,ME02,0.0184762966570793,-0.796594644887127,4.50790654206157,-0.5058800720766513,-1.504146035546335,0.4588229057267797,-0.6744907594765952,-0.10264043637505327,0.3116964873338815
2008-04-15 22:30:00+00:00,ME02,0.023972201268294524,0.10454319904363922,3.760321517453041,-0.5058800720766513,-1.504146035546335,0.4588229057267797,-0.6744907594765952,-0.10264043637505327,0.3116964873338815
2008-04-15 22:40:00+00:00,ME02,0.024821250582914962,0.37006082934531537,3.115583495580018,-0.5058800720766513,-1.504146035546335,0.4588229057267797,-0.6744907594765952,-0.10264043637505327,0.3116964873338815
2008-04-15 22:50:00+00:00,ME02,0.026681402188385436,0.8876867167104825,2.6682041156194063,-0.5058800720766513,-1.504146035546335,0.4588229057267797,-0.6744907594765952,-0.10264043637505327,0.3116964873338815
2008-04-15 23:00:00+00:00,ME02,0.027395952220460523,-0.7365336153067793,2.663518835012681,0.1204567809471695,-1.6624772670885073,0.4207638901015286,-0.590179427399501,-0.10264043637505327,0.3116964873338815
2008-04-15 23:10:00+00:00,ME02,0.023239892359811064,-0.8070730331864452,1.983350854582642,0.1204567809471695,-1.6624772670885073,0.4207638901015286,-0.590179427399501,-0.10264043637505327,0.3116964873338815
2008-04-15 23:20:00+00:00,ME02,0.023378897566463344,-0.43499795698960203,2.2433145087079627,0.1204567809471695,-1.6624772670885073,0.4207638901015286,-0.590179427399501,-0.10264043637505327,0.3116964873338815
2008-04-15 23:30:00+00:00,ME02,0.019606813872721684,0.19757139034378363,2.3070521577741614,0.1204567809471695,-1.6624772670885073,0.4207638901015286,-0.590179427399501,-0.10264043637505327,0.3116964873338815
2008-04-15 23:40:00+00:00,ME02,0.03139740839017604,0.12316918997715014,2.4410617799440035,0.1204567809471695,-1.6624772670885073,0.4207638901015286,-0.590179427399501,-0.10264043637505327,0.3116964873338815
2008-04-15 23:50:00+00:00,ME02,0.028515526223877805,0.7581379829371783,2.2642358557840283,0.1204567809471695,-1.6624772670885073,0.4207638901015286,-0.590179427399501,-0.10264043637505327,0.3116964873338815
2008-04-16 00:00:00+00:00,ME02,0.027249908805250894,-0.26309579154512774,2.1791587842188656,-0.289067468347112,-1.7232765471311855,0.4292215805160517,-0.5480237613609539,-0.10264043637505327,-0.18395202531179838
2008-04-16 00:10:00+00:00,ME02,0.023087642008175736,-0.7728318082341343,2.146664644479416,-0.289067468347112,-1.7232765471311855,0.4292215805160517,-0.5480237613609539,-0.10264043637505327,-0.18395202531179838
2008-04-16 00:20:00+00:00,ME02,0.021010848511463585,-0.3244039869217809,2.1773527781997353,-0.289067468347112,-1.7232765471311855,0.4292215805160517,-0.5480237613609539,-0.10264043637505327,-0.18395202531179838
2008-04-16 00:30:00+00:00,ME02,0.020492058909775037,0.019087211104158636,2.099365557408117,-0.289067468347112,-1.7232765471311855,0.4292215805160517,-0.5480237613609539,-0.10264043637505327,-0.18395202531179838
2008-04-16 00:40:00+00:00,ME02,0.025551462508378447,-0.3268111159068064,2.534034880046571,-0.289067468347112,-1.7232765471311855,0.4292215805160517,-0.5480237613609539,-0.10264043637505327,-0.18395202531179838
2008-04-16 00:50:00+00:00,ME02,0.027231183141877852,0.0863382571441919,3.4297396870401555,-0.289067468347112,-1.7232765471311855,0.4292215805160517,-0.5480237613609539,-0.10264043637505327,-0.18395202531179838
2008-04-16 01:00:00+00:00,ME02,0.019105290801404502,-0.4918414456398542,2.2141192092688584,0.1204567809471695,-1.7131433780643595,0.34464585885102633,-0.6744907594765952,-0.10264043637505327,-0.18395202531179838
2008-04-16 01:10:00+00:00,ME02,0.023802670189058368,-0.35035767037803583,2.43269112776682,0.1204567809471695,-1.7131433780643595,0.34464585885102633,-0.6744907594765952,-0.10264043637505327,-0.18395202531179838
2008-04-16 01:20:00+00:00,ME02,0.023711491724999808,-0.9889469418579784,2.4300226600918604,0.1204567809471695,-1.7131433780643595,0.34464585885102633,-0.6744907594765952,-0.10264043637505327,-0.18395202531179838
2008-04-16 01:30:00+00:00,ME02,0.025121158136518284,0.12645881987914884,2.0462598670829197,0.1204567809471695,-1.7131433780643595,0.34464585885102633,-0.6744907594765952,-0.10264043637505327,-0.18395202531179838
2008-04-16 01:40:00+00:00,ME02,0.02700127502270308,0.2700294515105905,2.8610824898684033,0.1204567809471695,-1.7131433780643595,0.34464585885102633,-0.6744907594765952,-0.10264043637505327,-0.18395202531179838
2008-04-16 01:50:00+00:00,ME02,0.017360378890227193,0.7386183836070052,3.0758727197648583,0.1204567809471695,-1.7131433780643595,0.34464585885102633,-0.6744907594765952,-0.10264043637505327,-0.18395202531179838
2008-04-16 02:00:00+00:00,ME02,0.01979518402804755,-0.8035624287029747,1.8142075063632892,0.1204567809471695,-1.904407276252857,0.24738389718424256,-0.6744907594765952,-0.10264043637505327,-0.18395202531179838
2008-04-16 02:10:00+00:00,ME02,0.019923755389403754,-0.8117723044868304,2.109138209170647,0.1204567809471695,-1.904407276252857,0.24738389718424256,-0.6744907594765952,-0.10264043637505327,-0.18395202531179838
2008-04-16 02:20:00+00:00,ME02,0.020937395360165416,-0.7920790761000917,1.782196246606103,0.1204567809471695,-1.904407276252857,0.24738389718424256,-0.6744907594765952,-0.10264043637505327,-0.18395202531179838
2008-04-16 02:30:00+00:00,ME02,0.015719584305537077,0.4781615871133666,1.869135013754041,0.1204567809471695,-1.904407276252857,0.24738389718424256,-0.6744907594765952,-0.10264043637505327,-0.18395202531179838
2008-04-16 02:40:00+00:00,ME02,0.027979341141006617,0.9004188099271179,2.2949231117715847,0.1204567809471695,-1.904407276252857,0.24738389718424256,-0.6744907594765952,-0.10264043637505327,-0.18395202531179838
2008-04-16 02:50:00+00:00,ME02,0.021331608135270387,0.5510604319485173,2.2299857689278486,0.1204567809471695,-1.904407276252857,0.24738389718424256,-0.6744907594765952,-0.10264043637505327,-0.18395202531179838
2008-04-16 03:00:00+00:00,ME02,0.017273026054984736,-0.7913389105408803,1.8679131321464535,0.09635582278237112,-1.9221404549406633,0.22201112156071626,-0.590179427399501,-0.10264043637505327,-0.18395202531179838
2008-04-16 03:10:00+00:00,ME02,0.017775414384424277,-0.718153621103622,2.02729557795091,0.09635582278237112,-1.9221404549406633,0.22201112156071626,-0.590179427399501,-0.10264043637505327,-0.18395202531179838
2008-04-16 03:20:00+00:00,ME02,0.01900855921665506,-0.8220647089478923,2.1020079338048028,0.09635582278237112,-1.9221404549406633,0.22201112156071626,-0.590179427399501,-0.10264043637505327,-0.18395202531179838
2008-04-16 03:30:00+00:00,ME02,0.018455897117437434,0.17085746279101993,2.0585859886493623,0.09635582278237112,-1.9221404549406633,0.22201112156071626,-0.590179427399501,-0.10264043637505327,-0.18395202531179838
2008-04-16 03:40:00+00:00,ME02,0.01902551019697397,-0.0266057085789605,2.675194802740193,0.09635582278237112,-1.9221404549406633,0.22201112156071626,-0.590179427399501,-0.10264043637505327,-0.18395202531179838
2008-04-16 03:50:00+00:00,ME02,0.025403134761013826,0.16592625685419443,2.5201693870663164,0.09635582278237112,-1.9221404549406633,0.22201112156071626,-0.590179427399501,-0.10264043637505327,-0.18395202531179838
2008-04-16 04:00:00+00:00,ME02,0.015401607421788003,-0.6864873056522757,2.2199961668122423,0.2890674683471134,-2.0564053435386924,0.2769852223949706,-0.6744907594765952,-0.10264043637505327,-0.18395202531179838
2008-04-16 04:10:00+00:00,ME02,0.017336932085114068,-0.6358942493725998,2.179223889372384,0.2890674683471134,-2.0564053435386924,0.2769852223949706,-0.6744907594765952,-0.10264043637505327,-0.18395202531179838
2008-04-16 04:20:00+00:00,ME02,0.017171242361032103,-0.4009213138105297,2.3756775312065934,0.2890674683471134,-2.0564053435386924,0.2769852223949706,-0.6744907594765952,-0.10264043637505327,-0.18395202531179838
2008-04-16 04:30:00+00:00,ME02,0.016177609521772916,-0.024779531857105554,2.557389973982594,0.2890674683471134,-2.0564053435386924,0.2769852223949706,-0.6744907594765952,-0.10264043637505327,-0.18395202531179838
2008-04-16 04:40:00+00:00,ME02,0.01943659984749885,0.5682648268289909,2.8695241002297642,0.2890674683471134,-2.0564053435386924,0.2769852223949706,-0.6744907594765952,-0.10264043637505327,-0.18395202531179838
2008-04-16 04:50:00+00:00,ME02,0.019191536062062132,0.41808164463551656,2.824013545681679,0.2890674683471134,-2.0564053435386924,0.2769852223949706,-0.6744907594765952,-0.10264043637505327,-0.18395202531179838
2008-04-16 05:00:00+00:00,ME02,0.0186111175014796,-0.5682105179351623,2.9289101905301163,0.2890674683471134,-1.8651411797084747,0.45459406051950135,-0.6744907594765952,-0.10264043637505327,-0.18395202531179838
2008-04-16 05:10:00+00:00,ME02,0.01988028477860704,-0.5044819831117536,3.0351958536475347,0.2890674683471134,-1.8651411797084747,0.45459406051950135,-0.6744907594765952,-0.10264043637505327,-0.18395202531179838
2008-04-16 05:20:00+00:00,ME02,0.018652104295470002,-0.3088831492179651,2.788412687121017,0.2890674683471134,-1.8651411797084747,0.45459406051950135,-0.6744907594765952,-0.10264043637505327,-0.18395202531179838
2008-04-16 05:30:00+00:00,ME02,0.016879670711403033,0.6123050353519448,2.6607065371219507,0.2890674683471134,-1.8651411797084747,0.45459406051950135,-0.6744907594765952,-0.10264043637505327,-0.18395202531179838
2008-04-16 05:40:00+00:00,ME02,0.015759344113581854,0.26910284718955385,2.42919355777145,0.2890674683471134,-1.8651411797084747,0.45459406051950135,-0.6744907594765952,-0.10264043637505327,-0.18395202531179838
2008-04-16 05:50:00+00:00,ME02,0.009235797111843802,0.7461344739380444,2.087843491897326,0.2890674683471134,-1.8651411797084747,0.45459406051950135,-0.6744907594765952,-0.10264043637505327,-0.18395202531179838
2008-04-16 06:00:00+00:00,ME02,0.00727929677895627,-0.24481163677581516,1.4428536904286475,0.5058800720766526,-0.3717616030904277,0.6744907594765952,-0.6744907594765952,-0.10264043637505327,-0.1584031329073819
2008-04-16 06:10:00+00:00,ME02,0.008694193899489257,-0.4963129595778796,0.9922068998159178,0.5058800720766526,-0.3717616030904277,0.6744907594765952,-0.6744907594765952,-0.10264043637505327,-0.1584031329073819
2008-04-16 06:20:00+00:00,ME02,0.0002085208730478617,-0.6847142286954823,0.5260017976872693,0.5058800720766526,-0.3717616030904277,0.6744907594765952,-0.6744907594765952,-0.10264043637505327,-0.1584031329073819
2008-04-16 06:30:00+00:00,ME02,0.0057940474601333,0.9865200869254513,0.3839708514585609,0.5058800720766526,-0.3717616030904277,0.6744907594765952,-0.6744907594765952,-0.10264043637505327,-0.1584031329073819
2008-04-16 06:40:00+00:00,ME02,0.002795952503925672,1.3144853670375176,1.0796334903953206,0.5058800720766526,-0.3717616030904277,0.6744907594765952,-0.6744907594765952,-0.10264043637505327,-0.1584031329073819
2008-04-16 06:50:00+00:00,ME02,0.005498048678433159,0.27932150990200083,1.6827895906127843,0.5058800720766526,-0.3717616030904277,0.6744907594765952,-0.6744907594765952,-0.10264043637505327,-0.1584031329073819
2008-04-16 07:00:00+00:00,ME02,0.008901622363517726,-0.6235098468649504,1.9157578711544567,-0.14455773911196654,-0.36289501374652483,0.9409041644734634,0.8852690896693307,-0.10264043637505327,-0.1584031329073819
2008-04-16 07:10:00+00:00,ME02,0.009048295585768681,0.7226516928733393,1.8520102984020204,-0.14455773911196654,-0.36289501374652483,0.9409041644734634,0.8852690896693307,-0.10264043637505327,-0.1584031329073819
2008-04-16 07:20:00+00:00,ME02,0.020726664386380593,1.8650820227305385,4.133277036139484,-0.14455773911196654,-0.36289501374652483,0.9409041644734634,0.8852690896693307,-0.10264043637505327,-0.1584031329073819
2008-04-16 07:30:00+00:00,ME02,0.0373358121240396,3.2239863337963905,6.4634682906745535,-0.14455773911196654,-0.36289501374652483,0.9409041644734634,0.8852690896693307,-0.10264043637505327,-0.1584031329073819
2008-04-16 07:40:00+00:00,ME02,0.047091572007568694,1.1528296740974855,6.564964680479391,-0.14455773911196654,-0.36289501374652483,0.9409041644734634,0.8852690896693307,-0.10264043637505327,-0.1584031329073819
2008-04-16 07:50:00+00:00,ME02,0.0221261819779677,3.262634700538885,4.5711448479240335,-0.14455773911196654,-0.36289501374652483,0.9409041644734634,0.8852690896693307,-0.10264043637505327,-0.1584031329073819
2008-04-16 08:00:00+00:00,ME02,0.029742303184943947,1.965849293826394,4.271402923565542,0.4817791139118543,-0.08549864720656261,1.1185130025979941,-0.6744907594765952,-0.10264043637505327,-0.1584031329073819
2008-04-16 08:10:00+00:00,ME02,0.020825469285327046,3.179734494414508,3.9677858518255005,0.4817791139118543,-0.08549864720656261,1.1185130025979941,-0.6744907594765952,-0.10264043637505327,-0.1584031329073819
2008-04-16 08:20:00+00:00,ME02,0.018537957527945282,6.80341999296715,3.7402291656647195,0.4817791139118543,-0.08549864720656261,1.1185130025979941,-0.6744907594765952,-0.10264043637505327,-0.1584031329073819
2008-04-16 08:30:00+00:00,ME02,0.016027576778313322,10.615913922186435,4.02622063268668,0.4817791139118543,-0.08549864720656261,1.1185130025979941,-0.6744907594765952,-0.10264043637505327,-0.1584031329073819
2008-04-16 08:40:00+00:00,ME02,0.015562551335562917,2.5369410610812504,3.025196476711683,0.4817791139118543,-0.08549864720656261,1.1185130025979941,-0.6744907594765952,-0.10264043637505327,-0.1584031329073819
2008-04-16 08:50:00+00:00,ME02,0.015887514283746493,0.2601663152527915,2.2757708190803,0.4817791139118543,-0.08549864720656261,1.1185130025979941,-0.6744907594765952,-0.10264043637505327,-0.1584031329073819
2008-04-16 09:00:00+00:00,ME02,0.013531764902935712,0.42108350930997834,2.681463796430037,-0.048201916329595404,0.1234984296697414,1.165029708637802,-0.590179427399501,-0.10264043637505327,-0.1584031329073819
2008-04-16 09:10:00+00:00,ME02,0.010722679434829333,-0.42617381383074193,2.137218371596709,-0.048201916329595404,0.1234984296697414,1.165029708637802,-0.590179427399501,-0.10264043637505327,-0.1584031329073819
2008-04-16 09:20:00+00:00,ME02,0.003665211865729739,0.603906046334343,1.652874541904036,-0.048201916329595404,0.1234984296697414,1.165029708637802,-0.590179427399501,-0.10264043637505327,-0.1584031329073819
2008-04-16 09:30:00+00:00,ME02,-0.0005024369565915697,-0.6324020670057896,1.3185539012338747,-0.048201916329595404,0.1234984296697414,1.165029708637802,-0.590179427399501,-0.10264043637505327,-0.1584031329073819
2008-04-16 09:40:00+00:00,ME02,-0.0032469928732053867,0.7114479017463492,0.6048791558818138,-0.048201916329595404,0.1234984296697414,1.165029708637802,-0.590179427399501,-0.10264043637505327,-0.1584031329073819
2008-04-16 09:50:00+00:00,ME02,-0.003588202178737592,2.7191972212072453,0.3523472447357382,-0.048201916329595404,0.1234984296697414,1.165029708637802,-0.590179427399501,-0.10264043637505327,-0.1584031329073819
2008-04-16 10:00:00+00:00,ME02,-0.010152379011126355,-0.7899433839646541,-0.7174140076044999,0.3131684265119104,0.3084291636019026,1.236918894681026,1.686226950121409,-0.10264043637505327,-0.1584031329073819
2008-04-16 10:10:00+00:00,ME02,-0.0198413495589071,-0.404033445494595,-1.5462019126658724,0.3131684265119104,0.3084291636019026,1.236918894681026,1.686226950121409,-0.10264043637505327,-0.1584031329073819
2008-04-16 10:20:00+00:00,ME02,-0.016062182933339858,-0.24768421581331557,-1.7454425377373641,0.3131684265119104,0.3084291636019026,1.236918894681026,1.686226950121409,-0.10264043637505327,-0.1584031329073819
2008-04-16 10:30:00+00:00,ME02,-0.015091984603639653,-0.27447081628938796,-1.7462492711467332,0.3131684265119104,0.3084291636019026,1.236918894681026,1.686226950121409,-0.10264043637505327,-0.1584031329073819
2008-04-16 10:40:00+00:00,ME02,-0.01585421152687046,-0.07471969090364453,-2.188983691681493,0.3131684265119104,0.3084291636019026,1.236918894681026,1.686226950121409,-0.10264043637505327,-0.1584031329073819
2008-04-16 10:50:00+00:00,ME02,-0.01953559192691145,-0.4083614529162211,-1.985393961320537,0.3131684265119104,0.3084291636019026,1.236918894681026,1.686226950121409,-0.10264043637505327,-0.1584031329073819
2008-04-16 11:00:00+00:00,ME02,-0.01780713822733719,2.106389540733768,-1.5363983239607433,0.1204567809471695,0.5009599071550438,1.1481143278087222,2.5293403737521927,-0.10264043637505327,-0.1584031329073819
2008-04-16 11:10:00+00:00,ME02,-0.01426907983741681,-0.3958620653444674,-1.2520203151336655,0.1204567809471695,0.5009599071550438,1.1481143278087222,2.5293403737521927,-0.10264043637505327,-0.1584031329073819
2008-04-16 11:20:00+00:00,ME02,-0.016626401635336623,-0.8800020213559466,-1.176232864413059,0.1204567809471695,0.5009599071550438,1.1481143278087222,2.5293403737521927,-0.10264043637505327,-0.1584031329073819
2008-04-16 11:30:00+00:00,ME02,-0.015562657965404389,-0.6342703215704834,-1.1995363954928595,0.1204567809471695,0.5009599071550438,1.1481143278087222,2.5293403737521927,-0.10264043637505327,-0.1584031329073819
2008-04-16 11:40:00+00:00,ME02,-0.0186828633526055,-0.74717738768423,-1.5558702498859716,0.1204567809471695,0.5009599071550438,1.1481143278087222,2.5293403737521927,-0.10264043637505327,-0.1584031329073819
2008-04-16 11:50:00+00:00,ME02,-0.02025375919848457,-0.8405783525589795,-1.3934535082043704,0.1204567809471695,0.5009599071550438,1.1481143278087222,2.5293403737521927,-0.10264043637505327,-0.1584031329073819
2008-04-16 12:00:00+00:00,ME02,-0.01648584914400184,0.6117996973177822,-1.1370852209435465,-0.43362520745907857,0.1424981880804709,1.131199242599719,7.419398457102389,-0.10264043637505327,-0.1328542405029654
2008-04-16 12:10:00+00:00,ME02,-0.01585859437668048,1.7865598299629157,-1.1208455577498002,-0.43362520745907857,0.1424981880804709,1.131199242599719,7.419398457102389,-0.10264043637505327,-0.1328542405029654
2008-04-16 12:20:00+00:00,ME02,-0.012161155414222817,1.6491573268516992,-1.2157082788604179,-0.43362520745907857,0.1424981880804709,1.131199242599719,7.419398457102389,-0.10264043637505327,-0.1328542405029654
2008-04-16 12:30:00+00:00,ME02,-0.013742190112392713,0.09409096101258224,-1.0667968744743848,-0.43362520745907857,0.1424981880804709,1.131199242599719,7.419398457102389,-0.10264043637505327,-0.1328542405029654
2008-04-16 12:40:00+00:00,ME02,-0.014040059244184154,3.2840289843961874,-1.427025188583954,-0.43362520745907857,0.1424981880804709,1.131199242599719,7.419398457102389,-0.10264043637505327,-0.1328542405029654
2008-04-16 12:50:00+00:00,ME02,-0.015380321905363899,0.859914922412439,-1.3151040218201773,-0.43362520745907857,0.1424981880804709,1.131199242599719,7.419398457102389,-0.10264043637505327,-0.1328542405029654
2008-04-16 13:00:00+00:00,ME02,-0.01243486877439338,3.6657034984825954,-0.7316285768317489,0.09635582278237112,0.039899652047563926,1.1058267625962692,3.1195198011516942,-0.10264043637505327,-0.1328542405029654
2008-04-16 13:10:00+00:00,ME02,-0.012308944289540191,-0.8206497496521402,-0.8484305732097742,0.09635582278237112,0.039899652047563926,1.1058267625962692,3.1195198011516942,-0.10264043637505327,-0.1328542405029654
2008-04-16 13:20:00+00:00,ME02,-0.01381746946983208,-0.6059578111252382,-0.6702559676245181,0.09635582278237112,0.039899652047563926,1.1058267625962692,3.1195198011516942,-0.10264043637505327,-0.1328542405029654
2008-04-16 13:30:00+00:00,ME02,-0.015218231333781746,-0.3749378818128982,-0.7901303169388194,0.09635582278237112,0.039899652047563926,1.1058267625962692,3.1195198011516942,-0.10264043637505327,-0.1328542405029654
2008-04-16 13:40:00+00:00,ME02,-0.01738224284850814,-0.517685286227886,-1.1010355229509532,0.09635582278237112,0.039899652047563926,1.1058267625962692,3.1195198011516942,-0.10264043637505327,-0.1328542405029654
2008-04-16 13:50:00+00:00,ME02,-0.015339528768893393,-0.09929146770129604,-0.9849777269825606,0.09635582278237112,0.039899652047563926,1.1058267625962692,3.1195198011516942,-0.10264043637505327,-0.1328542405029654
2008-04-16 14:00:00+00:00,ME02,-0.018292062676179326,0.1894742238608172,-0.8493719697294485,-0.6744907594765939,0.000633289861461402,0.8647861332229275,0.08431133207709428,-0.10264043637505327,-0.1328542405029654
2008-04-16 14:10:00+00:00,ME02,-0.016338931713004556,0.28087553111895497,-0.8555497769988611,-0.6744907594765939,0.000633289861461402,0.8647861332229275,0.08431133207709428,-0.10264043637505327,-0.1328542405029654
2008-04-16 14:20:00+00:00,ME02,-0.0167612137203613,0.9991061701635625,-0.8476625838019705,-0.6744907594765939,0.000633289861461402,0.8647861332229275,0.08431133207709428,-0.10264043637505327,-0.1328542405029654
2008-04-16 14:30:00+00:00,ME02,-0.01566300508684825,-0.49014578899280015,-0.622406312305314,-0.6744907594765939,0.000633289861461402,0.8647861332229275,0.08431133207709428,-0.10264043637505327,-0.1328542405029654
2008-04-16 14:40:00+00:00,ME02,-0.01767154658533967,0.1695689601560661,-0.9114314645365308,-0.6744907594765939,0.000633289861461402,0.8647861332229275,0.08431133207709428,-0.10264043637505327,-0.1328542405029654
2008-04-16 14:50:00+00:00,ME02,-0.015866966073740742,1.7695154234160078,-0.589829295863136,-0.6744907594765939,0.000633289861461402,0.8647861332229275,0.08431133207709428,-0.10264043637505327,-0.1328542405029654
2008-04-16 15:00:00+00:00,ME02,-0.009246677660867175,1.10414079854684,0.0745610278823736,-1.252673706047641,0.05636598537072668,0.742151395932651,2.4871847077136455,-0.10264043637505327,-0.1328542405029654
2008-04-16 15:10:00+00:00,ME02,-0.00800607698122224,1.0933633512777166,0.15017826872574652,-1.252673706047641,0.05636598537072668,0.742151395932651,2.4871847077136455,-0.10264043637505327,-0.1328542405029654
2008-04-16 15:20:00+00:00,ME02,-0.00575452072510701,0.4659408105321446,0.06998160686959526,-1.252673706047641,0.05636598537072668,0.742151395932651,2.4871847077136455,-0.10264043637505327,-0.1328542405029654
2008-04-16 15:30:00+00:00,ME02,-0.0068677037449587875,-0.40518646175541373,0.5632603747211691,-1.252673706047641,0.05636598537072668,0.742151395932651,2.4871847077136455,-0.10264043637505327,-0.1328542405029654
2008-04-16 15:40:00+00:00,ME02,-0.005688046205272484,-0.6754761263096143,0.5465043902157226,-1.252673706047641,0.05636598537072668,0.742151395932651,2.4871847077136455,-0.10264043637505327,-0.1328542405029654
2008-04-16 15:50:00+00:00,ME02,-0.008921707720900394,-0.3685246340621315,0.2887118795242975,-1.252673706047641,0.05636598537072668,0.742151395932651,2.4871847077136455,-0.10264043637505327,-0.1328542405029654
2008-04-16 16:00:00+00:00,ME02,-0.011612866038054554,-0.621910031690914,0.14714882622324163,-1.0599620604828994,0.12096500458217463,0.7759815663506238,-0.6323350934380482,-0.10264043637505327,-0.1328542405029654
2008-04-16 16:10:00+00:00,ME02,-0.009083904243232226,-0.46946042521140374,0.13913968094109314,-1.0599620604828994,0.12096500458217463,0.7759815663506238,-0.6323350934380482,-0.10264043637505327,-0.1328542405029654
2008-04-16 16:20:00+00:00,ME02,-0.00841891887841747,-0.6992046390077515,0.02562295977443182,-1.0599620604828994,0.12096500458217463,0.7759815663506238,-0.6323350934380482,-0.10264043637505327,-0.1328542405029654
2008-04-16 16:30:00+00:00,ME02,-0.007406083008735109,-0.44654001565029827,-0.05484232695019042,-1.0599620604828994,0.12096500458217463,0.7759815663506238,-0.6323350934380482,-0.10264043637505327,-0.1328542405029654
2008-04-16 16:40:00+00:00,ME02,-0.006037169625086846,0.3235159615091549,-0.2911301628894012,-1.0599620604828994,0.12096500458217463,0.7759815663506238,-0.6323350934380482,-0.10264043637505327,-0.1328542405029654
2008-04-16 16:50:00+00:00,ME02,-0.007236704905967418,-0.1784947225927814,-0.5612812811287973,-1.0599620604828994,0.12096500458217463,0.7759815663506238,-0.6323350934380482,-0.10264043637505327,-0.1328542405029654
2008-04-16 17:00:00+00:00,ME02,-0.0015438397394733627,-0.7364497741356437,-0.6517241046338357,-0.6985917176413922,-0.40976111991188674,0.4884245265575844,-0.6744907594765952,-0.10264043637505327,-0.1328542405029654
2008-04-16 17:10:00+00:00,ME02,-0.007174633941525826,-0.29739910693272287,-0.8198774284334486,-0.6985917176413922,-0.40976111991188674,0.4884245265575844,-0.6744907594765952,-0.10264043637505327,-0.1328542405029654
2008-04-16 17:20:00+00:00,ME02,-0.011022764184217318,-0.4577643182332766,-0.6350661010873037,-0.6985917176413922,-0.40976111991188674,0.4884245265575844,-0.6744907594765952,-0.10264043637505327,-0.1328542405029654
2008-04-16 17:30:00+00:00,ME02,-0.005724688155741428,-0.15257961306256423,-0.09721964464968141,-0.6985917176413922,-0.40976111991188674,0.4884245265575844,-0.6744907594765952,-0.10264043637505327,-0.1328542405029654
2008-04-16 17:40:00+00:00,ME02,-0.002935856780315958,-0.36614029944942783,0.02502016613583167,-0.6985917176413922,-0.40976111991188674,0.4884245265575844,-0.6744907594765952,-0.10264043637505327,-0.1328542405029654
2008-04-16 17:50:00+00:00,ME02,0.0012255656276753454,0.27653251206379476,0.025264849988492193,-0.6985917176413922,-0.40976111991188674,0.4884245265575844,-0.6744907594765952,-0.10264043637505327,-0.1328542405029654
2008-04-16 18:00:00+00:00,ME02,-0.004653421581204106,-0.8473916583653811,-0.10283414969328074,-0.6744907594765939,-0.506026226046737,0.534940936977282,3.45676512946007,-0.10264043637505327,-0.10730534809854893
2008-04-16 18:10:00+00:00,ME02,-0.0030461737980781558,-0.9773585898788668,-0.10615299983848775,-0.6744907594765939,-0.506026226046737,0.534940936977282,3.45676512946007,-0.10264043637505327,-0.10730534809854893
2008-04-16 18:20:00+00:00,ME02,-0.005122477308633436,-0.06741242636990354,-0.040440017466136194,-0.6744907594765939,-0.506026226046737,0.534940936977282,3.45676512946007,-0.10264043637505327,-0.10730534809854893
2008-04-16 18:30:00+00:00,ME02,-0.001902994954601036,0.1965620328207563,0.03844524815824242,-0.6744907594765939,-0.506026226046737,0.534940936977282,3.45676512946007,-0.10264043637505327,-0.10730534809854893
2008-04-16 18:40:00+00:00,ME02,-0.007797141377243138,-0.40056672333502197,0.08401781694582135,-0.6744907594765939,-0.506026226046737,0.534940936977282,3.45676512946007,-0.10264043637505327,-0.10730534809854893
2008-04-16 18:50:00+00:00,ME02,-0.007202062553487258,0.07048422392519782,0.08783300441031193,-0.6744907594765939,-0.506026226046737,0.534940936977282,3.45676512946007,-0.10264043637505327,-0.10730534809854893
2008-04-16 19:00:00+00:00,ME02,-0.0103909023059055,-0.7225314729544821,-0.009907937196351855,-0.4817791139118529,-0.6491577039886697,0.5941438830188146,2.1499392765454273,-0.10264043637505327,-0.10730534809854893
2008-04-16 19:10:00+00:00,ME02,-0.008789998761429003,-0.7098765143871074,-0.07450502070937388,-0.4817791139118529,-0.6491577039886697,0.5941438830188146,2.1499392765454273,-0.10264043637505327,-0.10730534809854893
2008-04-16 19:20:00+00:00,ME02,-0.012578503709617253,-0.1262767224651573,-0.035441418854402926,-0.4817791139118529,-0.6491577039886697,0.5941438830188146,2.1499392765454273,-0.10264043637505327,-0.10730534809854893
2008-04-16 19:30:00+00:00,ME02,-0.011782091593590265,-0.008772236084440188,-0.03625194509936283,-0.4817791139118529,-0.6491577039886697,0.5941438830188146,2.1499392765454273,-0.10264043637505327,-0.10730534809854893
2008-04-16 19:40:00+00:00,ME02,-0.0074543104982861715,-0.19254764806680155,0.1356405124862759,-0.4817791139118529,-0.6491577039886697,0.5941438830188146,2.1499392765454273,-0.10264043637505327,-0.10730534809854893
2008-04-16 19:50:00+00:00,ME02,-0.012265660989480478,0.057401966198454675,0.13299966014693085,-0.4817791139118529,-0.6491577039886697,0.5941438830188146,2.1499392765454273,-0.10264043637505327,-0.10730534809854893
2008-04-16 20:00:00+00:00,ME02,-0.013063624289226807,-0.6714473431223568,0.12715963536152594,-0.6744907594765939,-0.7783560080532863,0.5645425578080866,1.728382616159956,-0.10264043637505327,-0.10730534809854893
2008-04-16 20:10:00+00:00,ME02,-0.012933840513042801,-0.8138507292633794,-0.10172623540388696,-0.6744907594765939,-0.7783560080532863,0.5645425578080866,1.728382616159956,-0.10264043637505327,-0.10730534809854893
2008-04-16 20:20:00+00:00,ME02,-0.014747215889107906,-0.9524880139603259,-0.0038151929613600443,-0.6744907594765939,-0.7783560080532863,0.5645425578080866,1.728382616159956,-0.10264043637505327,-0.10730534809854893
2008-04-16 20:30:00+00:00,ME02,-0.015849933994473153,-0.1275923008895228,0.01436518837636175,-0.6744907594765939,-0.7783560080532863,0.5645425578080866,1.728382616159956,-0.10264043637505327,-0.10730534809854893
2008-04-16 20:40:00+00:00,ME02,-0.013947095058317255,-0.3082436629027568,0.1389222878891014,-0.6744907594765939,-0.7783560080532863,0.5645425578080866,1.728382616159956,-0.10264043637505327,-0.10730534809854893
2008-04-16 20:50:00+00:00,ME02,-0.01318154902248045,0.5953291543903853,0.07084663385632345,-0.6744907594765939,-0.7783560080532863,0.5645425578080866,1.728382616159956,-0.10264043637505327,-0.10730534809854893
2008-04-16 21:00:00+00:00,ME02,-0.015116674326755269,-0.3848147514483578,-0.032253915534822826,-0.289067468347112,-0.8087555152537652,0.5433986273918386,2.7822743699834755,-0.10264043637505327,-0.10730534809854893
2008-04-16 21:10:00+00:00,ME02,-0.01701921177854909,-0.8527953837457606,-0.034590749103876224,-0.289067468347112,-0.8087555152537652,0.5433986273918386,2.7822743699834755,-0.10264043637505327,-0.10730534809854893
2008-04-16 21:20:00+00:00,ME02,-0.016822698992509922,-0.6156917655583133,-0.14534882231371998,-0.289067468347112,-0.8087555152537652,0.5433986273918386,2.7822743699834755,-0.10264043637505327,-0.10730534809854893
2008-04-16 21:30:00+00:00,ME02,-0.015379387245579062,0.07077752655291854,-0.12950829856298968,-0.289067468347112,-0.8087555152537652,0.5433986273918386,2.7822743699834755,-0.10264043637505327,-0.10730534809854893
2008-04-16 21:40:00+00:00,ME02,-0.01572907868445549,-0.10706675401804493,0.11872376737935673,-0.289067468347112,-0.8087555152537652,0.5433986273918386,2.7822743699834755,-0.10264043637505327,-0.10730534809854893
2008-04-16 21:50:00+00:00,ME02,-0.0151114236134139,0.4388069315889321,-0.1008853140533616,-0.289067468347112,-0.8087555152537652,0.5433986273918386,2.7822743699834755,-0.10264043637505327,-0.10730534809854893
2008-04-16 22:00:00+00:00,ME02,-0.019247328379279113,-0.6234403043896498,-0.24844950396306595,-0.3372693846767074,-0.29449598972458685,0.3657897892672743,2.57149603979074,-0.10264043637505327,-0.10730534809854893
2008-04-16 22:10:00+00:00,ME02,-0.020969511946163935,-1.0731075639410739,-0.13765023125904516,-0.3372693846767074,-0.29449598972458685,0.3657897892672743,2.57149603979074,-0.10264043637505327,-0.10730534809854893
2008-04-16 22:20:00+00:00,ME02,-0.02004369480855043,-0.7165891545230567,-0.19660846816754948,-0.3372693846767074,-0.29449598972458685,0.3657897892672743,2.57149603979074,-0.10264043637505327,-0.10730534809854893
2008-04-16 22:30:00+00:00,ME02,-0.01765385760994763,-0.029214309434050394,-0.17122178036001806,-0.3372693846767074,-0.29449598972458685,0.3657897892672743,2.57149603979074,-0.10264043637505327,-0.10730534809854893
2008-04-16 22:40:00+00:00,ME02,-0.019366436840560913,0.031488575799454195,-0.10967325060169163,-0.3372693846767074,-0.29449598972458685,0.3657897892672743,2.57149603979074,-0.10264043637505327,-0.10730534809854893
2008-04-16 22:50:00+00:00,ME02,-0.018184548342508645,0.4353184979590312,-0.04799848918490162,-0.3372693846767074,-0.29449598972458685,0.3657897892672743,2.57149603979074,-0.10264043637505327,-0.10730534809854893
2008-04-16 23:00:00+00:00,ME02,-0.02107089456067672,-1.0616199890352271,-0.21006497945793218,-0.12045678094716816,-0.44396063192285573,0.3235019284347448,3.667543562512648,-0.10264043637505327,-0.10730534809854893
2008-04-16 23:10:00+00:00,ME02,-0.017587326533809858,-0.1353441689750365,-0.1997021504002287,-0.12045678094716816,-0.44396063192285573,0.3235019284347448,3.667543562512648,-0.10264043637505327,-0.10730534809854893
2008-04-16 23:20:00+00:00,ME02,-0.020120496934443868,-0.8305095489034342,-0.15014100911911155,-0.12045678094716816,-0.44396063192285573,0.3235019284347448,3.667543562512648,-0.10264043637505327,-0.10730534809854893
2008-04-16 23:30:00+00:00,ME02,-0.02202000183932843,0.1886110946681498,-0.2380140430662515,-0.12045678094716816,-0.44396063192285573,0.3235019284347448,3.667543562512648,-0.10264043637505327,-0.10730534809854893
2008-04-16 23:40:00+00:00,ME02,-0.02185555238213787,-0.06700702530519462,-0.13138137099399355,-0.12045678094716816,-0.44396063192285573,0.3235019284347448,3.667543562512648,-0.10264043637505327,-0.10730534809854893
2008-04-16 23:50:00+00:00,ME02,-0.022049230805686867,0.2959548258034814,-0.0456144362638452,-0.12045678094716816,-0.44396063192285573,0.3235019284347448,3.667543562512648,-0.10264043637505327,-0.10730534809854893
2008-04-17 00:00:00+00:00,ME02,-0.02190642726021978,-0.4390367814245772,-0.15031660125056534,0.5058800720766526,-0.49589305697991076,0.03171604343442704,7.714488119372219,-0.10264043637505327,-0.08175645569413245
2008-04-17 00:10:00+00:00,ME02,-0.022021500235917875,-0.8504140070224916,-0.32575343188133365,0.5058800720766526,-0.49589305697991076,0.03171604343442704,7.714488119372219,-0.10264043637505327,-0.08175645569413245
2008-04-17 00:20:00+00:00,ME02,-0.021500389976597235,-0.259225106268281,-0.23071733674872272,0.5058800720766526,-0.49589305697991076,0.03171604343442704,7.714488119372219,-0.10264043637505327,-0.08175645569413245
2008-04-17 00:30:00+00:00,ME02,-0.018809834633610224,-0.02312911006102655,-0.17203571041773136,0.5058800720766526,-0.49589305697991076,0.03171604343442704,7.714488119372219,-0.10264043637505327,-0.08175645569413245
2008-04-17 00:40:00+00:00,ME02,-0.020495427166909455,0.07186430301618686,-0.08279497731648858,0.5058800720766526,-0.49589305697991076,0.03171604343442704,7.714488119372219,-0.10264043637505327,-0.08175645569413245
2008-04-17 00:50:00+00:00,ME02,-0.01741096429663754,0.6447217351707883,0.14466274580859761,0.5058800720766526,-0.49589305697991076,0.03171604343442704,7.714488119372219,-0.10264043637505327,-0.08175645569413245
2008-04-17 01:00:00+00:00,ME02,-0.01605108973022403,-0.5139869467865207,0.7787099391895466,0.1204567809471695,-0.19189718804995964,-0.05285967823059832,7.124308691972717,-0.10264043637505327,-0.08175645569413245
2008-04-17 01:10:00+00:00,ME02,-0.017930251242488964,-1.1478865195568178,3.809768250147835,0.1204567809471695,-0.19189718804995964,-0.05285967823059832,7.124308691972717,-0.10264043637505327,-0.08175645569413245
2008-04-17 01:20:00+00:00,ME02,-0.01323596896492513,-0.417254313394988,4.213305976021423,0.1204567809471695,-0.19189718804995964,-0.05285967823059832,7.124308691972717,-0.10264043637505327,-0.08175645569413245
2008-04-17 01:30:00+00:00,ME02,-0.014750261153257779,-0.07911688128393218,4.055765116759459,0.1204567809471695,-0.19189718804995964,-0.05285967823059832,7.124308691972717,-0.10264043637505327,-0.08175645569413245
2008-04-17 01:40:00+00:00,ME02,-0.00969876046580932,0.10139084447725279,6.639087702513054,0.1204567809471695,-0.19189718804995964,-0.05285967823059832,7.124308691972717,-0.10264043637505327,-0.08175645569413245
2008-04-17 01:50:00+00:00,ME02,-0.010899071307799038,0.22402135384682717,7.23260921359476,0.1204567809471695,-0.19189718804995964,-0.05285967823059832,7.124308691972717,-0.10264043637505327,-0.08175645569413245
2008-04-17 02:00:00+00:00,ME02,-0.011925973565527924,-0.8626049951239023,7.13106218383331,0.3131684265119104,-0.18176401898313302,-0.3446455632309161,2.7822743699834755,-0.10264043637505327,-0.08175645569413245
2008-04-17 02:10:00+00:00,ME02,-0.00633458952723763,-0.502864657911656,10.879526109397691,0.3131684265119104,-0.18176401898313302,-0.3446455632309161,2.7822743699834755,-0.10264043637505327,-0.08175645569413245
2008-04-17 02:20:00+00:00,ME02,-0.00722125000049835,-0.3394767572859515,6.937424874589462,0.3131684265119104,-0.18176401898313302,-0.3446455632309161,2.7822743699834755,-0.10264043637505327,-0.08175645569413245
2008-04-17 02:30:00+00:00,ME02,-0.005205891511458664,-0.13431356155997903,6.532303701465103,0.3131684265119104,-0.18176401898313302,-0.3446455632309161,2.7822743699834755,-0.10264043637505327,-0.08175645569413245
2008-04-17 02:40:00+00:00,ME02,-0.0032410260160483715,-0.16508738640157808,5.982927504458311,0.3131684265119104,-0.18176401898313302,-0.3446455632309161,2.7822743699834755,-0.10264043637505327,-0.08175645569413245
2008-04-17 02:50:00+00:00,ME02,-0.0017985470402802173,0.15980708928589946,11.487466950972268,0.3131684265119104,-0.18176401898313302,-0.3446455632309161,2.7822743699834755,-0.10264043637505327,-0.08175645569413245
2008-04-17 03:00:00+00:00,ME02,0.003567280939038875,-0.1670210433473899,6.879654652194414,-0.12045678094716816,0.08676549257120564,-0.5053393161464773,4.131255888936666,-0.10264043637505327,-0.08175645569413245
2008-04-17 03:10:00+00:00,ME02,-2.0007372602923972e-05,0.09562547677305044,4.850992583402121,-0.12045678094716816,0.08676549257120564,-0.5053393161464773,4.131255888936666,-0.10264043637505327,-0.08175645569413245
2008-04-17 03:20:00+00:00,ME02,-0.0004765581346470734,-0.5368088517765511,2.6854095412759174,-0.12045678094716816,0.08676549257120564,-0.5053393161464773,4.131255888936666,-0.10264043637505327,-0.08175645569413245
2008-04-17 03:30:00+00:00,ME02,0.0018353576394920437,0.16936828172347093,0.7271059425055552,-0.12045678094716816,0.08676549257120564,-0.5053393161464773,4.131255888936666,-0.10264043637505327,-0.08175645569413245
2008-04-17 03:40:00+00:00,ME02,0.007030109284337732,-0.2655094319402591,6.196626759465689,-0.12045678094716816,0.08676549257120564,-0.5053393161464773,4.131255888936666,-0.10264043637505327,-0.08175645569413245
2008-04-17 03:50:00+00:00,ME02,0.006857582118810603,0.33135021416915833,4.666771896981264,-0.12045678094716816,0.08676549257120564,-0.5053393161464773,4.131255888936666,-0.10264043637505327,-0.08175645569413245
2008-04-17 04:00:00+00:00,ME02,0.011327157210649636,-0.2168810541336948,4.102817061827273,0.2890674683471134,-0.688423800533052,-0.6026012778132611,1.981316612391239,-0.10264043637505327,-0.08175645569413245
2008-04-17 04:10:00+00:00,ME02,0.012471948726077042,-0.9345553210426412,8.129487550948456,0.2890674683471134,-0.688423800533052,-0.6026012778132611,1.981316612391239,-0.10264043637505327,-0.08175645569413245
2008-04-17 04:20:00+00:00,ME02,0.014772006255229663,0.1091663207967585,13.608607121983118,0.2890674683471134,-0.688423800533052,-0.6026012778132611,1.981316612391239,-0.10264043637505327,-0.08175645569413245
2008-04-17 04:30:00+00:00,ME02,0.02869382829769522,-0.19355302667784832,23.453558460045578,0.2890674683471134,-0.688423800533052,-0.6026012778132611,1.981316612391239,-0.10264043637505327,-0.08175645569413245
2008-04-17 04:40:00+00:00,ME02,0.03457066263973666,-0.08283961534151087,24.146748893319568,0.2890674683471134,-0.688423800533052,-0.6026012778132611,1.981316612391239,-0.10264043637505327,-0.08175645569413245
2008-04-17 04:50:00+00:00,ME02,0.029558137349038238,0.6462147790437807,16.75086026104652,0.2890674683471134,-0.688423800533052,-0.6026012778132611,1.981316612391239,-0.10264043637505327,-0.08175645569413245
2008-04-17 05:00:00+00:00,ME02,0.040289403625426566,-0.8811656250002077,15.675376828380454,-0.4817791139118529,-0.10956499015070498,-0.5560848673935299,2.655807371867834,-0.10264043637505327,-0.08175645569413245
2008-04-17 05:10:00+00:00,ME02,0.03599237168423442,-0.4554961030506051,14.285877844988235,-0.4817791139118529,-0.10956499015070498,-0.5560848673935299,2.655807371867834,-0.10264043637505327,-0.08175645569413245
2008-04-17 05:20:00+00:00,ME02,0.04693144436620149,-0.4127550444277794,17.501623956003353,-0.4817791139118529,-0.10956499015070498,-0.5560848673935299,2.655807371867834,-0.10264043637505327,-0.08175645569413245
2008-04-17 05:30:00+00:00,ME02,0.05368014773829242,-0.26400365546313487,12.5950969729185,-0.4817791139118529,-0.10956499015070498,-0.5560848673935299,2.655807371867834,-0.10264043637505327,-0.08175645569413245
2008-04-17 05:40:00+00:00,ME02,0.057511493208845306,-0.34057501204920987,14.917533651293379,-0.4817791139118529,-0.10956499015070498,-0.5560848673935299,2.655807371867834,-0.10264043637505327,-0.08175645569413245
2008-04-17 05:50:00+00:00,ME02,0.05755720455886781,-0.22404729088039213,16.81162344175152,-0.4817791139118529,-0.10956499015070498,-0.5560848673935299,2.655807371867834,-0.10264043637505327,-0.08175645569413245
2008-04-17 06:00:00+00:00,ME02,0.05791390462139943,-0.7887257366732252,19.56613091406146,-0.09635582278236979,0.2108972121024089,-0.39116226927072395,4.257722989912149,-0.10264043637505327,0.02384563291078881
2008-04-17 06:10:00+00:00,ME02,0.053315492087467914,-0.6259438146996037,19.97343749148803,-0.09635582278236979,0.2108972121024089,-0.39116226927072395,4.257722989912149,-0.10264043637505327,0.02384563291078881
2008-04-17 06:20:00+00:00,ME02,0.06432763888503042,-0.7221898994905825,12.655195973333532,-0.09635582278236979,0.2108972121024089,-0.39116226927072395,4.257722989912149,-0.10264043637505327,0.02384563291078881
2008-04-17 06:30:00+00:00,ME02,0.059119010597884825,-0.5189102312102544,13.091118066350221,-0.09635582278236979,0.2108972121024089,-0.39116226927072395,4.257722989912149,-0.10264043637505327,0.02384563291078881
2008-04-17 06:40:00+00:00,ME02,0.050794800127452716,-0.2692801258770701,13.197226440400264,-0.09635582278236979,0.2108972121024089,-0.39116226927072395,4.257722989912149,-0.10264043637505327,0.02384563291078881
2008-04-17 06:50:00+00:00,ME02,0.07047528874783507,0.4355378692286684,30.02466353617972,-0.09635582278236979,0.2108972121024089,-0.39116226927072395,4.257722989912149,-0.10264043637505327,0.02384563291078881
2008-04-17 07:00:00+00:00,ME02,0.08128368664720492,-0.323748092077631,38.42296574354354,0.07225486461757274,0.46296039033358477,-0.3531032536454728,2.9930528030360524,-0.10264043637505327,0.02384563291078881
2008-04-17 07:10:00+00:00,ME02,0.06619253991158484,-0.4875526549776007,24.714246131302904,0.07225486461757274,0.46296039033358477,-0.3531032536454728,2.9930528030360524,-0.10264043637505327,0.02384563291078881
2008-04-17 07:20:00+00:00,ME02,0.061752648539515606,-0.46878190943202513,12.6221491032815,0.07225486461757274,0.46296039033358477,-0.3531032536454728,2.9930528030360524,-0.10264043637505327,0.02384563291078881
2008-04-17 07:30:00+00:00,ME02,0.06958400905026674,0.7605701897676901,17.443882913737507,0.07225486461757274,0.46296039033358477,-0.3531032536454728,2.9930528030360524,-0.10264043637505327,0.02384563291078881
2008-04-17 07:40:00+00:00,ME02,0.056441768428897164,0.7396654142882826,24.470228182291894,0.07225486461757274,0.46296039033358477,-0.3531032536454728,2.9930528030360524,-0.10264043637505327,0.02384563291078881
2008-04-17 07:50:00+00:00,ME02,0.05486098675149472,0.9212993283857895,24.016570329649287,0.07225486461757274,0.46296039033358477,-0.3531032536454728,2.9930528030360524,-0.10264043637505327,0.02384563291078881
2008-04-17 08:00:00+00:00,ME02,0.03389663886721415,-0.3941048653465625,11.339922214610661,-0.09635582278236979,0.8594216262296167,-0.26429898239321215,1.3068258529146437,-0.10264043637505327,0.02384563291078881
2008-04-17 08:10:00+00:00,ME02,0.044159070626414526,-0.5443117355896814,21.608973991084554,-0.09635582278236979,0.8594216262296167,-0.26429898239321215,1.3068258529146437,-0.10264043637505327,0.02384563291078881
2008-04-17 08:20:00+00:00,ME02,0.05516363987974597,-0.2911999808793152,32.96252017654854,-0.09635582278236979,0.8594216262296167,-0.26429898239321215,1.3068258529146437,-0.10264043637505327,0.02384563291078881
2008-04-17 08:30:00+00:00,ME02,0.054916688022927936,-0.33753020646358706,34.83349078634609,-0.09635582278236979,0.8594216262296167,-0.26429898239321215,1.3068258529146437,-0.10264043637505327,0.02384563291078881
2008-04-17 08:40:00+00:00,ME02,0.07125212783148929,-0.11136477236663303,36.15344233740915,-0.09635582278236979,0.8594216262296167,-0.26429898239321215,1.3068258529146437,-0.10264043637505327,0.02384563291078881
2008-04-17 08:50:00+00:00,ME02,0.07002592555933272,-0.022364315859581617,30.695128126647536,-0.09635582278236979,0.8594216262296167,-0.26429898239321215,1.3068258529146437,-0.10264043637505327,0.02384563291078881
2008-04-17 09:00:00+00:00,ME02,0.05580068718397147,-0.5489974667473978,22.801001651150386,-0.6985917176413922,0.2248303859797251,-0.49265307614475246,-0.25293399623128265,-0.10264043637505327,0.02384563291078881
2008-04-17 09:10:00+00:00,ME02,0.045991911375969315,-0.5703008727118866,15.789551435656339,-0.6985917176413922,0.2248303859797251,-0.49265307614475246,-0.25293399623128265,-0.10264043637505327,0.02384563291078881
2008-04-17 09:20:00+00:00,ME02,0.042325956407634986,-0.9044363761221048,13.330816132339457,-0.6985917176413922,0.2248303859797251,-0.49265307614475246,-0.25293399623128265,-0.10264043637505327,0.02384563291078881
2008-04-17 09:30:00+00:00,ME02,0.054152535516246644,0.062726397237797,13.645633255215877,-0.6985917176413922,0.2248303859797251,-0.49265307614475246,-0.25293399623128265,-0.10264043637505327,0.02384563291078881
2008-04-17 09:40:00+00:00,ME02,0.05540292403480386,0.1506118424712999,17.533834238144056,-0.6985917176413922,0.2248303859797251,-0.49265307614475246,-0.25293399623128265,-0.10264043637505327,0.02384563291078881
2008-04-17 09:50:00+00:00,ME02,0.06191372407960759,0.3814827269322388,37.63526927922111,-0.6985917176413922,0.2248303859797251,-0.49265307614475246,-0.25293399623128265,-0.10264043637505327,0.02384563291078881
2008-04-17 10:00:00+00:00,ME02,0.06475327596864795,0.2992819603171733,36.0499695524999,-0.09635582278236979,-0.46802697486699857,-0.6322028986440658,0.04215566603854714,-0.10264043637505327,0.02384563291078881
2008-04-17 10:10:00+00:00,ME02,0.07568407803859897,0.6983596302022954,53.14095339354017,-0.09635582278236979,-0.46802697486699857,-0.6322028986440658,0.04215566603854714,-0.10264043637505327,0.02384563291078881
2008-04-17 10:20:00+00:00,ME02,0.08673942857314978,1.2542898330891497,61.7261783844094,-0.09635582278236979,-0.46802697486699857,-0.6322028986440658,0.04215566603854714,-0.10264043637505327,0.02384563291078881
2008-04-17 10:30:00+00:00,ME02,0.08808720409183636,0.4317232899188844,64.63933095458054,-0.09635582278236979,-0.46802697486699857,-0.6322028986440658,0.04215566603854714,-0.10264043637505327,0.02384563291078881
2008-04-17 10:40:00+00:00,ME02,0.06431593944338206,-0.023818559654023852,48.83069529852307,-0.09635582278236979,-0.46802697486699857,-0.6322028986440658,0.04215566603854714,-0.10264043637505327,0.02384563291078881
2008-04-17 10:50:00+00:00,ME02,0.061543599187943714,0.9240538338906558,45.90898802886041,-0.09635582278236979,-0.46802697486699857,-0.6322028986440658,0.04215566603854714,-0.10264043637505327,0.02384563291078881
2008-04-17 11:00:00+00:00,ME02,0.10431715509575389,10.595887179985015,55.43709190499673,-0.07230287449439378,-0.6022915978233078,-0.8351845123921229,-0.6323350934380482,0.5627527373666715,0.02384563291078881
2008-04-17 11:10:00+00:00,ME02,0.0651365326221132,0.5031720411500142,50.33661528304199,-0.07230287449439378,-0.6022915978233078,-0.8351845123921229,-0.6323350934380482,0.5627527373666715,0.02384563291078881
2008-04-17 11:20:00+00:00,ME02,0.04076973834994118,1.2035764178241546,39.568235233901966,-0.07230287449439378,-0.6022915978233078,-0.8351845123921229,-0.6323350934380482,0.5627527373666715,0.02384563291078881
2008-04-17 11:30:00+00:00,ME02,0.07966972995335482,4.49537893780188,74.00593288544128,-0.07230287449439378,-0.6022915978233078,-0.8351845123921229,-0.6323350934380482,0.5627527373666715,0.02384563291078881
2008-04-17 11:40:00+00:00,ME02,0.06298166254037538,0.6345987734888608,50.8781131438077,-0.07230287449439378,-0.6022915978233078,-0.8351845123921229,-0.6323350934380482,0.5627527373666715,0.02384563291078881
2008-04-17 11:50:00+00:00,ME02,0.07015545313480959,0.6079247753004874,54.333127598933956,-0.07230287449439378,-0.6022915978233078,-0.8351845123921229,-0.6323350934380482,0.5627527373666715,0.02384563291078881
2008-04-17 12:00:00+00:00,ME02,0.05493529548084182,0.0516243694683909,45.126515187900864,-0.6985917176413922,-0.739089911508904,-1.0550812113492167,0.12646699811564133,5.220504953558745,0.1294477215157108
2008-04-17 12:10:00+00:00,ME02,0.09052667603683226,1.0209329835846126,65.861223156573,-0.6985917176413922,-0.739089911508904,-1.0550812113492167,0.12646699811564133,5.220504953558745,0.1294477215157108
2008-04-17 12:20:00+00:00,ME02,0.09292430772290192,1.7200227932889478,64.21634319880307,-0.6985917176413922,-0.739089911508904,-1.0550812113492167,0.12646699811564133,5.220504953558745,0.1294477215157108
2008-04-17 12:30:00+00:00,ME02,0.06522750232696138,3.3000142180233447,44.97885551611363,-0.6985917176413922,-0.739089911508904,-1.0550812113492167,0.12646699811564133,5.220504953558745,0.1294477215157108
2008-04-17 12:40:00+00:00,ME02,0.058769937551929684,0.19261929945139367,39.20565970336433,-0.6985917176413922,-0.739089911508904,-1.0550812113492167,0.12646699811564133,5.220504953558745,0.1294477215157108
2008-04-17 12:50:00+00:00,ME02,0.04093493817368515,-0.01230709413649129,25.4932201114978,-0.6985917176413922,-0.739089911508904,-1.0550812113492167,0.12646699811564133,5.220504953558745,0.1294477215157108
2008-04-17 13:00:00+00:00,ME02,0.04201348211370531,-0.7055960400705075,24.40048868151456,0.3131684265119104,-0.9392203990413046,-1.2030884286429429,2.065627944468333,11.87443669097599,0.1294477215157108
2008-04-17 13:10:00+00:00,ME02,0.036664394300827075,-0.48437244169735794,26.086412093583114,0.3131684265119104,-0.9392203990413046,-1.2030884286429429,2.065627944468333,11.87443669097599,0.1294477215157108
2008-04-17 13:20:00+00:00,ME02,0.03375067200987469,-0.456182639922593,25.84474767702604,0.3131684265119104,-0.9392203990413046,-1.2030884286429429,2.065627944468333,11.87443669097599,0.1294477215157108
2008-04-17 13:30:00+00:00,ME02,0.02324169758277511,0.009300338927496925,16.728129204052312,0.3131684265119104,-0.9392203990413046,-1.2030884286429429,2.065627944468333,11.87443669097599,0.1294477215157108
2008-04-17 13:40:00+00:00,ME02,0.04306346929309897,0.9365578127761457,31.09638792781184,0.3131684265119104,-0.9392203990413046,-1.2030884286429429,2.065627944468333,11.87443669097599,0.1294477215157108
2008-04-17 13:50:00+00:00,ME02,0.03769090512747537,0.7131903689292245,30.131701419182004,0.3131684265119104,-0.9392203990413046,-1.2030884286429429,2.065627944468333,11.87443669097599,0.1294477215157108
2008-04-17 14:00:00+00:00,ME02,0.020921481173871742,-0.4801897375682368,20.864598040754295,0.3613223329646848,-0.8277552736644948,-1.4145277328055903,1.3489815189531906,20.524547949618412,0.1294477215157108
2008-04-17 14:10:00+00:00,ME02,0.05198113310016191,2.7817306284917707,23.989794410495563,0.3613223329646848,-0.8277552736644948,-1.4145277328055903,1.3489815189531906,20.524547949618412,0.1294477215157108
2008-04-17 14:20:00+00:00,ME02,0.09490300976249388,1.6681711995366006,31.75222606141606,0.3613223329646848,-0.8277552736644948,-1.4145277328055903,1.3489815189531906,20.524547949618412,0.1294477215157108
2008-04-17 14:30:00+00:00,ME02,0.09015061843338353,3.881979425615594,28.46151434674847,0.3613223329646848,-0.8277552736644948,-1.4145277328055903,1.3489815189531906,20.524547949618412,0.1294477215157108
2008-04-17 14:40:00+00:00,ME02,0.07801756455484625,0.9055745298349906,29.567624628651817,0.3613223329646848,-0.8277552736644948,-1.4145277328055903,1.3489815189531906,20.524547949618412,0.1294477215157108
2008-04-17 14:50:00+00:00,ME02,0.05670495757668492,0.21547505975168174,25.079854753865337,0.3613223329646848,-0.8277552736644948,-1.4145277328055903,1.3489815189531906,20.524547949618412,0.1294477215157108
2008-04-17 15:00:00+00:00,ME02,0.06902967975310245,4.580695016240422,30.77848009854144,0.09635582278237112,-0.7530230853862202,-1.4737306788470894,0.5901794273995011,7.882077648525642,0.1294477215157108
2008-04-17 15:10:00+00:00,ME02,0.08787862757698708,1.2325913755999787,24.166706989281483,0.09635582278237112,-0.7530230853862202,-1.4737306788470894,0.5901794273995011,7.882077648525642,0.1294477215157108
2008-04-17 15:20:00+00:00,ME02,0.07767014140537912,0.8739017044869942,24.33893373800054,0.09635582278237112,-0.7530230853862202,-1.4737306788470894,0.5901794273995011,7.882077648525642,0.1294477215157108
2008-04-17 15:30:00+00:00,ME02,0.05394683645329471,3.2956788870519924,17.991354778234204,0.09635582278237112,-0.7530230853862202,-1.4737306788470894,0.5901794273995011,7.882077648525642,0.1294477215157108
2008-04-17 15:40:00+00:00,ME02,0.02239338224175341,-0.1322662273211785,18.01669484544812,0.09635582278237112,-0.7530230853862202,-1.4737306788470894,0.5901794273995011,7.882077648525642,0.1294477215157108
2008-04-17 15:50:00+00:00,ME02,0.01242788037823743,-0.6790879270608794,10.604336438503598,0.09635582278237112,-0.7530230853862202,-1.4737306788470894,0.5901794273995011,7.882077648525642,0.1294477215157108
2008-04-17 16:00:00+00:00,ME02,0.01837442321424549,-0.35422897386276664,9.57911964765162,0.1204567809471695,-0.45916038552309524,-1.6344244317626506,-0.16862266415418836,1.228145911108396,0.1294477215157108
2008-04-17 16:10:00+00:00,ME02,0.011986782848238326,-0.4128563100794575,8.51756531591885,0.1204567809471695,-0.45916038552309524,-1.6344244317626506,-0.16862266415418836,1.228145911108396,0.1294477215157108
2008-04-17 16:20:00+00:00,ME02,0.012733246041344008,-0.3690455606432393,8.125835113718825,0.1204567809471695,-0.45916038552309524,-1.6344244317626506,-0.16862266415418836,1.228145911108396,0.1294477215157108
2008-04-17 16:30:00+00:00,ME02,0.00876666327567422,-0.11248012956553471,4.634554880322309,0.1204567809471695,-0.45916038552309524,-1.6344244317626506,-0.16862266415418836,1.228145911108396,0.1294477215157108
2008-04-17 16:40:00+00:00,ME02,0.0015529749225731784,-0.5424582307910268,2.807259041979459,0.1204567809471695,-0.45916038552309524,-1.6344244317626506,-0.16862266415418836,1.228145911108396,0.1294477215157108
2008-04-17 16:50:00+00:00,ME02,-0.005014070428986898,-0.10450821727401949,3.0656851311696562,0.1204567809471695,-0.45916038552309524,-1.6344244317626506,-0.16862266415418836,1.228145911108396,0.1294477215157108
2008-04-17 17:00:00+00:00,ME02,-0.003333137466982367,-0.3539319406748083,2.1457069579261834,0.09635582278237112,-0.8581547808649737,-1.8796936107231605,0.8009577575922366,-0.10264043637505327,0.1294477215157108
2008-04-17 17:10:00+00:00,ME02,0.001459803097429589,-0.6665985990463515,6.230703421998576,0.09635582278237112,-0.8581547808649737,-1.8796936107231605,0.8009577575922366,-0.10264043637505327,0.1294477215157108
2008-04-17 17:20:00+00:00,ME02,-0.0036191156739950087,-0.9969164378208899,5.173270563807395,0.09635582278237112,-0.8581547808649737,-1.8796936107231605,0.8009577575922366,-0.10264043637505327,0.1294477215157108
2008-04-17 17:30:00+00:00,ME02,-0.0012315311872709393,-0.4428463748330292,5.882754563257017,0.09635582278237112,-0.8581547808649737,-1.8796936107231605,0.8009577575922366,-0.10264043637505327,0.1294477215157108
2008-04-17 17:40:00+00:00,ME02,0.0017466811267590487,-0.39660340817696993,7.309011987265556,0.09635582278237112,-0.8581547808649737,-1.8796936107231605,0.8009577575922366,-0.10264043637505327,0.1294477215157108
2008-04-17 17:50:00+00:00,ME02,0.0070731135671387195,0.32321286812208444,6.044281243432684,0.09635582278237112,-0.8581547808649737,-1.8796936107231605,0.8009577575922366,-0.10264043637505327,0.1294477215157108
2008-04-17 18:00:00+00:00,ME02,0.0012444912453113315,-0.730411289385311,6.0096770262783945,-0.09635582278236979,-1.1608840700720016,-1.9262103167629683,-0.6744907594765952,-0.10264043637505327,0.23504981012063206
2008-04-17 18:10:00+00:00,ME02,0.0025253475395477466,-0.21138753448895092,6.304406761523924,-0.09635582278236979,-1.1608840700720016,-1.9262103167629683,-0.6744907594765952,-0.10264043637505327,0.23504981012063206
2008-04-17 18:20:00+00:00,ME02,0.001320203931923995,-0.9794824310009598,5.946362640410479,-0.09635582278236979,-1.1608840700720016,-1.9262103167629683,-0.6744907594765952,-0.10264043637505327,0.23504981012063206
2008-04-17 18:30:00+00:00,ME02,0.0012906042735151082,0.05413110736588376,6.5143279345107326,-0.09635582278236979,-1.1608840700720016,-1.9262103167629683,-0.6744907594765952,-0.10264043637505327,0.23504981012063206
2008-04-17 18:40:00+00:00,ME02,-0.002850117675415479,-0.09024179559013543,2.7948205565755386,-0.09635582278236979,-1.1608840700720016,-1.9262103167629683,-0.6744907594765952,-0.10264043637505327,0.23504981012063206
2008-04-17 18:50:00+00:00,ME02,-0.000991448694684302,0.3308277553588782,2.102210864620372,-0.09635582278236979,-1.1608840700720016,-1.9262103167629683,-0.6744907594765952,-0.10264043637505327,0.23504981012063206
2008-04-17 19:00:00+00:00,ME02,-0.006417158682372357,-0.5165410014154643,1.2641761205613726,-0.09635582278236979,-1.2774157799822248,-1.7824316490564103,1.4754485170688318,-0.10264043637505327,0.23504981012063206
2008-04-17 19:10:00+00:00,ME02,-0.004662572599781762,-0.5727716112508997,0.9229890521095954,-0.09635582278236979,-1.2774157799822248,-1.7824316490564103,1.4754485170688318,-0.10264043637505327,0.23504981012063206
2008-04-17 19:20:00+00:00,ME02,-0.001721481018006572,-0.4070673399511326,0.5639426757434796,-0.09635582278236979,-1.2774157799822248,-1.7824316490564103,1.4754485170688318,-0.10264043637505327,0.23504981012063206
2008-04-17 19:30:00+00:00,ME02,-0.0065844577902557785,-0.38374603759360276,0.1532754872736414,-0.09635582278236979,-1.2774157799822248,-1.7824316490564103,1.4754485170688318,-0.10264043637505327,0.23504981012063206
2008-04-17 19:40:00+00:00,ME02,-0.00630540910538409,-0.04245205907581263,0.23554600042279314,-0.09635582278236979,-1.2774157799822248,-1.7824316490564103,1.4754485170688318,-0.10264043637505327,0.23504981012063206
2008-04-17 19:50:00+00:00,ME02,-0.008076305512374132,-0.06072247878226756,0.4342309466283322,-0.09635582278236979,-1.2774157799822248,-1.7824316490564103,1.4754485170688318,-0.10264043637505327,0.23504981012063206
2008-04-17 20:00:00+00:00,ME02,-0.014333081963224128,-0.06309379606118544,0.2970707684238727,-0.289067468347112,-1.2913489538595415,-1.5244759344740653,0.2107783301927356,-0.10264043637505327,0.23504981012063206
2008-04-17 20:10:00+00:00,ME02,-0.015102480489909146,-0.8348137379274113,0.24294582792750488,-0.289067468347112,-1.2913489538595415,-1.5244759344740653,0.2107783301927356,-0.10264043637505327,0.23504981012063206
2008-04-17 20:20:00+00:00,ME02,-0.012709150174213193,-0.7177731623909691,0.0037622830149814782,-0.289067468347112,-1.2913489538595415,-1.5244759344740653,0.2107783301927356,-0.10264043637505327,0.23504981012063206
2008-04-17 20:30:00+00:00,ME02,-0.017484405706421367,0.3391641190837513,-0.23121618822001663,-0.289067468347112,-1.2913489538595415,-1.5244759344740653,0.2107783301927356,-0.10264043637505327,0.23504981012063206
2008-04-17 20:40:00+00:00,ME02,-0.01712579892222058,0.5060003280581662,-0.09746183528127539,-0.289067468347112,-1.2913489538595415,-1.5244759344740653,0.2107783301927356,-0.10264043637505327,0.23504981012063206
2008-04-17 20:50:00+00:00,ME02,-0.015441431700859699,0.39625251899696423,-0.09587690256730423,-0.289067468347112,-1.2913489538595415,-1.5244759344740653,0.2107783301927356,-0.10264043637505327,0.23504981012063206
2008-04-17 21:00:00+00:00,ME02,-0.01696300591994585,-0.16632737882269566,-0.1386003984446136,0.09635582278237112,-1.2394162631607661,-1.7189998578075993,0.33724543116821853,-0.10264043637505327,0.23504981012063206
2008-04-17 21:10:00+00:00,ME02,-0.01841318572069213,-0.9065985065420376,-0.19341770235819777,0.09635582278237112,-1.2394162631607661,-1.7189998578075993,0.33724543116821853,-0.10264043637505327,0.23504981012063206
2008-04-17 21:20:00+00:00,ME02,-0.02092213821061209,-0.6947936884662856,-0.072256341345428,0.09635582278237112,-1.2394162631607661,-1.7189998578075993,0.33724543116821853,-0.10264043637505327,0.23504981012063206
2008-04-17 21:30:00+00:00,ME02,-0.017375645619224386,-0.2480561703962644,-0.06354481430198536,0.09635582278237112,-1.2394162631607661,-1.7189998578075993,0.33724543116821853,-0.10264043637505327,0.23504981012063206
2008-04-17 21:40:00+00:00,ME02,-0.017132840996920196,-0.010402444697694363,0.014940305000091648,0.09635582278237112,-1.2394162631607661,-1.7189998578075993,0.33724543116821853,-0.10264043637505327,0.23504981012063206
2008-04-17 21:50:00+00:00,ME02,-0.0178746883941959,0.14221903974318623,0.011601874284621358,0.09635582278237112,-1.2394162631607661,-1.7189998578075993,0.33724543116821853,-0.10264043637505327,0.23504981012063206
2008-04-17 22:00:00+00:00,ME02,-0.019526539508745788,-1.0427283633544118,-0.053364901023753894,-0.289067468347112,-1.272349195448812,-1.7063136178058744,-0.6744907594765952,-0.10264043637505327,0.23504981012063206
2008-04-17 22:10:00+00:00,ME02,-0.018264684985321328,-1.0470667851452264,-0.16760732822056643,-0.289067468347112,-1.272349195448812,-1.7063136178058744,-0.6744907594765952,-0.10264043637505327,0.23504981012063206
2008-04-17 22:20:00+00:00,ME02,-0.015638977809316223,-0.9669812890291251,0.07652373678751484,-0.289067468347112,-1.272349195448812,-1.7063136178058744,-0.6744907594765952,-0.10264043637505327,0.23504981012063206
2008-04-17 22:30:00+00:00,ME02,-0.018382371442497346,-0.010903022339094348,0.009115581529314356,-0.289067468347112,-1.272349195448812,-1.7063136178058744,-0.6744907594765952,-0.10264043637505327,0.23504981012063206
2008-04-17 22:40:00+00:00,ME02,-0.015198299759745793,-0.08651616523757995,0.1844685137297731,-0.289067468347112,-1.272349195448812,-1.7063136178058744,-0.6744907594765952,-0.10264043637505327,0.23504981012063206
2008-04-17 22:50:00+00:00,ME02,-0.017054596318515837,0.3886238244597934,0.301606057685914,-0.289067468347112,-1.272349195448812,-1.7063136178058744,-0.6744907594765952,-0.10264043637505327,0.23504981012063206
2008-04-17 23:00:00+00:00,ME02,-0.01723564328771368,-0.48007406412817527,0.027525111072548403,0.09635582278237112,-1.3242818861475871,-1.8078044246799365,-0.29508966226982974,-0.10264043637505327,0.23504981012063206
2008-04-17 23:10:00+00:00,ME02,-0.018186597763454968,-0.5747259693932993,0.059670128437904195,0.09635582278237112,-1.3242818861475871,-1.8078044246799365,-0.29508966226982974,-0.10264043637505327,0.23504981012063206
2008-04-17 23:20:00+00:00,ME02,-0.01808947376947501,-0.7838026800926713,0.11290697611648522,0.09635582278237112,-1.3242818861475871,-1.8078044246799365,-0.29508966226982974,-0.10264043637505327,0.23504981012063206
2008-04-17 23:30:00+00:00,ME02,-0.01764314711031332,0.1824631338052937,0.18298363163792924,0.09635582278237112,-1.3242818861475871,-1.8078044246799365,-0.29508966226982974,-0.10264043637505327,0.23504981012063206
2008-04-17 23:40:00+00:00,ME02,-0.016676167720745233,-0.20286078657508086,0.420969964674004,0.09635582278237112,-1.3242818861475871,-1.8078044246799365,-0.29508966226982974,-0.10264043637505327,0.23504981012063206
2008-04-17 23:50:00+00:00,ME02,-0.015168653314852726,0.43184709619666134,0.4389540092590967,0.09635582278237112,-1.3242818861475871,-1.8078044246799365,-0.29508966226982974,-0.10264043637505327,0.23504981012063206
2008-04-18 00:00:00+00:00,ME02,-0.01950276187965814,-0.8206362020773259,0.22618402107967472,0.07225486461757274,-1.2609494466590625,-1.9304391619702466,-0.6744907594765952,-0.10264043637505327,0.3406518987255533
2008-04-18 00:10:00+00:00,ME02,-0.017022247353995226,-0.7160453977935248,0.34518881328234663,0.07225486461757274,-1.2609494466590625,-1.9304391619702466,-0.6744907594765952,-0.10264043637505327,0.3406518987255533
2008-04-18 00:20:00+00:00,ME02,-0.018023953467037904,-0.6503974074433333,0.3157837832742526,0.07225486461757274,-1.2609494466590625,-1.9304391619702466,-0.6744907594765952,-0.10264043637505327,0.3406518987255533
2008-04-18 00:30:00+00:00,ME02,-0.01925821915633373,-0.0661526439757802,0.33992877732383525,0.07225486461757274,-1.2609494466590625,-1.9304391619702466,-0.6744907594765952,-0.10264043637505327,0.3406518987255533
2008-04-18 00:40:00+00:00,ME02,-0.01501194810740612,0.41921092992809406,0.6162040398966178,0.07225486461757274,-1.2609494466590625,-1.9304391619702466,-0.6744907594765952,-0.10264043637505327,0.3406518987255533
2008-04-18 00:50:00+00:00,ME02,-0.012826290967086788,0.43056713902929067,0.7262164420169239,0.07225486461757274,-1.2609494466590625,-1.9304391619702466,-0.6744907594765952,-0.10264043637505327,0.3406518987255533
2008-04-18 01:00:00+00:00,ME02,-0.01668098780419176,-0.38041346733546727,0.3972244630338288,0.264966510182315,-1.4598133544685399,-2.1080480000947777,-0.6744907594765952,-0.10264043637505327,0.3406518987255533
2008-04-18 01:10:00+00:00,ME02,-0.017553514634357704,-0.8333078639541027,0.4092114450500005,0.264966510182315,-1.4598133544685399,-2.1080480000947777,-0.6744907594765952,-0.10264043637505327,0.3406518987255533
2008-04-18 01:20:00+00:00,ME02,-0.018087105085358067,-0.8868217024454064,0.45984195939489536,0.264966510182315,-1.4598133544685399,-2.1080480000947777,-0.6744907594765952,-0.10264043637505327,0.3406518987255533
2008-04-18 01:30:00+00:00,ME02,-0.016406901378066406,-0.2424502071353536,0.5341454011410222,0.264966510182315,-1.4598133544685399,-2.1080480000947777,-0.6744907594765952,-0.10264043637505327,0.3406518987255533
2008-04-18 01:40:00+00:00,ME02,-0.012285119975841204,-0.279492840982286,1.09829896196194,0.264966510182315,-1.4598133544685399,-2.1080480000947777,-0.6744907594765952,-0.10264043637505327,0.3406518987255533
2008-04-18 01:50:00+00:00,ME02,-0.011679553577761974,0.5024363025207326,0.8439225382383546,0.264966510182315,-1.4598133544685399,-2.1080480000947777,-0.6744907594765952,-0.10264043637505327,0.3406518987255533
2008-04-18 02:00:00+00:00,ME02,-0.019387932602590398,-0.40458125181897125,0.5667156912773043,0.5058800720766526,-1.610544576389732,-2.2771991478047853,-0.6744907594765952,-0.10264043637505327,0.3406518987255533
2008-04-18 02:10:00+00:00,ME02,-0.0185678376427825,-0.050847507736308015,0.6489905656475513,0.5058800720766526,-1.610544576389732,-2.2771991478047853,-0.6744907594765952,-0.10264043637505327,0.3406518987255533
2008-04-18 02:20:00+00:00,ME02,-0.01662079098526385,-1.060593889564977,0.5842580051037845,0.5058800720766526,-1.610544576389732,-2.2771991478047853,-0.6744907594765952,-0.10264043637505327,0.3406518987255533
2008-04-18 02:30:00+00:00,ME02,-0.017801502593099292,-0.02368181520434483,0.6999919423519239,0.5058800720766526,-1.610544576389732,-2.2771991478047853,-0.6744907594765952,-0.10264043637505327,0.3406518987255533
2008-04-18 02:40:00+00:00,ME02,-0.015431369160437945,0.3061160719810597,0.940340130238737,0.5058800720766526,-1.610544576389732,-2.2771991478047853,-0.6744907594765952,-0.10264043637505327,0.3406518987255533
2008-04-18 02:50:00+00:00,ME02,-0.013746169814689147,0.1123074889889218,0.8158924082532909,0.5058800720766526,-1.610544576389732,-2.2771991478047853,-0.6744907594765952,-0.10264043637505327,0.3406518987255533
2008-04-18 03:00:00+00:00,ME02,-0.02103500810814893,-0.6139977324047766,0.4666618993683845,0.07225486461757274,-1.4889462819460955,-2.26451290780306,-0.6323350934380482,-0.10264043637505327,0.3406518987255533
2008-04-18 03:10:00+00:00,ME02,-0.018794724194562285,-1.0062513766992744,0.49098012183223066,0.07225486461757274,-1.4889462819460955,-2.26451290780306,-0.6323350934380482,-0.10264043637505327,0.3406518987255533
2008-04-18 03:20:00+00:00,ME02,-0.017649909349686146,-0.6841065033721296,0.45575952522644364,0.07225486461757274,-1.4889462819460955,-2.26451290780306,-0.6323350934380482,-0.10264043637505327,0.3406518987255533
2008-04-18 03:30:00+00:00,ME02,-0.016509420718718235,0.035476945957330516,0.37732042843801616,0.07225486461757274,-1.4889462819460955,-2.26451290780306,-0.6323350934380482,-0.10264043637505327,0.3406518987255533
2008-04-18 03:40:00+00:00,ME02,-0.014848926697121578,0.4057065327892625,0.738454914996664,0.07225486461757274,-1.4889462819460955,-2.26451290780306,-0.6323350934380482,-0.10264043637505327,0.3406518987255533
2008-04-18 03:50:00+00:00,ME02,-0.0167073478262984,-0.009642133862138956,0.8394957984928398,0.07225486461757274,-1.4889462819460955,-2.26451290780306,-0.6323350934380482,-0.10264043637505327,0.3406518987255533
2008-04-18 04:00:00+00:00,ME02,-0.018374480017933712,-0.8549479611070746,0.5833750192770494,0.2890674683471134,-1.5510121417116973,-2.2814279930120636,-0.6744907594765952,-0.10264043637505327,0.3406518987255533
2008-04-18 04:10:00+00:00,ME02,-0.017389616950609556,-0.11305099364144128,0.42428016552961517,0.2890674683471134,-1.5510121417116973,-2.2814279930120636,-0.6744907594765952,-0.10264043637505327,0.3406518987255533
2008-04-18 04:20:00+00:00,ME02,-0.016066369200391242,-0.7951273447711478,0.379500012188426,0.2890674683471134,-1.5510121417116973,-2.2814279930120636,-0.6744907594765952,-0.10264043637505327,0.3406518987255533
2008-04-18 04:30:00+00:00,ME02,-0.01550789841333652,0.3253437917890933,0.43751349405252893,0.2890674683471134,-1.5510121417116973,-2.2814279930120636,-0.6744907594765952,-0.10264043637505327,0.3406518987255533
2008-04-18 04:40:00+00:00,ME02,-0.01660394182030648,0.18432931958907198,0.8671855174699447,0.2890674683471134,-1.5510121417116973,-2.2814279930120636,-0.6744907594765952,-0.10264043637505327,0.3406518987255533
2008-04-18 04:50:00+00:00,ME02,-0.015159052465314468,0.3602152765409298,0.8291921211530293,0.2890674683471134,-1.5510121417116973,-2.2814279930120636,-0.6744907594765952,-0.10264043637505327,0.3406518987255533
2008-04-18 05:00:00+00:00,ME02,-0.016549485232104862,-0.561285749341376,0.4026817278103379,-0.12045678094716816,-0.9620201622625242,-2.1672509461363103,1.2225145208375494,-0.10264043637505327,0.3406518987255533
2008-04-18 05:10:00+00:00,ME02,-0.01929151564909116,-0.8012351617492515,0.3499304808201433,-0.12045678094716816,-0.9620201622625242,-2.1672509461363103,1.2225145208375494,-0.10264043637505327,0.3406518987255533
2008-04-18 05:20:00+00:00,ME02,-0.020144794681078274,-0.1391036144721776,0.16551126879204137,-0.12045678094716816,-0.9620201622625242,-2.1672509461363103,1.2225145208375494,-0.10264043637505327,0.3406518987255533
2008-04-18 05:30:00+00:00,ME02,-0.02115517422793596,-0.1355670859868929,-0.02174226007138452,-0.12045678094716816,-0.9620201622625242,-2.1672509461363103,1.2225145208375494,-0.10264043637505327,0.3406518987255533
2008-04-18 05:40:00+00:00,ME02,-0.01745459594643574,-0.14818383957871709,0.1486343796966405,-0.12045678094716816,-0.9620201622625242,-2.1672509461363103,1.2225145208375494,-0.10264043637505327,0.3406518987255533
2008-04-18 05:50:00+00:00,ME02,-0.018032596229220373,0.3967764258496381,-0.06024399845373988,-0.12045678094716816,-0.9620201622625242,-2.1672509461363103,1.2225145208375494,-0.10264043637505327,0.3406518987255533
2008-04-18 06:00:00+00:00,ME02,-0.023485023100615288,-0.9916209493283414,-0.517131202645378,0.4576781557470559,-0.33249550654604587,-1.9304391619702466,-0.6744907594765952,-0.10264043637505327,0.44625398733047456
2008-04-18 06:10:00+00:00,ME02,-0.024456057738977688,-0.5352371232773347,-0.5490114861928658,0.4576781557470559,-0.33249550654604587,-1.9304391619702466,-0.6744907594765952,-0.10264043637505327,0.44625398733047456
2008-04-18 06:20:00+00:00,ME02,-0.02570825276121986,-0.6714302868411283,-0.521399784623633,0.4576781557470559,-0.33249550654604587,-1.9304391619702466,-0.6744907594765952,-0.10264043637505327,0.44625398733047456
2008-04-18 06:30:00+00:00,ME02,-0.02241434252168653,-0.011942703341219848,0.02910777862750265,0.4576781557470559,-0.33249550654604587,-1.9304391619702466,-0.6744907594765952,-0.10264043637505327,0.44625398733047456
2008-04-18 06:40:00+00:00,ME02,-0.019788618611081502,0.06497290219631188,0.1683526894374752,0.4576781557470559,-0.33249550654604587,-1.9304391619702466,-0.6744907594765952,-0.10264043637505327,0.44625398733047456
2008-04-18 06:50:00+00:00,ME02,-0.019260470918379815,0.3106085201133066,0.020424811425241014,0.4576781557470559,-0.33249550654604587,-1.9304391619702466,-0.6744907594765952,-0.10264043637505327,0.44625398733047456
2008-04-18 07:00:00+00:00,ME02,-0.017680078283473507,-0.6752406297196447,0.5101150429514524,0.1204567809471695,0.6149584576194209,-1.8247195098889397,-0.4215567632453126,-0.10264043637505327,0.44625398733047456
2008-04-18 07:10:00+00:00,ME02,-0.016319727320898862,-0.7385592457810112,0.5944888539458506,0.1204567809471695,0.6149584576194209,-1.8247195098889397,-0.4215567632453126,-0.10264043637505327,0.44625398733047456
2008-04-18 07:20:00+00:00,ME02,-0.014607555793677186,-0.6976314540568982,1.1486283008559268,0.1204567809471695,0.6149584576194209,-1.8247195098889397,-0.4215567632453126,-0.10264043637505327,0.44625398733047456
2008-04-18 07:30:00+00:00,ME02,-0.009485092187556771,-0.1736270106813462,1.2736644867521634,0.1204567809471695,0.6149584576194209,-1.8247195098889397,-0.4215567632453126,-0.10264043637505327,0.44625398733047456
2008-04-18 07:40:00+00:00,ME02,-0.01675456413435235,-0.07081562987871083,0.8372123438300311,0.1204567809471695,0.6149584576194209,-1.8247195098889397,-0.4215567632453126,-0.10264043637505327,0.44625398733047456
2008-04-18 07:50:00+00:00,ME02,-0.011358190795704572,2.5903313836998434,1.5240658600372021,0.1204567809471695,0.6149584576194209,-1.8247195098889397,-0.4215567632453126,-0.10264043637505327,0.44625398733047456
2008-04-18 08:00:00+00:00,ME02,-0.003917555770204746,6.668137540006466,2.0720768001888716,-0.12045678094716816,1.2039504370685936,-1.613280501346369,-0.6744907594765952,-0.10264043637505327,0.44625398733047456
2008-04-18 08:10:00+00:00,ME02,-0.002409820638535395,1.5737454249154668,1.9986560952709773,-0.12045678094716816,1.2039504370685936,-1.613280501346369,-0.6744907594765952,-0.10264043637505327,0.44625398733047456
2008-04-18 08:20:00+00:00,ME02,-0.0039256291851069835,3.5277429271405873,1.9601780048411221,-0.12045678094716816,1.2039504370685936,-1.613280501346369,-0.6744907594765952,-0.10264043637505327,0.44625398733047456
2008-04-18 08:30:00+00:00,ME02,-0.008041222390332961,2.7765036397037615,1.8871328852087061,-0.12045678094716816,1.2039504370685936,-1.613280501346369,-0.6744907594765952,-0.10264043637505327,0.44625398733047456
2008-04-18 08:40:00+00:00,ME02,-0.01014827287540908,3.4387253648376737,0.87311833212702,-0.12045678094716816,1.2039504370685936,-1.613280501346369,-0.6744907594765952,-0.10264043637505327,0.44625398733047456
2008-04-18 08:50:00+00:00,ME02,-0.015367995030649392,2.202877676235284,0.7826276314536439,-0.12045678094716816,1.2039504370685936,-1.613280501346369,-0.6744907594765952,-0.10264043637505327,0.44625398733047456
2008-04-18 09:00:00+00:00,ME02,-0.010790538497365656,0.4522198232077586,1.476246469294864,0.1204567809471695,1.0684189687476404,-1.507560849265062,2.023472278429786,-0.10264043637505327,0.44625398733047456
2008-04-18 09:10:00+00:00,ME02,-0.010819086827072173,2.3019702372721293,1.1629610650726245,0.1204567809471695,1.0684189687476404,-1.507560849265062,2.023472278429786,-0.10264043637505327,0.44625398733047456
2008-04-18 09:20:00+00:00,ME02,-0.012127172049321918,1.697590041776369,1.221448206075988,0.1204567809471695,1.0684189687476404,-1.507560849265062,2.023472278429786,-0.10264043637505327,0.44625398733047456
2008-04-18 09:30:00+00:00,ME02,-0.013241913464232532,3.6984358280113954,0.8969537674108179,0.1204567809471695,1.0684189687476404,-1.507560849265062,2.023472278429786,-0.10264043637505327,0.44625398733047456
2008-04-18 09:40:00+00:00,ME02,-0.02422558982377349,1.6016971397616233,-0.523850732497465,0.1204567809471695,1.0684189687476404,-1.507560849265062,2.023472278429786,-0.10264043637505327,0.44625398733047456
2008-04-18 09:50:00+00:00,ME02,-0.028580874222171624,0.07046050875145062,-1.0501587544217381,0.1204567809471695,1.0684189687476404,-1.507560849265062,2.023472278429786,-0.10264043637505327,0.44625398733047456
2008-04-18 10:00:00+00:00,ME02,-0.02565914463385013,1.3572252026374143,-0.9904837688805652,0.7226446659293696,1.467413364089519,-1.4737306788470894,5.73317150698098,-0.10264043637505327,0.44625398733047456
2008-04-18 10:10:00+00:00,ME02,-0.029465590163551596,1.6395796371193385,-1.694223969728388,0.7226446659293696,1.467413364089519,-1.4737306788470894,5.73317150698098,-0.10264043637505327,0.44625398733047456
2008-04-18 10:20:00+00:00,ME02,-0.03033114484012584,4.307501411278392,-1.7676281227558222,0.7226446659293696,1.467413364089519,-1.4737306788470894,5.73317150698098,-0.10264043637505327,0.44625398733047456
2008-04-18 10:30:00+00:00,ME02,-0.02996064452350517,6.996697111284291,-2.0484899326225903,0.7226446659293696,1.467413364089519,-1.4737306788470894,5.73317150698098,-0.10264043637505327,0.44625398733047456
2008-04-18 10:40:00+00:00,ME02,-0.04617776641802707,0.36403141000981437,-3.8940909220632225,0.7226446659293696,1.467413364089519,-1.4737306788470894,5.73317150698098,-0.10264043637505327,0.44625398733047456
2008-04-18 10:50:00+00:00,ME02,-0.04874244626493205,0.2611815190211529,-4.301981933942435,0.7226446659293696,1.467413364089519,-1.4737306788470894,5.73317150698098,-0.10264043637505327,0.44625398733047456
2008-04-18 11:00:00+00:00,ME02,-0.04071046944723917,-0.004941905181969288,-3.0666784258549615,0.5299330203646286,1.4775467987980664,-1.4906457640560926,10.791852254485365,-0.10264043637505327,0.44625398733047456
2008-04-18 11:10:00+00:00,ME02,-0.040693916343423585,0.5765372605230867,-3.266514616033914,0.5299330203646286,1.4775467987980664,-1.4906457640560926,10.791852254485365,-0.10264043637505327,0.44625398733047456
2008-04-18 11:20:00+00:00,ME02,-0.045690910295860525,1.2464743379598804,-3.5494971848502352,0.5299330203646286,1.4775467987980664,-1.4906457640560926,10.791852254485365,-0.10264043637505327,0.44625398733047456
2008-04-18 11:30:00+00:00,ME02,-0.04925833488694401,3.4620023412315475,-4.590171126977494,0.5299330203646286,1.4775467987980664,-1.4906457640560926,10.791852254485365,-0.10264043637505327,0.44625398733047456
2008-04-18 11:40:00+00:00,ME02,-0.060892716491725056,-0.9585030935551907,-5.233258165810459,0.5299330203646286,1.4775467987980664,-1.4906457640560926,10.791852254485365,-0.10264043637505327,0.44625398733047456
2008-04-18 11:50:00+00:00,ME02,-0.059619927292350286,-0.9872877400918894,-5.122624491148035,0.5299330203646286,1.4775467987980664,-1.4906457640560926,10.791852254485365,-0.10264043637505327,0.44625398733047456
2008-04-18 12:00:00+00:00,ME02,-0.05965908151144855,-0.4528897357181397,-5.55761606221386,1.1803708315532477,1.5079463059985452,-1.5117896944723404,10.159517161047319,-0.10264043637505327,0.5518560759353959
2008-04-18 12:10:00+00:00,ME02,-0.061141534605923205,-1.6334928562307571,-5.420556893402103,1.1803708315532477,1.5079463059985452,-1.5117896944723404,10.159517161047319,-0.10264043637505327,0.5518560759353959
2008-04-18 12:20:00+00:00,ME02,-0.05620657348750077,2.24155771231418,-4.978206204186476,1.1803708315532477,1.5079463059985452,-1.5117896944723404,10.159517161047319,-0.10264043637505327,0.5518560759353959
2008-04-18 12:30:00+00:00,ME02,-0.05417401056789141,1.6780586547811218,-4.89354103090668,1.1803708315532477,1.5079463059985452,-1.5117896944723404,10.159517161047319,-0.10264043637505327,0.5518560759353959
2008-04-18 12:40:00+00:00,ME02,-0.04751745768118868,-0.32953256105870293,-3.9464059417604127,1.1803708315532477,1.5079463059985452,-1.5117896944723404,10.159517161047319,-0.10264043637505327,0.5518560759353959
2008-04-18 12:50:00+00:00,ME02,-0.051649323667692364,2.121276082268486,-3.6137663913141314,1.1803708315532477,1.5079463059985452,-1.5117896944723404,10.159517161047319,-0.10264043637505327,0.5518560759353959
2008-04-18 13:00:00+00:00,ME02,-0.05385863681983341,0.1397867108612745,-4.825216940342308,0.0,1.8600748608167816,-1.5160185396796189,7.967422115603501,-0.10264043637505327,0.5518560759353959
2008-04-18 13:10:00+00:00,ME02,-0.04914025036304825,-0.6980136883674324,-4.779536397970859,0.0,1.8600748608167816,-1.5160185396796189,7.967422115603501,-0.10264043637505327,0.5518560759353959
2008-04-18 13:20:00+00:00,ME02,-0.05059656166540175,-1.186605519838461,-4.846546486093304,0.0,1.8600748608167816,-1.5160185396796189,7.967422115603501,-0.10264043637505327,0.5518560759353959
2008-04-18 13:30:00+00:00,ME02,-0.04829262557254224,-0.35338647098757,-4.81883951066114,0.0,1.8600748608167816,-1.5160185396796189,7.967422115603501,-0.10264043637505327,0.5518560759353959
2008-04-18 13:40:00+00:00,ME02,-0.05539557613660285,-0.7389150428647476,-5.525958578529813,0.0,1.8600748608167816,-1.5160185396796189,7.967422115603501,-0.10264043637505327,0.5518560759353959
2008-04-18 13:50:00+00:00,ME02,-0.050742375724631646,2.0604006280843015,-5.449442305680043,0.0,1.8600748608167816,-1.5160185396796189,7.967422115603501,-0.10264043637505327,0.5518560759353959
2008-04-18 14:00:00+00:00,ME02,-0.051887457685649424,-0.13622369752286898,-5.107856642467075,-0.6263368530238195,2.0057394982045604,-1.583678880515598,3.414609463421523,-0.10264043637505327,0.5518560759353959
2008-04-18 14:10:00+00:00,ME02,-0.05001759066373466,-0.6577580693605471,-5.030080682576254,-0.6263368530238195,2.0057394982045604,-1.583678880515598,3.414609463421523,-0.10264043637505327,0.5518560759353959
2008-04-18 14:20:00+00:00,ME02,-0.05027706404904204,0.8241985792803724,-5.050085730705281,-0.6263368530238195,2.0057394982045604,-1.583678880515598,3.414609463421523,-0.10264043637505327,0.5518560759353959
2008-04-18 14:30:00+00:00,ME02,-0.05250188784381861,-0.6643797177608497,-4.669021829400333,-0.6263368530238195,2.0057394982045604,-1.583678880515598,3.414609463421523,-0.10264043637505327,0.5518560759353959
2008-04-18 14:40:00+00:00,ME02,-0.053617484479856696,0.043123202496246994,-5.448809961799248,-0.6263368530238195,2.0057394982045604,-1.583678880515598,3.414609463421523,-0.10264043637505327,0.5518560759353959
2008-04-18 14:50:00+00:00,ME02,-0.05267123885857325,-0.33235560879189796,-5.332535637072853,-0.6263368530238195,2.0057394982045604,-1.583678880515598,3.414609463421523,-0.10264043637505327,0.5518560759353959
2008-04-18 15:00:00+00:00,ME02,-0.04771937845623447,-1.13507236727381,-3.847320584828718,-0.578134936694224,1.7549428996963072,-1.6386529813498523,5.648860174903886,-0.10264043637505327,0.5518560759353959
2008-04-18 15:10:00+00:00,ME02,-0.044253180719786844,-0.44974958748539373,-3.6112408271169105,-0.578134936694224,1.7549428996963072,-1.6386529813498523,5.648860174903886,-0.10264043637505327,0.5518560759353959
2008-04-18 15:20:00+00:00,ME02,-0.04192683524982341,-0.939819913348416,-3.202312691055338,-0.578134936694224,1.7549428996963072,-1.6386529813498523,5.648860174903886,-0.10264043637505327,0.5518560759353959
2008-04-18 15:30:00+00:00,ME02,-0.03768169572623753,0.562269947575313,-2.721735028738255,-0.578134936694224,1.7549428996963072,-1.6386529813498523,5.648860174903886,-0.10264043637505327,0.5518560759353959
2008-04-18 15:40:00+00:00,ME02,-0.04464099156138542,-1.2665106239232926,-3.5425259832107896,-0.578134936694224,1.7549428996963072,-1.6386529813498523,5.648860174903886,-0.10264043637505327,0.5518560759353959
2008-04-18 15:50:00+00:00,ME02,-0.03963216678849221,-0.9646683510097459,-2.9379293626148244,-0.578134936694224,1.7549428996963072,-1.6386529813498523,5.648860174903886,-0.10264043637505327,0.5518560759353959
2008-04-18 16:00:00+00:00,ME02,-0.03257025232106209,-0.9685484196755042,-2.067980052161843,-0.9636062377005289,1.2571497074902922,-1.7147713082204312,3.0352084690745995,-0.10264043637505327,0.5518560759353959
2008-04-18 16:10:00+00:00,ME02,-0.02910220286586719,-0.8375212555022461,-1.4914056593603655,-0.9636062377005289,1.2571497074902922,-1.7147713082204312,3.0352084690745995,-0.10264043637505327,0.5518560759353959
2008-04-18 16:20:00+00:00,ME02,-0.027889061172764296,-0.730507105052269,-1.3608695973215754,-0.9636062377005289,1.2571497074902922,-1.7147713082204312,3.0352084690745995,-0.10264043637505327,0.5518560759353959
2008-04-18 16:30:00+00:00,ME02,-0.027834018592474415,-0.7839504866635569,-1.1647369531744545,-0.9636062377005289,1.2571497074902922,-1.7147713082204312,3.0352084690745995,-0.10264043637505327,0.5518560759353959
2008-04-18 16:40:00+00:00,ME02,-0.025703572841432487,-0.15756984135071597,-1.1246590299198693,-0.9636062377005289,1.2571497074902922,-1.7147713082204312,3.0352084690745995,-0.10264043637505327,0.5518560759353959
2008-04-18 16:50:00+00:00,ME02,-0.024461980171217413,-0.6964544977659416,-0.7509255618077468,-0.9636062377005289,1.2571497074902922,-1.7147713082204312,3.0352084690745995,-0.10264043637505327,0.5518560759353959
2008-04-18 17:00:00+00:00,ME02,-0.020282637776093935,-0.7305935663162823,-0.47207749210627253,-0.770846582258965,0.8530884619732801,-1.7951181846782118,-0.6744907594765952,-0.10264043637505327,0.5518560759353959
2008-04-18 17:10:00+00:00,ME02,-0.02046797523573161,-0.3506731216159674,-0.20537297502717836,-0.770846582258965,0.8530884619732801,-1.7951181846782118,-0.6744907594765952,-0.10264043637505327,0.5518560759353959
2008-04-18 17:20:00+00:00,ME02,-0.018501562607956556,-0.8818439884998055,-0.12890005945626523,-0.770846582258965,0.8530884619732801,-1.7951181846782118,-0.6744907594765952,-0.10264043637505327,0.5518560759353959
2008-04-18 17:30:00+00:00,ME02,-0.02116110452716532,-0.7885895858911394,-0.457336157816786,-0.770846582258965,0.8530884619732801,-1.7951181846782118,-0.6744907594765952,-0.10264043637505327,0.5518560759353959
2008-04-18 17:40:00+00:00,ME02,-0.018300772564987227,0.07230411922050868,-0.36198531121696437,-0.770846582258965,0.8530884619732801,-1.7951181846782118,-0.6744907594765952,-0.10264043637505327,0.5518560759353959
2008-04-18 17:50:00+00:00,ME02,-0.01993694843620019,-0.1968210851835938,-0.13009897774334878,-0.770846582258965,0.8530884619732801,-1.7951181846782118,-0.6744907594765952,-0.10264043637505327,0.5518560759353959
2008-04-18 18:00:00+00:00,ME02,-0.020933674848021087,-0.4399646175877438,-0.3202551055115421,-0.7949475404237634,0.37936161271140734,-1.727457548222156,3.330298131344429,-0.10264043637505327,0.6574581645403178
2008-04-18 18:10:00+00:00,ME02,-0.019002007844358914,-0.7734998620549869,-0.19057153195300192,-0.7949475404237634,0.37936161271140734,-1.727457548222156,3.330298131344429,-0.10264043637505327,0.6574581645403178
2008-04-18 18:20:00+00:00,ME02,-0.01839519897681693,0.18842056987184344,-0.05267232776020364,-0.7949475404237634,0.37936161271140734,-1.727457548222156,3.330298131344429,-0.10264043637505327,0.6574581645403178
2008-04-18 18:30:00+00:00,ME02,-0.021581705929545975,-0.3554690318620903,-0.10957702129922656,-0.7949475404237634,0.37936161271140734,-1.727457548222156,3.330298131344429,-0.10264043637505327,0.6574581645403178
2008-04-18 18:40:00+00:00,ME02,-0.016842346056312525,-0.49035452797202456,0.06829734038937862,-0.7949475404237634,0.37936161271140734,-1.727457548222156,3.330298131344429,-0.10264043637505327,0.6574581645403178
2008-04-18 18:50:00+00:00,ME02,-0.01657436528185305,-0.31968734885891126,0.07507448128934718,-0.7949475404237634,0.37936161271140734,-1.727457548222156,3.330298131344429,-0.10264043637505327,0.6574581645403178
2008-04-18 19:00:00+00:00,ME02,-0.019334555505900762,-0.8354327034794415,0.14015983765530243,0.024052948287976012,0.4528272212667586,-1.6175090509335708,5.691015840942433,-0.10264043637505327,0.6574581645403178
2008-04-18 19:10:00+00:00,ME02,-0.018479273252689932,-1.1593287856738117,0.14442128313916813,0.024052948287976012,0.4528272212667586,-1.6175090509335708,5.691015840942433,-0.10264043637505327,0.6574581645403178
2008-04-18 19:20:00+00:00,ME02,-0.020386246850765035,-0.7379081572767923,0.032867318081933335,0.024052948287976012,0.4528272212667586,-1.6175090509335708,5.691015840942433,-0.10264043637505327,0.6574581645403178
2008-04-18 19:30:00+00:00,ME02,-0.019243165483976116,-0.6728389578723781,0.20998095568132216,0.024052948287976012,0.4528272212667586,-1.6175090509335708,5.691015840942433,-0.10264043637505327,0.6574581645403178
2008-04-18 19:40:00+00:00,ME02,-0.018408383118992157,-0.7533646342959939,0.014149575139896476,0.024052948287976012,0.4528272212667586,-1.6175090509335708,5.691015840942433,-0.10264043637505327,0.6574581645403178
2008-04-18 19:50:00+00:00,ME02,-0.017669841145752006,-0.2600781325150448,0.010982491768197718,0.024052948287976012,0.4528272212667586,-1.6175090509335708,5.691015840942433,-0.10264043637505327,0.6574581645403178
2008-04-18 20:00:00+00:00,ME02,-0.016845317675560793,-0.19833447150545902,0.018405218635587247,-0.6263368530238195,0.38316161752189737,-1.507560849265062,3.583232230435553,-0.10264043637505327,0.6574581645403178
2008-04-18 20:10:00+00:00,ME02,-0.01649496309251715,-0.7538446392873405,0.09010960115886188,-0.6263368530238195,0.38316161752189737,-1.507560849265062,3.583232230435553,-0.10264043637505327,0.6574581645403178
2008-04-18 20:20:00+00:00,ME02,-0.017589047254530237,0.017288710241263043,0.14173947176996357,-0.6263368530238195,0.38316161752189737,-1.507560849265062,3.583232230435553,-0.10264043637505327,0.6574581645403178
2008-04-18 20:30:00+00:00,ME02,-0.018724207039666974,-0.6986676514149994,0.22434281854662363,-0.6263368530238195,0.38316161752189737,-1.507560849265062,3.583232230435553,-0.10264043637505327,0.6574581645403178
2008-04-18 20:40:00+00:00,ME02,-0.013893801486197628,-0.5096960000522065,0.04224197228621703,-0.6263368530238195,0.38316161752189737,-1.507560849265062,3.583232230435553,-0.10264043637505327,0.6574581645403178
2008-04-18 20:50:00+00:00,ME02,-0.012236648757603342,0.5040847575010751,0.1395361841223005,-0.6263368530238195,0.38316161752189737,-1.507560849265062,3.583232230435553,-0.10264043637505327,0.6574581645403178
2008-04-18 21:00:00+00:00,ME02,-0.014844665618622637,-0.8535273117471678,1.2450897551263989,-0.6022358948590224,0.8429552929064535,-1.427213972807315,-0.08431133207709418,-0.10264043637505327,0.6574581645403178
2008-04-18 21:10:00+00:00,ME02,-0.011704346418176949,-0.47131193835533486,3.4552968364780554,-0.6022358948590224,0.8429552929064535,-1.427213972807315,-0.08431133207709418,-0.10264043637505327,0.6574581645403178
2008-04-18 21:20:00+00:00,ME02,-0.00924982548307899,-0.0010151983925472668,8.022635420997366,-0.6022358948590224,0.8429552929064535,-1.427213972807315,-0.08431133207709418,-0.10264043637505327,0.6574581645403178
2008-04-18 21:30:00+00:00,ME02,-0.004494666886498316,-0.3743376514939488,15.680122261380722,-0.6022358948590224,0.8429552929064535,-1.427213972807315,-0.08431133207709418,-0.10264043637505327,0.6574581645403178
2008-04-18 21:40:00+00:00,ME02,-0.008689551709493865,-0.0016863760939533374,8.713201451095303,-0.6022358948590224,0.8429552929064535,-1.427213972807315,-0.08431133207709418,-0.10264043637505327,0.6574581645403178
2008-04-18 21:50:00+00:00,ME02,-0.002703187645297187,0.1223427301224273,14.657455575360016,-0.6022358948590224,0.8429552929064535,-1.427213972807315,-0.08431133207709418,-0.10264043637505327,0.6574581645403178
2008-04-18 22:00:00+00:00,ME02,-0.0034655967050573008,-0.9013403331299937,6.5233837081269614,-0.6263368530238195,0.9316206550620447,-1.448357903223563,0.5901794273995011,-0.10264043637505327,0.6574581645403178
2008-04-18 22:10:00+00:00,ME02,-0.0036311914644175567,0.16966588161037852,8.325230249314693,-0.6263368530238195,0.9316206550620447,-1.448357903223563,0.5901794273995011,-0.10264043637505327,0.6574581645403178
2008-04-18 22:20:00+00:00,ME02,0.0010939896284602971,0.14446976997181163,13.171683565184233,-0.6263368530238195,0.9316206550620447,-1.448357903223563,0.5901794273995011,-0.10264043637505327,0.6574581645403178
2008-04-18 22:30:00+00:00,ME02,0.012306813061589006,0.5138923411366116,20.546283363628746,-0.6263368530238195,0.9316206550620447,-1.448357903223563,0.5901794273995011,-0.10264043637505327,0.6574581645403178
2008-04-18 22:40:00+00:00,ME02,0.032897924569511135,0.4371719960748252,22.53722247409016,-0.6263368530238195,0.9316206550620447,-1.448357903223563,0.5901794273995011,-0.10264043637505327,0.6574581645403178
2008-04-18 22:50:00+00:00,ME02,0.03270162694426712,0.4969650597388204,33.69553263363907,-0.6263368530238195,0.9316206550620447,-1.448357903223563,0.5901794273995011,-0.10264043637505327,0.6574581645403178
2008-04-18 23:00:00+00:00,ME02,0.040863525468423104,1.6107907801986814,41.601168320833615,-0.40952424929428016,0.49715990234455376,-1.4229851276000367,1.8126939482370503,-0.10264043637505327,0.6574581645403178
2008-04-18 23:10:00+00:00,ME02,0.07575743444922493,3.584702512810681,56.85758299617682,-0.40952424929428016,0.49715990234455376,-1.4229851276000367,1.8126939482370503,-0.10264043637505327,0.6574581645403178
2008-04-18 23:20:00+00:00,ME02,0.10825735939655438,6.419455715176293,61.22811959813422,-0.40952424929428016,0.49715990234455376,-1.4229851276000367,1.8126939482370503,-0.10264043637505327,0.6574581645403178
2008-04-18 23:30:00+00:00,ME02,0.06505813170768592,1.2996434108900616,50.43127713776904,-0.40952424929428016,0.49715990234455376,-1.4229851276000367,1.8126939482370503,-0.10264043637505327,0.6574581645403178
2008-04-18 23:40:00+00:00,ME02,0.09275364143494295,3.495896862336257,56.01363614361827,-0.40952424929428016,0.49715990234455376,-1.4229851276000367,1.8126939482370503,-0.10264043637505327,0.6574581645403178
2008-04-18 23:50:00+00:00,ME02,0.09776713802238927,1.6831221890102772,38.04452556085589,-0.40952424929428016,0.49715990234455376,-1.4229851276000367,1.8126939482370503,-0.10264043637505327,0.6574581645403178
2008-04-19 00:00:00+00:00,ME02,0.10319237052376866,0.41720133795904957,49.719129835208676,-0.4577261656238769,0.5098264964989467,-1.532933624888622,1.981316612391239,-0.10264043637505327,0.7630602531452391
2008-04-19 00:10:00+00:00,ME02,0.10476418133567125,3.393893553995403,46.277875162807625,-0.4577261656238769,0.5098264964989467,-1.532933624888622,1.981316612391239,-0.10264043637505327,0.7630602531452391
2008-04-19 00:20:00+00:00,ME02,0.0762288111311104,0.12831157329518467,40.28437429929628,-0.4577261656238769,0.5098264964989467,-1.532933624888622,1.981316612391239,-0.10264043637505327,0.7630602531452391
2008-04-19 00:30:00+00:00,ME02,0.08482168727864514,1.18722642808074,48.59829379002556,-0.4577261656238769,0.5098264964989467,-1.532933624888622,1.981316612391239,-0.10264043637505327,0.7630602531452391
2008-04-19 00:40:00+00:00,ME02,0.11230828834469772,5.157357305085439,48.14719974848062,-0.4577261656238769,0.5098264964989467,-1.532933624888622,1.981316612391239,-0.10264043637505327,0.7630602531452391
2008-04-19 00:50:00+00:00,ME02,0.09484949628754633,3.521918374131569,58.49984415440086,-0.4577261656238769,0.5098264964989467,-1.532933624888622,1.981316612391239,-0.10264043637505327,0.7630602531452391
2008-04-19 01:00:00+00:00,ME02,0.08036024982179012,1.5934157841269527,51.53505125756845,-0.24091356189433766,1.1697509250576246,-1.592136570930121,0.5901794273995011,-0.10264043637505327,0.7630602531452391
2008-04-19 01:10:00+00:00,ME02,0.11173036513925569,1.5553316044373942,59.26010534313569,-0.24091356189433766,1.1697509250576246,-1.592136570930121,0.5901794273995011,-0.10264043637505327,0.7630602531452391
2008-04-19 01:20:00+00:00,ME02,0.07236085506066345,4.00770932888434,52.491966275495166,-0.24091356189433766,1.1697509250576246,-1.592136570930121,0.5901794273995011,-0.10264043637505327,0.7630602531452391
2008-04-19 01:30:00+00:00,ME02,0.08747156749232213,2.402943760510163,54.36794842500892,-0.24091356189433766,1.1697509250576246,-1.592136570930121,0.5901794273995011,-0.10264043637505327,0.7630602531452391
2008-04-19 01:40:00+00:00,ME02,0.06899962102775567,1.2305979069183506,44.284186738626126,-0.24091356189433766,1.1697509250576246,-1.592136570930121,0.5901794273995011,-0.10264043637505327,0.7630602531452391
2008-04-19 01:50:00+00:00,ME02,0.10307190548737055,3.85709336280852,54.65307431280585,-0.24091356189433766,1.1697509250576246,-1.592136570930121,0.5901794273995011,-0.10264043637505327,0.7630602531452391
2008-04-19 02:00:00+00:00,ME02,0.05754781291190152,1.031001118772,45.67954784774291,-0.43362520745907857,1.2102836013249303,-1.7232287030148776,0.7166464255151423,-0.10264043637505327,0.7630602531452391
2008-04-19 02:10:00+00:00,ME02,0.06594696611888645,1.767401404700785,48.87569514429122,-0.43362520745907857,1.2102836013249303,-1.7232287030148776,0.7166464255151423,-0.10264043637505327,0.7630602531452391
2008-04-19 02:20:00+00:00,ME02,0.09455244209124587,3.8287415834800753,50.05700588576276,-0.43362520745907857,1.2102836013249303,-1.7232287030148776,0.7166464255151423,-0.10264043637505327,0.7630602531452391
2008-04-19 02:30:00+00:00,ME02,0.11906326557472446,1.516018762047354,23.32292000542211,-0.43362520745907857,1.2102836013249303,-1.7232287030148776,0.7166464255151423,-0.10264043637505327,0.7630602531452391
2008-04-19 02:40:00+00:00,ME02,0.1325750330170032,-0.027181646970179545,0.5795034902185858,-0.43362520745907857,1.2102836013249303,-1.7232287030148776,0.7166464255151423,-0.10264043637505327,0.7630602531452391
2008-04-19 02:50:00+00:00,ME02,0.09697034206932485,-0.7210347903859239,3.017567919293621,-0.43362520745907857,1.2102836013249303,-1.7232287030148776,0.7166464255151423,-0.10264043637505327,0.7630602531452391
2008-04-19 03:00:00+00:00,ME02,0.061765464836186494,-0.2762616222394212,0.11130553555250311,-0.43362520745907857,1.3204821469788173,-1.7401437882238808,3.288142465305883,-0.10264043637505327,0.7630602531452391
2008-04-19 03:10:00+00:00,ME02,0.03387426691053598,-0.8160451899874115,0.066260967292043,-0.43362520745907857,1.3204821469788173,-1.7401437882238808,3.288142465305883,-0.10264043637505327,0.7630602531452391
2008-04-19 03:20:00+00:00,ME02,0.019261827477324838,0.25657333215616857,0.08930679635081927,-0.43362520745907857,1.3204821469788173,-1.7401437882238808,3.288142465305883,-0.10264043637505327,0.7630602531452391
2008-04-19 03:30:00+00:00,ME02,0.018447155376765362,-0.5624163698117661,-0.0939171528410021,-0.43362520745907857,1.3204821469788173,-1.7401437882238808,3.288142465305883,-0.10264043637505327,0.7630602531452391
2008-04-19 03:40:00+00:00,ME02,0.014065454886461111,-0.47749168853746177,0.005478371040800796,-0.43362520745907857,1.3204821469788173,-1.7401437882238808,3.288142465305883,-0.10264043637505327,0.7630602531452391
2008-04-19 03:50:00+00:00,ME02,0.005574534200136375,-0.09623525387347016,-0.037557075506524526,-0.43362520745907857,1.3204821469788173,-1.7401437882238808,3.288142465305883,-0.10264043637505327,0.7630602531452391
2008-04-19 04:00:00+00:00,ME02,-0.0021349307330772636,-0.9761001536314142,-0.19004613352913938,-0.43362520745907857,1.5674787406765793,-1.7147713082204312,4.84790241731165,-0.10264043637505327,0.7630602531452391
2008-04-19 04:10:00+00:00,ME02,-0.003286876974300657,0.3438214462910582,-0.23946462050820944,-0.43362520745907857,1.5674787406765793,-1.7147713082204312,4.84790241731165,-0.10264043637505327,0.7630602531452391
2008-04-19 04:20:00+00:00,ME02,-0.0032850587397474235,-0.959947889315165,-0.2540909302675263,-0.43362520745907857,1.5674787406765793,-1.7147713082204312,4.84790241731165,-0.10264043637505327,0.7630602531452391
2008-04-19 04:30:00+00:00,ME02,-0.002830349145277828,0.0991998491692937,-0.6992318536337497,-0.43362520745907857,1.5674787406765793,-1.7147713082204312,4.84790241731165,-0.10264043637505327,0.7630602531452391
2008-04-19 04:40:00+00:00,ME02,-0.009692340122167587,-0.15538288132077718,-0.959426313188498,-0.43362520745907857,1.5674787406765793,-1.7147713082204312,4.84790241731165,-0.10264043637505327,0.7630602531452391
2008-04-19 04:50:00+00:00,ME02,-0.009530432195982687,0.18155021719955677,-0.9132770200060182,-0.43362520745907857,1.5674787406765793,-1.7147713082204312,4.84790241731165,-0.10264043637505327,0.7630602531452391
2008-04-19 05:00:00+00:00,ME02,-0.011469878520980028,-0.9796030622422256,-1.1022446618499684,-0.24091356189433766,0.6060918682755171,-1.5244759344740653,0.7588020915536895,-0.10264043637505327,0.7630602531452391
2008-04-19 05:10:00+00:00,ME02,-0.014743260992165646,-0.39365663642880444,-0.8116744620523793,-0.24091356189433766,0.6060918682755171,-1.5244759344740653,0.7588020915536895,-0.10264043637505327,0.7630602531452391
2008-04-19 05:20:00+00:00,ME02,-0.013098083219185125,-0.9478231501744727,-0.8864277376457316,-0.24091356189433766,0.6060918682755171,-1.5244759344740653,0.7588020915536895,-0.10264043637505327,0.7630602531452391
2008-04-19 05:30:00+00:00,ME02,-0.017242251921058348,0.2039676807627246,-0.8311814078186149,-0.24091356189433766,0.6060918682755171,-1.5244759344740653,0.7588020915536895,-0.10264043637505327,0.7630602531452391
2008-04-19 05:40:00+00:00,ME02,-0.01462918408481952,0.21335387020180305,-0.7017755200941354,-0.24091356189433766,0.6060918682755171,-1.5244759344740653,0.7588020915536895,-0.10264043637505327,0.7630602531452391
2008-04-19 05:50:00+00:00,ME02,-0.011188461847643928,0.2813931372185203,-0.7270555055991279,-0.24091356189433766,0.6060918682755171,-1.5244759344740653,0.7588020915536895,-0.10264043637505327,0.7630602531452391
2008-04-19 06:00:00+00:00,ME02,-0.015472084831422,-0.8412291466663796,-0.8436198418438723,0.0,1.5383458131990242,-1.4018411971837552,-0.6323350934380482,-0.10264043637505327,0.8686623417501603
2008-04-19 06:10:00+00:00,ME02,-0.01583108031282177,-0.894053008865941,-0.7726004601772443,0.0,1.5383458131990242,-1.4018411971837552,-0.6323350934380482,-0.10264043637505327,0.8686623417501603
2008-04-19 06:20:00+00:00,ME02,-0.011884197461898456,-0.5688827714927213,-0.583120310320207,0.0,1.5383458131990242,-1.4018411971837552,-0.6323350934380482,-0.10264043637505327,0.8686623417501603
2008-04-19 06:30:00+00:00,ME02,-0.013388256534417829,-0.4207866086201109,-0.4138600673260311,0.0,1.5383458131990242,-1.4018411971837552,-0.6323350934380482,-0.10264043637505327,0.8686623417501603
2008-04-19 06:40:00+00:00,ME02,-0.011878979630990995,-0.7320171120702961,-0.09342877646414023,0.0,1.5383458131990242,-1.4018411971837552,-0.6323350934380482,-0.10264043637505327,0.8686623417501603
2008-04-19 06:50:00+00:00,ME02,-0.007689914999456777,-0.48402480702637823,0.18096718188534877,0.0,1.5383458131990242,-1.4018411971837552,-0.6323350934380482,-0.10264043637505327,0.8686623417501603
2008-04-19 07:00:00+00:00,ME02,-0.011139810935048738,-0.8381514243658966,0.2893468505841018,0.19271164556474224,1.880341198950434,-1.2284612042665028,3.9204775587439302,-0.10264043637505327,0.8686623417501603
2008-04-19 07:10:00+00:00,ME02,-0.011724947020022651,-0.817332605024379,0.459904350538265,0.19271164556474224,1.880341198950434,-1.2284612042665028,3.9204775587439302,-0.10264043637505327,0.8686623417501603
2008-04-19 07:20:00+00:00,ME02,-0.009716638810860002,-0.7713869210080118,0.6583308544696372,0.19271164556474224,1.880341198950434,-1.2284612042665028,3.9204775587439302,-0.10264043637505327,0.8686623417501603
2008-04-19 07:30:00+00:00,ME02,-0.011235158065463989,-0.5518567972988702,0.9039024509551359,0.19271164556474224,1.880341198950434,-1.2284612042665028,3.9204775587439302,-0.10264043637505327,0.8686623417501603
2008-04-19 07:40:00+00:00,ME02,-0.007563767990983372,-0.4409235653479167,0.7701521218372006,0.19271164556474224,1.880341198950434,-1.2284612042665028,3.9204775587439302,-0.10264043637505327,0.8686623417501603
2008-04-19 07:50:00+00:00,ME02,-0.0073301189136302965,-0.5424869548523397,1.094642082838258,0.19271164556474224,1.880341198950434,-1.2284612042665028,3.9204775587439302,-0.10264043637505327,0.8686623417501603
2008-04-19 08:00:00+00:00,ME02,0.007245847566664785,-0.1035152608986714,3.03318612549417,-0.43362520745907857,2.412333903167419,-1.1185130025979941,6.4498179324961225,-0.10264043637505327,0.8686623417501603
2008-04-19 08:10:00+00:00,ME02,0.008286618632526815,2.5860367971734313,2.799123261293844,-0.43362520745907857,2.412333903167419,-1.1185130025979941,6.4498179324961225,-0.10264043637505327,0.8686623417501603
2008-04-19 08:20:00+00:00,ME02,0.005209529004332913,0.4714534485614067,2.362744546518923,-0.43362520745907857,2.412333903167419,-1.1185130025979941,6.4498179324961225,-0.10264043637505327,0.8686623417501603
2008-04-19 08:30:00+00:00,ME02,-0.0022598172726584235,0.48537370163212984,1.9732777502496686,-0.43362520745907857,2.412333903167419,-1.1185130025979941,6.4498179324961225,-0.10264043637505327,0.8686623417501603
2008-04-19 08:40:00+00:00,ME02,-0.00761633632533183,0.2745898234365692,0.6447135796605697,-0.43362520745907857,2.412333903167419,-1.1185130025979941,6.4498179324961225,-0.10264043637505327,0.8686623417501603
2008-04-19 08:50:00+00:00,ME02,-0.0110838858465887,1.1879738008017964,-0.2955907717132671,-0.43362520745907857,2.412333903167419,-1.1185130025979941,6.4498179324961225,-0.10264043637505327,0.8686623417501603
2008-04-19 09:00:00+00:00,ME02,-0.006821957676843886,-0.672337045652268,0.022813864723303708,-0.1927116455647409,2.6745305161071413,-1.1481143278087222,7.082153025934171,-0.10264043637505327,0.8686623417501603
2008-04-19 09:10:00+00:00,ME02,-0.02112055203007464,2.8293832202324847,-0.46995050374434266,-0.1927116455647409,2.6745305161071413,-1.1481143278087222,7.082153025934171,-0.10264043637505327,0.8686623417501603
2008-04-19 09:20:00+00:00,ME02,-0.02255584239352095,-0.9416312231844903,-0.6485208388703682,-0.1927116455647409,2.6745305161071413,-1.1481143278087222,7.082153025934171,-0.10264043637505327,0.8686623417501603
2008-04-19 09:30:00+00:00,ME02,-0.02600612012895403,-0.8128485441303012,-1.0058655131650764,-0.1927116455647409,2.6745305161071413,-1.1481143278087222,7.082153025934171,-0.10264043637505327,0.8686623417501603
2008-04-19 09:40:00+00:00,ME02,-0.03093660859136114,-1.1587227955913952,-1.7688633088707726,-0.1927116455647409,2.6745305161071413,-1.1481143278087222,7.082153025934171,-0.10264043637505327,0.8686623417501603
2008-04-19 09:50:00+00:00,ME02,-0.03180734206107197,-1.111832697881474,-1.8637864569642255,-0.1927116455647409,2.6745305161071413,-1.1481143278087222,7.082153025934171,-0.10264043637505327,0.8686623417501603
2008-04-19 10:00:00+00:00,ME02,-0.030623989927313647,4.883957649917342,-1.8561112689565678,-0.5299810302414497,2.7796622115858947,-1.1354280878069973,7.208620024049812,-0.10264043637505327,0.8686623417501603
2008-04-19 10:10:00+00:00,ME02,-0.04416822797587581,-1.3468867058642084,-4.057305771123669,-0.5299810302414497,2.7796622115858947,-1.1354280878069973,7.208620024049812,-0.10264043637505327,0.8686623417501603
2008-04-19 10:20:00+00:00,ME02,-0.048997159253928724,-0.4604320503119509,-5.382548721748515,-0.5299810302414497,2.7796622115858947,-1.1354280878069973,7.208620024049812,-0.10264043637505327,0.8686623417501603
2008-04-19 10:30:00+00:00,ME02,-0.05414120526942419,-1.0424852770886515,-5.894295808633683,-0.5299810302414497,2.7796622115858947,-1.1354280878069973,7.208620024049812,-0.10264043637505327,0.8686623417501603
2008-04-19 10:40:00+00:00,ME02,-0.049798017615959346,-1.049246022679858,-5.58946398023997,-0.5299810302414497,2.7796622115858947,-1.1354280878069973,7.208620024049812,-0.10264043637505327,0.8686623417501603
2008-04-19 10:50:00+00:00,ME02,-0.0499989818068071,-0.8196029260865787,-5.615107663403376,-0.5299810302414497,2.7796622115858947,-1.1354280878069973,7.208620024049812,-0.10264043637505327,0.8686623417501603
2008-04-19 11:00:00+00:00,ME02,-0.049153401024661654,-1.5683132531480266,-2.3933355019541978,-0.31316842651190907,2.412333903167419,-1.190402188641218,0.33724543116821853,-0.10264043637505327,0.8686623417501603
2008-04-19 11:10:00+00:00,ME02,-0.04797173454581053,-0.4214760290610693,-4.702093984943255,-0.31316842651190907,2.412333903167419,-1.190402188641218,0.33724543116821853,-0.10264043637505327,0.8686623417501603
2008-04-19 11:20:00+00:00,ME02,-0.04782242192319338,-1.4391689163919044,-3.52916920806472,-0.31316842651190907,2.412333903167419,-1.190402188641218,0.33724543116821853,-0.10264043637505327,0.8686623417501603
2008-04-19 11:30:00+00:00,ME02,-0.04715320260478095,2.1545079110628444,-5.273454642953066,-0.31316842651190907,2.412333903167419,-1.190402188641218,0.33724543116821853,-0.10264043637505327,0.8686623417501603
2008-04-19 11:40:00+00:00,ME02,-0.048924875894401185,-1.1444678694346133,-5.556804143214508,-0.31316842651190907,2.412333903167419,-1.190402188641218,0.33724543116821853,-0.10264043637505327,0.8686623417501603
2008-04-19 11:50:00+00:00,ME02,-0.04669481464037529,-0.7366047462687978,-5.546465006644371,-0.31316842651190907,2.412333903167419,-1.190402188641218,0.33724543116821853,-0.10264043637505327,0.8686623417501603
2008-04-19 12:00:00+00:00,ME02,-0.047539311406137534,-0.6273647007062165,-5.493685472302758,-0.6985917176413922,2.1729373190906363,-1.2665202198917538,0.9695805246062666,-0.10264043637505327,0.9742644303550824
2008-04-19 12:10:00+00:00,ME02,-0.045361095030254345,0.44415179359229506,-5.950333842072482,-0.6985917176413922,2.1729373190906363,-1.2665202198917538,0.9695805246062666,-0.10264043637505327,0.9742644303550824
2008-04-19 12:20:00+00:00,ME02,-0.047365943965759515,-0.5696872104447579,-6.0030980702618635,-0.6985917176413922,2.1729373190906363,-1.2665202198917538,0.9695805246062666,-0.10264043637505327,0.9742644303550824
2008-04-19 12:30:00+00:00,ME02,-0.04856585190701614,-1.0734009659695196,-5.754787112641788,-0.6985917176413922,2.1729373190906363,-1.2665202198917538,0.9695805246062666,-0.10264043637505327,0.9742644303550824
2008-04-19 12:40:00+00:00,ME02,-0.047362366150408994,-0.6087400558426612,-5.915353579392865,-0.6985917176413922,2.1729373190906363,-1.2665202198917538,0.9695805246062666,-0.10264043637505327,0.9742644303550824
2008-04-19 12:50:00+00:00,ME02,-0.05084984292451758,-1.0796179692389336,-5.958417996097163,-0.6985917176413922,2.1729373190906363,-1.2665202198917538,0.9695805246062666,-0.10264043637505327,0.9742644303550824
2008-04-19 13:00:00+00:00,ME02,-0.051944399301530275,-1.6774510582535793,-5.466032860461996,-0.8913033632061338,1.9728065659165153,-1.4060700423910335,0.548023761360954,-0.10264043637505327,0.9742644303550824
2008-04-19 13:10:00+00:00,ME02,-0.05105726484461564,0.5264811464467013,-4.9311089294666,-0.8913033632061338,1.9728065659165153,-1.4060700423910335,0.548023761360954,-0.10264043637505327,0.9742644303550824
2008-04-19 13:20:00+00:00,ME02,-0.05104608517785282,0.9038204979637763,-4.351118525239942,-0.8913033632061338,1.9728065659165153,-1.4060700423910335,0.548023761360954,-0.10264043637505327,0.9742644303550824
2008-04-19 13:30:00+00:00,ME02,-0.052155362385737834,-0.6750881386672022,-5.641079822101858,-0.8913033632061338,1.9728065659165153,-1.4060700423910335,0.548023761360954,-0.10264043637505327,0.9742644303550824
2008-04-19 13:40:00+00:00,ME02,-0.05002960983475728,-0.7289974042570804,-5.552587230433618,-0.8913033632061338,1.9728065659165153,-1.4060700423910335,0.548023761360954,-0.10264043637505327,0.9742644303550824
2008-04-19 13:50:00+00:00,ME02,-0.050590092501603914,0.9356612504839532,-5.642708466599403,-0.8913033632061338,1.9728065659165153,-1.4060700423910335,0.548023761360954,-0.10264043637505327,0.9742644303550824
2008-04-19 14:00:00+00:00,ME02,-0.051582948255077594,0.6333957636540161,-5.710862015885411,-1.469438299900358,1.6333446052526708,-1.6682546021806233,1.8126939482370503,-0.10264043637505327,0.9742644303550824
2008-04-19 14:10:00+00:00,ME02,-0.050694483347605554,-0.9875184847942576,-5.52735715116785,-1.469438299900358,1.6333446052526708,-1.6682546021806233,1.8126939482370503,-0.10264043637505327,0.9742644303550824
2008-04-19 14:20:00+00:00,ME02,-0.04960335607515598,-0.8855501754333877,-4.737382459365637,-1.469438299900358,1.6333446052526708,-1.6682546021806233,1.8126939482370503,-0.10264043637505327,0.9742644303550824
2008-04-19 14:30:00+00:00,ME02,-0.04289890597801994,-0.3991911150038178,-3.6392814004948937,-1.469438299900358,1.6333446052526708,-1.6682546021806233,1.8126939482370503,-0.10264043637505327,0.9742644303550824
2008-04-19 14:40:00+00:00,ME02,-0.04764078800314138,-0.8003516322070311,-4.737694962127577,-1.469438299900358,1.6333446052526708,-1.6682546021806233,1.8126939482370503,-0.10264043637505327,0.9742644303550824
2008-04-19 14:50:00+00:00,ME02,-0.04726412381429346,-1.0449351548632502,-4.1356441775645685,-1.469438299900358,1.6333446052526708,-1.6682546021806233,1.8126939482370503,-0.10264043637505327,0.9742644303550824
2008-04-19 15:00:00+00:00,ME02,-0.03855505177563679,-0.7412620151809352,-2.5172702117302443,-0.8913033632061338,1.4167475187553877,-1.92198147155569,0.2107783301927356,-0.10264043637505327,0.9742644303550824
2008-04-19 15:10:00+00:00,ME02,-0.03554716435892751,-0.8030910030651235,-2.4657817865440546,-0.8913033632061338,1.4167475187553877,-1.92198147155569,0.2107783301927356,-0.10264043637505327,0.9742644303550824
2008-04-19 15:20:00+00:00,ME02,-0.03497389389943413,-0.7968742174930539,-2.325836959473252,-0.8913033632061338,1.4167475187553877,-1.92198147155569,0.2107783301927356,-0.10264043637505327,0.9742644303550824
2008-04-19 15:30:00+00:00,ME02,-0.03380717666647506,1.344404366295931,-2.007335597754796,-0.8913033632061338,1.4167475187553877,-1.92198147155569,0.2107783301927356,-0.10264043637505327,0.9742644303550824
2008-04-19 15:40:00+00:00,ME02,-0.03174536530141918,1.2507623123275204,-1.747134050771381,-0.8913033632061338,1.4167475187553877,-1.92198147155569,0.2107783301927356,-0.10264043637505327,0.9742644303550824
2008-04-19 15:50:00+00:00,ME02,-0.031335570754154614,-0.6463759035502324,-1.426407432252508,-0.8913033632061338,1.4167475187553877,-1.92198147155569,0.2107783301927356,-0.10264043637505327,0.9742644303550824
2008-04-19 16:00:00+00:00,ME02,-0.025631024007723116,-0.25574455966778253,-0.6733182822350984,-0.9395052795357305,1.1697509250576246,-2.1418781705127836,0.8009577575922366,-0.10264043637505327,0.9742644303550824
2008-04-19 16:10:00+00:00,ME02,-0.022131729144952695,-0.9598892308678004,-0.48978713696246395,-0.9395052795357305,1.1697509250576246,-2.1418781705127836,0.8009577575922366,-0.10264043637505327,0.9742644303550824
2008-04-19 16:20:00+00:00,ME02,-0.021816744680726412,-0.6217580716196823,-0.3493908857236483,-0.9395052795357305,1.1697509250576246,-2.1418781705127836,0.8009577575922366,-0.10264043637505327,0.9742644303550824
2008-04-19 16:30:00+00:00,ME02,-0.02073881402928144,-0.9328314072144482,-0.46289963550283675,-0.9395052795357305,1.1697509250576246,-2.1418781705127836,0.8009577575922366,-0.10264043637505327,0.9742644303550824
2008-04-19 16:40:00+00:00,ME02,-0.02290578770746056,-0.7158594048685685,-0.6862779385937761,-0.9395052795357305,1.1697509250576246,-2.1418781705127836,0.8009577575922366,-0.10264043637505327,0.9742644303550824
2008-04-19 16:50:00+00:00,ME02,-0.021465685064144244,-0.6784802698791284,-0.529507971618897,-0.9395052795357305,1.1697509250576246,-2.1418781705127836,0.8009577575922366,-0.10264043637505327,0.9742644303550824
2008-04-19 17:00:00+00:00,ME02,-0.020680158461221423,-1.105062807122401,-0.2697483209055886,-0.9154043213709322,0.6770243173850223,-2.336402093846318,0.04215566603854714,-0.10264043637505327,0.9742644303550824
2008-04-19 17:10:00+00:00,ME02,-0.019755301376878358,-0.5574295943172496,-0.13176693722345703,-0.9154043213709322,0.6770243173850223,-2.336402093846318,0.04215566603854714,-0.10264043637505327,0.9742644303550824
2008-04-19 17:20:00+00:00,ME02,-0.02232978081396732,-0.8034317174428948,-0.14088860175613072,-0.9154043213709322,0.6770243173850223,-2.336402093846318,0.04215566603854714,-0.10264043637505327,0.9742644303550824
2008-04-19 17:30:00+00:00,ME02,-0.023872729397224242,-0.5580085842704451,-0.4515001888377106,-0.9154043213709322,0.6770243173850223,-2.336402093846318,0.04215566603854714,-0.10264043637505327,0.9742644303550824
2008-04-19 17:40:00+00:00,ME02,-0.01951313192182917,-0.5439085736571916,-0.0031379832323214186,-0.9154043213709322,0.6770243173850223,-2.336402093846318,0.04215566603854714,-0.10264043637505327,0.9742644303550824
2008-04-19 17:50:00+00:00,ME02,-0.01673446889759958,-0.42082022212592424,-0.011878150344560376,-0.9154043213709322,0.6770243173850223,-2.336402093846318,0.04215566603854714,-0.10264043637505327,0.9742644303550824
2008-04-19 18:00:00+00:00,ME02,-0.01927287986377037,-0.12767833620941735,-0.07184833939335201,-0.554081988406248,0.27802965640142363,-2.5647564832179346,-0.6744907594765952,-0.10264043637505327,1.0798665189600036
2008-04-19 18:10:00+00:00,ME02,-0.020664420868594918,-0.5383343385723597,-0.11573891235705824,-0.554081988406248,0.27802965640142363,-2.5647564832179346,-0.6744907594765952,-0.10264043637505327,1.0798665189600036
2008-04-19 18:20:00+00:00,ME02,-0.016946562824043696,-0.3072533784032905,-0.017772023871909872,-0.554081988406248,0.27802965640142363,-2.5647564832179346,-0.6744907594765952,-0.10264043637505327,1.0798665189600036
2008-04-19 18:30:00+00:00,ME02,-0.019653823785848172,-0.2552127119087981,-0.079071963501414,-0.554081988406248,0.27802965640142363,-2.5647564832179346,-0.6744907594765952,-0.10264043637505327,1.0798665189600036
2008-04-19 18:40:00+00:00,ME02,-0.018687698642369476,-0.2609973716992614,-0.013226673150447463,-0.554081988406248,0.27802965640142363,-2.5647564832179346,-0.6744907594765952,-0.10264043637505327,1.0798665189600036
2008-04-19 18:50:00+00:00,ME02,-0.019435338356276085,0.2788612365618608,-0.028444631784268815,-0.554081988406248,0.27802965640142363,-2.5647564832179346,-0.6744907594765952,-0.10264043637505327,1.0798665189600036
2008-04-19 19:00:00+00:00,ME02,-0.017241677001994325,-0.7931396365021577,-0.13272751448801678,-0.7226926758061906,0.07536574378145619,-2.5478413980089316,-0.3794010972067655,-0.10264043637505327,1.0798665189600036
2008-04-19 19:10:00+00:00,ME02,-0.017349799347012418,-0.3422076578936345,-0.06971985751940803,-0.7226926758061906,0.07536574378145619,-2.5478413980089316,-0.3794010972067655,-0.10264043637505327,1.0798665189600036
2008-04-19 19:20:00+00:00,ME02,-0.018981499527724738,-1.0473582084282012,0.01171912394746946,-0.7226926758061906,0.07536574378145619,-2.5478413980089316,-0.3794010972067655,-0.10264043637505327,1.0798665189600036
2008-04-19 19:30:00+00:00,ME02,-0.009359532577113585,-0.30265262803957305,3.7479232845363226,-0.7226926758061906,0.07536574378145619,-2.5478413980089316,-0.3794010972067655,-0.10264043637505327,1.0798665189600036
2008-04-19 19:40:00+00:00,ME02,-0.01688496863613487,-0.13326295058494533,-0.01907182703194353,-0.7226926758061906,0.07536574378145619,-2.5478413980089316,-0.3794010972067655,-0.10264043637505327,1.0798665189600036
2008-04-19 19:50:00+00:00,ME02,-0.018979591797916556,0.13476861412906477,-0.09728896515753349,-0.7226926758061906,0.07536574378145619,-2.5478413980089316,-0.3794010972067655,-0.10264043637505327,1.0798665189600036
2008-04-19 20:00:00+00:00,ME02,-0.01814474788727963,-0.2421521793053626,-0.19656753396636215,-0.578134936694224,-0.06269914962706327,-2.5013246919691237,-0.6323350934380482,-0.10264043637505327,1.0798665189600036
2008-04-19 20:10:00+00:00,ME02,-0.02054846719607398,-0.7813191010820223,-0.12396671976658391,-0.578134936694224,-0.06269914962706327,-2.5013246919691237,-0.6323350934380482,-0.10264043637505327,1.0798665189600036
2008-04-19 20:20:00+00:00,ME02,-0.01846088666309323,-0.4123225635938302,-0.14668483017296455,-0.578134936694224,-0.06269914962706327,-2.5013246919691237,-0.6323350934380482,-0.10264043637505327,1.0798665189600036
2008-04-19 20:30:00+00:00,ME02,-0.017868711185068865,-0.13392074284204813,-0.19171360821026184,-0.578134936694224,-0.06269914962706327,-2.5013246919691237,-0.6323350934380482,-0.10264043637505327,1.0798665189600036
2008-04-19 20:40:00+00:00,ME02,-0.01852794626975564,0.007237020384701481,0.018666526645641234,-0.578134936694224,-0.06269914962706327,-2.5013246919691237,-0.6323350934380482,-0.10264043637505327,1.0798665189600036
2008-04-19 20:50:00+00:00,ME02,-0.01643629569227956,0.20630630354229987,-0.14015003927530595,-0.578134936694224,-0.06269914962706327,-2.5013246919691237,-0.6323350934380482,-0.10264043637505327,1.0798665189600036
2008-04-19 21:00:00+00:00,ME02,-0.019566417783644596,-0.9063199998772719,-0.1307671783216359,-0.3854232911294818,-0.10196524617144558,-2.4040627303023734,-0.6744907594765952,-0.10264043637505327,1.0798665189600036
2008-04-19 21:10:00+00:00,ME02,-0.020177578539509716,-0.24502675032520577,-0.0892185282483707,-0.3854232911294818,-0.10196524617144558,-2.4040627303023734,-0.6744907594765952,-0.10264043637505327,1.0798665189600036
2008-04-19 21:20:00+00:00,ME02,-0.02048284809691671,-0.8830890300590816,-0.19581805410416903,-0.3854232911294818,-0.10196524617144558,-2.4040627303023734,-0.6744907594765952,-0.10264043637505327,1.0798665189600036
2008-04-19 21:30:00+00:00,ME02,-0.019903715390683484,0.32742630615846613,-0.21083576045385274,-0.3854232911294818,-0.10196524617144558,-2.4040627303023734,-0.6744907594765952,-0.10264043637505327,1.0798665189600036
2008-04-19 21:40:00+00:00,ME02,-0.016769534668889974,-0.39783176551629523,0.07100381571622204,-0.3854232911294818,-0.10196524617144558,-2.4040627303023734,-0.6744907594765952,-0.10264043637505327,1.0798665189600036
2008-04-19 21:50:00+00:00,ME02,-0.019725653192905264,0.07577257222277262,-0.1320882174023627,-0.3854232911294818,-0.10196524617144558,-2.4040627303023734,-0.6744907594765952,-0.10264043637505327,1.0798665189600036
2008-04-19 22:00:00+00:00,ME02,-0.02058733726222057,-0.3504518955033324,-0.3069360013776311,-0.3854232911294818,-0.18683060351654632,-2.3913764903006487,-0.6744907594765952,-0.10264043637505327,1.0798665189600036
2008-04-19 22:10:00+00:00,ME02,-0.0213480741119386,-0.6624951791617546,-0.24663727237042862,-0.3854232911294818,-0.18683060351654632,-2.3913764903006487,-0.6744907594765952,-0.10264043637505327,1.0798665189600036
2008-04-19 22:20:00+00:00,ME02,-0.02160019365702453,-0.023833665133797446,-0.1787315906713964,-0.3854232911294818,-0.18683060351654632,-2.3913764903006487,-0.6744907594765952,-0.10264043637505327,1.0798665189600036
2008-04-19 22:30:00+00:00,ME02,-0.02231059928346655,0.051358578161759094,-0.18189547235280323,-0.3854232911294818,-0.18683060351654632,-2.3913764903006487,-0.6744907594765952,-0.10264043637505327,1.0798665189600036
2008-04-19 22:40:00+00:00,ME02,-0.02165541512801504,0.03426197888824752,-0.11866340323307357,-0.3854232911294818,-0.18683060351654632,-2.3913764903006487,-0.6744907594765952,-0.10264043637505327,1.0798665189600036
2008-04-19 22:50:00+00:00,ME02,-0.019891754640791348,0.11187238392539703,-0.17124446417239408,-0.3854232911294818,-0.18683060351654632,-2.3913764903006487,-0.6744907594765952,-0.10264043637505327,1.0798665189600036
2008-04-19 23:00:00+00:00,ME02,-0.02143059512407176,-0.9327124724679464,-0.2448662488417046,-0.16865869727676489,-0.304629158791413,-2.514010931970849,-0.6744907594765952,-0.10264043637505327,1.0798665189600036
2008-04-19 23:10:00+00:00,ME02,-0.020876974115377846,-0.21805737241124684,-0.24087303879197006,-0.16865869727676489,-0.304629158791413,-2.514010931970849,-0.6744907594765952,-0.10264043637505327,1.0798665189600036
2008-04-19 23:20:00+00:00,ME02,-0.023023519950570715,-0.8018441496567467,-0.28858344556161925,-0.16865869727676489,-0.304629158791413,-2.514010931970849,-0.6744907594765952,-0.10264043637505327,1.0798665189600036
2008-04-19 23:30:00+00:00,ME02,-0.019473617527632495,-0.2738574681158847,-0.35631414320566995,-0.16865869727676489,-0.304629158791413,-2.514010931970849,-0.6744907594765952,-0.10264043637505327,1.0798665189600036
2008-04-19 23:40:00+00:00,ME02,-0.01994982263163669,-0.00015057651745108223,-0.1831706808681804,-0.16865869727676489,-0.304629158791413,-2.514010931970849,-0.6744907594765952,-0.10264043637505327,1.0798665189600036
2008-04-19 23:50:00+00:00,ME02,-0.020130745739380507,0.10397395155154503,-0.17339343867108886,-0.16865869727676489,-0.304629158791413,-2.514010931970849,-0.6744907594765952,-0.10264043637505327,1.0798665189600036
2008-04-20 00:00:00+00:00,ME02,-0.02175228018064513,-0.871034470319907,-0.2757520229313594,-0.048201916329595404,-0.4806933033796713,-2.628188274466712,-0.6744907594765952,-0.10264043637505327,1.1854686075649248
2008-04-20 00:10:00+00:00,ME02,-0.022474463176342982,-1.0881247889567562,-0.30874201892851316,-0.048201916329595404,-0.4806933033796713,-2.628188274466712,-0.6744907594765952,-0.10264043637505327,1.1854686075649248
2008-04-20 00:20:00+00:00,ME02,-0.02305461952662002,-0.5389492464277851,-0.37066940681304256,-0.048201916329595404,-0.4806933033796713,-2.628188274466712,-0.6744907594765952,-0.10264043637505327,1.1854686075649248
2008-04-20 00:30:00+00:00,ME02,-0.01915511712006285,0.04792970487121457,-0.3680335348385626,-0.048201916329595404,-0.4806933033796713,-2.628188274466712,-0.6744907594765952,-0.10264043637505327,1.1854686075649248
2008-04-20 00:40:00+00:00,ME02,-0.020648460478332412,-0.08063878254157969,-0.21994378358329256,-0.048201916329595404,-0.4806933033796713,-2.628188274466712,-0.6744907594765952,-0.10264043637505327,1.1854686075649248
2008-04-20 00:50:00+00:00,ME02,-0.022442960537545773,0.4952923043801772,-0.31395678363151613,-0.048201916329595404,-0.4806933033796713,-2.628188274466712,-0.6744907594765952,-0.10264043637505327,1.1854686075649248
2008-04-20 01:00:00+00:00,ME02,-0.023797453942359124,-0.9070900709296653,-0.3195932312869618,-0.024100958164797036,-0.5009596415133241,-2.7508227161369456,-0.6744907594765952,-0.10264043637505327,1.1854686075649248
2008-04-20 01:10:00+00:00,ME02,-0.022163525718784736,-0.6115443279006945,-0.3517429275771416,-0.024100958164797036,-0.5009596415133241,-2.7508227161369456,-0.6744907594765952,-0.10264043637505327,1.1854686075649248
2008-04-20 01:20:00+00:00,ME02,-0.02253041648485083,-0.5827188228945138,-0.30085805323094533,-0.024100958164797036,-0.5009596415133241,-2.7508227161369456,-0.6744907594765952,-0.10264043637505327,1.1854686075649248
2008-04-20 01:30:00+00:00,ME02,-0.024238418949143352,-0.13425146911202793,-0.2931549774169093,-0.024100958164797036,-0.5009596415133241,-2.7508227161369456,-0.6744907594765952,-0.10264043637505327,1.1854686075649248
2008-04-20 01:40:00+00:00,ME02,-0.02319486601618941,0.020289346613821656,-0.2026139475238129,-0.024100958164797036,-0.5009596415133241,-2.7508227161369456,-0.6744907594765952,-0.10264043637505327,1.1854686075649248
2008-04-20 01:50:00+00:00,ME02,-0.021985173972820262,0.1572406314897597,-0.2813518584982843,-0.024100958164797036,-0.5009596415133241,-2.7508227161369456,-0.6744907594765952,-0.10264043637505327,1.1854686075649248
2008-04-20 02:00:00+00:00,ME02,-0.022044905382462225,-0.9441976182693899,-0.3666386019736676,-0.40952424929428016,-0.22356354061508207,-2.653560754470162,0.7166464255151423,-0.10264043637505327,1.1854686075649248
2008-04-20 02:10:00+00:00,ME02,-0.021923725735804412,-0.15002940140535181,-0.4630540770928536,-0.40952424929428016,-0.22356354061508207,-2.653560754470162,0.7166464255151423,-0.10264043637505327,1.1854686075649248
2008-04-20 02:20:00+00:00,ME02,-0.025602612210459452,-0.6533128786422326,-0.29487189658111024,-0.40952424929428016,-0.22356354061508207,-2.653560754470162,0.7166464255151423,-0.10264043637505327,1.1854686075649248
2008-04-20 02:30:00+00:00,ME02,-0.0225111470414842,0.21103512368763722,-0.26491641138156546,-0.40952424929428016,-0.22356354061508207,-2.653560754470162,0.7166464255151423,-0.10264043637505327,1.1854686075649248
2008-04-20 02:40:00+00:00,ME02,-0.022212536155364976,-0.0846646761354623,-0.19404735897570208,-0.40952424929428016,-0.22356354061508207,-2.653560754470162,0.7166464255151423,-0.10264043637505327,1.1854686075649248
2008-04-20 02:50:00+00:00,ME02,-0.019937649685622838,0.45726918035085745,-0.19325790865335638,-0.40952424929428016,-0.22356354061508207,-2.653560754470162,0.7166464255151423,-0.10264043637505327,1.1854686075649248
2008-04-20 03:00:00+00:00,ME02,-0.025152063725301776,-0.7482404968156999,-0.37335670966289636,-0.24091356189433766,-0.1285647485614345,-2.6112728936376324,-0.6744907594765952,-0.10264043637505327,1.1854686075649248
2008-04-20 03:10:00+00:00,ME02,-0.025094219984136374,-1.0307311672628392,-0.25864607384215643,-0.24091356189433766,-0.1285647485614345,-2.6112728936376324,-0.6744907594765952,-0.10264043637505327,1.1854686075649248
2008-04-20 03:20:00+00:00,ME02,-0.020431944919303446,-0.5278302085980799,-0.3567688917107862,-0.24091356189433766,-0.1285647485614345,-2.6112728936376324,-0.6744907594765952,-0.10264043637505327,1.1854686075649248
2008-04-20 03:30:00+00:00,ME02,-0.0236270123226598,-0.2604204197615502,-0.34630063452629567,-0.24091356189433766,-0.1285647485614345,-2.6112728936376324,-0.6744907594765952,-0.10264043637505327,1.1854686075649248
2008-04-20 03:40:00+00:00,ME02,-0.02156044344749781,-0.0628832972464377,-0.09775453733017724,-0.24091356189433766,-0.1285647485614345,-2.6112728936376324,-0.6744907594765952,-0.10264043637505327,1.1854686075649248
2008-04-20 03:50:00+00:00,ME02,-0.02270255728497138,-0.018968358132117207,-0.06685997311674684,-0.24091356189433766,-0.1285647485614345,-2.6112728936376324,-0.6744907594765952,-0.10264043637505327,1.1854686075649248
2008-04-20 04:00:00+00:00,ME02,-0.023061920551510934,-0.9026427487987277,-0.32105637381368207,-0.048201916329595404,-0.27296280622629054,-2.5520699475961335,-0.6744907594765952,-0.10264043637505327,1.1854686075649248
2008-04-20 04:10:00+00:00,ME02,-0.021620401384399048,-0.019119967031137712,-0.24793702506434162,-0.048201916329595404,-0.27296280622629054,-2.5520699475961335,-0.6744907594765952,-0.10264043637505327,1.1854686075649248
2008-04-20 04:20:00+00:00,ME02,-0.021799849880036314,-0.9451966634810706,-0.31483981362220925,-0.048201916329595404,-0.27296280622629054,-2.5520699475961335,-0.6744907594765952,-0.10264043637505327,1.1854686075649248
2008-04-20 04:30:00+00:00,ME02,-0.026668914946328958,-0.01640806319934165,-0.7350825852634445,-0.048201916329595404,-0.27296280622629054,-2.5520699475961335,-0.6744907594765952,-0.10264043637505327,1.1854686075649248
2008-04-20 04:40:00+00:00,ME02,-0.023163891777642744,0.13958832703515459,-0.36174385255765856,-0.048201916329595404,-0.27296280622629054,-2.5520699475961335,-0.6744907594765952,-0.10264043637505327,1.1854686075649248
2008-04-20 04:50:00+00:00,ME02,-0.02392415096028772,0.5687960676143627,-0.5682139972036662,-0.048201916329595404,-0.27296280622629054,-2.5520699475961335,-0.6744907594765952,-0.10264043637505327,1.1854686075649248
2008-04-20 05:00:00+00:00,ME02,-0.026790307647572526,-0.16121072158228902,-0.5555092447244786,-0.024100958164797036,-0.08296548776071606,-2.4125201250968202,-0.6744907594765952,-0.10264043637505327,1.1854686075649248
2008-04-20 05:10:00+00:00,ME02,-0.02701797083988299,-0.9751804297325756,-0.7557153244001408,-0.024100958164797036,-0.08296548776071606,-2.4125201250968202,-0.6744907594765952,-0.10264043637505327,1.1854686075649248
2008-04-20 05:20:00+00:00,ME02,-0.02527243634464155,-0.6438249162814963,-0.6891572879061498,-0.024100958164797036,-0.08296548776071606,-2.4125201250968202,-0.6744907594765952,-0.10264043637505327,1.1854686075649248
2008-04-20 05:30:00+00:00,ME02,-0.02611833177588063,0.11323882035794662,-0.7673827949092431,-0.024100958164797036,-0.08296548776071606,-2.4125201250968202,-0.6744907594765952,-0.10264043637505327,1.1854686075649248
2008-04-20 05:40:00+00:00,ME02,-0.02350856159181227,0.1258011068558803,-0.6019272908792831,-0.024100958164797036,-0.08296548776071606,-2.4125201250968202,-0.6744907594765952,-0.10264043637505327,1.1854686075649248
2008-04-20 05:50:00+00:00,ME02,-0.024736020878641872,-0.050178548538442794,-0.8984764910025687,-0.024100958164797036,-0.08296548776071606,-2.4125201250968202,-0.6744907594765952,-0.10264043637505327,1.1854686075649248
2008-04-20 06:00:00+00:00,ME02,-0.028354451628446863,-1.0354603836862901,-0.8943749631617597,-0.4577261656238769,1.666277537540717,-2.0573024488477247,-0.6744907594765952,-0.10264043637505327,1.0577241455428426
2008-04-20 06:10:00+00:00,ME02,-0.03014538356460325,-0.7799990957538651,-0.8669801446007118,-0.4577261656238769,1.666277537540717,-2.0573024488477247,-0.6744907594765952,-0.10264043637505327,1.0577241455428426
2008-04-20 06:20:00+00:00,ME02,-0.026435322350452865,-0.8816339348424498,-0.8035240490705089,-0.4577261656238769,1.666277537540717,-2.0573024488477247,-0.6744907594765952,-0.10264043637505327,1.0577241455428426
2008-04-20 06:30:00+00:00,ME02,-0.02705872095192278,-0.4189065372197427,-0.5268679260993503,-0.4577261656238769,1.666277537540717,-2.0573024488477247,-0.6744907594765952,-0.10264043637505327,1.0577241455428426
2008-04-20 06:40:00+00:00,ME02,-0.021522384834818192,-0.29779885125517097,-0.06870187315953627,-0.4577261656238769,1.666277537540717,-2.0573024488477247,-0.6744907594765952,-0.10264043637505327,1.0577241455428426
2008-04-20 06:50:00+00:00,ME02,-0.01914149788083813,-0.18509326428790462,0.07038751052250346,-0.4577261656238769,1.666277537540717,-2.0573024488477247,-0.6744907594765952,-0.10264043637505327,1.0577241455428426
2008-04-20 07:00:00+00:00,ME02,-0.020341411529149783,-0.27724051071457456,0.347477306583686,-0.578134936694224,2.00193949339407,-1.8543211307197107,-0.5480237613609539,-0.10264043637505327,1.0577241455428426
2008-04-20 07:10:00+00:00,ME02,-0.017414744770355855,-0.7348251357709299,0.535182034252606,-0.578134936694224,2.00193949339407,-1.8543211307197107,-0.5480237613609539,-0.10264043637505327,1.0577241455428426
2008-04-20 07:20:00+00:00,ME02,-0.01381833796653045,-0.612356262264076,0.7933599021613024,-0.578134936694224,2.00193949339407,-1.8543211307197107,-0.5480237613609539,-0.10264043637505327,1.0577241455428426
2008-04-20 07:30:00+00:00,ME02,-0.013469981185139326,-0.6796445873644358,0.7798445839960616,-0.578134936694224,2.00193949339407,-1.8543211307197107,-0.5480237613609539,-0.10264043637505327,1.0577241455428426
2008-04-20 07:40:00+00:00,ME02,0.08061228610611942,-0.561206493845869,0.7456929454362955,-0.578134936694224,2.00193949339407,-1.8543211307197107,-0.5480237613609539,-0.10264043637505327,1.0577241455428426
2008-04-20 07:50:00+00:00,ME02,-0.01480974712277472,-0.7093100040204356,0.7867139598189449,-0.578134936694224,2.00193949339407,-1.8543211307197107,-0.5480237613609539,-0.10264043637505327,1.0577241455428426
2008-04-20 08:00:00+00:00,ME02,-0.010762859203009477,-0.4558997820990283,1.4355877824688987,-0.6263368530238195,2.186870227326232,-1.6682546021806233,0.0,-0.10264043637505327,1.0577241455428426
2008-04-20 08:10:00+00:00,ME02,-0.0036379243488555836,1.465886556322372,1.2892289497465057,-0.6263368530238195,2.186870227326232,-1.6682546021806233,0.0,-0.10264043637505327,1.0577241455428426
2008-04-20 08:20:00+00:00,ME02,-0.009652803285370517,0.40496012558113953,0.9930426256126369,-0.6263368530238195,2.186870227326232,-1.6682546021806233,0.0,-0.10264043637505327,1.0577241455428426
2008-04-20 08:30:00+00:00,ME02,-0.009166700055332341,1.416014646824475,0.29426994289677283,-0.6263368530238195,2.186870227326232,-1.6682546021806233,0.0,-0.10264043637505327,1.0577241455428426
2008-04-20 08:40:00+00:00,ME02,-0.013438711782757209,-0.0787828940900884,-1.0325517284020915,-0.6263368530238195,2.186870227326232,-1.6682546021806233,0.0,-0.10264043637505327,1.0577241455428426
2008-04-20 08:50:00+00:00,ME02,-0.0286131333313421,-0.48207696819085943,-1.5312538732005998,-0.6263368530238195,2.186870227326232,-1.6682546021806233,0.0,-0.10264043637505327,1.0577241455428426
2008-04-20 09:00:00+00:00,ME02,-0.030819348725097517,-0.7482461705920612,-1.4153402938053652,-0.770846582258965,2.587131468032754,-1.5456198648903468,-0.16862266415418836,-0.10264043637505327,1.0577241455428426
2008-04-20 09:10:00+00:00,ME02,-0.02975889944092634,0.613375127140654,-1.8608671565352939,-0.770846582258965,2.587131468032754,-1.5456198648903468,-0.16862266415418836,-0.10264043637505327,1.0577241455428426
2008-04-20 09:20:00+00:00,ME02,-0.03384234369495645,2.229292883881309,-2.462338101437925,-0.770846582258965,2.587131468032754,-1.5456198648903468,-0.16862266415418836,-0.10264043637505327,1.0577241455428426
2008-04-20 09:30:00+00:00,ME02,-0.04576251928305724,-0.49876133614676865,-3.2956970820843496,-0.770846582258965,2.587131468032754,-1.5456198648903468,-0.16862266415418836,-0.10264043637505327,1.0577241455428426
2008-04-20 09:40:00+00:00,ME02,-0.06182047329856773,-0.13394389032108814,-5.84945581351099,-0.770846582258965,2.587131468032754,-1.5456198648903468,-0.16862266415418836,-0.10264043637505327,1.0577241455428426
2008-04-20 09:50:00+00:00,ME02,-0.061487033404379395,0.1551592258157852,-6.0004907157188025,-0.770846582258965,2.587131468032754,-1.5456198648903468,-0.16862266415418836,-0.10264043637505327,1.0577241455428426
2008-04-20 10:00:00+00:00,ME02,-0.05877267699153104,2.58095129745507,-5.623953675121477,-0.9395052795357305,2.480732927189357,-1.469501833639811,0.7588020915536895,-0.10264043637505327,1.0577241455428426
2008-04-20 10:10:00+00:00,ME02,-0.06335918172807305,-0.7776900813594905,-6.17318612295734,-0.9395052795357305,2.480732927189357,-1.469501833639811,0.7588020915536895,-0.10264043637505327,1.0577241455428426
2008-04-20 10:20:00+00:00,ME02,-0.060853601811773336,-1.667017991708467,-6.133044466167591,-0.9395052795357305,2.480732927189357,-1.469501833639811,0.7588020915536895,-0.10264043637505327,1.0577241455428426
2008-04-20 10:30:00+00:00,ME02,-0.06314346983500597,-0.6734222445567288,-6.198972393868623,-0.9395052795357305,2.480732927189357,-1.469501833639811,0.7588020915536895,-0.10264043637505327,1.0577241455428426
2008-04-20 10:40:00+00:00,ME02,-0.06455101432616012,-1.1252027987369027,-6.030629539870812,-0.9395052795357305,2.480732927189357,-1.469501833639811,0.7588020915536895,-0.10264043637505327,1.0577241455428426
2008-04-20 10:50:00+00:00,ME02,-0.06166882660879368,-1.0211110354104351,-6.1065320799367,-0.9395052795357305,2.480732927189357,-1.469501833639811,0.7588020915536895,-0.10264043637505327,1.0577241455428426
2008-04-20 11:00:00+00:00,ME02,-0.0629507365948316,-0.5570548182865167,-6.188309669880298,-1.324928570665213,2.5288656130776417,-1.5287047796813436,1.0960475227219078,-0.10264043637505327,1.0577241455428426
2008-04-20 11:10:00+00:00,ME02,-0.06418840194898685,-1.35037623587934,-6.196018136934899,-1.324928570665213,2.5288656130776417,-1.5287047796813436,1.0960475227219078,-0.10264043637505327,1.0577241455428426
2008-04-20 11:20:00+00:00,ME02,-0.06194211541306914,-0.6696510389030303,-6.234109049265777,-1.324928570665213,2.5288656130776417,-1.5287047796813436,1.0960475227219078,-0.10264043637505327,1.0577241455428426
2008-04-20 11:30:00+00:00,ME02,-0.0647478166717848,-1.0959216579451025,-6.23011601359921,-1.324928570665213,2.5288656130776417,-1.5287047796813436,1.0960475227219078,-0.10264043637505327,1.0577241455428426
2008-04-20 11:40:00+00:00,ME02,-0.06377771241266979,-1.136930574085521,-6.117410916139036,-1.324928570665213,2.5288656130776417,-1.5287047796813436,1.0960475227219078,-0.10264043637505327,1.0577241455428426
2008-04-20 11:50:00+00:00,ME02,-0.061847862918902624,-0.9083799849383202,-6.12614088888455,-1.324928570665213,2.5288656130776417,-1.5287047796813436,1.0960475227219078,-0.10264043637505327,1.0577241455428426
2008-04-20 12:00:00+00:00,ME02,-0.06495525665871371,-1.6822321306560253,-6.20467770821395,-1.2285727478828425,2.219803159614277,-1.5709926405138732,1.3068258529146437,-0.10264043637505327,0.92997968352076
2008-04-20 12:10:00+00:00,ME02,-0.06154493581634838,-0.7064802824812967,-6.159530018975632,-1.2285727478828425,2.219803159614277,-1.5709926405138732,1.3068258529146437,-0.10264043637505327,0.92997968352076
2008-04-20 12:20:00+00:00,ME02,-0.06537151303298604,-1.6769178484411984,-6.170843068089521,-1.2285727478828425,2.219803159614277,-1.5709926405138732,1.3068258529146437,-0.10264043637505327,0.92997968352076
2008-04-20 12:30:00+00:00,ME02,-0.06391530304928913,-1.0691024139407608,-6.020679270600366,-1.2285727478828425,2.219803159614277,-1.5709926405138732,1.3068258529146437,-0.10264043637505327,0.92997968352076
2008-04-20 12:40:00+00:00,ME02,-0.06379517317219323,-0.6069226658466913,-6.160901595045328,-1.2285727478828425,2.219803159614277,-1.5709926405138732,1.3068258529146437,-0.10264043637505327,0.92997968352076
2008-04-20 12:50:00+00:00,ME02,-0.06355229578187173,-1.0852054604459986,-6.182944171411544,-1.2285727478828425,2.219803159614277,-1.5709926405138732,1.3068258529146437,-0.10264043637505327,0.92997968352076
2008-04-20 13:00:00+00:00,ME02,-0.06138888491228469,-0.5631251565203982,-6.14701139372135,-1.8789625491946393,2.59346489793081,-1.6259667413481274,0.8852690896693307,-0.10264043637505327,0.92997968352076
2008-04-20 13:10:00+00:00,ME02,-0.06463824514616216,-1.7120243503022523,-6.147223528765223,-1.8789625491946393,2.59346489793081,-1.6259667413481274,0.8852690896693307,-0.10264043637505327,0.92997968352076
2008-04-20 13:20:00+00:00,ME02,-0.0647207623321347,-1.7018310146843771,-6.127620869650546,-1.8789625491946393,2.59346489793081,-1.6259667413481274,0.8852690896693307,-0.10264043637505327,0.92997968352076
2008-04-20 13:30:00+00:00,ME02,-0.062209930561570106,-0.5901702951997392,-6.107828524723637,-1.8789625491946393,2.59346489793081,-1.6259667413481274,0.8852690896693307,-0.10264043637505327,0.92997968352076
2008-04-20 13:40:00+00:00,ME02,-0.06430519628268344,-1.0407225429809301,-6.191665519458857,-1.8789625491946393,2.59346489793081,-1.6259667413481274,0.8852690896693307,-0.10264043637505327,0.92997968352076
2008-04-20 13:50:00+00:00,ME02,-0.06280145978858374,-0.5843306410918813,-6.166215193709931,-1.8789625491946393,2.59346489793081,-1.6259667413481274,0.8852690896693307,-0.10264043637505327,0.92997968352076
2008-04-20 14:00:00+00:00,ME02,-0.0640550841897447,-1.457487054573947,-6.132231060109289,-1.8067076845770667,2.578265144330571,-1.79934673426538,0.33724543116821853,-0.10264043637505327,0.92997968352076
2008-04-20 14:10:00+00:00,ME02,-0.06474671649586446,-0.42720590424265553,-6.1161134114868565,-1.8067076845770667,2.578265144330571,-1.79934673426538,0.33724543116821853,-0.10264043637505327,0.92997968352076
2008-04-20 14:20:00+00:00,ME02,-0.06020706472876507,0.0596381272988873,-6.123982098339551,-1.8067076845770667,2.578265144330571,-1.79934673426538,0.33724543116821853,-0.10264043637505327,0.92997968352076
2008-04-20 14:30:00+00:00,ME02,-0.0628251537683973,-0.8186494699490728,-6.032646557782113,-1.8067076845770667,2.578265144330571,-1.79934673426538,0.33724543116821853,-0.10264043637505327,0.92997968352076
2008-04-20 14:40:00+00:00,ME02,-0.06042477685620845,-0.39263482860513066,-5.987075357295547,-1.8067076845770667,2.578265144330571,-1.79934673426538,0.33724543116821853,-0.10264043637505327,0.92997968352076
2008-04-20 14:50:00+00:00,ME02,-0.061836177063491184,-0.36342452630022176,-5.9838994245312165,-1.8067076845770667,2.578265144330571,-1.79934673426538,0.33724543116821853,-0.10264043637505327,0.92997968352076
2008-04-20 15:00:00+00:00,ME02,-0.06231477482482746,-0.7353061401646759,-6.056412030764155,-2.0235202883066066,2.3667346423667004,-1.9600404871809411,-0.5058680953224068,-0.10264043637505327,0.92997968352076
2008-04-20 15:10:00+00:00,ME02,-0.06084847831596908,-0.31172991786760634,-6.143824358675388,-2.0235202883066066,2.3667346423667004,-1.9600404871809411,-0.5058680953224068,-0.10264043637505327,0.92997968352076
2008-04-20 15:20:00+00:00,ME02,-0.06206701919032509,3.472873106956373,-6.120575717027403,-2.0235202883066066,2.3667346423667004,-1.9600404871809411,-0.5058680953224068,-0.10264043637505327,0.92997968352076
2008-04-20 15:30:00+00:00,ME02,-0.0595692368598295,1.195722133280216,-5.8566105368862145,-2.0235202883066066,2.3667346423667004,-1.9600404871809411,-0.5058680953224068,-0.10264043637505327,0.92997968352076
2008-04-20 15:40:00+00:00,ME02,-0.062409943580957854,-1.208785363482903,-6.0880049447236715,-2.0235202883066066,2.3667346423667004,-1.9600404871809411,-0.5058680953224068,-0.10264043637505327,0.92997968352076
2008-04-20 15:50:00+00:00,ME02,-0.060777157006752104,-1.1600951321467905,-5.561676364936183,-2.0235202883066066,2.3667346423667004,-1.9600404871809411,-0.5058680953224068,-0.10264043637505327,0.92997968352076
2008-04-20 16:00:00+00:00,ME02,-0.04941780589325797,-0.8855655689710493,-4.070406176116208,-1.8549096009066632,2.1463375510589264,-2.027701123636997,0.16862266415418845,-0.10264043637505327,0.92997968352076
2008-04-20 16:10:00+00:00,ME02,-0.04234379936043489,-1.1821488721242817,-2.9223889137379198,-1.8549096009066632,2.1463375510589264,-2.027701123636997,0.16862266415418845,-0.10264043637505327,0.92997968352076
2008-04-20 16:20:00+00:00,ME02,-0.03782712931656538,-0.9984759309648378,-2.180882194608243,-1.8549096009066632,2.1463375510589264,-2.027701123636997,0.16862266415418845,-0.10264043637505327,0.92997968352076
2008-04-20 16:30:00+00:00,ME02,-0.036966576093678455,-1.0307449969587519,-1.9224535183739169,-1.8549096009066632,2.1463375510589264,-2.027701123636997,0.16862266415418845,-0.10264043637505327,0.92997968352076
2008-04-20 16:40:00+00:00,ME02,-0.03885847458385919,-0.7578274608764485,-2.2751173587135143,-1.8549096009066632,2.1463375510589264,-2.027701123636997,0.16862266415418845,-0.10264043637505327,0.92997968352076
2008-04-20 16:50:00+00:00,ME02,-0.03435076422023048,-0.5100884279618846,-1.571342575249639,-1.8549096009066632,2.1463375510589264,-2.027701123636997,0.16862266415418845,-0.10264043637505327,0.92997968352076
2008-04-20 17:00:00+00:00,ME02,-0.03079173076741106,-1.0567941866328678,-1.0210778366871547,-1.6621499454650994,1.513012890531958,-2.1249630853037806,-0.6744907594765952,-0.10264043637505327,0.92997968352076
2008-04-20 17:10:00+00:00,ME02,-0.028128488242506477,-0.434698299940832,-0.709698989112068,-1.6621499454650994,1.513012890531958,-2.1249630853037806,-0.6744907594765952,-0.10264043637505327,0.92997968352076
2008-04-20 17:20:00+00:00,ME02,-0.02654547955489273,-0.8856116454927914,-0.38699702785804857,-1.6621499454650994,1.513012890531958,-2.1249630853037806,-0.6744907594765952,-0.10264043637505327,0.92997968352076
2008-04-20 17:30:00+00:00,ME02,-0.02329206487006837,-0.8046586316593105,-0.44228731754562517,-1.6621499454650994,1.513012890531958,-2.1249630853037806,-0.6744907594765952,-0.10264043637505327,0.92997968352076
2008-04-20 17:40:00+00:00,ME02,-0.030209160806812414,-0.4315805562529631,-0.9319451709718011,-1.6621499454650994,1.513012890531958,-2.1249630853037806,-0.6744907594765952,-0.10264043637505327,0.92997968352076
2008-04-20 17:50:00+00:00,ME02,-0.027772099443090784,-0.3606014652149857,-1.0505340351118158,-1.6621499454650994,1.513012890531958,-2.1249630853037806,-0.6744907594765952,-0.10264043637505327,0.92997968352076
2008-04-20 18:00:00+00:00,ME02,-0.027458786500244206,-0.8203555578279185,-0.703135070061697,-1.6380969971771233,1.0177528577717885,-2.239140132179534,-0.6744907594765952,-0.10264043637505327,0.8022352214986777
2008-04-20 18:10:00+00:00,ME02,-0.0275528306210631,-0.8869528675748951,-0.6210624979899342,-1.6380969971771233,1.0177528577717885,-2.239140132179534,-0.6744907594765952,-0.10264043637505327,0.8022352214986777
2008-04-20 18:20:00+00:00,ME02,-0.024157406489348953,-0.007038728009534061,-0.18248305192693193,-1.6380969971771233,1.0177528577717885,-2.239140132179534,-0.6744907594765952,-0.10264043637505327,0.8022352214986777
2008-04-20 18:30:00+00:00,ME02,-0.02492364367737163,-0.2514463186317019,1.4475558196143896,-1.6380969971771233,1.0177528577717885,-2.239140132179534,-0.6744907594765952,-0.10264043637505327,0.8022352214986777
2008-04-20 18:40:00+00:00,ME02,-0.022758672768095775,-0.5546698489785401,0.14123780968426264,-1.6380969971771233,1.0177528577717885,-2.239140132179534,-0.6744907594765952,-0.10264043637505327,0.8022352214986777
2008-04-20 18:50:00+00:00,ME02,-0.02180748636096511,-0.27088059880582227,0.2050507445782596,-1.6380969971771233,1.0177528577717885,-2.239140132179534,-0.6744907594765952,-0.10264043637505327,0.8022352214986777
2008-04-20 19:00:00+00:00,ME02,-0.022465878087018512,-0.18113681272743742,0.3895998307213204,-1.5176402162299545,0.6592911386972156,-2.0530738992605233,-0.6744907594765952,-0.10264043637505327,0.8022352214986777
2008-04-20 19:10:00+00:00,ME02,-0.022884594755284055,-0.9717416149112442,0.19053335284843437,-1.5176402162299545,0.6592911386972156,-2.0530738992605233,-0.6744907594765952,-0.10264043637505327,0.8022352214986777
2008-04-20 19:20:00+00:00,ME02,-0.02004986248454733,-0.48958764462622406,0.7024392461889204,-1.5176402162299545,0.6592911386972156,-2.0530738992605233,-0.6744907594765952,-0.10264043637505327,0.8022352214986777
2008-04-20 19:30:00+00:00,ME02,-0.019801789283084383,-0.6101778834826571,5.4611831319380215,-1.5176402162299545,0.6592911386972156,-2.0530738992605233,-0.6744907594765952,-0.10264043637505327,0.8022352214986777
2008-04-20 19:40:00+00:00,ME02,-0.02041290744911518,-0.22161905345423422,1.2017963436655341,-1.5176402162299545,0.6592911386972156,-2.0530738992605233,-0.6744907594765952,-0.10264043637505327,0.8022352214986777
2008-04-20 19:50:00+00:00,ME02,-0.01675667909537841,-0.2972557719379933,0.38135521524644045,-1.5176402162299545,0.6592911386972156,-2.0530738992605233,-0.6744907594765952,-0.10264043637505327,0.8022352214986777
2008-04-20 20:00:00+00:00,ME02,-0.020482982773619693,-0.295530026660811,0.2838959140957656,-1.4935392580651563,0.3666950185570144,-2.0107860384279936,-0.6744907594765952,-0.10264043637505327,0.8022352214986777
2008-04-20 20:10:00+00:00,ME02,-0.021911665407889316,-0.813257691288071,-0.019038343222020738,-1.4935392580651563,0.3666950185570144,-2.0107860384279936,-0.6744907594765952,-0.10264043637505327,0.8022352214986777
2008-04-20 20:20:00+00:00,ME02,-0.01925663260540199,-0.4479239558021131,0.5661199972490697,-1.4935392580651563,0.3666950185570144,-2.0107860384279936,-0.6744907594765952,-0.10264043637505327,0.8022352214986777
2008-04-20 20:30:00+00:00,ME02,-0.022815158149810607,-0.8169950073322191,0.15334445275570108,-1.4935392580651563,0.3666950185570144,-2.0107860384279936,-0.6744907594765952,-0.10264043637505327,0.8022352214986777
2008-04-20 20:40:00+00:00,ME02,-0.020533730925540433,-0.48450888221302096,1.1621005635133816,-1.4935392580651563,0.3666950185570144,-2.0107860384279936,-0.6744907594765952,-0.10264043637505327,0.8022352214986777
2008-04-20 20:50:00+00:00,ME02,-0.021389980900273824,-0.32560579995804767,1.454036387901528,-1.4935392580651563,0.3666950185570144,-2.0107860384279936,-0.6744907594765952,-0.10264043637505327,0.8022352214986777
2008-04-20 21:00:00+00:00,ME02,-0.020889880678094348,0.26939789841692047,0.34699082126810554,-0.7226926758061906,0.26662990761167416,-2.065760139262248,-0.6744907594765952,-0.10264043637505327,0.8022352214986777
2008-04-20 21:10:00+00:00,ME02,-0.020149811638468445,-0.8862436776860543,1.8517894247865652,-0.7226926758061906,0.26662990761167416,-2.065760139262248,-0.6744907594765952,-0.10264043637505327,0.8022352214986777
2008-04-20 21:20:00+00:00,ME02,-0.017076361740720754,0.07404290314051938,4.00090296179442,-0.7226926758061906,0.26662990761167416,-2.065760139262248,-0.6744907594765952,-0.10264043637505327,0.8022352214986777
2008-04-20 21:30:00+00:00,ME02,-0.01430163916401932,-0.39476017841614847,6.475114968084882,-0.7226926758061906,0.26662990761167416,-2.065760139262248,-0.6744907594765952,-0.10264043637505327,0.8022352214986777
2008-04-20 21:40:00+00:00,ME02,-0.012086520907152896,0.04496279306340415,7.207588849418224,-0.7226926758061906,0.26662990761167416,-2.065760139262248,-0.6744907594765952,-0.10264043637505327,0.8022352214986777
2008-04-20 21:50:00+00:00,ME02,-0.009332061102786551,-0.2870566520506373,13.209009448882584,-0.7226926758061906,0.26662990761167416,-2.065760139262248,-0.6744907594765952,-0.10264043637505327,0.8022352214986777
2008-04-20 22:00:00+00:00,ME02,-0.0035199095815928064,-0.36706945361005905,16.956821060557324,-0.9395052795357305,0.4034279556555502,-2.2729703025975403,-0.6744907594765952,-0.10264043637505327,0.8022352214986777
2008-04-20 22:10:00+00:00,ME02,-0.0035657476467794496,0.4641052146906411,16.29436375349597,-0.9395052795357305,0.4034279556555502,-2.2729703025975403,-0.6744907594765952,-0.10264043637505327,0.8022352214986777
2008-04-20 22:20:00+00:00,ME02,-0.005102701234190861,-0.8542553007963455,14.847509841092682,-0.9395052795357305,0.4034279556555502,-2.2729703025975403,-0.6744907594765952,-0.10264043637505327,0.8022352214986777
2008-04-20 22:30:00+00:00,ME02,-0.007992717506915983,0.2620957051582559,12.163522995111988,-0.9395052795357305,0.4034279556555502,-2.2729703025975403,-0.6744907594765952,-0.10264043637505327,0.8022352214986777
2008-04-20 22:40:00+00:00,ME02,-0.0034871043225849396,-0.09474252845887166,16.107811017619685,-0.9395052795357305,0.4034279556555502,-2.2729703025975403,-0.6744907594765952,-0.10264043637505327,0.8022352214986777
2008-04-20 22:50:00+00:00,ME02,-0.007532010770922213,-0.10017014251234349,9.935118057344603,-0.9395052795357305,0.4034279556555502,-2.2729703025975403,-0.6744907594765952,-0.10264043637505327,0.8022352214986777
2008-04-20 23:00:00+00:00,ME02,-0.007265573267189877,-0.20581417534327176,12.044472721542421,-0.554081988406248,0.47182697967748766,-2.4378929007203465,-0.6744907594765952,-0.10264043637505327,0.8022352214986777
2008-04-20 23:10:00+00:00,ME02,-0.008229609143309587,-0.5344284093526119,8.905857129776777,-0.554081988406248,0.47182697967748766,-2.4378929007203465,-0.6744907594765952,-0.10264043637505327,0.8022352214986777
2008-04-20 23:20:00+00:00,ME02,-0.008923426534961334,-0.13185161259024006,9.207035259924444,-0.554081988406248,0.47182697967748766,-2.4378929007203465,-0.6744907594765952,-0.10264043637505327,0.8022352214986777
2008-04-20 23:30:00+00:00,ME02,-0.012284399689461918,-0.646050208189142,6.248107704818374,-0.554081988406248,0.47182697967748766,-2.4378929007203465,-0.6744907594765952,-0.10264043637505327,0.8022352214986777
2008-04-20 23:40:00+00:00,ME02,-0.01126178549119637,-0.45524642331114085,2.7051433057838645,-0.554081988406248,0.47182697967748766,-2.4378929007203465,-0.6744907594765952,-0.10264043637505327,0.8022352214986777
2008-04-20 23:50:00+00:00,ME02,-0.012220731953865844,0.1745900451039076,1.5444946259716488,-0.554081988406248,0.47182697967748766,-2.4378929007203465,-0.6744907594765952,-0.10264043637505327,0.8022352214986777
2008-04-21 00:00:00+00:00,ME02,-0.014012863508146255,-0.8688565124530563,2.097957078841087,-0.746793633970989,0.33249550654604537,-2.5816715684269043,-0.6744907594765952,-0.10264043637505327,0.6744907594765952
2008-04-21 00:10:00+00:00,ME02,-0.005118558373031954,-0.4790362899241445,4.166478831181359,-0.746793633970989,0.33249550654604537,-2.5816715684269043,-0.6744907594765952,-0.10264043637505327,0.6744907594765952
2008-04-21 00:20:00+00:00,ME02,-0.00016833762607704357,-0.6356735665100847,10.04069242930803,-0.746793633970989,0.33249550654604537,-2.5816715684269043,-0.6744907594765952,-0.10264043637505327,0.6744907594765952
2008-04-21 00:30:00+00:00,ME02,0.0009822615246492673,-0.46938924900617174,9.685305620007428,-0.746793633970989,0.33249550654604537,-2.5816715684269043,-0.6744907594765952,-0.10264043637505327,0.6744907594765952
2008-04-21 00:40:00+00:00,ME02,0.005731205406391911,-0.08481232211317691,12.394648638973624,-0.746793633970989,0.33249550654604537,-2.5816715684269043,-0.6744907594765952,-0.10264043637505327,0.6744907594765952
2008-04-21 00:50:00+00:00,ME02,0.007491786445377979,0.24470090290862434,13.494934229821483,-0.746793633970989,0.33249550654604537,-2.5816715684269043,-0.6744907594765952,-0.10264043637505327,0.6744907594765952
2008-04-21 01:00:00+00:00,ME02,0.001500238614623335,-0.8919321133243984,11.194332757997206,-0.770846582258965,0.13996476299290414,-2.763509251758747,-0.6744907594765952,-0.10264043637505327,0.6744907594765952
2008-04-21 01:10:00+00:00,ME02,0.0018210669304592115,-0.048641755589784855,12.603504733403305,-0.770846582258965,0.13996476299290414,-2.763509251758747,-0.6744907594765952,-0.10264043637505327,0.6744907594765952
2008-04-21 01:20:00+00:00,ME02,0.002856372026606906,0.6596889660076487,11.22881762338722,-0.770846582258965,0.13996476299290414,-2.763509251758747,-0.6744907594765952,-0.10264043637505327,0.6744907594765952
2008-04-21 01:30:00+00:00,ME02,-0.001203776590157088,-0.4319206934521976,14.413090936132216,-0.770846582258965,0.13996476299290414,-2.763509251758747,-0.6744907594765952,-0.10264043637505327,0.6744907594765952
2008-04-21 01:40:00+00:00,ME02,0.010899932010212629,1.4446838959493022,16.644078635397857,-0.770846582258965,0.13996476299290414,-2.763509251758747,-0.6744907594765952,-0.10264043637505327,0.6744907594765952
2008-04-21 01:50:00+00:00,ME02,0.0003027632145457109,0.08044488088228934,9.968162523910971,-0.770846582258965,0.13996476299290414,-2.763509251758747,-0.6744907594765952,-0.10264043637505327,0.6744907594765952
2008-04-21 02:00:00+00:00,ME02,0.00023817531034374238,0.14296115228269252,5.9732700596049835,-0.6022358948590224,0.04623281630390005,-2.738136476135221,-0.6744907594765952,-0.10264043637505327,0.6744907594765952
2008-04-21 02:10:00+00:00,ME02,-0.0005782126988595111,-0.6174648607159805,4.195211704101913,-0.6022358948590224,0.04623281630390005,-2.738136476135221,-0.6744907594765952,-0.10264043637505327,0.6744907594765952
2008-04-21 02:20:00+00:00,ME02,-0.002639006367476804,0.10463833419937985,3.306692384357648,-0.6022358948590224,0.04623281630390005,-2.738136476135221,-0.6744907594765952,-0.10264043637505327,0.6744907594765952
2008-04-21 02:30:00+00:00,ME02,-0.0109902022679411,-0.6095204980012693,2.341425935128514,-0.6022358948590224,0.04623281630390005,-2.738136476135221,-0.6744907594765952,-0.10264043637505327,0.6744907594765952
2008-04-21 02:40:00+00:00,ME02,-0.002214593231521861,-0.9527098561642725,2.1907640770156434,-0.6022358948590224,0.04623281630390005,-2.738136476135221,-0.6744907594765952,-0.10264043637505327,0.6744907594765952
2008-04-21 02:50:00+00:00,ME02,-0.00692966461656946,0.1085523560759087,1.0968443052662291,-0.6022358948590224,0.04623281630390005,-2.738136476135221,-0.6744907594765952,-0.10264043637505327,0.6744907594765952
2008-04-21 03:00:00+00:00,ME02,-0.008808725682961451,-0.7014095513198481,0.7516027569274955,-0.3854232911294818,0.008233299482441482,-2.9242030046743084,-0.6744907594765952,-0.10264043637505327,0.6744907594765952
2008-04-21 03:10:00+00:00,ME02,-0.01007462371629024,-0.1598989032690996,0.18020205204684464,-0.3854232911294818,0.008233299482441482,-2.9242030046743084,-0.6744907594765952,-0.10264043637505327,0.6744907594765952
2008-04-21 03:20:00+00:00,ME02,-0.009999602619607887,-0.543551747084095,0.27786734955617265,-0.3854232911294818,0.008233299482441482,-2.9242030046743084,-0.6744907594765952,-0.10264043637505327,0.6744907594765952
2008-04-21 03:30:00+00:00,ME02,-0.01154881386891534,0.44113222000877816,0.4748500764814084,-0.3854232911294818,0.008233299482441482,-2.9242030046743084,-0.6744907594765952,-0.10264043637505327,0.6744907594765952
2008-04-21 03:40:00+00:00,ME02,-0.010533113773095085,-0.6795167648273386,0.2203927145899015,-0.3854232911294818,0.008233299482441482,-2.9242030046743084,-0.6744907594765952,-0.10264043637505327,0.6744907594765952
2008-04-21 03:50:00+00:00,ME02,-0.012160576260910527,-0.2406285100555217,0.26932598494911175,-0.3854232911294818,0.008233299482441482,-2.9242030046743084,-0.6744907594765952,-0.10264043637505327,0.6744907594765952
2008-04-21 04:00:00+00:00,ME02,-0.009365948817840945,-0.9244199069697815,-0.06358984823875069,-0.6263368530238195,-0.19696377258337247,-3.0172361211337804,-0.6323350934380482,-0.10264043637505327,0.6744907594765952
2008-04-21 04:10:00+00:00,ME02,-0.0098508770848452,-0.7003483348733043,-0.03425483347850858,-0.6263368530238195,-0.19696377258337247,-3.0172361211337804,-0.6323350934380482,-0.10264043637505327,0.6744907594765952
2008-04-21 04:20:00+00:00,ME02,-0.011054590280166617,0.0001505765174513259,-0.10827792762539017,-0.6263368530238195,-0.19696377258337247,-3.0172361211337804,-0.6323350934380482,-0.10264043637505327,0.6744907594765952
2008-04-21 04:30:00+00:00,ME02,-0.01687247275859559,0.24435636518028112,-0.5735214746161704,-0.6263368530238195,-0.19696377258337247,-3.0172361211337804,-0.6323350934380482,-0.10264043637505327,0.6744907594765952
2008-04-21 04:40:00+00:00,ME02,-0.016346081794925717,-0.1570656184504563,-0.6699408645565855,-0.6263368530238195,-0.19696377258337247,-3.0172361211337804,-0.6323350934380482,-0.10264043637505327,0.6744907594765952
2008-04-21 04:50:00+00:00,ME02,-0.018326461379227492,-0.056101575724228255,-0.7089224645904888,-0.6263368530238195,-0.19696377258337247,-3.0172361211337804,-0.6323350934380482,-0.10264043637505327,0.6744907594765952
2008-04-21 05:00:00+00:00,ME02,-0.01717009157908696,-0.7983263927327414,0.26054172197441694,-0.40952424929428016,-0.07409889841681318,-2.915745314259752,-0.6744907594765952,-0.10264043637505327,0.6744907594765952
2008-04-21 05:10:00+00:00,ME02,-0.01470236811306336,-1.0304518477302116,2.9243734157302224,-0.40952424929428016,-0.07409889841681318,-2.915745314259752,-0.6744907594765952,-0.10264043637505327,0.6744907594765952
2008-04-21 05:20:00+00:00,ME02,-0.016536707828408805,-0.45552533557489966,3.192206428413677,-0.40952424929428016,-0.07409889841681318,-2.915745314259752,-0.6744907594765952,-0.10264043637505327,0.6744907594765952
2008-04-21 05:30:00+00:00,ME02,-0.012289854421742784,-0.2532623624514889,7.251262188573507,-0.40952424929428016,-0.07409889841681318,-2.915745314259752,-0.6744907594765952,-0.10264043637505327,0.6744907594765952
2008-04-21 05:40:00+00:00,ME02,-0.014527526872731384,-0.5018236379331954,1.6164531282329715,-0.40952424929428016,-0.07409889841681318,-2.915745314259752,-0.6744907594765952,-0.10264043637505327,0.6744907594765952
2008-04-21 05:50:00+00:00,ME02,-0.01710021803295757,0.08959913179798082,-0.8029200946518542,-0.40952424929428016,-0.07409889841681318,-2.915745314259752,-0.6744907594765952,-0.10264043637505327,0.6744907594765952
2008-04-21 06:00:00+00:00,ME02,-0.01276712726926912,-0.9414863695385443,0.23706430054095473,-0.6022358948590224,0.2868962457453265,-2.818483352592968,-0.6744907594765952,-0.10264043637505327,0.5467462974545129
2008-04-21 06:10:00+00:00,ME02,-0.012526335471934252,-0.5985596249754614,1.8237003246306207,-0.6022358948590224,0.2868962457453265,-2.818483352592968,-0.6744907594765952,-0.10264043637505327,0.5467462974545129
2008-04-21 06:20:00+00:00,ME02,-0.012427508511039449,-0.9843077357611156,0.39374927602635357,-0.6022358948590224,0.2868962457453265,-2.818483352592968,-0.6744907594765952,-0.10264043637505327,0.5467462974545129
2008-04-21 06:30:00+00:00,ME02,-0.013996000859025895,-0.09178799752411432,-0.42408069658079983,-0.6022358948590224,0.2868962457453265,-2.818483352592968,-0.6744907594765952,-0.10264043637505327,0.5467462974545129
2008-04-21 06:40:00+00:00,ME02,-0.014750800692487583,-0.2027179395369735,-0.6538461483345357,-0.6022358948590224,0.2868962457453265,-2.818483352592968,-0.6744907594765952,-0.10264043637505327,0.5467462974545129
2008-04-21 06:50:00+00:00,ME02,-0.015581498186437089,0.013733615352704747,-0.42670705981010054,-0.6022358948590224,0.2868962457453265,-2.818483352592968,-0.6744907594765952,-0.10264043637505327,0.5467462974545129
2008-04-21 07:00:00+00:00,ME02,-0.016146845008571477,-0.8850855346849886,-0.2478076655633086,-0.43362520745907857,0.7023572400520884,-2.738136476135221,0.4215567632453126,-0.10264043637505327,0.5467462974545129
2008-04-21 07:10:00+00:00,ME02,-0.012661868177632098,-0.5953338493480554,-0.035529246229206383,-0.43362520745907857,0.7023572400520884,-2.738136476135221,0.4215567632453126,-0.10264043637505327,0.5467462974545129
2008-04-21 07:20:00+00:00,ME02,-0.011565376299943343,-0.8533447983457119,0.10946273069262413,-0.43362520745907857,0.7023572400520884,-2.738136476135221,0.4215567632453126,-0.10264043637505327,0.5467462974545129
2008-04-21 07:30:00+00:00,ME02,-0.015887597425014915,-0.6187245772651252,0.11267554192318033,-0.43362520745907857,0.7023572400520884,-2.738136476135221,0.4215567632453126,-0.10264043637505327,0.5467462974545129
2008-04-21 07:40:00+00:00,ME02,-0.012686067434426405,-0.4745080625178066,-0.04397499738230342,-0.43362520745907857,0.7023572400520884,-2.738136476135221,0.4215567632453126,-0.10264043637505327,0.5467462974545129
2008-04-21 07:50:00+00:00,ME02,-0.013946658093550224,0.4925052685965293,0.3591879913315041,-0.43362520745907857,0.7023572400520884,-2.738136476135221,0.4215567632453126,-0.10264043637505327,0.5467462974545129
2008-04-21 08:00:00+00:00,ME02,-0.009096734684580233,-0.7911039596032572,0.3553789773525259,-0.6263368530238195,1.053219215147401,-2.4590368311366277,-0.6744907594765952,-0.10264043637505327,0.5467462974545129
2008-04-21 08:10:00+00:00,ME02,-0.013789763238137253,-0.60873892549197,0.2814977211599894,-0.6263368530238195,1.053219215147401,-2.4590368311366277,-0.6744907594765952,-0.10264043637505327,0.5467462974545129
2008-04-21 08:20:00+00:00,ME02,-0.014982097436173422,-0.177636097462493,0.5555342028362696,-0.6263368530238195,1.053219215147401,-2.4590368311366277,-0.6744907594765952,-0.10264043637505327,0.5467462974545129
2008-04-21 08:30:00+00:00,ME02,-0.010150834127598174,-0.36581446941777623,0.777400612621954,-0.6263368530238195,1.053219215147401,-2.4590368311366277,-0.6744907594765952,-0.10264043637505327,0.5467462974545129
2008-04-21 08:40:00+00:00,ME02,-0.009378709130056471,-0.6575996847235533,0.7302076884527108,-0.6263368530238195,1.053219215147401,-2.4590368311366277,-0.6744907594765952,-0.10264043637505327,0.5467462974545129
2008-04-21 08:50:00+00:00,ME02,-0.008970525709329153,-0.567266147430811,0.8983326479796773,-0.6263368530238195,1.053219215147401,-2.4590368311366277,-0.6744907594765952,-0.10264043637505327,0.5467462974545129
2008-04-21 09:00:00+00:00,ME02,-0.004265593046406908,-0.07752786718445068,2.0593348878656945,-0.3854232911294818,1.4078809294114838,-2.2518266678013354,0.6744907594765952,-0.10264043637505327,0.5467462974545129
2008-04-21 09:10:00+00:00,ME02,0.0025826296300405422,0.5906564537412808,2.7800970593206387,-0.3854232911294818,1.4078809294114838,-2.2518266678013354,0.6744907594765952,-0.10264043637505327,0.5467462974545129
2008-04-21 09:20:00+00:00,ME02,0.005442232475596408,2.6989841483620465,2.93589602437749,-0.3854232911294818,1.4078809294114838,-2.2518266678013354,0.6744907594765952,-0.10264043637505327,0.5467462974545129
2008-04-21 09:30:00+00:00,ME02,0.009350022478901604,3.992853959991802,2.4217742161147995,-0.3854232911294818,1.4078809294114838,-2.2518266678013354,0.6744907594765952,-0.10264043637505327,0.5467462974545129
2008-04-21 09:40:00+00:00,ME02,-0.008294650891954147,-0.49384859974891343,1.1980214322752212,-0.3854232911294818,1.4078809294114838,-2.2518266678013354,0.6744907594765952,-0.10264043637505327,0.5467462974545129
2008-04-21 09:50:00+00:00,ME02,-0.005314708873749062,2.0493568207552784,0.8597411074336665,-0.3854232911294818,1.4078809294114838,-2.2518266678013354,0.6744907594765952,-0.10264043637505327,0.5467462974545129
2008-04-21 10:00:00+00:00,ME02,-0.006238041924184758,1.583890487118485,0.9636036161016439,-0.7949475404237634,1.6422111945965747,-2.268741753010339,1.433292851030285,-0.10264043637505327,0.5467462974545129
2008-04-21 10:10:00+00:00,ME02,-0.0065190565109014,0.2436648923641206,0.4285420428178385,-0.7949475404237634,1.6422111945965747,-2.268741753010339,1.433292851030285,-0.10264043637505327,0.5467462974545129
2008-04-21 10:20:00+00:00,ME02,-0.011919403394408045,3.559984754454598,-0.049682231550270115,-0.7949475404237634,1.6422111945965747,-2.268741753010339,1.433292851030285,-0.10264043637505327,0.5467462974545129
2008-04-21 10:30:00+00:00,ME02,-0.02065421362247612,0.48013101702334826,-0.5033062144528849,-0.7949475404237634,1.6422111945965747,-2.268741753010339,1.433292851030285,-0.10264043637505327,0.5467462974545129
2008-04-21 10:40:00+00:00,ME02,-0.024894157397880624,-0.6326792244683774,-1.5736438698849977,-0.7949475404237634,1.6422111945965747,-2.268741753010339,1.433292851030285,-0.10264043637505327,0.5467462974545129
2008-04-21 10:50:00+00:00,ME02,-0.026353892061886774,-0.684180670379563,-1.657320003250438,-0.7949475404237634,1.6422111945965747,-2.268741753010339,1.433292851030285,-0.10264043637505327,0.5467462974545129
2008-04-21 11:00:00+00:00,ME02,-0.0210183996537728,-0.8257677407329392,-1.17896034891601,-1.1322169251004721,1.7802758223633735,-2.2518266678013354,2.4871847077136455,-0.10264043637505327,0.5467462974545129
2008-04-21 11:10:00+00:00,ME02,-0.02497034157074674,-0.42205182112988027,-1.0681793821531667,-1.1322169251004721,1.7802758223633735,-2.2518266678013354,2.4871847077136455,-0.10264043637505327,0.5467462974545129
2008-04-21 11:20:00+00:00,ME02,-0.02455496711651311,-0.24846117570208456,-0.7769784398534613,-1.1322169251004721,1.7802758223633735,-2.2518266678013354,2.4871847077136455,-0.10264043637505327,0.5467462974545129
2008-04-21 11:30:00+00:00,ME02,-0.02265535987932363,0.26303809303571035,-1.1236848152215362,-1.1322169251004721,1.7802758223633735,-2.2518266678013354,2.4871847077136455,-0.10264043637505327,0.5467462974545129
2008-04-21 11:40:00+00:00,ME02,-0.02170362636494287,2.2384478895128104,-1.6111516406133106,-1.1322169251004721,1.7802758223633735,-2.2518266678013354,2.4871847077136455,-0.10264043637505327,0.5467462974545129
2008-04-21 11:50:00+00:00,ME02,-0.02636515069015747,-1.027943823003778,-1.133212183200031,-1.1322169251004721,1.7802758223633735,-2.2518266678013354,2.4871847077136455,-0.10264043637505327,0.5467462974545129
2008-04-21 12:00:00+00:00,ME02,-0.014184925218594503,2.606600733044426,-0.4327209466496323,-0.9395052795357305,1.6422111945965747,-2.4082915755096184,-0.6744907594765952,-0.10264043637505327,0.4190018354324304
2008-04-21 12:10:00+00:00,ME02,-0.015501373840166869,0.9525867543863167,-0.2267518800566063,-0.9395052795357305,1.6422111945965747,-2.4082915755096184,-0.6744907594765952,-0.10264043637505327,0.4190018354324304
2008-04-21 12:20:00+00:00,ME02,-0.01594784763178368,-0.6000559739300976,0.14121670136832118,-0.9395052795357305,1.6422111945965747,-2.4082915755096184,-0.6744907594765952,-0.10264043637505327,0.4190018354324304
2008-04-21 12:30:00+00:00,ME02,-0.016818104771112345,1.2224926342139373,0.09575224852582975,-0.9395052795357305,1.6422111945965747,-2.4082915755096184,-0.6744907594765952,-0.10264043637505327,0.4190018354324304
2008-04-21 12:40:00+00:00,ME02,-0.018956223351934014,1.695129329678745,-0.4276139908681581,-0.9395052795357305,1.6422111945965747,-2.4082915755096184,-0.6744907594765952,-0.10264043637505327,0.4190018354324304
2008-04-21 12:50:00+00:00,ME02,-0.015116734487470989,0.35474796033975614,-0.1342164882028847,-0.9395052795357305,1.6422111945965747,-2.4082915755096184,-0.6744907594765952,-0.10264043637505327,0.4190018354324304
2008-04-21 13:00:00+00:00,ME02,-0.007980367968812789,-0.6055085855420567,0.7778926882739455,-1.6621499454650994,1.7410097258189916,-2.399833885095095,1.2225145208375494,-0.10264043637505327,0.4190018354324304
2008-04-21 13:10:00+00:00,ME02,-0.006674378146209502,0.15783442690615238,1.2037695864414888,-1.6621499454650994,1.7410097258189916,-2.399833885095095,1.2225145208375494,-0.10264043637505327,0.4190018354324304
2008-04-21 13:20:00+00:00,ME02,-0.00960107627891848,-0.4042439023572629,0.6979686864218618,-1.6621499454650994,1.7410097258189916,-2.399833885095095,1.2225145208375494,-0.10264043637505327,0.4190018354324304
2008-04-21 13:30:00+00:00,ME02,-0.015043648525841412,-0.08118968097837374,0.3509497354577553,-1.6621499454650994,1.7410097258189916,-2.399833885095095,1.2225145208375494,-0.10264043637505327,0.4190018354324304
2008-04-21 13:40:00+00:00,ME02,-0.008102303576031087,4.823510348051503,0.34527772951848884,-1.6621499454650994,1.7410097258189916,-2.399833885095095,1.2225145208375494,-0.10264043637505327,0.4190018354324304
2008-04-21 13:50:00+00:00,ME02,-0.010027022261312269,-0.6610356726184616,0.1597692689511164,-1.6621499454650994,1.7410097258189916,-2.399833885095095,1.2225145208375494,-0.10264043637505327,0.4190018354324304
2008-04-21 14:00:00+00:00,ME02,-0.005199888608505715,0.6177502965924745,1.4195655974715227,-2.0716741947593804,1.9411404789931124,-2.4759519163455974,1.4754485170688318,-0.10264043637505327,0.4190018354324304
2008-04-21 14:10:00+00:00,ME02,-0.00902481707028118,-0.7686335273441307,0.674350198953253,-2.0716741947593804,1.9411404789931124,-2.4759519163455974,1.4754485170688318,-0.10264043637505327,0.4190018354324304
2008-04-21 14:20:00+00:00,ME02,-0.013896107952998832,-0.7758694430052459,0.287760239206439,-2.0716741947593804,1.9411404789931124,-2.4759519163455974,1.4754485170688318,-0.10264043637505327,0.4190018354324304
2008-04-21 14:30:00+00:00,ME02,-0.012971652616896643,-0.34339722277831014,0.16784830098378017,-2.0716741947593804,1.9411404789931124,-2.4759519163455974,1.4754485170688318,-0.10264043637505327,0.4190018354324304
2008-04-21 14:40:00+00:00,ME02,-0.015393957307093153,-0.8922448781711575,0.7929853351067003,-2.0716741947593804,1.9411404789931124,-2.4759519163455974,1.4754485170688318,-0.10264043637505327,0.4190018354324304
2008-04-21 14:50:00+00:00,ME02,-0.01314438157517515,-0.5740667800526048,0.0170338413816713,-2.0716741947593804,1.9411404789931124,-2.4759519163455974,1.4754485170688318,-0.10264043637505327,0.4190018354324304
2008-04-21 15:00:00+00:00,ME02,-0.013207561321003989,-0.4340111145950065,0.029954028513815577,-2.0716741947593804,1.8258753488058126,-2.4378929007203465,1.9391609463526915,-0.10264043637505327,0.4190018354324304
2008-04-21 15:10:00+00:00,ME02,-0.012688870709517184,-0.8837726767754086,0.11463627404370919,-2.0716741947593804,1.8258753488058126,-2.4378929007203465,1.9391609463526915,-0.10264043637505327,0.4190018354324304
2008-04-21 15:20:00+00:00,ME02,-0.01307718958058236,-0.9424526536284171,-0.038573736341946774,-2.0716741947593804,1.8258753488058126,-2.4378929007203465,1.9391609463526915,-0.10264043637505327,0.4190018354324304
2008-04-21 15:30:00+00:00,ME02,-0.01483479365834052,-0.5459819108157815,-0.14058303213888695,-2.0716741947593804,1.8258753488058126,-2.4378929007203465,1.9391609463526915,-0.10264043637505327,0.4190018354324304
2008-04-21 15:40:00+00:00,ME02,-0.013543634222786196,-0.43708635127308443,0.22964208567027314,-2.0716741947593804,1.8258753488058126,-2.4378929007203465,1.9391609463526915,-0.10264043637505327,0.4190018354324304
2008-04-21 15:50:00+00:00,ME02,-0.014285466717071557,0.008585011661277267,0.11629947121481132,-2.0716741947593804,1.8258753488058126,-2.4378929007203465,1.9391609463526915,-0.10264043637505327,0.4190018354324304
2008-04-21 16:00:00+00:00,ME02,-0.017430162922192995,-0.7256371394998499,0.17534081516100394,-1.1081159669356737,1.6270111753546146,-2.420977815511377,1.8548496142755977,-0.10264043637505327,0.4190018354324304
2008-04-21 16:10:00+00:00,ME02,-0.014250843357099573,-0.809574875843555,0.22603430933502175,-1.1081159669356737,1.6270111753546146,-2.420977815511377,1.8548496142755977,-0.10264043637505327,0.4190018354324304
2008-04-21 16:20:00+00:00,ME02,-0.005840949702502953,-0.5579513611545454,0.9979215196564076,-1.1081159669356737,1.6270111753546146,-2.420977815511377,1.8548496142755977,-0.10264043637505327,0.4190018354324304
2008-04-21 16:30:00+00:00,ME02,-0.006419244702542823,-0.6806402149994709,1.071863257995672,-1.1081159669356737,1.6270111753546146,-2.420977815511377,1.8548496142755977,-0.10264043637505327,0.4190018354324304
2008-04-21 16:40:00+00:00,ME02,-0.0180353970779611,-0.8968724327598593,0.06213444165138611,-1.1081159669356737,1.6270111753546146,-2.420977815511377,1.8548496142755977,-0.10264043637505327,0.4190018354324304
2008-04-21 16:50:00+00:00,ME02,-0.01824067032970293,0.10481787712692589,-0.05004363614968764,-1.1081159669356737,1.6270111753546146,-2.420977815511377,1.8548496142755977,-0.10264043637505327,0.4190018354324304
2008-04-21 17:00:00+00:00,ME02,-0.018364850258949003,-0.8317600423350907,-0.04442873874555334,-0.9395052795357305,1.0570189543161712,-2.450579436342148,5.73317150698098,-0.10264043637505327,0.4190018354324304
2008-04-21 17:10:00+00:00,ME02,-0.012793512726049868,-0.761518453476942,2.7276212444390118,-0.9395052795357305,1.0570189543161712,-2.450579436342148,5.73317150698098,-0.10264043637505327,0.4190018354324304
2008-04-21 17:20:00+00:00,ME02,-0.01816643625871181,-0.25156430585073586,-0.4060677796799084,-0.9395052795357305,1.0570189543161712,-2.450579436342148,5.73317150698098,-0.10264043637505327,0.4190018354324304
2008-04-21 17:30:00+00:00,ME02,-0.023066847560866573,-0.22073961789941432,-0.6629110155303759,-0.9395052795357305,1.0570189543161712,-2.450579436342148,5.73317150698098,-0.10264043637505327,0.4190018354324304
2008-04-21 17:40:00+00:00,ME02,-0.016672759021941087,-0.5288609286646505,-0.21696819405318254,-0.9395052795357305,1.0570189543161712,-2.450579436342148,5.73317150698098,-0.10264043637505327,0.4190018354324304
2008-04-21 17:50:00+00:00,ME02,-0.01404745358186972,0.6744780005349061,0.7186765602203286,-0.9395052795357305,1.0570189543161712,-2.450579436342148,5.73317150698098,-0.10264043637505327,0.4190018354324304
2008-04-21 18:00:00+00:00,ME02,-0.015569827716463116,-0.3334012296513868,0.2047502108595071,-0.3372693846767074,0.5579591823872324,-2.323715853844593,5.606704508865339,-0.10264043637505327,0.291257373410348
2008-04-21 18:10:00+00:00,ME02,-0.020669684991287848,-0.7678990396077181,0.35936365408105697,-0.3372693846767074,0.5579591823872324,-2.323715853844593,5.606704508865339,-0.10264043637505327,0.291257373410348
2008-04-21 18:20:00+00:00,ME02,-0.016885888008070022,-0.27674087851629087,-0.006297866738022298,-0.3372693846767074,0.5579591823872324,-2.323715853844593,5.606704508865339,-0.10264043637505327,0.291257373410348
2008-04-21 18:30:00+00:00,ME02,-0.016454459250252393,-0.14473819282381326,-0.20374820462385462,-0.3372693846767074,0.5579591823872324,-2.323715853844593,5.606704508865339,-0.10264043637505327,0.291257373410348
2008-04-21 18:40:00+00:00,ME02,-0.016572317188924407,0.2833666007005748,-0.022820171994802047,-0.3372693846767074,0.5579591823872324,-2.323715853844593,5.606704508865339,-0.10264043637505327,0.291257373410348
2008-04-21 18:50:00+00:00,ME02,-0.018956105076017894,-0.017260390216591998,-0.01781926491206075,-0.3372693846767074,0.5579591823872324,-2.323715853844593,5.606704508865339,-0.10264043637505327,0.291257373410348
2008-04-21 19:00:00+00:00,ME02,-0.019689704737978642,-0.676139423099014,-0.16256883020872445,-0.9636062377005289,0.1361650238241343,-2.226453892177809,1.981316612391239,-0.10264043637505327,0.291257373410348
2008-04-21 19:10:00+00:00,ME02,-0.017315731900357494,-0.6062812699294201,-0.10473240733371343,-0.9636062377005289,0.1361650238241343,-2.226453892177809,1.981316612391239,-0.10264043637505327,0.291257373410348
2008-04-21 19:20:00+00:00,ME02,-0.017507876468531504,-1.0185497966587338,-0.011556532569400223,-0.9636062377005289,0.1361650238241343,-2.226453892177809,1.981316612391239,-0.10264043637505327,0.291257373410348
2008-04-21 19:30:00+00:00,ME02,-0.019875520299382454,0.18882127541870683,-0.042515165003960645,-0.9636062377005289,0.1361650238241343,-2.226453892177809,1.981316612391239,-0.10264043637505327,0.291257373410348
2008-04-21 19:40:00+00:00,ME02,-0.01576681494181234,0.47827209022368433,0.1812474778031473,-0.9636062377005289,0.1361650238241343,-2.226453892177809,1.981316612391239,-0.10264043637505327,0.291257373410348
2008-04-21 19:50:00+00:00,ME02,-0.014428066580033582,0.8444155826682302,0.19027964518275295,-0.9636062377005289,0.1361650238241343,-2.226453892177809,1.981316612391239,-0.10264043637505327,0.291257373410348
2008-04-21 20:00:00+00:00,ME02,-0.018160754775448866,-0.3042051330917562,0.127249882361401,-0.6022358948590224,-0.44649379136870226,-2.1207342400965024,-0.6744907594765952,-0.10264043637505327,0.291257373410348
2008-04-21 20:10:00+00:00,ME02,-0.018384320153437043,-0.8123430553481756,0.09301036818829371,-0.6022358948590224,-0.44649379136870226,-2.1207342400965024,-0.6744907594765952,-0.10264043637505327,0.291257373410348
2008-04-21 20:20:00+00:00,ME02,-0.019988957883402787,-0.975447520145614,0.2040039856015167,-0.6022358948590224,-0.44649379136870226,-2.1207342400965024,-0.6744907594765952,-0.10264043637505327,0.291257373410348
2008-04-21 20:30:00+00:00,ME02,-0.017725919610791268,0.10050426843387676,0.1633072636595466,-0.6022358948590224,-0.44649379136870226,-2.1207342400965024,-0.6744907594765952,-0.10264043637505327,0.291257373410348
2008-04-21 20:40:00+00:00,ME02,-0.01304013461737153,-0.22274283189730038,0.4760190960531008,-0.6022358948590224,-0.44649379136870226,-2.1207342400965024,-0.6744907594765952,-0.10264043637505327,0.291257373410348
2008-04-21 20:50:00+00:00,ME02,-0.016089917110465257,0.26898192029110646,0.4777418005090033,-0.6022358948590224,-0.44649379136870226,-2.1207342400965024,-0.6744907594765952,-0.10264043637505327,0.291257373410348
2008-04-21 21:00:00+00:00,ME02,-0.017826429365295,-0.33651827038944776,0.2220263681991892,-0.3854232911294818,-0.6960238101540316,-2.150335860927307,0.7588020915536895,-0.10264043637505327,0.291257373410348
2008-04-21 21:10:00+00:00,ME02,-0.017502157670273674,-0.8167198987394991,0.176780847539679,-0.3854232911294818,-0.6960238101540316,-2.150335860927307,0.7588020915536895,-0.10264043637505327,0.291257373410348
2008-04-21 21:20:00+00:00,ME02,-0.01910932891075892,-0.958611882391055,0.2751049421474458,-0.3854232911294818,-0.6960238101540316,-2.150335860927307,0.7588020915536895,-0.10264043637505327,0.291257373410348
2008-04-21 21:30:00+00:00,ME02,-0.015595093752347682,0.12344592828128412,0.21994339397730905,-0.3854232911294818,-0.6960238101540316,-2.150335860927307,0.7588020915536895,-0.10264043637505327,0.291257373410348
2008-04-21 21:40:00+00:00,ME02,-0.014067730375197722,0.2363122374431234,0.5082268987461016,-0.3854232911294818,-0.6960238101540316,-2.150335860927307,0.7588020915536895,-0.10264043637505327,0.291257373410348
2008-04-21 21:50:00+00:00,ME02,-0.012821737124741309,0.5581064615101033,0.5435966658254913,-0.3854232911294818,-0.6960238101540316,-2.150335860927307,0.7588020915536895,-0.10264043637505327,0.291257373410348
2008-04-21 22:00:00+00:00,ME02,-0.020605509794060787,-0.8774267022450748,0.1816560309626658,-0.40952424929428016,-0.7796225877762091,-2.1841660313452795,-0.04215566603854705,-0.10264043637505327,0.291257373410348
2008-04-21 22:10:00+00:00,ME02,-0.017129141796268284,-0.7288189213306531,0.2879353331519358,-0.40952424929428016,-0.7796225877762091,-2.1841660313452795,-0.04215566603854705,-0.10264043637505327,0.291257373410348
2008-04-21 22:20:00+00:00,ME02,-0.018396759680276913,-0.3009059809504925,0.1888909867324117,-0.40952424929428016,-0.7796225877762091,-2.1841660313452795,-0.04215566603854705,-0.10264043637505327,0.291257373410348
2008-04-21 22:30:00+00:00,ME02,-0.016541900625551158,0.47672617465152045,0.34036838345544024,-0.40952424929428016,-0.7796225877762091,-2.1841660313452795,-0.04215566603854705,-0.10264043637505327,0.291257373410348
2008-04-21 22:40:00+00:00,ME02,-0.014155453874478977,0.19702919551461456,0.6376142621267205,-0.40952424929428016,-0.7796225877762091,-2.1841660313452795,-0.04215566603854705,-0.10264043637505327,0.291257373410348
2008-04-21 22:50:00+00:00,ME02,-0.017377516588614153,0.3898186042102301,0.8310910732591115,-0.40952424929428016,-0.7796225877762091,-2.1841660313452795,-0.04215566603854705,-0.10264043637505327,0.291257373410348
2008-04-21 23:00:00+00:00,ME02,-0.017692934218423023,-0.6394559540156622,0.876126452631013,-0.1927116455647409,-0.23369670968190825,-2.0319299688442753,-0.590179427399501,-0.10264043637505327,0.291257373410348
2008-04-21 23:10:00+00:00,ME02,-0.0178401146904414,-0.7170460686149073,0.6784330950276107,-0.1927116455647409,-0.23369670968190825,-2.0319299688442753,-0.590179427399501,-0.10264043637505327,0.291257373410348
2008-04-21 23:20:00+00:00,ME02,-0.01613155009030164,-0.46898595914467334,0.6728620377287641,-0.1927116455647409,-0.23369670968190825,-2.0319299688442753,-0.590179427399501,-0.10264043637505327,0.291257373410348
2008-04-21 23:30:00+00:00,ME02,-0.015112770694036695,0.014081335684424287,1.0959279538302644,-0.1927116455647409,-0.23369670968190825,-2.0319299688442753,-0.590179427399501,-0.10264043637505327,0.291257373410348
2008-04-21 23:40:00+00:00,ME02,-0.018414230621050832,0.47819295582913135,1.0566152250978402,-0.1927116455647409,-0.23369670968190825,-2.0319299688442753,-0.590179427399501,-0.10264043637505327,0.291257373410348
2008-04-21 23:50:00+00:00,ME02,-0.017062914497692292,0.8142619462505173,1.7794215251730103,-0.1927116455647409,-0.23369670968190825,-2.0319299688442753,-0.590179427399501,-0.10264043637505327,0.291257373410348
2008-04-22 00:00:00+00:00,ME02,-0.017018414439355836,-0.8899879007481275,1.8384367523385416,-0.6022358948590224,-0.5009596415133241,-1.9769555723899443,1.0960475227219078,-0.10264043637505327,0.16351291138826562
2008-04-22 00:10:00+00:00,ME02,-0.021184789144359204,-0.6414529745920099,0.8287167633791388,-0.6022358948590224,-0.5009596415133241,-1.9769555723899443,1.0960475227219078,-0.10264043637505327,0.16351291138826562
2008-04-22 00:20:00+00:00,ME02,-0.0192510414827539,-0.9104871438068138,0.725856335846438,-0.6022358948590224,-0.5009596415133241,-1.9769555723899443,1.0960475227219078,-0.10264043637505327,0.16351291138826562
2008-04-22 00:30:00+00:00,ME02,-0.01966210056539062,-0.25990708506224075,0.44248803599849557,-0.6022358948590224,-0.5009596415133241,-1.9769555723899443,1.0960475227219078,-0.10264043637505327,0.16351291138826562
2008-04-22 00:40:00+00:00,ME02,-0.016951442494505368,-0.16709244254103767,0.3744844258850114,-0.6022358948590224,-0.5009596415133241,-1.9769555723899443,1.0960475227219078,-0.10264043637505327,0.16351291138826562
2008-04-22 00:50:00+00:00,ME02,-0.01762135772991391,0.984428191889898,0.316150705260182,-0.6022358948590224,-0.5009596415133241,-1.9769555723899443,1.0960475227219078,-0.10264043637505327,0.16351291138826562
2008-04-22 01:00:00+00:00,ME02,-0.0183693848670934,-0.7171134302744457,0.5531765347398792,-0.4577261656238769,-0.5465591679557628,-2.0488450540532783,-0.6744907594765952,-0.10264043637505327,0.16351291138826562
2008-04-22 01:10:00+00:00,ME02,-0.020397119038683513,-0.5055601680946357,2.212140191264142,-0.4577261656238769,-0.5465591679557628,-2.0488450540532783,-0.6744907594765952,-0.10264043637505327,0.16351291138826562
2008-04-22 01:20:00+00:00,ME02,-0.01887384938730333,-0.8147858982191626,0.28923805173682215,-0.4577261656238769,-0.5465591679557628,-2.0488450540532783,-0.6744907594765952,-0.10264043637505327,0.16351291138826562
2008-04-22 01:30:00+00:00,ME02,-0.018866461106941235,-0.24351763613773675,0.22260343522545678,-0.4577261656238769,-0.5465591679557628,-2.0488450540532783,-0.6744907594765952,-0.10264043637505327,0.16351291138826562
2008-04-22 01:40:00+00:00,ME02,-0.017037515247909092,-0.20954597232022734,0.2926821623082176,-0.4577261656238769,-0.5465591679557628,-2.0488450540532783,-0.6744907594765952,-0.10264043637505327,0.16351291138826562
2008-04-22 01:50:00+00:00,ME02,-0.014966612712482823,-0.048411882859398445,1.7096267876987348,-0.4577261656238769,-0.5465591679557628,-2.0488450540532783,-0.6744907594765952,-0.10264043637505327,0.16351291138826562
2008-04-22 02:00:00+00:00,ME02,-0.019183392939101672,-0.40043241994310835,4.919293148326487,-0.048201916329595404,-0.513626235667717,-2.023472278429752,-0.6744907594765952,-0.10264043637505327,0.16351291138826562
2008-04-22 02:10:00+00:00,ME02,-0.017234299456604315,-0.8413848975510325,3.1530674849763263,-0.048201916329595404,-0.513626235667717,-2.023472278429752,-0.6744907594765952,-0.10264043637505327,0.16351291138826562
2008-04-22 02:20:00+00:00,ME02,-0.014833976170782612,-0.1455252431526539,4.824435764424077,-0.048201916329595404,-0.513626235667717,-2.023472278429752,-0.6744907594765952,-0.10264043637505327,0.16351291138826562
2008-04-22 02:30:00+00:00,ME02,-0.02039564951140543,-0.19784841591668886,0.8451181881748656,-0.048201916329595404,-0.513626235667717,-2.023472278429752,-0.6744907594765952,-0.10264043637505327,0.16351291138826562
2008-04-22 02:40:00+00:00,ME02,-0.018866811637630276,-0.18503682342710642,1.2268059790592396,-0.048201916329595404,-0.513626235667717,-2.023472278429752,-0.6744907594765952,-0.10264043637505327,0.16351291138826562
2008-04-22 02:50:00+00:00,ME02,-0.017874401282561837,-0.023603227787156844,0.0924094017567905,-0.048201916329595404,-0.513626235667717,-2.023472278429752,-0.6744907594765952,-0.10264043637505327,0.16351291138826562
2008-04-22 03:00:00+00:00,ME02,-0.020856498490856426,-0.9319615462241756,-0.09353614171295595,0.19271164556474224,-0.8746213798298567,-2.074217534056728,-0.6744907594765952,-0.10264043637505327,0.16351291138826562
2008-04-22 03:10:00+00:00,ME02,-0.02013534737005605,-0.7865132227157705,1.684441077788463,0.19271164556474224,-0.8746213798298567,-2.074217534056728,-0.6744907594765952,-0.10264043637505327,0.16351291138826562
2008-04-22 03:20:00+00:00,ME02,-0.0189269521245052,-0.1225745961892475,0.22574992266583843,0.19271164556474224,-0.8746213798298567,-2.074217534056728,-0.6744907594765952,-0.10264043637505327,0.16351291138826562
2008-04-22 03:30:00+00:00,ME02,-0.01712713681689657,0.3154669486846329,0.03861109285482676,0.19271164556474224,-0.8746213798298567,-2.074217534056728,-0.6744907594765952,-0.10264043637505327,0.16351291138826562
2008-04-22 03:40:00+00:00,ME02,-0.012909211987365962,0.5160578492437228,0.3565817870948767,0.19271164556474224,-0.8746213798298567,-2.074217534056728,-0.6744907594765952,-0.10264043637505327,0.16351291138826562
2008-04-22 03:50:00+00:00,ME02,-0.013306387970627732,0.44425729871268643,0.37905488170693097,0.19271164556474224,-0.8746213798298567,-2.074217534056728,-0.6744907594765952,-0.10264043637505327,0.16351291138826562
2008-04-22 04:00:00+00:00,ME02,-0.01668105256142028,-0.6640736244152811,1.5015197925234074,0.16861068739994386,-1.1697506594159048,-2.150335860927307,-0.590179427399501,-0.10264043637505327,0.16351291138826562
2008-04-22 04:10:00+00:00,ME02,-0.015804629989764993,-0.8946317182408556,0.4733330895524045,0.16861068739994386,-1.1697506594159048,-2.150335860927307,-0.590179427399501,-0.10264043637505327,0.16351291138826562
2008-04-22 04:20:00+00:00,ME02,-0.016633717685797356,-0.036505107244573586,0.4088791230636028,0.16861068739994386,-1.1697506594159048,-2.150335860927307,-0.590179427399501,-0.10264043637505327,0.16351291138826562
2008-04-22 04:30:00+00:00,ME02,-0.01585019712721451,0.027080986156747415,0.7204594431296713,0.16861068739994386,-1.1697506594159048,-2.150335860927307,-0.590179427399501,-0.10264043637505327,0.16351291138826562
2008-04-22 04:40:00+00:00,ME02,-0.012851505021317105,-0.009397202982792265,2.062596466398543,0.16861068739994386,-1.1697506594159048,-2.150335860927307,-0.590179427399501,-0.10264043637505327,0.16351291138826562
2008-04-22 04:50:00+00:00,ME02,-0.01445612302348589,0.8026600573625966,0.9114277430774109,0.16861068739994386,-1.1697506594159048,-2.150335860927307,-0.590179427399501,-0.10264043637505327,0.16351291138826562
2008-04-22 05:00:00+00:00,ME02,-0.012225651525912972,-0.6696952722855236,2.6400051873216754,-0.048201916329595404,-0.9569535777291108,-1.900837541139442,-0.6744907594765952,-0.10264043637505327,0.16351291138826562
2008-04-22 05:10:00+00:00,ME02,-0.011020972452024767,-0.8296768121716684,2.88187885241318,-0.048201916329595404,-0.9569535777291108,-1.900837541139442,-0.6744907594765952,-0.10264043637505327,0.16351291138826562
2008-04-22 05:20:00+00:00,ME02,-0.01117975559244415,-0.7656711936782289,1.531020471579984,-0.048201916329595404,-0.9569535777291108,-1.900837541139442,-0.6744907594765952,-0.10264043637505327,0.16351291138826562
2008-04-22 05:30:00+00:00,ME02,-0.009815200058021558,0.21011053204877947,2.026613323698855,-0.048201916329595404,-0.9569535777291108,-1.900837541139442,-0.6744907594765952,-0.10264043637505327,0.16351291138826562
2008-04-22 05:40:00+00:00,ME02,-0.0062601941636517945,0.3945172759358564,1.2398150348453405,-0.048201916329595404,-0.9569535777291108,-1.900837541139442,-0.6744907594765952,-0.10264043637505327,0.16351291138826562
2008-04-22 05:50:00+00:00,ME02,-0.00848694767403762,0.3797530451933259,2.4009730751098806,-0.048201916329595404,-0.9569535777291108,-1.900837541139442,-0.6744907594765952,-0.10264043637505327,0.16351291138826562
2008-04-22 06:00:00+00:00,ME02,-0.014886478931734105,-0.534427534308031,1.3968951713488602,-0.07230287449439378,0.10449867125901187,-1.6724834473879016,0.6744907594765952,-0.10264043637505327,0.14307379746473214
2008-04-22 06:10:00+00:00,ME02,-0.01076975745486163,-0.2984436377932611,-0.052804771366272325,-0.07230287449439378,0.10449867125901187,-1.6724834473879016,0.6744907594765952,-0.10264043637505327,0.14307379746473214
2008-04-22 06:20:00+00:00,ME02,-0.010240433009689026,-0.7145984319611619,-0.4482865063567908,-0.07230287449439378,0.10449867125901187,-1.6724834473879016,0.6744907594765952,-0.10264043637505327,0.14307379746473214
2008-04-22 06:30:00+00:00,ME02,-0.009086741691989442,-0.46871313967335726,-0.5886991067987917,-0.07230287449439378,0.10449867125901187,-1.6724834473879016,0.6744907594765952,-0.10264043637505327,0.14307379746473214
2008-04-22 06:40:00+00:00,ME02,-0.006152895615273366,-0.07630381591346577,-0.06643951990970834,-0.07230287449439378,0.10449867125901187,-1.6724834473879016,0.6744907594765952,-0.10264043637505327,0.14307379746473214
2008-04-22 06:50:00+00:00,ME02,-0.0011373572758394065,0.25131787476678796,1.4831437242044847,-0.07230287449439378,0.10449867125901187,-1.6724834473879016,0.6744907594765952,-0.10264043637505327,0.14307379746473214
2008-04-22 07:00:00+00:00,ME02,0.0008436381969026181,-0.669396716105276,3.3831259659707915,-0.048201916329595404,0.4730935594004114,-1.532933624888622,-0.6323350934380482,-0.10264043637505327,0.14307379746473214
2008-04-22 07:10:00+00:00,ME02,0.004888945615529765,-0.5648470322312701,2.7462695462599354,-0.048201916329595404,0.4730935594004114,-1.532933624888622,-0.6323350934380482,-0.10264043637505327,0.14307379746473214
2008-04-22 07:20:00+00:00,ME02,0.011738462493022071,-0.22826874004168693,5.076996112194278,-0.048201916329595404,0.4730935594004114,-1.532933624888622,-0.6323350934380482,-0.10264043637505327,0.14307379746473214
2008-04-22 07:30:00+00:00,ME02,0.019649044938091487,-0.567969218684694,7.390029899054298,-0.048201916329595404,0.4730935594004114,-1.532933624888622,-0.6323350934380482,-0.10264043637505327,0.14307379746473214
2008-04-22 07:40:00+00:00,ME02,0.02042664164702997,0.10325529649572576,6.785459730123833,-0.048201916329595404,0.4730935594004114,-1.532933624888622,-0.6323350934380482,-0.10264043637505327,0.14307379746473214
2008-04-22 07:50:00+00:00,ME02,0.023595938724135304,2.723491633095726,5.472270734763809,-0.048201916329595404,0.4730935594004114,-1.532933624888622,-0.6323350934380482,-0.10264043637505327,0.14307379746473214
2008-04-22 08:00:00+00:00,ME02,0.021309805141210773,0.04289379223497899,5.303260129713187,0.7708465822589663,0.6744908922974551,-1.4229851276000367,5.14299207958148,-0.10264043637505327,0.14307379746473214
2008-04-22 08:10:00+00:00,ME02,0.02804251151203998,1.7886390755607189,6.0110631784736785,0.7708465822589663,0.6744908922974551,-1.4229851276000367,5.14299207958148,-0.10264043637505327,0.14307379746473214
2008-04-22 08:20:00+00:00,ME02,0.02528804226387373,0.5381885333789883,6.640038374658744,0.7708465822589663,0.6744908922974551,-1.4229851276000367,5.14299207958148,-0.10264043637505327,0.14307379746473214
2008-04-22 08:30:00+00:00,ME02,0.02197461865252013,-0.2505469346891214,9.876208773797702,0.7708465822589663,0.6744908922974551,-1.4229851276000367,5.14299207958148,-0.10264043637505327,0.14307379746473214
2008-04-22 08:40:00+00:00,ME02,0.023383110328700257,-0.3665877564913824,19.97284527587856,0.7708465822589663,0.6744908922974551,-1.4229851276000367,5.14299207958148,-0.10264043637505327,0.14307379746473214
2008-04-22 08:50:00+00:00,ME02,0.02604601941834361,0.8008119106143431,21.479062479402366,0.7708465822589663,0.6744908922974551,-1.4229851276000367,5.14299207958148,-0.10264043637505327,0.14307379746473214
2008-04-22 09:00:00+00:00,ME02,0.0209984022516857,-0.34649527256476575,18.863018870539104,0.3613223329646848,0.8695550609381631,-1.1777159486394932,1.3911371849917376,-0.10264043637505327,0.14307379746473214
2008-04-22 09:10:00+00:00,ME02,0.014717790643018959,0.16440736434546355,7.2526967952920955,0.3613223329646848,0.8695550609381631,-1.1777159486394932,1.3911371849917376,-0.10264043637505327,0.14307379746473214
2008-04-22 09:20:00+00:00,ME02,0.017782432835824875,2.451580344675358,11.503082562242245,0.3613223329646848,0.8695550609381631,-1.1777159486394932,1.3911371849917376,-0.10264043637505327,0.14307379746473214
2008-04-22 09:30:00+00:00,ME02,0.013155097778707278,0.10754463328328993,9.729583992838464,0.3613223329646848,0.8695550609381631,-1.1777159486394932,1.3911371849917376,-0.10264043637505327,0.14307379746473214
2008-04-22 09:40:00+00:00,ME02,0.0070297165527544135,-0.35826766086810785,7.932436883075887,0.3613223329646848,0.8695550609381631,-1.1777159486394932,1.3911371849917376,-0.10264043637505327,0.14307379746473214
2008-04-22 09:50:00+00:00,ME02,-0.0009227751910647982,8.51548528845796,2.7653280995051275,0.3613223329646848,0.8695550609381631,-1.1777159486394932,1.3911371849917376,-0.10264043637505327,0.14307379746473214
2008-04-22 10:00:00+00:00,ME02,-0.008669301226725856,-0.25926111330011775,0.01910444501773586,-0.024100958164797036,0.36162843402360106,-1.1396566373941655,2.1920949425839744,-0.10264043637505327,0.14307379746473214
2008-04-22 10:10:00+00:00,ME02,-0.010945887900250294,0.0459069525104338,-0.8458664279164546,-0.024100958164797036,0.36162843402360106,-1.1396566373941655,2.1920949425839744,-0.10264043637505327,0.14307379746473214
2008-04-22 10:20:00+00:00,ME02,-0.010547590159206467,1.6993149401793135,6.134904391815354,-0.024100958164797036,0.36162843402360106,-1.1396566373941655,2.1920949425839744,-0.10264043637505327,0.14307379746473214
2008-04-22 10:30:00+00:00,ME02,-0.014816117156106477,0.799240324989653,0.6529762743962143,-0.024100958164797036,0.36162843402360106,-1.1396566373941655,2.1920949425839744,-0.10264043637505327,0.14307379746473214
2008-04-22 10:40:00+00:00,ME02,-0.020349758622990155,1.607753951520181,0.43361547594774014,-0.024100958164797036,0.36162843402360106,-1.1396566373941655,2.1920949425839744,-0.10264043637505327,0.14307379746473214
2008-04-22 10:50:00+00:00,ME02,-0.01953379709178884,-0.789051795960628,0.8699331762396785,-0.024100958164797036,0.36162843402360106,-1.1396566373941655,2.1920949425839744,-0.10264043637505327,0.14307379746473214
2008-04-22 11:00:00+00:00,ME02,-0.01600787976075321,-0.49187411841445317,-1.3595414829619838,-0.21681260372953928,0.6605577184201393,-1.1015976217689143,5.353770409774215,-0.10264043637505327,0.14307379746473214
2008-04-22 11:10:00+00:00,ME02,-0.01849172202093926,-0.6553120773114894,-0.5792073760500014,-0.21681260372953928,0.6605577184201393,-1.1015976217689143,5.353770409774215,-0.10264043637505327,0.14307379746473214
2008-04-22 11:20:00+00:00,ME02,-0.020037100995548746,0.8241373211197918,-2.39848195864504,-0.21681260372953928,0.6605577184201393,-1.1015976217689143,5.353770409774215,-0.10264043637505327,0.14307379746473214
2008-04-22 11:30:00+00:00,ME02,-0.023816289856877997,2.0034445882735725,-3.0722878626923666,-0.21681260372953928,0.6605577184201393,-1.1015976217689143,5.353770409774215,-0.10264043637505327,0.14307379746473214
2008-04-22 11:40:00+00:00,ME02,-0.026385064380242896,0.9928011297839036,-3.4090997248167456,-0.21681260372953928,0.6605577184201393,-1.1015976217689143,5.353770409774215,-0.10264043637505327,0.14307379746473214
2008-04-22 11:50:00+00:00,ME02,-0.02695745553512285,0.7054659352607928,-3.489270869690325,-0.21681260372953928,0.6605577184201393,-1.1015976217689143,5.353770409774215,-0.10264043637505327,0.14307379746473214
2008-04-22 12:00:00+00:00,ME02,-0.030281180667467787,2.017824193498126,-3.648614266861014,-0.554081988406248,0.6656243029535522,-0.9451327140606315,1.8548496142755977,-0.10264043637505327,0.1226346835411994
2008-04-22 12:10:00+00:00,ME02,-0.03202137437882872,1.8638395614019496,-3.294497390654175,-0.554081988406248,0.6656243029535522,-0.9451327140606315,1.8548496142755977,-0.10264043637505327,0.1226346835411994
2008-04-22 12:20:00+00:00,ME02,-0.030635446952258002,1.7865173728278148,-1.5671705797276765,-0.554081988406248,0.6656243029535522,-0.9451327140606315,1.8548496142755977,-0.10264043637505327,0.1226346835411994
2008-04-22 12:30:00+00:00,ME02,-0.029266317578586654,0.8206668108153676,-1.8438024428932005,-0.554081988406248,0.6656243029535522,-0.9451327140606315,1.8548496142755977,-0.10264043637505327,0.1226346835411994
2008-04-22 12:40:00+00:00,ME02,-0.03276244038484239,0.09955118507861786,-2.4852570904545366,-0.554081988406248,0.6656243029535522,-0.9451327140606315,1.8548496142755977,-0.10264043637505327,0.1226346835411994
2008-04-22 12:50:00+00:00,ME02,-0.03484140508299248,0.11093736276475047,-3.6662633693275684,-0.554081988406248,0.6656243029535522,-0.9451327140606315,1.8548496142755977,-0.10264043637505327,0.1226346835411994
2008-04-22 13:00:00+00:00,ME02,-0.030077012144647336,1.0620182183873306,-4.468120928597994,-0.7949475404237634,0.20709720729191886,-1.0973690721817126,-0.4215567632453126,-0.10264043637505327,0.1226346835411994
2008-04-22 13:10:00+00:00,ME02,-0.0371941890059166,0.7330038663725831,-3.648950555199639,-0.7949475404237634,0.20709720729191886,-1.0973690721817126,-0.4215567632453126,-0.10264043637505327,0.1226346835411994
2008-04-22 13:20:00+00:00,ME02,-0.038515209184140635,-0.7888112161351359,-4.3864529381095165,-0.7949475404237634,0.20709720729191886,-1.0973690721817126,-0.4215567632453126,-0.10264043637505327,0.1226346835411994
2008-04-22 13:30:00+00:00,ME02,-0.039456117928215934,-0.5282951776852761,-4.234262093413698,-0.7949475404237634,0.20709720729191886,-1.0973690721817126,-0.4215567632453126,-0.10264043637505327,0.1226346835411994
2008-04-22 13:40:00+00:00,ME02,-0.04244813489872113,-0.03307730854999509,-5.575024739313693,-0.7949475404237634,0.20709720729191886,-1.0973690721817126,-0.4215567632453126,-0.10264043637505327,0.1226346835411994
2008-04-22 13:50:00+00:00,ME02,-0.040609155073407725,-1.1340913473698524,-4.846737014837351,-0.7949475404237634,0.20709720729191886,-1.0973690721817126,-0.4215567632453126,-0.10264043637505327,0.1226346835411994
2008-04-22 14:00:00+00:00,ME02,-0.035166260872875325,0.6179138126278498,-3.5182604770219763,-1.3490295288300114,0.49842674770919726,-1.1481143278087222,-0.590179427399501,-0.10264043637505327,0.1226346835411994
2008-04-22 14:10:00+00:00,ME02,-0.03726359713446392,-0.6022440343514147,-2.7837782051050546,-1.3490295288300114,0.49842674770919726,-1.1481143278087222,-0.590179427399501,-0.10264043637505327,0.1226346835411994
2008-04-22 14:20:00+00:00,ME02,-0.0318412008750132,-0.46566274898983884,0.4130993148311344,-1.3490295288300114,0.49842674770919726,-1.1481143278087222,-0.590179427399501,-0.10264043637505327,0.1226346835411994
2008-04-22 14:30:00+00:00,ME02,-0.025798772621412547,4.715665597119339,-0.24291694676077819,-1.3490295288300114,0.49842674770919726,-1.1481143278087222,-0.590179427399501,-0.10264043637505327,0.1226346835411994
2008-04-22 14:40:00+00:00,ME02,-0.014664421135135502,19.88966309903362,0.1929617740374944,-1.3490295288300114,0.49842674770919726,-1.1481143278087222,-0.590179427399501,-0.10264043637505327,0.1226346835411994
2008-04-22 14:50:00+00:00,ME02,-0.018746175054552127,2.3658567690860326,-0.08934489486322789,-1.3490295288300114,0.49842674770919726,-1.1481143278087222,-0.590179427399501,-0.10264043637505327,0.1226346835411994
2008-04-22 15:00:00+00:00,ME02,-0.006809621868097216,0.6871185260802308,1.928854498499878,-0.9876591859885049,0.36162843402360106,-1.1227415521851958,-0.6744907594765952,-0.10264043637505327,0.1226346835411994
2008-04-22 15:10:00+00:00,ME02,-0.004099977533622414,12.083871800494409,1.8440935532842262,-0.9876591859885049,0.36162843402360106,-1.1227415521851958,-0.6744907594765952,-0.10264043637505327,0.1226346835411994
2008-04-22 15:20:00+00:00,ME02,-0.011049048621992115,8.505795044516185,1.282106325337079,-0.9876591859885049,0.36162843402360106,-1.1227415521851958,-0.6744907594765952,-0.10264043637505327,0.1226346835411994
2008-04-22 15:30:00+00:00,ME02,0.004898893134194819,6.854897584483015,1.9623030511532096,-0.9876591859885049,0.36162843402360106,-1.1227415521851958,-0.6744907594765952,-0.10264043637505327,0.1226346835411994
2008-04-22 15:40:00+00:00,ME02,-0.006533107519271274,2.4645186704489315,1.7994358721421984,-0.9876591859885049,0.36162843402360106,-1.1227415521851958,-0.6744907594765952,-0.10264043637505327,0.1226346835411994
2008-04-22 15:50:00+00:00,ME02,-0.004240660140046004,-0.581275532555852,3.5676020469772305,-0.9876591859885049,0.36162843402360106,-1.1227415521851958,-0.6744907594765952,-0.10264043637505327,0.1226346835411994
2008-04-22 16:00:00+00:00,ME02,-0.008206998902292938,-0.9325272050511897,4.207390207762273,-0.7949475404237634,0.11589842004876132,-1.04662352093466,1.6019156180443148,-0.10264043637505327,0.1226346835411994
2008-04-22 16:10:00+00:00,ME02,-0.0010542658961279494,-0.407557664604657,1.5270858106118377,-0.7949475404237634,0.11589842004876132,-1.04662352093466,1.6019156180443148,-0.10264043637505327,0.1226346835411994
2008-04-22 16:20:00+00:00,ME02,-0.004495196658985504,-0.6410562250084203,2.6637930545121926,-0.7949475404237634,0.11589842004876132,-1.04662352093466,1.6019156180443148,-0.10264043637505327,0.1226346835411994
2008-04-22 16:30:00+00:00,ME02,0.0008241239407946302,-0.5425007666619365,3.2854891881027304,-0.7949475404237634,0.11589842004876132,-1.04662352093466,1.6019156180443148,-0.10264043637505327,0.1226346835411994
2008-04-22 16:40:00+00:00,ME02,0.0033238573956821246,-0.5325919435396116,6.02189748274858,-0.7949475404237634,0.11589842004876132,-1.04662352093466,1.6019156180443148,-0.10264043637505327,0.1226346835411994
2008-04-22 16:50:00+00:00,ME02,0.008321998777870607,-0.5348403193454679,9.04244826312907,-0.7949475404237634,0.11589842004876132,-1.04662352093466,1.6019156180443148,-0.10264043637505327,0.1226346835411994
2008-04-22 17:00:00+00:00,ME02,0.008676574592380472,-1.0113560718386416,4.247691013418581,-0.8190484985885617,0.2324303956007052,-0.9113025436426251,-0.25293399623128265,-0.10264043637505327,0.1226346835411994
2008-04-22 17:10:00+00:00,ME02,0.00882033829747835,-0.5070944866874667,1.8325423226344484,-0.8190484985885617,0.2324303956007052,-0.9113025436426251,-0.25293399623128265,-0.10264043637505327,0.1226346835411994
2008-04-22 17:20:00+00:00,ME02,0.006950563129542113,-0.5992666284989275,1.1110917190209006,-0.8190484985885617,0.2324303956007052,-0.9113025436426251,-0.25293399623128265,-0.10264043637505327,0.1226346835411994
2008-04-22 17:30:00+00:00,ME02,0.005619907412354562,-0.24965890589221323,1.5453028954914392,-0.8190484985885617,0.2324303956007052,-0.9113025436426251,-0.25293399623128265,-0.10264043637505327,0.1226346835411994
2008-04-22 17:40:00+00:00,ME02,0.009745891398472924,0.9279748744049444,0.42260053878311443,-0.8190484985885617,0.2324303956007052,-0.9113025436426251,-0.25293399623128265,-0.10264043637505327,0.1226346835411994
2008-04-22 17:50:00+00:00,ME02,0.007810937385705726,-0.1862461865782072,0.7989891026873772,-0.8190484985885617,0.2324303956007052,-0.9113025436426251,-0.25293399623128265,-0.10264043637505327,0.1226346835411994
2008-04-22 18:00:00+00:00,ME02,0.007213360827807932,-0.12548121988300387,0.6954212424603652,-0.6022358948590224,-0.2298967048714182,-0.8478707523938477,-0.6744907594765952,-0.10264043637505327,0.10219556961766592
2008-04-22 18:10:00+00:00,ME02,0.0013267040244913444,-0.30825290518336057,1.545134508095387,-0.6022358948590224,-0.2298967048714182,-0.8478707523938477,-0.6744907594765952,-0.10264043637505327,0.10219556961766592
2008-04-22 18:20:00+00:00,ME02,0.0026475202919101345,-0.6674240141927701,0.4910829951799743,-0.6022358948590224,-0.2298967048714182,-0.8478707523938477,-0.6744907594765952,-0.10264043637505327,0.10219556961766592
2008-04-22 18:30:00+00:00,ME02,0.00807138426276504,0.19702356951158428,2.2724349063332623,-0.6022358948590224,-0.2298967048714182,-0.8478707523938477,-0.6744907594765952,-0.10264043637505327,0.10219556961766592
2008-04-22 18:40:00+00:00,ME02,0.001335835898289353,0.18689139665996016,1.5307448591242823,-0.6022358948590224,-0.2298967048714182,-0.8478707523938477,-0.6744907594765952,-0.10264043637505327,0.10219556961766592
2008-04-22 18:50:00+00:00,ME02,0.0018750505483811474,0.10327383986247637,0.5204030129789456,-0.6022358948590224,-0.2298967048714182,-0.8478707523938477,-0.6744907594765952,-0.10264043637505327,0.10219556961766592
2008-04-22 19:00:00+00:00,ME02,0.0018114011857084862,-0.734504391935272,0.9984292898100485,-0.6263368530238195,-0.506026226046737,-0.6533468290603137,-0.6744907594765952,-0.10264043637505327,0.10219556961766592
2008-04-22 19:10:00+00:00,ME02,-0.0011384256829509902,-0.6041197742523436,0.14218416556701988,-0.6263368530238195,-0.506026226046737,-0.6533468290603137,-0.6744907594765952,-0.10264043637505327,0.10219556961766592
2008-04-22 19:20:00+00:00,ME02,-0.002851631358385579,-0.12379303243460296,1.0443269840729328,-0.6263368530238195,-0.506026226046737,-0.6533468290603137,-0.6744907594765952,-0.10264043637505327,0.10219556961766592
2008-04-22 19:30:00+00:00,ME02,-0.0012542564057280681,-0.13156387478682116,0.4692216907559748,-0.6263368530238195,-0.506026226046737,-0.6533468290603137,-0.6744907594765952,-0.10264043637505327,0.10219556961766592
2008-04-22 19:40:00+00:00,ME02,-0.0009436810768963169,0.002377952928200086,0.42388137545935173,-0.6263368530238195,-0.506026226046737,-0.6533468290603137,-0.6744907594765952,-0.10264043637505327,0.10219556961766592
2008-04-22 19:50:00+00:00,ME02,-0.003424537084958735,0.5845344432116253,0.17329596502075098,-0.6263368530238195,-0.506026226046737,-0.6533468290603137,-0.6744907594765952,-0.10264043637505327,0.10219556961766592
2008-04-22 20:00:00+00:00,ME02,-0.0024388816700464913,-0.9547812993626471,1.3845320096864906,-0.6263368530238195,-0.05129913519559362,-0.49688192135203085,0.7166464255151423,-0.10264043637505327,0.10219556961766592
2008-04-22 20:10:00+00:00,ME02,-0.0026050933318194675,-0.6352454209935043,0.3833564188298001,-0.6263368530238195,-0.05129913519559362,-0.49688192135203085,0.7166464255151423,-0.10264043637505327,0.10219556961766592
2008-04-22 20:20:00+00:00,ME02,-0.004315315722977434,-0.5421294703894541,1.8559388080870276,-0.6263368530238195,-0.05129913519559362,-0.49688192135203085,0.7166464255151423,-0.10264043637505327,0.10219556961766592
2008-04-22 20:30:00+00:00,ME02,-0.006014477960270996,0.11670619175062191,2.817983390947638,-0.6263368530238195,-0.05129913519559362,-0.49688192135203085,0.7166464255151423,-0.10264043637505327,0.10219556961766592
2008-04-22 20:40:00+00:00,ME02,0.00042707535998203334,1.1133180074244018,1.0385979777809455,-0.6263368530238195,-0.05129913519559362,-0.49688192135203085,0.7166464255151423,-0.10264043637505327,0.10219556961766592
2008-04-22 20:50:00+00:00,ME02,-0.005608737904074963,0.8260740271255708,1.811100611679847,-0.6263368530238195,-0.05129913519559362,-0.49688192135203085,0.7166464255151423,-0.10264043637505327,0.10219556961766592
2008-04-22 21:00:00+00:00,ME02,-0.003995564902933564,-0.6892226525078925,1.5792804754226593,-0.07230287449439378,-0.7213567328210977,-0.5011107665592756,0.2529339962312827,-0.10264043637505327,0.10219556961766592
2008-04-22 21:10:00+00:00,ME02,-0.00845042837234095,-0.2143318475245182,1.5510463927981735,-0.07230287449439378,-0.7213567328210977,-0.5011107665592756,0.2529339962312827,-0.10264043637505327,0.10219556961766592
2008-04-22 21:20:00+00:00,ME02,-0.0030410453324184452,-0.3254173538430272,1.3486839476356711,-0.07230287449439378,-0.7213567328210977,-0.5011107665592756,0.2529339962312827,-0.10264043637505327,0.10219556961766592
2008-04-22 21:30:00+00:00,ME02,-0.00519362452254462,-0.016899024471268266,0.9635814074786104,-0.07230287449439378,-0.7213567328210977,-0.5011107665592756,0.2529339962312827,-0.10264043637505327,0.10219556961766592
2008-04-22 21:40:00+00:00,ME02,-0.004104257383362585,0.13123548956237022,0.6110387110158089,-0.07230287449439378,-0.7213567328210977,-0.5011107665592756,0.2529339962312827,-0.10264043637505327,0.10219556961766592
2008-04-22 21:50:00+00:00,ME02,-0.0037581589576744486,-0.004269449793804168,1.0260106147948762,-0.07230287449439378,-0.7213567328210977,-0.5011107665592756,0.2529339962312827,-0.10264043637505327,0.10219556961766592
2008-04-22 22:00:00+00:00,ME02,-0.004903021313524749,-0.7100908479058728,0.6454215337590171,-0.048201916329595404,-0.8416884475418109,-0.4080773544796935,-0.2107783301927355,-0.10264043637505327,0.10219556961766592
2008-04-22 22:10:00+00:00,ME02,-0.00444845438562174,-0.6798343136077551,0.6447179333704813,-0.048201916329595404,-0.8416884475418109,-0.4080773544796935,-0.2107783301927355,-0.10264043637505327,0.10219556961766592
2008-04-22 22:20:00+00:00,ME02,-0.007426561737649838,-0.7018843483933676,0.47081798968394134,-0.048201916329595404,-0.8416884475418109,-0.4080773544796935,-0.2107783301927355,-0.10264043637505327,0.10219556961766592
2008-04-22 22:30:00+00:00,ME02,-0.0030398115211644192,-0.012934870795834087,0.4233045042584575,-0.048201916329595404,-0.8416884475418109,-0.4080773544796935,-0.2107783301927355,-0.10264043637505327,0.10219556961766592
2008-04-22 22:40:00+00:00,ME02,-0.001923153133239128,0.0312721446156221,1.4178313275154284,-0.048201916329595404,-0.8416884475418109,-0.4080773544796935,-0.2107783301927355,-0.10264043637505327,0.10219556961766592
2008-04-22 22:50:00+00:00,ME02,-0.0035441373638344684,-0.14576560281751122,0.9100184535982616,-0.048201916329595404,-0.8416884475418109,-0.4080773544796935,-0.2107783301927355,-0.10264043637505327,0.10219556961766592
2008-04-22 23:00:00+00:00,ME02,-0.0061729165461346025,-0.11720261253097272,0.3214940604563842,0.3131684265119104,-1.0696852828288441,-0.4249924396886967,-0.6744907594765952,-0.10264043637505327,0.10219556961766592
2008-04-22 23:10:00+00:00,ME02,-0.009953212283158699,-0.880204918478712,0.2979343353757018,0.3131684265119104,-1.0696852828288441,-0.4249924396886967,-0.6744907594765952,-0.10264043637505327,0.10219556961766592
2008-04-22 23:20:00+00:00,ME02,-0.00755376917078892,-0.7061079125431717,0.6616584732469667,0.3131684265119104,-1.0696852828288441,-0.4249924396886967,-0.6744907594765952,-0.10264043637505327,0.10219556961766592
2008-04-22 23:30:00+00:00,ME02,-0.006142424878741247,-0.2284204863323588,0.5977292390858745,0.3131684265119104,-1.0696852828288441,-0.4249924396886967,-0.6744907594765952,-0.10264043637505327,0.10219556961766592
2008-04-22 23:40:00+00:00,ME02,-0.0014996886205588939,0.014439953467186682,1.1820291680588502,0.3131684265119104,-1.0696852828288441,-0.4249924396886967,-0.6744907594765952,-0.10264043637505327,0.10219556961766592
2008-04-22 23:50:00+00:00,ME02,-0.0061045832558798835,0.6851073196280435,1.185318517549782,0.3131684265119104,-1.0696852828288441,-0.4249924396886967,-0.6744907594765952,-0.10264043637505327,0.10219556961766592
2008-04-23 00:00:00+00:00,ME02,-0.008780962873702088,-0.6791089350640018,0.5287532885342755,1.9271164556474143,-1.0899516209624969,-0.43767897531049815,-0.6323350934380482,-0.10264043637505327,0.08175645569413317
2008-04-23 00:10:00+00:00,ME02,-0.004893039193366152,-0.6226251880770086,0.8355784195854646,1.9271164556474143,-1.0899516209624969,-0.43767897531049815,-0.6323350934380482,-0.10264043637505327,0.08175645569413317
2008-04-23 00:20:00+00:00,ME02,-0.00808755261620243,-0.7074286972391433,0.6658679823070173,1.9271164556474143,-1.0899516209624969,-0.43767897531049815,-0.6323350934380482,-0.10264043637505327,0.08175645569413317
2008-04-23 00:30:00+00:00,ME02,-0.005591865314058434,-0.06579211964263147,0.8336332569162128,1.9271164556474143,-1.0899516209624969,-0.43767897531049815,-0.6323350934380482,-0.10264043637505327,0.08175645569413317
2008-04-23 00:40:00+00:00,ME02,-0.0035994328708760614,-0.31524904314771357,1.132819858671528,1.9271164556474143,-1.0899516209624969,-0.43767897531049815,-0.6323350934380482,-0.10264043637505327,0.08175645569413317
2008-04-23 00:50:00+00:00,ME02,-0.005195359596014121,0.44495995480441575,1.2182150088812316,1.9271164556474143,-1.0899516209624969,-0.43767897531049815,-0.6323350934380482,-0.10264043637505327,0.08175645569413317
2008-04-23 01:00:00+00:00,ME02,-0.00248840293882329,-0.7703835920380292,3.009607542462725,1.710303851917875,-1.2470162727817458,-0.6026012778132611,-0.6744907594765952,-0.10264043637505327,0.08175645569413317
2008-04-23 01:10:00+00:00,ME02,-0.0007213713006198333,-0.23787803843969466,3.275492348620067,1.710303851917875,-1.2470162727817458,-0.6026012778132611,-0.6744907594765952,-0.10264043637505327,0.08175645569413317
2008-04-23 01:20:00+00:00,ME02,-0.005720588564669634,-0.613472898546628,1.0423702663170653,1.710303851917875,-1.2470162727817458,-0.6026012778132611,-0.6744907594765952,-0.10264043637505327,0.08175645569413317
2008-04-23 01:30:00+00:00,ME02,-0.006640411330343554,1.1830858869181726,0.7350914487397782,1.710303851917875,-1.2470162727817458,-0.6026012778132611,-0.6744907594765952,-0.10264043637505327,0.08175645569413317
2008-04-23 01:40:00+00:00,ME02,-0.0018502014120648843,0.5620506054550279,1.3396548972702331,1.710303851917875,-1.2470162727817458,-0.6026012778132611,-0.6744907594765952,-0.10264043637505327,0.08175645569413317
2008-04-23 01:50:00+00:00,ME02,-0.0014391144917023202,0.32506942103903486,1.2081877723048358,1.710303851917875,-1.2470162727817458,-0.6026012778132611,-0.6744907594765952,-0.10264043637505327,0.08175645569413317
2008-04-23 02:00:00+00:00,ME02,-0.005747696244400871,-0.6397814991719204,0.7738434889386661,2.1198281012121565,-1.2698160360029653,-0.5856861926042579,-0.6744907594765952,-0.10264043637505327,0.08175645569413317
2008-04-23 02:10:00+00:00,ME02,-0.0053479679520026125,-0.7798017789164827,0.7998027717797822,2.1198281012121565,-1.2698160360029653,-0.5856861926042579,-0.6744907594765952,-0.10264043637505327,0.08175645569413317
2008-04-23 02:20:00+00:00,ME02,-0.0032441781563239476,-0.18709119822729736,0.9283388171539042,2.1198281012121565,-1.2698160360029653,-0.5856861926042579,-0.6744907594765952,-0.10264043637505327,0.08175645569413317
2008-04-23 02:30:00+00:00,ME02,0.0007803276129874656,0.033659429546192686,3.495603366237999,2.1198281012121565,-1.2698160360029653,-0.5856861926042579,-0.6744907594765952,-0.10264043637505327,0.08175645569413317
2008-04-23 02:40:00+00:00,ME02,0.0003603502025454759,0.12663558413335674,1.667955248991237,2.1198281012121565,-1.2698160360029653,-0.5856861926042579,-0.6744907594765952,-0.10264043637505327,0.08175645569413317
2008-04-23 02:50:00+00:00,ME02,0.0034537365371652678,0.4130905677992054,1.697210056862625,2.1198281012121565,-1.2698160360029653,-0.5856861926042579,-0.6744907594765952,-0.10264043637505327,0.08175645569413317
2008-04-23 03:00:00+00:00,ME02,-0.0014812401666213816,-0.8569849931240251,0.9528826457441757,2.0957751529241806,-1.363547982691969,-0.5941438830187811,-0.6744907594765952,-0.10264043637505327,0.08175645569413317
2008-04-23 03:10:00+00:00,ME02,-0.00040385144445486364,-0.7477676195227487,1.0021358322858287,2.0957751529241806,-1.363547982691969,-0.5941438830187811,-0.6744907594765952,-0.10264043637505327,0.08175645569413317
2008-04-23 03:20:00+00:00,ME02,0.0032594185187759476,-0.633716796488814,1.1381086606101165,2.0957751529241806,-1.363547982691969,-0.5941438830187811,-0.6744907594765952,-0.10264043637505327,0.08175645569413317
2008-04-23 03:30:00+00:00,ME02,0.0015143240588494683,0.22836541191061657,1.0988530755159887,2.0957751529241806,-1.363547982691969,-0.5941438830187811,-0.6744907594765952,-0.10264043637505327,0.08175645569413317
2008-04-23 03:40:00+00:00,ME02,0.004213109257831586,0.20441815694578383,1.534231743897473,2.0957751529241806,-1.363547982691969,-0.5941438830187811,-0.6744907594765952,-0.10264043637505327,0.08175645569413317
2008-04-23 03:50:00+00:00,ME02,0.00490578750122945,1.136634056186108,1.5653579442918706,2.0957751529241806,-1.363547982691969,-0.5941438830187811,-0.6744907594765952,-0.10264043637505327,0.08175645569413317
2008-04-23 04:00:00+00:00,ME02,0.0015730389068657174,-0.7429022583418422,1.1581290135192166,2.0957751529241806,-1.4218138376470808,-0.534940936977282,-0.6323350934380482,-0.10264043637505327,0.08175645569413317
2008-04-23 04:10:00+00:00,ME02,-0.0001424038598790752,-0.4916492987771306,1.0471597283213336,2.0957751529241806,-1.4218138376470808,-0.534940936977282,-0.6323350934380482,-0.10264043637505327,0.08175645569413317
2008-04-23 04:20:00+00:00,ME02,0.0009242476801787721,-0.8199721347267284,1.198929254064945,2.0957751529241806,-1.4218138376470808,-0.534940936977282,-0.6323350934380482,-0.10264043637505327,0.08175645569413317
2008-04-23 04:30:00+00:00,ME02,-0.0008989067534589312,0.40623211341054377,1.4339358106975708,2.0957751529241806,-1.4218138376470808,-0.534940936977282,-0.6323350934380482,-0.10264043637505327,0.08175645569413317
2008-04-23 04:40:00+00:00,ME02,0.004171481975528076,0.8412086727452289,2.136861442080749,2.0957751529241806,-1.4218138376470808,-0.534940936977282,-0.6323350934380482,-0.10264043637505327,0.08175645569413317
2008-04-23 04:50:00+00:00,ME02,0.0005314962769863728,0.3108223304365501,1.9109279263960544,2.0957751529241806,-1.4218138376470808,-0.534940936977282,-0.6323350934380482,-0.10264043637505327,0.08175645569413317
2008-04-23 05:00:00+00:00,ME02,0.0008176326763717295,-0.7671482523932329,1.5326224753894435,1.9030635073594384,-1.0316857660073855,-0.340417013643748,-0.5058680953224068,-0.10264043637505327,0.08175645569413317
2008-04-23 05:10:00+00:00,ME02,-0.001909550798952732,-0.6868615915636295,2.0260865315401673,1.9030635073594384,-1.0316857660073855,-0.340417013643748,-0.5058680953224068,-0.10264043637505327,0.08175645569413317
2008-04-23 05:20:00+00:00,ME02,-0.0011050488334663428,-0.7456454615237236,1.9114161591362047,1.9030635073594384,-1.0316857660073855,-0.340417013643748,-0.5058680953224068,-0.10264043637505327,0.08175645569413317
2008-04-23 05:30:00+00:00,ME02,-0.002426241843588363,0.10097748358674197,0.7557133801693829,1.9030635073594384,-1.0316857660073855,-0.340417013643748,-0.5058680953224068,-0.10264043637505327,0.08175645569413317
2008-04-23 05:40:00+00:00,ME02,-0.003463850632902253,1.070168442203869,1.7892043018617256,1.9030635073594384,-1.0316857660073855,-0.340417013643748,-0.5058680953224068,-0.10264043637505327,0.08175645569413317
2008-04-23 05:50:00+00:00,ME02,-0.0020996336270237797,1.026212386548852,0.9209947779800146,1.9030635073594384,-1.0316857660073855,-0.340417013643748,-0.5058680953224068,-0.10264043637505327,0.08175645569413317
2008-04-23 06:00:00+00:00,ME02,-0.009742790310829726,-0.9599095961161749,0.04562950622828444,1.710303851917875,-0.05129913519559362,-0.04440228343615186,-0.5058680953224068,-0.10264043637505327,0.0613173417705997
2008-04-23 06:10:00+00:00,ME02,-0.011426042343174975,-0.42371681895763946,-0.10273852919701182,1.710303851917875,-0.05129913519559362,-0.04440228343615186,-0.5058680953224068,-0.10264043637505327,0.0613173417705997
2008-04-23 06:20:00+00:00,ME02,-0.006813187299988802,-0.4758463251333648,0.3841690089283999,1.710303851917875,-0.05129913519559362,-0.04440228343615186,-0.5058680953224068,-0.10264043637505327,0.0613173417705997
2008-04-23 06:30:00+00:00,ME02,0.0017290299049957294,-0.3257623789826833,1.4512327032631553,1.710303851917875,-0.05129913519559362,-0.04440228343615186,-0.5058680953224068,-0.10264043637505327,0.0613173417705997
2008-04-23 06:40:00+00:00,ME02,-0.0007694328804635093,0.41552162054662417,2.6152325579580062,1.710303851917875,-0.05129913519559362,-0.04440228343615186,-0.5058680953224068,-0.10264043637505327,0.0613173417705997
2008-04-23 06:50:00+00:00,ME02,-0.0010418276378288437,4.268810625820096,2.768744551568525,1.710303851917875,-0.05129913519559362,-0.04440228343615186,-0.5058680953224068,-0.10264043637505327,0.0613173417705997
2008-04-23 07:00:00+00:00,ME02,-0.004442950776199939,4.401737035056202,1.821562448290395,2.457097485888864,0.06396599499170628,0.2177822763534379,1.8970052803141446,-0.10264043637505327,0.0613173417705997
2008-04-23 07:10:00+00:00,ME02,-0.0014928583451670706,4.108128938061718,2.599118505085327,2.457097485888864,0.06396599499170628,0.2177822763534379,1.8970052803141446,-0.10264043637505327,0.0613173417705997
2008-04-23 07:20:00+00:00,ME02,0.0033991387574452804,7.990139298763492,2.44176331978494,2.457097485888864,0.06396599499170628,0.2177822763534379,1.8970052803141446,-0.10264043637505327,0.0613173417705997
2008-04-23 07:30:00+00:00,ME02,0.008068525442249687,-0.08055085468730333,3.309199375248647,2.457097485888864,0.06396599499170628,0.2177822763534379,1.8970052803141446,-0.10264043637505327,0.0613173417705997
2008-04-23 07:40:00+00:00,ME02,0.020911517424621273,0.3612037757692646,4.69180597115082,2.457097485888864,0.06396599499170628,0.2177822763534379,1.8970052803141446,-0.10264043637505327,0.0613173417705997
2008-04-23 07:50:00+00:00,ME02,0.02194907550204778,21.353078764439232,4.162001803327064,2.457097485888864,0.06396599499170628,0.2177822763534379,1.8970052803141446,-0.10264043637505327,0.0613173417705997
2008-04-23 08:00:00+00:00,ME02,0.018090664486033095,-0.13635695591393476,4.223487027348014,1.710303851917875,0.4895601583652944,0.4334501301032534,-0.08431133207709418,-0.10264043637505327,0.0613173417705997
2008-04-23 08:10:00+00:00,ME02,0.0200473704212858,1.778903313152631,4.935309224253455,1.710303851917875,0.4895601583652944,0.4334501301032534,-0.08431133207709418,-0.10264043637505327,0.0613173417705997
2008-04-23 08:20:00+00:00,ME02,0.021320717800737674,2.987070590417527,4.217269381595319,1.710303851917875,0.4895601583652944,0.4334501301032534,-0.08431133207709418,-0.10264043637505327,0.0613173417705997
2008-04-23 08:30:00+00:00,ME02,0.019265060731651233,0.8089416556179552,4.00309954155072,1.710303851917875,0.4895601583652944,0.4334501301032534,-0.08431133207709418,-0.10264043637505327,0.0613173417705997
2008-04-23 08:40:00+00:00,ME02,0.012905500891133717,3.4561494138619766,2.343478614093657,1.710303851917875,0.4895601583652944,0.4334501301032534,-0.08431133207709418,-0.10264043637505327,0.0613173417705997
2008-04-23 08:50:00+00:00,ME02,1.4283669922236112e-05,0.12010423833557834,2.400886258303326,1.710303851917875,0.4895601583652944,0.4334501301032534,-0.08431133207709418,-0.10264043637505327,0.0613173417705997
2008-04-23 09:00:00+00:00,ME02,0.0037989852254569434,-0.4032178275178507,2.5262738054588074,1.300827612500416,0.4832267284672371,0.4884245265575844,0.6744907594765952,-0.10264043637505327,0.0613173417705997
2008-04-23 09:10:00+00:00,ME02,0.0037477236130781825,-0.09989125728327158,1.927005999153805,1.300827612500416,0.4832267284672371,0.4884245265575844,0.6744907594765952,-0.10264043637505327,0.0613173417705997
2008-04-23 09:20:00+00:00,ME02,0.003862575150825679,3.0293047510574955,1.6145735656569125,1.300827612500416,0.4832267284672371,0.4884245265575844,0.6744907594765952,-0.10264043637505327,0.0613173417705997
2008-04-23 09:30:00+00:00,ME02,-0.003873637753463237,-0.17593886377921103,1.0991286420533375,1.300827612500416,0.4832267284672371,0.4884245265575844,0.6744907594765952,-0.10264043637505327,0.0613173417705997
2008-04-23 09:40:00+00:00,ME02,-0.00716188094419035,4.136089901998154,0.34701893847099957,1.300827612500416,0.4832267284672371,0.4884245265575844,0.6744907594765952,-0.10264043637505327,0.0613173417705997
2008-04-23 09:50:00+00:00,ME02,-0.015059311704399603,1.0603046307293171,-0.5114890455832569,1.300827612500416,0.4832267284672371,0.4884245265575844,0.6744907594765952,-0.10264043637505327,0.0613173417705997
2008-04-23 10:00:00+00:00,ME02,-0.014741099621009203,-0.07390799346391694,-0.38892002232331396,0.7467456240941679,0.6985572352415984,0.5941438830188146,3.245986799267335,-0.10264043637505327,0.0613173417705997
2008-04-23 10:10:00+00:00,ME02,-0.013287070000338417,0.2371346177038655,-0.03378425733781498,0.7467456240941679,0.6985572352415984,0.5941438830188146,3.245986799267335,-0.10264043637505327,0.0613173417705997
2008-04-23 10:20:00+00:00,ME02,-0.009937005152984683,1.6946385475752233,-0.5886113626161397,0.7467456240941679,0.6985572352415984,0.5941438830188146,3.245986799267335,-0.10264043637505327,0.0613173417705997
2008-04-23 10:30:00+00:00,ME02,-0.009606807908982686,2.833758996440419,0.05468794980056498,0.7467456240941679,0.6985572352415984,0.5941438830188146,3.245986799267335,-0.10264043637505327,0.0613173417705997
2008-04-23 10:40:00+00:00,ME02,-0.014004740424200753,0.11101051652448223,-0.0751211217363207,0.7467456240941679,0.6985572352415984,0.5941438830188146,3.245986799267335,-0.10264043637505327,0.0613173417705997
2008-04-23 10:50:00+00:00,ME02,-0.008445454045674849,1.4616813785058216,0.24527239603407885,0.7467456240941679,0.6985572352415984,0.5941438830188146,3.245986799267335,-0.10264043637505327,0.0613173417705997
2008-04-23 11:00:00+00:00,ME02,-0.0033725269011155856,1.3212009993268063,0.9921163364327418,-0.265014520059136,0.3426286756128716,0.5772287978098114,1.981316612391239,-0.10264043637505327,0.0613173417705997
2008-04-23 11:10:00+00:00,ME02,-0.002364645789284649,0.9672165055350427,1.052621335019684,-0.265014520059136,0.3426286756128716,0.5772287978098114,1.981316612391239,-0.10264043637505327,0.0613173417705997
2008-04-23 11:20:00+00:00,ME02,0.0006974962693363383,0.2866838154008855,2.2871880660797523,-0.265014520059136,0.3426286756128716,0.5772287978098114,1.981316612391239,-0.10264043637505327,0.0613173417705997
2008-04-23 11:30:00+00:00,ME02,0.0005269216015674592,1.323636467771066,2.31115367461887,-0.265014520059136,0.3426286756128716,0.5772287978098114,1.981316612391239,-0.10264043637505327,0.0613173417705997
2008-04-23 11:40:00+00:00,ME02,-0.00014180063441713477,1.072836874878208,3.3499827130793696,-0.265014520059136,0.3426286756128716,0.5772287978098114,1.981316612391239,-0.10264043637505327,0.0613173417705997
2008-04-23 11:50:00+00:00,ME02,0.0002160810500099735,1.4726493362099977,1.4467989191117525,-0.265014520059136,0.3426286756128716,0.5772287978098114,1.981316612391239,-0.10264043637505327,0.0613173417705997
2008-04-23 12:00:00+00:00,ME02,0.002999221262162872,0.27667251021094,2.0011041521006048,0.38542329112948315,0.5896255349523548,0.5772287978098114,3.203831133228788,-0.10264043637505327,0.040878227847066226
2008-04-23 12:10:00+00:00,ME02,0.004491077891655459,1.1364358866513167,1.9871105889302805,0.38542329112948315,0.5896255349523548,0.5772287978098114,3.203831133228788,-0.10264043637505327,0.040878227847066226
2008-04-23 12:20:00+00:00,ME02,0.0026350226215872694,0.3599388586704744,2.1996898814472203,0.38542329112948315,0.5896255349523548,0.5772287978098114,3.203831133228788,-0.10264043637505327,0.040878227847066226
2008-04-23 12:30:00+00:00,ME02,-0.0025783566535345437,0.7003115328643352,1.1877831713984548,0.38542329112948315,0.5896255349523548,0.5772287978098114,3.203831133228788,-0.10264043637505327,0.040878227847066226
2008-04-23 12:40:00+00:00,ME02,-0.00724717787561218,1.913207701655527,0.6615520054408426,0.38542329112948315,0.5896255349523548,0.5772287978098114,3.203831133228788,-0.10264043637505327,0.040878227847066226
2008-04-23 12:50:00+00:00,ME02,-0.0020444802038206387,5.057204940151567,0.25060945331433565,0.38542329112948315,0.5896255349523548,0.5772287978098114,3.203831133228788,-0.10264043637505327,0.040878227847066226
2008-04-23 13:00:00+00:00,ME02,-7.2116073192539435e-06,1.0343631826362594,1.0808976657489875,0.3613223329646848,0.27802965640142363,0.47996683614302765,-0.25293399623128265,-0.10264043637505327,0.040878227847066226
2008-04-23 13:10:00+00:00,ME02,-0.00858524740498776,0.983804814313566,0.6778019696006513,0.3613223329646848,0.27802965640142363,0.47996683614302765,-0.25293399623128265,-0.10264043637505327,0.040878227847066226
2008-04-23 13:20:00+00:00,ME02,-0.008434399623539606,0.055057071781754376,0.2636964879601383,0.3613223329646848,0.27802965640142363,0.47996683614302765,-0.25293399623128265,-0.10264043637505327,0.040878227847066226
2008-04-23 13:30:00+00:00,ME02,-0.010155068566786097,0.5380138129949603,0.5053764797576448,0.3613223329646848,0.27802965640142363,0.47996683614302765,-0.25293399623128265,-0.10264043637505327,0.040878227847066226
2008-04-23 13:40:00+00:00,ME02,-0.010818061699182849,0.2575046750622819,0.5210886819706191,0.3613223329646848,0.27802965640142363,0.47996683614302765,-0.25293399623128265,-0.10264043637505327,0.040878227847066226
2008-04-23 13:50:00+00:00,ME02,-0.006412716521608937,-0.24792576232097882,0.013725242538735184,0.3613223329646848,0.27802965640142363,0.47996683614302765,-0.25293399623128265,-0.10264043637505327,0.040878227847066226
2008-04-23 14:00:00+00:00,ME02,-0.0056178336534337394,2.0047942768582465,0.5357613715520835,0.2408655520175166,0.3489621055109284,0.5180258517683124,0.2529339962312827,-0.10264043637505327,0.040878227847066226
2008-04-23 14:10:00+00:00,ME02,-0.004084328180794447,0.5111183768302683,1.434357807133848,0.2408655520175166,0.3489621055109284,0.5180258517683124,0.2529339962312827,-0.10264043637505327,0.040878227847066226
2008-04-23 14:20:00+00:00,ME02,-0.004658482337794783,2.001489005835213,1.7326112529760844,0.2408655520175166,0.3489621055109284,0.5180258517683124,0.2529339962312827,-0.10264043637505327,0.040878227847066226
2008-04-23 14:30:00+00:00,ME02,-0.0045351670904483455,1.236128200628878,3.4517254925607346,0.2408655520175166,0.3489621055109284,0.5180258517683124,0.2529339962312827,-0.10264043637505327,0.040878227847066226
2008-04-23 14:40:00+00:00,ME02,-0.006898780381651907,1.0532704073957901,1.2666119368741897,0.2408655520175166,0.3489621055109284,0.5180258517683124,0.2529339962312827,-0.10264043637505327,0.040878227847066226
2008-04-23 14:50:00+00:00,ME02,-0.008756758863944432,-0.10774582352533196,0.7732138564435593,0.2408655520175166,0.3489621055109284,0.5180258517683124,0.2529339962312827,-0.10264043637505327,0.040878227847066226
2008-04-23 15:00:00+00:00,ME02,-0.00609905079414317,-0.85865748467854,0.3187515003501653,0.16861068739994386,0.3388289364441017,0.5011107665593092,2.3185620435594574,-0.10264043637505327,0.040878227847066226
2008-04-23 15:10:00+00:00,ME02,-0.003066508148070609,-0.20728031620625328,1.0255708590549424,0.16861068739994386,0.3388289364441017,0.5011107665593092,2.3185620435594574,-0.10264043637505327,0.040878227847066226
2008-04-23 15:20:00+00:00,ME02,0.0012003322429454683,7.189772751455315,1.2910156962185382,0.16861068739994386,0.3388289364441017,0.5011107665593092,2.3185620435594574,-0.10264043637505327,0.040878227847066226
2008-04-23 15:30:00+00:00,ME02,-0.005102335712314107,-0.5843302253499454,1.515739718457508,0.16861068739994386,0.3388289364441017,0.5011107665593092,2.3185620435594574,-0.10264043637505327,0.040878227847066226
2008-04-23 15:40:00+00:00,ME02,-0.009405825737252377,-0.6924722436997924,0.21644976276865033,0.16861068739994386,0.3388289364441017,0.5011107665593092,2.3185620435594574,-0.10264043637505327,0.040878227847066226
2008-04-23 15:50:00+00:00,ME02,-0.007437024628914627,-0.9088266989689174,0.1957010136542776,0.16861068739994386,0.3388289364441017,0.5011107665593092,2.3185620435594574,-0.10264043637505327,0.040878227847066226
2008-04-23 16:00:00+00:00,ME02,-0.008146983395531196,-0.5504319676047211,0.6250694597480737,0.0,0.4908267380882172,0.5603137126008083,-0.6744907594765952,-0.10264043637505327,0.040878227847066226
2008-04-23 16:10:00+00:00,ME02,-0.010810612712882813,-0.9092804452840177,0.4034096368877599,0.0,0.4908267380882172,0.5603137126008083,-0.6744907594765952,-0.10264043637505327,0.040878227847066226
2008-04-23 16:20:00+00:00,ME02,-0.010601393775338351,-0.5828163857879424,0.38909068672882496,0.0,0.4908267380882172,0.5603137126008083,-0.6744907594765952,-0.10264043637505327,0.040878227847066226
2008-04-23 16:30:00+00:00,ME02,-0.009865748387995858,-0.7947032491933769,0.24262365738121128,0.0,0.4908267380882172,0.5603137126008083,-0.6744907594765952,-0.10264043637505327,0.040878227847066226
2008-04-23 16:40:00+00:00,ME02,-0.011414374574410836,0.011191466282252009,0.013426063397699101,0.0,0.4908267380882172,0.5603137126008083,-0.6744907594765952,-0.10264043637505327,0.040878227847066226
2008-04-23 16:50:00+00:00,ME02,-0.013619762132209877,-0.4840459500347494,0.04790025774916023,0.0,0.4908267380882172,0.5603137126008083,-0.6744907594765952,-0.10264043637505327,0.040878227847066226
2008-04-23 17:00:00+00:00,ME02,-0.012742184784368761,-0.380158106155152,0.33698198789680817,0.16861068739994386,0.15263135714729706,0.6152878134350626,-0.6744907594765952,-0.10264043637505327,0.040878227847066226
2008-04-23 17:10:00+00:00,ME02,-0.01287543812514064,-0.7354264851516691,0.002195219244719997,0.16861068739994386,0.15263135714729706,0.6152878134350626,-0.6744907594765952,-0.10264043637505327,0.040878227847066226
2008-04-23 17:20:00+00:00,ME02,-0.011925070347250556,-0.6541370287499507,-0.05428352653899746,0.16861068739994386,0.15263135714729706,0.6152878134350626,-0.6744907594765952,-0.10264043637505327,0.040878227847066226
2008-04-23 17:30:00+00:00,ME02,-0.0116468658273015,0.5972190024371612,-0.16857913529100224,0.16861068739994386,0.15263135714729706,0.6152878134350626,-0.6744907594765952,-0.10264043637505327,0.040878227847066226
2008-04-23 17:40:00+00:00,ME02,-0.013022261721309613,-0.10393597707445391,-0.14885531456002718,0.16861068739994386,0.15263135714729706,0.6152878134350626,-0.6744907594765952,-0.10264043637505327,0.040878227847066226
2008-04-23 17:50:00+00:00,ME02,-0.007871916147705552,-0.015879478228257818,0.4750964243335201,0.16861068739994386,0.15263135714729706,0.6152878134350626,-0.6744907594765952,-0.10264043637505327,0.040878227847066226
2008-04-23 18:00:00+00:00,ME02,-0.008418996978550771,-0.6444594278046132,0.03426626769427275,0.5781349366942254,-0.5465591679557628,0.5222546969755572,-0.25293399623128265,-0.10264043637505327,0.020439113923533474
2008-04-23 18:10:00+00:00,ME02,-0.010990069883084768,-0.6627976077616156,0.010858361996976682,0.5781349366942254,-0.5465591679557628,0.5222546969755572,-0.25293399623128265,-0.10264043637505327,0.020439113923533474
2008-04-23 18:20:00+00:00,ME02,-0.010165914127177988,-0.7702182533295334,2.235692745744036,0.5781349366942254,-0.5465591679557628,0.5222546969755572,-0.25293399623128265,-0.10264043637505327,0.020439113923533474
2008-04-23 18:30:00+00:00,ME02,-0.011144050469492718,0.05809898806184191,-0.08641918372170844,0.5781349366942254,-0.5465591679557628,0.5222546969755572,-0.25293399623128265,-0.10264043637505327,0.020439113923533474
2008-04-23 18:40:00+00:00,ME02,-0.009518304489573973,0.23959003923441718,0.06325120317288792,0.5781349366942254,-0.5465591679557628,0.5222546969755572,-0.25293399623128265,-0.10264043637505327,0.020439113923533474
2008-04-23 18:50:00+00:00,ME02,-0.0103142721627043,-0.36008835383674426,0.05715877368330796,0.5781349366942254,-0.5465591679557628,0.5222546969755572,-0.25293399623128265,-0.10264043637505327,0.020439113923533474
2008-04-23 19:00:00+00:00,ME02,-0.01087741630450661,-0.47568942288262034,0.2674331016507516,0.5781349366942254,-0.9126208966513157,0.6914058446855648,-0.6744907594765952,-0.10264043637505327,0.020439113923533474
2008-04-23 19:10:00+00:00,ME02,-0.012480107187357896,-0.9239033330120809,-0.02277566972710916,0.5781349366942254,-0.9126208966513157,0.6914058446855648,-0.6744907594765952,-0.10264043637505327,0.020439113923533474
2008-04-23 19:20:00+00:00,ME02,-0.012302080823066075,-0.5280641129739697,0.10657592063160817,0.5781349366942254,-0.9126208966513157,0.6914058446855648,-0.6744907594765952,-0.10264043637505327,0.020439113923533474
2008-04-23 19:30:00+00:00,ME02,-0.014811032647875389,0.013998998946354865,0.016832834734896846,0.5781349366942254,-0.9126208966513157,0.6914058446855648,-0.6744907594765952,-0.10264043637505327,0.020439113923533474
2008-04-23 19:40:00+00:00,ME02,-0.013342034504275499,0.45212090729646004,-0.005071109638806445,0.5781349366942254,-0.9126208966513157,0.6914058446855648,-0.6744907594765952,-0.10264043637505327,0.020439113923533474
2008-04-23 19:50:00+00:00,ME02,-0.01156981468896791,-0.07596116632230758,0.009959082335079097,0.5781349366942254,-0.9126208966513157,0.6914058446855648,-0.6744907594765952,-0.10264043637505327,0.020439113923533474
2008-04-23 20:00:00+00:00,ME02,-0.009299282882594328,-0.6067621239616402,-0.15561781221030138,0.7226446659293696,-0.9392203990413046,0.936675319266185,-0.6744907594765952,-0.10264043637505327,0.020439113923533474
2008-04-23 20:10:00+00:00,ME02,-0.011796617838370625,-0.5251501040831978,0.1096224300016885,0.7226446659293696,-0.9392203990413046,0.936675319266185,-0.6744907594765952,-0.10264043637505327,0.020439113923533474
2008-04-23 20:20:00+00:00,ME02,-0.013441685884449737,-0.5725941047160691,0.024211167077429093,0.7226446659293696,-0.9392203990413046,0.936675319266185,-0.6744907594765952,-0.10264043637505327,0.020439113923533474
2008-04-23 20:30:00+00:00,ME02,-0.01263217447796013,-0.3716940122719257,-0.1705369300843345,0.7226446659293696,-0.9392203990413046,0.936675319266185,-0.6744907594765952,-0.10264043637505327,0.020439113923533474
2008-04-23 20:40:00+00:00,ME02,-0.012984590013166333,0.13413931492209605,-0.014451359369035507,0.7226446659293696,-0.9392203990413046,0.936675319266185,-0.6744907594765952,-0.10264043637505327,0.020439113923533474
2008-04-23 20:50:00+00:00,ME02,-0.012974400996511178,0.1379170962531642,-0.08844191840243051,0.7226446659293696,-0.9392203990413046,0.936675319266185,-0.6744907594765952,-0.10264043637505327,0.020439113923533474
2008-04-23 21:00:00+00:00,ME02,-0.015292020481653977,-0.6852674550481944,-0.1894719199582136,0.9153563114941105,-1.0190194374947128,1.0297084357256905,-0.6744907594765952,-0.10264043637505327,0.020439113923533474
2008-04-23 21:10:00+00:00,ME02,-0.011310142568782528,-0.5803603446194042,-0.10909677963375877,0.9153563114941105,-1.0190194374947128,1.0297084357256905,-0.6744907594765952,-0.10264043637505327,0.020439113923533474
2008-04-23 21:20:00+00:00,ME02,-0.010313381532084743,-0.7557776292270915,-0.07755896123325338,0.9153563114941105,-1.0190194374947128,1.0297084357256905,-0.6744907594765952,-0.10264043637505327,0.020439113923533474
2008-04-23 21:30:00+00:00,ME02,-0.014340007976896128,0.09864060780187273,-0.09701199836885381,0.9153563114941105,-1.0190194374947128,1.0297084357256905,-0.6744907594765952,-0.10264043637505327,0.020439113923533474
2008-04-23 21:40:00+00:00,ME02,-0.014412952333645658,0.11677280009402313,0.30482157781578956,0.9153563114941105,-1.0190194374947128,1.0297084357256905,-0.6744907594765952,-0.10264043637505327,0.020439113923533474
2008-04-23 21:50:00+00:00,ME02,-0.01065277222049751,0.227377786420092,0.266022099799365,0.9153563114941105,-1.0190194374947128,1.0297084357256905,-0.6744907594765952,-0.10264043637505327,0.020439113923533474
2008-04-23 22:00:00+00:00,ME02,-0.012977785741047592,-0.7177350484616563,0.11406792210498018,1.108115966935675,-1.1938170023600472,1.0423949713474918,-0.6744907594765952,-0.10264043637505327,0.020439113923533474
2008-04-23 22:10:00+00:00,ME02,-0.01434985691696582,-1.047667738797024,0.10952964538518381,1.108115966935675,-1.1938170023600472,1.0423949713474918,-0.6744907594765952,-0.10264043637505327,0.020439113923533474
2008-04-23 22:20:00+00:00,ME02,-0.01152874922412856,-0.6353587250153457,0.18456116396433894,1.108115966935675,-1.1938170023600472,1.0423949713474918,-0.6744907594765952,-0.10264043637505327,0.020439113923533474
2008-04-23 22:30:00+00:00,ME02,-0.011324260480366088,-0.2591713894491994,0.26256640995923347,1.108115966935675,-1.1938170023600472,1.0423949713474918,-0.6744907594765952,-0.10264043637505327,0.020439113923533474
2008-04-23 22:40:00+00:00,ME02,-0.010267488376091517,-0.017876729429641438,0.6034758177498325,1.108115966935675,-1.1938170023600472,1.0423949713474918,-0.6744907594765952,-0.10264043637505327,0.020439113923533474
2008-04-23 22:50:00+00:00,ME02,-0.009162073512890681,0.13605160238012814,0.6928358107903986,1.108115966935675,-1.1938170023600472,1.0423949713474918,-0.6744907594765952,-0.10264043637505327,0.020439113923533474
2008-04-23 23:00:00+00:00,ME02,-0.01094902954855351,-0.7709862634392097,0.3604232110797959,1.300827612500416,-1.179883828482731,1.0931402269744679,-0.6744907594765952,-0.10264043637505327,0.020439113923533474
2008-04-23 23:10:00+00:00,ME02,-0.008804390996847478,-0.6743665134675904,0.43527327682761136,1.300827612500416,-1.179883828482731,1.0931402269744679,-0.6744907594765952,-0.10264043637505327,0.020439113923533474
2008-04-23 23:20:00+00:00,ME02,-0.011074150721115733,-0.8536091684696757,0.5151694516787748,1.300827612500416,-1.179883828482731,1.0931402269744679,-0.6744907594765952,-0.10264043637505327,0.020439113923533474
2008-04-23 23:30:00+00:00,ME02,-0.011276493842673237,-0.188804111902419,0.5641440757355627,1.300827612500416,-1.179883828482731,1.0931402269744679,-0.6744907594765952,-0.10264043637505327,0.020439113923533474
2008-04-23 23:40:00+00:00,ME02,-0.009089075952433714,-0.07542129012449869,1.0397886126282079,1.300827612500416,-1.179883828482731,1.0931402269744679,-0.6744907594765952,-0.10264043637505327,0.020439113923533474
2008-04-23 23:50:00+00:00,ME02,-0.007919617752971574,0.26470501584110184,1.048095267319598,1.300827612500416,-1.179883828482731,1.0931402269744679,-0.6744907594765952,-0.10264043637505327,0.020439113923533474
2008-04-24 00:00:00+00:00,ME02,-0.009836397088478225,-0.39304976674482,0.7027989536634575,1.710303851917875,-1.1912835772724806,0.8986163036409339,-0.6323350934380482,-0.10264043637505327,0.0
2008-04-24 00:10:00+00:00,ME02,-0.01320584161918888,-0.5826424447829534,0.6877680976349042,1.710303851917875,-1.1912835772724806,0.8986163036409339,-0.6323350934380482,-0.10264043637505327,0.0
2008-04-24 00:20:00+00:00,ME02,-0.009028680802836095,-0.18774365774715893,0.7770962130056936,1.710303851917875,-1.1912835772724806,0.8986163036409339,-0.6323350934380482,-0.10264043637505327,0.0
2008-04-24 00:30:00+00:00,ME02,-0.011656340875428625,-0.12775080988921544,0.7810081484026273,1.710303851917875,-1.1912835772724806,0.8986163036409339,-0.6323350934380482,-0.10264043637505327,0.0
2008-04-24 00:40:00+00:00,ME02,-0.0068565095736107225,-0.09984226025783818,1.3319862560223503,1.710303851917875,-1.1912835772724806,0.8986163036409339,-0.6323350934380482,-0.10264043637505327,0.0
2008-04-24 00:50:00+00:00,ME02,-0.006451404156986098,0.6754812670892106,1.31601737703587,1.710303851917875,-1.1912835772724806,0.8986163036409339,-0.6323350934380482,-0.10264043637505327,0.0
2008-04-24 01:00:00+00:00,ME02,-0.011373508099466889,-0.8675080029553636,0.9768714781143385,1.5175922063531342,-1.1684840796929816,0.8563284428084044,1.6019156180443148,-0.10264043637505327,0.0
2008-04-24 01:10:00+00:00,ME02,-0.009385693711905405,-0.3008066410150192,0.8761108522316717,1.5175922063531342,-1.1684840796929816,0.8563284428084044,1.6019156180443148,-0.10264043637505327,0.0
2008-04-24 01:20:00+00:00,ME02,-0.010849998903154662,-0.7708236842851207,0.9576858036312462,1.5175922063531342,-1.1684840796929816,0.8563284428084044,1.6019156180443148,-0.10264043637505327,0.0
2008-04-24 01:30:00+00:00,ME02,-0.009639443465820744,-0.18000879840859826,1.064053024748473,1.5175922063531342,-1.1684840796929816,0.8563284428084044,1.6019156180443148,-0.10264043637505327,0.0
2008-04-24 01:40:00+00:00,ME02,-0.00751044808455236,-0.05315932541301543,1.4979974020590698,1.5175922063531342,-1.1684840796929816,0.8563284428084044,1.6019156180443148,-0.10264043637505327,0.0
2008-04-24 01:50:00+00:00,ME02,-0.005819218920709925,0.9900987819188478,1.5428214428984424,1.5175922063531342,-1.1684840796929816,0.8563284428084044,1.6019156180443148,-0.10264043637505327,0.0
2008-04-24 02:00:00+00:00,ME02,-0.010554071573307119,-0.7900300009315857,1.0693822201552912,1.710303851917875,-1.2064835965144407,0.7886681019724252,-0.6744907594765952,-0.10264043637505327,0.0
2008-04-24 02:10:00+00:00,ME02,-0.009161663787981156,-0.7851939983468706,1.0185578797612553,1.710303851917875,-1.2064835965144407,0.7886681019724252,-0.6744907594765952,-0.10264043637505327,0.0
2008-04-24 02:20:00+00:00,ME02,-0.012401712908068312,-0.3261741761295837,1.0636318449105953,1.710303851917875,-1.2064835965144407,0.7886681019724252,-0.6744907594765952,-0.10264043637505327,0.0
2008-04-24 02:30:00+00:00,ME02,-0.008125799688911596,0.2057405644845769,1.0746622931263168,1.710303851917875,-1.2064835965144407,0.7886681019724252,-0.6744907594765952,-0.10264043637505327,0.0
2008-04-24 02:40:00+00:00,ME02,-0.005781456740822204,0.6479709916086205,1.6739693305853867,1.710303851917875,-1.2064835965144407,0.7886681019724252,-0.6744907594765952,-0.10264043637505327,0.0
2008-04-24 02:50:00+00:00,ME02,-0.007154814541851817,-0.16955963414854933,1.659032764029095,1.710303851917875,-1.2064835965144407,0.7886681019724252,-0.6744907594765952,-0.10264043637505327,0.0
2008-04-24 03:00:00+00:00,ME02,-0.01071973534693291,-0.6277665111774353,1.169939258351162,1.6862509036298992,-1.4623467795561067,0.7252363107236478,-0.6744907594765952,-0.10264043637505327,0.0
2008-04-24 03:10:00+00:00,ME02,-0.010064020988637921,-0.9002828687504044,1.1152550161483878,1.6862509036298992,-1.4623467795561067,0.7252363107236478,-0.6744907594765952,-0.10264043637505327,0.0
2008-04-24 03:20:00+00:00,ME02,-0.01157610615719161,-0.8528704951783534,1.1629605149299447,1.6862509036298992,-1.4623467795561067,0.7252363107236478,-0.6744907594765952,-0.10264043637505327,0.0
2008-04-24 03:30:00+00:00,ME02,-0.011565392815838321,0.3474084947740163,1.1258189185842395,1.6862509036298992,-1.4623467795561067,0.7252363107236478,-0.6744907594765952,-0.10264043637505327,0.0
2008-04-24 03:40:00+00:00,ME02,-0.005292890501932191,0.09015943615076624,1.6431529682803776,1.6862509036298992,-1.4623467795561067,0.7252363107236478,-0.6744907594765952,-0.10264043637505327,0.0
2008-04-24 03:50:00+00:00,ME02,-0.009950021511445702,0.7927038029820564,1.7776764576094537,1.6862509036298992,-1.4623467795561067,0.7252363107236478,-0.6744907594765952,-0.10264043637505327,0.0
2008-04-24 04:00:00+00:00,ME02,-0.008852937338991116,-0.8334799137689526,1.3353938226017152,1.8548615910298416,-1.5142792046131617,0.7252363107236478,-0.6744907594765952,-0.10264043637505327,0.0
2008-04-24 04:10:00+00:00,ME02,-0.01053620317957951,-0.677608100414991,1.293335480894068,1.8548615910298416,-1.5142792046131617,0.7252363107236478,-0.6744907594765952,-0.10264043637505327,0.0
2008-04-24 04:20:00+00:00,ME02,-0.007369857650797833,-0.2503890349868019,1.579373621840971,1.8548615910298416,-1.5142792046131617,0.7252363107236478,-0.6744907594765952,-0.10264043637505327,0.0
2008-04-24 04:30:00+00:00,ME02,-0.008165747583978176,0.346897421379349,1.3974187133534883,1.8548615910298416,-1.5142792046131617,0.7252363107236478,-0.6744907594765952,-0.10264043637505327,0.0
2008-04-24 04:40:00+00:00,ME02,-0.00692803979181128,0.7027472818235662,1.7429738988065573,1.8548615910298416,-1.5142792046131617,0.7252363107236478,-0.6744907594765952,-0.10264043637505327,0.0
2008-04-24 04:50:00+00:00,ME02,-0.006787661261030835,0.7889220313189456,1.6422640730798956,1.8548615910298416,-1.5142792046131617,0.7252363107236478,-0.6744907594765952,-0.10264043637505327,0.0
2008-04-24 05:00:00+00:00,ME02,-0.008332693476478798,-0.7095348505469532,1.2040171861733977,1.4935392580651583,-1.131751142594446,0.8394133575994012,-0.6744907594765952,-0.10264043637505327,0.0
2008-04-24 05:10:00+00:00,ME02,-0.009426346479610343,-0.9858948761836371,1.2604931322573778,1.4935392580651583,-1.131751142594446,0.8394133575994012,-0.6744907594765952,-0.10264043637505327,0.0
2008-04-24 05:20:00+00:00,ME02,-0.01323320954717782,-0.009270284169953137,0.8495699170460408,1.4935392580651583,-1.131751142594446,0.8394133575994012,-0.6744907594765952,-0.10264043637505327,0.0
2008-04-24 05:30:00+00:00,ME02,-0.017468794383736483,0.143116432117955,0.5286565642258726,1.4935392580651583,-1.131751142594446,0.8394133575994012,-0.6744907594765952,-0.10264043637505327,0.0
2008-04-24 05:40:00+00:00,ME02,-0.015285771547570765,0.3863161405155479,0.584611455285461,1.4935392580651583,-1.131751142594446,0.8394133575994012,-0.6744907594765952,-0.10264043637505327,0.0
2008-04-24 05:50:00+00:00,ME02,-0.019902633582522453,0.7678420006449316,0.07503994053762802,1.4935392580651583,-1.131751142594446,0.8394133575994012,-0.6744907594765952,-0.10264043637505327,0.0
2008-04-24 06:00:00+00:00,ME02,-0.025851712035018782,-0.7394380735573578,-0.5550790665065622,1.6621499454651008,0.42622771887676925,1.1523431730160005,-0.6744907594765952,-0.10264043637505327,0.020439113923533474
2008-04-24 06:10:00+00:00,ME02,-0.025492124608686696,-0.400757877085309,-0.647737467455916,1.6621499454651008,0.42622771887676925,1.1523431730160005,-0.6744907594765952,-0.10264043637505327,0.020439113923533474
2008-04-24 06:20:00+00:00,ME02,-0.024902165107276795,-0.7955602847580485,-0.703197449636201,1.6621499454651008,0.42622771887676925,1.1523431730160005,-0.6744907594765952,-0.10264043637505327,0.020439113923533474
2008-04-24 06:30:00+00:00,ME02,-0.027234549771635988,-0.12884655163202885,-0.7842753097226937,1.6621499454651008,0.42622771887676925,1.1523431730160005,-0.6744907594765952,-0.10264043637505327,0.020439113923533474
2008-04-24 06:40:00+00:00,ME02,-0.024245675708367737,0.14097961373624465,-0.43223336399710455,1.6621499454651008,0.42622771887676925,1.1523431730160005,-0.6744907594765952,-0.10264043637505327,0.020439113923533474
2008-04-24 06:50:00+00:00,ME02,-0.019705572732313388,-0.08993663680433565,0.09223938588330187,1.6621499454651008,0.42622771887676925,1.1523431730160005,-0.6744907594765952,-0.10264043637505327,0.020439113923533474
2008-04-24 07:00:00+00:00,ME02,-0.017645280750964547,-0.7012167049376996,0.541382705359114,1.6380489873003024,0.3046291587914125,1.274977910306277,-0.5480237613609539,-0.10264043637505327,0.020439113923533474
2008-04-24 07:10:00+00:00,ME02,-0.013165157384083113,-0.9153081742971452,0.8996838411560149,1.6380489873003024,0.3046291587914125,1.274977910306277,-0.5480237613609539,-0.10264043637505327,0.020439113923533474
2008-04-24 07:20:00+00:00,ME02,-0.013066071158691203,-0.7393094383649174,1.2733530777566686,1.6380489873003024,0.3046291587914125,1.274977910306277,-0.5480237613609539,-0.10264043637505327,0.020439113923533474
2008-04-24 07:30:00+00:00,ME02,-0.005411117278159197,-0.44862943298930336,2.1655662837747243,1.6380489873003024,0.3046291587914125,1.274977910306277,-0.5480237613609539,-0.10264043637505327,0.020439113923533474
2008-04-24 07:40:00+00:00,ME02,-9.441936338379912e-05,-0.4829745071963247,2.5544764105713385,1.6380489873003024,0.3046291587914125,1.274977910306277,-0.5480237613609539,-0.10264043637505327,0.020439113923533474
2008-04-24 07:50:00+00:00,ME02,-0.005561425184730749,4.019547918965169,1.6810268606252146,1.6380489873003024,0.3046291587914125,1.274977910306277,-0.5480237613609539,-0.10264043637505327,0.020439113923533474
2008-04-24 08:00:00+00:00,ME02,0.010564930733559056,1.5142118006418437,2.99341735454441,1.0599140506060782,0.7846894379513422,1.4652732840526428,-0.12646699811564133,-0.10264043637505327,0.020439113923533474
2008-04-24 08:10:00+00:00,ME02,0.0024798568553325,1.719674191883655,2.9122503151826864,1.0599140506060782,0.7846894379513422,1.4652732840526428,-0.12646699811564133,-0.10264043637505327,0.020439113923533474
2008-04-24 08:20:00+00:00,ME02,0.0017837963182167438,0.8746201750769086,2.6264110452208853,1.0599140506060782,0.7846894379513422,1.4652732840526428,-0.12646699811564133,-0.10264043637505327,0.020439113923533474
2008-04-24 08:30:00+00:00,ME02,-0.0015519433013331126,-0.46025142648072515,3.00039425132229,1.0599140506060782,0.7846894379513422,1.4652732840526428,-0.12646699811564133,-0.10264043637505327,0.020439113923533474
2008-04-24 08:40:00+00:00,ME02,0.0008983712670579049,-0.5897108760047078,2.3334849134606004,1.0599140506060782,0.7846894379513422,1.4652732840526428,-0.12646699811564133,-0.10264043637505327,0.020439113923533474
2008-04-24 08:50:00+00:00,ME02,9.336901109625503e-05,0.20694522542815844,2.800241174837437,1.0599140506060782,0.7846894379513422,1.4652732840526428,-0.12646699811564133,-0.10264043637505327,0.020439113923533474
2008-04-24 09:00:00+00:00,ME02,0.0030695167300104015,0.884804246273589,3.4915600167807734,1.0840150087708766,0.5047599119655338,1.4652732840526428,1.3068258529146437,-0.10264043637505327,0.020439113923533474
2008-04-24 09:10:00+00:00,ME02,0.012218942368946497,3.0970927020351926,3.4768165854662136,1.0840150087708766,0.5047599119655338,1.4652732840526428,1.3068258529146437,-0.10264043637505327,0.020439113923533474
2008-04-24 09:20:00+00:00,ME02,0.004375568093844063,0.35804271862645526,3.4582486122558564,1.0840150087708766,0.5047599119655338,1.4652732840526428,1.3068258529146437,-0.10264043637505327,0.020439113923533474
2008-04-24 09:30:00+00:00,ME02,0.0019104106347734152,1.603630062527462,2.71762323935015,1.0840150087708766,0.5047599119655338,1.4652732840526428,1.3068258529146437,-0.10264043637505327,0.020439113923533474
2008-04-24 09:40:00+00:00,ME02,-0.00824979652670588,0.28008341085773364,1.6777085272550034,1.0840150087708766,0.5047599119655338,1.4652732840526428,1.3068258529146437,-0.10264043637505327,0.020439113923533474
2008-04-24 09:50:00+00:00,ME02,-0.00900395303264672,2.4722333413827338,1.0698568905437222,1.0840150087708766,0.5047599119655338,1.4652732840526428,1.3068258529146437,-0.10264043637505327,0.020439113923533474
2008-04-24 10:00:00+00:00,ME02,-0.008417604373413337,0.4428317797378741,1.4291534021376737,0.7226446659293696,0.8594216262296167,1.6005942613446777,0.7588020915536895,-0.10264043637505327,0.020439113923533474
2008-04-24 10:10:00+00:00,ME02,-0.009249196587834962,0.7321348217897794,1.2654751509195488,0.7226446659293696,0.8594216262296167,1.6005942613446777,0.7588020915536895,-0.10264043637505327,0.020439113923533474
2008-04-24 10:20:00+00:00,ME02,-0.010988697166718143,1.4536239688461634,1.0820255740231146,0.7226446659293696,0.8594216262296167,1.6005942613446777,0.7588020915536895,-0.10264043637505327,0.020439113923533474
2008-04-24 10:30:00+00:00,ME02,-0.010514302038634026,0.5552744665547715,0.7348989471344632,0.7226446659293696,0.8594216262296167,1.6005942613446777,0.7588020915536895,-0.10264043637505327,0.020439113923533474
2008-04-24 10:40:00+00:00,ME02,-0.01562775986594111,2.412866673783741,0.3962270281508871,0.7226446659293696,0.8594216262296167,1.6005942613446777,0.7588020915536895,-0.10264043637505327,0.020439113923533474
2008-04-24 10:50:00+00:00,ME02,-0.013879375454654164,2.002517099823577,0.5094314621628871,0.7226446659293696,0.8594216262296167,1.6005942613446777,0.7588020915536895,-0.10264043637505327,0.020439113923533474
2008-04-24 11:00:00+00:00,ME02,-0.00817629663328923,-0.3127691366402001,1.4269508245358353,0.16861068739994386,0.8492884571627901,1.4906457640560926,2.866585804920411,-0.10264043637505327,0.020439113923533474
2008-04-24 11:10:00+00:00,ME02,-0.008961476619793308,-0.18056674251045376,1.2520239125245773,0.16861068739994386,0.8492884571627901,1.4906457640560926,2.866585804920411,-0.10264043637505327,0.020439113923533474
2008-04-24 11:20:00+00:00,ME02,-0.011821706438997782,1.1377679816375965,0.9987145992832739,0.16861068739994386,0.8492884571627901,1.4906457640560926,2.866585804920411,-0.10264043637505327,0.020439113923533474
2008-04-24 11:30:00+00:00,ME02,-0.014396544483481143,0.4995167924230135,0.5934784337731738,0.16861068739994386,0.8492884571627901,1.4906457640560926,2.866585804920411,-0.10264043637505327,0.020439113923533474
2008-04-24 11:40:00+00:00,ME02,-0.020022200834789783,-0.13071751337505455,-0.5519140068309251,0.16861068739994386,0.8492884571627901,1.4906457640560926,2.866585804920411,-0.10264043637505327,0.020439113923533474
2008-04-24 11:50:00+00:00,ME02,-0.015123372132540577,0.3646325087962318,0.06984168706848173,0.16861068739994386,0.8492884571627901,1.4906457640560926,2.866585804920411,-0.10264043637505327,0.020439113923533474
2008-04-24 12:00:00+00:00,ME02,-0.010963816168397277,0.7218470681251745,0.5040573578961186,0.43357719758225755,1.1684840796929812,1.494874609263371,-0.2107783301927355,-0.10264043637505327,0.040878227847066226
2008-04-24 12:10:00+00:00,ME02,-0.01671760095806973,0.06698961912237242,0.26287147615187906,0.43357719758225755,1.1684840796929812,1.494874609263371,-0.2107783301927355,-0.10264043637505327,0.040878227847066226
2008-04-24 12:20:00+00:00,ME02,-0.013758150406033834,0.1356444700239685,0.02080607654996517,0.43357719758225755,1.1684840796929812,1.494874609263371,-0.2107783301927355,-0.10264043637505327,0.040878227847066226
2008-04-24 12:30:00+00:00,ME02,-0.02047754820012505,-0.5428803895798426,0.0987092672456207,0.43357719758225755,1.1684840796929812,1.494874609263371,-0.2107783301927355,-0.10264043637505327,0.040878227847066226
2008-04-24 12:40:00+00:00,ME02,-0.021955614287323472,-0.003319143994984252,-0.4877403028046027,0.43357719758225755,1.1684840796929812,1.494874609263371,-0.2107783301927355,-0.10264043637505327,0.040878227847066226
2008-04-24 12:50:00+00:00,ME02,-0.020722782527755546,1.3229394492561988,-0.14847151206623685,0.43357719758225755,1.1684840796929812,1.494874609263371,-0.2107783301927355,-0.10264043637505327,0.040878227847066226
2008-04-24 13:00:00+00:00,ME02,-0.015611945952773699,0.3120080533685495,0.7072519460196223,-0.43362520745907857,1.041819200715932,1.4441293536363948,2.57149603979074,-0.10264043637505327,0.040878227847066226
2008-04-24 13:10:00+00:00,ME02,-0.011078866412167675,-0.3692752187809983,0.8071737735003588,-0.43362520745907857,1.041819200715932,1.4441293536363948,2.57149603979074,-0.10264043637505327,0.040878227847066226
2008-04-24 13:20:00+00:00,ME02,-0.014531879660094693,1.7183798214799157,0.48483585845830424,-0.43362520745907857,1.041819200715932,1.4441293536363948,2.57149603979074,-0.10264043637505327,0.040878227847066226
2008-04-24 13:30:00+00:00,ME02,-0.019296768492706614,-0.2536402497386084,0.17048545385483238,-0.43362520745907857,1.041819200715932,1.4441293536363948,2.57149603979074,-0.10264043637505327,0.040878227847066226
2008-04-24 13:40:00+00:00,ME02,-0.022608123063733054,1.009530388563571,-0.3502730033976574,-0.43362520745907857,1.041819200715932,1.4441293536363948,2.57149603979074,-0.10264043637505327,0.040878227847066226
2008-04-24 13:50:00+00:00,ME02,-0.024192698565693345,-0.10241193189401716,-0.3041331836883904,-0.43362520745907857,1.041819200715932,1.4441293536363948,2.57149603979074,-0.10264043637505327,0.040878227847066226
2008-04-24 14:00:00+00:00,ME02,-0.019682258803487007,-0.09199029955375188,0.1573446662860731,0.4095242492942815,0.9328875004266882,1.2665205155118304,2.9508971369975057,-0.10264043637505327,0.040878227847066226
2008-04-24 14:10:00+00:00,ME02,-0.016591741989542802,0.5747762627145153,0.41973280695891535,0.4095242492942815,0.9328875004266882,1.2665205155118304,2.9508971369975057,-0.10264043637505327,0.040878227847066226
2008-04-24 14:20:00+00:00,ME02,-0.01694585526486556,1.8268374578472293,0.8051762241844249,0.4095242492942815,0.9328875004266882,1.2665205155118304,2.9508971369975057,-0.10264043637505327,0.040878227847066226
2008-04-24 14:30:00+00:00,ME02,-0.015034896674137137,0.7809163898620293,0.60606509187511,0.4095242492942815,0.9328875004266882,1.2665205155118304,2.9508971369975057,-0.10264043637505327,0.040878227847066226
2008-04-24 14:40:00+00:00,ME02,-0.02336447201581573,-0.4817999319995938,-0.22874596326561122,0.4095242492942815,0.9328875004266882,1.2665205155118304,2.9508971369975057,-0.10264043637505327,0.040878227847066226
2008-04-24 14:50:00+00:00,ME02,-0.0182333210306581,-0.4546036226973829,0.34111219241586865,0.4095242492942815,0.9328875004266882,1.2665205155118304,2.9508971369975057,-0.10264043637505327,0.040878227847066226
2008-04-24 15:00:00+00:00,ME02,-0.004572019779683185,-0.1296640416764916,2.0215963151269096,0.0,0.9759536017815601,1.1734871034322485,2.065627944468333,-0.10264043637505327,0.040878227847066226
2008-04-24 15:10:00+00:00,ME02,-0.0022089750686607457,1.5844199589269963,2.3582943306361046,0.0,0.9759536017815601,1.1734871034322485,2.065627944468333,-0.10264043637505327,0.040878227847066226
2008-04-24 15:20:00+00:00,ME02,0.0012484046070271827,0.06133162564176821,2.9760124728308903,0.0,0.9759536017815601,1.1734871034322485,2.065627944468333,-0.10264043637505327,0.040878227847066226
2008-04-24 15:30:00+00:00,ME02,0.0020373229102027004,3.0988594470308723,2.9250633405789124,0.0,0.9759536017815601,1.1734871034322485,2.065627944468333,-0.10264043637505327,0.040878227847066226
2008-04-24 15:40:00+00:00,ME02,-0.005925501261548764,-0.10823147782235396,2.059417130565568,0.0,0.9759536017815601,1.1734871034322485,2.065627944468333,-0.10264043637505327,0.040878227847066226
2008-04-24 15:50:00+00:00,ME02,-0.0197678719890181,-0.6033253006907863,0.20651339729888923,0.0,0.9759536017815601,1.1734871034322485,2.065627944468333,-0.10264043637505327,0.040878227847066226
2008-04-24 16:00:00+00:00,ME02,-0.019595891717544764,-0.6640323706633993,0.32196432578403794,0.4095242492942815,0.6390248005635633,1.131199242599719,0.2107783301927356,-0.10264043637505327,0.040878227847066226
2008-04-24 16:10:00+00:00,ME02,-0.01973587729642172,-1.0228556388189154,0.1251596252220214,0.4095242492942815,0.6390248005635633,1.131199242599719,0.2107783301927356,-0.10264043637505327,0.040878227847066226
2008-04-24 16:20:00+00:00,ME02,-0.023448304961624505,-0.5790807871396666,-0.1683360095429978,0.4095242492942815,0.6390248005635633,1.131199242599719,0.2107783301927356,-0.10264043637505327,0.040878227847066226
2008-04-24 16:30:00+00:00,ME02,-0.020232636010928992,-0.7184965820148096,0.06487736522603647,0.4095242492942815,0.6390248005635633,1.131199242599719,0.2107783301927356,-0.10264043637505327,0.040878227847066226
2008-04-24 16:40:00+00:00,ME02,-0.01974695994777766,-0.6886191626630958,-0.0558747604276688,0.4095242492942815,0.6390248005635633,1.131199242599719,0.2107783301927356,-0.10264043637505327,0.040878227847066226
2008-04-24 16:50:00+00:00,ME02,-0.023292733947610878,0.08751548408541546,-0.4091234707807275,0.4095242492942815,0.6390248005635633,1.131199242599719,0.2107783301927356,-0.10264043637505327,0.040878227847066226
2008-04-24 17:00:00+00:00,ME02,-0.02330060451197215,-0.28220695941018276,-0.32452979449522007,0.9635582278237071,-0.08549864720656261,0.907073994055457,1.180358854799002,-0.10264043637505327,0.040878227847066226
2008-04-24 17:10:00+00:00,ME02,-0.024071948444577575,-0.5628171695736565,-0.15024722072928132,0.9635582278237071,-0.08549864720656261,0.907073994055457,1.180358854799002,-0.10264043637505327,0.040878227847066226
2008-04-24 17:20:00+00:00,ME02,-0.02078961644248275,-0.18045384203782575,-0.08563645397643727,0.9635582278237071,-0.08549864720656261,0.907073994055457,1.180358854799002,-0.10264043637505327,0.040878227847066226
2008-04-24 17:30:00+00:00,ME02,-0.021602039354492744,-0.6053603766355847,-0.057550071386593134,0.9635582278237071,-0.08549864720656261,0.907073994055457,1.180358854799002,-0.10264043637505327,0.040878227847066226
2008-04-24 17:40:00+00:00,ME02,-0.0208136420796691,-0.14007917462030026,0.11103012118236143,0.9635582278237071,-0.08549864720656261,0.907073994055457,1.180358854799002,-0.10264043637505327,0.040878227847066226
2008-04-24 17:50:00+00:00,ME02,-0.022179503940229935,-0.2519991244445657,0.05054907033017232,0.9635582278237071,-0.08549864720656261,0.907073994055457,1.180358854799002,-0.10264043637505327,0.040878227847066226
2008-04-24 18:00:00+00:00,ME02,-0.020611648451252757,-0.35037535953034954,-0.034246032881236795,0.3613223329646848,-0.6073581823567207,0.8943874584336555,-0.6744907594765952,-0.10264043637505327,0.0613173417705997
2008-04-24 18:10:00+00:00,ME02,-0.0213630294074955,-0.9297576650226164,-0.037783378980104185,0.3613223329646848,-0.6073581823567207,0.8943874584336555,-0.6744907594765952,-0.10264043637505327,0.0613173417705997
2008-04-24 18:20:00+00:00,ME02,-0.02537726350011268,-0.8972410203722748,-0.08719556378359514,0.3613223329646848,-0.6073581823567207,0.8943874584336555,-0.6744907594765952,-0.10264043637505327,0.0613173417705997
2008-04-24 18:30:00+00:00,ME02,-0.022237037065032862,-0.3454231266848213,-0.10027971955196055,0.3613223329646848,-0.6073581823567207,0.8943874584336555,-0.6744907594765952,-0.10264043637505327,0.0613173417705997
2008-04-24 18:40:00+00:00,ME02,-0.01879840450208998,-0.502336109474614,0.014242583068320979,0.3613223329646848,-0.6073581823567207,0.8943874584336555,-0.6744907594765952,-0.10264043637505327,0.0613173417705997
2008-04-24 18:50:00+00:00,ME02,-0.019004143784130307,0.05418770473104464,-0.06897559388415439,0.3613223329646848,-0.6073581823567207,0.8943874584336555,-0.6744907594765952,-0.10264043637505327,0.0613173417705997
2008-04-24 19:00:00+00:00,ME02,-0.020346825397008706,-0.9392140880583129,1.3007209359075942,0.9394572696589089,-0.483226728467238,1.1058267625962692,-0.08431133207709418,-0.10264043637505327,0.0613173417705997
2008-04-24 19:10:00+00:00,ME02,-0.02131274393690543,-0.7535735423625847,-0.1596832155407683,0.9394572696589089,-0.483226728467238,1.1058267625962692,-0.08431133207709418,-0.10264043637505327,0.0613173417705997
2008-04-24 19:20:00+00:00,ME02,-0.022748058153819816,-0.5299743920579805,-0.19776812432748017,0.9394572696589089,-0.483226728467238,1.1058267625962692,-0.08431133207709418,-0.10264043637505327,0.0613173417705997
2008-04-24 19:30:00+00:00,ME02,-0.02056692742416349,-0.061723463353572296,-0.13532363465164013,0.9394572696589089,-0.483226728467238,1.1058267625962692,-0.08431133207709418,-0.10264043637505327,0.0613173417705997
2008-04-24 19:40:00+00:00,ME02,-0.019885827350053814,-0.0863156380612506,-0.1458312086094284,0.9394572696589089,-0.483226728467238,1.1058267625962692,-0.08431133207709418,-0.10264043637505327,0.0613173417705997
2008-04-24 19:50:00+00:00,ME02,-0.022289028717645976,0.45896007349925616,-0.11410796226844788,0.9394572696589089,-0.483226728467238,1.1058267625962692,-0.08431133207709418,-0.10264043637505327,0.0613173417705997
2008-04-24 20:00:00+00:00,ME02,0.0018748929923574846,5.112309288289523,-0.14381004868091404,0.9394572696589089,-0.6998238149645216,1.2411477398883042,-0.6744907594765952,-0.10264043637505327,0.0613173417705997
2008-04-24 20:10:00+00:00,ME02,1.5714689088458926,14.009779096928574,172.60267368734844,0.9394572696589089,-0.6998238149645216,1.2411477398883042,-0.6744907594765952,-0.10264043637505327,0.0613173417705997
2008-04-24 20:20:00+00:00,ME02,-0.019818192715964588,-0.7887418821483382,0.26312908388281947,0.9394572696589089,-0.6998238149645216,1.2411477398883042,-0.6744907594765952,-0.10264043637505327,0.0613173417705997
2008-04-24 20:30:00+00:00,ME02,-0.020598713754927833,-0.5123378480202352,0.02507037714060521,0.9394572696589089,-0.6998238149645216,1.2411477398883042,-0.6744907594765952,-0.10264043637505327,0.0613173417705997
2008-04-24 20:40:00+00:00,ME02,-0.019661946213378603,-0.310402508442156,0.1774348892247205,0.9394572696589089,-0.6998238149645216,1.2411477398883042,-0.6744907594765952,-0.10264043637505327,0.0613173417705997
2008-04-24 20:50:00+00:00,ME02,-0.020824070032913148,0.18586249056109394,0.05104877844141196,0.9394572696589089,-0.6998238149645216,1.2411477398883042,-0.6744907594765952,-0.10264043637505327,0.0613173417705997
2008-04-24 21:00:00+00:00,ME02,-0.02178436646327567,-0.7588003902192922,0.049109816005963446,1.1562698733884493,-0.8695547952964433,1.2792067555135553,-0.6744907594765952,-0.10264043637505327,0.0613173417705997
2008-04-24 21:10:00+00:00,ME02,-0.02135074920716653,-0.9814818234436545,-0.09716410967083253,1.1562698733884493,-0.8695547952964433,1.2792067555135553,-0.6744907594765952,-0.10264043637505327,0.0613173417705997
2008-04-24 21:20:00+00:00,ME02,-0.020208058877528946,-0.2683635955429864,-0.12147194833125705,1.1562698733884493,-0.8695547952964433,1.2792067555135553,-0.6744907594765952,-0.10264043637505327,0.0613173417705997
2008-04-24 21:30:00+00:00,ME02,-0.020419576380700834,-0.24188790012393818,-0.09439584772633722,1.1562698733884493,-0.8695547952964433,1.2792067555135553,-0.6744907594765952,-0.10264043637505327,0.0613173417705997
2008-04-24 21:40:00+00:00,ME02,-0.02119924883639012,0.0254914496582547,-0.016460170470130507,1.1562698733884493,-0.8695547952964433,1.2792067555135553,-0.6744907594765952,-0.10264043637505327,0.0613173417705997
2008-04-24 21:50:00+00:00,ME02,-0.016623139662813823,-0.13867174590695813,0.14979181294189045,1.1562698733884493,-0.8695547952964433,1.2792067555135553,-0.6744907594765952,-0.10264043637505327,0.0613173417705997
2008-04-24 22:00:00+00:00,ME02,-0.020803538990078335,-0.48277102973857455,0.1452229817670705,1.0840150087708766,-0.8302886987520616,1.2411477398883042,0.46371242928385975,-0.10264043637505327,0.0613173417705997
2008-04-24 22:10:00+00:00,ME02,-0.021793579495105568,-0.9584837391835522,0.15539367773362708,1.0840150087708766,-0.8302886987520616,1.2411477398883042,0.46371242928385975,-0.10264043637505327,0.0613173417705997
2008-04-24 22:20:00+00:00,ME02,-0.018913679205039988,-0.5598699332743224,0.14482191589886037,1.0840150087708766,-0.8302886987520616,1.2411477398883042,0.46371242928385975,-0.10264043637505327,0.0613173417705997
2008-04-24 22:30:00+00:00,ME02,-0.02054081332191456,-0.6378097458619455,0.18075251534372255,1.0840150087708766,-0.8302886987520616,1.2411477398883042,0.46371242928385975,-0.10264043637505327,0.0613173417705997
2008-04-24 22:40:00+00:00,ME02,-0.01625823950047769,-0.317652037571051,0.4429314724794436,1.0840150087708766,-0.8302886987520616,1.2411477398883042,0.46371242928385975,-0.10264043637505327,0.0613173417705997
2008-04-24 22:50:00+00:00,ME02,-0.01849556101807211,0.5260172096638911,0.5377187015556114,1.0840150087708766,-0.8302886987520616,1.2411477398883042,0.46371242928385975,-0.10264043637505327,0.0613173417705997
2008-04-24 23:00:00+00:00,ME02,-0.0180421691017449,-0.9990952000127928,0.3029754875548222,1.3489815189531904,-0.8188886843205914,1.1565720182232453,1.8126939482370503,-0.10264043637505327,0.0613173417705997
2008-04-24 23:10:00+00:00,ME02,-0.020057844735059928,-0.9660910316924217,0.20185942095956558,1.3489815189531904,-0.8188886843205914,1.1565720182232453,1.8126939482370503,-0.10264043637505327,0.0613173417705997
2008-04-24 23:20:00+00:00,ME02,-0.018805632473971167,-0.8047160023541808,0.40685436796026586,1.3489815189531904,-0.8188886843205914,1.1565720182232453,1.8126939482370503,-0.10264043637505327,0.0613173417705997
2008-04-24 23:30:00+00:00,ME02,-0.019507188277022868,0.19442429458609126,0.36729272200106017,1.3489815189531904,-0.8188886843205914,1.1565720182232453,1.8126939482370503,-0.10264043637505327,0.0613173417705997
2008-04-24 23:40:00+00:00,ME02,-0.015303689972488252,-0.08907525678330157,0.634728785172386,1.3489815189531904,-0.8188886843205914,1.1565720182232453,1.8126939482370503,-0.10264043637505327,0.0613173417705997
2008-04-24 23:50:00+00:00,ME02,-0.015286033798361503,0.5917052867829368,0.7281407795252355,1.3489815189531904,-0.8188886843205914,1.1565720182232453,1.8126939482370503,-0.10264043637505327,0.0613173417705997
2008-04-25 00:00:00+00:00,ME02,-0.018040405825430594,-0.8647966810758608,0.4588377163057866,1.3489815189531904,-0.9974862539964164,1.1481143278087222,0.2950897651296714,-0.10264043637505327,0.08175645569413317
2008-04-25 00:10:00+00:00,ME02,-0.019411790976445346,-0.6366548828738429,0.421279785707909,1.3489815189531904,-0.9974862539964164,1.1481143278087222,0.2950897651296714,-0.10264043637505327,0.08175645569413317
2008-04-25 00:20:00+00:00,ME02,-0.017753319933735138,-0.9258004175656213,0.40885571183344604,1.3489815189531904,-0.9974862539964164,1.1481143278087222,0.2950897651296714,-0.10264043637505327,0.08175645569413317
2008-04-25 00:30:00+00:00,ME02,-0.018826147162723898,-0.002085250611287303,0.371372582599594,1.3489815189531904,-0.9974862539964164,1.1481143278087222,0.2950897651296714,-0.10264043637505327,0.08175645569413317
2008-04-25 00:40:00+00:00,ME02,-0.013567984966096666,-0.053344559145183754,0.8656383598202864,1.3489815189531904,-0.9974862539964164,1.1481143278087222,0.2950897651296714,-0.10264043637505327,0.08175645569413317
2008-04-25 00:50:00+00:00,ME02,-0.0167608361863418,0.9469297298360223,0.9172645093648253,1.3489815189531904,-0.9974862539964164,1.1481143278087222,0.2950897651296714,-0.10264043637505327,0.08175645569413317
2008-04-25 01:00:00+00:00,ME02,-0.0193749493499009,-0.5145316660113327,0.5583951092858936,1.324880560788392,-1.1178179687171297,1.1185130025979941,-0.6323350934380482,-0.10264043637505327,0.08175645569413317
2008-04-25 01:10:00+00:00,ME02,-0.016798345464058916,-0.7754413145998978,0.5659450945286972,1.324880560788392,-1.1178179687171297,1.1185130025979941,-0.6323350934380482,-0.10264043637505327,0.08175645569413317
2008-04-25 01:20:00+00:00,ME02,-0.017091428782131123,-0.7563425636858441,0.6370553707186699,1.324880560788392,-1.1178179687171297,1.1185130025979941,-0.6323350934380482,-0.10264043637505327,0.08175645569413317
2008-04-25 01:30:00+00:00,ME02,-0.016014049061396262,0.4062202062760645,0.7324828646338187,1.324880560788392,-1.1178179687171297,1.1185130025979941,-0.6323350934380482,-0.10264043637505327,0.08175645569413317
2008-04-25 01:40:00+00:00,ME02,-0.014178790396635823,0.18001509130234425,1.153564838470111,1.324880560788392,-1.1178179687171297,1.1185130025979941,-0.6323350934380482,-0.10264043637505327,0.08175645569413317
2008-04-25 01:50:00+00:00,ME02,-0.014137420884156874,-0.2881688898999426,1.1461846840439913,1.324880560788392,-1.1178179687171297,1.1185130025979941,-0.6323350934380482,-0.10264043637505327,0.08175645569413317
2008-04-25 02:00:00+00:00,ME02,-0.016186730017287928,-0.8920847889564889,0.6561908217035711,1.3730824771179888,-1.1532843260927421,1.131199242599719,-0.6744907594765952,-0.10264043637505327,0.08175645569413317
2008-04-25 02:10:00+00:00,ME02,-0.017715137029207666,-0.44185302297165086,0.700509068265834,1.3730824771179888,-1.1532843260927421,1.131199242599719,-0.6744907594765952,-0.10264043637505327,0.08175645569413317
2008-04-25 02:20:00+00:00,ME02,-0.016778157985216625,-1.0019492062971647,0.7343970950267488,1.3730824771179888,-1.1532843260927421,1.131199242599719,-0.6744907594765952,-0.10264043637505327,0.08175645569413317
2008-04-25 02:30:00+00:00,ME02,-0.016645161480609027,0.15810457240900405,0.5737218372043345,1.3730824771179888,-1.1532843260927421,1.131199242599719,-0.6744907594765952,-0.10264043637505327,0.08175645569413317
2008-04-25 02:40:00+00:00,ME02,-0.010720832503814667,0.020441621793359992,1.120223385438437,1.3730824771179888,-1.1532843260927421,1.131199242599719,-0.6744907594765952,-0.10264043637505327,0.08175645569413317
2008-04-25 02:50:00+00:00,ME02,-0.014604590180356552,0.35895134749878793,0.9526963650722569,1.3730824771179888,-1.1532843260927421,1.131199242599719,-0.6744907594765952,-0.10264043637505327,0.08175645569413317
2008-04-25 03:00:00+00:00,ME02,-0.016643807172701714,-0.4367662310071047,0.5080815034925021,1.9512174138122127,-1.131751142594446,1.1523431730160005,-0.6744907594765952,-0.10264043637505327,0.08175645569413317
2008-04-25 03:10:00+00:00,ME02,-0.018755708621341283,-0.9804820716819678,0.41884984683944704,1.9512174138122127,-1.131751142594446,1.1523431730160005,-0.6744907594765952,-0.10264043637505327,0.08175645569413317
2008-04-25 03:20:00+00:00,ME02,-0.02060149800048101,-0.29830856134853606,0.4571673499861587,1.9512174138122127,-1.131751142594446,1.1523431730160005,-0.6744907594765952,-0.10264043637505327,0.08175645569413317
2008-04-25 03:30:00+00:00,ME02,-0.017599551742494512,0.1344633527349083,0.47486718193290184,1.9512174138122127,-1.131751142594446,1.1523431730160005,-0.6744907594765952,-0.10264043637505327,0.08175645569413317
2008-04-25 03:40:00+00:00,ME02,-0.01588650532020229,0.6510555911365765,0.9182248624146776,1.9512174138122127,-1.131751142594446,1.1523431730160005,-0.6744907594765952,-0.10264043637505327,0.08175645569413317
2008-04-25 03:50:00+00:00,ME02,-0.012882790025793057,0.8256538808561269,0.899767934849879,1.9512174138122127,-1.131751142594446,1.1523431730160005,-0.6744907594765952,-0.10264043637505327,0.08175645569413317
2008-04-25 04:00:00+00:00,ME02,-0.014946429855268211,-0.9484993775338136,0.6351243728876421,1.46943829990036,-1.1811504082056543,1.1142841573907494,-0.6744907594765952,-0.10264043637505327,0.08175645569413317
2008-04-25 04:10:00+00:00,ME02,-0.014753514734957392,-0.0023444438300904663,0.6837958523465262,1.46943829990036,-1.1811504082056543,1.1142841573907494,-0.6744907594765952,-0.10264043637505327,0.08175645569413317
2008-04-25 04:20:00+00:00,ME02,-0.017019115701862122,-0.8417253716276907,0.7079620941756778,1.46943829990036,-1.1811504082056543,1.1142841573907494,-0.6744907594765952,-0.10264043637505327,0.08175645569413317
2008-04-25 04:30:00+00:00,ME02,-0.014283016336695873,-0.07755052035415899,0.5608443019891588,1.46943829990036,-1.1811504082056543,1.1142841573907494,-0.6744907594765952,-0.10264043637505327,0.08175645569413317
2008-04-25 04:40:00+00:00,ME02,-0.014018480332331294,0.10662290671510671,0.9899354479297977,1.46943829990036,-1.1811504082056543,1.1142841573907494,-0.6744907594765952,-0.10264043637505327,0.08175645569413317
2008-04-25 04:50:00+00:00,ME02,-0.012584348121210936,0.5589873342893628,0.896481874955562,1.46943829990036,-1.1811504082056543,1.1142841573907494,-0.6744907594765952,-0.10264043637505327,0.08175645569413317
2008-04-25 05:00:00+00:00,ME02,-0.01878751355451121,-0.8942847746988944,0.44941770425254085,1.4935392580651583,-0.8011557712745053,1.253833979890029,-0.6744907594765952,-0.10264043637505327,0.08175645569413317
2008-04-25 05:10:00+00:00,ME02,-0.018209373870226152,-0.6444630864005667,0.469185295985639,1.4935392580651583,-0.8011557712745053,1.253833979890029,-0.6744907594765952,-0.10264043637505327,0.08175645569413317
2008-04-25 05:20:00+00:00,ME02,-0.018373572339307306,-0.6310332613469073,0.4639768103903346,1.4935392580651583,-0.8011557712745053,1.253833979890029,-0.6744907594765952,-0.10264043637505327,0.08175645569413317
2008-04-25 05:30:00+00:00,ME02,-0.018303324300356926,0.2012147890471725,0.24120186282467598,1.4935392580651583,-0.8011557712745053,1.253833979890029,-0.6744907594765952,-0.10264043637505327,0.08175645569413317
2008-04-25 05:40:00+00:00,ME02,-0.01771138840292752,0.337611480179761,0.4370675250863298,1.4935392580651583,-0.8011557712745053,1.253833979890029,-0.6744907594765952,-0.10264043637505327,0.08175645569413317
2008-04-25 05:50:00+00:00,ME02,-0.021997544793109607,0.2079665947689265,0.03206178852670419,1.4935392580651583,-0.8011557712745053,1.253833979890029,-0.6744907594765952,-0.10264043637505327,0.08175645569413317
2008-04-25 06:00:00+00:00,ME02,-0.02664570461148425,-0.8523613164145698,-0.5181160220619708,1.2767266543356175,0.2767630766785003,1.4991034544706492,0.4215567632453126,-0.10264043637505327,0.10219556961766592
2008-04-25 06:10:00+00:00,ME02,-0.024144956185213888,-0.7553797426974115,-0.5725566291142405,1.2767266543356175,0.2767630766785003,1.4991034544706492,0.4215567632453126,-0.10264043637505327,0.10219556961766592
2008-04-25 06:20:00+00:00,ME02,-0.025954915652566368,-0.8966849097778931,-0.4877327277670899,1.2767266543356175,0.2767630766785003,1.4991034544706492,0.4215567632453126,-0.10264043637505327,0.10219556961766592
2008-04-25 06:30:00+00:00,ME02,-0.023343652371151855,0.14279357920343133,-0.27559756842323085,1.2767266543356175,0.2767630766785003,1.4991034544706492,0.4215567632453126,-0.10264043637505327,0.10219556961766592
2008-04-25 06:40:00+00:00,ME02,-0.01737874752950285,0.3139560487969356,0.38948293309632676,1.2767266543356175,0.2767630766785003,1.4991034544706492,0.4215567632453126,-0.10264043637505327,0.10219556961766592
2008-04-25 06:50:00+00:00,ME02,-0.015186010618634744,-0.1649198056891284,1.1415459918803186,1.2767266543356175,0.2767630766785003,1.4991034544706492,0.4215567632453126,-0.10264043637505327,0.10219556961766592
2008-04-25 07:00:00+00:00,ME02,-0.010936093209394775,-0.5042289046167093,1.1047347767166116,1.4935392580651583,0.7694896843511027,1.6513395169716538,-0.5058680953224068,-0.10264043637505327,0.10219556961766592
2008-04-25 07:10:00+00:00,ME02,-0.017904934927317102,1.8811710358346354,0.6809981414595445,1.4935392580651583,0.7694896843511027,1.6513395169716538,-0.5058680953224068,-0.10264043637505327,0.10219556961766592
2008-04-25 07:20:00+00:00,ME02,-0.01568349372203583,0.45421334370217825,0.9598294741960471,1.4935392580651583,0.7694896843511027,1.6513395169716538,-0.5058680953224068,-0.10264043637505327,0.10219556961766592
2008-04-25 07:30:00+00:00,ME02,-0.00226501734036842,17.320161274844573,2.299112205855765,1.4935392580651583,0.7694896843511027,1.6513395169716538,-0.5058680953224068,-0.10264043637505327,0.10219556961766592
2008-04-25 07:40:00+00:00,ME02,-0.012803901749274312,16.967318075745908,1.0977341157702585,1.4935392580651583,0.7694896843511027,1.6513395169716538,-0.5058680953224068,-0.10264043637505327,0.10219556961766592
2008-04-25 07:50:00+00:00,ME02,-0.017097354644467072,24.115090406905953,0.4434206859256584,1.4935392580651583,0.7694896843511027,1.6513395169716538,-0.5058680953224068,-0.10264043637505327,0.10219556961766592
2008-04-25 08:00:00+00:00,ME02,-0.004922928174607266,30.162666818321743,2.242201721044659,1.9271164556474143,0.5313594143555228,1.6851696873896265,-0.6323350934380482,-0.10264043637505327,0.10219556961766592
2008-04-25 08:10:00+00:00,ME02,-0.01063858373266994,3.714528716179017,1.7210672551949628,1.9271164556474143,0.5313594143555228,1.6851696873896265,-0.6323350934380482,-0.10264043637505327,0.10219556961766592
2008-04-25 08:20:00+00:00,ME02,-0.007223833332988345,25.430866927397165,2.057590533095279,1.9271164556474143,0.5313594143555228,1.6851696873896265,-0.6323350934380482,-0.10264043637505327,0.10219556961766592
2008-04-25 08:30:00+00:00,ME02,0.00019314355290524029,4.943550475655238,3.126885256348094,1.9271164556474143,0.5313594143555228,1.6851696873896265,-0.6323350934380482,-0.10264043637505327,0.10219556961766592
2008-04-25 08:40:00+00:00,ME02,-0.015913307958124227,-0.28946749908509845,0.9098916368593097,1.9271164556474143,0.5313594143555228,1.6851696873896265,-0.6323350934380482,-0.10264043637505327,0.10219556961766592
2008-04-25 08:50:00+00:00,ME02,-0.006047859294050903,9.842603652713807,1.689820528978737,1.9271164556474143,0.5313594143555228,1.6851696873896265,-0.6323350934380482,-0.10264043637505327,0.10219556961766592
2008-04-25 09:00:00+00:00,ME02,0.005930026194268061,5.410940971996249,3.646914336588523,1.1562698733884493,0.23623013476947455,1.8035758750927684,-0.6744907594765952,-0.10264043637505327,0.10219556961766592
2008-04-25 09:10:00+00:00,ME02,-0.0055962554779828725,-0.7269311052716874,2.2838149501423097,1.1562698733884493,0.23623013476947455,1.8035758750927684,-0.6744907594765952,-0.10264043637505327,0.10219556961766592
2008-04-25 09:20:00+00:00,ME02,-0.010225533359929652,1.0822548784270294,1.4826889885642958,1.1562698733884493,0.23623013476947455,1.8035758750927684,-0.6744907594765952,-0.10264043637505327,0.10219556961766592
2008-04-25 09:30:00+00:00,ME02,-0.016112837565239256,-0.2184376476603572,0.9386059144495976,1.1562698733884493,0.23623013476947455,1.8035758750927684,-0.6744907594765952,-0.10264043637505327,0.10219556961766592
2008-04-25 09:40:00+00:00,ME02,-0.0013130494823593,1.2385487671365825,2.8177141553356018,1.1562698733884493,0.23623013476947455,1.8035758750927684,-0.6744907594765952,-0.10264043637505327,0.10219556961766592
2008-04-25 09:50:00+00:00,ME02,0.010845530916932807,5.042439741389828,3.8488603799089516,1.1562698733884493,0.23623013476947455,1.8035758750927684,-0.6744907594765952,-0.10264043637505327,0.10219556961766592
2008-04-25 10:00:00+00:00,ME02,0.00504031802335206,-0.07713572164908836,3.529146015489734,1.1562698733884493,0.374295028177994,1.7782030994692086,-0.6744907594765952,-0.10264043637505327,0.10219556961766592
2008-04-25 10:10:00+00:00,ME02,0.006603908247013294,0.2585657617814994,3.602847639896551,1.1562698733884493,0.374295028177994,1.7782030994692086,-0.6744907594765952,-0.10264043637505327,0.10219556961766592
2008-04-25 10:20:00+00:00,ME02,0.007444458269231387,-0.05326065817101325,3.5662076624936176,1.1562698733884493,0.374295028177994,1.7782030994692086,-0.6744907594765952,-0.10264043637505327,0.10219556961766592
2008-04-25 10:30:00+00:00,ME02,0.0005171317347898844,1.5520795666427039,3.2362935031117943,1.1562698733884493,0.374295028177994,1.7782030994692086,-0.6744907594765952,-0.10264043637505327,0.10219556961766592
2008-04-25 10:40:00+00:00,ME02,-0.007252649567677274,-0.20815895775323182,2.097284010296324,1.1562698733884493,0.374295028177994,1.7782030994692086,-0.6744907594765952,-0.10264043637505327,0.10219556961766592
2008-04-25 10:50:00+00:00,ME02,-0.008302262302594055,0.40229578962123697,2.1262245562686735,1.1562698733884493,0.374295028177994,1.7782030994692086,-0.6744907594765952,-0.10264043637505327,0.10219556961766592
2008-04-25 11:00:00+00:00,ME02,0.00152623406255046,2.698883851935873,2.4935943586054092,0.7467456240941679,0.40469453537847294,1.6978562230114616,-0.4215567632453126,-0.10264043637505327,0.10219556961766592
2008-04-25 11:10:00+00:00,ME02,-0.00676200018369038,1.3712483769904082,1.8751132263266486,0.7467456240941679,0.40469453537847294,1.6978562230114616,-0.4215567632453126,-0.10264043637505327,0.10219556961766592
2008-04-25 11:20:00+00:00,ME02,-0.005067772780568637,0.6248302655601201,2.049560772064085,0.7467456240941679,0.40469453537847294,1.6978562230114616,-0.4215567632453126,-0.10264043637505327,0.10219556961766592
2008-04-25 11:30:00+00:00,ME02,-0.007469897625088209,0.9677528282831025,1.1060414352436683,0.7467456240941679,0.40469453537847294,1.6978562230114616,-0.4215567632453126,-0.10264043637505327,0.10219556961766592
2008-04-25 11:40:00+00:00,ME02,-0.019675136268311452,0.4295083762093614,-0.31033672083493896,0.7467456240941679,0.40469453537847294,1.6978562230114616,-0.4215567632453126,-0.10264043637505327,0.10219556961766592
2008-04-25 11:50:00+00:00,ME02,-0.024207627339897907,-0.19064070505340308,-0.6680269947195019,0.7467456240941679,0.40469453537847294,1.6978562230114616,-0.4215567632453126,-0.10264043637505327,0.10219556961766592
2008-04-25 12:00:00+00:00,ME02,-0.01929347873570968,1.0080433262324067,-0.07932851364393581,0.5299330203646286,0.15389793687022035,1.5709926405138732,2.3185620435594574,-0.10264043637505327,0.1226346835411994
2008-04-25 12:10:00+00:00,ME02,-0.017775029330221452,0.8570849809305203,-0.33659286512251224,0.5299330203646286,0.15389793687022035,1.5709926405138732,2.3185620435594574,-0.10264043637505327,0.1226346835411994
2008-04-25 12:20:00+00:00,ME02,-0.02607530487290201,1.6669639076697422,-0.6037272147607793,0.5299330203646286,0.15389793687022035,1.5709926405138732,2.3185620435594574,-0.10264043637505327,0.1226346835411994
2008-04-25 12:30:00+00:00,ME02,-0.0237433417066769,-0.22433138322895468,-0.4253165960022534,0.5299330203646286,0.15389793687022035,1.5709926405138732,2.3185620435594574,-0.10264043637505327,0.1226346835411994
2008-04-25 12:40:00+00:00,ME02,-0.024406369415939384,1.736879984225622,-0.999277849238001,0.5299330203646286,0.15389793687022035,1.5709926405138732,2.3185620435594574,-0.10264043637505327,0.1226346835411994
2008-04-25 12:50:00+00:00,ME02,-0.0228471561980295,1.6550811259875355,-1.1248468185996328,0.5299330203646286,0.15389793687022035,1.5709926405138732,2.3185620435594574,-0.10264043637505327,0.1226346835411994
2008-04-25 13:00:00+00:00,ME02,-0.021962732157806395,0.6060949056434135,-0.689265460134432,0.7467456240941679,0.08169890803779231,1.4695018336398447,-0.6744907594765952,-0.10264043637505327,0.1226346835411994
2008-04-25 13:10:00+00:00,ME02,-0.023322032252453533,2.1610235515103744,-0.20758634663005268,0.7467456240941679,0.08169890803779231,1.4695018336398447,-0.6744907594765952,-0.10264043637505327,0.1226346835411994
2008-04-25 13:20:00+00:00,ME02,-0.018633396816145082,-0.104883520734272,-0.1257438186143524,0.7467456240941679,0.08169890803779231,1.4695018336398447,-0.6744907594765952,-0.10264043637505327,0.1226346835411994
2008-04-25 13:30:00+00:00,ME02,-0.02063382470577184,0.22927038617437026,0.035858032499541226,0.7467456240941679,0.08169890803779231,1.4695018336398447,-0.6744907594765952,-0.10264043637505327,0.1226346835411994
2008-04-25 13:40:00+00:00,ME02,-0.023021000592224703,-0.06536223995549001,-0.4270430063733044,0.7467456240941679,0.08169890803779231,1.4695018336398447,-0.6744907594765952,-0.10264043637505327,0.1226346835411994
2008-04-25 13:50:00+00:00,ME02,-0.018531546127056788,4.281491833093859,-0.1996610255504791,0.7467456240941679,0.08169890803779231,1.4695018336398447,-0.6744907594765952,-0.10264043637505327,0.1226346835411994
2008-04-25 14:00:00+00:00,ME02,-0.017180823880341194,1.439793150101419,0.3642119930470015,0.7467456240941679,0.25522989318020406,1.2876641503080017,-0.6744907594765952,-0.10264043637505327,0.1226346835411994
2008-04-25 14:10:00+00:00,ME02,-0.013894270025431196,3.370665173798745,0.669028281551049,0.7467456240941679,0.25522989318020406,1.2876641503080017,-0.6744907594765952,-0.10264043637505327,0.1226346835411994
2008-04-25 14:20:00+00:00,ME02,-0.013461542733141546,0.08701260607790068,0.6528541944724924,0.7467456240941679,0.25522989318020406,1.2876641503080017,-0.6744907594765952,-0.10264043637505327,0.1226346835411994
2008-04-25 14:30:00+00:00,ME02,-0.012275268661832024,2.6043903683895913,0.7213207038823142,0.7467456240941679,0.25522989318020406,1.2876641503080017,-0.6744907594765952,-0.10264043637505327,0.1226346835411994
2008-04-25 14:40:00+00:00,ME02,-0.01446024180213308,-0.11899125238640673,0.63824558326858,0.7467456240941679,0.25522989318020406,1.2876641503080017,-0.6744907594765952,-0.10264043637505327,0.1226346835411994
2008-04-25 14:50:00+00:00,ME02,-0.014911880520304087,4.182391891495265,0.8879251091116257,0.7467456240941679,0.25522989318020406,1.2876641503080017,-0.6744907594765952,-0.10264043637505327,0.1226346835411994
2008-04-25 15:00:00+00:00,ME02,-0.004787595606034593,2.204171416107926,1.810573619434582,1.1562698733884493,0.42496087351212575,1.215774964264778,0.9695805246062666,-0.10264043637505327,0.1226346835411994
2008-04-25 15:10:00+00:00,ME02,-0.004202533546864469,4.176379793090785,2.2047585018946263,1.1562698733884493,0.42496087351212575,1.215774964264778,0.9695805246062666,-0.10264043637505327,0.1226346835411994
2008-04-25 15:20:00+00:00,ME02,-0.004321030433177169,-0.34659039509884604,2.0321945181470644,1.1562698733884493,0.42496087351212575,1.215774964264778,0.9695805246062666,-0.10264043637505327,0.1226346835411994
2008-04-25 15:30:00+00:00,ME02,0.00019073968809607948,1.2746935586300467,2.23288367323266,1.1562698733884493,0.42496087351212575,1.215774964264778,0.9695805246062666,-0.10264043637505327,0.1226346835411994
2008-04-25 15:40:00+00:00,ME02,-0.0036576033213596704,1.3454713055281056,1.825565210188991,1.1562698733884493,0.42496087351212575,1.215774964264778,0.9695805246062666,-0.10264043637505327,0.1226346835411994
2008-04-25 15:50:00+00:00,ME02,-0.002851562206410099,3.4197929682839656,2.0611250149143245,1.1562698733884493,0.42496087351212575,1.215774964264778,0.9695805246062666,-0.10264043637505327,0.1226346835411994
2008-04-25 16:00:00+00:00,ME02,-0.008335150118290014,0.05232186846512384,1.12603021202523,0.7467456240941679,-0.07156547332924641,1.1015979173890245,-0.04215566603854705,-0.10264043637505327,0.1226346835411994
2008-04-25 16:10:00+00:00,ME02,-0.005475241286520127,0.685834873640109,1.6359282948896967,0.7467456240941679,-0.07156547332924641,1.1015979173890245,-0.04215566603854705,-0.10264043637505327,0.1226346835411994
2008-04-25 16:20:00+00:00,ME02,-0.0005380178159583634,1.6366198298533543,2.224210068709406,0.7467456240941679,-0.07156547332924641,1.1015979173890245,-0.04215566603854705,-0.10264043637505327,0.1226346835411994
2008-04-25 16:30:00+00:00,ME02,-0.01354021989810737,-0.45744935937840286,0.48249305121659425,0.7467456240941679,-0.07156547332924641,1.1015979173890245,-0.04215566603854705,-0.10264043637505327,0.1226346835411994
2008-04-25 16:40:00+00:00,ME02,-0.019757747917315455,-0.44117714368159555,0.06325569356689445,0.7467456240941679,-0.07156547332924641,1.1015979173890245,-0.04215566603854705,-0.10264043637505327,0.1226346835411994
2008-04-25 16:50:00+00:00,ME02,-0.01954096531598393,-0.5272830978738376,0.11868832990340815,0.7467456240941679,-0.07156547332924641,1.1015979173890245,-0.04215566603854705,-0.10264043637505327,0.1226346835411994
2008-04-25 17:00:00+00:00,ME02,-0.01883583790285078,-0.5045437860085515,-0.1564260835214089,0.9394572696589089,-0.2286301251484954,1.0254798861384886,-0.6323350934380482,-0.10264043637505327,0.1226346835411994
2008-04-25 17:10:00+00:00,ME02,-0.02095419334698248,-0.6819776266796198,-0.288475368895484,0.9394572696589089,-0.2286301251484954,1.0254798861384886,-0.6323350934380482,-0.10264043637505327,0.1226346835411994
2008-04-25 17:20:00+00:00,ME02,-0.023782540852139728,-0.6413920625895698,-0.48815480646801235,0.9394572696589089,-0.2286301251484954,1.0254798861384886,-0.6323350934380482,-0.10264043637505327,0.1226346835411994
2008-04-25 17:30:00+00:00,ME02,-0.019698290248852005,-0.2696700877512509,0.025487792055823934,0.9394572696589089,-0.2286301251484954,1.0254798861384886,-0.6323350934380482,-0.10264043637505327,0.1226346835411994
2008-04-25 17:40:00+00:00,ME02,-0.019164746759095155,-0.5392234399289562,0.10343041411659705,0.9394572696589089,-0.2286301251484954,1.0254798861384886,-0.6323350934380482,-0.10264043637505327,0.1226346835411994
2008-04-25 17:50:00+00:00,ME02,-0.018077348308814307,-0.08215836426507742,-0.014852702027447639,0.9394572696589089,-0.2286301251484954,1.0254798861384886,-0.6323350934380482,-0.10264043637505327,0.1226346835411994
2008-04-25 18:00:00+00:00,ME02,-0.020271157990551507,-0.36830323335273984,-0.020514687888550563,0.7226446659293696,-0.5161596607552837,1.0550812113492167,0.8009577575922366,-0.10264043637505327,0.14307379746473214
2008-04-25 18:10:00+00:00,ME02,-0.02010789207604621,-0.8679979751273227,-0.06831697550481089,0.7226446659293696,-0.5161596607552837,1.0550812113492167,0.8009577575922366,-0.10264043637505327,0.14307379746473214
2008-04-25 18:20:00+00:00,ME02,-0.018865939425994238,-0.5116967743932153,0.042375824411445676,0.7226446659293696,-0.5161596607552837,1.0550812113492167,0.8009577575922366,-0.10264043637505327,0.14307379746473214
2008-04-25 18:30:00+00:00,ME02,-0.019494929867271416,-0.3210580177290393,-0.17329666374853164,0.7226446659293696,-0.5161596607552837,1.0550812113492167,0.8009577575922366,-0.10264043637505327,0.14307379746473214
2008-04-25 18:40:00+00:00,ME02,-0.01987519448841916,-0.03321403989388842,-0.0805218343216591,0.7226446659293696,-0.5161596607552837,1.0550812113492167,0.8009577575922366,-0.10264043637505327,0.14307379746473214
2008-04-25 18:50:00+00:00,ME02,-0.016648501432009882,-0.3038329501900508,-0.138272590436702,0.7226446659293696,-0.5161596607552837,1.0550812113492167,0.8009577575922366,-0.10264043637505327,0.14307379746473214
2008-04-25 19:00:00+00:00,ME02,-0.01967259871436218,-0.7973123095250795,-0.1528739441246488,0.7226446659293696,-0.6428245397323336,1.2284612042665028,-0.6744907594765952,-0.10264043637505327,0.14307379746473214
2008-04-25 19:10:00+00:00,ME02,-0.020018432676283185,-0.4087279599270765,-0.14010364696177627,0.7226446659293696,-0.6428245397323336,1.2284612042665028,-0.6744907594765952,-0.10264043637505327,0.14307379746473214
2008-04-25 19:20:00+00:00,ME02,-0.019717208187941968,-0.9039737149409068,-0.15237815875664437,0.7226446659293696,-0.6428245397323336,1.2284612042665028,-0.6744907594765952,-0.10264043637505327,0.14307379746473214
2008-04-25 19:30:00+00:00,ME02,-0.018463378286783558,0.008772550891759417,-0.17566630564201974,0.7226446659293696,-0.6428245397323336,1.2284612042665028,-0.6744907594765952,-0.10264043637505327,0.14307379746473214
2008-04-25 19:40:00+00:00,ME02,-0.02129011970063568,-0.3394701481155734,-0.09822965232072386,0.7226446659293696,-0.6428245397323336,1.2284612042665028,-0.6744907594765952,-0.10264043637505327,0.14307379746473214
2008-04-25 19:50:00+00:00,ME02,-0.020957348936033474,0.11922043598471078,-0.12016327624299294,0.7226446659293696,-0.6428245397323336,1.2284612042665028,-0.6744907594765952,-0.10264043637505327,0.14307379746473214
2008-04-25 20:00:00+00:00,ME02,-0.01799946798937047,-0.33503039468351575,-0.26478224035935727,0.9394572696589089,-0.7720228437969497,1.3045795311370816,-0.6744907594765952,-0.10264043637505327,0.14307379746473214
2008-04-25 20:10:00+00:00,ME02,-0.020908514464739413,-0.9125720719528521,-0.15005828594665424,0.9394572696589089,-0.7720228437969497,1.3045795311370816,-0.6744907594765952,-0.10264043637505327,0.14307379746473214
2008-04-25 20:20:00+00:00,ME02,-0.02324918025828183,-0.6872047044995578,-0.24634221290907166,0.9394572696589089,-0.7720228437969497,1.3045795311370816,-0.6744907594765952,-0.10264043637505327,0.14307379746473214
2008-04-25 20:30:00+00:00,ME02,-0.019441743156717182,-0.07379269616607748,-0.17143396707762004,0.9394572696589089,-0.7720228437969497,1.3045795311370816,-0.6744907594765952,-0.10264043637505327,0.14307379746473214
2008-04-25 20:40:00+00:00,ME02,-0.016360790350806027,0.08799610881840118,-0.1523762122794285,0.9394572696589089,-0.7720228437969497,1.3045795311370816,-0.6744907594765952,-0.10264043637505327,0.14307379746473214
2008-04-25 20:50:00+00:00,ME02,-0.018976293907055894,-0.0738467580733121,-0.029666424379044657,0.9394572696589089,-0.7720228437969497,1.3045795311370816,-0.6744907594765952,-0.10264043637505327,0.14307379746473214
2008-04-25 21:00:00+00:00,ME02,-0.02049089863194267,-0.8824053113519642,-0.22500995056133302,1.1321689152236512,-0.87588795955278,1.2326900494737811,-0.6744907594765952,-0.10264043637505327,0.14307379746473214
2008-04-25 21:10:00+00:00,ME02,-0.019620316970406577,-0.3068979532864364,-0.26063061346454786,1.1321689152236512,-0.87588795955278,1.2326900494737811,-0.6744907594765952,-0.10264043637505327,0.14307379746473214
2008-04-25 21:20:00+00:00,ME02,-0.018633261124936306,-0.9527556866172535,-0.12798471727416072,1.1321689152236512,-0.87588795955278,1.2326900494737811,-0.6744907594765952,-0.10264043637505327,0.14307379746473214
2008-04-25 21:30:00+00:00,ME02,-0.019246508806910888,0.1092038447412642,-0.17488301923857455,1.1321689152236512,-0.87588795955278,1.2326900494737811,-0.6744907594765952,-0.10264043637505327,0.14307379746473214
2008-04-25 21:40:00+00:00,ME02,-0.01938784890334032,0.7619200562651984,-0.10301529085418115,1.1321689152236512,-0.87588795955278,1.2326900494737811,-0.6744907594765952,-0.10264043637505327,0.14307379746473214
2008-04-25 21:50:00+00:00,ME02,-0.01886258113432748,0.6004378579096679,-0.14657203272123637,1.1321689152236512,-0.87588795955278,1.2326900494737811,-0.6744907594765952,-0.10264043637505327,0.14307379746473214
2008-04-25 22:00:00+00:00,ME02,-0.01921686850674401,1.222698856063164,-0.22876833297449028,0.9394572696589089,-0.9126208966513157,1.215774964264778,-0.4215567632453126,-0.10264043637505327,0.14307379746473214
2008-04-25 22:10:00+00:00,ME02,-0.019145595760165383,-1.0585267377803877,-0.20703530802893094,0.9394572696589089,-0.9126208966513157,1.215774964264778,-0.4215567632453126,-0.10264043637505327,0.14307379746473214
2008-04-25 22:20:00+00:00,ME02,-0.01890547978576128,-0.9582883800233697,-0.19643284844220865,0.9394572696589089,-0.9126208966513157,1.215774964264778,-0.4215567632453126,-0.10264043637505327,0.14307379746473214
2008-04-25 22:30:00+00:00,ME02,-0.017821795626039492,1.5762463334836292,-0.1831250664854828,0.9394572696589089,-0.9126208966513157,1.215774964264778,-0.4215567632453126,-0.10264043637505327,0.14307379746473214
2008-04-25 22:40:00+00:00,ME02,-0.018499964283232667,0.13980549780359547,-0.16568454218909798,0.9394572696589089,-0.9126208966513157,1.215774964264778,-0.4215567632453126,-0.10264043637505327,0.14307379746473214
2008-04-25 22:50:00+00:00,ME02,-0.020637847655902677,1.0729935057184221,-0.11591885202562001,0.9394572696589089,-0.9126208966513157,1.215774964264778,-0.4215567632453126,-0.10264043637505327,0.14307379746473214
2008-04-25 23:00:00+00:00,ME02,-0.019237244483581308,-0.7764024817620169,-0.24162325217762876,1.5175922063531342,-0.9696201718835042,1.0212510409312439,2.1499392765454273,-0.10264043637505327,0.14307379746473214
2008-04-25 23:10:00+00:00,ME02,-0.016883088353396226,-0.8419582030385365,-0.1300574868499773,1.5175922063531342,-0.9696201718835042,1.0212510409312439,2.1499392765454273,-0.10264043637505327,0.14307379746473214
2008-04-25 23:20:00+00:00,ME02,-0.02038416288369047,0.9028026680977137,-0.14831657358269854,1.5175922063531342,-0.9696201718835042,1.0212510409312439,2.1499392765454273,-0.10264043637505327,0.14307379746473214
2008-04-25 23:30:00+00:00,ME02,-0.019914607118072972,-0.06617103691614398,-0.11021093212282755,1.5175922063531342,-0.9696201718835042,1.0212510409312439,2.1499392765454273,-0.10264043637505327,0.14307379746473214
2008-04-25 23:40:00+00:00,ME02,-0.016085911885703907,0.8074387737342138,0.15489621255410804,1.5175922063531342,-0.9696201718835042,1.0212510409312439,2.1499392765454273,-0.10264043637505327,0.14307379746473214
2008-04-25 23:50:00+00:00,ME02,-0.014310159777991622,0.5081945643506587,0.10771886430872854,1.5175922063531342,-0.9696201718835042,1.0212510409312439,2.1499392765454273,-0.10264043637505327,0.14307379746473214
2008-04-26 00:00:00+00:00,ME02,-0.016940877038305907,1.1939368852625305,0.03123275549203799,1.6862509036298992,-1.0202860172176356,0.7717527211433454,0.8431134236307837,-0.10264043637505327,0.16351291138826562
2008-04-26 00:10:00+00:00,ME02,-0.019065987206460536,-0.7706946405869259,-0.013427939673344914,1.6862509036298992,-1.0202860172176356,0.7717527211433454,0.8431134236307837,-0.10264043637505327,0.16351291138826562
2008-04-26 00:20:00+00:00,ME02,-0.017511851108049103,-0.8576416185500958,-0.02031499665651961,1.6862509036298992,-1.0202860172176356,0.7717527211433454,0.8431134236307837,-0.10264043637505327,0.16351291138826562
2008-04-26 00:30:00+00:00,ME02,-0.017533855459260745,0.2894510314766736,-0.007709681929284825,1.6862509036298992,-1.0202860172176356,0.7717527211433454,0.8431134236307837,-0.10264043637505327,0.16351291138826562
2008-04-26 00:40:00+00:00,ME02,-0.017220117129235723,-0.20655166746989523,0.2048186359423945,1.6862509036298992,-1.0202860172176356,0.7717527211433454,0.8431134236307837,-0.10264043637505327,0.16351291138826562
2008-04-26 00:50:00+00:00,ME02,-0.017701844047475452,1.0976044580597082,0.17527968546903674,1.6862509036298992,-1.0202860172176356,0.7717527211433454,0.8431134236307837,-0.10264043637505327,0.16351291138826562
2008-04-26 01:00:00+00:00,ME02,-0.01832266532319855,-0.7130562664312159,-0.05929999318365829,1.4935392580651583,-1.145684316471762,0.6660333646821152,1.0960475227219078,-0.10264043637505327,0.16351291138826562
2008-04-26 01:10:00+00:00,ME02,-0.01846121571345115,-0.9297070006711056,-0.013554072559210989,1.4935392580651583,-1.145684316471762,0.6660333646821152,1.0960475227219078,-0.10264043637505327,0.16351291138826562
2008-04-26 01:20:00+00:00,ME02,-0.018317200038507286,1.3367010360647003,-0.037699616588188566,1.4935392580651583,-1.145684316471762,0.6660333646821152,1.0960475227219078,-0.10264043637505327,0.16351291138826562
2008-04-26 01:30:00+00:00,ME02,-0.017659723980097783,0.30099447080335034,0.10099920140998535,1.4935392580651583,-1.145684316471762,0.6660333646821152,1.0960475227219078,-0.10264043637505327,0.16351291138826562
2008-04-26 01:40:00+00:00,ME02,-0.01436839647165304,0.12500734643282216,0.3504783411994396,1.4935392580651583,-1.145684316471762,0.6660333646821152,1.0960475227219078,-0.10264043637505327,0.16351291138826562
2008-04-26 01:50:00+00:00,ME02,-0.015225660078165655,0.3523325168463991,0.46577377765743677,1.4935392580651583,-1.145684316471762,0.6660333646821152,1.0960475227219078,-0.10264043637505327,0.16351291138826562
2008-04-26 02:00:00+00:00,ME02,-0.01791768217309578,-1.0531201024577508,0.2452622561741541,1.2767266543356175,-1.316681876526607,0.5476274725990834,-0.6744907594765952,-0.10264043637505327,0.16351291138826562
2008-04-26 02:10:00+00:00,ME02,-0.015036181887548147,0.4900809812346597,0.46581216200089354,1.2767266543356175,-1.316681876526607,0.5476274725990834,-0.6744907594765952,-0.10264043637505327,0.16351291138826562
2008-04-26 02:20:00+00:00,ME02,-0.012937121257518792,-0.7931145068523103,0.45927871936291453,1.2767266543356175,-1.316681876526607,0.5476274725990834,-0.6744907594765952,-0.10264043637505327,0.16351291138826562
2008-04-26 02:30:00+00:00,ME02,-0.015753123810223167,0.769101475849754,0.40194830840259993,1.2767266543356175,-1.316681876526607,0.5476274725990834,-0.6744907594765952,-0.10264043637505327,0.16351291138826562
2008-04-26 02:40:00+00:00,ME02,-0.011136150306429561,0.6177431749211744,1.0038433233566755,1.2767266543356175,-1.316681876526607,0.5476274725990834,-0.6744907594765952,-0.10264043637505327,0.16351291138826562
2008-04-26 02:50:00+00:00,ME02,-0.00951306494372182,0.8878704579419109,1.0533036458524037,1.2767266543356175,-1.316681876526607,0.5476274725990834,-0.6744907594765952,-0.10264043637505327,0.16351291138826562
2008-04-26 03:00:00+00:00,ME02,-0.012713887935636258,-0.850850801994536,0.6686992214360751,1.6862509036298992,-1.3559482387127095,0.44190782051777655,-0.6744907594765952,-0.10264043637505327,0.16351291138826562
2008-04-26 03:10:00+00:00,ME02,-0.012676756177053635,-0.5517308478182885,0.7157029603323285,1.6862509036298992,-1.3559482387127095,0.44190782051777655,-0.6744907594765952,-0.10264043637505327,0.16351291138826562
2008-04-26 03:20:00+00:00,ME02,-0.010983441973710562,0.18218938945869706,0.8757720329111028,1.6862509036298992,-1.3559482387127095,0.44190782051777655,-0.6744907594765952,-0.10264043637505327,0.16351291138826562
2008-04-26 03:30:00+00:00,ME02,-0.012917127932940657,0.0010257958689771595,0.8198571313575637,1.6862509036298992,-1.3559482387127095,0.44190782051777655,-0.6744907594765952,-0.10264043637505327,0.16351291138826562
2008-04-26 03:40:00+00:00,ME02,-0.007874137349813064,0.027666619279949217,1.3384671223229325,1.6862509036298992,-1.3559482387127095,0.44190782051777655,-0.6744907594765952,-0.10264043637505327,0.16351291138826562
2008-04-26 03:50:00+00:00,ME02,-0.010979890684572426,0.6768327021321908,1.2693124915357097,1.6862509036298992,-1.3559482387127095,0.44190782051777655,-0.6744907594765952,-0.10264043637505327,0.16351291138826562
2008-04-26 04:00:00+00:00,ME02,-0.011998590393761424,-0.6173722925211066,0.9834791089929023,1.46943829990036,-1.1469508961946853,0.3911625648908006,1.2225145208375494,-0.10264043637505327,0.16351291138826562
2008-04-26 04:10:00+00:00,ME02,-0.014566330694452451,0.6216137653547286,0.9452242123673888,1.46943829990036,-1.1469508961946853,0.3911625648908006,1.2225145208375494,-0.10264043637505327,0.16351291138826562
2008-04-26 04:20:00+00:00,ME02,-0.009590439361509306,0.28213626199713554,1.1146148633594832,1.46943829990036,-1.1469508961946853,0.3911625648908006,1.2225145208375494,-0.10264043637505327,0.16351291138826562
2008-04-26 04:30:00+00:00,ME02,-0.010699944291349602,0.7079243146665396,1.1665514014808867,1.46943829990036,-1.1469508961946853,0.3911625648908006,1.2225145208375494,-0.10264043637505327,0.16351291138826562
2008-04-26 04:40:00+00:00,ME02,-0.007176246336097766,0.5602964545399454,1.5629274207613728,1.46943829990036,-1.1469508961946853,0.3911625648908006,1.2225145208375494,-0.10264043637505327,0.16351291138826562
2008-04-26 04:50:00+00:00,ME02,-0.006024969078023776,0.9017492368068596,1.616617481522236,1.46943829990036,-1.1469508961946853,0.3911625648908006,1.2225145208375494,-0.10264043637505327,0.16351291138826562
2008-04-26 05:00:00+00:00,ME02,-0.011697187845958641,-0.9486053777483384,1.1032754653677181,1.4453373417355615,-0.88348796917376,0.37424718406172075,-0.4215567632453126,-0.10264043637505327,0.16351291138826562
2008-04-26 05:10:00+00:00,ME02,-0.014143459223590239,-0.9748944918640557,0.9289606097046649,1.4453373417355615,-0.88348796917376,0.37424718406172075,-0.4215567632453126,-0.10264043637505327,0.16351291138826562
2008-04-26 05:20:00+00:00,ME02,-0.013037774935869115,0.4489266871764307,0.8740849437874855,1.4453373417355615,-0.88348796917376,0.37424718406172075,-0.4215567632453126,-0.10264043637505327,0.16351291138826562
2008-04-26 05:30:00+00:00,ME02,-0.01249411016465876,0.21199244350031896,0.49224541656900006,1.4453373417355615,-0.88348796917376,0.37424718406172075,-0.4215567632453126,-0.10264043637505327,0.16351291138826562
2008-04-26 05:40:00+00:00,ME02,-0.015392430197960329,1.4076879993381672,0.5677043634586479,1.4453373417355615,-0.88348796917376,0.37424718406172075,-0.4215567632453126,-0.10264043637505327,0.16351291138826562
2008-04-26 05:50:00+00:00,ME02,-0.014785451311806285,0.5729801055399534,0.20124331163723747,1.4453373417355615,-0.88348796917376,0.37424718406172075,-0.4215567632453126,-0.10264043637505327,0.16351291138826562
2008-04-26 06:00:00+00:00,ME02,-0.0220170779690674,0.4579345569986196,-0.3860392525545353,1.2767266543356175,0.38569477696774346,0.44190782051777655,-0.6744907594765952,-0.10264043637505327,0.231643291133376
2008-04-26 06:10:00+00:00,ME02,-0.02235784942504644,-0.921782873480089,-0.5121326017719737,1.2767266543356175,0.38569477696774346,0.44190782051777655,-0.6744907594765952,-0.10264043637505327,0.231643291133376
2008-04-26 06:20:00+00:00,ME02,-0.023604961777760263,-1.0061882586903665,-0.700710465903065,1.2767266543356175,0.38569477696774346,0.44190782051777655,-0.6744907594765952,-0.10264043637505327,0.231643291133376
2008-04-26 06:30:00+00:00,ME02,-0.021352406433507557,-0.3184222623227396,-0.27526751820802603,1.2767266543356175,0.38569477696774346,0.44190782051777655,-0.6744907594765952,-0.10264043637505327,0.231643291133376
2008-04-26 06:40:00+00:00,ME02,-0.022519486082754513,1.676643159160586,-0.4762249165879587,1.2767266543356175,0.38569477696774346,0.44190782051777655,-0.6744907594765952,-0.10264043637505327,0.231643291133376
2008-04-26 06:50:00+00:00,ME02,-0.016946268378792977,0.3264134523947284,0.07822746336297143,1.2767266543356175,0.38569477696774346,0.44190782051777655,-0.6744907594765952,-0.10264043637505327,0.231643291133376
2008-04-26 07:00:00+00:00,ME02,-0.017889585764294953,0.6002555365175205,0.42205976406709544,1.46943829990036,0.6276247861320932,0.4630517509340581,0.8431134236307837,-0.10264043637505327,0.231643291133376
2008-04-26 07:10:00+00:00,ME02,-0.01758652396578878,0.24053486526422016,0.3535348858333941,1.46943829990036,0.6276247861320932,0.4630517509340581,0.8431134236307837,-0.10264043637505327,0.231643291133376
2008-04-26 07:20:00+00:00,ME02,-0.015751309177445293,0.7042557230414226,0.4506740460902829,1.46943829990036,0.6276247861320932,0.4630517509340581,0.8431134236307837,-0.10264043637505327,0.231643291133376
2008-04-26 07:30:00+00:00,ME02,-0.0161420841122486,2.405858587175736,0.21329149706098366,1.46943829990036,0.6276247861320932,0.4630517509340581,0.8431134236307837,-0.10264043637505327,0.231643291133376
2008-04-26 07:40:00+00:00,ME02,-0.007150197001069446,18.730166056125146,1.7463492274527268,1.46943829990036,0.6276247861320932,0.4630517509340581,0.8431134236307837,-0.10264043637505327,0.231643291133376
2008-04-26 07:50:00+00:00,ME02,-0.0101791002346969,11.037339326689978,1.426309234611672,1.46943829990036,0.6276247861320932,0.4630517509340581,0.8431134236307837,-0.10264043637505327,0.231643291133376
2008-04-26 08:00:00+00:00,ME02,-0.0009925621842514503,6.411265638121135,2.3049314741807807,1.4935392580651583,0.8074892011725617,0.5180258517683124,1.4754485170688318,-0.10264043637505327,0.231643291133376
2008-04-26 08:10:00+00:00,ME02,-0.004790945161341039,-0.507098630135503,1.6710270295820169,1.4935392580651583,0.8074892011725617,0.5180258517683124,1.4754485170688318,-0.10264043637505327,0.231643291133376
2008-04-26 08:20:00+00:00,ME02,-0.00892963547704015,-0.5512267027246136,1.1405441449123799,1.4935392580651583,0.8074892011725617,0.5180258517683124,1.4754485170688318,-0.10264043637505327,0.231643291133376
2008-04-26 08:30:00+00:00,ME02,-0.010189497755018519,-0.07465551010444854,1.0596383917729715,1.4935392580651583,0.8074892011725617,0.5180258517683124,1.4754485170688318,-0.10264043637505327,0.231643291133376
2008-04-26 08:40:00+00:00,ME02,-0.004703055483718063,5.885423990041937,1.424680022345072,1.4935392580651583,0.8074892011725617,0.5180258517683124,1.4754485170688318,-0.10264043637505327,0.231643291133376
2008-04-26 08:50:00+00:00,ME02,-0.0152400649793419,0.09981149914954274,0.26282428086760407,1.4935392580651583,0.8074892011725617,0.5180258517683124,1.4754485170688318,-0.10264043637505327,0.231643291133376
2008-04-26 09:00:00+00:00,ME02,-0.016843580128123793,-1.0631497001714982,0.0770044585909713,1.1321689152236512,0.3261623422897088,0.3911625648908006,0.46371242928385975,-0.10264043637505327,0.231643291133376
2008-04-26 09:10:00+00:00,ME02,-0.01676945202952409,-0.008593544883213447,-0.08924555126817865,1.1321689152236512,0.3261623422897088,0.3911625648908006,0.46371242928385975,-0.10264043637505327,0.231643291133376
2008-04-26 09:20:00+00:00,ME02,-0.01617717282885792,-0.8296058357175395,-0.1565739735048085,1.1321689152236512,0.3261623422897088,0.3911625648908006,0.46371242928385975,-0.10264043637505327,0.231643291133376
2008-04-26 09:30:00+00:00,ME02,-0.015270758568994392,-0.4767725657215085,-0.03459746872657406,1.1321689152236512,0.3261623422897088,0.3911625648908006,0.46371242928385975,-0.10264043637505327,0.231643291133376
2008-04-26 09:40:00+00:00,ME02,-0.019224061079194537,1.0891311001922193,-0.29611162491099075,1.1321689152236512,0.3261623422897088,0.3911625648908006,0.46371242928385975,-0.10264043637505327,0.231643291133376
2008-04-26 09:50:00+00:00,ME02,-0.017866096442393828,-0.1773339250147566,-0.613433201074708,1.1321689152236512,0.3261623422897088,0.3911625648908006,0.46371242928385975,-0.10264043637505327,0.231643291133376
2008-04-26 10:00:00+00:00,ME02,-0.022031867058726604,0.7488516223529896,-0.767881853268838,2.2402848821593246,-0.6314245253008635,0.3277307736420232,0.04215566603854714,-0.10264043637505327,0.231643291133376
2008-04-26 10:10:00+00:00,ME02,-0.020788692934306307,-0.5842739664266428,-0.769010832186992,2.2402848821593246,-0.6314245253008635,0.3277307736420232,0.04215566603854714,-0.10264043637505327,0.231643291133376
2008-04-26 10:20:00+00:00,ME02,-0.01739816537571521,0.24009991823568444,-0.35800987601561884,2.2402848821593246,-0.6314245253008635,0.3277307736420232,0.04215566603854714,-0.10264043637505327,0.231643291133376
2008-04-26 10:30:00+00:00,ME02,-0.01658298496997101,-0.5882816880159145,0.9945969274912164,2.2402848821593246,-0.6314245253008635,0.3277307736420232,0.04215566603854714,-0.10264043637505327,0.231643291133376
2008-04-26 10:40:00+00:00,ME02,-0.012316231911146287,1.283548305195959,0.3111994022684031,2.2402848821593246,-0.6314245253008635,0.3277307736420232,0.04215566603854714,-0.10264043637505327,0.231643291133376
2008-04-26 10:50:00+00:00,ME02,-0.012088200874232935,0.3462265255654117,-0.0011466424432888872,2.2402848821593246,-0.6314245253008635,0.3277307736420232,0.04215566603854714,-0.10264043637505327,0.231643291133376
2008-04-26 11:00:00+00:00,ME02,-0.012036829507392753,0.9025390336904305,-0.35307870882976866,0.9153563114941105,-0.8087555152537652,0.2981291528112185,-0.6744907594765952,0.5627527373666715,0.231643291133376
2008-04-26 11:10:00+00:00,ME02,-0.01563659352326719,-0.7858457735384149,-0.3465116299711011,0.9153563114941105,-0.8087555152537652,0.2981291528112185,-0.6744907594765952,0.5627527373666715,0.231643291133376
2008-04-26 11:20:00+00:00,ME02,-0.013880983030765745,0.21844826114403648,-0.332429230019845,0.9153563114941105,-0.8087555152537652,0.2981291528112185,-0.6744907594765952,0.5627527373666715,0.231643291133376
2008-04-26 11:30:00+00:00,ME02,0.03784403539158616,57.85141322892579,5.330939054464903,0.9153563114941105,-0.8087555152537652,0.2981291528112185,-0.6744907594765952,0.5627527373666715,0.231643291133376
2008-04-26 11:40:00+00:00,ME02,0.007469551491786262,0.2429992414881243,2.2079810797887025,0.9153563114941105,-0.8087555152537652,0.2981291528112185,-0.6744907594765952,0.5627527373666715,0.231643291133376
2008-04-26 11:50:00+00:00,ME02,0.006698085812818676,0.8702277295730967,1.5245050605595758,0.9153563114941105,-0.8087555152537652,0.2981291528112185,-0.6744907594765952,0.5627527373666715,0.231643291133376
2008-04-26 12:00:00+00:00,ME02,0.016613275581754097,1.1501884579399064,2.9244696640574426,1.300827612500416,-0.9873530849295898,0.31927308322750003,1.6440712840828622,1.228145911108396,0.2997736708784871
2008-04-26 12:10:00+00:00,ME02,0.05884991937642281,2.4308945377589497,9.503512760812265,1.300827612500416,-0.9873530849295898,0.31927308322750003,1.6440712840828622,1.228145911108396,0.2997736708784871
2008-04-26 12:20:00+00:00,ME02,0.0735633083303956,1.0376500547106202,11.413694601621142,1.300827612500416,-0.9873530849295898,0.31927308322750003,1.6440712840828622,1.228145911108396,0.2997736708784871
2008-04-26 12:30:00+00:00,ME02,0.06327814944859185,2.0947351693045624,10.221237347632993,1.300827612500416,-0.9873530849295898,0.31927308322750003,1.6440712840828622,1.228145911108396,0.2997736708784871
2008-04-26 12:40:00+00:00,ME02,0.0452530065266594,3.214723043222655,8.31362779557528,1.300827612500416,-0.9873530849295898,0.31927308322750003,1.6440712840828622,1.228145911108396,0.2997736708784871
2008-04-26 12:50:00+00:00,ME02,0.03847455254155735,2.059154940227959,6.809368430760469,1.300827612500416,-0.9873530849295898,0.31927308322750003,1.6440712840828622,1.228145911108396,0.2997736708784871
2008-04-26 13:00:00+00:00,ME02,0.0432488026993404,2.005870971990019,6.66939034514368,0.8913033632061358,0.6858906410872045,0.39961995968528063,-0.6744907594765952,-0.10264043637505327,0.2997736708784871
2008-04-26 13:10:00+00:00,ME02,0.02958212628990516,0.5435005974528431,5.527509986414231,0.8913033632061358,0.6858906410872045,0.39961995968528063,-0.6744907594765952,-0.10264043637505327,0.2997736708784871
2008-04-26 13:20:00+00:00,ME02,0.03126051153373942,0.9410975603560839,5.8823561489779905,0.8913033632061358,0.6858906410872045,0.39961995968528063,-0.6744907594765952,-0.10264043637505327,0.2997736708784871
2008-04-26 13:30:00+00:00,ME02,0.040135025946769924,2.931690511261767,6.301598822698638,0.8913033632061358,0.6858906410872045,0.39961995968528063,-0.6744907594765952,-0.10264043637505327,0.2997736708784871
2008-04-26 13:40:00+00:00,ME02,0.04205264236019184,4.953430976062221,6.247590724390543,0.8913033632061358,0.6858906410872045,0.39961995968528063,-0.6744907594765952,-0.10264043637505327,0.2997736708784871
2008-04-26 13:50:00+00:00,ME02,0.038203871410660756,3.7229578333269435,6.555436555114187,0.8913033632061358,0.6858906410872045,0.39961995968528063,-0.6744907594765952,-0.10264043637505327,0.2997736708784871
2008-04-26 14:00:00+00:00,ME02,0.03567126557668635,1.838861217600247,6.393748085421141,0.9153563114941105,0.009499879205364287,0.20086719114446833,-0.16862266415418836,-0.10264043637505327,0.2997736708784871
2008-04-26 14:10:00+00:00,ME02,0.03411232942383582,0.04189191143781773,5.840395033087048,0.9153563114941105,0.009499879205364287,0.20086719114446833,-0.16862266415418836,-0.10264043637505327,0.2997736708784871
2008-04-26 14:20:00+00:00,ME02,0.036154355740277144,0.9600014489383488,6.09484487049083,0.9153563114941105,0.009499879205364287,0.20086719114446833,-0.16862266415418836,-0.10264043637505327,0.2997736708784871
2008-04-26 14:30:00+00:00,ME02,0.030019655146286118,2.869071076680329,5.791368931262651,0.9153563114941105,0.009499879205364287,0.20086719114446833,-0.16862266415418836,-0.10264043637505327,0.2997736708784871
2008-04-26 14:40:00+00:00,ME02,0.009617706327207966,18.292751532157602,2.6232749533306157,0.9153563114941105,0.009499879205364287,0.20086719114446833,-0.16862266415418836,-0.10264043637505327,0.2997736708784871
2008-04-26 14:50:00+00:00,ME02,0.007851450539942505,14.27619948062349,2.3875704452022197,0.9153563114941105,0.009499879205364287,0.20086719114446833,-0.16862266415418836,-0.10264043637505327,0.2997736708784871
2008-04-26 15:00:00+00:00,ME02,0.03477531865216523,2.8004664839658635,5.91779973363296,0.8913033632061358,0.23116355023606122,0.08246129906140298,0.04215566603854714,-0.10264043637505327,0.2997736708784871
2008-04-26 15:10:00+00:00,ME02,0.03370317793099229,0.9593322242072087,6.4836446787593704,0.8913033632061358,0.23116355023606122,0.08246129906140298,0.04215566603854714,-0.10264043637505327,0.2997736708784871
2008-04-26 15:20:00+00:00,ME02,0.021863692418387648,-0.055551005442300856,3.8917136897849955,0.8913033632061358,0.23116355023606122,0.08246129906140298,0.04215566603854714,-0.10264043637505327,0.2997736708784871
2008-04-26 15:30:00+00:00,ME02,0.04173050605281047,3.9790512552892223,7.23265778773977,0.8913033632061358,0.23116355023606122,0.08246129906140298,0.04215566603854714,-0.10264043637505327,0.2997736708784871
2008-04-26 15:40:00+00:00,ME02,0.0435293764474529,1.5664858305150062,6.981792163057767,0.8913033632061358,0.23116355023606122,0.08246129906140298,0.04215566603854714,-0.10264043637505327,0.2997736708784871
2008-04-26 15:50:00+00:00,ME02,0.027382330515839996,1.9659998360941804,5.328698505542466,0.8913033632061358,0.23116355023606122,0.08246129906140298,0.04215566603854714,-0.10264043637505327,0.2997736708784871
2008-04-26 16:00:00+00:00,ME02,0.008669990380983567,0.0016604351962434063,2.8107205091613974,0.8913033632061358,-0.342628675612872,0.04863112864343022,0.37940109720676546,-0.10264043637505327,0.2997736708784871
2008-04-26 16:10:00+00:00,ME02,-0.003871307475115916,-0.14910963357068407,1.123915900289121,0.8913033632061358,-0.342628675612872,0.04863112864343022,0.37940109720676546,-0.10264043637505327,0.2997736708784871
2008-04-26 16:20:00+00:00,ME02,-0.002308944669610873,-0.2852190637830039,1.3940943721230044,0.8913033632061358,-0.342628675612872,0.04863112864343022,0.37940109720676546,-0.10264043637505327,0.2997736708784871
2008-04-26 16:30:00+00:00,ME02,-0.0021334095244965323,-0.6608527982332735,1.0498905797578797,0.8913033632061358,-0.342628675612872,0.04863112864343022,0.37940109720676546,-0.10264043637505327,0.2997736708784871
2008-04-26 16:40:00+00:00,ME02,0.0015281746831129956,0.18434454284105478,1.1333637300194304,0.8913033632061358,-0.342628675612872,0.04863112864343022,0.37940109720676546,-0.10264043637505327,0.2997736708784871
2008-04-26 16:50:00+00:00,ME02,-0.008198035952851445,0.0048460753798626865,0.5467029229021937,0.8913033632061358,-0.342628675612872,0.04863112864343022,0.37940109720676546,-0.10264043637505327,0.2997736708784871
2008-04-26 17:00:00+00:00,ME02,-0.002830123590323439,-0.5704838171805167,0.6581806283658894,0.6985917176413935,-0.9202206406305751,0.11206291989220765,-0.4215567632453126,-0.10264043637505327,0.2997736708784871
2008-04-26 17:10:00+00:00,ME02,-0.009093601317058001,0.6886935666878176,-0.08777985682528645,0.6985917176413935,-0.9202206406305751,0.11206291989220765,-0.4215567632453126,-0.10264043637505327,0.2997736708784871
2008-04-26 17:20:00+00:00,ME02,-0.015520263755032024,-1.113385999621304,-0.7008098476625817,0.6985917176413935,-0.9202206406305751,0.11206291989220765,-0.4215567632453126,-0.10264043637505327,0.2997736708784871
2008-04-26 17:30:00+00:00,ME02,-0.012882329330532325,1.0959303352785454,-0.8858666590403388,0.6985917176413935,-0.9202206406305751,0.11206291989220765,-0.4215567632453126,-0.10264043637505327,0.2997736708784871
2008-04-26 17:40:00+00:00,ME02,-0.013322549294751585,0.2313715417173619,0.051180717239238296,0.6985917176413935,-0.9202206406305751,0.11206291989220765,-0.4215567632453126,-0.10264043637505327,0.2997736708784871
2008-04-26 17:50:00+00:00,ME02,-0.011631571865510925,1.3255880214380993,0.08607891623495326,0.6985917176413935,-0.9202206406305751,0.11206291989220765,-0.4215567632453126,-0.10264043637505327,0.2997736708784871
2008-04-26 18:00:00+00:00,ME02,-0.014211323476985909,-0.9709712679904068,-0.011552743776599015,0.6744907594765952,-1.0025528385298292,0.12052031468668771,0.33724543116821853,-0.10264043637505327,0.3679040506235975
2008-04-26 18:10:00+00:00,ME02,-0.012947189050305813,-0.835713141243742,0.05477688198338633,0.6744907594765952,-1.0025528385298292,0.12052031468668771,0.33724543116821853,-0.10264043637505327,0.3679040506235975
2008-04-26 18:20:00+00:00,ME02,-0.01123818686006219,0.38447689838962534,-0.05961234704189939,0.6744907594765952,-1.0025528385298292,0.12052031468668771,0.33724543116821853,-0.10264043637505327,0.3679040506235975
2008-04-26 18:30:00+00:00,ME02,-0.014989008710860336,-0.1336659723036041,0.12388405248245334,0.6744907594765952,-1.0025528385298292,0.12052031468668771,0.33724543116821853,-0.10264043637505327,0.3679040506235975
2008-04-26 18:40:00+00:00,ME02,-0.012895698908269733,1.1352289590106812,0.32569424904577277,0.6744907594765952,-1.0025528385298292,0.12052031468668771,0.33724543116821853,-0.10264043637505327,0.3679040506235975
2008-04-26 18:50:00+00:00,ME02,-0.009922179972249319,0.6173360998253109,0.2827658121766983,0.6744907594765952,-1.0025528385298292,0.12052031468668771,0.33724543116821853,-0.10264043637505327,0.3679040506235975
2008-04-26 19:00:00+00:00,ME02,-0.012647843036868129,-0.706892673407449,0.21918712524803444,0.9394572696589089,-1.179883828482731,0.33618816843646965,-0.6744907594765952,-0.10264043637505327,0.3679040506235975
2008-04-26 19:10:00+00:00,ME02,-0.012602318044130728,0.7894939701384847,0.1876393479732769,0.9394572696589089,-1.179883828482731,0.33618816843646965,-0.6744907594765952,-0.10264043637505327,0.3679040506235975
2008-04-26 19:20:00+00:00,ME02,-0.0129945921557629,-0.8743740553583695,0.1892828201512323,0.9394572696589089,-1.179883828482731,0.33618816843646965,-0.6744907594765952,-0.10264043637505327,0.3679040506235975
2008-04-26 19:30:00+00:00,ME02,-0.014761930679977029,0.7822980943399169,0.41854311530863664,0.9394572696589089,-1.179883828482731,0.33618816843646965,-0.6744907594765952,-0.10264043637505327,0.3679040506235975
2008-04-26 19:40:00+00:00,ME02,-0.007258651839632617,0.14269528451058106,0.8130832305360357,0.9394572696589089,-1.179883828482731,0.33618816843646965,-0.6744907594765952,-0.10264043637505327,0.3679040506235975
2008-04-26 19:50:00+00:00,ME02,-0.00782914734674304,0.6471791075817356,0.8522127436309375,0.9394572696589089,-1.179883828482731,0.33618816843646965,-0.6744907594765952,-0.10264043637505327,0.3679040506235975
2008-04-26 20:00:00+00:00,ME02,-0.008342216482470894,-0.6635567310315905,0.6721635930092145,1.324880560788392,-1.1140179639066397,0.42499273530880693,-0.08431133207709418,-0.10264043637505327,0.3679040506235975
2008-04-26 20:10:00+00:00,ME02,-0.00898162058704983,-0.7098448390213237,0.7756007341594302,1.324880560788392,-1.1140179639066397,0.42499273530880693,-0.08431133207709418,-0.10264043637505327,0.3679040506235975
2008-04-26 20:20:00+00:00,ME02,-0.008853516935944992,0.1426273347500175,0.7698692027512964,1.324880560788392,-1.1140179639066397,0.42499273530880693,-0.08431133207709418,-0.10264043637505327,0.3679040506235975
2008-04-26 20:30:00+00:00,ME02,-0.008411470094477817,-0.0710566736623251,0.8244053552020986,1.324880560788392,-1.1140179639066397,0.42499273530880693,-0.08431133207709418,-0.10264043637505327,0.3679040506235975
2008-04-26 20:40:00+00:00,ME02,-0.00658337345469649,0.09564933380542649,1.3960587712491792,1.324880560788392,-1.1140179639066397,0.42499273530880693,-0.08431133207709418,-0.10264043637505327,0.3679040506235975
2008-04-26 20:50:00+00:00,ME02,-0.0045411336208070014,0.7164339793594255,1.314480361382138,1.324880560788392,-1.1140179639066397,0.42499273530880693,-0.08431133207709418,-0.10264043637505327,0.3679040506235975
2008-04-26 21:00:00+00:00,ME02,-0.005611255335743893,-0.8581169063813767,0.9901459734253631,1.46943829990036,-1.205216751149797,0.41653504489425025,0.16862266415418845,-0.10264043637505327,0.3679040506235975
2008-04-26 21:10:00+00:00,ME02,-0.0035873258118767942,0.2519242338634435,0.9063685303217422,1.46943829990036,-1.205216751149797,0.41653504489425025,0.16862266415418845,-0.10264043637505327,0.3679040506235975
2008-04-26 21:20:00+00:00,ME02,-0.010371065268845965,-0.6979879139425429,0.9092575126578046,1.46943829990036,-1.205216751149797,0.41653504489425025,0.16862266415418845,-0.10264043637505327,0.3679040506235975
2008-04-26 21:30:00+00:00,ME02,-0.007337819628524396,0.3924971394239348,0.9039335461455182,1.46943829990036,-1.205216751149797,0.41653504489425025,0.16862266415418845,-0.10264043637505327,0.3679040506235975
2008-04-26 21:40:00+00:00,ME02,-0.004450959937525131,0.2867423591861419,1.3278576847588477,1.46943829990036,-1.205216751149797,0.41653504489425025,0.16862266415418845,-0.10264043637505327,0.3679040506235975
2008-04-26 21:50:00+00:00,ME02,-0.005992319637921045,-0.06616597332287452,1.2551641787531114,1.46943829990036,-1.205216751149797,0.41653504489425025,0.16862266415418845,-0.10264043637505327,0.3679040506235975
2008-04-26 22:00:00+00:00,ME02,-0.009062644217611621,-0.42127790705191714,0.8596064260233733,1.46943829990036,-1.0772852924498242,0.37424718406172075,-0.2107783301927355,-0.10264043637505327,0.3679040506235975
2008-04-26 22:10:00+00:00,ME02,-0.011105372909405265,-0.9022156970585472,0.8268718378308283,1.46943829990036,-1.0772852924498242,0.37424718406172075,-0.2107783301927355,-0.10264043637505327,0.3679040506235975
2008-04-26 22:20:00+00:00,ME02,-0.00905698737063158,0.41657161190282255,0.9591383944493607,1.46943829990036,-1.0772852924498242,0.37424718406172075,-0.2107783301927355,-0.10264043637505327,0.3679040506235975
2008-04-26 22:30:00+00:00,ME02,-0.010463950474422938,-0.15045634874977898,0.9588906979348593,1.46943829990036,-1.0772852924498242,0.37424718406172075,-0.2107783301927355,-0.10264043637505327,0.3679040506235975
2008-04-26 22:40:00+00:00,ME02,-0.0058726316645751776,-0.3602447969843854,1.5135769320771608,1.46943829990036,-1.0772852924498242,0.37424718406172075,-0.2107783301927355,-0.10264043637505327,0.3679040506235975
2008-04-26 22:50:00+00:00,ME02,-0.007434648199577273,1.3700444019580105,1.3725727922701545,1.46943829990036,-1.0772852924498242,0.37424718406172075,-0.2107783301927355,-0.10264043637505327,0.3679040506235975
2008-04-26 23:00:00+00:00,ME02,-0.01226149324169907,0.7704057443000386,0.875274007601045,1.4935392580651583,-0.9835530801190998,0.4038488048925254,2.5293403737521927,-0.10264043637505327,0.3679040506235975
2008-04-26 23:10:00+00:00,ME02,-0.011697173437794481,-0.874060286474726,0.9802490912040692,1.4935392580651583,-0.9835530801190998,0.4038488048925254,2.5293403737521927,-0.10264043637505327,0.3679040506235975
2008-04-26 23:20:00+00:00,ME02,-0.01157818582399484,-0.7848506137559341,0.9038018533489461,1.4935392580651583,-0.9835530801190998,0.4038488048925254,2.5293403737521927,-0.10264043637505327,0.3679040506235975
2008-04-26 23:30:00+00:00,ME02,-0.010376164419592021,0.12223216747552182,0.8688952846292243,1.4935392580651583,-0.9835530801190998,0.4038488048925254,2.5293403737521927,-0.10264043637505327,0.3679040506235975
2008-04-26 23:40:00+00:00,ME02,-0.008828727279061232,0.04963289137452806,1.3156888682620438,1.4935392580651583,-0.9835530801190998,0.4038488048925254,2.5293403737521927,-0.10264043637505327,0.3679040506235975
2008-04-26 23:50:00+00:00,ME02,-0.00873838005182432,0.4717462765933629,1.2874634344256501,1.4935392580651583,-0.9835530801190998,0.4038488048925254,2.5293403737521927,-0.10264043637505327,0.3679040506235975
2008-04-27 00:00:00+00:00,ME02,-0.010966247116098355,-0.8326846924720425,0.7658468119897439,1.6862509036298992,-1.1976170071705372,0.34464585885102633,-0.6323350934380482,-0.10264043637505327,0.4360344303687078
2008-04-27 00:10:00+00:00,ME02,-0.010734757924180105,-0.14801089791855973,0.8544972735669255,1.6862509036298992,-1.1976170071705372,0.34464585885102633,-0.6323350934380482,-0.10264043637505327,0.4360344303687078
2008-04-27 00:20:00+00:00,ME02,-0.011986185109065206,-0.4332432812600632,0.9417152309595395,1.6862509036298992,-1.1976170071705372,0.34464585885102633,-0.6323350934380482,-0.10264043637505327,0.4360344303687078
2008-04-27 00:30:00+00:00,ME02,-0.012097032721369624,-0.1898775143234492,0.834732363171037,1.6862509036298992,-1.1976170071705372,0.34464585885102633,-0.6323350934380482,-0.10264043637505327,0.4360344303687078
2008-04-27 00:40:00+00:00,ME02,-0.007429698434430824,0.034792455435147834,1.4402042262822885,1.6862509036298992,-1.1976170071705372,0.34464585885102633,-0.6323350934380482,-0.10264043637505327,0.4360344303687078
2008-04-27 00:50:00+00:00,ME02,-0.007680090581626083,0.6041250374858566,1.3404996978275365,1.6862509036298992,-1.1976170071705372,0.34464585885102633,-0.6323350934380482,-0.10264043637505327,0.4360344303687078
2008-04-27 01:00:00+00:00,ME02,-0.01267487288833504,0.6631568855114509,0.9021486950658353,1.6380489873003024,-1.3192153016141739,0.25584129197868904,-0.6744907594765952,-0.10264043637505327,0.4360344303687078
2008-04-27 01:10:00+00:00,ME02,-0.014416137128452416,-0.5840112322671621,0.8283877630708321,1.6380489873003024,-1.3192153016141739,0.25584129197868904,-0.6744907594765952,-0.10264043637505327,0.4360344303687078
2008-04-27 01:20:00+00:00,ME02,-0.010587009939897363,-0.7977844597135821,0.9474094623871497,1.6380489873003024,-1.3192153016141739,0.25584129197868904,-0.6744907594765952,-0.10264043637505327,0.4360344303687078
2008-04-27 01:30:00+00:00,ME02,-0.008067754361166217,0.14914600908993875,0.9856152472346739,1.6380489873003024,-1.3192153016141739,0.25584129197868904,-0.6744907594765952,-0.10264043637505327,0.4360344303687078
2008-04-27 01:40:00+00:00,ME02,-0.005802740579202941,0.04915349704181471,1.4709944621141744,1.6380489873003024,-1.3192153016141739,0.25584129197868904,-0.6744907594765952,-0.10264043637505327,0.4360344303687078
2008-04-27 01:50:00+00:00,ME02,-0.009238653602728348,-0.06322028561040025,1.4399735739642683,1.6380489873003024,-1.3192153016141739,0.25584129197868904,-0.6744907594765952,-0.10264043637505327,0.4360344303687078
2008-04-27 02:00:00+00:00,ME02,-0.01193745727031434,-0.6396758527418996,0.9163843456851214,1.6862509036298992,-1.3065487074597808,0.21355343114619313,-0.46371242928385975,-0.10264043637505327,0.4360344303687078
2008-04-27 02:10:00+00:00,ME02,-0.013779534535722513,1.1270990072818565,1.0485195630140753,1.6862509036298992,-1.3065487074597808,0.21355343114619313,-0.46371242928385975,-0.10264043637505327,0.4360344303687078
2008-04-27 02:20:00+00:00,ME02,-0.011213179046258901,-0.9772428461730317,1.0478996482191012,1.6862509036298992,-1.3065487074597808,0.21355343114619313,-0.46371242928385975,-0.10264043637505327,0.4360344303687078
2008-04-27 02:30:00+00:00,ME02,-0.011371304868708368,0.18249548530319729,1.2021514864634768,1.6862509036298992,-1.3065487074597808,0.21355343114619313,-0.46371242928385975,-0.10264043637505327,0.4360344303687078
2008-04-27 02:40:00+00:00,ME02,-0.0065678938758437725,0.06000293238054716,1.579840681055448,1.6862509036298992,-1.3065487074597808,0.21355343114619313,-0.46371242928385975,-0.10264043637505327,0.4360344303687078
2008-04-27 02:50:00+00:00,ME02,-0.008724514747014443,0.6101507801528319,1.4831407494509965,1.6862509036298992,-1.3065487074597808,0.21355343114619313,-0.46371242928385975,-0.10264043637505327,0.4360344303687078
2008-04-27 03:00:00+00:00,ME02,-0.009057216221153144,-0.05659176169737116,1.1175865583486457,1.4935392580651583,-1.5193457891465745,0.17126586593374032,-0.6744907594765952,-0.10264043637505327,0.4360344303687078
2008-04-27 03:10:00+00:00,ME02,-0.009957411787089318,-0.7783214829377912,1.1344962609317488,1.4935392580651583,-1.5193457891465745,0.17126586593374032,-0.6744907594765952,-0.10264043637505327,0.4360344303687078
2008-04-27 03:20:00+00:00,ME02,-0.00863563968352256,0.01087662383152901,1.0185428126547156,1.4935392580651583,-1.5193457891465745,0.17126586593374032,-0.6744907594765952,-0.10264043637505327,0.4360344303687078
2008-04-27 03:30:00+00:00,ME02,-0.009009503849185896,0.386175034940162,1.1730709130173302,1.4935392580651583,-1.5193457891465745,0.17126586593374032,-0.6744907594765952,-0.10264043637505327,0.4360344303687078
2008-04-27 03:40:00+00:00,ME02,-0.004401814683507403,0.7104607174601237,1.6367098837719254,1.4935392580651583,-1.5193457891465745,0.17126586593374032,-0.6744907594765952,-0.10264043637505327,0.4360344303687078
2008-04-27 03:50:00+00:00,ME02,-0.005710009954585872,0.9491081241903456,1.5838562985353295,1.4935392580651583,-1.5193457891465745,0.17126586593374032,-0.6744907594765952,-0.10264043637505327,0.4360344303687078
2008-04-27 04:00:00+00:00,ME02,-0.009874500334004973,-0.7077461444975423,1.0710403430744906,1.46943829990036,-1.7562094794192316,0.1078340746849629,-0.6744907594765952,-0.10264043637505327,0.4360344303687078
2008-04-27 04:10:00+00:00,ME02,-0.01301428011771411,0.6259411723296087,0.9221865765739894,1.46943829990036,-1.7562094794192316,0.1078340746849629,-0.6744907594765952,-0.10264043637505327,0.4360344303687078
2008-04-27 04:20:00+00:00,ME02,-0.012684744804936622,-0.651293809591011,0.9307637635623297,1.46943829990036,-1.7562094794192316,0.1078340746849629,-0.6744907594765952,-0.10264043637505327,0.4360344303687078
2008-04-27 04:30:00+00:00,ME02,-0.010171936288143892,2.5877751853471436,0.8631273360402346,1.46943829990036,-1.7562094794192316,0.1078340746849629,-0.6744907594765952,-0.10264043637505327,0.4360344303687078
2008-04-27 04:40:00+00:00,ME02,-0.008157741645127862,0.9639257076047854,1.2967082118433124,1.46943829990036,-1.7562094794192316,0.1078340746849629,-0.6744907594765952,-0.10264043637505327,0.4360344303687078
2008-04-27 04:50:00+00:00,ME02,-0.006031214547112318,1.523751944071224,1.2213014375266,1.46943829990036,-1.7562094794192316,0.1078340746849629,-0.6744907594765952,-0.10264043637505327,0.4360344303687078
2008-04-27 05:00:00+00:00,ME02,-0.012256372999734668,1.1509566131087714,0.7488370703779392,1.4453373417355615,-1.3483482290917295,0.22623996676799463,-0.3794010972067655,-0.10264043637505327,0.4360344303687078
2008-04-27 05:10:00+00:00,ME02,-0.014280942991878659,-0.7054266360156524,0.6766961866936113,1.4453373417355615,-1.3483482290917295,0.22623996676799463,-0.3794010972067655,-0.10264043637505327,0.4360344303687078
2008-04-27 05:20:00+00:00,ME02,-0.012871326409072145,1.295658937107283,0.5268974781057695,1.4453373417355615,-1.3483482290917295,0.22623996676799463,-0.3794010972067655,-0.10264043637505327,0.4360344303687078
2008-04-27 05:30:00+00:00,ME02,-0.012122554994114418,-0.05925127184151026,0.3115711504738088,1.4453373417355615,-1.3483482290917295,0.22623996676799463,-0.3794010972067655,-0.10264043637505327,0.4360344303687078
2008-04-27 05:40:00+00:00,ME02,-0.012004735248115203,-0.162473767095518,0.6800984521970889,1.4453373417355615,-1.3483482290917295,0.22623996676799463,-0.3794010972067655,-0.10264043637505327,0.4360344303687078
2008-04-27 05:50:00+00:00,ME02,-0.012831968209946086,1.1422036004194775,0.3850377212716458,1.4453373417355615,-1.3483482290917295,0.22623996676799463,-0.3794010972067655,-0.10264043637505327,0.4360344303687078
2008-04-27 06:00:00+00:00,ME02,-0.01710324102799775,-0.5612487834372174,-0.13962386537085306,1.2767266543356175,-0.16529768565997024,0.42499273530880693,-0.6744907594765952,-0.10264043637505327,0.504164810113819
2008-04-27 06:10:00+00:00,ME02,-0.017831644291847613,0.6773707038765466,-2.9565015917794083e-05,1.2767266543356175,-0.16529768565997024,0.42499273530880693,-0.6744907594765952,-0.10264043637505327,0.504164810113819
2008-04-27 06:20:00+00:00,ME02,-0.017229473365524276,-0.7843350986819275,0.2456778484891482,1.2767266543356175,-0.16529768565997024,0.42499273530880693,-0.6744907594765952,-0.10264043637505327,0.504164810113819
2008-04-27 06:30:00+00:00,ME02,-0.011421283384607787,1.6277001640432605,0.9776254055628636,1.2767266543356175,-0.16529768565997024,0.42499273530880693,-0.6744907594765952,-0.10264043637505327,0.504164810113819
2008-04-27 06:40:00+00:00,ME02,-0.009398916802357035,0.7337047580345006,1.2170774972230043,1.2767266543356175,-0.16529768565997024,0.42499273530880693,-0.6744907594765952,-0.10264043637505327,0.504164810113819
2008-04-27 06:50:00+00:00,ME02,-0.010622856881072555,1.389160426004432,1.151971393606306,1.2767266543356175,-0.16529768565997024,0.42499273530880693,-0.6744907594765952,-0.10264043637505327,0.504164810113819
2008-04-27 07:00:00+00:00,ME02,-0.0042247823055154374,1.8768608254352446,1.5738073233511571,1.2526256961708193,0.1095652557924252,0.6998635351001216,-0.4215567632453126,-0.10264043637505327,0.504164810113819
2008-04-27 07:10:00+00:00,ME02,0.005150095642379673,3.9286132552935866,2.5954767955601246,1.2526256961708193,0.1095652557924252,0.6998635351001216,-0.4215567632453126,-0.10264043637505327,0.504164810113819
2008-04-27 07:20:00+00:00,ME02,-0.004758678023875803,6.391141307132357,1.826192789444965,1.2526256961708193,0.1095652557924252,0.6998635351001216,-0.4215567632453126,-0.10264043637505327,0.504164810113819
2008-04-27 07:30:00+00:00,ME02,0.02611649287016537,9.533205122033324,5.534920441720719,1.2526256961708193,0.1095652557924252,0.6998635351001216,-0.4215567632453126,-0.10264043637505327,0.504164810113819
2008-04-27 07:40:00+00:00,ME02,0.0336885584265448,14.544799869625967,5.903438953759518,1.2526256961708193,0.1095652557924252,0.6998635351001216,-0.4215567632453126,-0.10264043637505327,0.504164810113819
2008-04-27 07:50:00+00:00,ME02,0.026066504473175683,9.418394830738716,5.425950560756421,1.2526256961708193,0.1095652557924252,0.6998635351001216,-0.4215567632453126,-0.10264043637505327,0.504164810113819
2008-04-27 08:00:00+00:00,ME02,0.021743001298147668,6.879300045114034,5.206657491694745,1.0840150087708766,0.30969600896654603,0.8267271175976764,0.2107783301927356,-0.10264043637505327,0.504164810113819
2008-04-27 08:10:00+00:00,ME02,0.010436896153472191,9.451640662094816,3.6347203570671076,1.0840150087708766,0.30969600896654603,0.8267271175976764,0.2107783301927356,-0.10264043637505327,0.504164810113819
2008-04-27 08:20:00+00:00,ME02,0.012162466904258113,6.381699027293225,3.523725891897542,1.0840150087708766,0.30969600896654603,0.8267271175976764,0.2107783301927356,-0.10264043637505327,0.504164810113819
2008-04-27 08:30:00+00:00,ME02,0.01334156121004369,4.009073191768955,3.7535062155116727,1.0840150087708766,0.30969600896654603,0.8267271175976764,0.2107783301927356,-0.10264043637505327,0.504164810113819
2008-04-27 08:40:00+00:00,ME02,0.01203624800817106,2.4373338833037046,3.959174503836622,1.0840150087708766,0.30969600896654603,0.8267271175976764,0.2107783301927356,-0.10264043637505327,0.504164810113819
2008-04-27 08:50:00+00:00,ME02,0.007760129005438546,2.376120780606875,3.819733508390262,1.0840150087708766,0.30969600896654603,0.8267271175976764,0.2107783301927356,-0.10264043637505327,0.504164810113819
2008-04-27 09:00:00+00:00,ME02,0.013265860948361038,2.25667627381973,4.030905325697579,0.8913033632061358,-0.15136451178265406,0.7802104115579022,0.7588020915536895,-0.10264043637505327,0.504164810113819
2008-04-27 09:10:00+00:00,ME02,0.009098210980389659,1.0612891923800367,3.9249367002232765,0.8913033632061358,-0.15136451178265406,0.7802104115579022,0.7588020915536895,-0.10264043637505327,0.504164810113819
2008-04-27 09:20:00+00:00,ME02,0.013216595059067835,0.8988134162617626,3.7649266580038385,0.8913033632061358,-0.15136451178265406,0.7802104115579022,0.7588020915536895,-0.10264043637505327,0.504164810113819
2008-04-27 09:30:00+00:00,ME02,0.007751477045014249,1.7856349688457123,4.076163863641252,0.8913033632061358,-0.15136451178265406,0.7802104115579022,0.7588020915536895,-0.10264043637505327,0.504164810113819
2008-04-27 09:40:00+00:00,ME02,0.006406767155232547,1.5163472232231419,3.390971408813526,0.8913033632061358,-0.15136451178265406,0.7802104115579022,0.7588020915536895,-0.10264043637505327,0.504164810113819
2008-04-27 09:50:00+00:00,ME02,0.012202539492590961,1.6569473006037216,3.950602228593907,0.8913033632061358,-0.15136451178265406,0.7802104115579022,0.7588020915536895,-0.10264043637505327,0.504164810113819
2008-04-27 10:00:00+00:00,ME02,0.008102677096100002,1.0240855898248487,3.5561862155476187,0.8913033632061358,0.4895601583652944,0.8986163036409339,1.5597598491459261,-0.10264043637505327,0.504164810113819
2008-04-27 10:10:00+00:00,ME02,0.002189592703188322,1.5165889519112472,2.9106272521082706,0.8913033632061358,0.4895601583652944,0.8986163036409339,1.5597598491459261,-0.10264043637505327,0.504164810113819
2008-04-27 10:20:00+00:00,ME02,0.0012635054584727511,1.1023800494233547,2.7599536327291063,0.8913033632061358,0.4895601583652944,0.8986163036409339,1.5597598491459261,-0.10264043637505327,0.504164810113819
2008-04-27 10:30:00+00:00,ME02,0.0009968399666126081,1.0497538660261228,2.232334692182371,0.8913033632061358,0.4895601583652944,0.8986163036409339,1.5597598491459261,-0.10264043637505327,0.504164810113819
2008-04-27 10:40:00+00:00,ME02,-0.005015050027336521,1.6927102399245466,1.3189150082608734,0.8913033632061358,0.4895601583652944,0.8986163036409339,1.5597598491459261,-0.10264043637505327,0.504164810113819
2008-04-27 10:50:00+00:00,ME02,-0.007048422377638947,0.3673944889654573,1.4228341724079605,0.8913033632061358,0.4895601583652944,0.8986163036409339,1.5597598491459261,-0.10264043637505327,0.504164810113819
2008-04-27 11:00:00+00:00,ME02,-0.00555467152883729,-0.1649999982024628,1.8462564571473818,1.300827612500416,0.47182697967748766,0.7463802411398958,-0.590179427399501,-0.10264043637505327,0.504164810113819
2008-04-27 11:10:00+00:00,ME02,0.0037904609402743504,3.9985194913197706,2.3646665847992634,1.300827612500416,0.47182697967748766,0.7463802411398958,-0.590179427399501,-0.10264043637505327,0.504164810113819
2008-04-27 11:20:00+00:00,ME02,0.0036182559898147834,1.3790592630735352,2.838332418677095,1.300827612500416,0.47182697967748766,0.7463802411398958,-0.590179427399501,-0.10264043637505327,0.504164810113819
2008-04-27 11:30:00+00:00,ME02,0.0059348556722726735,0.1492320858781753,2.9028217275797967,1.300827612500416,0.47182697967748766,0.7463802411398958,-0.590179427399501,-0.10264043637505327,0.504164810113819
2008-04-27 11:40:00+00:00,ME02,-0.007494807896664815,0.4568797184975841,1.2295042693394194,1.300827612500416,0.47182697967748766,0.7463802411398958,-0.590179427399501,-0.10264043637505327,0.504164810113819
2008-04-27 11:50:00+00:00,ME02,0.0025341310339100026,1.1478387894758424,2.4175120545358797,1.300827612500416,0.47182697967748766,0.7463802411398958,-0.590179427399501,-0.10264043637505327,0.504164810113819
2008-04-27 12:00:00+00:00,ME02,0.004875915672703657,0.8039477439232304,3.139487103479614,0.7226446659293696,0.7745562688845156,0.7590664811416206,-0.46371242928385975,-0.10264043637505327,0.5722951898589294
2008-04-27 12:10:00+00:00,ME02,0.007876935253193357,3.847727767422272,3.0345716231527855,0.7226446659293696,0.7745562688845156,0.7590664811416206,-0.46371242928385975,-0.10264043637505327,0.5722951898589294
2008-04-27 12:20:00+00:00,ME02,0.0026460419800710252,0.7069380525423812,2.6934236559042843,0.7226446659293696,0.7745562688845156,0.7590664811416206,-0.46371242928385975,-0.10264043637505327,0.5722951898589294
2008-04-27 12:30:00+00:00,ME02,-0.0017937712402911045,0.5891501692127719,2.184081394907587,0.7226446659293696,0.7745562688845156,0.7590664811416206,-0.46371242928385975,-0.10264043637505327,0.5722951898589294
2008-04-27 12:40:00+00:00,ME02,-0.0063114928660143125,0.6053474418347965,1.480639340698023,0.7226446659293696,0.7745562688845156,0.7590664811416206,-0.46371242928385975,-0.10264043637505327,0.5722951898589294
2008-04-27 12:50:00+00:00,ME02,-0.005051091476499965,0.9765660991531995,1.4419680118442013,0.7226446659293696,0.7745562688845156,0.7590664811416206,-0.46371242928385975,-0.10264043637505327,0.5722951898589294
2008-04-27 13:00:00+00:00,ME02,-0.0033054394687854244,0.7099932718336058,2.0886020269452366,0.5058800720766526,0.8150889451518211,0.6237455038496192,1.011736190644814,-0.10264043637505327,0.5722951898589294
2008-04-27 13:10:00+00:00,ME02,-0.003955411849989353,2.404147627310467,1.9536903521852258,0.5058800720766526,0.8150889451518211,0.6237455038496192,1.011736190644814,-0.10264043637505327,0.5722951898589294
2008-04-27 13:20:00+00:00,ME02,-0.004155826972303292,-0.20943331789345737,2.057249445649207,0.5058800720766526,0.8150889451518211,0.6237455038496192,1.011736190644814,-0.10264043637505327,0.5722951898589294
2008-04-27 13:30:00+00:00,ME02,-0.00044303067077385233,2.0763421039028356,2.0312849343975037,0.5058800720766526,0.8150889451518211,0.6237455038496192,1.011736190644814,-0.10264043637505327,0.5722951898589294
2008-04-27 13:40:00+00:00,ME02,0.00010897801681045411,2.314091569949206,1.0440096585325964,0.5058800720766526,0.8150889451518211,0.6237455038496192,1.011736190644814,-0.10264043637505327,0.5722951898589294
2008-04-27 13:50:00+00:00,ME02,-0.006700685595938387,3.2759572991703423,0.768018368816209,0.5058800720766526,0.8150889451518211,0.6237455038496192,1.011736190644814,-0.10264043637505327,0.5722951898589294
2008-04-27 14:00:00+00:00,ME02,-0.011661903683365638,0.06231969571903115,0.8485630018701811,-0.048201916329595404,0.4832267284672371,0.44190782051777655,0.37940109720676546,-0.10264043637505327,0.5722951898589294
2008-04-27 14:10:00+00:00,ME02,0.0006141800629222837,2.701786933962584,1.8573370017668382,-0.048201916329595404,0.4832267284672371,0.44190782051777655,0.37940109720676546,-0.10264043637505327,0.5722951898589294
2008-04-27 14:20:00+00:00,ME02,0.000156986346958893,2.615200795642397,2.317898124412745,-0.048201916329595404,0.4832267284672371,0.44190782051777655,0.37940109720676546,-0.10264043637505327,0.5722951898589294
2008-04-27 14:30:00+00:00,ME02,-0.003098931466773061,0.979784006169384,1.8955654065439151,-0.048201916329595404,0.4832267284672371,0.44190782051777655,0.37940109720676546,-0.10264043637505327,0.5722951898589294
2008-04-27 14:40:00+00:00,ME02,-0.008398742915373358,5.808631682093076,1.1810232687075255,-0.048201916329595404,0.4832267284672371,0.44190782051777655,0.37940109720676546,-0.10264043637505327,0.5722951898589294
2008-04-27 14:50:00+00:00,ME02,-0.005138099287467366,0.28779613974602936,1.894812345328329,-0.048201916329595404,0.4832267284672371,0.44190782051777655,0.37940109720676546,-0.10264043637505327,0.5722951898589294
2008-04-27 15:00:00+00:00,ME02,0.00048321245943336717,0.8406761984246149,2.3548134625147052,-0.09635582278236979,-0.09943182108387881,0.3784760292689991,-0.6744907594765952,-0.10264043637505327,0.5722951898589294
2008-04-27 15:10:00+00:00,ME02,0.010665578810761236,1.721200221125247,3.5843486589479605,-0.09635582278236979,-0.09943182108387881,0.3784760292689991,-0.6744907594765952,-0.10264043637505327,0.5722951898589294
2008-04-27 15:20:00+00:00,ME02,0.011663514306746274,1.3238461561178003,3.752960137333926,-0.09635582278236979,-0.09943182108387881,0.3784760292689991,-0.6744907594765952,-0.10264043637505327,0.5722951898589294
2008-04-27 15:30:00+00:00,ME02,0.012001594840676628,0.9573982736389595,3.7103167638444714,-0.09635582278236979,-0.09943182108387881,0.3784760292689991,-0.6744907594765952,-0.10264043637505327,0.5722951898589294
2008-04-27 15:40:00+00:00,ME02,-0.0009654056655046788,0.0688834542592777,1.9899595021365275,-0.09635582278236979,-0.09943182108387881,0.3784760292689991,-0.6744907594765952,-0.10264043637505327,0.5722951898589294
2008-04-27 15:50:00+00:00,ME02,0.006266797009979408,2.7110689982703953,3.484169191852337,-0.09635582278236979,-0.09943182108387881,0.3784760292689991,-0.6744907594765952,-0.10264043637505327,0.5722951898589294
2008-04-27 16:00:00+00:00,ME02,0.011536449385268686,2.9801781706447903,3.6108292564432722,0.2890674683471134,0.7124904091189141,0.5560848673935636,0.5058680953224068,-0.10264043637505327,0.5722951898589294
2008-04-27 16:10:00+00:00,ME02,0.00953537074197964,-0.4833260123206354,3.4831855607120543,0.2890674683471134,0.7124904091189141,0.5560848673935636,0.5058680953224068,-0.10264043637505327,0.5722951898589294
2008-04-27 16:20:00+00:00,ME02,0.005541227108101924,0.3564536451668629,2.777161666961476,0.2890674683471134,0.7124904091189141,0.5560848673935636,0.5058680953224068,-0.10264043637505327,0.5722951898589294
2008-04-27 16:30:00+00:00,ME02,-0.010131946949455347,0.03199629806660413,0.8287435465929431,0.2890674683471134,0.7124904091189141,0.5560848673935636,0.5058680953224068,-0.10264043637505327,0.5722951898589294
2008-04-27 16:40:00+00:00,ME02,-0.0034493628600726365,2.613084016471024,1.8082866330218477,0.2890674683471134,0.7124904091189141,0.5560848673935636,0.5058680953224068,-0.10264043637505327,0.5722951898589294
2008-04-27 16:50:00+00:00,ME02,-0.010146686663773018,0.30109461007478,1.0659369665840785,0.2890674683471134,0.7124904091189141,0.5560848673935636,0.5058680953224068,-0.10264043637505327,0.5722951898589294
2008-04-27 17:00:00+00:00,ME02,-0.01786757998921547,-0.6707501882756107,0.21907149598888595,0.1204567809471695,0.10576525098193515,0.5011107665593092,-0.6744907594765952,-0.10264043637505327,0.5722951898589294
2008-04-27 17:10:00+00:00,ME02,-0.019515827402197542,0.005157921224504212,0.024848537360599214,0.1204567809471695,0.10576525098193515,0.5011107665593092,-0.6744907594765952,-0.10264043637505327,0.5722951898589294
2008-04-27 17:20:00+00:00,ME02,-0.01946409115209621,-0.7377529314278425,-0.2688603868064446,0.1204567809471695,0.10576525098193515,0.5011107665593092,-0.6744907594765952,-0.10264043637505327,0.5722951898589294
2008-04-27 17:30:00+00:00,ME02,-0.02240840308474401,-0.07102806337161591,-0.4363007738883254,0.1204567809471695,0.10576525098193515,0.5011107665593092,-0.6744907594765952,-0.10264043637505327,0.5722951898589294
2008-04-27 17:40:00+00:00,ME02,-0.020316035145895684,0.46317662550313077,-0.4433441136122666,0.1204567809471695,0.10576525098193515,0.5011107665593092,-0.6744907594765952,-0.10264043637505327,0.5722951898589294
2008-04-27 17:50:00+00:00,ME02,-0.01830549867621028,-0.6156547881217047,0.02410299225036422,0.1204567809471695,0.10576525098193515,0.5011107665593092,-0.6744907594765952,-0.10264043637505327,0.5722951898589294
2008-04-27 18:00:00+00:00,ME02,-0.017856504668547976,0.9915195839541494,-0.07119150895537374,0.5058800720766526,-0.6048250229108746,0.47150914572850455,0.08431133207709428,-0.10264043637505327,0.6404255696040397
2008-04-27 18:10:00+00:00,ME02,-0.01971113333133554,-0.9594415561138401,-0.055070373609181926,0.5058800720766526,-0.6048250229108746,0.47150914572850455,0.08431133207709428,-0.10264043637505327,0.6404255696040397
2008-04-27 18:20:00+00:00,ME02,-0.01860093274768474,1.4556185661894914,-0.11692456771235422,0.5058800720766526,-0.6048250229108746,0.47150914572850455,0.08431133207709428,-0.10264043637505327,0.6404255696040397
2008-04-27 18:30:00+00:00,ME02,-0.01985523361410121,-0.050805305354250964,-0.09596698566117533,0.5058800720766526,-0.6048250229108746,0.47150914572850455,0.08431133207709428,-0.10264043637505327,0.6404255696040397
2008-04-27 18:40:00+00:00,ME02,-0.01880708481012069,-0.33040903688818785,-0.022809190869091837,0.5058800720766526,-0.6048250229108746,0.47150914572850455,0.08431133207709428,-0.10264043637505327,0.6404255696040397
2008-04-27 18:50:00+00:00,ME02,-0.018027182509286147,1.080363185371972,-0.03787701525293577,0.5058800720766526,-0.6048250229108746,0.47150914572850455,0.08431133207709428,-0.10264043637505327,0.6404255696040397
2008-04-27 19:00:00+00:00,ME02,-0.017334863106648075,-0.8607778994411015,-0.11773494230121355,0.8913033632061358,-0.8644882107630305,0.589915333431613,-0.6323350934380482,-0.10264043637505327,0.6404255696040397
2008-04-27 19:10:00+00:00,ME02,-0.022406058556651426,0.145927151514807,-0.10536933666963874,0.8913033632061358,-0.8644882107630305,0.589915333431613,-0.6323350934380482,-0.10264043637505327,0.6404255696040397
2008-04-27 19:20:00+00:00,ME02,-0.02081313527165606,-1.036338193775774,-0.06896712065708652,0.8913033632061358,-0.8644882107630305,0.589915333431613,-0.6323350934380482,-0.10264043637505327,0.6404255696040397
2008-04-27 19:30:00+00:00,ME02,-0.01881607797382902,-0.21725707588473941,-0.11262880047136194,0.8913033632061358,-0.8644882107630305,0.589915333431613,-0.6323350934380482,-0.10264043637505327,0.6404255696040397
2008-04-27 19:40:00+00:00,ME02,-0.017815920456824834,0.5948962527564101,0.23680833777599655,0.8913033632061358,-0.8644882107630305,0.589915333431613,-0.6323350934380482,-0.10264043637505327,0.6404255696040397
2008-04-27 19:50:00+00:00,ME02,-0.01705640451490943,0.6637126100344368,0.2423302693175001,0.8913033632061358,-0.8644882107630305,0.589915333431613,-0.6323350934380482,-0.10264043637505327,0.6404255696040397
2008-04-27 20:00:00+00:00,ME02,-0.018367986536904603,0.4910097594338207,0.10047865079779508,0.6985917176413935,-0.9050208870303357,0.7336937055180943,0.2107783301927356,-0.10264043637505327,0.6404255696040397
2008-04-27 20:10:00+00:00,ME02,-0.016093222240492686,-0.879751397421704,0.1310942276906453,0.6985917176413935,-0.9050208870303357,0.7336937055180943,0.2107783301927356,-0.10264043637505327,0.6404255696040397
2008-04-27 20:20:00+00:00,ME02,-0.01751265610045333,-0.7280955781177579,0.09167312184208896,0.6985917176413935,-0.9050208870303357,0.7336937055180943,0.2107783301927356,-0.10264043637505327,0.6404255696040397
2008-04-27 20:30:00+00:00,ME02,-0.016005191695050353,0.8051034433809071,0.2424683192159803,0.6985917176413935,-0.9050208870303357,0.7336937055180943,0.2107783301927356,-0.10264043637505327,0.6404255696040397
2008-04-27 20:40:00+00:00,ME02,-0.014504547565511693,-0.06114592883138895,0.5226757244814968,0.6985917176413935,-0.9050208870303357,0.7336937055180943,0.2107783301927356,-0.10264043637505327,0.6404255696040397
2008-04-27 20:50:00+00:00,ME02,-0.014298504027580495,0.37536350343650626,0.49135755206785214,0.6985917176413935,-0.9050208870303357,0.7336937055180943,0.2107783301927356,-0.10264043637505327,0.6404255696040397
2008-04-27 21:00:00+00:00,ME02,-0.016923549103837112,-0.8673323363377525,0.25712587001167764,0.8672024050413374,-0.9772199158627637,0.7336937055180943,-0.2107783301927355,-0.10264043637505327,0.6404255696040397
2008-04-27 21:10:00+00:00,ME02,-0.017753306102615954,-0.8664553010514602,0.37045417456538116,0.8672024050413374,-0.9772199158627637,0.7336937055180943,-0.2107783301927355,-0.10264043637505327,0.6404255696040397
2008-04-27 21:20:00+00:00,ME02,-0.014022024451986196,0.8587669201486979,0.3454831864332585,0.8672024050413374,-0.9772199158627637,0.7336937055180943,-0.2107783301927355,-0.10264043637505327,0.6404255696040397
2008-04-27 21:30:00+00:00,ME02,-0.01792995911323405,0.42176166512508184,0.4756709571234641,0.8672024050413374,-0.9772199158627637,0.7336937055180943,-0.2107783301927355,-0.10264043637505327,0.6404255696040397
2008-04-27 21:40:00+00:00,ME02,-0.01076534791913067,0.3545678868283583,0.929911522246677,0.8672024050413374,-0.9772199158627637,0.7336937055180943,-0.2107783301927355,-0.10264043637505327,0.6404255696040397
2008-04-27 21:50:00+00:00,ME02,-0.01312901060979197,0.009722991804484634,0.8506229256354935,0.8672024050413374,-0.9772199158627637,0.7336937055180943,-0.2107783301927355,-0.10264043637505327,0.6404255696040397
2008-04-27 22:00:00+00:00,ME02,-0.01344290685923009,0.377861678677411,0.4977473576233365,1.0599140506060782,-1.1064182199273802,0.7759815663506238,-0.6744907594765952,-0.10264043637505327,0.6404255696040397
2008-04-27 22:10:00+00:00,ME02,-0.015374076838862709,-0.5461903774719734,0.5538343325823036,1.0599140506060782,-1.1064182199273802,0.7759815663506238,-0.6744907594765952,-0.10264043637505327,0.6404255696040397
2008-04-27 22:20:00+00:00,ME02,-0.014315873420122388,-0.3154640947720553,0.49075764225135193,1.0599140506060782,-1.1064182199273802,0.7759815663506238,-0.6744907594765952,-0.10264043637505327,0.6404255696040397
2008-04-27 22:30:00+00:00,ME02,-0.014622586278872158,1.1091803438029437,0.506567379608566,1.0599140506060782,-1.1064182199273802,0.7759815663506238,-0.6744907594765952,-0.10264043637505327,0.6404255696040397
2008-04-27 22:40:00+00:00,ME02,-0.01125036339017886,0.0662761727830082,0.9686983527843572,1.0599140506060782,-1.1064182199273802,0.7759815663506238,-0.6744907594765952,-0.10264043637505327,0.6404255696040397
2008-04-27 22:50:00+00:00,ME02,-0.014420797832168191,0.7472980813999549,0.9740841304337348,1.0599140506060782,-1.1064182199273802,0.7759815663506238,-0.6744907594765952,-0.10264043637505327,0.6404255696040397
2008-04-27 23:00:00+00:00,ME02,-0.01278880506622378,-0.6500516871883109,0.47921789992178065,0.8672024050413374,-1.1482177415593289,0.6702622098893936,1.011736190644814,-0.10264043637505327,0.6404255696040397
2008-04-27 23:10:00+00:00,ME02,-0.016708139412397717,-0.8771728444986546,0.5479943662845477,0.8672024050413374,-1.1482177415593289,0.6702622098893936,1.011736190644814,-0.10264043637505327,0.6404255696040397
2008-04-27 23:20:00+00:00,ME02,-0.013728789247669208,-0.6240483034575662,0.6827347209123079,0.8672024050413374,-1.1482177415593289,0.6702622098893936,1.011736190644814,-0.10264043637505327,0.6404255696040397
2008-04-27 23:30:00+00:00,ME02,-0.014839998726041812,-0.11575700856637255,0.7240958044635158,0.8672024050413374,-1.1482177415593289,0.6702622098893936,1.011736190644814,-0.10264043637505327,0.6404255696040397
2008-04-27 23:40:00+00:00,ME02,-0.008579879943671471,-0.0161267268731417,1.1414686534238971,0.8672024050413374,-1.1482177415593289,0.6702622098893936,1.011736190644814,-0.10264043637505327,0.6404255696040397
2008-04-27 23:50:00+00:00,ME02,-0.01252286128052683,-0.26251755105540137,1.0063943498485564,0.8672024050413374,-1.1482177415593289,0.6702622098893936,1.011736190644814,-0.10264043637505327,0.6404255696040397
2008-04-28 00:00:00+00:00,ME02,-0.012610114292355307,-0.4297586833267877,0.8330324521398925,1.2526256961708193,-1.3154152968036839,0.484195681350306,-0.6744907594765952,-0.10264043637505327,0.7085559493491508
2008-04-28 00:10:00+00:00,ME02,-0.0124341338958557,-0.9402296541899889,0.7531982530498166,1.2526256961708193,-1.3154152968036839,0.484195681350306,-0.6744907594765952,-0.10264043637505327,0.7085559493491508
2008-04-28 00:20:00+00:00,ME02,-0.013760588822447718,-0.7426463387479363,0.8175352083326339,1.2526256961708193,-1.3154152968036839,0.484195681350306,-0.6744907594765952,-0.10264043637505327,0.7085559493491508
2008-04-28 00:30:00+00:00,ME02,-0.011118295796858623,0.18321722360428266,0.9142323931145326,1.2526256961708193,-1.3154152968036839,0.484195681350306,-0.6744907594765952,-0.10264043637505327,0.7085559493491508
2008-04-28 00:40:00+00:00,ME02,-0.007784440352553349,-0.0747223040635932,1.3787833937049372,1.2526256961708193,-1.3154152968036839,0.484195681350306,-0.6744907594765952,-0.10264043637505327,0.7085559493491508
2008-04-28 00:50:00+00:00,ME02,-0.009735014199343845,1.1805568893636893,1.3760924723084578,1.2526256961708193,-1.3154152968036839,0.484195681350306,-0.6744907594765952,-0.10264043637505327,0.7085559493491508
2008-04-28 01:00:00+00:00,ME02,-0.0126080948765613,-0.5583980206580538,0.9676167667724699,1.4453373417355615,-1.401547499513428,0.33195961884930153,-0.590179427399501,-0.10264043637505327,0.7085559493491508
2008-04-28 01:10:00+00:00,ME02,-0.010975352641703125,0.36477078548493735,1.1987481248597414,1.4453373417355615,-1.401547499513428,0.33195961884930153,-0.590179427399501,-0.10264043637505327,0.7085559493491508
2008-04-28 01:20:00+00:00,ME02,-0.014019175683899302,-0.6686463536888279,1.1608048260383417,1.4453373417355615,-1.401547499513428,0.33195961884930153,-0.590179427399501,-0.10264043637505327,0.7085559493491508
2008-04-28 01:30:00+00:00,ME02,-0.010442857545338195,-0.11155455812271237,1.2176931936125575,1.4453373417355615,-1.401547499513428,0.33195961884930153,-0.590179427399501,-0.10264043637505327,0.7085559493491508
2008-04-28 01:40:00+00:00,ME02,-0.006072969710614759,-0.37984348756476477,1.7124944588016664,1.4453373417355615,-1.401547499513428,0.33195961884930153,-0.590179427399501,-0.10264043637505327,0.7085559493491508
2008-04-28 01:50:00+00:00,ME02,-0.008265777883884455,1.236464458201937,1.6112662524394281,1.4453373417355615,-1.401547499513428,0.33195961884930153,-0.590179427399501,-0.10264043637505327,0.7085559493491508
2008-04-28 02:00:00+00:00,ME02,-0.010195221225640975,-0.34113329511619944,1.0805641001260722,1.2767266543356175,-1.431947006713907,0.23892620676971943,-0.6744907594765952,-0.10264043637505327,0.7085559493491508
2008-04-28 02:10:00+00:00,ME02,-0.010839530439311098,-0.9493940087482846,1.0992422213667135,1.2767266543356175,-1.431947006713907,0.23892620676971943,-0.6744907594765952,-0.10264043637505327,0.7085559493491508
2008-04-28 02:20:00+00:00,ME02,-0.012978207268678607,0.12954313276576343,1.0183439194053165,1.2767266543356175,-1.431947006713907,0.23892620676971943,-0.6744907594765952,-0.10264043637505327,0.7085559493491508
2008-04-28 02:30:00+00:00,ME02,-0.011070461298800544,0.12499784088839892,0.9331503765978627,1.2767266543356175,-1.431947006713907,0.23892620676971943,-0.6744907594765952,-0.10264043637505327,0.7085559493491508
2008-04-28 02:40:00+00:00,ME02,-0.010334352936454485,-0.21200463846317535,1.391791437809876,1.2767266543356175,-1.431947006713907,0.23892620676971943,-0.6744907594765952,-0.10264043637505327,0.7085559493491508
2008-04-28 02:50:00+00:00,ME02,-0.007245041952922848,0.6274157251175422,1.157574359805525,1.2767266543356175,-1.431947006713907,0.23892620676971943,-0.6744907594765952,-0.10264043637505327,0.7085559493491508
2008-04-28 03:00:00+00:00,ME02,-0.012941138894029256,-0.7233468447109277,0.7683785270461169,1.2526256961708193,-1.4851462771356054,0.17972326072818678,-0.6323350934380482,-0.10264043637505327,0.7085559493491508
2008-04-28 03:10:00+00:00,ME02,-0.01665543302414688,0.5851573258868528,0.872331178459619,1.2526256961708193,-1.4851462771356054,0.17972326072818678,-0.6323350934380482,-0.10264043637505327,0.7085559493491508
2008-04-28 03:20:00+00:00,ME02,-0.014749069886598338,-0.8682245104362365,0.8042156115994507,1.2526256961708193,-1.4851462771356054,0.17972326072818678,-0.6323350934380482,-0.10264043637505327,0.7085559493491508
2008-04-28 03:30:00+00:00,ME02,-0.014241861178657231,1.483889696247137,0.8152630621112732,1.2526256961708193,-1.4851462771356054,0.17972326072818678,-0.6323350934380482,-0.10264043637505327,0.7085559493491508
2008-04-28 03:40:00+00:00,ME02,-0.011058665110823694,0.5452842030031302,1.1125413314912758,1.2526256961708193,-1.4851462771356054,0.17972326072818678,-0.6323350934380482,-0.10264043637505327,0.7085559493491508
2008-04-28 03:50:00+00:00,ME02,-0.007590351729967559,0.49164828774784425,1.2465058365783221,1.2526256961708193,-1.4851462771356054,0.17972326072818678,-0.6323350934380482,-0.10264043637505327,0.7085559493491508
2008-04-28 04:00:00+00:00,ME02,-0.01422375216165993,0.6725393816762907,0.9513622615793293,1.228524738006021,-1.5510121417116973,0.14589309031021402,-0.3794010972067655,-0.10264043637505327,0.7085559493491508
2008-04-28 04:10:00+00:00,ME02,-0.013223753239342802,-0.5166201956819902,0.9634574322939012,1.228524738006021,-1.5510121417116973,0.14589309031021402,-0.3794010972067655,-0.10264043637505327,0.7085559493491508
2008-04-28 04:20:00+00:00,ME02,-0.012598707056894426,0.7878659388017002,0.9685038938681388,1.228524738006021,-1.5510121417116973,0.14589309031021402,-0.3794010972067655,-0.10264043637505327,0.7085559493491508
2008-04-28 04:30:00+00:00,ME02,-0.009229222639357057,0.2486501941436337,1.0439750196739255,1.228524738006021,-1.5510121417116973,0.14589309031021402,-0.3794010972067655,-0.10264043637505327,0.7085559493491508
2008-04-28 04:40:00+00:00,ME02,-0.011993500770847867,-0.22289950444461137,1.4092864383037322,1.228524738006021,-1.5510121417116973,0.14589309031021402,-0.3794010972067655,-0.10264043637505327,0.7085559493491508
2008-04-28 04:50:00+00:00,ME02,-0.01296385918251246,1.1276206738229029,1.191766435388163,1.228524738006021,-1.5510121417116973,0.14589309031021402,-0.3794010972067655,-0.10264043637505327,0.7085559493491508
2008-04-28 05:00:00+00:00,ME02,-0.014874593528403451,-0.8733808161955376,0.7448216117487193,1.2526256961708193,-1.1862169927390676,0.19663834593718996,-0.16862266415418836,-0.10264043637505327,0.7085559493491508
2008-04-28 05:10:00+00:00,ME02,-0.013877721979088925,0.5328827281140177,0.6810045921393799,1.2526256961708193,-1.1862169927390676,0.19663834593718996,-0.16862266415418836,-0.10264043637505327,0.7085559493491508
2008-04-28 05:20:00+00:00,ME02,-0.01455473171487411,-0.874555097583306,0.614204140325445,1.2526256961708193,-1.1862169927390676,0.19663834593718996,-0.16862266415418836,-0.10264043637505327,0.7085559493491508
2008-04-28 05:30:00+00:00,ME02,-0.01577986991299852,0.3863530376420234,0.5052676218423406,1.2526256961708193,-1.1862169927390676,0.19663834593718996,-0.16862266415418836,-0.10264043637505327,0.7085559493491508
2008-04-28 05:40:00+00:00,ME02,-0.013486870407386295,0.17076274015386095,0.7066976381179112,1.2526256961708193,-1.1862169927390676,0.19663834593718996,-0.16862266415418836,-0.10264043637505327,0.7085559493491508
2008-04-28 05:50:00+00:00,ME02,-0.016987521752819992,0.4133754766806344,0.5524231306167893,1.2526256961708193,-1.1862169927390676,0.19663834593718996,-0.16862266415418836,-0.10264043637505327,0.7085559493491508
2008-04-28 06:00:00+00:00,ME02,-0.023244686080730347,0.5725229332513528,-0.16762359880401861,1.011760144153304,0.09309892246926244,0.4080776500998038,-0.3794010972067655,-0.10264043637505327,0.7766863290942612
2008-04-28 06:10:00+00:00,ME02,-0.02248147215034727,-1.014536491458476,-0.3602595745197569,1.011760144153304,0.09309892246926244,0.4080776500998038,-0.3794010972067655,-0.10264043637505327,0.7766863290942612
2008-04-28 06:20:00+00:00,ME02,-0.021675152163607464,0.2372559057801612,-0.37699291278026303,1.011760144153304,0.09309892246926244,0.4080776500998038,-0.3794010972067655,-0.10264043637505327,0.7766863290942612
2008-04-28 06:30:00+00:00,ME02,-0.01910858902932867,0.10805276729805434,-0.12263257014055508,1.011760144153304,0.09309892246926244,0.4080776500998038,-0.3794010972067655,-0.10264043637505327,0.7766863290942612
2008-04-28 06:40:00+00:00,ME02,-0.01639528183742691,-0.21164488679558777,0.4203843934433719,1.011760144153304,0.09309892246926244,0.4080776500998038,-0.3794010972067655,-0.10264043637505327,0.7766863290942612
2008-04-28 06:50:00+00:00,ME02,-0.01361117348628598,1.7828343976022056,0.7484325584319939,1.011760144153304,0.09309892246926244,0.4080776500998038,-0.3794010972067655,-0.10264043637505327,0.7766863290942612
2008-04-28 07:00:00+00:00,ME02,-0.012219669049876392,0.04945375194640683,1.0592582253346143,1.2526256961708193,0.4844935738318806,0.5645425578080866,3.245986799267335,-0.10264043637505327,0.7766863290942612
2008-04-28 07:10:00+00:00,ME02,-0.014883570953987988,2.6763896921254786,0.9992069148540514,1.2526256961708193,0.4844935738318806,0.5645425578080866,3.245986799267335,-0.10264043637505327,0.7766863290942612
2008-04-28 07:20:00+00:00,ME02,-0.013932370980521191,1.7608110635311798,0.6287315828470802,1.2526256961708193,0.4844935738318806,0.5645425578080866,3.245986799267335,-0.10264043637505327,0.7766863290942612
2008-04-28 07:30:00+00:00,ME02,0.0017645738282990493,0.7224305384089083,3.096210858187723,1.2526256961708193,0.4844935738318806,0.5645425578080866,3.245986799267335,-0.10264043637505327,0.7766863290942612
2008-04-28 07:40:00+00:00,ME02,0.01928733795133436,1.9771557558711108,4.95260853623382,1.2526256961708193,0.4844935738318806,0.5645425578080866,3.245986799267335,-0.10264043637505327,0.7766863290942612
2008-04-28 07:50:00+00:00,ME02,0.011325879919970545,7.612390546721255,3.7643651733050265,1.2526256961708193,0.4844935738318806,0.5645425578080866,3.245986799267335,-0.10264043637505327,0.7766863290942612
2008-04-28 08:00:00+00:00,ME02,0.010782200950529456,13.028591555164962,4.162085144066997,1.0599140506060782,0.5427594287869929,0.67871960468384,2.7822743699834755,-0.10264043637505327,0.7766863290942612
2008-04-28 08:10:00+00:00,ME02,0.013410274113023245,1.2156775884177518,3.9253638731329143,1.0599140506060782,0.5427594287869929,0.67871960468384,2.7822743699834755,-0.10264043637505327,0.7766863290942612
2008-04-28 08:20:00+00:00,ME02,0.011701328731197856,0.7371131155773133,4.112508992789889,1.0599140506060782,0.5427594287869929,0.67871960468384,2.7822743699834755,-0.10264043637505327,0.7766863290942612
2008-04-28 08:30:00+00:00,ME02,0.006235683643545267,5.801539742683774,3.273425444087571,1.0599140506060782,0.5427594287869929,0.67871960468384,2.7822743699834755,-0.10264043637505327,0.7766863290942612
2008-04-28 08:40:00+00:00,ME02,-0.0033435555790737744,0.644148085716211,2.4988703498769986,1.0599140506060782,0.5427594287869929,0.67871960468384,2.7822743699834755,-0.10264043637505327,0.7766863290942612
2008-04-28 08:50:00+00:00,ME02,-0.007873945103905487,0.3855007972538888,2.205907388494055,1.0599140506060782,0.5427594287869929,0.67871960468384,2.7822743699834755,-0.10264043637505327,0.7766863290942612
2008-04-28 09:00:00+00:00,ME02,-0.0030256570317578947,10.37056951354049,2.5821039653673696,1.0599140506060782,0.251429888369714,0.6406605890585889,-0.6323350934380482,-0.10264043637505327,0.7766863290942612
2008-04-28 09:10:00+00:00,ME02,-0.009970973959567602,0.6841297315738637,1.2607867659889065,1.0599140506060782,0.251429888369714,0.6406605890585889,-0.6323350934380482,-0.10264043637505327,0.7766863290942612
2008-04-28 09:20:00+00:00,ME02,-0.010226836916775867,0.4788858611171798,1.129715355257313,1.0599140506060782,0.251429888369714,0.6406605890585889,-0.6323350934380482,-0.10264043637505327,0.7766863290942612
2008-04-28 09:30:00+00:00,ME02,-0.012686602432195139,1.1488191677960895,0.7125731471226183,1.0599140506060782,0.251429888369714,0.6406605890585889,-0.6323350934380482,-0.10264043637505327,0.7766863290942612
2008-04-28 09:40:00+00:00,ME02,-0.0246103667633455,1.2964784051437006,-0.5924193377812506,1.0599140506060782,0.251429888369714,0.6406605890585889,-0.6323350934380482,-0.10264043637505327,0.7766863290942612
2008-04-28 09:50:00+00:00,ME02,-0.02249424973528956,0.5507189904830614,-0.6057899447093154,1.0599140506060782,0.251429888369714,0.6406605890585889,-0.6323350934380482,-0.10264043637505327,0.7766863290942612
2008-04-28 10:00:00+00:00,ME02,-0.017315631019412726,2.8774921373419877,-0.12447144941344428,0.6744907594765952,0.7504899259403731,0.7379225507253726,2.10778361050688,-0.10264043637505327,0.7766863290942612
2008-04-28 10:10:00+00:00,ME02,-0.02102352981933032,0.1549966561361646,-0.5162763314178058,0.6744907594765952,0.7504899259403731,0.7379225507253726,2.10778361050688,-0.10264043637505327,0.7766863290942612
2008-04-28 10:20:00+00:00,ME02,-0.02214256946884884,-0.11994980552995613,-0.8873355564781461,0.6744907594765952,0.7504899259403731,0.7379225507253726,2.10778361050688,-0.10264043637505327,0.7766863290942612
2008-04-28 10:30:00+00:00,ME02,-0.02615951814343849,1.4908979010092915,-1.3518857633062689,0.6744907594765952,0.7504899259403731,0.7379225507253726,2.10778361050688,-0.10264043637505327,0.7766863290942612
2008-04-28 10:40:00+00:00,ME02,-0.027178497970769197,4.758319013751086,-2.3931203964570447,0.6744907594765952,0.7504899259403731,0.7379225507253726,2.10778361050688,-0.10264043637505327,0.7766863290942612
2008-04-28 10:50:00+00:00,ME02,-0.03574838022582203,0.5663168953141609,-3.1055825413285536,0.6744907594765952,0.7504899259403731,0.7379225507253726,2.10778361050688,-0.10264043637505327,0.7766863290942612
2008-04-28 11:00:00+00:00,ME02,-0.03269470845509472,-1.0384434690218913,-2.231784941362312,0.5299330203646286,1.1266848237027527,0.6068304186406162,-0.6323350934380482,-0.10264043637505327,0.7766863290942612
2008-04-28 11:10:00+00:00,ME02,-0.03580508138538567,1.679954143124396,-2.8373476459436824,0.5299330203646286,1.1266848237027527,0.6068304186406162,-0.6323350934380482,-0.10264043637505327,0.7766863290942612
2008-04-28 11:20:00+00:00,ME02,-0.03451429942354439,0.637979671204092,-2.8357345253916995,0.5299330203646286,1.1266848237027527,0.6068304186406162,-0.6323350934380482,-0.10264043637505327,0.7766863290942612
2008-04-28 11:30:00+00:00,ME02,-0.03364130518496389,-1.0509221351502909,-2.5359268227072995,0.5299330203646286,1.1266848237027527,0.6068304186406162,-0.6323350934380482,-0.10264043637505327,0.7766863290942612
2008-04-28 11:40:00+00:00,ME02,-0.041624162448987825,0.9604495712817945,-4.425389359086008,0.5299330203646286,1.1266848237027527,0.6068304186406162,-0.6323350934380482,-0.10264043637505327,0.7766863290942612
2008-04-28 11:50:00+00:00,ME02,-0.039354589116959875,1.2465559864837525,-4.291972503968118,0.5299330203646286,1.1266848237027527,0.6068304186406162,-0.6323350934380482,-0.10264043637505327,0.7766863290942612
2008-04-28 12:00:00+00:00,ME02,-0.034669729744018885,1.256829886127481,-2.9806877401091922,0.2890674683471134,0.7504899259403731,0.4292215805160517,5.986105503212263,-0.10264043637505327,0.8448167088393715
2008-04-28 12:10:00+00:00,ME02,-0.03351739639495044,0.5885185243012543,-3.0313459979977018,0.2890674683471134,0.7504899259403731,0.4292215805160517,5.986105503212263,-0.10264043637505327,0.8448167088393715
2008-04-28 12:20:00+00:00,ME02,-0.02689939449693789,2.9397270213924527,-2.7505312585412356,0.2890674683471134,0.7504899259403731,0.4292215805160517,5.986105503212263,-0.10264043637505327,0.8448167088393715
2008-04-28 12:30:00+00:00,ME02,-0.045478522185472325,0.7624862122355208,-4.179123944344434,0.2890674683471134,0.7504899259403731,0.4292215805160517,5.986105503212263,-0.10264043637505327,0.8448167088393715
2008-04-28 12:40:00+00:00,ME02,-0.05302179535548765,-1.0154370977776805,-5.631204606784472,0.2890674683471134,0.7504899259403731,0.4292215805160517,5.986105503212263,-0.10264043637505327,0.8448167088393715
2008-04-28 12:50:00+00:00,ME02,-0.05270500751342479,-0.8861212918158691,-5.544898737739227,0.2890674683471134,0.7504899259403731,0.4292215805160517,5.986105503212263,-0.10264043637505327,0.8448167088393715
2008-04-28 13:00:00+00:00,ME02,-0.04492177770133802,1.8710784210922402,-4.601516827977361,0.8672024050413374,1.0848853020708038,0.42499273530880693,-0.33724532830837683,-0.10264043637505327,0.8448167088393715
2008-04-28 13:10:00+00:00,ME02,-0.03032887120413354,3.2661222803462575,-4.2149523099227295,0.8672024050413374,1.0848853020708038,0.42499273530880693,-0.33724532830837683,-0.10264043637505327,0.8448167088393715
2008-04-28 13:20:00+00:00,ME02,-0.042606225559385244,3.50692828144915,-3.926742008213111,0.8672024050413374,1.0848853020708038,0.42499273530880693,-0.33724532830837683,-0.10264043637505327,0.8448167088393715
2008-04-28 13:30:00+00:00,ME02,-0.04289327048476039,4.058396756342858,-3.856907926027868,0.8672024050413374,1.0848853020708038,0.42499273530880693,-0.33724532830837683,-0.10264043637505327,0.8448167088393715
2008-04-28 13:40:00+00:00,ME02,-0.04590075743962125,-0.657196781064997,-4.8749531708318505,0.8672024050413374,1.0848853020708038,0.42499273530880693,-0.33724532830837683,-0.10264043637505327,0.8448167088393715
2008-04-28 13:50:00+00:00,ME02,-0.0394963055979213,2.036544826132751,-4.52553639459157,0.8672024050413374,1.0848853020708038,0.42499273530880693,-0.33724532830837683,-0.10264043637505327,0.8448167088393715
2008-04-28 14:00:00+00:00,ME02,-0.03739511409134829,1.0446778164291906,-2.95707407405596,-0.07230287449439378,1.0266194471156924,0.30658684322577523,-0.6744907594765952,-0.10264043637505327,0.8448167088393715
2008-04-28 14:10:00+00:00,ME02,-0.03242859338663118,0.7004229209382075,-2.794490285549562,-0.07230287449439378,1.0266194471156924,0.30658684322577523,-0.6744907594765952,-0.10264043637505327,0.8448167088393715
2008-04-28 14:20:00+00:00,ME02,-0.03609831050122093,-0.12082400595992614,-2.6497673068255287,-0.07230287449439378,1.0266194471156924,0.30658684322577523,-0.6744907594765952,-0.10264043637505327,0.8448167088393715
2008-04-28 14:30:00+00:00,ME02,-0.036374853549404215,0.5076297151530139,-2.5131498516498145,-0.07230287449439378,1.0266194471156924,0.30658684322577523,-0.6744907594765952,-0.10264043637505327,0.8448167088393715
2008-04-28 14:40:00+00:00,ME02,-0.039404905076915235,0.7389810413221064,-3.1510329621281845,-0.07230287449439378,1.0266194471156924,0.30658684322577523,-0.6744907594765952,-0.10264043637505327,0.8448167088393715
2008-04-28 14:50:00+00:00,ME02,-0.03623983368702643,-0.8377690111404382,-2.7464182189461264,-0.07230287449439378,1.0266194471156924,0.30658684322577523,-0.6744907594765952,-0.10264043637505327,0.8448167088393715
2008-04-28 15:00:00+00:00,ME02,-0.03333802488961858,0.589867133153144,-2.0547520942209263,-0.6985917176413922,0.45916038552309474,0.09091898947595971,5.26945907769712,-0.10264043637505327,0.8448167088393715
2008-04-28 15:10:00+00:00,ME02,-0.0336603432664062,-0.7988473523955388,-1.547590889960709,-0.6985917176413922,0.45916038552309474,0.09091898947595971,5.26945907769712,-0.10264043637505327,0.8448167088393715
2008-04-28 15:20:00+00:00,ME02,-0.029252028934894654,-0.43539851666155105,-1.1404285895480315,-0.6985917176413922,0.45916038552309474,0.09091898947595971,5.26945907769712,-0.10264043637505327,0.8448167088393715
2008-04-28 15:30:00+00:00,ME02,-0.023902512205108573,2.127932711861492,-0.5037733216523892,-0.6985917176413922,0.45916038552309474,0.09091898947595971,5.26945907769712,-0.10264043637505327,0.8448167088393715
2008-04-28 15:40:00+00:00,ME02,-0.023300301364087565,-0.7017967615635481,-0.3109191144899975,-0.6985917176413922,0.45916038552309474,0.09091898947595971,5.26945907769712,-0.10264043637505327,0.8448167088393715
2008-04-28 15:50:00+00:00,ME02,-0.01895614630864947,0.1719013403889021,0.16147651190472706,-0.6985917176413922,0.45916038552309474,0.09091898947595971,5.26945907769712,-0.10264043637505327,0.8448167088393715
2008-04-28 16:00:00+00:00,ME02,-0.02140853636834086,-1.1161517116603614,0.054819592534084714,-0.6744907594765939,0.3046291587914125,0.014800662605380807,0.7588020915536895,-0.10264043637505327,0.8448167088393715
2008-04-28 16:10:00+00:00,ME02,-0.01897152891615394,-0.8819302260064401,0.05794942038890609,-0.6744907594765939,0.3046291587914125,0.014800662605380807,0.7588020915536895,-0.10264043637505327,0.8448167088393715
2008-04-28 16:20:00+00:00,ME02,-0.019029303067980428,-0.0035114806065467763,0.20352051520956913,-0.6744907594765939,0.3046291587914125,0.014800662605380807,0.7588020915536895,-0.10264043637505327,0.8448167088393715
2008-04-28 16:30:00+00:00,ME02,-0.01764700055259951,-0.3383034490126116,0.46684085472668935,-0.6744907594765939,0.3046291587914125,0.014800662605380807,0.7588020915536895,-0.10264043637505327,0.8448167088393715
2008-04-28 16:40:00+00:00,ME02,-0.01617265155822439,1.0930314627145894,0.4210623601189117,-0.6744907594765939,0.3046291587914125,0.014800662605380807,0.7588020915536895,-0.10264043637505327,0.8448167088393715
2008-04-28 16:50:00+00:00,ME02,-0.019972353817229588,-0.35015305670249874,0.08202764634148864,-0.6744907594765939,0.3046291587914125,0.014800662605380807,0.7588020915536895,-0.10264043637505327,0.8448167088393715
2008-04-28 17:00:00+00:00,ME02,-0.018185638978010527,0.27878344263202887,5.421951729250494e-06,-0.3613703428415058,0.2653630622470302,-0.03171574781435038,-0.590179427399501,-0.10264043637505327,0.8448167088393715
2008-04-28 17:10:00+00:00,ME02,-0.023704423283509624,-0.8369416611391214,-0.30516148260600545,-0.3613703428415058,0.2653630622470302,-0.03171574781435038,-0.590179427399501,-0.10264043637505327,0.8448167088393715
2008-04-28 17:20:00+00:00,ME02,-0.01006777931839849,-0.9219423663870888,4.6209969325838145,-0.3613703428415058,0.2653630622470302,-0.03171574781435038,-0.590179427399501,-0.10264043637505327,0.8448167088393715
2008-04-28 17:30:00+00:00,ME02,-0.023987557406910047,1.001961526118781,-0.48684394421325133,-0.3613703428415058,0.2653630622470302,-0.03171574781435038,-0.590179427399501,-0.10264043637505327,0.8448167088393715
2008-04-28 17:40:00+00:00,ME02,-0.019990836813728093,-0.3966332496332686,0.04375568505531866,-0.3613703428415058,0.2653630622470302,-0.03171574781435038,-0.590179427399501,-0.10264043637505327,0.8448167088393715
2008-04-28 17:50:00+00:00,ME02,-0.021524148912641525,1.3556810976380778,-0.07500366384661945,-0.3613703428415058,0.2653630622470302,-0.03171574781435038,-0.590179427399501,-0.10264043637505327,0.8448167088393715
2008-04-28 18:00:00+00:00,ME02,-0.022351986470782514,-0.899642074646166,-0.23013584029259668,-0.14455773911196654,-0.4122942793577333,-0.15857933031190521,-0.6744907594765952,-0.10264043637505327,0.9129470885844826
2008-04-28 18:10:00+00:00,ME02,-0.021756225655905192,-0.7474386177751482,-0.16434319788701107,-0.14455773911196654,-0.4122942793577333,-0.15857933031190521,-0.6744907594765952,-0.10264043637505327,0.9129470885844826
2008-04-28 18:20:00+00:00,ME02,-0.020334828995065144,0.373273688126103,-0.0865042300106156,-0.14455773911196654,-0.4122942793577333,-0.15857933031190521,-0.6744907594765952,-0.10264043637505327,0.9129470885844826
2008-04-28 18:30:00+00:00,ME02,-0.021230967950129985,-0.09873226576862956,-0.1806149180190202,-0.14455773911196654,-0.4122942793577333,-0.15857933031190521,-0.6744907594765952,-0.10264043637505327,0.9129470885844826
2008-04-28 18:40:00+00:00,ME02,-0.016884779412318102,0.9808742304235291,0.26360283950631425,-0.14455773911196654,-0.4122942793577333,-0.15857933031190521,-0.6744907594765952,-0.10264043637505327,0.9129470885844826
2008-04-28 18:50:00+00:00,ME02,0.001619039927838194,0.4108172637938251,0.30630170150611,-0.14455773911196654,-0.4122942793577333,-0.15857933031190521,-0.6744907594765952,-0.10264043637505327,0.9129470885844826
2008-04-28 19:00:00+00:00,ME02,-0.020191409661924245,-1.0126844545223606,-0.010175997442359629,-0.09635582278236979,-0.45536038071260515,-0.12474915989393247,-0.6323350934380482,-0.10264043637505327,0.9129470885844826
2008-04-28 19:10:00+00:00,ME02,-0.019871524988922563,0.21106913104466735,0.20580602550579877,-0.09635582278236979,-0.45536038071260515,-0.12474915989393247,-0.6323350934380482,-0.10264043637505327,0.9129470885844826
2008-04-28 19:20:00+00:00,ME02,-0.019664174899373502,-0.7042483279828785,0.15423187662841534,-0.09635582278236979,-0.45536038071260515,-0.12474915989393247,-0.6323350934380482,-0.10264043637505327,0.9129470885844826
2008-04-28 19:30:00+00:00,ME02,-0.017017171644983578,1.2071098079407887,0.2517029656514734,-0.09635582278236979,-0.45536038071260515,-0.12474915989393247,-0.6323350934380482,-0.10264043637505327,0.9129470885844826
2008-04-28 19:40:00+00:00,ME02,-0.013369816479686214,0.331404340915515,0.5804135119367162,-0.09635582278236979,-0.45536038071260515,-0.12474915989393247,-0.6323350934380482,-0.10264043637505327,0.9129470885844826
2008-04-28 19:50:00+00:00,ME02,-0.014338179765071835,0.5191266657085902,0.7058318472540636,-0.09635582278236979,-0.45536038071260515,-0.12474915989393247,-0.6323350934380482,-0.10264043637505327,0.9129470885844826
2008-04-28 20:00:00+00:00,ME02,-0.020273348880005246,-0.7699574369549572,0.3866157620894568,0.4817791139118543,-0.48955989272357414,-0.0697747634396015,-0.33724532830837683,-0.10264043637505327,0.9129470885844826
2008-04-28 20:10:00+00:00,ME02,-0.01560805945560704,-0.8319869523315816,0.42491372379859127,0.4817791139118543,-0.48955989272357414,-0.0697747634396015,-0.33724532830837683,-0.10264043637505327,0.9129470885844826
2008-04-28 20:20:00+00:00,ME02,-0.01742782261871822,0.45314835014103266,0.47463882557507825,0.4817791139118543,-0.48955989272357414,-0.0697747634396015,-0.33724532830837683,-0.10264043637505327,0.9129470885844826
2008-04-28 20:30:00+00:00,ME02,-0.01738187281770824,-0.05617587756468262,0.4548257367199659,0.4817791139118543,-0.48955989272357414,-0.0697747634396015,-0.33724532830837683,-0.10264043637505327,0.9129470885844826
2008-04-28 20:40:00+00:00,ME02,-0.008989639065567712,-0.07426972237470018,0.9650205959324827,0.4817791139118543,-0.48955989272357414,-0.0697747634396015,-0.33724532830837683,-0.10264043637505327,0.9129470885844826
2008-04-28 20:50:00+00:00,ME02,-0.010388935788385109,0.9023290581236552,0.9582426132734305,0.4817791139118543,-0.48955989272357414,-0.0697747634396015,-0.33724532830837683,-0.10264043637505327,0.9129470885844826
2008-04-28 21:00:00+00:00,ME02,-0.019033597533967776,-0.9719243178644672,0.5744802393871442,0.5058800720766526,-0.7023569744103683,-0.18818065552263324,-0.6744907594765952,-0.10264043637505327,0.9129470885844826
2008-04-28 21:10:00+00:00,ME02,-0.01548414849819133,0.4585235257306178,0.5265987828974805,0.5058800720766526,-0.7023569744103683,-0.18818065552263324,-0.6744907594765952,-0.10264043637505327,0.9129470885844826
2008-04-28 21:20:00+00:00,ME02,-0.017915060455909026,-0.6165145921322889,0.7610556389006474,0.5058800720766526,-0.7023569744103683,-0.18818065552263324,-0.6744907594765952,-0.10264043637505327,0.9129470885844826
2008-04-28 21:30:00+00:00,ME02,-0.015599554339978703,0.26301695279898607,0.6855426073157894,0.5058800720766526,-0.7023569744103683,-0.18818065552263324,-0.6744907594765952,-0.10264043637505327,0.9129470885844826
2008-04-28 21:40:00+00:00,ME02,-0.011588770776432387,0.09848856444386374,1.1530576314227545,0.5058800720766526,-0.7023569744103683,-0.18818065552263324,-0.6744907594765952,-0.10264043637505327,0.9129470885844826
2008-04-28 21:50:00+00:00,ME02,-0.012662393806484507,0.2757491363756868,1.2057851431257436,0.5058800720766526,-0.7023569744103683,-0.18818065552263324,-0.6744907594765952,-0.10264043637505327,0.9129470885844826
2008-04-28 22:00:00+00:00,ME02,-0.016413345134852004,-0.9220020203610538,0.7834307848087189,0.5058800720766526,-0.9316206550620453,-0.33195932322919125,-0.16862266415418836,-0.10264043637505327,0.9129470885844826
2008-04-28 22:10:00+00:00,ME02,-0.01762745964360217,-0.4933127653578226,0.7952537010079639,0.5058800720766526,-0.9316206550620453,-0.33195932322919125,-0.16862266415418836,-0.10264043637505327,0.9129470885844826
2008-04-28 22:20:00+00:00,ME02,-0.01861918143523998,0.4953354081832702,0.7567996172559729,0.5058800720766526,-0.9316206550620453,-0.33195932322919125,-0.16862266415418836,-0.10264043637505327,0.9129470885844826
2008-04-28 22:30:00+00:00,ME02,-0.015037980432729789,-0.25293200547291356,0.7607430105147477,0.5058800720766526,-0.9316206550620453,-0.33195932322919125,-0.16862266415418836,-0.10264043637505327,0.9129470885844826
2008-04-28 22:40:00+00:00,ME02,-0.011221971337136243,-0.08506883554870763,1.3037767442847803,0.5058800720766526,-0.9316206550620453,-0.33195932322919125,-0.16862266415418836,-0.10264043637505327,0.9129470885844826
2008-04-28 22:50:00+00:00,ME02,-0.01192826437664987,0.14962193754468825,1.2235664321052755,0.5058800720766526,-0.9316206550620453,-0.33195932322919125,-0.16862266415418836,-0.10264043637505327,0.9129470885844826
2008-04-28 23:00:00+00:00,ME02,-0.011583625524020397,0.4879440015287461,0.8889993424380404,0.6985917176413935,-1.0367523505407983,-0.450365215312223,-0.6744907594765952,-0.10264043637505327,0.9129470885844826
2008-04-28 23:10:00+00:00,ME02,-0.015601489426339337,-0.9024238232284213,0.8493634157625078,0.6985917176413935,-1.0367523505407983,-0.450365215312223,-0.6744907594765952,-0.10264043637505327,0.9129470885844826
2008-04-28 23:20:00+00:00,ME02,-0.015417648257956605,-1.019207371190132,0.8776550948278049,0.6985917176413935,-1.0367523505407983,-0.450365215312223,-0.6744907594765952,-0.10264043637505327,0.9129470885844826
2008-04-28 23:30:00+00:00,ME02,-0.015793745399356376,0.6252073470982171,0.9521154606544865,0.6985917176413935,-1.0367523505407983,-0.450365215312223,-0.6744907594765952,-0.10264043637505327,0.9129470885844826
2008-04-28 23:40:00+00:00,ME02,-0.0106754038229002,0.3477614897093601,1.144253981406497,0.6985917176413935,-1.0367523505407983,-0.450365215312223,-0.6744907594765952,-0.10264043637505327,0.9129470885844826
2008-04-28 23:50:00+00:00,ME02,-0.013003278359807312,0.3016878737009527,1.1543434556246557,0.6985917176413935,-1.0367523505407983,-0.450365215312223,-0.6744907594765952,-0.10264043637505327,0.9129470885844826
2008-04-29 00:00:00+00:00,ME02,-0.017448931422979926,-0.7801365066328424,0.8378054879344919,0.7226446659293696,-1.107684799650303,-0.7167786203090911,-0.5480237613609539,-0.10264043637505327,0.981077468329593
2008-04-29 00:10:00+00:00,ME02,-0.015723772459928682,-0.4505595295487801,0.7805893907364386,0.7226446659293696,-1.107684799650303,-0.7167786203090911,-0.5480237613609539,-0.10264043637505327,0.981077468329593
2008-04-29 00:20:00+00:00,ME02,-0.016011726071047807,-0.9121173356596771,0.7774760065280565,0.7226446659293696,-1.107684799650303,-0.7167786203090911,-0.5480237613609539,-0.10264043637505327,0.981077468329593
2008-04-29 00:30:00+00:00,ME02,-0.01489265019100432,-0.2715327684293053,0.7905214651493359,0.7226446659293696,-1.107684799650303,-0.7167786203090911,-0.5480237613609539,-0.10264043637505327,0.981077468329593
2008-04-29 00:40:00+00:00,ME02,-0.013493350618512413,-0.15056819401430258,1.260497619252044,0.7226446659293696,-1.107684799650303,-0.7167786203090911,-0.5480237613609539,-0.10264043637505327,0.981077468329593
2008-04-29 00:50:00+00:00,ME02,-0.012619417027031217,0.08290303624924707,1.1209440338930716,0.7226446659293696,-1.107684799650303,-0.7167786203090911,-0.5480237613609539,-0.10264043637505327,0.981077468329593
2008-04-29 01:00:00+00:00,ME02,-0.01709350046029324,1.0995653125223612,0.6577812057113617,0.8672024050413374,-1.1621506497949248,-0.9324464740589067,0.33724543116821853,-0.10264043637505327,0.981077468329593
2008-04-29 01:10:00+00:00,ME02,-0.01555452824908896,-0.7369235302584578,0.7949517742927397,0.8672024050413374,-1.1621506497949248,-0.9324464740589067,0.33724543116821853,-0.10264043637505327,0.981077468329593
2008-04-29 01:20:00+00:00,ME02,-0.01528260010368566,-0.8490353737166313,0.7229689265965286,0.8672024050413374,-1.1621506497949248,-0.9324464740589067,0.33724543116821853,-0.10264043637505327,0.981077468329593
2008-04-29 01:30:00+00:00,ME02,-0.015342178903166774,1.188680239329591,0.7540320150383124,0.8672024050413374,-1.1621506497949248,-0.9324464740589067,0.33724543116821853,-0.10264043637505327,0.981077468329593
2008-04-29 01:40:00+00:00,ME02,-0.012291423259020898,0.39113413878992204,1.054308175682016,0.8672024050413374,-1.1621506497949248,-0.9324464740589067,0.33724543116821853,-0.10264043637505327,0.981077468329593
2008-04-29 01:50:00+00:00,ME02,-0.012454861809914017,0.7532374056953512,1.0093764040595603,0.8672024050413374,-1.1621506497949248,-0.9324464740589067,0.33724543116821853,-0.10264043637505327,0.981077468329593
2008-04-29 02:00:00+00:00,ME02,-0.013427477564900883,-0.8448658679281822,0.6311381458212899,0.6503898013117968,-0.8948877179635095,-1.0212507453111337,2.4450290416750984,-0.10264043637505327,0.981077468329593
2008-04-29 02:10:00+00:00,ME02,-0.017755761966650085,0.9494102490744659,0.68175697822403,0.6503898013117968,-0.8948877179635095,-1.0212507453111337,2.4450290416750984,-0.10264043637505327,0.981077468329593
2008-04-29 02:20:00+00:00,ME02,-0.015509318625612974,-0.7962919184414285,0.5950847654805392,0.6503898013117968,-0.8948877179635095,-1.0212507453111337,2.4450290416750984,-0.10264043637505327,0.981077468329593
2008-04-29 02:30:00+00:00,ME02,-0.016871154319269614,0.050329702198122904,0.6426790535531366,0.6503898013117968,-0.8948877179635095,-1.0212507453111337,2.4450290416750984,-0.10264043637505327,0.981077468329593
2008-04-29 02:40:00+00:00,ME02,-0.014257914568438503,0.04524573824614315,1.0557548631574771,0.6503898013117968,-0.8948877179635095,-1.0212507453111337,2.4450290416750984,-0.10264043637505327,0.981077468329593
2008-04-29 02:50:00+00:00,ME02,-0.011873825799161231,0.7288592856622074,0.95613060044349,0.6503898013117968,-0.8948877179635095,-1.0212507453111337,2.4450290416750984,-0.10264043637505327,0.981077468329593
2008-04-29 03:00:00+00:00,ME02,-0.016526295411729917,1.1050660032346569,0.6501269362527421,0.8672024050413374,-0.8416884475418109,-1.2284612042665028,2.9508971369975057,-0.10264043637505327,0.981077468329593
2008-04-29 03:10:00+00:00,ME02,-0.01673707254122031,-0.9348534977278624,0.7177089071903087,0.8672024050413374,-0.8416884475418109,-1.2284612042665028,2.9508971369975057,-0.10264043637505327,0.981077468329593
2008-04-29 03:20:00+00:00,ME02,-0.012825110323004221,0.7984491921757746,0.7314472388306014,0.8672024050413374,-0.8416884475418109,-1.2284612042665028,2.9508971369975057,-0.10264043637505327,0.981077468329593
2008-04-29 03:30:00+00:00,ME02,-0.01739420466714671,0.5459577543162532,0.6245651327008174,0.8672024050413374,-0.8416884475418109,-1.2284612042665028,2.9508971369975057,-0.10264043637505327,0.981077468329593
2008-04-29 03:40:00+00:00,ME02,-0.013403973431540189,0.8652117724112582,1.2075176036117716,0.8672024050413374,-0.8416884475418109,-1.2284612042665028,2.9508971369975057,-0.10264043637505327,0.981077468329593
2008-04-29 03:50:00+00:00,ME02,-0.013572138750935115,0.45533559280288755,1.0456744998274148,0.8672024050413374,-0.8416884475418109,-1.2284612042665028,2.9508971369975057,-0.10264043637505327,0.981077468329593
2008-04-29 04:00:00+00:00,ME02,-0.015555093989623247,-0.43856121834273065,0.876154123911024,0.8913033632061358,-0.849288457162791,-1.2707490650989985,3.288142465305883,-0.10264043637505327,0.981077468329593
2008-04-29 04:10:00+00:00,ME02,-0.01468812660881377,0.9073232905681803,0.8045763945062191,0.8913033632061358,-0.849288457162791,-1.2707490650989985,3.288142465305883,-0.10264043637505327,0.981077468329593
2008-04-29 04:20:00+00:00,ME02,-0.01757147913325953,-0.9872911245874971,0.7616349959416787,0.8913033632061358,-0.849288457162791,-1.2707490650989985,3.288142465305883,-0.10264043637505327,0.981077468329593
2008-04-29 04:30:00+00:00,ME02,-0.016219131818187876,0.32182738494521884,0.7738892050164422,0.8913033632061358,-0.849288457162791,-1.2707490650989985,3.288142465305883,-0.10264043637505327,0.981077468329593
2008-04-29 04:40:00+00:00,ME02,-0.013086694684258781,1.78225528538809,1.129099577281278,0.8913033632061358,-0.849288457162791,-1.2707490650989985,3.288142465305883,-0.10264043637505327,0.981077468329593
2008-04-29 04:50:00+00:00,ME02,-0.012118146789790101,0.7046472548434467,1.132163070316734,0.8913033632061358,-0.849288457162791,-1.2707490650989985,3.288142465305883,-0.10264043637505327,0.981077468329593
2008-04-29 05:00:00+00:00,ME02,-0.01557497442782998,0.24296802935477757,0.5714895170042418,0.8672024050413374,-0.578225254879165,-1.2496051346827506,1.7705382821985034,-0.10264043637505327,0.981077468329593
2008-04-29 05:10:00+00:00,ME02,-0.016913218689576417,-0.8161249677071869,0.4934617793108347,0.8672024050413374,-0.578225254879165,-1.2496051346827506,1.7705382821985034,-0.10264043637505327,0.981077468329593
2008-04-29 05:20:00+00:00,ME02,-0.02047189028854494,0.914367171679827,0.17115806031644762,0.8672024050413374,-0.578225254879165,-1.2496051346827506,1.7705382821985034,-0.10264043637505327,0.981077468329593
2008-04-29 05:30:00+00:00,ME02,-0.02107592570356225,0.31579058198343557,-0.009927547625030385,0.8672024050413374,-0.578225254879165,-1.2496051346827506,1.7705382821985034,-0.10264043637505327,0.981077468329593
2008-04-29 05:40:00+00:00,ME02,-0.019202066303793806,0.1815120889932827,0.2240535634044398,0.8672024050413374,-0.578225254879165,-1.2496051346827506,1.7705382821985034,-0.10264043637505327,0.981077468329593
2008-04-29 05:50:00+00:00,ME02,-0.021771589578001585,1.1648278515880792,-0.06085004063733722,0.8672024050413374,-0.578225254879165,-1.2496051346827506,1.7705382821985034,-0.10264043637505327,0.981077468329593
2008-04-29 06:00:00+00:00,ME02,-0.023823956751822552,-0.9425844439895263,-0.4349614173923906,0.8672024050413374,0.18429770971242,-1.253833979890029,4.4263456540663375,-0.10264043637505327,0.6949298734001287
2008-04-29 06:10:00+00:00,ME02,-0.020381181858157793,-0.5633327430432792,0.08027657561190267,0.8672024050413374,0.18429770971242,-1.253833979890029,4.4263456540663375,-0.10264043637505327,0.6949298734001287
2008-04-29 06:20:00+00:00,ME02,-0.01584041173131893,-0.7522856904053397,0.823555099790923,0.8672024050413374,0.18429770971242,-1.253833979890029,4.4263456540663375,-0.10264043637505327,0.6949298734001287
2008-04-29 06:30:00+00:00,ME02,-0.013901054195637304,-0.1889473733184858,1.0269417565954713,0.8672024050413374,0.18429770971242,-1.253833979890029,4.4263456540663375,-0.10264043637505327,0.6949298734001287
2008-04-29 06:40:00+00:00,ME02,-0.019146554877067016,-0.8770012310209035,0.385539349753482,0.8672024050413374,0.18429770971242,-1.253833979890029,4.4263456540663375,-0.10264043637505327,0.6949298734001287
2008-04-29 06:50:00+00:00,ME02,-0.022232925870586347,-0.09204403620548332,-0.1444794615079823,0.8672024050413374,0.18429770971242,-1.253833979890029,4.4263456540663375,-0.10264043637505327,0.6949298734001287
2008-04-29 07:00:00+00:00,ME02,-0.022291630314254105,0.16108940625381446,0.15442912220830202,1.03581309244128,0.6288916314967367,-1.2242323590592243,4.890058083350197,-0.10264043637505327,0.6949298734001287
2008-04-29 07:10:00+00:00,ME02,-0.011259880252758295,-0.2139544867908333,1.3641744474949045,1.03581309244128,0.6288916314967367,-1.2242323590592243,4.890058083350197,-0.10264043637505327,0.6949298734001287
2008-04-29 07:20:00+00:00,ME02,-0.006490134070143815,-0.5251093080452823,2.213701042017535,1.03581309244128,0.6288916314967367,-1.2242323590592243,4.890058083350197,-0.10264043637505327,0.6949298734001287
2008-04-29 07:30:00+00:00,ME02,0.0007456145656767277,0.6122580637358711,3.111244899290296,1.03581309244128,0.6288916314967367,-1.2242323590592243,4.890058083350197,-0.10264043637505327,0.6949298734001287
2008-04-29 07:40:00+00:00,ME02,0.009505812327831398,0.5464564668395961,4.133421338324859,1.03581309244128,0.6288916314967367,-1.2242323590592243,4.890058083350197,-0.10264043637505327,0.6949298734001287
2008-04-29 07:50:00+00:00,ME02,0.011614457092921136,1.5042955601422194,3.82943048593393,1.03581309244128,0.6288916314967367,-1.2242323590592243,4.890058083350197,-0.10264043637505327,0.6949298734001287
2008-04-29 08:00:00+00:00,ME02,0.011782819383351873,0.6563233460523862,4.025513693785099,1.6621499454651008,0.45916038552309474,-1.220003513851946,8.641912875080097,-0.10264043637505327,0.6949298734001287
2008-04-29 08:10:00+00:00,ME02,0.004285015407702451,1.7356875545890125,3.617678773617834,1.6621499454651008,0.45916038552309474,-1.220003513851946,8.641912875080097,-0.10264043637505327,0.6949298734001287
2008-04-29 08:20:00+00:00,ME02,0.0008894059070185323,5.3458964023553035,2.5267725940875585,1.6621499454651008,0.45916038552309474,-1.220003513851946,8.641912875080097,-0.10264043637505327,0.6949298734001287
2008-04-29 08:30:00+00:00,ME02,-0.0024321737050211505,1.7751239615013075,2.2449580079830653,1.6621499454651008,0.45916038552309474,-1.220003513851946,8.641912875080097,-0.10264043637505327,0.6949298734001287
2008-04-29 08:40:00+00:00,ME02,-0.011733371513008949,0.3473807123071155,0.9820412902286489,1.6621499454651008,0.45916038552309474,-1.220003513851946,8.641912875080097,-0.10264043637505327,0.6949298734001287
2008-04-29 08:50:00+00:00,ME02,-0.018032587665250285,2.1008996026154545,0.45842937743352197,1.6621499454651008,0.45916038552309474,-1.220003513851946,8.641912875080097,-0.10264043637505327,0.6949298734001287
2008-04-29 09:00:00+00:00,ME02,-0.015338041659406006,-0.5562710846225853,0.686332076355341,3.4447566718773697,0.35782869485483126,-1.3510959415567791,7.039997359895624,-0.10264043637505327,0.6949298734001287
2008-04-29 09:10:00+00:00,ME02,-0.014891478537913243,1.0355060360694408,0.5621683937211831,3.4447566718773697,0.35782869485483126,-1.3510959415567791,7.039997359895624,-0.10264043637505327,0.6949298734001287
2008-04-29 09:20:00+00:00,ME02,-0.01610129310207923,0.4307870871418671,0.7054577058260068,3.4447566718773697,0.35782869485483126,-1.3510959415567791,7.039997359895624,-0.10264043637505327,0.6949298734001287
2008-04-29 09:30:00+00:00,ME02,-0.01436771000757247,0.0654250972291368,0.5825632161840889,3.4447566718773697,0.35782869485483126,-1.3510959415567791,7.039997359895624,-0.10264043637505327,0.6949298734001287
2008-04-29 09:40:00+00:00,ME02,-0.02205349143566874,0.9620014897892543,-0.14046657428288142,3.4447566718773697,0.35782869485483126,-1.3510959415567791,7.039997359895624,-0.10264043637505327,0.6949298734001287
2008-04-29 09:50:00+00:00,ME02,-0.02541047681890409,-0.9241333088902033,-0.8536857421190079,3.4447566718773697,0.35782869485483126,-1.3510959415567791,7.039997359895624,-0.10264043637505327,0.6949298734001287
2008-04-29 10:00:00+00:00,ME02,-0.020232215771112647,0.5181208379900264,0.08491543767157562,3.0593333807478866,0.6542245541638028,-1.3680110267657823,16.229933996336673,-0.10264043637505327,0.6949298734001287
2008-04-29 10:10:00+00:00,ME02,-0.017005082646749287,2.5108972938006953,0.36071889084093745,3.0593333807478866,0.6542245541638028,-1.3680110267657823,16.229933996336673,-0.10264043637505327,0.6949298734001287
2008-04-29 10:20:00+00:00,ME02,-0.01663885169762546,0.169003494195688,0.6888433488842414,3.0593333807478866,0.6542245541638028,-1.3680110267657823,16.229933996336673,-0.10264043637505327,0.6949298734001287
2008-04-29 10:30:00+00:00,ME02,-0.0106823011649878,-0.5119738102643843,1.0221079870892211,3.0593333807478866,0.6542245541638028,-1.3680110267657823,16.229933996336673,-0.10264043637505327,0.6949298734001287
2008-04-29 10:40:00+00:00,ME02,-0.017745630056472547,0.391029182023558,0.48391616021794664,3.0593333807478866,0.6542245541638028,-1.3680110267657823,16.229933996336673,-0.10264043637505327,0.6949298734001287
2008-04-29 10:50:00+00:00,ME02,-0.017877081830586613,2.064774916785032,0.40690646870245295,3.0593333807478866,0.6542245541638028,-1.3680110267657823,16.229933996336673,-0.10264043637505327,0.6949298734001287
2008-04-29 11:00:00+00:00,ME02,-0.015562695680720273,-0.5791810353594284,0.9042847136806466,2.264385840324123,0.7479565008528068,-1.507560849265062,12.09867810740001,-0.10264043637505327,0.6949298734001287
2008-04-29 11:10:00+00:00,ME02,-0.011410597927982014,2.0870213702267013,0.9435768635792736,2.264385840324123,0.7479565008528068,-1.507560849265062,12.09867810740001,-0.10264043637505327,0.6949298734001287
2008-04-29 11:20:00+00:00,ME02,-0.018288453799110236,-0.3239747816598495,0.5903660151409142,2.264385840324123,0.7479565008528068,-1.507560849265062,12.09867810740001,-0.10264043637505327,0.6949298734001287
2008-04-29 11:30:00+00:00,ME02,-0.01719168056757502,0.2756201407798539,0.54822155143336,2.264385840324123,0.7479565008528068,-1.507560849265062,12.09867810740001,-0.10264043637505327,0.6949298734001287
2008-04-29 11:40:00+00:00,ME02,-0.030121840282137585,8.966656741230075,-1.3245138098908893,2.264385840324123,0.7479565008528068,-1.507560849265062,12.09867810740001,-0.10264043637505327,0.6949298734001287
2008-04-29 11:50:00+00:00,ME02,-0.036369591469986716,-0.5876890356753057,-2.010464239701163,2.264385840324123,0.7479565008528068,-1.507560849265062,12.09867810740001,-0.10264043637505327,0.6949298734001287
2008-04-29 12:00:00+00:00,ME02,-0.034381389302744175,0.09317205802430224,-1.772579693512446,1.710303851917875,0.8885545537071728,-1.592136570930121,13.321192628237558,-0.10264043637505327,0.4087822784706637
2008-04-29 12:10:00+00:00,ME02,-0.030653344213387636,0.7833006136308769,-1.3300870136577356,1.710303851917875,0.8885545537071728,-1.592136570930121,13.321192628237558,-0.10264043637505327,0.4087822784706637
2008-04-29 12:20:00+00:00,ME02,-0.026555691771237268,0.35569931658195525,-1.1697596835806978,1.710303851917875,0.8885545537071728,-1.592136570930121,13.321192628237558,-0.10264043637505327,0.4087822784706637
2008-04-29 12:30:00+00:00,ME02,-0.02775659137908462,-0.5471366732047284,-1.18301511376152,1.710303851917875,0.8885545537071728,-1.592136570930121,13.321192628237558,-0.10264043637505327,0.4087822784706637
2008-04-29 12:40:00+00:00,ME02,-0.030475002394306512,1.079571228076605,-1.8399964473127914,1.710303851917875,0.8885545537071728,-1.592136570930121,13.321192628237558,-0.10264043637505327,0.4087822784706637
2008-04-29 12:50:00+00:00,ME02,-0.03328093304985663,1.5246256355639733,-2.1827279564512256,1.710303851917875,0.8885545537071728,-1.592136570930121,13.321192628237558,-0.10264043637505327,0.4087822784706637
2008-04-29 13:00:00+00:00,ME02,-0.03445173746345987,-0.20642619302867987,-2.233703184040486,1.5175922063531342,0.9974865196381362,-1.727457548222156,13.531970958430295,-0.10264043637505327,0.4087822784706637
2008-04-29 13:10:00+00:00,ME02,-0.03575977801927313,0.7369896129063273,-2.592030562859787,1.5175922063531342,0.9974865196381362,-1.727457548222156,13.531970958430295,-0.10264043637505327,0.4087822784706637
2008-04-29 13:20:00+00:00,ME02,-0.03354514218157715,-0.28467133562903746,-2.4233813681853595,1.5175922063531342,0.9974865196381362,-1.727457548222156,13.531970958430295,-0.10264043637505327,0.4087822784706637
2008-04-29 13:30:00+00:00,ME02,-0.03639046234242756,-0.6483880173666339,-2.445312394010228,1.5175922063531342,0.9974865196381362,-1.727457548222156,13.531970958430295,-0.10264043637505327,0.4087822784706637
2008-04-29 13:40:00+00:00,ME02,-0.03949194432031513,1.5722663350325299,-3.184933163911733,1.5175922063531342,0.9974865196381362,-1.727457548222156,13.531970958430295,-0.10264043637505327,0.4087822784706637
2008-04-29 13:50:00+00:00,ME02,-0.03919106519329799,1.9677440466366218,-2.4515951120760064,1.5175922063531342,0.9974865196381362,-1.727457548222156,13.531970958430295,-0.10264043637505327,0.4087822784706637
2008-04-29 14:00:00+00:00,ME02,-0.0305305058477367,4.139263046985496,-1.670986254234436,2.5052513923416386,0.7416233365964703,-1.9473542471792162,8.515445876964456,-0.10264043637505327,0.4087822784706637
2008-04-29 14:10:00+00:00,ME02,-0.025063089805052657,1.3522611833561768,-0.8554670828672571,2.5052513923416386,0.7416233365964703,-1.9473542471792162,8.515445876964456,-0.10264043637505327,0.4087822784706637
2008-04-29 14:20:00+00:00,ME02,-0.020519197739453245,0.20154109784238605,-0.6296771368817939,2.5052513923416386,0.7416233365964703,-1.9473542471792162,8.515445876964456,-0.10264043637505327,0.4087822784706637
2008-04-29 14:30:00+00:00,ME02,-0.020312012778668807,-0.4461355062493599,-0.3668112768885858,2.5052513923416386,0.7416233365964703,-1.9473542471792162,8.515445876964456,-0.10264043637505327,0.4087822784706637
2008-04-29 14:40:00+00:00,ME02,-0.0206514516174004,0.49642534953604767,-0.5625303433899941,2.5052513923416386,0.7416233365964703,-1.9473542471792162,8.515445876964456,-0.10264043637505327,0.4087822784706637
2008-04-29 14:50:00+00:00,ME02,-0.017549954673450826,0.13577214564982587,-0.3811143645913262,2.5052513923416386,0.7416233365964703,-1.9473542471792162,8.515445876964456,-0.10264043637505327,0.4087822784706637
2008-04-29 15:00:00+00:00,ME02,-0.017020213165367053,0.25236847128308193,-0.15089386217092637,1.2767266543356175,0.8885545537071728,-2.0488450540532783,9.147780970402504,-0.10264043637505327,0.4087822784706637
2008-04-29 15:10:00+00:00,ME02,-0.018123224517450357,0.4749319660850132,-0.025510345771364136,1.2767266543356175,0.8885545537071728,-2.0488450540532783,9.147780970402504,-0.10264043637505327,0.4087822784706637
2008-04-29 15:20:00+00:00,ME02,-0.018732182816472813,-0.6669209140552795,0.055605971925467595,1.2767266543356175,0.8885545537071728,-2.0488450540532783,9.147780970402504,-0.10264043637505327,0.4087822784706637
2008-04-29 15:30:00+00:00,ME02,-0.016097464008465255,-0.5970746734292665,0.14108428014613245,1.2767266543356175,0.8885545537071728,-2.0488450540532783,9.147780970402504,-0.10264043637505327,0.4087822784706637
2008-04-29 15:40:00+00:00,ME02,-0.018780512587360052,0.45793366866316454,0.2713169469301977,1.2767266543356175,0.8885545537071728,-2.0488450540532783,9.147780970402504,-0.10264043637505327,0.4087822784706637
2008-04-29 15:50:00+00:00,ME02,-0.016127695561607973,-0.5661582096817871,0.6795215269085003,1.2767266543356175,0.8885545537071728,-2.0488450540532783,9.147780970402504,-0.10264043637505327,0.4087822784706637
2008-04-29 16:00:00+00:00,ME02,-0.017337486530857475,-0.014208328537280355,0.08919516768426795,1.7344048100826734,0.7302235878067208,-2.1587932557217533,11.845744008308884,-0.10264043637505327,0.4087822784706637
2008-04-29 16:10:00+00:00,ME02,-0.01976768326664756,-0.7889154812867717,0.044732125184494174,1.7344048100826734,0.7302235878067208,-2.1587932557217533,11.845744008308884,-0.10264043637505327,0.4087822784706637
2008-04-29 16:20:00+00:00,ME02,-0.017239130675134932,-0.8229713528176057,0.2740849338243079,1.7344048100826734,0.7302235878067208,-2.1587932557217533,11.845744008308884,-0.10264043637505327,0.4087822784706637
2008-04-29 16:30:00+00:00,ME02,-0.01817682619262795,-0.1067691312470008,0.3248708924651541,1.7344048100826734,0.7302235878067208,-2.1587932557217533,11.845744008308884,-0.10264043637505327,0.4087822784706637
2008-04-29 16:40:00+00:00,ME02,-0.014691159638523422,-0.6486899355892729,0.3462361018861029,1.7344048100826734,0.7302235878067208,-2.1587932557217533,11.845744008308884,-0.10264043637505327,0.4087822784706637
2008-04-29 16:50:00+00:00,ME02,-0.01686831325123652,0.40813179452252557,0.3607085831155146,1.7344048100826734,0.7302235878067208,-2.1587932557217533,11.845744008308884,-0.10264043637505327,0.4087822784706637
2008-04-29 17:00:00+00:00,ME02,-0.02043343994890694,-0.856954514211026,0.22423057869613547,0.9394572696589089,0.49462674289870723,-2.0150145880151955,8.515445876964456,-0.10264043637505327,0.4087822784706637
2008-04-29 17:10:00+00:00,ME02,-0.016895404193527988,0.4679179348748869,-0.07013692564492441,0.9394572696589089,0.49462674289870723,-2.0150145880151955,8.515445876964456,-0.10264043637505327,0.4087822784706637
2008-04-29 17:20:00+00:00,ME02,-0.023481948426438807,-0.8856597182557452,-0.30759687695956517,0.9394572696589089,0.49462674289870723,-2.0150145880151955,8.515445876964456,-0.10264043637505327,0.4087822784706637
2008-04-29 17:30:00+00:00,ME02,-0.021725400414633788,-0.32860557421597075,-0.4910671078163804,0.9394572696589089,0.49462674289870723,-2.0150145880151955,8.515445876964456,-0.10264043637505327,0.4087822784706637
2008-04-29 17:40:00+00:00,ME02,-0.020854697826040283,1.0663960865714555,-0.25400855260085436,0.9394572696589089,0.49462674289870723,-2.0150145880151955,8.515445876964456,-0.10264043637505327,0.4087822784706637
2008-04-29 17:50:00+00:00,ME02,-0.017421728978163385,0.1826446390970938,0.02476638549364776,0.9394572696589089,0.49462674289870723,-2.0150145880151955,8.515445876964456,-0.10264043637505327,0.4087822784706637
2008-04-29 18:00:00+00:00,ME02,-0.019384645070282792,1.956679561805055,-0.13925452466261062,0.5299330203646286,0.10069866644852184,-1.9473542471792162,3.330298131344429,-0.10264043637505327,0.1226346835411994
2008-04-29 18:10:00+00:00,ME02,-0.020674709314878977,-0.853441926598109,-0.11426905834376276,0.5299330203646286,0.10069866644852184,-1.9473542471792162,3.330298131344429,-0.10264043637505327,0.1226346835411994
2008-04-29 18:20:00+00:00,ME02,-0.022670709156008283,-1.1167235442781251,-0.15743439741149334,0.5299330203646286,0.10069866644852184,-1.9473542471792162,3.330298131344429,-0.10264043637505327,0.1226346835411994
2008-04-29 18:30:00+00:00,ME02,-0.022426633362518072,0.967125366626445,-0.1555180040013719,0.5299330203646286,0.10069866644852184,-1.9473542471792162,3.330298131344429,-0.10264043637505327,0.1226346835411994
2008-04-29 18:40:00+00:00,ME02,-0.020525383492497863,-0.3907947968560409,-0.027674075599801305,0.5299330203646286,0.10069866644852184,-1.9473542471792162,3.330298131344429,-0.10264043637505327,0.1226346835411994
2008-04-29 18:50:00+00:00,ME02,-0.019993966260484705,0.7871218446644038,-0.020167281080608404,0.5299330203646286,0.10069866644852184,-1.9473542471792162,3.330298131344429,-0.10264043637505327,0.1226346835411994
2008-04-29 19:00:00+00:00,ME02,-0.022697849671943354,-1.0271011939967232,-0.07377804780622937,0.5058800720766526,-0.18936402860411308,-1.8416345950979094,1.1382031887604551,-0.10264043637505327,0.1226346835411994
2008-04-29 19:10:00+00:00,ME02,-0.023470056100720966,-0.35959714305230556,-0.08251967289510509,0.5058800720766526,-0.18936402860411308,-1.8416345950979094,1.1382031887604551,-0.10264043637505327,0.1226346835411994
2008-04-29 19:20:00+00:00,ME02,-0.02122799032657244,0.3960065384690725,-0.11086333458364173,0.5058800720766526,-0.18936402860411308,-1.8416345950979094,1.1382031887604551,-0.10264043637505327,0.1226346835411994
2008-04-29 19:30:00+00:00,ME02,-0.022553108011545826,-0.3367015138311634,-0.15547089674952388,0.5058800720766526,-0.18936402860411308,-1.8416345950979094,1.1382031887604551,-0.10264043637505327,0.1226346835411994
2008-04-29 19:40:00+00:00,ME02,-0.01886598454342533,1.5886606901491074,0.0014787661143516515,0.5058800720766526,-0.18936402860411308,-1.8416345950979094,1.1382031887604551,-0.10264043637505327,0.1226346835411994
2008-04-29 19:50:00+00:00,ME02,-0.01930951753194538,-0.10492764321969116,0.0360745097886544,0.5058800720766526,-0.18936402860411308,-1.8416345950979094,1.1382031887604551,-0.10264043637505327,0.1226346835411994
2008-04-29 20:00:00+00:00,ME02,-0.02152347726293241,1.4132675259422256,0.058036434488005106,0.4817791139118543,-0.5921584287564812,-1.7951181846782118,-0.6744907594765952,-0.10264043637505327,0.1226346835411994
2008-04-29 20:10:00+00:00,ME02,-0.019020788202907517,-0.8489657050208351,0.06501725486232542,0.4817791139118543,-0.5921584287564812,-1.7951181846782118,-0.6744907594765952,-0.10264043637505327,0.1226346835411994
2008-04-29 20:20:00+00:00,ME02,-0.021328568413823586,-0.9145111699295289,0.07558361270449084,0.4817791139118543,-0.5921584287564812,-1.7951181846782118,-0.6744907594765952,-0.10264043637505327,0.1226346835411994
2008-04-29 20:30:00+00:00,ME02,-0.023593235045921822,0.36890783493089013,-0.009419303227070285,0.4817791139118543,-0.5921584287564812,-1.7951181846782118,-0.6744907594765952,-0.10264043637505327,0.1226346835411994
2008-04-29 20:40:00+00:00,ME02,-0.020184931661049895,-0.30482584172099464,0.2898857177506458,0.4817791139118543,-0.5921584287564812,-1.7951181846782118,-0.6744907594765952,-0.10264043637505327,0.1226346835411994
2008-04-29 20:50:00+00:00,ME02,-0.01970179541485134,1.5764326558178459,0.305983920226328,0.4817791139118543,-0.5921584287564812,-1.7951181846782118,-0.6744907594765952,-0.10264043637505327,0.1226346835411994
2008-04-29 21:00:00+00:00,ME02,-0.021324137850291566,-1.0845992358029155,0.11869952028373378,0.8672024050413374,-0.46296039033358527,-1.8078044246799365,-0.6744907594765952,-0.10264043637505327,0.1226346835411994
2008-04-29 21:10:00+00:00,ME02,-0.019837364277856852,-0.7880429645405372,0.09795456551203635,0.8672024050413374,-0.46296039033358527,-1.8078044246799365,-0.6744907594765952,-0.10264043637505327,0.1226346835411994
2008-04-29 21:20:00+00:00,ME02,-0.02013791701607444,1.295235037531979,0.1534076533180107,0.8672024050413374,-0.46296039033358527,-1.8078044246799365,-0.6744907594765952,-0.10264043637505327,0.1226346835411994
2008-04-29 21:30:00+00:00,ME02,-0.01826789652291048,0.13397099607328408,0.17232794537663634,0.8672024050413374,-0.46296039033358527,-1.8078044246799365,-0.6744907594765952,-0.10264043637505327,0.1226346835411994
2008-04-29 21:40:00+00:00,ME02,-0.014605208165464066,0.45090947239061796,0.43132193618699616,0.8672024050413374,-0.46296039033358527,-1.8078044246799365,-0.6744907594765952,-0.10264043637505327,0.1226346835411994
2008-04-29 21:50:00+00:00,ME02,-0.01792029861064737,0.417004694188253,0.49256583619364896,0.8672024050413374,-0.46296039033358527,-1.8078044246799365,-0.6744907594765952,-0.10264043637505327,0.1226346835411994
2008-04-29 22:00:00+00:00,ME02,-0.017409298431407906,-0.9111758226427228,0.2198427791416265,1.108115966935675,-0.7466896554881634,-1.8289483550961845,-0.6744907594765952,-0.10264043637505327,0.1226346835411994
2008-04-29 22:10:00+00:00,ME02,-0.01878807154407385,0.7002301799958583,0.28728846488203513,1.108115966935675,-0.7466896554881634,-1.8289483550961845,-0.6744907594765952,-0.10264043637505327,0.1226346835411994
2008-04-29 22:20:00+00:00,ME02,-0.0205356045154512,-0.9255062796868188,0.15096361053125074,1.108115966935675,-0.7466896554881634,-1.8289483550961845,-0.6744907594765952,-0.10264043637505327,0.1226346835411994
2008-04-29 22:30:00+00:00,ME02,-0.021994158553181712,0.9538056306699635,0.2971398391258063,1.108115966935675,-0.7466896554881634,-1.8289483550961845,-0.6744907594765952,-0.10264043637505327,0.1226346835411994
2008-04-29 22:40:00+00:00,ME02,-0.01293739531417462,0.33596830682986206,0.5798290838602231,1.108115966935675,-0.7466896554881634,-1.8289483550961845,-0.6744907594765952,-0.10264043637505327,0.1226346835411994
2008-04-29 22:50:00+00:00,ME02,-0.01740754873498635,0.3599215578053579,0.45522025171744906,1.108115966935675,-0.7466896554881634,-1.8289483550961845,-0.6744907594765952,-0.10264043637505327,0.1226346835411994
2008-04-29 23:00:00+00:00,ME02,-0.019955609620521394,-0.9765313565805549,0.24220032343004178,0.8913033632061358,-0.5174262404782071,-1.9050663863466868,-0.6744907594765952,-0.10264043637505327,0.1226346835411994
2008-04-29 23:10:00+00:00,ME02,-0.017077099268931625,-0.9773056471682403,0.3073750556408398,0.8913033632061358,-0.5174262404782071,-1.9050663863466868,-0.6744907594765952,-0.10264043637505327,0.1226346835411994
2008-04-29 23:20:00+00:00,ME02,-0.020719064947045417,1.2811488974849785,0.32719885691096373,0.8913033632061358,-0.5174262404782071,-1.9050663863466868,-0.6744907594765952,-0.10264043637505327,0.1226346835411994
2008-04-29 23:30:00+00:00,ME02,-0.018045950209828764,0.6584257942877312,0.4519120492766383,0.8913033632061358,-0.5174262404782071,-1.9050663863466868,-0.6744907594765952,-0.10264043637505327,0.1226346835411994
2008-04-29 23:40:00+00:00,ME02,-0.01577661582209828,1.2769751362982358,0.5617319486776926,0.8913033632061358,-0.5174262404782071,-1.9050663863466868,-0.6744907594765952,-0.10264043637505327,0.1226346835411994
2008-04-29 23:50:00+00:00,ME02,-0.016428804878534594,0.5185860225965102,0.5960601051377783,0.8913033632061358,-0.5174262404782071,-1.9050663863466868,-0.6744907594765952,-0.10264043637505327,0.1226346835411994
2008-04-30 00:00:00+00:00,ME02,-0.023073224659512715,-0.7303332970088008,0.3055650713050259,0.6744907594765952,-0.7783560080532863,-1.9304391619702466,-0.6744907594765952,-0.10264043637505327,-0.16351291138826562
2008-04-30 00:10:00+00:00,ME02,-0.01794474245474511,-0.5515124188132138,0.3535669640363862,0.6744907594765952,-0.7783560080532863,-1.9304391619702466,-0.6744907594765952,-0.10264043637505327,-0.16351291138826562
2008-04-30 00:20:00+00:00,ME02,-0.020351952013181632,-0.8115794380047532,0.2986623942896832,0.6744907594765952,-0.7783560080532863,-1.9304391619702466,-0.6744907594765952,-0.10264043637505327,-0.16351291138826562
2008-04-30 00:30:00+00:00,ME02,-0.016952819355863614,0.5767026901272619,0.4264346055652269,0.6744907594765952,-0.7783560080532863,-1.9304391619702466,-0.6744907594765952,-0.10264043637505327,-0.16351291138826562
2008-04-30 00:40:00+00:00,ME02,-0.015242735351557157,0.18106267954214322,0.8439174768355202,0.6744907594765952,-0.7783560080532863,-1.9304391619702466,-0.6744907594765952,-0.10264043637505327,-0.16351291138826562
2008-04-30 00:50:00+00:00,ME02,-0.01632950221471251,-0.1537593284176397,0.8073208072455527,0.6744907594765952,-0.7783560080532863,-1.9304391619702466,-0.6744907594765952,-0.10264043637505327,-0.16351291138826562
2008-04-30 01:00:00+00:00,ME02,-0.020323250822918332,-0.915011612112933,0.35414551306560776,1.0599140506060782,-0.7872225973971891,-2.065760139262248,-0.6744907594765952,-0.10264043637505327,-0.16351291138826562
2008-04-30 01:10:00+00:00,ME02,-0.01864197701970455,-0.945720775600927,0.4681553071722165,1.0599140506060782,-0.7872225973971891,-2.065760139262248,-0.6744907594765952,-0.10264043637505327,-0.16351291138826562
2008-04-30 01:20:00+00:00,ME02,-0.020791662176165338,0.5937273636376583,0.4088686223595682,1.0599140506060782,-0.7872225973971891,-2.065760139262248,-0.6744907594765952,-0.10264043637505327,-0.16351291138826562
2008-04-30 01:30:00+00:00,ME02,-0.02049925184748369,0.6789181319986907,0.4911239741634734,1.0599140506060782,-0.7872225973971891,-2.065760139262248,-0.6744907594765952,-0.10264043637505327,-0.16351291138826562
2008-04-30 01:40:00+00:00,ME02,-0.01475924661425371,0.4207567629898352,0.8027691787466609,1.0599140506060782,-0.7872225973971891,-2.065760139262248,-0.6744907594765952,-0.10264043637505327,-0.16351291138826562
2008-04-30 01:50:00+00:00,ME02,-0.016329360163620944,1.2829155259943363,0.6369053155680854,1.0599140506060782,-0.7872225973971891,-2.065760139262248,-0.6744907594765952,-0.10264043637505327,-0.16351291138826562
2008-04-30 02:00:00+00:00,ME02,-0.01824284464342526,-0.9481755452121449,0.41844802479248383,0.6985917176413935,-0.8049555104432752,-2.1418781705127836,-0.6323350934380482,-0.10264043637505327,-0.16351291138826562
2008-04-30 02:10:00+00:00,ME02,-0.015361242474833206,0.7008807519004591,0.4935575441344928,0.6985917176413935,-0.8049555104432752,-2.1418781705127836,-0.6323350934380482,-0.10264043637505327,-0.16351291138826562
2008-04-30 02:20:00+00:00,ME02,-0.019732434205679928,-0.7281621828080702,0.5129561596684062,0.6985917176413935,-0.8049555104432752,-2.1418781705127836,-0.6323350934380482,-0.10264043637505327,-0.16351291138826562
2008-04-30 02:30:00+00:00,ME02,-0.019849231340633055,1.07122349568002,0.6543617564986655,0.6985917176413935,-0.8049555104432752,-2.1418781705127836,-0.6323350934380482,-0.10264043637505327,-0.16351291138826562
2008-04-30 02:40:00+00:00,ME02,-0.013344641018437704,0.6527123763757,0.8989276350263717,0.6985917176413935,-0.8049555104432752,-2.1418781705127836,-0.6323350934380482,-0.10264043637505327,-0.16351291138826562
2008-04-30 02:50:00+00:00,ME02,-0.014815985191233767,1.0465985613297277,0.9960267480180466,0.6985917176413935,-0.8049555104432752,-2.1418781705127836,-0.6323350934380482,-0.10264043637505327,-0.16351291138826562
2008-04-30 03:00:00+00:00,ME02,-0.018708149979142247,-0.875350228148858,0.6217623168663597,0.8431014468765391,-0.9531535729186208,-2.103819154887499,-0.6744907594765952,-0.10264043637505327,-0.16351291138826562
2008-04-30 03:10:00+00:00,ME02,-0.018375298097811032,-0.6963729109723462,0.6272317019501411,0.8431014468765391,-0.9531535729186208,-2.103819154887499,-0.6744907594765952,-0.10264043637505327,-0.16351291138826562
2008-04-30 03:20:00+00:00,ME02,-0.018934360535234798,-0.031598896870241915,0.7066258750502092,0.8431014468765391,-0.9531535729186208,-2.103819154887499,-0.6744907594765952,-0.10264043637505327,-0.16351291138826562
2008-04-30 03:30:00+00:00,ME02,-0.020072326434797158,-0.16607071374017968,0.7789473622411129,0.8431014468765391,-0.9531535729186208,-2.103819154887499,-0.6744907594765952,-0.10264043637505327,-0.16351291138826562
2008-04-30 03:40:00+00:00,ME02,-0.012760575565159325,0.25486128442113354,0.9999521730548112,0.8431014468765391,-0.9531535729186208,-2.103819154887499,-0.6744907594765952,-0.10264043637505327,-0.16351291138826562
2008-04-30 03:50:00+00:00,ME02,-0.01392005424565287,0.15295832621940295,1.0372485132716307,0.8431014468765391,-0.9531535729186208,-2.103819154887499,-0.6744907594765952,-0.10264043637505327,-0.16351291138826562
2008-04-30 04:00:00+00:00,ME02,-0.016758460008358077,-0.8016991257378943,0.7332374446175269,0.8431014468765391,-0.8353552832854744,-2.0023283480134704,-0.6744907594765952,-0.10264043637505327,-0.16351291138826562
2008-04-30 04:10:00+00:00,ME02,-0.018446249525658574,1.339633358634834,0.805423149396178,0.8431014468765391,-0.8353552832854744,-2.0023283480134704,-0.6744907594765952,-0.10264043637505327,-0.16351291138826562
2008-04-30 04:20:00+00:00,ME02,-0.014738511486086197,-0.7988761279842787,0.674031288835532,0.8431014468765391,-0.8353552832854744,-2.0023283480134704,-0.6744907594765952,-0.10264043637505327,-0.16351291138826562
2008-04-30 04:30:00+00:00,ME02,-0.01816128804169825,1.0978114075390444,0.7225772064788375,0.8431014468765391,-0.8353552832854744,-2.0023283480134704,-0.6744907594765952,-0.10264043637505327,-0.16351291138826562
2008-04-30 04:40:00+00:00,ME02,-0.012634666482799803,0.12969312128743382,1.1958030979372976,0.8431014468765391,-0.8353552832854744,-2.0023283480134704,-0.6744907594765952,-0.10264043637505327,-0.16351291138826562
2008-04-30 04:50:00+00:00,ME02,-0.015565513642135908,-0.6059082826362876,1.1374919981394356,0.8431014468765391,-0.8353552832854744,-2.0023283480134704,-0.6744907594765952,-0.10264043637505327,-0.16351291138826562
2008-04-30 05:00:00+00:00,ME02,-0.01924785283841366,-0.7759604375543252,0.5604528063535212,0.6503898013117968,-0.28562940038068346,-1.8416345950979094,-0.6744907594765952,-0.10264043637505327,-0.16351291138826562
2008-04-30 05:10:00+00:00,ME02,-0.018714773404764844,-0.9538457729496121,0.42132219471887744,0.6503898013117968,-0.28562940038068346,-1.8416345950979094,-0.6744907594765952,-0.10264043637505327,-0.16351291138826562
2008-04-30 05:20:00+00:00,ME02,-0.020986843266532912,0.7179929796085064,0.20324980185329442,0.6503898013117968,-0.28562940038068346,-1.8416345950979094,-0.6744907594765952,-0.10264043637505327,-0.16351291138826562
2008-04-30 05:30:00+00:00,ME02,-0.024280142566856948,-0.09486037891358827,-0.14084833583549491,0.6503898013117968,-0.28562940038068346,-1.8416345950979094,-0.6744907594765952,-0.10264043637505327,-0.16351291138826562
2008-04-30 05:40:00+00:00,ME02,-0.021585698445184792,0.6861084167671028,-0.2578877970443982,0.6503898013117968,-0.28562940038068346,-1.8416345950979094,-0.6744907594765952,-0.10264043637505327,-0.16351291138826562
2008-04-30 05:50:00+00:00,ME02,-0.026206319186688243,0.6203641061855532,-0.6930835087879049,0.6503898013117968,-0.28562940038068346,-1.8416345950979094,-0.6744907594765952,-0.10264043637505327,-0.16351291138826562
2008-04-30 06:00:00+00:00,ME02,-0.026978432004791282,-0.9854047438708373,-0.790569823833843,1.4453373417355615,1.100085055671043,-1.592136570930121,-0.590179427399501,-0.10264043637505327,-0.32702582277653053
2008-04-30 06:10:00+00:00,ME02,-0.027760476727099904,1.1751833750765688,-0.9870345937468686,1.4453373417355615,1.100085055671043,-1.592136570930121,-0.590179427399501,-0.10264043637505327,-0.32702582277653053
2008-04-30 06:20:00+00:00,ME02,-0.027541881216097328,-0.8599299642937259,-0.7728720137005913,1.4453373417355615,1.100085055671043,-1.592136570930121,-0.590179427399501,-0.10264043637505327,-0.32702582277653053
2008-04-30 06:30:00+00:00,ME02,-0.024567740539356217,0.31062040904054367,-0.6978958383796612,1.4453373417355615,1.100085055671043,-1.592136570930121,-0.590179427399501,-0.10264043637505327,-0.32702582277653053
2008-04-30 06:40:00+00:00,ME02,-0.022770939156586664,-0.3263813180664756,-0.3258467997122619,1.4453373417355615,1.100085055671043,-1.592136570930121,-0.590179427399501,-0.10264043637505327,-0.32702582277653053
2008-04-30 06:50:00+00:00,ME02,-0.022041631613432124,-0.22299400753506776,0.16643437879928324,1.4453373417355615,1.100085055671043,-1.592136570930121,-0.590179427399501,-0.10264043637505327,-0.32702582277653053
2008-04-30 07:00:00+00:00,ME02,-0.013710053833623833,0.3036338823879518,0.8017081400846896,0.6744907594765952,1.3382153256666232,-1.448357903223563,-0.2107783301927355,-0.10264043637505327,-0.32702582277653053
2008-04-30 07:10:00+00:00,ME02,-0.01738405078835742,-0.22040777942705692,0.8347620338670978,0.6744907594765952,1.3382153256666232,-1.448357903223563,-0.2107783301927355,-0.10264043637505327,-0.32702582277653053
2008-04-30 07:20:00+00:00,ME02,-0.015517676333559348,0.5502204411063881,0.9873327621306044,0.6744907594765952,1.3382153256666232,-1.448357903223563,-0.2107783301927355,-0.10264043637505327,-0.32702582277653053
2008-04-30 07:30:00+00:00,ME02,-0.014932516828672492,-0.7620003072028655,1.0867616856619065,0.6744907594765952,1.3382153256666232,-1.448357903223563,-0.2107783301927355,-0.10264043637505327,-0.32702582277653053
2008-04-30 07:40:00+00:00,ME02,-0.018747298616935762,0.7545159537299964,0.9357317626262046,0.6744907594765952,1.3382153256666232,-1.448357903223563,-0.2107783301927355,-0.10264043637505327,-0.32702582277653053
2008-04-30 07:50:00+00:00,ME02,-0.006950059632269383,3.7090009001840767,1.449640885600473,0.6744907594765952,1.3382153256666232,-1.448357903223563,-0.2107783301927355,-0.10264043637505327,-0.32702582277653053
2008-04-30 08:00:00+00:00,ME02,-0.006148806142346332,-0.36202508248380233,1.8882540840130437,0.6744907594765952,1.2812160504344345,-1.363782181558504,2.740118703944928,-0.10264043637505327,-0.32702582277653053
2008-04-30 08:10:00+00:00,ME02,-0.009636244907940711,1.4611015844805082,1.2095322811386822,0.6744907594765952,1.2812160504344345,-1.363782181558504,2.740118703944928,-0.10264043637505327,-0.32702582277653053
2008-04-30 08:20:00+00:00,ME02,-0.010533350943252553,2.113088740683576,0.50958225474326,0.6744907594765952,1.2812160504344345,-1.363782181558504,2.740118703944928,-0.10264043637505327,-0.32702582277653053
2008-04-30 08:30:00+00:00,ME02,-0.019010216283250485,1.0729404704756993,-0.05373456537359962,0.6744907594765952,1.2812160504344345,-1.363782181558504,2.740118703944928,-0.10264043637505327,-0.32702582277653053
2008-04-30 08:40:00+00:00,ME02,-0.02950861309463286,-0.033064561568745154,-1.361302345810688,0.6744907594765952,1.2812160504344345,-1.363782181558504,2.740118703944928,-0.10264043637505327,-0.32702582277653053
2008-04-30 08:50:00+00:00,ME02,-0.0370322593369699,-0.7353179282558653,-1.8301298130116865,0.6744907594765952,1.2812160504344345,-1.363782181558504,2.740118703944928,-0.10264043637505327,-0.32702582277653053
2008-04-30 09:00:00+00:00,ME02,-0.03116788590357651,0.15003999658861833,-1.4736548621744554,-0.14455773911196654,1.4395472819766073,-1.2326900494737476,1.7705382821985034,-0.10264043637505327,-0.32702582277653053
2008-04-30 09:10:00+00:00,ME02,-0.035738685211937564,0.1485066416381813,-1.7614855956680548,-0.14455773911196654,1.4395472819766073,-1.2326900494737476,1.7705382821985034,-0.10264043637505327,-0.32702582277653053
2008-04-30 09:20:00+00:00,ME02,-0.03887364183129154,0.24658204578181195,-2.3613101921647215,-0.14455773911196654,1.4395472819766073,-1.2326900494737476,1.7705382821985034,-0.10264043637505327,-0.32702582277653053
2008-04-30 09:30:00+00:00,ME02,-0.04356903720324329,-1.0421830318007939,-2.8849594513347516,-0.14455773911196654,1.4395472819766073,-1.2326900494737476,1.7705382821985034,-0.10264043637505327,-0.32702582277653053
2008-04-30 09:40:00+00:00,ME02,-0.058757914222885836,0.8593195122672863,-5.636084449774117,-0.14455773911196654,1.4395472819766073,-1.2326900494737476,1.7705382821985034,-0.10264043637505327,-0.32702582277653053
2008-04-30 09:50:00+00:00,ME02,-0.0609613633974355,0.31791755337001815,-5.636433740249861,-0.14455773911196654,1.4395472819766073,-1.2326900494737476,1.7705382821985034,-0.10264043637505327,-0.32702582277653053
2008-04-30 10:00:00+00:00,ME02,-0.0640918903578025,-1.5742628112391648,-6.083866189428099,0.3131684265119104,1.521879479875861,-1.0762251417654647,0.7166464255151423,-0.10264043637505327,-0.32702582277653053
2008-04-30 10:10:00+00:00,ME02,-0.06081805866975002,0.7864697040838751,-5.7111672904712245,0.3131684265119104,1.521879479875861,-1.0762251417654647,0.7166464255151423,-0.10264043637505327,-0.32702582277653053
2008-04-30 10:20:00+00:00,ME02,-0.0621140484124946,-1.5881274244009222,-5.913896608142248,0.3131684265119104,1.521879479875861,-1.0762251417654647,0.7166464255151423,-0.10264043637505327,-0.32702582277653053
2008-04-30 10:30:00+00:00,ME02,-0.060503698607153496,0.6084687527775003,-5.5674809172679245,0.3131684265119104,1.521879479875861,-1.0762251417654647,0.7166464255151423,-0.10264043637505327,-0.32702582277653053
2008-04-30 10:40:00+00:00,ME02,-0.06015255603097114,-1.0343505655998402,-6.024157602954606,0.3131684265119104,1.521879479875861,-1.0762251417654647,0.7166464255151423,-0.10264043637505327,-0.32702582277653053
2008-04-30 10:50:00+00:00,ME02,-0.06063348640352154,-1.0187931064864775,-6.085066708268546,0.3131684265119104,1.521879479875861,-1.0762251417654647,0.7166464255151423,-0.10264043637505327,-0.32702582277653053
2008-04-30 11:00:00+00:00,ME02,-0.06034332327209487,0.6358134682865373,-6.169137774451248,0.4817791139118543,1.3939477555341682,-1.0508523661419384,0.927424755707878,-0.10264043637505327,-0.32702582277653053
2008-04-30 11:10:00+00:00,ME02,-0.05778269841309686,-1.6107950594344715,-6.167166454707774,0.4817791139118543,1.3939477555341682,-1.0508523661419384,0.927424755707878,-0.10264043637505327,-0.32702582277653053
2008-04-30 11:20:00+00:00,ME02,-0.057595579848813964,0.9285654222513539,-6.073277238222667,0.4817791139118543,1.3939477555341682,-1.0508523661419384,0.927424755707878,-0.10264043637505327,-0.32702582277653053
2008-04-30 11:30:00+00:00,ME02,-0.057572584789866287,-1.1212020338222362,-5.974450294957337,0.4817791139118543,1.3939477555341682,-1.0508523661419384,0.927424755707878,-0.10264043637505327,-0.32702582277653053
2008-04-30 11:40:00+00:00,ME02,-0.05102003226357703,-1.0361684947634695,-0.06580200972881192,0.4817791139118543,1.3939477555341682,-1.0508523661419384,0.927424755707878,-0.10264043637505327,-0.32702582277653053
2008-04-30 11:50:00+00:00,ME02,-0.05455278707608546,0.7062941205396084,-5.555029419678924,0.4817791139118543,1.3939477555341682,-1.0508523661419384,0.927424755707878,-0.10264043637505327,-0.32702582277653053
2008-04-30 12:00:00+00:00,ME02,-0.0572539344261383,-1.5136748930105355,-5.968902776246321,1.5416931645179313,1.2102836013249303,-1.0973690721817126,2.023472278429786,-0.10264043637505327,-0.49053873416479615
2008-04-30 12:10:00+00:00,ME02,-0.054901126871987165,0.38588520957089356,-5.845356221815966,1.5416931645179313,1.2102836013249303,-1.0973690721817126,2.023472278429786,-0.10264043637505327,-0.49053873416479615
2008-04-30 12:20:00+00:00,ME02,-0.053392849282197605,-1.609167270609778,-5.8654871040252905,1.5416931645179313,1.2102836013249303,-1.0973690721817126,2.023472278429786,-0.10264043637505327,-0.49053873416479615
2008-04-30 12:30:00+00:00,ME02,-0.05464543568596544,-1.1455299036423257,-5.894017468866284,1.5416931645179313,1.2102836013249303,-1.0973690721817126,2.023472278429786,-0.10264043637505327,-0.49053873416479615
2008-04-30 12:40:00+00:00,ME02,-0.05430075420983027,0.369968141172479,-5.681119577602283,1.5416931645179313,1.2102836013249303,-1.0973690721817126,2.023472278429786,-0.10264043637505327,-0.49053873416479615
2008-04-30 12:50:00+00:00,ME02,-0.0522570807059577,0.734329197865728,-5.507847874095327,1.5416931645179313,1.2102836013249303,-1.0973690721817126,2.023472278429786,-0.10264043637505327,-0.49053873416479615
2008-04-30 13:00:00+00:00,ME02,-0.052491153275878014,-0.08313966847341339,-5.5864567404189005,-0.6263368530238195,1.0494192103369109,-1.0508523661419384,2.4028733756365517,-0.10264043637505327,-0.49053873416479615
2008-04-30 13:10:00+00:00,ME02,-0.05017760294682403,-0.2997973568636229,-3.9328892257124717,-0.6263368530238195,1.0494192103369109,-1.0508523661419384,2.4028733756365517,-0.10264043637505327,-0.49053873416479615
2008-04-30 13:20:00+00:00,ME02,-0.050892328138221934,1.1120291180697475,-5.816966067641282,-0.6263368530238195,1.0494192103369109,-1.0508523661419384,2.4028733756365517,-0.10264043637505327,-0.49053873416479615
2008-04-30 13:30:00+00:00,ME02,-0.05085009526645504,1.213473664993839,-5.871215429020198,-0.6263368530238195,1.0494192103369109,-1.0508523661419384,2.4028733756365517,-0.10264043637505327,-0.49053873416479615
2008-04-30 13:40:00+00:00,ME02,-0.05175840190547652,-1.001187838672433,-5.769383190428038,-0.6263368530238195,1.0494192103369109,-1.0508523661419384,2.4028733756365517,-0.10264043637505327,-0.49053873416479615
2008-04-30 13:50:00+00:00,ME02,-0.05073105380214149,1.0436054508676817,-5.583791390260315,-0.6263368530238195,1.0494192103369109,-1.0508523661419384,2.4028733756365517,-0.10264043637505327,-0.49053873416479615
2008-04-30 14:00:00+00:00,ME02,-0.05286424026910927,-0.628040871262508,-5.549443257889525,-0.09635582278236979,0.9354206598725348,-1.215774964264778,3.667543562512648,-0.10264043637505327,-0.49053873416479615
2008-04-30 14:10:00+00:00,ME02,-0.04999106488450907,0.32844585460698666,-4.707321963807386,-0.09635582278236979,0.9354206598725348,-1.215774964264778,3.667543562512648,-0.10264043637505327,-0.49053873416479615
2008-04-30 14:20:00+00:00,ME02,-0.04634158579176622,-0.6309525660865268,-4.114383973409254,-0.09635582278236979,0.9354206598725348,-1.215774964264778,3.667543562512648,-0.10264043637505327,-0.49053873416479615
2008-04-30 14:30:00+00:00,ME02,-0.04201110012727495,-0.8012513742999677,-3.1708027945025106,-0.09635582278236979,0.9354206598725348,-1.215774964264778,3.667543562512648,-0.10264043637505327,-0.49053873416479615
2008-04-30 14:40:00+00:00,ME02,-0.048255149067425944,0.8966814518245628,-4.509843381967118,-0.09635582278236979,0.9354206598725348,-1.215774964264778,3.667543562512648,-0.10264043637505327,-0.49053873416479615
2008-04-30 14:50:00+00:00,ME02,-0.04566794191184587,1.3097353419578996,-3.878764425686626,-0.09635582278236979,0.9354206598725348,-1.215774964264778,3.667543562512648,-0.10264043637505327,-0.49053873416479615
2008-04-30 15:00:00+00:00,ME02,-0.03793963050005073,0.36079656558284817,-2.5590404655001397,-0.7226926758061906,0.9354206598725348,-1.1185130025979941,1.8126939482370503,-0.10264043637505327,-0.49053873416479615
2008-04-30 15:10:00+00:00,ME02,-0.03563790608521729,-1.0601910272447956,-2.4290981992739575,-0.7226926758061906,0.9354206598725348,-1.1185130025979941,1.8126939482370503,-0.10264043637505327,-0.49053873416479615
2008-04-30 15:20:00+00:00,ME02,-0.038175475863381166,-0.6194695982866575,-2.251363556051558,-0.7226926758061906,0.9354206598725348,-1.1185130025979941,1.8126939482370503,-0.10264043637505327,-0.49053873416479615
2008-04-30 15:30:00+00:00,ME02,-0.033363834197269716,1.10161229766611,-2.1358448044770024,-0.7226926758061906,0.9354206598725348,-1.1185130025979941,1.8126939482370503,-0.10264043637505327,-0.49053873416479615
2008-04-30 15:40:00+00:00,ME02,-0.03631144122136559,-0.5979507107201659,-2.1491208318609507,-0.7226926758061906,0.9354206598725348,-1.1185130025979941,1.8126939482370503,-0.10264043637505327,-0.49053873416479615
2008-04-30 15:50:00+00:00,ME02,-0.031084204747454252,-0.0762873022429028,-1.5588763226278843,-0.7226926758061906,0.9354206598725348,-1.1185130025979941,1.8126939482370503,-0.10264043637505327,-0.49053873416479615
2008-04-30 16:00:00+00:00,ME02,-0.02879392676356663,-0.9209161220625943,-1.111622589964935,-0.6744907594765939,0.7872225973971887,-1.1269703973924405,1.981316612391239,-0.10264043637505327,-0.49053873416479615
2008-04-30 16:10:00+00:00,ME02,-0.030482339490028484,-1.0350309616606888,-1.1808741196172712,-0.6744907594765939,0.7872225973971887,-1.1269703973924405,1.981316612391239,-0.10264043637505327,-0.49053873416479615
2008-04-30 16:20:00+00:00,ME02,-0.027207847688022764,0.44697574395957346,-0.7047683584469715,-0.6744907594765939,0.7872225973971887,-1.1269703973924405,1.981316612391239,-0.10264043637505327,-0.49053873416479615
2008-04-30 16:30:00+00:00,ME02,-0.02109103486283913,-0.44528169317994126,-0.15972018898076387,-0.6744907594765939,0.7872225973971887,-1.1269703973924405,1.981316612391239,-0.10264043637505327,-0.49053873416479615
2008-04-30 16:40:00+00:00,ME02,-0.024205123186415635,0.11567351366091838,-0.6417064907094323,-0.6744907594765939,0.7872225973971887,-1.1269703973924405,1.981316612391239,-0.10264043637505327,-0.49053873416479615
2008-04-30 16:50:00+00:00,ME02,-0.026321456953526008,-0.3898766883902598,-0.6125560482645199,-0.6744907594765939,0.7872225973971887,-1.1269703973924405,1.981316612391239,-0.10264043637505327,-0.49053873416479615
2008-04-30 17:00:00+00:00,ME02,-0.025264805720780333,-0.9112006017431283,-0.4138169699877607,-0.24091356189433766,0.3147625934999594,-1.2073172738502211,-0.6323350934380482,-0.10264043637505327,-0.49053873416479615
2008-04-30 17:10:00+00:00,ME02,-0.02313995014110007,0.5370009968809796,-0.38051127782525346,-0.24091356189433766,0.3147625934999594,-1.2073172738502211,-0.6323350934380482,-0.10264043637505327,-0.49053873416479615
2008-04-30 17:20:00+00:00,ME02,-0.022949827493454745,-0.9271168047506794,-0.26184171068608364,-0.24091356189433766,0.3147625934999594,-1.2073172738502211,-0.6323350934380482,-0.10264043637505327,-0.49053873416479615
2008-04-30 17:30:00+00:00,ME02,-0.023050509945131102,2.2687949097792193,-0.23835528788200194,-0.24091356189433766,0.3147625934999594,-1.2073172738502211,-0.6323350934380482,-0.10264043637505327,-0.49053873416479615
2008-04-30 17:40:00+00:00,ME02,-0.024744581105008965,-0.6171945222146975,-0.4164082731740026,-0.24091356189433766,0.3147625934999594,-1.2073172738502211,-0.6323350934380482,-0.10264043637505327,-0.49053873416479615
2008-04-30 17:50:00+00:00,ME02,-0.021718218073928937,-0.4705486118398891,-0.2765777575023828,-0.24091356189433766,0.3147625934999594,-1.2073172738502211,-0.6323350934380482,-0.10264043637505327,-0.49053873416479615
2008-04-30 18:00:00+00:00,ME02,-0.022974973977011783,1.0450496586251137,-0.3491958893542813,-0.289067468347112,-0.215963530994102,-1.1777159486394932,-0.6744907594765952,-0.10264043637505327,-0.6540516455530617
2008-04-30 18:10:00+00:00,ME02,-0.022960623044572782,-1.0954895056353702,-0.2515972504535774,-0.289067468347112,-0.215963530994102,-1.1777159486394932,-0.6744907594765952,-0.10264043637505327,-0.6540516455530617
2008-04-30 18:20:00+00:00,ME02,-0.022810287059622566,1.7513301038396165,-0.19638281656921674,-0.289067468347112,-0.215963530994102,-1.1777159486394932,-0.6744907594765952,-0.10264043637505327,-0.6540516455530617
2008-04-30 18:30:00+00:00,ME02,-0.02521323003132795,-0.2803913700740879,-0.2157229445043825,-0.289067468347112,-0.215963530994102,-1.1777159486394932,-0.6744907594765952,-0.10264043637505327,-0.6540516455530617
2008-04-30 18:40:00+00:00,ME02,-0.021478707327161662,-0.46295066458472417,0.05373326773377025,-0.289067468347112,-0.215963530994102,-1.1777159486394932,-0.6744907594765952,-0.10264043637505327,-0.6540516455530617
2008-04-30 18:50:00+00:00,ME02,-0.02070222256609419,2.6209827086237008,0.0048840792502353025,-0.289067468347112,-0.215963530994102,-1.1777159486394932,-0.6744907594765952,-0.10264043637505327,-0.6540516455530617
2008-04-30 19:00:00+00:00,ME02,-0.023730989371975528,-0.8674813863847307,-0.12067921574760354,0.09635582278237112,-0.18683060351654632,-1.0719962965581864,-0.6744907594765952,-0.10264043637505327,-0.6540516455530617
2008-04-30 19:10:00+00:00,ME02,-0.021456418304646334,1.1409777547109807,-0.09351681687702522,0.09635582278237112,-0.18683060351654632,-1.0719962965581864,-0.6744907594765952,-0.10264043637505327,-0.6540516455530617
2008-04-30 19:20:00+00:00,ME02,-0.022368871888632777,-0.8946512749042246,-0.0381683453226404,0.09635582278237112,-0.18683060351654632,-1.0719962965581864,-0.6744907594765952,-0.10264043637505327,-0.6540516455530617
2008-04-30 19:30:00+00:00,ME02,-0.02136267232426611,2.287091153209082,-0.17808904750415694,0.09635582278237112,-0.18683060351654632,-1.0719962965581864,-0.6744907594765952,-0.10264043637505327,-0.6540516455530617
2008-04-30 19:40:00+00:00,ME02,-0.02176161397229186,-0.15743202563067626,-0.019409627629133945,0.09635582278237112,-0.18683060351654632,-1.0719962965581864,-0.6744907594765952,-0.10264043637505327,-0.6540516455530617
2008-04-30 19:50:00+00:00,ME02,-0.018121380759060314,-0.33645394417339414,0.08160919553818678,0.09635582278237112,-0.18683060351654632,-1.0719962965581864,-0.6744907594765952,-0.10264043637505327,-0.6540516455530617
2008-04-30 20:00:00+00:00,ME02,-0.020872422898953524,1.5209546136550172,0.6241154672550316,0.1204567809471695,-0.23876329421532155,-0.852099597601126,-0.6744907594765952,-0.10264043637505327,-0.6540516455530617
2008-04-30 20:10:00+00:00,ME02,-0.019988229964403657,-0.9177219236585787,-0.04385368644527682,0.1204567809471695,-0.23876329421532155,-0.852099597601126,-0.6744907594765952,-0.10264043637505327,-0.6540516455530617
2008-04-30 20:20:00+00:00,ME02,-0.021579475659771752,2.266910793353743,-0.18356375723528964,0.1204567809471695,-0.23876329421532155,-0.852099597601126,-0.6744907594765952,-0.10264043637505327,-0.6540516455530617
2008-04-30 20:30:00+00:00,ME02,-0.022450530669248608,-0.0937603219407435,-0.13210298941458967,0.1204567809471695,-0.23876329421532155,-0.852099597601126,-0.6744907594765952,-0.10264043637505327,-0.6540516455530617
2008-04-30 20:40:00+00:00,ME02,-0.019782079725385867,-0.3687784407631788,-0.06448469534599884,0.1204567809471695,-0.23876329421532155,-0.852099597601126,-0.6744907594765952,-0.10264043637505327,-0.6540516455530617
2008-04-30 20:50:00+00:00,ME02,-0.0205183814233334,2.1592212470216205,-0.010832342448158557,0.1204567809471695,-0.23876329421532155,-0.852099597601126,-0.6744907594765952,-0.10264043637505327,-0.6540516455530617
2008-04-30 21:00:00+00:00,ME02,-0.019733217005390217,-0.806877841582183,-0.1272896404992561,0.1204567809471695,-0.38316135188017764,-0.8690146828101292,-0.5058680953224068,-0.10264043637505327,-0.6540516455530617
2008-04-30 21:10:00+00:00,ME02,-0.02290865821270382,2.1118009146248427,-0.18069140155684008,0.1204567809471695,-0.38316135188017764,-0.8690146828101292,-0.5058680953224068,-0.10264043637505327,-0.6540516455530617
2008-04-30 21:20:00+00:00,ME02,-0.02289838368309425,-0.5477741264401438,-0.2063135339354628,0.1204567809471695,-0.38316135188017764,-0.8690146828101292,-0.5058680953224068,-0.10264043637505327,-0.6540516455530617
2008-04-30 21:30:00+00:00,ME02,-0.022502158159916845,-0.2596613404241809,-0.167308616038165,0.1204567809471695,-0.38316135188017764,-0.8690146828101292,-0.5058680953224068,-0.10264043637505327,-0.6540516455530617
2008-04-30 21:40:00+00:00,ME02,-0.021417661206529458,2.174377031288102,-0.10152189524978213,0.1204567809471695,-0.38316135188017764,-0.8690146828101292,-0.5058680953224068,-0.10264043637505327,-0.6540516455530617
2008-04-30 21:50:00+00:00,ME02,-0.02153784369227636,-0.37563913219279016,-0.058821711206374014,0.1204567809471695,-0.38316135188017764,-0.8690146828101292,-0.5058680953224068,-0.10264043637505327,-0.6540516455530617
2008-04-30 22:00:00+00:00,ME02,-0.02387999446987294,1.9490467771231954,-0.17877010782171696,0.2890674683471134,-0.4046942697367532,-0.7971254967668717,-0.6744907594765952,-0.10264043637505327,-0.6540516455530617
2008-04-30 22:10:00+00:00,ME02,-0.022326181684075155,-0.5741775750714351,-0.14223008359910447,0.2890674683471134,-0.4046942697367532,-0.7971254967668717,-0.6744907594765952,-0.10264043637505327,-0.6540516455530617
2008-04-30 22:20:00+00:00,ME02,-0.022092393798069876,0.3762216040114101,-0.18076848459447123,0.2890674683471134,-0.4046942697367532,-0.7971254967668717,-0.6744907594765952,-0.10264043637505327,-0.6540516455530617
2008-04-30 22:30:00+00:00,ME02,-0.020712174157460978,1.4034944206133682,-0.2829114857461191,0.2890674683471134,-0.4046942697367532,-0.7971254967668717,-0.6744907594765952,-0.10264043637505327,-0.6540516455530617
2008-04-30 22:40:00+00:00,ME02,-0.022129234980716454,-0.46329826144386277,-0.1059144369287625,0.2890674683471134,-0.4046942697367532,-0.7971254967668717,-0.6744907594765952,-0.10264043637505327,-0.6540516455530617
2008-04-30 22:50:00+00:00,ME02,-0.0219225713830161,2.0585229450813456,-0.10632087484718676,0.2890674683471134,-0.4046942697367532,-0.7971254967668717,-0.6744907594765952,-0.10264043637505327,-0.6540516455530617
2008-04-30 23:00:00+00:00,ME02,-0.024427414860618005,-0.9205372021115459,-0.16393917458057147,0.6744907594765952,-0.5668255060894155,-0.8351845123921229,-0.6744907594765952,-0.10264043637505327,-0.6540516455530617
2008-04-30 23:10:00+00:00,ME02,-0.02329146714107026,1.4460146833424434,-0.17028315206473993,0.6744907594765952,-0.5668255060894155,-0.8351845123921229,-0.6744907594765952,-0.10264043637505327,-0.6540516455530617
2008-04-30 23:20:00+00:00,ME02,-0.02349929442102117,-1.0142654916378466,-0.21341784004624556,0.6744907594765952,-0.5668255060894155,-0.8351845123921229,-0.6744907594765952,-0.10264043637505327,-0.6540516455530617
2008-04-30 23:30:00+00:00,ME02,-0.024330619067713714,-0.34315452917788414,-0.14418395398243197,0.6744907594765952,-0.5668255060894155,-0.8351845123921229,-0.6744907594765952,-0.10264043637505327,-0.6540516455530617
2008-04-30 23:40:00+00:00,ME02,-0.01798339943975101,2.096797564778857,-0.11143340686595056,0.6744907594765952,-0.5668255060894155,-0.8351845123921229,-0.6744907594765952,-0.10264043637505327,-0.6540516455530617
2008-04-30 23:50:00+00:00,ME02,-0.021514191906726755,-0.2886771339509123,-0.09490955404605106,0.6744907594765952,-0.5668255060894155,-0.8351845123921229,-0.6744907594765952,-0.10264043637505327,-0.6540516455530617
2008-05-01 00:00:00+00:00,ME02,-0.025004218343174168,0.9036107581120116,-0.11749592650366016,0.8672024050413374,-0.670690887486966,-0.8817009228118541,-0.6744907594765952,-0.10264043637505327,-0.8175645569413273
2008-05-01 00:10:00+00:00,ME02,-0.022779235676682646,-0.5925408667228741,-0.16956526827661186,0.8672024050413374,-0.670690887486966,-0.8817009228118541,-0.6744907594765952,-0.10264043637505327,-0.8175645569413273
2008-05-01 00:20:00+00:00,ME02,-0.022594862244042793,-0.9064597236372594,-0.16747966466342082,0.8672024050413374,-0.670690887486966,-0.8817009228118541,-0.6744907594765952,-0.10264043637505327,-0.8175645569413273
2008-05-01 00:30:00+00:00,ME02,-0.021891237556897616,0.6241544667817881,-0.17644805510131328,0.8672024050413374,-0.670690887486966,-0.8817009228118541,-0.6744907594765952,-0.10264043637505327,-0.8175645569413273
2008-05-01 00:40:00+00:00,ME02,-0.020269571338840286,-0.2256928121601214,0.0005995344330970401,0.8672024050413374,-0.670690887486966,-0.8817009228118541,-0.6744907594765952,-0.10264043637505327,-0.8175645569413273
2008-05-01 00:50:00+00:00,ME02,-0.022839186576301542,1.6866194230198326,-0.04572439437526622,0.8672024050413374,-0.670690887486966,-0.8817009228118541,-0.6744907594765952,-0.10264043637505327,-0.8175645569413273
2008-05-01 01:00:00+00:00,ME02,-0.02144052125029555,-0.8375552222079894,-0.0031738245426796824,0.2890674683471134,-0.49335989753406423,-0.8732435280173739,-0.6744907594765952,-0.10264043637505327,-0.8175645569413273
2008-05-01 01:10:00+00:00,ME02,-0.021289272568956356,-0.795241366199951,-0.13318435797372372,0.2890674683471134,-0.49335989753406423,-0.8732435280173739,-0.6744907594765952,-0.10264043637505327,-0.8175645569413273
2008-05-01 01:20:00+00:00,ME02,-0.02157971787156496,1.6649680116053382,-0.16838366988382172,0.2890674683471134,-0.49335989753406423,-0.8732435280173739,-0.6744907594765952,-0.10264043637505327,-0.8175645569413273
2008-05-01 01:30:00+00:00,ME02,-0.02216547551269198,-0.49962069282396077,-0.05419357938333098,0.2890674683471134,-0.49335989753406423,-0.8732435280173739,-0.6744907594765952,-0.10264043637505327,-0.8175645569413273
2008-05-01 01:40:00+00:00,ME02,-0.021910471092094055,2.959256339186076,-0.06556795308454888,0.2890674683471134,-0.49335989753406423,-0.8732435280173739,-0.6744907594765952,-0.10264043637505327,-0.8175645569413273
2008-05-01 01:50:00+00:00,ME02,-0.021040252496104746,-0.37667336304222077,-0.023928607169270626,0.2890674683471134,-0.49335989753406423,-0.8732435280173739,-0.6744907594765952,-0.10264043637505327,-0.8175645569413273
2008-05-01 02:00:00+00:00,ME02,-0.022308128391633188,2.1314444434933004,-0.17373097031346502,0.6744907594765952,-0.14629792724924073,-0.8859297680190987,-0.6323350934380482,-0.10264043637505327,-0.8175645569413273
2008-05-01 02:10:00+00:00,ME02,-0.024421818807837465,-0.922362206048456,-0.10093102821565081,0.6744907594765952,-0.14629792724924073,-0.8859297680190987,-0.6323350934380482,-0.10264043637505327,-0.8175645569413273
2008-05-01 02:20:00+00:00,ME02,-0.02463894470803379,-0.9122984683811425,-0.1659470640240059,0.6744907594765952,-0.14629792724924073,-0.8859297680190987,-0.6323350934380482,-0.10264043637505327,-0.8175645569413273
2008-05-01 02:30:00+00:00,ME02,-0.023295593897549448,1.510489291293975,-0.14185378858445974,0.6744907594765952,-0.14629792724924073,-0.8859297680190987,-0.6323350934380482,-0.10264043637505327,-0.8175645569413273
2008-05-01 02:40:00+00:00,ME02,-0.021057520866887714,-0.4985248108643646,-0.012219607886085096,0.6744907594765952,-0.14629792724924073,-0.8859297680190987,-0.6323350934380482,-0.10264043637505327,-0.8175645569413273
2008-05-01 02:50:00+00:00,ME02,-0.022070303250574054,1.9233251540746328,-0.05916234212733479,0.6744907594765952,-0.14629792724924073,-0.8859297680190987,-0.6323350934380482,-0.10264043637505327,-0.8175645569413273
2008-05-01 03:00:00+00:00,ME02,-0.023881464694308182,-1.1218379147730377,-0.18241476900048992,0.4817791139118543,-0.3704947577257842,-0.9747343348914361,-0.6744907594765952,-0.10264043637505327,-0.8175645569413273
2008-05-01 03:10:00+00:00,ME02,-0.024471225798819763,-0.8854882164029958,-0.18899419912759527,0.4817791139118543,-0.3704947577257842,-0.9747343348914361,-0.6744907594765952,-0.10264043637505327,-0.8175645569413273
2008-05-01 03:20:00+00:00,ME02,-0.02505708160388478,1.9291624521527646,-0.22607971632076715,0.4817791139118543,-0.3704947577257842,-0.9747343348914361,-0.6744907594765952,-0.10264043637505327,-0.8175645569413273
2008-05-01 03:30:00+00:00,ME02,-0.025346256649842122,-0.31354371587391416,-0.1726975919806259,0.4817791139118543,-0.3704947577257842,-0.9747343348914361,-0.6744907594765952,-0.10264043637505327,-0.8175645569413273
2008-05-01 03:40:00+00:00,ME02,-0.022136111517217984,2.6874611924707903,-0.19832748359195643,0.4817791139118543,-0.3704947577257842,-0.9747343348914361,-0.6744907594765952,-0.10264043637505327,-0.8175645569413273
2008-05-01 03:50:00+00:00,ME02,-0.02439642861984327,-0.01606404341482189,-0.08776358811415044,0.4817791139118543,-0.3704947577257842,-0.9747343348914361,-0.6744907594765952,-0.10264043637505327,-0.8175645569413273
2008-05-01 04:00:00+00:00,ME02,-0.02581544885355489,-0.9953749473417709,-0.28173259495497055,0.6744907594765952,0.19189745369167938,-0.9874205748931609,1.0538918566833608,-0.10264043637505327,-0.8175645569413273
2008-05-01 04:10:00+00:00,ME02,-0.02626414939637105,1.5888206166802654,-0.49890867400058214,0.6744907594765952,0.19189745369167938,-0.9874205748931609,1.0538918566833608,-0.10264043637505327,-0.8175645569413273
2008-05-01 04:20:00+00:00,ME02,-0.029732978459318233,-0.9723965181604336,-1.1701981837643463,0.6744907594765952,0.19189745369167938,-0.9874205748931609,1.0538918566833608,-0.10264043637505327,-0.8175645569413273
2008-05-01 04:30:00+00:00,ME02,-0.02950121895299266,1.353294040980625,-1.011798472296374,0.6744907594765952,0.19189745369167938,-0.9874205748931609,1.0538918566833608,-0.10264043637505327,-0.8175645569413273
2008-05-01 04:40:00+00:00,ME02,-0.029942883522390155,-0.10146481098523959,-0.952988410794753,0.6744907594765952,0.19189745369167938,-0.9874205748931609,1.0538918566833608,-0.10264043637505327,-0.8175645569413273
2008-05-01 04:50:00+00:00,ME02,-0.030666533218876316,-0.2833353759488554,-1.0055545040764273,0.6744907594765952,0.19189745369167938,-0.9874205748931609,1.0538918566833608,-0.10264043637505327,-0.8175645569413273
2008-05-01 05:00:00+00:00,ME02,-0.031041980100694012,1.03681643563963,-1.1044895452743428,0.4576781557470559,0.09689866163803179,-0.708320929894568,1.180358854799002,-0.10264043637505327,-0.8175645569413273
2008-05-01 05:10:00+00:00,ME02,-0.02691194719232062,-1.1248901211489204,-0.9892654965161988,0.4576781557470559,0.09689866163803179,-0.708320929894568,1.180358854799002,-0.10264043637505327,-0.8175645569413273
2008-05-01 05:20:00+00:00,ME02,-0.02882694170487802,1.037698468266187,-0.8744132545022845,0.4576781557470559,0.09689866163803179,-0.708320929894568,1.180358854799002,-0.10264043637505327,-0.8175645569413273
2008-05-01 05:30:00+00:00,ME02,-0.02736351682142726,-0.5449703112461675,-0.8374474722452182,0.4576781557470559,0.09689866163803179,-0.708320929894568,1.180358854799002,-0.10264043637505327,-0.8175645569413273
2008-05-01 05:40:00+00:00,ME02,-0.026583076877117345,-0.5602653631521822,-0.7765962799788327,0.4576781557470559,0.09689866163803179,-0.708320929894568,1.180358854799002,-0.10264043637505327,-0.8175645569413273
2008-05-01 05:50:00+00:00,ME02,-0.026798864730190053,0.7303430005370634,-0.6026061586521065,0.4576781557470559,0.09689866163803179,-0.708320929894568,1.180358854799002,-0.10264043637505327,-0.8175645569413273
2008-05-01 06:00:00+00:00,ME02,-0.027111448231694656,-0.797142697558374,-0.5737973315622777,0.4576781557470559,0.3261623422897088,-0.5687711073952547,-0.6323350934380482,-0.10264043637505327,-0.6642712025148285
2008-05-01 06:10:00+00:00,ME02,-0.022627006295115,0.4854250808275853,-0.3696332169315161,0.4576781557470559,0.3261623422897088,-0.5687711073952547,-0.6323350934380482,-0.10264043637505327,-0.6642712025148285
2008-05-01 06:20:00+00:00,ME02,-0.021069110440733202,-0.6947850125210522,-0.17175132105094332,0.4576781557470559,0.3261623422897088,-0.5687711073952547,-0.6323350934380482,-0.10264043637505327,-0.6642712025148285
2008-05-01 06:30:00+00:00,ME02,-0.021936182228612836,0.46324301464008105,0.033485808411346775,0.4576781557470559,0.3261623422897088,-0.5687711073952547,-0.6323350934380482,-0.10264043637505327,-0.6642712025148285
2008-05-01 06:40:00+00:00,ME02,-0.024049473849095504,-0.6444532956659221,0.15877943486001503,0.4576781557470559,0.3261623422897088,-0.5687711073952547,-0.6323350934380482,-0.10264043637505327,-0.6642712025148285
2008-05-01 06:50:00+00:00,ME02,-0.019637794292242487,-0.4677346595061244,0.21262804037306174,0.4576781557470559,0.3261623422897088,-0.5687711073952547,-0.6323350934380482,-0.10264043637505327,-0.6642712025148285
2008-05-01 07:00:00+00:00,ME02,-0.021303684614321375,0.9562735464116586,0.4804001101080254,0.2890674683471134,1.1292179831485993,-0.2431550519769642,-0.6323350934380482,-0.10264043637505327,-0.6642712025148285
2008-05-01 07:10:00+00:00,ME02,-0.018008193118448458,0.04403689268974729,0.547274347223732,0.2890674683471134,1.1292179831485993,-0.2431550519769642,-0.6323350934380482,-0.10264043637505327,-0.6642712025148285
2008-05-01 07:20:00+00:00,ME02,-0.016751879580295996,0.20658455382701243,0.36415356447647285,0.2890674683471134,1.1292179831485993,-0.2431550519769642,-0.6323350934380482,-0.10264043637505327,-0.6642712025148285
2008-05-01 07:30:00+00:00,ME02,-0.019776975028276,0.8039648234931669,0.45316484731070183,0.2890674683471134,1.1292179831485993,-0.2431550519769642,-0.6323350934380482,-0.10264043637505327,-0.6642712025148285
2008-05-01 07:40:00+00:00,ME02,-0.02231018691148581,-0.19888832760680497,0.180579778617181,0.2890674683471134,1.1292179831485993,-0.2431550519769642,-0.6323350934380482,-0.10264043637505327,-0.6642712025148285
2008-05-01 07:50:00+00:00,ME02,-0.022841197339106667,1.8086247156101598,-0.011343021325984675,0.2890674683471134,1.1292179831485993,-0.2431550519769642,-0.6323350934380482,-0.10264043637505327,-0.6642712025148285
2008-05-01 08:00:00+00:00,ME02,-0.019777665297521438,3.6298980470057374,0.09723982098069704,0.4576781557470559,1.7156768031519254,-0.01902950781262556,-0.5480237613609539,-0.10264043637505327,-0.6642712025148285
2008-05-01 08:10:00+00:00,ME02,-0.012286766142277524,1.7926887189068195,0.7340150880323769,0.4576781557470559,1.7156768031519254,-0.01902950781262556,-0.5480237613609539,-0.10264043637505327,-0.6642712025148285
2008-05-01 08:20:00+00:00,ME02,-0.010320622946717534,1.439500828424988,0.5432210010769368,0.4576781557470559,1.7156768031519254,-0.01902950781262556,-0.5480237613609539,-0.10264043637505327,-0.6642712025148285
2008-05-01 08:30:00+00:00,ME02,-0.011364745605200842,3.7471840029943975,-0.08689041538861121,0.4576781557470559,1.7156768031519254,-0.01902950781262556,-0.5480237613609539,-0.10264043637505327,-0.6642712025148285
2008-05-01 08:40:00+00:00,ME02,-0.031268026129310435,0.9085015039854221,-1.5937176944003424,0.4576781557470559,1.7156768031519254,-0.01902950781262556,-0.5480237613609539,-0.10264043637505327,-0.6642712025148285
2008-05-01 08:50:00+00:00,ME02,-0.022518257136821294,-0.3478155594915479,-1.3537889606022093,0.4576781557470559,1.7156768031519254,-0.01902950781262556,-0.5480237613609539,-0.10264043637505327,-0.6642712025148285
2008-05-01 09:00:00+00:00,ME02,-0.027691896114405694,1.2259255089070096,-1.2116183488031076,0.6985917176413935,1.5890119241748761,0.035944593021628744,3.1195198011516942,-0.10264043637505327,-0.6642712025148285
2008-05-01 09:10:00+00:00,ME02,-0.031975973014674836,-0.639249909253391,-1.5783752865968366,0.6985917176413935,1.5890119241748761,0.035944593021628744,3.1195198011516942,-0.10264043637505327,-0.6642712025148285
2008-05-01 09:20:00+00:00,ME02,-0.02843641720107606,1.6759132570659285,-2.0354851704476262,0.6985917176413935,1.5890119241748761,0.035944593021628744,3.1195198011516942,-0.10264043637505327,-0.6642712025148285
2008-05-01 09:30:00+00:00,ME02,-0.04354826006288693,-0.07598114761205672,-2.813145739406895,0.6985917176413935,1.5890119241748761,0.035944593021628744,3.1195198011516942,-0.10264043637505327,-0.6642712025148285
2008-05-01 09:40:00+00:00,ME02,-0.05974540878911654,1.0437811475978334,-5.73638147415477,0.6985917176413935,1.5890119241748761,0.035944593021628744,3.1195198011516942,-0.10264043637505327,-0.6642712025148285
2008-05-01 09:50:00+00:00,ME02,-0.05906940969518574,0.33485779438669266,-5.97785947853636,0.6985917176413935,1.5890119241748761,0.035944593021628744,3.1195198011516942,-0.10264043637505327,-0.6642712025148285
2008-05-01 10:00:00+00:00,ME02,-0.05940132947416085,0.11566525893241449,-5.6742856814939495,0.7467456240941679,1.5282126441321975,0.09514753906316141,4.046944556859572,-0.10264043637505327,-0.6642712025148285
2008-05-01 10:10:00+00:00,ME02,-0.0620889926843139,0.43513541455449073,-5.853659997865326,0.7467456240941679,1.5282126441321975,0.09514753906316141,4.046944556859572,-0.10264043637505327,-0.6642712025148285
2008-05-01 10:20:00+00:00,ME02,-0.05925697436315293,1.996071707747222,-6.099939446185823,0.7467456240941679,1.5282126441321975,0.09514753906316141,4.046944556859572,-0.10264043637505327,-0.6642712025148285
2008-05-01 10:30:00+00:00,ME02,-0.0654011907700513,-0.8222911664868567,-6.257206820324823,0.7467456240941679,1.5282126441321975,0.09514753906316141,4.046944556859572,-0.10264043637505327,-0.6642712025148285
2008-05-01 10:40:00+00:00,ME02,-0.063543895949025,0.4853502537743397,-6.192303241154903,0.7467456240941679,1.5282126441321975,0.09514753906316141,4.046944556859572,-0.10264043637505327,-0.6642712025148285
2008-05-01 10:50:00+00:00,ME02,-0.06463727753195349,-1.3647530559890668,-6.274216202129207,0.7467456240941679,1.5282126441321975,0.09514753906316141,4.046944556859572,-0.10264043637505327,-0.6642712025148285
2008-05-01 11:00:00+00:00,ME02,-0.06354574689582151,-0.07566231472436118,-6.173283935637834,-0.6744907594765939,1.943673638438959,0.20086719114446833,0.0,-0.10264043637505327,-0.6642712025148285
2008-05-01 11:10:00+00:00,ME02,-0.06365055730917768,1.0406319766197543,-6.146841062605796,-0.6744907594765939,1.943673638438959,0.20086719114446833,0.0,-0.10264043637505327,-0.6642712025148285
2008-05-01 11:20:00+00:00,ME02,-0.06271411653188803,-1.7409364715029982,-6.1566226848966075,-0.6744907594765939,1.943673638438959,0.20086719114446833,0.0,-0.10264043637505327,-0.6642712025148285
2008-05-01 11:30:00+00:00,ME02,-0.062325189405398586,0.7151268014716259,-6.097919507368596,-0.6744907594765939,1.943673638438959,0.20086719114446833,0.0,-0.10264043637505327,-0.6642712025148285
2008-05-01 11:40:00+00:00,ME02,-0.06112635123641248,-1.043799873806866,-6.0535421472274535,-0.6744907594765939,1.943673638438959,0.20086719114446833,0.0,-0.10264043637505327,-0.6642712025148285
2008-05-01 11:50:00+00:00,ME02,-0.0633799456276565,0.9624625828482573,-6.168340603641424,-0.6744907594765939,1.943673638438959,0.20086719114446833,0.0,-0.10264043637505327,-0.6642712025148285
2008-05-01 12:00:00+00:00,ME02,-0.06414015014125615,-1.7396117170467194,-6.276660472789144,-0.8431494567533594,1.9158072906843266,0.2177822763534379,2.613651705829287,-0.10264043637505327,-0.5109778480883296
2008-05-01 12:10:00+00:00,ME02,-0.06123610591150753,-1.6477652332620654,-6.013040544622871,-0.8431494567533594,1.9158072906843266,0.2177822763534379,2.613651705829287,-0.10264043637505327,-0.5109778480883296
2008-05-01 12:20:00+00:00,ME02,-0.060741305333670774,1.1865960676025913,-5.940414508840889,-0.8431494567533594,1.9158072906843266,0.2177822763534379,2.613651705829287,-0.10264043637505327,-0.5109778480883296
2008-05-01 12:30:00+00:00,ME02,-0.06136797167265166,-1.0674153918432072,-5.9652178827124756,-0.8431494567533594,1.9158072906843266,0.2177822763534379,2.613651705829287,-0.10264043637505327,-0.5109778480883296
2008-05-01 12:40:00+00:00,ME02,-0.06065114549347621,0.4558555673539428,-5.8562699197321315,-0.8431494567533594,1.9158072906843266,0.2177822763534379,2.613651705829287,-0.10264043637505327,-0.5109778480883296
2008-05-01 12:50:00+00:00,ME02,-0.06316722566471211,-1.0027501295101804,-6.0170912521656135,-0.8431494567533594,1.9158072906843266,0.2177822763534379,2.613651705829287,-0.10264043637505327,-0.5109778480883296
2008-05-01 13:00:00+00:00,ME02,-0.06424206387782457,-1.5154466003021678,-6.237383325174215,-0.048201916329595404,1.8208087642723998,0.16280817551918358,2.57149603979074,-0.10264043637505327,-0.5109778480883296
2008-05-01 13:10:00+00:00,ME02,-0.0634913886393659,0.8633646493200327,-6.072119667471223,-0.048201916329595404,1.8208087642723998,0.16280817551918358,2.57149603979074,-0.10264043637505327,-0.5109778480883296
2008-05-01 13:20:00+00:00,ME02,-0.06166570204127556,-1.2201011387302747,-6.028036607885027,-0.048201916329595404,1.8208087642723998,0.16280817551918358,2.57149603979074,-0.10264043637505327,-0.5109778480883296
2008-05-01 13:30:00+00:00,ME02,-0.057034689216588136,0.9160454693351828,-6.072224268986282,-0.048201916329595404,1.8208087642723998,0.16280817551918358,2.57149603979074,-0.10264043637505327,-0.5109778480883296
2008-05-01 13:40:00+00:00,ME02,-0.057392542292297774,-1.0803507600267395,-5.637247019657708,-0.048201916329595404,1.8208087642723998,0.16280817551918358,2.57149603979074,-0.10264043637505327,-0.5109778480883296
2008-05-01 13:50:00+00:00,ME02,-0.05869218004804779,-0.6323978418132601,-6.0326955166718355,-0.048201916329595404,1.8208087642723998,0.16280817551918358,2.57149603979074,-0.10264043637505327,-0.5109778480883296
2008-05-01 14:00:00+00:00,ME02,-0.05869730881385812,0.3201378254450457,-6.154035336892285,-0.8190484985885617,1.9031409621716535,0.1078340746849629,0.8431134236307837,-0.10264043637505327,-0.5109778480883296
2008-05-01 14:10:00+00:00,ME02,-0.056935629243391496,-0.24999849022072052,-6.110875015805409,-0.8190484985885617,1.9031409621716535,0.1078340746849629,0.8431134236307837,-0.10264043637505327,-0.5109778480883296
2008-05-01 14:20:00+00:00,ME02,-0.05141479898244225,0.5993413321811605,-5.9974445736499975,-0.8190484985885617,1.9031409621716535,0.1078340746849629,0.8431134236307837,-0.10264043637505327,-0.5109778480883296
2008-05-01 14:30:00+00:00,ME02,-0.05793027888377817,-0.30026620047822544,-5.932175578126147,-0.8190484985885617,1.9031409621716535,0.1078340746849629,0.8431134236307837,-0.10264043637505327,-0.5109778480883296
2008-05-01 14:40:00+00:00,ME02,-0.059877732483630715,-0.8199185197439014,-6.032643717406786,-0.8190484985885617,1.9031409621716535,0.1078340746849629,0.8431134236307837,-0.10264043637505327,-0.5109778480883296
2008-05-01 14:50:00+00:00,ME02,-0.06104907356945727,0.6463393815954515,-5.80913071326292,-0.8190484985885617,1.9031409621716535,0.1078340746849629,0.8431134236307837,-0.10264043637505327,-0.5109778480883296
2008-05-01 15:00:00+00:00,ME02,-0.05826078550606779,-1.3598581288765101,-5.0934073542385905,-1.0117601441533026,1.9107407061509127,0.10360522947768452,-0.25293399623128265,-0.10264043637505327,-0.5109778480883296
2008-05-01 15:10:00+00:00,ME02,-0.05482341554516339,0.5032404810885339,-4.570568166866732,-1.0117601441533026,1.9107407061509127,0.10360522947768452,-0.25293399623128265,-0.10264043637505327,-0.5109778480883296
2008-05-01 15:20:00+00:00,ME02,-0.049632058251485,2.9073523321810386,-3.7839551353533905,-1.0117601441533026,1.9107407061509127,0.10360522947768452,-0.25293399623128265,-0.10264043637505327,-0.5109778480883296
2008-05-01 15:30:00+00:00,ME02,-0.04465338668103578,0.06702937374888523,-3.0141996112902403,-1.0117601441533026,1.9107407061509127,0.10360522947768452,-0.25293399623128265,-0.10264043637505327,-0.5109778480883296
2008-05-01 15:40:00+00:00,ME02,-0.051291342233296545,0.19727318740625707,-4.33406479135273,-1.0117601441533026,1.9107407061509127,0.10360522947768452,-0.25293399623128265,-0.10264043637505327,-0.5109778480883296
2008-05-01 15:50:00+00:00,ME02,-0.044547080686098875,-0.8088476622896363,-3.2546702905172675,-1.0117601441533026,1.9107407061509127,0.10360522947768452,-0.25293399623128265,-0.10264043637505327,-0.5109778480883296
2008-05-01 16:00:00+00:00,ME02,-0.034400937656228765,-0.09180810124423085,-1.7803053621609095,-1.0117601441533026,1.3977477603446582,0.04017343822890711,-0.5480237613609539,-0.10264043637505327,-0.5109778480883296
2008-05-01 16:10:00+00:00,ME02,-0.03506409998713396,-0.9916187541639293,-1.7518778019972803,-1.0117601441533026,1.3977477603446582,0.04017343822890711,-0.5480237613609539,-0.10264043637505327,-0.5109778480883296
2008-05-01 16:20:00+00:00,ME02,-0.03434372093423101,-1.092467890652534,-1.6526487588548704,-1.0117601441533026,1.3977477603446582,0.04017343822890711,-0.5480237613609539,-0.10264043637505327,-0.5109778480883296
2008-05-01 16:30:00+00:00,ME02,-0.03232782610420842,0.5818882788776705,-1.4138763179403695,-1.0117601441533026,1.3977477603446582,0.04017343822890711,-0.5480237613609539,-0.10264043637505327,-0.5109778480883296
2008-05-01 16:40:00+00:00,ME02,-0.03356419106451801,-0.7974285397568306,-1.6249594145361874,-1.0117601441533026,1.3977477603446582,0.04017343822890711,-0.5480237613609539,-0.10264043637505327,-0.5109778480883296
2008-05-01 16:50:00+00:00,ME02,-0.034537696604936954,0.8176880110356614,-1.5428470987819127,-1.0117601441533026,1.3977477603446582,0.04017343822890711,-0.5480237613609539,-0.10264043637505327,-0.5109778480883296
2008-05-01 17:00:00+00:00,ME02,-0.02884405974844249,-0.9985685126257692,-1.1388806619940537,-0.8431494567533594,1.188750683468354,0.027487198227182284,0.33724543116821853,-0.10264043637505327,-0.5109778480883296
2008-05-01 17:10:00+00:00,ME02,-0.026579809906117628,-0.711244419280288,-0.795010418214532,-0.8431494567533594,1.188750683468354,0.027487198227182284,0.33724543116821853,-0.10264043637505327,-0.5109778480883296
2008-05-01 17:20:00+00:00,ME02,-0.024407082175917274,0.38382470783620215,-0.5287149764699983,-0.8431494567533594,1.188750683468354,0.027487198227182284,0.33724543116821853,-0.10264043637505327,-0.5109778480883296
2008-05-01 17:30:00+00:00,ME02,-0.021803365018765414,-0.47601032856868847,-0.36925869022692326,-0.8431494567533594,1.188750683468354,0.027487198227182284,0.33724543116821853,-0.10264043637505327,-0.5109778480883296
2008-05-01 17:40:00+00:00,ME02,-0.02618086549214967,1.8300994675576354,-0.545639675628749,-0.8431494567533594,1.188750683468354,0.027487198227182284,0.33724543116821853,-0.10264043637505327,-0.5109778480883296
2008-05-01 17:50:00+00:00,ME02,-0.027113027049285063,-0.2563815542686026,-0.7747812573876491,-0.8431494567533594,1.188750683468354,0.027487198227182284,0.33724543116821853,-0.10264043637505327,-0.5109778480883296
2008-05-01 18:00:00+00:00,ME02,-0.026590937531489903,-0.47727050948183647,-0.4708958392163031,-0.43362520745907857,0.8467552977169436,0.04017343822890711,-0.3794010972067655,-0.10264043637505327,-0.35768449366183075
2008-05-01 18:10:00+00:00,ME02,-0.023677229213679988,1.4734855674979173,-0.44109134579093756,-0.43362520745907857,0.8467552977169436,0.04017343822890711,-0.3794010972067655,-0.10264043637505327,-0.35768449366183075
2008-05-01 18:20:00+00:00,ME02,-0.0256237801036861,-0.8639580975395641,-0.35747207504423617,-0.43362520745907857,0.8467552977169436,0.04017343822890711,-0.3794010972067655,-0.10264043637505327,-0.35768449366183075
2008-05-01 18:30:00+00:00,ME02,-0.02458866955261094,1.3588840084244869,-0.33894870990483605,-0.43362520745907857,0.8467552977169436,0.04017343822890711,-0.3794010972067655,-0.10264043637505327,-0.35768449366183075
2008-05-01 18:40:00+00:00,ME02,-0.022776360067852802,-0.760011801858415,-0.059408053647591656,-0.43362520745907857,0.8467552977169436,0.04017343822890711,-0.3794010972067655,-0.10264043637505327,-0.35768449366183075
2008-05-01 18:50:00+00:00,ME02,-0.020636304484384645,-0.2525153750660919,-0.008758551893155116,-0.43362520745907857,0.8467552977169436,0.04017343822890711,-0.3794010972067655,-0.10264043637505327,-0.35768449366183075
2008-05-01 19:00:00+00:00,ME02,-0.022224021473961672,2.325283405721136,-0.18495541272400037,-0.8190484985885617,0.7998891915515817,0.29390030760397373,-0.6744907594765952,-0.10264043637505327,-0.35768449366183075
2008-05-01 19:10:00+00:00,ME02,-0.02276536352771824,-0.7814464058929753,-0.2318148244128341,-0.8190484985885617,0.7998891915515817,0.29390030760397373,-0.6744907594765952,-0.10264043637505327,-0.35768449366183075
2008-05-01 19:20:00+00:00,ME02,-0.02272574251055125,2.0263821589219586,-0.12406928818839817,-0.8190484985885617,0.7998891915515817,0.29390030760397373,-0.6744907594765952,-0.10264043637505327,-0.35768449366183075
2008-05-01 19:30:00+00:00,ME02,-0.022449404194603822,-0.6347461008734842,-0.0806968483487504,-0.8190484985885617,0.7998891915515817,0.29390030760397373,-0.6744907594765952,-0.10264043637505327,-0.35768449366183075
2008-05-01 19:40:00+00:00,ME02,-0.02162811795447783,0.5125716349757671,-0.0607596859328956,-0.8190484985885617,0.7998891915515817,0.29390030760397373,-0.6744907594765952,-0.10264043637505327,-0.35768449366183075
2008-05-01 19:50:00+00:00,ME02,-0.021015827082558232,1.8424908217201947,0.09767071416166347,-0.8190484985885617,0.7998891915515817,0.29390030760397373,-0.6744907594765952,-0.10264043637505327,-0.35768449366183075
2008-05-01 20:00:00+00:00,ME02,-0.0229177707326301,-0.8728030315581878,-0.06170887329793253,-0.6504378111886179,0.5668257717311352,0.33195961884930153,-0.6744907594765952,-0.10264043637505327,-0.35768449366183075
2008-05-01 20:10:00+00:00,ME02,-0.022420175586398427,0.9270324838136281,-0.20092905484329399,-0.6504378111886179,0.5668257717311352,0.33195961884930153,-0.6744907594765952,-0.10264043637505327,-0.35768449366183075
2008-05-01 20:20:00+00:00,ME02,-0.02391388964158467,-1.0080893739586723,-0.07011819123991697,-0.6504378111886179,0.5668257717311352,0.33195961884930153,-0.6744907594765952,-0.10264043637505327,-0.35768449366183075
2008-05-01 20:30:00+00:00,ME02,-0.02218600128694497,1.2845931802814676,-0.16773337121296325,-0.6504378111886179,0.5668257717311352,0.33195961884930153,-0.6744907594765952,-0.10264043637505327,-0.35768449366183075
2008-05-01 20:40:00+00:00,ME02,-0.02268311510513438,-0.43678840048477413,0.02256248165010717,-0.6504378111886179,0.5668257717311352,0.33195961884930153,-0.6744907594765952,-0.10264043637505327,-0.35768449366183075
2008-05-01 20:50:00+00:00,ME02,-0.022303407433421612,0.5122367910590668,-0.03191088754569443,-0.6504378111886179,0.5668257717311352,0.33195961884930153,-0.6744907594765952,-0.10264043637505327,-0.35768449366183075
2008-05-01 21:00:00+00:00,ME02,0.7611321293056255,2.161871345232746,1.7937754813619537,-0.40952424929428016,0.41229454499945306,0.3023579980184969,-0.6744907594765952,-0.10264043637505327,-0.35768449366183075
2008-05-01 21:10:00+00:00,ME02,-0.0164986935066733,-0.9057785056876229,-0.10686153027301959,-0.40952424929428016,0.41229454499945306,0.3023579980184969,-0.6744907594765952,-0.10264043637505327,-0.35768449366183075
2008-05-01 21:20:00+00:00,ME02,-0.023144593252177593,1.5805363216716022,-0.055131183909917975,-0.40952424929428016,0.41229454499945306,0.3023579980184969,-0.6744907594765952,-0.10264043637505327,-0.35768449366183075
2008-05-01 21:30:00+00:00,ME02,-0.02362772996390772,-0.4039882815162297,-0.023070340146835677,-0.40952424929428016,0.41229454499945306,0.3023579980184969,-0.6744907594765952,-0.10264043637505327,-0.35768449366183075
2008-05-01 21:40:00+00:00,ME02,-0.02314314315726351,0.13007243709545804,-0.15994599267230764,-0.40952424929428016,0.41229454499945306,0.3023579980184969,-0.6744907594765952,-0.10264043637505327,-0.35768449366183075
2008-05-01 21:50:00+00:00,ME02,-0.0218660598714077,2.5446736368229845,-0.13214270155934132,-0.40952424929428016,0.41229454499945306,0.3023579980184969,-0.6744907594765952,-0.10264043637505327,-0.35768449366183075
2008-05-01 22:00:00+00:00,ME02,-0.02411815300153928,-0.6812796015945238,-0.0571547434942778,-0.4577261656238769,0.6073584479984409,0.340417013643748,-0.6744907594765952,-0.10264043637505327,-0.35768449366183075
2008-05-01 22:10:00+00:00,ME02,-0.02193711334534203,1.9830837751743453,0.12574624006220944,-0.4577261656238769,0.6073584479984409,0.340417013643748,-0.6744907594765952,-0.10264043637505327,-0.35768449366183075
2008-05-01 22:20:00+00:00,ME02,-0.02184129727828393,-0.8858972476033392,-0.16854956499894558,-0.4577261656238769,0.6073584479984409,0.340417013643748,-0.6744907594765952,-0.10264043637505327,-0.35768449366183075
2008-05-01 22:30:00+00:00,ME02,-0.023831102158395654,0.09747428427345277,-0.1760430793435794,-0.4577261656238769,0.6073584479984409,0.340417013643748,-0.6744907594765952,-0.10264043637505327,-0.35768449366183075
2008-05-01 22:40:00+00:00,ME02,0.45947660868333673,2.3910252039649897,0.13566567275025435,-0.4577261656238769,0.6073584479984409,0.340417013643748,-0.6744907594765952,-0.10264043637505327,-0.35768449366183075
2008-05-01 22:50:00+00:00,ME02,-0.020764841587385983,-0.42467682260873024,1.7197147777796915,-0.4577261656238769,0.6073584479984409,0.340417013643748,-0.6744907594765952,-0.10264043637505327,-0.35768449366183075
2008-05-01 23:00:00+00:00,ME02,-0.021284658000276693,1.0538837255440208,-0.05521316091172278,-0.6744907594765939,0.36162843402360106,0.34464585885102633,-0.6744907594765952,-0.10264043637505327,-0.35768449366183075
2008-05-01 23:10:00+00:00,ME02,-0.02396310601470968,-0.7811968926616945,-0.2009018524094774,-0.6744907594765939,0.36162843402360106,0.34464585885102633,-0.6744907594765952,-0.10264043637505327,-0.35768449366183075
2008-05-01 23:20:00+00:00,ME02,-0.02170983011305174,1.0840292254848187,-0.2520730804921458,-0.6744907594765939,0.36162843402360106,0.34464585885102633,-0.6744907594765952,-0.10264043637505327,-0.35768449366183075
2008-05-01 23:30:00+00:00,ME02,-0.022674450352311172,0.24560665119302438,-0.26189485553140185,-0.6744907594765939,0.36162843402360106,0.34464585885102633,-0.6744907594765952,-0.10264043637505327,-0.35768449366183075
2008-05-01 23:40:00+00:00,ME02,-0.02414505536284929,-0.04281186941730205,-0.13127996979349232,-0.6744907594765939,0.36162843402360106,0.34464585885102633,-0.6744907594765952,-0.10264043637505327,-0.35768449366183075
2008-05-01 23:50:00+00:00,ME02,-0.02307752022358406,1.9888850901747435,-0.3002718220546562,-0.6744907594765939,0.36162843402360106,0.34464585885102633,-0.6744907594765952,-0.10264043637505327,-0.35768449366183075
2008-05-02 00:00:00+00:00,ME02,-0.024851641422898342,-0.8088395622228607,-0.2758497041731839,-0.09635582278236979,0.4920933178111409,0.15857933031193883,-0.6744907594765952,-0.10264043637505327,-0.20439113923533184
2008-05-02 00:10:00+00:00,ME02,-0.025107209001625573,0.515905206901714,-0.2915812901068989,-0.09635582278236979,0.4920933178111409,0.15857933031193883,-0.6744907594765952,-0.10264043637505327,-0.20439113923533184
2008-05-02 00:20:00+00:00,ME02,-0.022321700802017126,-0.7519515730475951,-0.2568832591735378,-0.09635582278236979,0.4920933178111409,0.15857933031193883,-0.6744907594765952,-0.10264043637505327,-0.20439113923533184
2008-05-02 00:30:00+00:00,ME02,-0.023544412241625935,-0.5687347697656682,-0.2887725068643074,-0.09635582278236979,0.4920933178111409,0.15857933031193883,-0.6744907594765952,-0.10264043637505327,-0.20439113923533184
2008-05-02 00:40:00+00:00,ME02,-0.02383398472005785,0.20944181635008183,-0.21725197210859223,-0.09635582278236979,0.4920933178111409,0.15857933031193883,-0.6744907594765952,-0.10264043637505327,-0.20439113923533184
2008-05-02 00:50:00+00:00,ME02,-0.02329671347147421,-0.17002966563192867,-0.3133951735135213,-0.09635582278236979,0.4920933178111409,0.15857933031193883,-0.6744907594765952,-0.10264043637505327,-0.20439113923533184
2008-05-02 01:00:00+00:00,ME02,-0.025131986310115192,0.6301682756053666,-0.2827391558456178,-0.048201916329595404,0.6630911435077056,0.09091898947595971,-0.6744907594765952,-0.10264043637505327,-0.20439113923533184
2008-05-02 01:10:00+00:00,ME02,-0.023792786703586193,-0.9457542441750582,-0.343626556713229,-0.048201916329595404,0.6630911435077056,0.09091898947595971,-0.6744907594765952,-0.10264043637505327,-0.20439113923533184
2008-05-02 01:20:00+00:00,ME02,-0.01089734064062128,-0.9036356510008063,4.1906646137183055,-0.048201916329595404,0.6630911435077056,0.09091898947595971,-0.6744907594765952,-0.10264043637505327,-0.20439113923533184
2008-05-02 01:30:00+00:00,ME02,-0.021591051299136736,1.4692710727124927,-0.29410415590181715,-0.048201916329595404,0.6630911435077056,0.09091898947595971,-0.6744907594765952,-0.10264043637505327,-0.20439113923533184
2008-05-02 01:40:00+00:00,ME02,-0.022483232872444883,-0.11361014907397997,-0.24089565075304215,-0.048201916329595404,0.6630911435077056,0.09091898947595971,-0.6744907594765952,-0.10264043637505327,-0.20439113923533184
2008-05-02 01:50:00+00:00,ME02,-0.012309042600719819,1.8821227406308114,-0.16814332051316438,-0.048201916329595404,0.6630911435077056,0.09091898947595971,-0.6744907594765952,-0.10264043637505327,-0.20439113923533184
2008-05-02 02:00:00+00:00,ME02,-0.023712929914719922,-0.8565220027956302,-0.39069850871704154,-0.4577261656238769,0.7745562688845156,0.15435048510466048,-0.04215566603854705,-0.10264043637505327,-0.20439113923533184
2008-05-02 02:10:00+00:00,ME02,-0.022780658743467304,-0.769825492885136,-0.31534692156950295,-0.4577261656238769,0.7745562688845156,0.15435048510466048,-0.04215566603854705,-0.10264043637505327,-0.20439113923533184
2008-05-02 02:20:00+00:00,ME02,-0.02499498976442233,1.9513723774192784,-0.263508630157541,-0.4577261656238769,0.7745562688845156,0.15435048510466048,-0.04215566603854705,-0.10264043637505327,-0.20439113923533184
2008-05-02 02:30:00+00:00,ME02,-0.023381004087055724,-0.054860556466377546,-0.33327167963766086,-0.4577261656238769,0.7745562688845156,0.15435048510466048,-0.04215566603854705,-0.10264043637505327,-0.20439113923533184
2008-05-02 02:40:00+00:00,ME02,-0.02521751529582098,2.338117311497587,-0.390262648173311,-0.4577261656238769,0.7745562688845156,0.15435048510466048,-0.04215566603854705,-0.10264043637505327,-0.20439113923533184
2008-05-02 02:50:00+00:00,ME02,-0.023149187175530737,-0.42312393679922394,-0.3704835218060357,-0.4577261656238769,0.7745562688845156,0.15435048510466048,-0.04215566603854705,-0.10264043637505327,-0.20439113923533184
2008-05-02 03:00:00+00:00,ME02,-0.021662993056326643,-0.7738203051088104,-0.4136023296914219,-0.048201916329595404,0.5554257572996651,0.10360522947768452,-0.6744907594765952,-0.10264043637505327,-0.20439113923533184
2008-05-02 03:10:00+00:00,ME02,-0.023953967349183633,1.018316731414098,-0.49415471660254484,-0.048201916329595404,0.5554257572996651,0.10360522947768452,-0.6744907594765952,-0.10264043637505327,-0.20439113923533184
2008-05-02 03:20:00+00:00,ME02,-0.02688285643026936,-0.9525097391350246,-0.47333584964461944,-0.048201916329595404,0.5554257572996651,0.10360522947768452,-0.6744907594765952,-0.10264043637505327,-0.20439113923533184
2008-05-02 03:30:00+00:00,ME02,-0.024346643554519057,1.4741334290683097,-0.4281430422439464,-0.048201916329595404,0.5554257572996651,0.10360522947768452,-0.6744907594765952,-0.10264043637505327,-0.20439113923533184
2008-05-02 03:40:00+00:00,ME02,-0.022359354076464454,0.11569623160990271,-0.31476250577952947,-0.048201916329595404,0.5554257572996651,0.10360522947768452,-0.6744907594765952,-0.10264043637505327,-0.20439113923533184
2008-05-02 03:50:00+00:00,ME02,-0.023590883228953707,1.4837138056369727,-0.40937023846164994,-0.048201916329595404,0.5554257572996651,0.10360522947768452,-0.6744907594765952,-0.10264043637505327,-0.20439113923533184
2008-05-02 04:00:00+00:00,ME02,-0.02634342611660007,-0.5459219429479905,-0.366135747127096,-0.4817791139118529,0.6542245541638028,0.2431550519769642,-0.6744907594765952,-0.10264043637505327,-0.20439113923533184
2008-05-02 04:10:00+00:00,ME02,-0.027284121471521865,0.13088307164428564,-0.8952029720096524,-0.4817791139118529,0.6542245541638028,0.2431550519769642,-0.6744907594765952,-0.10264043637505327,-0.20439113923533184
2008-05-02 04:20:00+00:00,ME02,-0.02870001425744735,1.0580986625273126,-1.0954197555793088,-0.4817791139118529,0.6542245541638028,0.2431550519769642,-0.6744907594765952,-0.10264043637505327,-0.20439113923533184
2008-05-02 04:30:00+00:00,ME02,-0.025479425958273186,-0.30238734131646966,1.431901042118781,-0.4817791139118529,0.6542245541638028,0.2431550519769642,-0.6744907594765952,-0.10264043637505327,-0.20439113923533184
2008-05-02 04:40:00+00:00,ME02,-0.027505986284171818,2.840027287988707,-0.9932365894141391,-0.4817791139118529,0.6542245541638028,0.2431550519769642,-0.6744907594765952,-0.10264043637505327,-0.20439113923533184
2008-05-02 04:50:00+00:00,ME02,-0.02558668989035374,0.14463266346838938,-0.9194925626741084,-0.4817791139118529,0.6542245541638028,0.2431550519769642,-0.6744907594765952,-0.10264043637505327,-0.20439113923533184
2008-05-02 05:00:00+00:00,ME02,-0.029461938952004108,-0.8880591984269115,-0.9764055627080465,-0.31316842651190907,0.6858906410872045,0.5011107665593092,-0.6744907594765952,-0.10264043637505327,-0.20439113923533184
2008-05-02 05:10:00+00:00,ME02,-0.029321275098874843,1.0910482820752851,-0.9885950699376256,-0.31316842651190907,0.6858906410872045,0.5011107665593092,-0.6744907594765952,-0.10264043637505327,-0.20439113923533184
2008-05-02 05:20:00+00:00,ME02,-0.03039308632519968,-0.52042652682896,-0.9449956736451914,-0.31316842651190907,0.6858906410872045,0.5011107665593092,-0.6744907594765952,-0.10264043637505327,-0.20439113923533184
2008-05-02 05:30:00+00:00,ME02,-0.026131587586299774,0.44537088397631913,-1.0058181710202685,-0.31316842651190907,0.6858906410872045,0.5011107665593092,-0.6744907594765952,-0.10264043637505327,-0.20439113923533184
2008-05-02 05:40:00+00:00,ME02,-0.026308542168466235,-0.583114678044088,-0.804560709735104,-0.31316842651190907,0.6858906410872045,0.5011107665593092,-0.6744907594765952,-0.10264043637505327,-0.20439113923533184
2008-05-02 05:50:00+00:00,ME02,-0.02785293707129383,0.24470030087015504,-0.73454018508208,-0.31316842651190907,0.6858906410872045,0.5011107665593092,-0.6744907594765952,-0.10264043637505327,-0.20439113923533184
2008-05-02 06:00:00+00:00,ME02,-0.026841803317547687,0.5095761775197551,-0.7926192974515571,-0.24091356189433766,0.9544204182832643,0.7548376359343758,-0.6323350934380482,-0.10264043637505327,-0.4700996202412634
2008-05-02 06:10:00+00:00,ME02,-0.025773858160533236,-0.8484290469443861,-0.696614362253064,-0.24091356189433766,0.9544204182832643,0.7548376359343758,-0.6323350934380482,-0.10264043637505327,-0.4700996202412634
2008-05-02 06:20:00+00:00,ME02,-0.022385799246969044,0.1485425729384948,-0.3649241555082755,-0.24091356189433766,0.9544204182832643,0.7548376359343758,-0.6323350934380482,-0.10264043637505327,-0.4700996202412634
2008-05-02 06:30:00+00:00,ME02,-0.023883315717272594,-0.864956207264343,-0.0953692684757132,-0.24091356189433766,0.9544204182832643,0.7548376359343758,-0.6323350934380482,-0.10264043637505327,-0.4700996202412634
2008-05-02 06:40:00+00:00,ME02,-0.02020138903507455,-0.25287369827594836,0.10005021354725072,-0.24091356189433766,0.9544204182832643,0.7548376359343758,-0.6323350934380482,-0.10264043637505327,-0.4700996202412634
2008-05-02 06:50:00+00:00,ME02,-0.020625798063093594,0.36054864274917586,0.16501075009350627,-0.24091356189433766,0.9544204182832643,0.7548376359343758,-0.6323350934380482,-0.10264043637505327,-0.4700996202412634
2008-05-02 07:00:00+00:00,ME02,-0.018598252893503454,-0.8728228043541151,0.4924305549602296,0.1204567809471695,1.3572150840773527,0.9239890792644602,-0.6323350934380482,-0.10264043637505327,-0.4700996202412634
2008-05-02 07:10:00+00:00,ME02,-0.017392416564742184,0.11959362653999137,0.6336477824272243,0.1204567809471695,1.3572150840773527,0.9239890792644602,-0.6323350934380482,-0.10264043637505327,-0.4700996202412634
2008-05-02 07:20:00+00:00,ME02,-0.014812518345619486,-0.8152106817417395,0.6825950621175277,0.1204567809471695,1.3572150840773527,0.9239890792644602,-0.6323350934380482,-0.10264043637505327,-0.4700996202412634
2008-05-02 07:30:00+00:00,ME02,-0.01435162799228467,0.6799495283248843,0.9852549239598287,0.1204567809471695,1.3572150840773527,0.9239890792644602,-0.6323350934380482,-0.10264043637505327,-0.4700996202412634
2008-05-02 07:40:00+00:00,ME02,-0.01879459254111595,-0.561413941153867,0.5385259853923905,0.1204567809471695,1.3572150840773527,0.9239890792644602,-0.6323350934380482,-0.10264043637505327,-0.4700996202412634
2008-05-02 07:50:00+00:00,ME02,-0.01580097528839566,1.3699338064812583,0.7019720095460447,0.1204567809471695,1.3572150840773527,0.9239890792644602,-0.6323350934380482,-0.10264043637505327,-0.4700996202412634
2008-05-02 08:00:00+00:00,ME02,-0.002696615168535439,0.9141711304094187,1.5138277707423973,-0.24091356189433766,1.6384111897860847,1.1227418478052724,-0.25293399623128265,-0.10264043637505327,-0.4700996202412634
2008-05-02 08:10:00+00:00,ME02,-0.012455018998751179,-0.013090451909939339,1.0572564940333162,-0.24091356189433766,1.6384111897860847,1.1227418478052724,-0.25293399623128265,-0.10264043637505327,-0.4700996202412634
2008-05-02 08:20:00+00:00,ME02,-0.010368316189355666,0.3566648447777069,0.34551589460393367,-0.24091356189433766,1.6384111897860847,1.1227418478052724,-0.25293399623128265,-0.10264043637505327,-0.4700996202412634
2008-05-02 08:30:00+00:00,ME02,-0.0059684973238372345,2.2609920703535282,0.02568252682194817,-0.24091356189433766,1.6384111897860847,1.1227418478052724,-0.25293399623128265,-0.10264043637505327,-0.4700996202412634
2008-05-02 08:40:00+00:00,ME02,-0.021592168493341696,0.2863943515112204,-1.304211747277317,-0.24091356189433766,1.6384111897860847,1.1227418478052724,-0.25293399623128265,-0.10264043637505327,-0.4700996202412634
2008-05-02 08:50:00+00:00,ME02,-0.029601634742725057,-0.35938419904664703,-1.6072090252254265,-0.24091356189433766,1.6384111897860847,1.1227418478052724,-0.25293399623128265,-0.10264043637505327,-0.4700996202412634
2008-05-02 09:00:00+00:00,ME02,-0.02879354540954919,0.5500327721724374,-1.3854991837650974,-0.6504378111886179,1.7068102138080226,1.207317273850255,-0.25293399623128265,-0.10264043637505327,-0.4700996202412634
2008-05-02 09:10:00+00:00,ME02,-0.035192786240805546,1.3265960197995343,-2.087948796461149,-0.6504378111886179,1.7068102138080226,1.207317273850255,-0.25293399623128265,-0.10264043637505327,-0.4700996202412634
2008-05-02 09:20:00+00:00,ME02,-0.0418380414004558,-1.0150988239497563,-2.8667404275244572,-0.6504378111886179,1.7068102138080226,1.207317273850255,-0.25293399623128265,-0.10264043637505327,-0.4700996202412634
2008-05-02 09:30:00+00:00,ME02,-0.049470803459853364,0.03692358037253355,-4.12710080779843,-0.6504378111886179,1.7068102138080226,1.207317273850255,-0.25293399623128265,-0.10264043637505327,-0.4700996202412634
2008-05-02 09:40:00+00:00,ME02,-0.05928331015556614,-0.7815729776512813,-5.799634525968522,-0.6504378111886179,1.7068102138080226,1.207317273850255,-0.25293399623128265,-0.10264043637505327,-0.4700996202412634
2008-05-02 09:50:00+00:00,ME02,-0.05815080419976548,0.6492730394537369,-5.917097327300369,-0.6504378111886179,1.7068102138080226,1.207317273850255,-0.25293399623128265,-0.10264043637505327,-0.4700996202412634
2008-05-02 10:00:00+00:00,ME02,-0.056694783412223594,2.6492883033713146,-5.861502329621687,-0.6504378111886179,1.9842063147062645,1.1777159486395268,1.8126939482370503,-0.10264043637505327,-0.4700996202412634
2008-05-02 10:10:00+00:00,ME02,-0.05989662893422445,-1.6941646823249512,-6.1505115097158765,-0.6504378111886179,1.9842063147062645,1.1777159486395268,1.8126939482370503,-0.10264043637505327,-0.4700996202412634
2008-05-02 10:20:00+00:00,ME02,-0.055441968249353,0.6843575774859816,-5.89967517893301,-0.6504378111886179,1.9842063147062645,1.1777159486395268,1.8126939482370503,-0.10264043637505327,-0.4700996202412634
2008-05-02 10:30:00+00:00,ME02,-0.06138932118008677,-0.9427129570023965,-6.051605389532402,-0.6504378111886179,1.9842063147062645,1.1777159486395268,1.8126939482370503,-0.10264043637505327,-0.4700996202412634
2008-05-02 10:40:00+00:00,ME02,-0.06134558380080173,-0.9634958989309013,-5.9962641496357625,-0.6504378111886179,1.9842063147062645,1.1777159486395268,1.8126939482370503,-0.10264043637505327,-0.4700996202412634
2008-05-02 10:50:00+00:00,ME02,-0.06249740024450891,0.5654046308366223,-5.9988409057508445,-0.6504378111886179,1.9842063147062645,1.1777159486395268,1.8126939482370503,-0.10264043637505327,-0.4700996202412634
2008-05-02 11:00:00+00:00,ME02,-0.06300942831084513,-1.6371161904009435,-6.113292187969492,-0.9876591859885049,1.8436082618518985,0.9831920253059593,2.4450290416750984,-0.10264043637505327,-0.4700996202412634
2008-05-02 11:10:00+00:00,ME02,-0.061804104457325176,0.5993841223780106,-6.046681119455962,-0.9876591859885049,1.8436082618518985,0.9831920253059593,2.4450290416750984,-0.10264043637505327,-0.4700996202412634
2008-05-02 11:20:00+00:00,ME02,-0.06275520860483394,-1.4882480707076418,-5.944314128418559,-0.9876591859885049,1.8436082618518985,0.9831920253059593,2.4450290416750984,-0.10264043637505327,-0.4700996202412634
2008-05-02 11:30:00+00:00,ME02,-0.05918202298994334,0.010439761224573775,-5.911957254561942,-0.9876591859885049,1.8436082618518985,0.9831920253059593,2.4450290416750984,-0.10264043637505327,-0.4700996202412634
2008-05-02 11:40:00+00:00,ME02,-0.05880927196863131,1.7252265783502518,-5.792713552887931,-0.9876591859885049,1.8436082618518985,0.9831920253059593,2.4450290416750984,-0.10264043637505327,-0.4700996202412634
2008-05-02 11:50:00+00:00,ME02,-0.05855868848881784,-0.8510814793752312,-5.555846271747066,-0.9876591859885049,1.8436082618518985,0.9831920253059593,2.4450290416750984,-0.10264043637505327,-0.4700996202412634
2008-05-02 12:00:00+00:00,ME02,0.02759924429570898,1.4500934283121703,-5.694992935843733,-0.8431494567533594,1.9677399813831014,0.9535904044751882,1.433292851030285,-0.10264043637505327,-0.7358081012471942
2008-05-02 12:10:00+00:00,ME02,-0.05889969710066896,-0.8424078111091794,-5.6676726940060345,-0.8431494567533594,1.9677399813831014,0.9535904044751882,1.433292851030285,-0.10264043637505327,-0.7358081012471942
2008-05-02 12:20:00+00:00,ME02,-0.059721329953720974,0.7594105893956146,-5.833793358539413,-0.8431494567533594,1.9677399813831014,0.9535904044751882,1.433292851030285,-0.10264043637505327,-0.7358081012471942
2008-05-02 12:30:00+00:00,ME02,-0.051792441099920816,1.5557424113975542,-5.875194120762057,-0.8431494567533594,1.9677399813831014,0.9535904044751882,1.433292851030285,-0.10264043637505327,-0.7358081012471942
2008-05-02 12:40:00+00:00,ME02,-0.05674684578755328,1.135656753427749,-5.701263576237937,-0.8431494567533594,1.9677399813831014,0.9535904044751882,1.433292851030285,-0.10264043637505327,-0.7358081012471942
2008-05-02 12:50:00+00:00,ME02,-0.06143676003069262,1.003261113925446,-5.941912851380547,-0.8431494567533594,1.9677399813831014,0.9535904044751882,1.433292851030285,-0.10264043637505327,-0.7358081012471942
2008-05-02 13:00:00+00:00,ME02,-0.05912848968817363,-0.9802307011677077,-5.803527217826493,-1.3730824771179875,1.9994063339482238,0.8267271175976764,4.6792796502976195,-0.10264043637505327,-0.7358081012471942
2008-05-02 13:10:00+00:00,ME02,-0.05703349101777498,-1.008104195572857,-5.782321266143828,-1.3730824771179875,1.9994063339482238,0.8267271175976764,4.6792796502976195,-0.10264043637505327,-0.7358081012471942
2008-05-02 13:20:00+00:00,ME02,-0.05586666870148617,2.2098947346807893,-5.421621876579986,-1.3730824771179875,1.9994063339482238,0.8267271175976764,4.6792796502976195,-0.10264043637505327,-0.7358081012471942
2008-05-02 13:30:00+00:00,ME02,-0.06122547081546092,-0.31837118805240516,-5.715758843582823,-1.3730824771179875,1.9994063339482238,0.8267271175976764,4.6792796502976195,-0.10264043637505327,-0.7358081012471942
2008-05-02 13:40:00+00:00,ME02,-0.06024136929768842,0.9327640092440935,-5.923644509697587,-1.3730824771179875,1.9994063339482238,0.8267271175976764,4.6792796502976195,-0.10264043637505327,-0.7358081012471942
2008-05-02 13:50:00+00:00,ME02,-0.06213559808601985,-1.1112780470785144,-5.842638791306575,-1.3730824771179875,1.9994063339482238,0.8267271175976764,4.6792796502976195,-0.10264043637505327,-0.7358081012471942
2008-05-02 14:00:00+00:00,ME02,-0.056072453817015075,3.157204231375927,-5.04062319746331,-1.1563178832652699,1.8930077931048268,0.7167786203091248,-0.25293399623128265,-0.10264043637505327,-0.7358081012471942
2008-05-02 14:10:00+00:00,ME02,-0.05161939005780802,1.3493689499135904,-4.115511610724147,-1.1563178832652699,1.8930077931048268,0.7167786203091248,-0.25293399623128265,-0.10264043637505327,-0.7358081012471942
2008-05-02 14:20:00+00:00,ME02,-0.048426896720389176,0.45863490454866107,-3.5754173264412303,-1.1563178832652699,1.8930077931048268,0.7167786203091248,-0.25293399623128265,-0.10264043637505327,-0.7358081012471942
2008-05-02 14:30:00+00:00,ME02,-0.044116536904405645,-0.3290969803891731,-3.1943050733038514,-1.1563178832652699,1.8930077931048268,0.7167786203091248,-0.25293399623128265,-0.10264043637505327,-0.7358081012471942
2008-05-02 14:40:00+00:00,ME02,-0.051642484525122184,3.151364690628034,-4.271069662600909,-1.1563178832652699,1.8930077931048268,0.7167786203091248,-0.25293399623128265,-0.10264043637505327,-0.7358081012471942
2008-05-02 14:50:00+00:00,ME02,-0.04432768552923255,1.188440802973117,-3.420563400345558,-1.1563178832652699,1.8930077931048268,0.7167786203091248,-0.25293399623128265,-0.10264043637505327,-0.7358081012471942
2008-05-02 15:00:00+00:00,ME02,-0.031404055214658104,0.028727101959081514,-1.6201911529411592,-1.565794122682729,1.7486097354399717,0.6533468290603137,1.3911371849917376,-0.10264043637505327,-0.7358081012471942
2008-05-02 15:10:00+00:00,ME02,-0.028182525672743403,-1.0422481179410883,-1.0215767188189389,-1.565794122682729,1.7486097354399717,0.6533468290603137,1.3911371849917376,-0.10264043637505327,-0.7358081012471942
2008-05-02 15:20:00+00:00,ME02,-0.02646513563902565,-0.17850654572659927,-0.40464480278622234,-1.565794122682729,1.7486097354399717,0.6533468290603137,1.3911371849917376,-0.10264043637505327,-0.7358081012471942
2008-05-02 15:30:00+00:00,ME02,-0.026688940959555433,-0.9420955448522028,-0.3208823163605295,-1.565794122682729,1.7486097354399717,0.6533468290603137,1.3911371849917376,-0.10264043637505327,-0.7358081012471942
2008-05-02 15:40:00+00:00,ME02,-0.028114147250193244,-0.90037902301329,-0.79545483788414,-1.565794122682729,1.7486097354399717,0.6533468290603137,1.3911371849917376,-0.10264043637505327,-0.7358081012471942
2008-05-02 15:50:00+00:00,ME02,-0.025122289409327696,0.3718329352389174,-0.25853218920951726,-1.565794122682729,1.7486097354399717,0.6533468290603137,1.3911371849917376,-0.10264043637505327,-0.7358081012471942
2008-05-02 16:00:00+00:00,ME02,-0.02196670124787002,-0.6426450942353358,-0.17914908935441037,-1.1563178832652699,1.1583509106261545,0.5518560221862852,0.2107783301927356,-0.10264043637505327,-0.7358081012471942
2008-05-02 16:10:00+00:00,ME02,-0.012275005871029372,0.5305092236484925,0.013937447984749603,-1.1563178832652699,1.1583509106261545,0.5518560221862852,0.2107783301927356,-0.10264043637505327,-0.7358081012471942
2008-05-02 16:20:00+00:00,ME02,-0.021312606285598466,-0.44889668680656997,-0.1548418673517025,-1.1563178832652699,1.1583509106261545,0.5518560221862852,0.2107783301927356,-0.10264043637505327,-0.7358081012471942
2008-05-02 16:30:00+00:00,ME02,-0.02203757188524572,-0.07847285992937474,0.04057170793677554,-1.1563178832652699,1.1583509106261545,0.5518560221862852,0.2107783301927356,-0.10264043637505327,-0.7358081012471942
2008-05-02 16:40:00+00:00,ME02,-0.02550626612454046,0.3285768613130041,-0.3867105835587603,-1.1563178832652699,1.1583509106261545,0.5518560221862852,0.2107783301927356,-0.10264043637505327,-0.7358081012471942
2008-05-02 16:50:00+00:00,ME02,-0.02435134714255721,-0.5520521221618649,-0.44092727801520176,-1.1563178832652699,1.1583509106261545,0.5518560221862852,0.2107783301927356,-0.10264043637505327,-0.7358081012471942
2008-05-02 17:00:00+00:00,ME02,-0.02465433535663373,-0.10013182222435203,-0.19375971363383926,-0.7949475404237634,0.7074238245855012,0.484195681350306,-0.5480237613609539,-0.10264043637505327,-0.7358081012471942
2008-05-02 17:10:00+00:00,ME02,-0.024300457052270574,-0.626646572157905,-0.3503068436698775,-0.7949475404237634,0.7074238245855012,0.484195681350306,-0.5480237613609539,-0.10264043637505327,-0.7358081012471942
2008-05-02 17:20:00+00:00,ME02,-0.023661598775890122,0.479736354523536,-0.3234792700213465,-0.7949475404237634,0.7074238245855012,0.484195681350306,-0.5480237613609539,-0.10264043637505327,-0.7358081012471942
2008-05-02 17:30:00+00:00,ME02,-0.024676106343818928,-0.2355845586604731,-0.13826992745561145,-0.7949475404237634,0.7074238245855012,0.484195681350306,-0.5480237613609539,-0.10264043637505327,-0.7358081012471942
2008-05-02 17:40:00+00:00,ME02,-0.02449742925172137,-0.667043318558469,-0.26216422955533986,-0.7949475404237634,0.7074238245855012,0.484195681350306,-0.5480237613609539,-0.10264043637505327,-0.7358081012471942
2008-05-02 17:50:00+00:00,ME02,-0.02439451105525463,1.4897957956016068,-0.22849389232685005,-0.7949475404237634,0.7074238245855012,0.484195681350306,-0.5480237613609539,-0.10264043637505327,-0.7358081012471942
2008-05-02 18:00:00+00:00,ME02,-0.02422019415779542,-0.8120679551810664,-0.3052133023597308,-0.8190484985885617,0.408494540188963,0.46728059614130285,-0.12646699811564133,-0.10264043637505327,-1.0015165822531258
2008-05-02 18:10:00+00:00,ME02,-0.02628927838273161,1.0863519471178629,-0.3373477846574443,-0.8190484985885617,0.408494540188963,0.46728059614130285,-0.12646699811564133,-0.10264043637505327,-1.0015165822531258
2008-05-02 18:20:00+00:00,ME02,-0.023389088409981825,-0.6115353340172899,-0.2122297528631609,-0.8190484985885617,0.408494540188963,0.46728059614130285,-0.12646699811564133,-0.10264043637505327,-1.0015165822531258
2008-05-02 18:30:00+00:00,ME02,-0.023377121352987223,-0.3305150202190427,-0.16914361214375984,-0.8190484985885617,0.408494540188963,0.46728059614130285,-0.12646699811564133,-0.10264043637505327,-1.0015165822531258
2008-05-02 18:40:00+00:00,ME02,-0.018290360780532863,2.225953074373497,1.2750758169277174,-0.8190484985885617,0.408494540188963,0.46728059614130285,-0.12646699811564133,-0.10264043637505327,-1.0015165822531258
2008-05-02 18:50:00+00:00,ME02,-0.023236672194222225,-0.6939917992148585,-0.042191204036717424,-0.8190484985885617,0.408494540188963,0.46728059614130285,-0.12646699811564133,-0.10264043637505327,-1.0015165822531258
2008-05-02 19:00:00+00:00,ME02,-0.0202640978782693,2.099511217281291,-0.14811662814578935,-0.024100958164797036,-0.07536547813973599,0.5772287978098114,-0.5480237613609539,-0.10264043637505327,-1.0015165822531258
2008-05-02 19:10:00+00:00,ME02,-0.023311744597370603,-0.9542863875516889,-0.1731341632238145,-0.024100958164797036,-0.07536547813973599,0.5772287978098114,-0.5480237613609539,-0.10264043637505327,-1.0015165822531258
2008-05-02 19:20:00+00:00,ME02,-0.024650762041387612,-0.7349893596188609,0.003565111620935098,-0.024100958164797036,-0.07536547813973599,0.5772287978098114,-0.5480237613609539,-0.10264043637505327,-1.0015165822531258
2008-05-02 19:30:00+00:00,ME02,-0.023893411429563655,1.3229856216636189,-0.24607590488574546,-0.024100958164797036,-0.07536547813973599,0.5772287978098114,-0.5480237613609539,-0.10264043637505327,-1.0015165822531258
2008-05-02 19:40:00+00:00,ME02,-0.022395215354918296,-0.06881615191870727,0.036846231898914936,-0.024100958164797036,-0.07536547813973599,0.5772287978098114,-0.5480237613609539,-0.10264043637505327,-1.0015165822531258
2008-05-02 19:50:00+00:00,ME02,-0.023117639517508882,1.870442725473385,-0.09299397843711561,-0.024100958164797036,-0.07536547813973599,0.5772287978098114,-0.5480237613609539,-0.10264043637505327,-1.0015165822531258
2008-05-02 20:00:00+00:00,ME02,-0.02126769664751162,-0.846622511501958,-0.08597283260929492,-0.24091356189433766,-0.15769767603899065,0.6448894342658672,0.8431134236307837,-0.10264043637505327,-1.0015165822531258
2008-05-02 20:10:00+00:00,ME02,-0.02272538358349806,-0.8922843618795598,-0.06834779827121576,-0.24091356189433766,-0.15769767603899065,0.6448894342658672,0.8431134236307837,-0.10264043637505327,-1.0015165822531258
2008-05-02 20:20:00+00:00,ME02,-0.024402855867085915,1.3445212626813439,-0.21229840665438499,-0.24091356189433766,-0.15769767603899065,0.6448894342658672,0.8431134236307837,-0.10264043637505327,-1.0015165822531258
2008-05-02 20:30:00+00:00,ME02,-0.020954680060027472,0.2695717818210577,-0.249800522190231,-0.24091356189433766,-0.15769767603899065,0.6448894342658672,0.8431134236307837,-0.10264043637505327,-1.0015165822531258
2008-05-02 20:40:00+00:00,ME02,-0.022334551858579094,1.973027695633951,-0.10596553028316802,-0.24091356189433766,-0.15769767603899065,0.6448894342658672,0.8431134236307837,-0.10264043637505327,-1.0015165822531258
2008-05-02 20:50:00+00:00,ME02,-0.022507810379076124,0.3385802309870703,-0.02489699053797761,-0.24091356189433766,-0.15769767603899065,0.6448894342658672,0.8431134236307837,-0.10264043637505327,-1.0015165822531258
2008-05-02 21:00:00+00:00,ME02,-0.02377958602706034,1.325900340057403,-0.14638006892860495,-0.024100958164797036,-0.11843157949460834,0.6406605890585889,-0.6744907594765952,-0.10264043637505327,-1.0015165822531258
2008-05-02 21:10:00+00:00,ME02,-0.023348118612557464,-0.6326544763609497,-0.14340671319546203,-0.024100958164797036,-0.11843157949460834,0.6406605890585889,-0.6744907594765952,-0.10264043637505327,-1.0015165822531258
2008-05-02 21:20:00+00:00,ME02,-0.02195672792382994,-0.6889703788733673,-0.11413881623519077,-0.024100958164797036,-0.11843157949460834,0.6406605890585889,-0.6744907594765952,-0.10264043637505327,-1.0015165822531258
2008-05-02 21:30:00+00:00,ME02,-0.023890558150062368,1.3412838476944595,-0.13163185756919127,-0.024100958164797036,-0.11843157949460834,0.6406605890585889,-0.6744907594765952,-0.10264043637505327,-1.0015165822531258
2008-05-02 21:40:00+00:00,ME02,-0.02252717756775718,-0.4986623711765719,-0.03904425678178401,-0.024100958164797036,-0.11843157949460834,0.6406605890585889,-0.6744907594765952,-0.10264043637505327,-1.0015165822531258
2008-05-02 21:50:00+00:00,ME02,-0.02037601509425463,1.9984160850958668,-0.08371413503337416,-0.024100958164797036,-0.11843157949460834,0.6406605890585889,-0.6744907594765952,-0.10264043637505327,-1.0015165822531258
2008-05-02 22:00:00+00:00,ME02,-0.022157676767819396,-0.7997992529711626,-0.22475714970287308,-0.4577261656238769,-0.03483280187243087,0.6364317438513442,0.8431134236307837,-0.10264043637505327,-1.0015165822531258
2008-05-02 22:10:00+00:00,ME02,-0.021885545490255273,-0.9271670848055708,-0.14016986435382928,-0.4577261656238769,-0.03483280187243087,0.6364317438513442,0.8431134236307837,-0.10264043637505327,-1.0015165822531258
2008-05-02 22:20:00+00:00,ME02,-0.025602110751086316,0.8254329448131135,-0.17654104782318567,-0.4577261656238769,-0.03483280187243087,0.6364317438513442,0.8431134236307837,-0.10264043637505327,-1.0015165822531258
2008-05-02 22:30:00+00:00,ME02,-0.024120861992600082,-0.4749438647736767,-0.0932237527836879,-0.4577261656238769,-0.03483280187243087,0.6364317438513442,0.8431134236307837,-0.10264043637505327,-1.0015165822531258
2008-05-02 22:40:00+00:00,ME02,-0.022414823903360675,2.112440796285708,-0.033873467334975274,-0.4577261656238769,-0.03483280187243087,0.6364317438513442,0.8431134236307837,-0.10264043637505327,-1.0015165822531258
2008-05-02 22:50:00+00:00,ME02,-0.02310910198957859,-0.41405472431255,0.02409759347793597,-0.4577261656238769,-0.03483280187243087,0.6364317438513442,0.8431134236307837,-0.10264043637505327,-1.0015165822531258
2008-05-02 23:00:00+00:00,ME02,-0.022459765110392774,-0.9416678733643019,-0.21346560505915474,-0.048201916329595404,-0.04243254585169026,0.6618045194748704,0.5058680953224068,-0.10264043637505327,-1.0015165822531258
2008-05-02 23:10:00+00:00,ME02,-0.023912470090708564,1.2552923017213682,-0.16988827324412936,-0.048201916329595404,-0.04243254585169026,0.6618045194748704,0.5058680953224068,-0.10264043637505327,-1.0015165822531258
2008-05-02 23:20:00+00:00,ME02,-0.022264435151301214,-0.8743536539911714,-0.06984105176421627,-0.048201916329595404,-0.04243254585169026,0.6618045194748704,0.5058680953224068,-0.10264043637505327,-1.0015165822531258
2008-05-02 23:30:00+00:00,ME02,-0.019072498820490915,1.7942141337540598,-0.15808226123394342,-0.048201916329595404,-0.04243254585169026,0.6618045194748704,0.5058680953224068,-0.10264043637505327,-1.0015165822531258
2008-05-02 23:40:00+00:00,ME02,-0.02047735327572385,-0.20917133654467496,-0.0779210831787489,-0.048201916329595404,-0.04243254585169026,0.6618045194748704,0.5058680953224068,-0.10264043637505327,-1.0015165822531258
2008-05-02 23:50:00+00:00,ME02,-0.02102188226024262,0.0022156965061416833,-0.03973188733303587,-0.048201916329595404,-0.04243254585169026,0.6618045194748704,0.5058680953224068,-0.10264043637505327,-1.0015165822531258
2008-05-03 00:00:00+00:00,ME02,-0.020383490502391882,1.127492375612532,-0.14869472085501986,-0.048201916329595404,-0.027232792251450786,0.5645425578080866,0.0,-0.10264043637505327,-1.2672250632590574
2008-05-03 00:10:00+00:00,ME02,-0.022331980938029832,-0.7556127024870748,-0.14461490910710326,-0.048201916329595404,-0.027232792251450786,0.5645425578080866,0.0,-0.10264043637505327,-1.2672250632590574
2008-05-03 00:20:00+00:00,ME02,-0.023098320017093575,1.7115713916176627,-0.2863729902675836,-0.048201916329595404,-0.027232792251450786,0.5645425578080866,0.0,-0.10264043637505327,-1.2672250632590574
2008-05-03 00:30:00+00:00,ME02,-0.02235865266678775,-0.6209637487028479,-0.14644556302770545,-0.048201916329595404,-0.027232792251450786,0.5645425578080866,0.0,-0.10264043637505327,-1.2672250632590574
2008-05-03 00:40:00+00:00,ME02,-0.020520199676257397,0.8489285311479188,-0.0840132820460999,-0.048201916329595404,-0.027232792251450786,0.5645425578080866,0.0,-0.10264043637505327,-1.2672250632590574
2008-05-03 00:50:00+00:00,ME02,-0.024036435291189213,-0.12841101885010808,-0.17726683748714842,-0.048201916329595404,-0.027232792251450786,0.5645425578080866,0.0,-0.10264043637505327,-1.2672250632590574
2008-05-03 01:00:00+00:00,ME02,-0.024651209793824593,-0.9698882459683879,-0.09984380058700294,-0.24091356189433766,-0.048765975749747066,0.5053396117665876,-0.6744907594765952,-0.10264043637505327,-1.2672250632590574
2008-05-03 01:10:00+00:00,ME02,-0.023095931695077548,1.8316448249985569,-0.11088201794144283,-0.24091356189433766,-0.048765975749747066,0.5053396117665876,-0.6744907594765952,-0.10264043637505327,-1.2672250632590574
2008-05-03 01:20:00+00:00,ME02,-0.0217210486322887,-0.9681659040299053,-0.1998086022297587,-0.24091356189433766,-0.048765975749747066,0.5053396117665876,-0.6744907594765952,-0.10264043637505327,-1.2672250632590574
2008-05-03 01:30:00+00:00,ME02,-0.022661929103973195,2.2484324098309982,-0.1875771414890533,-0.24091356189433766,-0.048765975749747066,0.5053396117665876,-0.6744907594765952,-0.10264043637505327,-1.2672250632590574
2008-05-03 01:40:00+00:00,ME02,-0.023756327370021795,-0.27657375727706096,-0.15787192219120402,-0.24091356189433766,-0.048765975749747066,0.5053396117665876,-0.6744907594765952,-0.10264043637505327,-1.2672250632590574
2008-05-03 01:50:00+00:00,ME02,-0.021720583470316013,0.06746062874715081,-0.1935039467208333,-0.24091356189433766,-0.048765975749747066,0.5053396117665876,-0.6744907594765952,-0.10264043637505327,-1.2672250632590574
2008-05-03 02:00:00+00:00,ME02,-0.022911801043548997,2.3921577415543056,-0.3903680320690266,0.1445097292351455,-0.01963304827219139,0.4292215805160517,-0.6744907594765952,-0.10264043637505327,-1.2672250632590574
2008-05-03 02:10:00+00:00,ME02,-0.02088487832599782,-0.9115574026611769,-0.3440663943287153,0.1445097292351455,-0.01963304827219139,0.4292215805160517,-0.6744907594765952,-0.10264043637505327,-1.2672250632590574
2008-05-03 02:20:00+00:00,ME02,-0.02364669218661484,0.36999748766752194,-0.29586097590643007,0.1445097292351455,-0.01963304827219139,0.4292215805160517,-0.6744907594765952,-0.10264043637505327,-1.2672250632590574
2008-05-03 02:30:00+00:00,ME02,-0.02547462255353985,-0.26067259754806915,-0.303162322010182,0.1445097292351455,-0.01963304827219139,0.4292215805160517,-0.6744907594765952,-0.10264043637505327,-1.2672250632590574
2008-05-03 02:40:00+00:00,ME02,-0.023556865317049265,-0.2255799155652671,-0.2917341449367312,0.1445097292351455,-0.01963304827219139,0.4292215805160517,-0.6744907594765952,-0.10264043637505327,-1.2672250632590574
2008-05-03 02:50:00+00:00,ME02,-0.024360564632622813,1.4731930675903946,-0.267326572382099,0.1445097292351455,-0.01963304827219139,0.4292215805160517,-0.6744907594765952,-0.10264043637505327,-1.2672250632590574
2008-05-03 03:00:00+00:00,ME02,-0.025446904342687815,-1.0007540185180699,-0.2263351972357871,0.1204567809471695,-0.09056523173997547,0.3784760292689991,-0.6744907594765952,-0.10264043637505327,-1.2672250632590574
2008-05-03 03:10:00+00:00,ME02,-0.023191384160027077,1.6316915346164826,-0.3444093139561614,0.1204567809471695,-0.09056523173997547,0.3784760292689991,-0.6744907594765952,-0.10264043637505327,-1.2672250632590574
2008-05-03 03:20:00+00:00,ME02,-0.02552524284670697,-1.0700192325166367,-0.35801895772883824,0.1204567809471695,-0.09056523173997547,0.3784760292689991,-0.6744907594765952,-0.10264043637505327,-1.2672250632590574
2008-05-03 03:30:00+00:00,ME02,-0.023723288794336182,-0.4122439553685645,-0.455634830117866,0.1204567809471695,-0.09056523173997547,0.3784760292689991,-0.6744907594765952,-0.10264043637505327,-1.2672250632590574
2008-05-03 03:40:00+00:00,ME02,-0.02344769862677493,1.835051550434066,-0.4156180407349485,0.1204567809471695,-0.09056523173997547,0.3784760292689991,-0.6744907594765952,-0.10264043637505327,-1.2672250632590574
2008-05-03 03:50:00+00:00,ME02,-0.02520719380505941,-0.2785773161603221,-0.35987057813827633,0.1204567809471695,-0.09056523173997547,0.3784760292689991,-0.6744907594765952,-0.10264043637505327,-1.2672250632590574
2008-05-03 04:00:00+00:00,ME02,-0.024017527266150203,1.1090786430986308,-0.46218489383858113,-0.024100958164797036,-0.09816524136095554,0.42499273530880693,-0.6744907594765952,-0.10264043637505327,-1.2672250632590574
2008-05-03 04:10:00+00:00,ME02,-0.024968964928792213,0.17532373710105484,-0.6282901908877955,-0.024100958164797036,-0.09816524136095554,0.42499273530880693,-0.6744907594765952,-0.10264043637505327,-1.2672250632590574
2008-05-03 04:20:00+00:00,ME02,-0.027071783671353628,1.6876923669292145,-0.7969111203678397,-0.024100958164797036,-0.09816524136095554,0.42499273530880693,-0.6744907594765952,-0.10264043637505327,-1.2672250632590574
2008-05-03 04:30:00+00:00,ME02,-0.025946483631905465,-0.21294348765312326,-0.6321372481210872,-0.024100958164797036,-0.09816524136095554,0.42499273530880693,-0.6744907594765952,-0.10264043637505327,-1.2672250632590574
2008-05-03 04:40:00+00:00,ME02,-0.02340209925075293,-0.08854951468849974,-0.29475786007275095,-0.024100958164797036,-0.09816524136095554,0.42499273530880693,-0.6744907594765952,-0.10264043637505327,-1.2672250632590574
2008-05-03 04:50:00+00:00,ME02,-0.0211478708286341,1.1109866436401652,-0.3499396350008566,-0.024100958164797036,-0.09816524136095554,0.42499273530880693,-0.6744907594765952,-0.10264043637505327,-1.2672250632590574
2008-05-03 05:00:00+00:00,ME02,-0.024990605947477033,-1.0430100480844624,-0.5979628900601358,0.6022358948590224,-0.4122942793577333,0.5729999526025331,-0.33724532830837683,-0.10264043637505327,-1.2672250632590574
2008-05-03 05:10:00+00:00,ME02,-0.027416577957465816,0.7358995033298718,-0.7002741145278734,0.6022358948590224,-0.4122942793577333,0.5729999526025331,-0.33724532830837683,-0.10264043637505327,-1.2672250632590574
2008-05-03 05:20:00+00:00,ME02,-0.02713085905748156,-0.751424125659234,-0.7274333616318088,0.6022358948590224,-0.4122942793577333,0.5729999526025331,-0.33724532830837683,-0.10264043637505327,-1.2672250632590574
2008-05-03 05:30:00+00:00,ME02,-0.027781582389579246,1.047817783899481,-0.867720905086537,0.6022358948590224,-0.4122942793577333,0.5729999526025331,-0.33724532830837683,-0.10264043637505327,-1.2672250632590574
2008-05-03 05:40:00+00:00,ME02,-0.02627935485396834,0.11537116324835195,-0.7347230083733768,0.6022358948590224,-0.4122942793577333,0.5729999526025331,-0.33724532830837683,-0.10264043637505327,-1.2672250632590574
2008-05-03 05:50:00+00:00,ME02,-0.028230292701770642,-0.0008396177441006556,-0.9228379003462537,0.6022358948590224,-0.4122942793577333,0.5729999526025331,-0.33724532830837683,-0.10264043637505327,-1.2672250632590574
2008-05-03 06:00:00+00:00,ME02,-0.02765636044165583,0.7456674860450354,-0.8893293704001214,0.3613223329646848,0.5921586943982013,0.8182694271831532,2.1920949425839744,-0.10264043637505327,-1.420518417685556
2008-05-03 06:10:00+00:00,ME02,-0.02813025698228428,-1.0589268848465119,-0.7596456055173503,0.3613223329646848,0.5921586943982013,0.8182694271831532,2.1920949425839744,-0.10264043637505327,-1.420518417685556
2008-05-03 06:20:00+00:00,ME02,-0.02500299665245182,1.2965920784553002,-0.6236855761121234,0.3613223329646848,0.5921586943982013,0.8182694271831532,2.1920949425839744,-0.10264043637505327,-1.420518417685556
2008-05-03 06:30:00+00:00,ME02,-0.022367544989072775,-0.3628523853386208,-0.20387045694949657,0.3613223329646848,0.5921586943982013,0.8182694271831532,2.1920949425839744,-0.10264043637505327,-1.420518417685556
2008-05-03 06:40:00+00:00,ME02,-0.021240024336039862,-0.49191588762345034,0.08395827302732539,0.3613223329646848,0.5921586943982013,0.8182694271831532,2.1920949425839744,-0.10264043637505327,-1.420518417685556
2008-05-03 06:50:00+00:00,ME02,-0.013698991866959566,0.16905357087533895,0.38768731386616423,0.3613223329646848,0.5921586943982013,0.8182694271831532,2.1920949425839744,-0.10264043637505327,-1.420518417685556
2008-05-03 07:00:00+00:00,ME02,-0.016012488468996684,-0.7422690778974124,0.7118830525181081,0.3613223329646848,0.9075543121179015,0.9451330096807081,-0.04215566603854705,-0.10264043637505327,-1.420518417685556
2008-05-03 07:10:00+00:00,ME02,-0.015992322954425677,0.3974498383683864,0.6725568412891111,0.3613223329646848,0.9075543121179015,0.9451330096807081,-0.04215566603854705,-0.10264043637505327,-1.420518417685556
2008-05-03 07:20:00+00:00,ME02,-0.018237117082714114,1.5767280596501991,0.5559532823555143,0.3613223329646848,0.9075543121179015,0.9451330096807081,-0.04215566603854705,-0.10264043637505327,-1.420518417685556
2008-05-03 07:30:00+00:00,ME02,-0.015981580789662223,-0.8178158946742712,0.7480421251155951,0.3613223329646848,0.9075543121179015,0.9451330096807081,-0.04215566603854705,-0.10264043637505327,-1.420518417685556
2008-05-03 07:40:00+00:00,ME02,-0.00872778317209216,1.5624110220704863,0.427996260825859,0.3613223329646848,0.9075543121179015,0.9451330096807081,-0.04215566603854705,-0.10264043637505327,-1.420518417685556
2008-05-03 07:50:00+00:00,ME02,-0.015894335573078476,2.2771259492665696,0.5961932620448195,0.3613223329646848,0.9075543121179015,0.9451330096807081,-0.04215566603854705,-0.10264043637505327,-1.420518417685556
2008-05-03 08:00:00+00:00,ME02,-0.01082768713289707,-0.00297811319328354,1.6624954671050114,-0.048201916329595404,1.594078508708289,1.0677677469710183,0.2107783301927356,-0.10264043637505327,-1.420518417685556
2008-05-03 08:10:00+00:00,ME02,-0.00188586248344229,0.5663732630898254,1.3759424798611586,-0.048201916329595404,1.594078508708289,1.0677677469710183,0.2107783301927356,-0.10264043637505327,-1.420518417685556
2008-05-03 08:20:00+00:00,ME02,-0.009178661055827578,0.7435382717914674,0.9616478618962051,-0.048201916329595404,1.594078508708289,1.0677677469710183,0.2107783301927356,-0.10264043637505327,-1.420518417685556
2008-05-03 08:30:00+00:00,ME02,-0.0016452112905604428,-0.24283489943160744,0.34772464599669756,-0.048201916329595404,1.594078508708289,1.0677677469710183,0.2107783301927356,-0.10264043637505327,-1.420518417685556
2008-05-03 08:40:00+00:00,ME02,-0.015200858131284547,0.9392796447126325,-0.8612353971104418,-0.048201916329595404,1.594078508708289,1.0677677469710183,0.2107783301927356,-0.10264043637505327,-1.420518417685556
2008-05-03 08:50:00+00:00,ME02,-0.024461946131254634,0.6651177723848799,-1.2796600770967188,-0.048201916329595404,1.594078508708289,1.0677677469710183,0.2107783301927356,-0.10264043637505327,-1.420518417685556
2008-05-03 09:00:00+00:00,ME02,-0.024197132294018757,0.13633808067378628,-0.9366733992027768,-0.43362520745907857,1.594078508708289,1.0212510409312439,1.0960475227219078,-0.10264043637505327,-1.420518417685556
2008-05-03 09:10:00+00:00,ME02,-0.026093341976891962,0.7559998147666853,-1.0345001411009975,-0.43362520745907857,1.594078508708289,1.0212510409312439,1.0960475227219078,-0.10264043637505327,-1.420518417685556
2008-05-03 09:20:00+00:00,ME02,-0.021375217383653985,2.147656890975738,-0.518467658056443,-0.43362520745907857,1.594078508708289,1.0212510409312439,1.0960475227219078,-0.10264043637505327,-1.420518417685556
2008-05-03 09:30:00+00:00,ME02,-0.016696928560773976,-0.2299765472894053,0.031611668048485,-0.43362520745907857,1.594078508708289,1.0212510409312439,1.0960475227219078,-0.10264043637505327,-1.420518417685556
2008-05-03 09:40:00+00:00,ME02,-0.022900143869597846,0.9845028316100252,-0.2026413627427501,-0.43362520745907857,1.594078508708289,1.0212510409312439,1.0960475227219078,-0.10264043637505327,-1.420518417685556
2008-05-03 09:50:00+00:00,ME02,-0.020115735499914404,1.0637132238653821,-0.03226836795293936,-0.43362520745907857,1.594078508708289,1.0212510409312439,1.0960475227219078,-0.10264043637505327,-1.420518417685556
2008-05-03 10:00:00+00:00,ME02,-0.01850252275980635,-0.14021710380654648,0.21590737384914058,-0.43362520745907857,1.806875590395083,0.9916494201004393,-0.4215567632453126,-0.10264043637505327,-1.420518417685556
2008-05-03 10:10:00+00:00,ME02,-0.022336546660852215,0.22365077497701838,-0.21724635692130076,-0.43362520745907857,1.806875590395083,0.9916494201004393,-0.4215567632453126,-0.10264043637505327,-1.420518417685556
2008-05-03 10:20:00+00:00,ME02,-0.0248866816549346,-0.05664787322556208,-0.7635053627688452,-0.43362520745907857,1.806875590395083,0.9916494201004393,-0.4215567632453126,-0.10264043637505327,-1.420518417685556
2008-05-03 10:30:00+00:00,ME02,-0.028579885611045904,2.8362768672997514,-1.4243219617916012,-0.43362520745907857,1.806875590395083,0.9916494201004393,-0.4215567632453126,-0.10264043637505327,-1.420518417685556
2008-05-03 10:40:00+00:00,ME02,-0.03754288623103041,1.468743477190439,-3.061874273331447,-0.43362520745907857,1.806875590395083,0.9916494201004393,-0.4215567632453126,-0.10264043637505327,-1.420518417685556
2008-05-03 10:50:00+00:00,ME02,-0.054773573250420975,3.1696804627834387,-5.204882769073411,-0.43362520745907857,1.806875590395083,0.9916494201004393,-0.4215567632453126,-0.10264043637505327,-1.420518417685556
2008-05-03 11:00:00+00:00,ME02,-0.05814156367898589,0.6804520863735967,-5.605120075671843,-0.40952424929428016,1.4484136056787895,0.9620480948897113,3.9204775587439302,-0.10264043637505327,-1.420518417685556
2008-05-03 11:10:00+00:00,ME02,-0.060290487461378266,-1.3622190669803924,-5.906793101322876,-0.40952424929428016,1.4484136056787895,0.9620480948897113,3.9204775587439302,-0.10264043637505327,-1.420518417685556
2008-05-03 11:20:00+00:00,ME02,-0.062172010539235795,-1.7004680224943804,-6.0918545252843295,-0.40952424929428016,1.4484136056787895,0.9620480948897113,3.9204775587439302,-0.10264043637505327,-1.420518417685556
2008-05-03 11:30:00+00:00,ME02,-0.05935076893226531,0.7626486818814783,-5.983253323155553,-0.40952424929428016,1.4484136056787895,0.9620480948897113,3.9204775587439302,-0.10264043637505327,-1.420518417685556
2008-05-03 11:40:00+00:00,ME02,-0.06067762795935826,-1.1390745466310062,-5.94016460962517,-0.40952424929428016,1.4484136056787895,0.9620480948897113,3.9204775587439302,-0.10264043637505327,-1.420518417685556
2008-05-03 11:50:00+00:00,ME02,-0.05747163695235313,0.9628697609144118,-5.651839404212869,-0.40952424929428016,1.4484136056787895,0.9620480948897113,3.9204775587439302,-0.10264043637505327,-1.420518417685556
2008-05-03 12:00:00+00:00,ME02,-0.05967429143025387,-1.4802096094216888,-6.002496845016085,-0.578134936694224,1.6042116777751156,0.9451330096807081,4.8057467512731025,-0.10264043637505327,-1.573811772112055
2008-05-03 12:10:00+00:00,ME02,-0.05871723956847501,-1.6756621528169389,-5.895796531092107,-0.578134936694224,1.6042116777751156,0.9451330096807081,4.8057467512731025,-0.10264043637505327,-1.573811772112055
2008-05-03 12:20:00+00:00,ME02,-0.057628176703498894,1.1030367915404105,-5.973575301503798,-0.578134936694224,1.6042116777751156,0.9451330096807081,4.8057467512731025,-0.10264043637505327,-1.573811772112055
2008-05-03 12:30:00+00:00,ME02,-0.05798885940073556,-1.1139923938362692,-6.105818910803246,-0.578134936694224,1.6042116777751156,0.9451330096807081,4.8057467512731025,-0.10264043637505327,-1.573811772112055
2008-05-03 12:40:00+00:00,ME02,-0.05918217673541459,0.7764493443024731,-5.924282730962899,-0.578134936694224,1.6042116777751156,0.9451330096807081,4.8057467512731025,-0.10264043637505327,-1.573811772112055
2008-05-03 12:50:00+00:00,ME02,-0.06020216609801615,-1.1763741886223809,-6.000776176916701,-0.578134936694224,1.6042116777751156,0.9451330096807081,4.8057467512731025,-0.10264043637505327,-1.573811772112055
2008-05-03 13:00:00+00:00,ME02,-0.06127346894426511,-1.6570122952713933,-6.085508665367303,-1.541741174394753,1.7156768031519254,0.847871048013958,5.395926075812762,-0.10264043637505327,-1.573811772112055
2008-05-03 13:10:00+00:00,ME02,-0.06040656524361531,1.3933255782927092,-6.031324839158061,-1.541741174394753,1.7156768031519254,0.847871048013958,5.395926075812762,-0.10264043637505327,-1.573811772112055
2008-05-03 13:20:00+00:00,ME02,-0.0628289916239971,-1.706987623468559,-5.846591170384232,-1.541741174394753,1.7156768031519254,0.847871048013958,5.395926075812762,-0.10264043637505327,-1.573811772112055
2008-05-03 13:30:00+00:00,ME02,-0.061178649021870084,1.2983136695865822,-5.872992826176733,-1.541741174394753,1.7156768031519254,0.847871048013958,5.395926075812762,-0.10264043637505327,-1.573811772112055
2008-05-03 13:40:00+00:00,ME02,-0.06040983937162047,-1.2248161586451942,-6.001309977833769,-1.541741174394753,1.7156768031519254,0.847871048013958,5.395926075812762,-0.10264043637505327,-1.573811772112055
2008-05-03 13:50:00+00:00,ME02,-0.06156769301298488,-0.7986464085520302,-6.031251556404404,-1.541741174394753,1.7156768031519254,0.847871048013958,5.395926075812762,-0.10264043637505327,-1.573811772112055
2008-05-03 14:00:00+00:00,ME02,-0.059182605158102204,1.5146806768336685,-5.721504842326416,-1.565794122682729,1.5826784942768188,0.6744907594765952,1.9391609463526915,-0.10264043637505327,-1.573811772112055
2008-05-03 14:10:00+00:00,ME02,-0.058901944612597096,-1.607811547910887,-5.8301818525155715,-1.565794122682729,1.5826784942768188,0.6744907594765952,1.9391609463526915,-0.10264043637505327,-1.573811772112055
2008-05-03 14:20:00+00:00,ME02,-0.05616418001277733,0.6985706441880547,-5.9215822512624054,-1.565794122682729,1.5826784942768188,0.6744907594765952,1.9391609463526915,-0.10264043637505327,-1.573811772112055
2008-05-03 14:30:00+00:00,ME02,-0.05650683230984769,-0.16422648785084082,-5.918239683749908,-1.565794122682729,1.5826784942768188,0.6744907594765952,1.9391609463526915,-0.10264043637505327,-1.573811772112055
2008-05-03 14:40:00+00:00,ME02,-0.06049546183452981,-0.4603374973637879,-5.994091839461085,-1.565794122682729,1.5826784942768188,0.6744907594765952,1.9391609463526915,-0.10264043637505327,-1.573811772112055
2008-05-03 14:50:00+00:00,ME02,-0.05829802301719971,0.598014321615538,-5.878009634710447,-1.565794122682729,1.5826784942768188,0.6744907594765952,1.9391609463526915,-0.10264043637505327,-1.573811772112055
2008-05-03 15:00:00+00:00,ME02,-0.0566850300432687,1.2363005420949003,-5.557932067679675,-1.035861102318101,1.6105448420314523,0.5941438830188146,-0.04215566603854705,-0.10264043637505327,-1.573811772112055
2008-05-03 15:10:00+00:00,ME02,-0.05615510727619986,1.1949879434828656,-5.274136232692806,-1.035861102318101,1.6105448420314523,0.5941438830188146,-0.04215566603854705,-0.10264043637505327,-1.573811772112055
2008-05-03 15:20:00+00:00,ME02,-0.056101214297716154,-1.2967074921761574,-4.864100379428791,-1.035861102318101,1.6105448420314523,0.5941438830188146,-0.04215566603854705,-0.10264043637505327,-1.573811772112055
2008-05-03 15:30:00+00:00,ME02,-0.04967750901648659,-1.303655615522296,-4.172014360271432,-1.035861102318101,1.6105448420314523,0.5941438830188146,-0.04215566603854705,-0.10264043637505327,-1.573811772112055
2008-05-03 15:40:00+00:00,ME02,-0.055834867512120225,0.985967938076338,-5.016044693219314,-1.035861102318101,1.6105448420314523,0.5941438830188146,-0.04215566603854705,-0.10264043637505327,-1.573811772112055
2008-05-03 15:50:00+00:00,ME02,-0.047955654495255864,1.1201630792502604,-3.779671609179156,-1.035861102318101,1.6105448420314523,0.5941438830188146,-0.04215566603854705,-0.10264043637505327,-1.573811772112055
2008-05-03 16:00:00+00:00,ME02,-0.03675865905822704,0.729508282941491,-2.037777779685357,-1.324928570665213,1.4002809197905046,0.6491182794731456,-0.46371242928385975,-0.10264043637505327,-1.573811772112055
2008-05-03 16:10:00+00:00,ME02,-0.03605508950528952,-0.7895668060587658,-2.1202981638800567,-1.324928570665213,1.4002809197905046,0.6491182794731456,-0.46371242928385975,-0.10264043637505327,-1.573811772112055
2008-05-03 16:20:00+00:00,ME02,-0.03185270998462939,-0.8615540590771894,-1.874597375828309,-1.324928570665213,1.4002809197905046,0.6491182794731456,-0.46371242928385975,-0.10264043637505327,-1.573811772112055
2008-05-03 16:30:00+00:00,ME02,-0.030455136246727833,-0.07450821772750837,-1.4093415324792513,-1.324928570665213,1.4002809197905046,0.6491182794731456,-0.46371242928385975,-0.10264043637505327,-1.573811772112055
2008-05-03 16:40:00+00:00,ME02,-0.02805889597935433,-0.6341495389031282,-1.3417790638021372,-1.324928570665213,1.4002809197905046,0.6491182794731456,-0.46371242928385975,-0.10264043637505327,-1.573811772112055
2008-05-03 16:50:00+00:00,ME02,-0.028733329245398488,0.9642042958220047,-1.016789834356602,-1.324928570665213,1.4002809197905046,0.6491182794731456,-0.46371242928385975,-0.10264043637505327,-1.573811772112055
2008-05-03 17:00:00+00:00,ME02,-0.02420105309694952,-0.899534672009121,-0.6442639293204909,-1.1803708315532457,0.9746867564169166,0.49688192135203085,-0.5480237613609539,-0.10264043637505327,-1.573811772112055
2008-05-03 17:10:00+00:00,ME02,-0.022198727425672575,-0.5210860309949167,-0.44070833476110344,-1.1803708315532457,0.9746867564169166,0.49688192135203085,-0.5480237613609539,-0.10264043637505327,-1.573811772112055
2008-05-03 17:20:00+00:00,ME02,-0.023033112463695774,0.8028058404623182,-0.3213359891177603,-1.1803708315532457,0.9746867564169166,0.49688192135203085,-0.5480237613609539,-0.10264043637505327,-1.573811772112055
2008-05-03 17:30:00+00:00,ME02,-0.02028709902494413,-0.6078603477991483,-0.18061494860266317,-1.1803708315532457,0.9746867564169166,0.49688192135203085,-0.5480237613609539,-0.10264043637505327,-1.573811772112055
2008-05-03 17:40:00+00:00,ME02,-0.02045206146990799,1.9043635735441498,-0.08446905413701104,-1.1803708315532457,0.9746867564169166,0.49688192135203085,-0.5480237613609539,-0.10264043637505327,-1.573811772112055
2008-05-03 17:50:00+00:00,ME02,-0.022831584128665924,-0.613098442869772,-0.21620271544822844,-1.1803708315532457,0.9746867564169166,0.49688192135203085,-0.5480237613609539,-0.10264043637505327,-1.573811772112055
2008-05-03 18:00:00+00:00,ME02,-0.023222430165942633,-0.9900482395790553,-0.25808960526524755,-0.6263368530238195,0.1906308739687561,0.49688192135203085,-0.6744907594765952,-0.10264043637505327,-1.727105126538554
2008-05-03 18:10:00+00:00,ME02,-0.02304929593829713,2.13755324138814,-0.2776391534775058,-0.6263368530238195,0.1906308739687561,0.49688192135203085,-0.6744907594765952,-0.10264043637505327,-1.727105126538554
2008-05-03 18:20:00+00:00,ME02,-0.019949090222900156,-0.7544663602233498,-0.10733411520591712,-0.6263368530238195,0.1906308739687561,0.49688192135203085,-0.6744907594765952,-0.10264043637505327,-1.727105126538554
2008-05-03 18:30:00+00:00,ME02,-0.021218206435735243,1.1574743144499087,-0.11147586068169914,-0.6263368530238195,0.1906308739687561,0.49688192135203085,-0.6744907594765952,-0.10264043637505327,-1.727105126538554
2008-05-03 18:40:00+00:00,ME02,-0.020588184738579453,-0.5157175888352719,-5.421951729250494e-06,-0.6263368530238195,0.1906308739687561,0.49688192135203085,-0.6744907594765952,-0.10264043637505327,-1.727105126538554
2008-05-03 18:50:00+00:00,ME02,-0.019498214257689557,-0.0928684107862339,-0.11516441413940423,-0.6263368530238195,0.1906308739687561,0.49688192135203085,-0.6744907594765952,-0.10264043637505327,-1.727105126538554
2008-05-03 19:00:00+00:00,ME02,-0.02135576629381114,1.4231354469387023,-0.1613546819889887,-0.8431494567533594,0.07156573897096616,0.6026015734333378,-0.6744907594765952,-0.10264043637505327,-1.727105126538554
2008-05-03 19:10:00+00:00,ME02,-0.021667609280035468,-0.8510158998265716,-0.2330702104147276,-0.8431494567533594,0.07156573897096616,0.6026015734333378,-0.6744907594765952,-0.10264043637505327,-1.727105126538554
2008-05-03 19:20:00+00:00,ME02,-0.022515288423120398,0.9450826210056749,-0.27134473036117546,-0.8431494567533594,0.07156573897096616,0.6026015734333378,-0.6744907594765952,-0.10264043637505327,-1.727105126538554
2008-05-03 19:30:00+00:00,ME02,-0.022194447144795255,-0.1778850130617627,-0.16960793841671062,-0.8431494567533594,0.07156573897096616,0.6026015734333378,-0.6744907594765952,-0.10264043637505327,-1.727105126538554
2008-05-03 19:40:00+00:00,ME02,-0.018593939074477848,1.8146187608379467,-0.10530183419811068,-0.8431494567533594,0.07156573897096616,0.6026015734333378,-0.6744907594765952,-0.10264043637505327,-1.727105126538554
2008-05-03 19:50:00+00:00,ME02,-0.02136982389858239,0.04788849632566823,-0.03307107365437253,-0.8431494567533594,0.07156573897096616,0.6026015734333378,-0.6744907594765952,-0.10264043637505327,-1.727105126538554
2008-05-03 20:00:00+00:00,ME02,-0.021011970512799228,-0.8240744910629592,-0.32645520210435924,-0.07230287449439378,0.0892989176587724,0.6829484498911184,-0.6744907594765952,-0.10264043637505327,-1.727105126538554
2008-05-03 20:10:00+00:00,ME02,-0.024652632600331025,1.8469387255080922,-0.33999535039065193,-0.07230287449439378,0.0892989176587724,0.6829484498911184,-0.6744907594765952,-0.10264043637505327,-1.727105126538554
2008-05-03 20:20:00+00:00,ME02,-0.023479412738273638,-0.9437499924989046,-0.26107034552422304,-0.07230287449439378,0.0892989176587724,0.6829484498911184,-0.6744907594765952,-0.10264043637505327,-1.727105126538554
2008-05-03 20:30:00+00:00,ME02,-0.023359795015778242,1.9282743699493003,-0.2633671964419225,-0.07230287449439378,0.0892989176587724,0.6829484498911184,-0.6744907594765952,-0.10264043637505327,-1.727105126538554
2008-05-03 20:40:00+00:00,ME02,-0.023504363886819698,0.27275584605145353,-0.17038762191601434,-0.07230287449439378,0.0892989176587724,0.6829484498911184,-0.6744907594765952,-0.10264043637505327,-1.727105126538554
2008-05-03 20:50:00+00:00,ME02,-0.02103029190197169,0.05675374934268866,-0.209137742819285,-0.07230287449439378,0.0892989176587724,0.6829484498911184,-0.6744907594765952,-0.10264043637505327,-1.727105126538554
2008-05-03 21:00:00+00:00,ME02,-0.020433048845108458,1.7198609056027307,-0.27784000636116246,-0.4577261656238769,0.06016599018121672,0.6618045194748704,0.7588020915536895,-0.10264043637505327,-1.727105126538554
2008-05-03 21:10:00+00:00,ME02,-0.021419409212187407,-1.0463174087096045,-0.28212600249875375,-0.4577261656238769,0.06016599018121672,0.6618045194748704,0.7588020915536895,-0.10264043637505327,-1.727105126538554
2008-05-03 21:20:00+00:00,ME02,-0.01980679355347366,1.1810294387164053,-0.210771874469828,-0.4577261656238769,0.06016599018121672,0.6618045194748704,0.7588020915536895,-0.10264043637505327,-1.727105126538554
2008-05-03 21:30:00+00:00,ME02,-0.02662817882189243,-0.2997555037639151,-0.25902461359667417,-0.4577261656238769,0.06016599018121672,0.6618045194748704,0.7588020915536895,-0.10264043637505327,-1.727105126538554
2008-05-03 21:40:00+00:00,ME02,-0.024006923421816016,-0.07708208904964434,-0.2949522123154154,-0.4577261656238769,0.06016599018121672,0.6618045194748704,0.7588020915536895,-0.10264043637505327,-1.727105126538554
2008-05-03 21:50:00+00:00,ME02,-0.02308386885142888,1.7788069993449425,-0.214778586799345,-0.4577261656238769,0.06016599018121672,0.6618045194748704,0.7588020915536895,-0.10264043637505327,-1.727105126538554
2008-05-03 22:00:00+00:00,ME02,-0.02338588600470816,-0.6335744422536176,-0.29108481998422847,-0.31316842651190907,0.07536574378145619,0.6237455038496192,1.433292851030285,-0.10264043637505327,-1.727105126538554
2008-05-03 22:10:00+00:00,ME02,-0.023270530705545415,0.8578734421005813,-0.3718401951316953,-0.31316842651190907,0.07536574378145619,0.6237455038496192,1.433292851030285,-0.10264043637505327,-1.727105126538554
2008-05-03 22:20:00+00:00,ME02,-0.023024272492137194,-1.026399282357113,-0.28506157708784274,-0.31316842651190907,0.07536574378145619,0.6237455038496192,1.433292851030285,-0.10264043637505327,-1.727105126538554
2008-05-03 22:30:00+00:00,ME02,-0.023190573071003997,0.27376555270150416,-0.345919568758535,-0.31316842651190907,0.07536574378145619,0.6237455038496192,1.433292851030285,-0.10264043637505327,-1.727105126538554
2008-05-03 22:40:00+00:00,ME02,-0.021495468688215127,1.050954734071411,-0.1750712238383866,-0.31316842651190907,0.07536574378145619,0.6237455038496192,1.433292851030285,-0.10264043637505327,-1.727105126538554
2008-05-03 22:50:00+00:00,ME02,-0.023586570024055783,-0.1578049948841483,-0.24168976555855523,-0.31316842651190907,0.07536574378145619,0.6237455038496192,1.433292851030285,-0.10264043637505327,-1.727105126538554
2008-05-03 23:00:00+00:00,ME02,-0.02245139397902792,0.966489836481853,-0.28964946875064235,-0.4577261656238769,-0.05129913519559362,0.5011107665593092,-0.6744907594765952,-0.10264043637505327,-1.727105126538554
2008-05-03 23:10:00+00:00,ME02,-0.024784642344043886,-1.097301313311671,-0.3161877294808765,-0.4577261656238769,-0.05129913519559362,0.5011107665593092,-0.6744907594765952,-0.10264043637505327,-1.727105126538554
2008-05-03 23:20:00+00:00,ME02,-0.023644566327704584,-0.8827591658497322,-0.32595565869493176,-0.4577261656238769,-0.05129913519559362,0.5011107665593092,-0.6744907594765952,-0.10264043637505327,-1.727105126538554
2008-05-03 23:30:00+00:00,ME02,-0.023239811777598197,1.023856061949647,-0.3537879203378338,-0.4577261656238769,-0.05129913519559362,0.5011107665593092,-0.6744907594765952,-0.10264043637505327,-1.727105126538554
2008-05-03 23:40:00+00:00,ME02,-0.0220489418532557,0.18611005040929252,-0.14512964807100345,-0.4577261656238769,-0.05129913519559362,0.5011107665593092,-0.6744907594765952,-0.10264043637505327,-1.727105126538554
2008-05-03 23:50:00+00:00,ME02,-0.020570385124566534,1.8212020957603265,-0.2268826243325484,-0.4577261656238769,-0.05129913519559362,0.5011107665593092,-0.6744907594765952,-0.10264043637505327,-1.727105126538554
2008-05-04 00:00:00+00:00,ME02,-0.021169649426800434,-0.9438475873094289,-0.3199497212689163,0.1445097292351455,-0.18429744407069978,0.37424718406172075,-0.6744907594765952,-0.10264043637505327,-1.880398480965053
2008-05-04 00:10:00+00:00,ME02,-0.023555860653345508,0.32878232349613584,-0.36068660504432853,0.1445097292351455,-0.18429744407069978,0.37424718406172075,-0.6744907594765952,-0.10264043637505327,-1.880398480965053
2008-05-04 00:20:00+00:00,ME02,-0.023687958633426865,-1.041394894381906,-0.32941483827448753,0.1445097292351455,-0.18429744407069978,0.37424718406172075,-0.6744907594765952,-0.10264043637505327,-1.880398480965053
2008-05-04 00:30:00+00:00,ME02,-0.024231213779342696,0.5681159344279858,-0.24922354451711504,0.1445097292351455,-0.18429744407069978,0.37424718406172075,-0.6744907594765952,-0.10264043637505327,-1.880398480965053
2008-05-04 00:40:00+00:00,ME02,-0.02299671398190747,0.40211454837414273,-0.09608139711553199,0.1445097292351455,-0.18429744407069978,0.37424718406172075,-0.6744907594765952,-0.10264043637505327,-1.880398480965053
2008-05-04 00:50:00+00:00,ME02,-0.02164257812659929,0.4256658690368272,-0.1033084763493113,0.1445097292351455,-0.18429744407069978,0.37424718406172075,-0.6744907594765952,-0.10264043637505327,-1.880398480965053
2008-05-04 01:00:00+00:00,ME02,-0.02404591093804342,1.7501041652546436,-0.3307804127747026,-0.048201916329595404,-0.25396304781556106,0.23046881197523938,-0.4215567632453126,-0.10264043637505327,-1.880398480965053
2008-05-04 01:10:00+00:00,ME02,-0.023371247128149187,-0.9648402244066199,-0.2880460732077773,-0.048201916329595404,-0.25396304781556106,0.23046881197523938,-0.4215567632453126,-0.10264043637505327,-1.880398480965053
2008-05-04 01:20:00+00:00,ME02,-0.023741109662111428,-0.812213840612095,-0.30015334958757994,-0.048201916329595404,-0.25396304781556106,0.23046881197523938,-0.4215567632453126,-0.10264043637505327,-1.880398480965053
2008-05-04 01:30:00+00:00,ME02,-0.022347125914024223,1.1792868642274472,-0.2426868211341232,-0.048201916329595404,-0.25396304781556106,0.23046881197523938,-0.4215567632453126,-0.10264043637505327,-1.880398480965053
2008-05-04 01:40:00+00:00,ME02,-0.020517545934679454,-0.019470220912055188,-0.08536163619523954,-0.048201916329595404,-0.25396304781556106,0.23046881197523938,-0.4215567632453126,-0.10264043637505327,-1.880398480965053
2008-05-04 01:50:00+00:00,ME02,-0.02311143426880211,1.699402888954547,-0.13174440720222838,-0.048201916329595404,-0.25396304781556106,0.23046881197523938,-0.4215567632453126,-0.10264043637505327,-1.880398480965053
2008-05-04 02:00:00+00:00,ME02,-0.02606006629620236,-1.026303505989155,0.28690397504898146,-0.048201916329595404,-0.2552298931802045,0.12052031468668771,-0.6744907594765952,-0.10264043637505327,-1.880398480965053
2008-05-04 02:10:00+00:00,ME02,-0.02362768990793515,-0.9066728906019504,-0.2709687606770888,-0.048201916329595404,-0.2552298931802045,0.12052031468668771,-0.6744907594765952,-0.10264043637505327,-1.880398480965053
2008-05-04 02:20:00+00:00,ME02,-0.022709290307497843,1.5362455953143093,-0.2696249660145548,-0.048201916329595404,-0.2552298931802045,0.12052031468668771,-0.6744907594765952,-0.10264043637505327,-1.880398480965053
2008-05-04 02:30:00+00:00,ME02,-0.02437135700472434,-0.27484370081606807,-0.1973319180712508,-0.048201916329595404,-0.2552298931802045,0.12052031468668771,-0.6744907594765952,-0.10264043637505327,-1.880398480965053
2008-05-04 02:40:00+00:00,ME02,-0.020165203125765172,1.3929858117734861,-0.07825050451752646,-0.048201916329595404,-0.2552298931802045,0.12052031468668771,-0.6744907594765952,-0.10264043637505327,-1.880398480965053
2008-05-04 02:50:00+00:00,ME02,-0.021547867972122898,0.2917155981271465,-0.0831387152633021,-0.048201916329595404,-0.2552298931802045,0.12052031468668771,-0.6744907594765952,-0.10264043637505327,-1.880398480965053
2008-05-04 03:00:00+00:00,ME02,-0.02503003000238106,-0.9679945285774698,-0.24479154784176596,0.3131684265119104,-0.3844279316031004,0.08246129906140298,-0.6744907594765952,-0.10264043637505327,-1.880398480965053
2008-05-04 03:10:00+00:00,ME02,-0.02300286198140169,1.1376990170126762,-0.29273230966730374,0.3131684265119104,-0.3844279316031004,0.08246129906140298,-0.6744907594765952,-0.10264043637505327,-1.880398480965053
2008-05-04 03:20:00+00:00,ME02,-0.0217075327039035,-0.8125828174376302,-0.2210749989249635,0.3131684265119104,-0.3844279316031004,0.08246129906140298,-0.6744907594765952,-0.10264043637505327,-1.880398480965053
2008-05-04 03:30:00+00:00,ME02,-0.0210123237566306,0.6989509662633059,-0.18730952530885592,0.3131684265119104,-0.3844279316031004,0.08246129906140298,-0.6744907594765952,-0.10264043637505327,-1.880398480965053
2008-05-04 03:40:00+00:00,ME02,-0.01953509253385491,0.3630990933392302,0.11759543066513556,0.3131684265119104,-0.3844279316031004,0.08246129906140298,-0.6744907594765952,-0.10264043637505327,-1.880398480965053
2008-05-04 03:50:00+00:00,ME02,-0.017444742960381485,0.3693913645851214,0.14513913927699038,0.3131684265119104,-0.3844279316031004,0.08246129906140298,-0.6744907594765952,-0.10264043637505327,-1.880398480965053
2008-05-04 04:00:00+00:00,ME02,-0.022243776655611766,1.4370819922933116,-0.10523768210476622,0.3131684265119104,-0.32869550173555584,0.1078340746849629,0.4215567632453126,-0.10264043637505327,-1.880398480965053
2008-05-04 04:10:00+00:00,ME02,-0.024212941058821526,-0.19395900167328706,-0.19583349747052134,0.3131684265119104,-0.32869550173555584,0.1078340746849629,0.4215567632453126,-0.10264043637505327,-1.880398480965053
2008-05-04 04:20:00+00:00,ME02,-0.02316155209380429,1.1778831265280523,-0.3219430103312106,0.3131684265119104,-0.32869550173555584,0.1078340746849629,0.4215567632453126,-0.10264043637505327,-1.880398480965053
2008-05-04 04:30:00+00:00,ME02,-0.02352634915672321,0.9136903129754481,-0.2482148696908391,0.3131684265119104,-0.32869550173555584,0.1078340746849629,0.4215567632453126,-0.10264043637505327,-1.880398480965053
2008-05-04 04:40:00+00:00,ME02,-0.0175496160496287,1.312326321306664,0.07923083027996684,0.3131684265119104,-0.32869550173555584,0.1078340746849629,0.4215567632453126,-0.10264043637505327,-1.880398480965053
2008-05-04 04:50:00+00:00,ME02,-0.02049484261714765,0.35792758699129,-0.06541962125868889,0.3131684265119104,-0.32869550173555584,0.1078340746849629,0.4215567632453126,-0.10264043637505327,-1.880398480965053
2008-05-04 05:00:00+00:00,ME02,-0.02511600911672726,-0.7760149264151223,-0.45675629316518845,0.3131684265119104,0.048765975749746594,0.23892620676971943,-0.12646699811564133,-0.10264043637505327,-1.880398480965053
2008-05-04 05:10:00+00:00,ME02,-0.02642155181545396,0.5058541233546862,-0.5413111656110293,0.3131684265119104,0.048765975749746594,0.23892620676971943,-0.12646699811564133,-0.10264043637505327,-1.880398480965053
2008-05-04 05:20:00+00:00,ME02,-0.027717837521211472,-0.8633077823886611,-0.8063086260075599,0.3131684265119104,0.048765975749746594,0.23892620676971943,-0.12646699811564133,-0.10264043637505327,-1.880398480965053
2008-05-04 05:30:00+00:00,ME02,-0.025795158715638065,1.2017464087088678,-0.9043651678356742,0.3131684265119104,0.048765975749746594,0.23892620676971943,-0.12646699811564133,-0.10264043637505327,-1.880398480965053
2008-05-04 05:40:00+00:00,ME02,-0.02726877462445898,0.2917662494942916,-0.9604738803656458,0.3131684265119104,0.048765975749746594,0.23892620676971943,-0.12646699811564133,-0.10264043637505327,-1.880398480965053
2008-05-04 05:50:00+00:00,ME02,-0.027708600119658228,0.3197530353742364,-0.9175043372532438,0.3131684265119104,0.048765975749746594,0.23892620676971943,-0.12646699811564133,-0.10264043637505327,-1.880398480965053
2008-05-04 06:00:00+00:00,ME02,-0.027878002591925098,0.5146571272239003,-0.9755757575535368,0.2890674683471134,1.1292179831485993,0.49265307614475246,-0.6744907594765952,-0.10264043637505327,-1.7015562341341375
2008-05-04 06:10:00+00:00,ME02,-0.02618508588993026,-0.7352218303772763,-0.6262551170737573,0.2890674683471134,1.1292179831485993,0.49265307614475246,-0.6744907594765952,-0.10264043637505327,-1.7015562341341375
2008-05-04 06:20:00+00:00,ME02,-0.024688844351175982,0.4903329973755632,-0.32395750640653725,0.2890674683471134,1.1292179831485993,0.49265307614475246,-0.6744907594765952,-0.10264043637505327,-1.7015562341341375
2008-05-04 06:30:00+00:00,ME02,-0.02125051618948376,-0.5704401195146435,-0.1049885821794948,0.2890674683471134,1.1292179831485993,0.49265307614475246,-0.6744907594765952,-0.10264043637505327,-1.7015562341341375
2008-05-04 06:40:00+00:00,ME02,-0.019850352491138572,-0.7149671007165873,0.11989098314673377,0.2890674683471134,1.1292179831485993,0.49265307614475246,-0.6744907594765952,-0.10264043637505327,-1.7015562341341375
2008-05-04 06:50:00+00:00,ME02,-0.016804039303307792,0.3155975875846769,0.5519522959473525,0.2890674683471134,1.1292179831485993,0.49265307614475246,-0.6744907594765952,-0.10264043637505327,-1.7015562341341375
2008-05-04 07:00:00+00:00,ME02,-0.014081279351025341,-0.66785084367667,0.5994732921090855,-0.048201916329595404,1.4788133785209892,0.6533468290603137,0.0,-0.10264043637505327,-1.7015562341341375
2008-05-04 07:10:00+00:00,ME02,-0.016959288726201803,0.5007524927901794,0.5558765798349803,-0.048201916329595404,1.4788133785209892,0.6533468290603137,0.0,-0.10264043637505327,-1.7015562341341375
2008-05-04 07:20:00+00:00,ME02,-0.01782723170118097,-0.7038849946077764,0.5141701303647738,-0.048201916329595404,1.4788133785209892,0.6533468290603137,0.0,-0.10264043637505327,-1.7015562341341375
2008-05-04 07:30:00+00:00,ME02,-0.018157142623902073,0.43804528963079103,0.49915973987418905,-0.048201916329595404,1.4788133785209892,0.6533468290603137,0.0,-0.10264043637505327,-1.7015562341341375
2008-05-04 07:40:00+00:00,ME02,-0.019638170763806317,-0.6185726952237107,0.06430700457763742,-0.048201916329595404,1.4788133785209892,0.6533468290603137,0.0,-0.10264043637505327,-1.7015562341341375
2008-05-04 07:50:00+00:00,ME02,-0.01848924834874002,0.1854616665192791,0.09993857606003753,-0.048201916329595404,1.4788133785209892,0.6533468290603137,0.0,-0.10264043637505327,-1.7015562341341375
2008-05-04 08:00:00+00:00,ME02,-0.013379172980614144,0.635653807365102,0.8417756969698383,-0.07230287449439378,1.651077518298757,0.763295326348899,1.6019156180443148,-0.10264043637505327,-1.7015562341341375
2008-05-04 08:10:00+00:00,ME02,-0.008686275434360981,0.17084998206761523,1.1308281192495337,-0.07230287449439378,1.651077518298757,0.763295326348899,1.6019156180443148,-0.10264043637505327,-1.7015562341341375
2008-05-04 08:20:00+00:00,ME02,-0.011292415830634325,0.702233853583787,0.6199461789580811,-0.07230287449439378,1.651077518298757,0.763295326348899,1.6019156180443148,-0.10264043637505327,-1.7015562341341375
2008-05-04 08:30:00+00:00,ME02,-0.014969215371550604,2.0583580206084924,1.8266248693070624e-05,-0.07230287449439378,1.651077518298757,0.763295326348899,1.6019156180443148,-0.10264043637505327,-1.7015562341341375
2008-05-04 08:40:00+00:00,ME02,-0.0269432462525399,-0.43991813161956667,-1.119758587148629,-0.07230287449439378,1.651077518298757,0.763295326348899,1.6019156180443148,-0.10264043637505327,-1.7015562341341375
2008-05-04 08:50:00+00:00,ME02,-0.027635352577435962,0.9636178050583557,-1.4986114950283471,-0.07230287449439378,1.651077518298757,0.763295326348899,1.6019156180443148,-0.10264043637505327,-1.7015562341341375
2008-05-04 09:00:00+00:00,ME02,-0.02709385874801548,4.505852465619824,-1.2739876372503347,0.3372213747998864,1.7042767887204553,0.7759815663506238,2.1499392765454273,-0.10264043637505327,-1.7015562341341375
2008-05-04 09:10:00+00:00,ME02,-0.02814374379982849,3.4487783860530272,-1.7906757506070203,0.3372213747998864,1.7042767887204553,0.7759815663506238,2.1499392765454273,-0.10264043637505327,-1.7015562341341375
2008-05-04 09:20:00+00:00,ME02,-0.03498561083616281,0.8260139578978374,-2.3507048148295757,0.3372213747998864,1.7042767887204553,0.7759815663506238,2.1499392765454273,-0.10264043637505327,-1.7015562341341375
2008-05-04 09:30:00+00:00,ME02,-0.04420811382502512,0.5390009684696007,-3.0723105213579784,0.3372213747998864,1.7042767887204553,0.7759815663506238,2.1499392765454273,-0.10264043637505327,-1.7015562341341375
2008-05-04 09:40:00+00:00,ME02,-0.05816459684909747,-1.240408812534534,-5.468528570643008,0.3372213747998864,1.7042767887204553,0.7759815663506238,2.1499392765454273,-0.10264043637505327,-1.7015562341341375
2008-05-04 09:50:00+00:00,ME02,-0.05905743696679765,0.10325683614496639,-5.700715990318847,0.3372213747998864,1.7042767887204553,0.7759815663506238,2.1499392765454273,-0.10264043637505327,-1.7015562341341375
2008-05-04 10:00:00+00:00,ME02,-0.052668582244668895,1.7717139597351221,-5.264190510209977,0.19271164556474224,1.9702734064706686,0.7759815663506238,0.8852690896693307,-0.10264043637505327,-1.7015562341341375
2008-05-04 10:10:00+00:00,ME02,-0.058709683552450105,-0.5020718745526034,-5.7878337558602455,0.19271164556474224,1.9702734064706686,0.7759815663506238,0.8852690896693307,-0.10264043637505327,-1.7015562341341375
2008-05-04 10:20:00+00:00,ME02,-0.06020674267610002,2.0898331552662834,-6.140395078669907,0.19271164556474224,1.9702734064706686,0.7759815663506238,0.8852690896693307,-0.10264043637505327,-1.7015562341341375
2008-05-04 10:30:00+00:00,ME02,-0.06148246210728395,-1.0128776054894908,-6.152089916097165,0.19271164556474224,1.9702734064706686,0.7759815663506238,0.8852690896693307,-0.10264043637505327,-1.7015562341341375
2008-05-04 10:40:00+00:00,ME02,-0.06071822611272989,0.8354657780032704,-5.967558318237333,0.19271164556474224,1.9702734064706686,0.7759815663506238,0.8852690896693307,-0.10264043637505327,-1.7015562341341375
2008-05-04 10:50:00+00:00,ME02,-0.05943213321678988,-1.0080212096119219,-6.055959314293035,0.19271164556474224,1.9702734064706686,0.7759815663506238,0.8852690896693307,-0.10264043637505327,-1.7015562341341375
2008-05-04 11:00:00+00:00,ME02,-0.0613607637677057,-1.7240279062711652,-6.193974587083258,-1.035861102318101,1.8423416821289749,0.7886681019724252,3.1195198011516942,-0.10264043637505327,-1.7015562341341375
2008-05-04 11:10:00+00:00,ME02,-0.05886124692616499,1.1222045129970202,-5.925917601487771,-1.035861102318101,1.8423416821289749,0.7886681019724252,3.1195198011516942,-0.10264043637505327,-1.7015562341341375
2008-05-04 11:20:00+00:00,ME02,-0.059666281320778794,-1.6210834909051253,-6.00636111936437,-1.035861102318101,1.8423416821289749,0.7886681019724252,3.1195198011516942,-0.10264043637505327,-1.7015562341341375
2008-05-04 11:30:00+00:00,ME02,-0.058171048591132604,0.5758240479272907,-6.170688786103223,-1.035861102318101,1.8423416821289749,0.7886681019724252,3.1195198011516942,-0.10264043637505327,-1.7015562341341375
2008-05-04 11:40:00+00:00,ME02,-0.06075169675800433,-1.2259804015305056,-6.186577155717521,-1.035861102318101,1.8423416821289749,0.7886681019724252,3.1195198011516942,-0.10264043637505327,-1.7015562341341375
2008-05-04 11:50:00+00:00,ME02,-0.060565495998741795,-0.9723447654232552,-5.955930688393677,-1.035861102318101,1.8423416821289749,0.7886681019724252,3.1195198011516942,-0.10264043637505327,-1.7015562341341375
2008-05-04 12:00:00+00:00,ME02,-0.05878639429409225,1.0023240640596414,-6.053958704914808,-0.6263368530238195,1.8271419285287354,0.7379225507253726,3.541076564397006,-0.10264043637505327,-1.522713987303222
2008-05-04 12:10:00+00:00,ME02,-0.058978448839312164,-1.6754515375468848,-5.9244858743074875,-0.6263368530238195,1.8271419285287354,0.7379225507253726,3.541076564397006,-0.10264043637505327,-1.522713987303222
2008-05-04 12:20:00+00:00,ME02,-0.06020637185826246,1.2550338573759618,-6.054677682857555,-0.6263368530238195,1.8271419285287354,0.7379225507253726,3.541076564397006,-0.10264043637505327,-1.522713987303222
2008-05-04 12:30:00+00:00,ME02,-0.058460679538166894,-1.1863726347339123,-5.92280052048335,-0.6263368530238195,1.8271419285287354,0.7379225507253726,3.541076564397006,-0.10264043637505327,-1.522713987303222
2008-05-04 12:40:00+00:00,ME02,-0.057366885847526784,-0.5980278212756863,-6.028456470535595,-0.6263368530238195,1.8271419285287354,0.7379225507253726,3.541076564397006,-0.10264043637505327,-1.522713987303222
2008-05-04 12:50:00+00:00,ME02,-0.05661325752849394,1.5393445874021927,-5.934465493742959,-0.6263368530238195,1.8271419285287354,0.7379225507253726,3.541076564397006,-0.10264043637505327,-1.522713987303222
2008-05-04 13:00:00+00:00,ME02,-0.053761073417267595,-1.0390879344880162,-2.508419012008113,-0.6263368530238195,1.7587429045067975,0.6618045194748704,4.173411657835055,-0.10264043637505327,-1.522713987303222
2008-05-04 13:10:00+00:00,ME02,-0.05815333089985064,0.32724268940655205,-5.991060970732517,-0.6263368530238195,1.7587429045067975,0.6618045194748704,4.173411657835055,-0.10264043637505327,-1.522713987303222
2008-05-04 13:20:00+00:00,ME02,-0.04498109195163096,0.9600140509322611,0.1625706763353984,-0.6263368530238195,1.7587429045067975,0.6618045194748704,4.173411657835055,-0.10264043637505327,-1.522713987303222
2008-05-04 13:30:00+00:00,ME02,-0.05604934031864387,1.1024557739920546,0.5610167794266925,-0.6263368530238195,1.7587429045067975,0.6618045194748704,4.173411657835055,-0.10264043637505327,-1.522713987303222
2008-05-04 13:40:00+00:00,ME02,-0.05456454575910638,0.034039957671370136,2.021152720252126,-0.6263368530238195,1.7587429045067975,0.6618045194748704,4.173411657835055,-0.10264043637505327,-1.522713987303222
2008-05-04 13:50:00+00:00,ME02,-0.02287511633688433,1.3295573007753034,14.124355361021488,-0.6263368530238195,1.7587429045067975,0.6618045194748704,4.173411657835055,-0.10264043637505327,-1.522713987303222
2008-05-04 14:00:00+00:00,ME02,-0.0520580170892163,-1.0484654644594462,-3.0252351569208815,-0.9876591859885049,1.5978782478770583,0.5560848673935636,4.38418998802779,-0.10264043637505327,-1.522713987303222
2008-05-04 14:10:00+00:00,ME02,-0.052232008908580124,1.7389415792870557,-5.54771349303422,-0.9876591859885049,1.5978782478770583,0.5560848673935636,4.38418998802779,-0.10264043637505327,-1.522713987303222
2008-05-04 14:20:00+00:00,ME02,-0.05357677334728498,-0.27850119343056257,-5.472279470607094,-0.9876591859885049,1.5978782478770583,0.5560848673935636,4.38418998802779,-0.10264043637505327,-1.522713987303222
2008-05-04 14:30:00+00:00,ME02,-0.05043830164696905,-0.9334600544459264,-4.887269667257197,-0.9876591859885049,1.5978782478770583,0.5560848673935636,4.38418998802779,-0.10264043637505327,-1.522713987303222
2008-05-04 14:40:00+00:00,ME02,-0.0545211023166126,0.6152081978106025,-5.529010229729433,-0.9876591859885049,1.5978782478770583,0.5560848673935636,4.38418998802779,-0.10264043637505327,-1.522713987303222
2008-05-04 14:50:00+00:00,ME02,-0.05336145871480418,-1.1721786374405088,-5.076656932811778,-0.9876591859885049,1.5978782478770583,0.5560848673935636,4.38418998802779,-0.10264043637505327,-1.522713987303222
2008-05-04 15:00:00+00:00,ME02,-0.044198117154197684,-0.08087287349572532,-3.3994333290952983,-1.5898950808475274,1.1634174951595684,0.5518560221862852,2.1499392765454273,-0.10264043637505327,-1.522713987303222
2008-05-04 15:10:00+00:00,ME02,-0.04126778754057611,0.9608302996443442,-3.0238507919420243,-1.5898950808475274,1.1634174951595684,0.5518560221862852,2.1499392765454273,-0.10264043637505327,-1.522713987303222
2008-05-04 15:20:00+00:00,ME02,-0.039744639871828163,1.5828232754827258,-2.6306679588667885,-1.5898950808475274,1.1634174951595684,0.5518560221862852,2.1499392765454273,-0.10264043637505327,-1.522713987303222
2008-05-04 15:30:00+00:00,ME02,-0.036417549478274684,2.0990388965146374,-2.504906776751878,-1.5898950808475274,1.1634174951595684,0.5518560221862852,2.1499392765454273,-0.10264043637505327,-1.522713987303222
2008-05-04 15:40:00+00:00,ME02,-0.034696517583635116,0.14521841951047443,-1.7442956659082403,-1.5898950808475274,1.1634174951595684,0.5518560221862852,2.1499392765454273,-0.10264043637505327,-1.522713987303222
2008-05-04 15:50:00+00:00,ME02,-0.032575400710729244,0.17289821216831372,-1.4688657352422303,-1.5898950808475274,1.1634174951595684,0.5518560221862852,2.1499392765454273,-0.10264043637505327,-1.522713987303222
2008-05-04 16:00:00+00:00,ME02,-0.03138228287311838,-0.9766878550991178,-1.1453201396320152,-1.3730824771179875,1.0038196838944728,0.5645425578080866,0.7166464255151423,-0.10264043637505327,-1.522713987303222
2008-05-04 16:10:00+00:00,ME02,-0.02815232122248564,-0.8558215424293959,-0.9628670330139251,-1.3730824771179875,1.0038196838944728,0.5645425578080866,0.7166464255151423,-0.10264043637505327,-1.522713987303222
2008-05-04 16:20:00+00:00,ME02,-0.02988711592878704,0.11735522343267632,-1.2346523644615184,-1.3730824771179875,1.0038196838944728,0.5645425578080866,0.7166464255151423,-0.10264043637505327,-1.522713987303222
2008-05-04 16:30:00+00:00,ME02,-0.027863695213896117,-0.8848565460814372,-0.8345896768637948,-1.3730824771179875,1.0038196838944728,0.5645425578080866,0.7166464255151423,-0.10264043637505327,-1.522713987303222
2008-05-04 16:40:00+00:00,ME02,-0.023503188744417258,0.7537784764599958,-0.7185344227718952,-1.3730824771179875,1.0038196838944728,0.5645425578080866,0.7166464255151423,-0.10264043637505327,-1.522713987303222
2008-05-04 16:50:00+00:00,ME02,-0.02612419793157693,-0.6587888320379132,-0.5195425180425383,-1.3730824771179875,1.0038196838944728,0.5645425578080866,0.7166464255151423,-0.10264043637505327,-1.522713987303222
2008-05-04 17:00:00+00:00,ME02,-0.022975159960045174,-0.7426268505524379,-0.2272268459417069,-1.2285727478828425,0.6415579600094098,0.5391697821845604,-0.590179427399501,-0.10264043637505327,-1.522713987303222
2008-05-04 17:10:00+00:00,ME02,-0.024730635250370805,0.8407873970522107,-0.33010769338267937,-1.2285727478828425,0.6415579600094098,0.5391697821845604,-0.590179427399501,-0.10264043637505327,-1.522713987303222
2008-05-04 17:20:00+00:00,ME02,-0.024568412804817114,-0.5177973942121507,-0.2824180119597979,-1.2285727478828425,0.6415579600094098,0.5391697821845604,-0.590179427399501,-0.10264043637505327,-1.522713987303222
2008-05-04 17:30:00+00:00,ME02,-0.021844923999341917,0.8424684026507299,-0.25469361735346735,-1.2285727478828425,0.6415579600094098,0.5391697821845604,-0.590179427399501,-0.10264043637505327,-1.522713987303222
2008-05-04 17:40:00+00:00,ME02,-0.021956175776099082,-0.3461141945934786,-0.21952889279055543,-1.2285727478828425,0.6415579600094098,0.5391697821845604,-0.590179427399501,-0.10264043637505327,-1.522713987303222
2008-05-04 17:50:00+00:00,ME02,-0.021393537756583578,-0.4042615254263376,-0.1377087278906415,-1.2285727478828425,0.6415579600094098,0.5391697821845604,-0.590179427399501,-0.10264043637505327,-1.522713987303222
2008-05-04 18:00:00+00:00,ME02,-0.019353381775115596,1.5430645188594927,-0.15044298234411166,-1.0599620604828994,-0.048765975749747066,0.49688192135203085,-0.6744907594765952,-0.10264043637505327,-1.3438717404723068
2008-05-04 18:10:00+00:00,ME02,-0.022613093064609544,-0.8436123365659538,-0.12310715893823616,-1.0599620604828994,-0.048765975749747066,0.49688192135203085,-0.6744907594765952,-0.10264043637505327,-1.3438717404723068
2008-05-04 18:20:00+00:00,ME02,-0.022010895146577735,1.0308265582613978,-0.14334413327193476,-1.0599620604828994,-0.048765975749747066,0.49688192135203085,-0.6744907594765952,-0.10264043637505327,-1.3438717404723068
2008-05-04 18:30:00+00:00,ME02,-0.01977017835222951,-0.6748986583334672,-0.14182499327430542,-1.0599620604828994,-0.048765975749747066,0.49688192135203085,-0.6744907594765952,-0.10264043637505327,-1.3438717404723068
2008-05-04 18:40:00+00:00,ME02,-0.020975551161372587,-0.30009340792933625,-0.041187299105351384,-1.0599620604828994,-0.048765975749747066,0.49688192135203085,-0.6744907594765952,-0.10264043637505327,-1.3438717404723068
2008-05-04 18:50:00+00:00,ME02,-0.020268915378342935,1.4787487770072074,-0.0498675505093792,-1.0599620604828994,-0.048765975749747066,0.49688192135203085,-0.6744907594765952,-0.10264043637505327,-1.3438717404723068
2008-05-04 19:00:00+00:00,ME02,-0.024297751720253696,-1.0666595912456318,-0.21898427005078996,-0.4817791139118529,-0.15769767603899065,0.657575674267592,-0.6744907594765952,-0.10264043637505327,-1.3438717404723068
2008-05-04 19:10:00+00:00,ME02,-0.021781177962552356,1.5989508733221152,-0.224211507518996,-0.4817791139118529,-0.15769767603899065,0.657575674267592,-0.6744907594765952,-0.10264043637505327,-1.3438717404723068
2008-05-04 19:20:00+00:00,ME02,-0.022746410589029317,-0.6759635695071955,-0.10864917822741052,-0.4817791139118529,-0.15769767603899065,0.657575674267592,-0.6744907594765952,-0.10264043637505327,-1.3438717404723068
2008-05-04 19:30:00+00:00,ME02,-0.020633166894410474,1.295766724285398,-0.17314958093810215,-0.4817791139118529,-0.15769767603899065,0.657575674267592,-0.6744907594765952,-0.10264043637505327,-1.3438717404723068
2008-05-04 19:40:00+00:00,ME02,-0.02159385384672432,-0.4652924514043574,-0.07569972018630945,-0.4817791139118529,-0.15769767603899065,0.657575674267592,-0.6744907594765952,-0.10264043637505327,-1.3438717404723068
2008-05-04 19:50:00+00:00,ME02,-0.02107203418630829,0.3497772126838296,-0.19223034231712482,-0.4817791139118529,-0.15769767603899065,0.657575674267592,-0.6744907594765952,-0.10264043637505327,-1.3438717404723068
2008-05-04 20:00:00+00:00,ME02,-0.021893288286571944,1.6130912301980174,-0.20255195443116544,-0.6263368530238195,-0.23243012995898496,0.7717527211433454,-0.6744907594765952,-0.10264043637505327,-1.3438717404723068
2008-05-04 20:10:00+00:00,ME02,-0.022676185404682993,-0.7451252539268491,-0.11129921980801613,-0.6263368530238195,-0.23243012995898496,0.7717527211433454,-0.6744907594765952,-0.10264043637505327,-1.3438717404723068
2008-05-04 20:20:00+00:00,ME02,-0.022938571052112087,1.831563906404851,-0.22497645935492958,-0.6263368530238195,-0.23243012995898496,0.7717527211433454,-0.6744907594765952,-0.10264043637505327,-1.3438717404723068
2008-05-04 20:30:00+00:00,ME02,-0.02243855234620428,-0.18360613173053705,-0.12499517168394088,-0.6263368530238195,-0.23243012995898496,0.7717527211433454,-0.6744907594765952,-0.10264043637505327,-1.3438717404723068
2008-05-04 20:40:00+00:00,ME02,-0.021983152501380648,-0.29061846572198097,-0.15243267668429253,-0.6263368530238195,-0.23243012995898496,0.7717527211433454,-0.6744907594765952,-0.10264043637505327,-1.3438717404723068
2008-05-04 20:50:00+00:00,ME02,-0.022479030497142862,1.555801122935663,-0.20257017303950645,-0.6263368530238195,-0.23243012995898496,0.7717527211433454,-0.6744907594765952,-0.10264043637505327,-1.3438717404723068
2008-05-04 21:00:00+00:00,ME02,-0.022333485716216437,-0.9276222374567173,-0.27337749460587446,-0.265014520059136,-0.3375620910794587,0.763295326348899,-0.6744907594765952,-0.10264043637505327,-1.3438717404723068
2008-05-04 21:10:00+00:00,ME02,-0.023331024992924915,2.1893461671494863,-0.2288962182635499,-0.265014520059136,-0.3375620910794587,0.763295326348899,-0.6744907594765952,-0.10264043637505327,-1.3438717404723068
2008-05-04 21:20:00+00:00,ME02,-0.024865598835224104,-0.8669689095402531,-0.2668055180837247,-0.265014520059136,-0.3375620910794587,0.763295326348899,-0.6744907594765952,-0.10264043637505327,-1.3438717404723068
2008-05-04 21:30:00+00:00,ME02,-0.021448444334980457,-0.0031064754295077844,-0.18781179922973443,-0.265014520059136,-0.3375620910794587,0.763295326348899,-0.6744907594765952,-0.10264043637505327,-1.3438717404723068
2008-05-04 21:40:00+00:00,ME02,-0.019755697608739537,2.1244837229703637,-0.23082943793880145,-0.265014520059136,-0.3375620910794587,0.763295326348899,-0.6744907594765952,-0.10264043637505327,-1.3438717404723068
2008-05-04 21:50:00+00:00,ME02,-0.021354349985098667,0.11504666094393727,-0.08544815514203663,-0.265014520059136,-0.3375620910794587,0.763295326348899,-0.6744907594765952,-0.10264043637505327,-1.3438717404723068
2008-05-04 22:00:00+00:00,ME02,-0.02177426704339611,1.2364875178956187,-0.15087776799153874,-0.31316842651190907,-0.5490923274016093,0.8140405819758749,-0.6744907594765952,-0.10264043637505327,-1.3438717404723068
2008-05-04 22:10:00+00:00,ME02,-0.021402161845356205,-0.8884091755981379,-0.22423687362816772,-0.31316842651190907,-0.5490923274016093,0.8140405819758749,-0.6744907594765952,-0.10264043637505327,-1.3438717404723068
2008-05-04 22:20:00+00:00,ME02,-0.02278056627917186,-0.8135559383233424,-0.23866267657600926,-0.31316842651190907,-0.5490923274016093,0.8140405819758749,-0.6744907594765952,-0.10264043637505327,-1.3438717404723068
2008-05-04 22:30:00+00:00,ME02,-0.02238873851382054,1.4343571444682897,-0.08833827082015619,-0.31316842651190907,-0.5490923274016093,0.8140405819758749,-0.6744907594765952,-0.10264043637505327,-1.3438717404723068
2008-05-04 22:40:00+00:00,ME02,-0.018986323901055265,0.2220397985247435,-0.13747926853953898,-0.31316842651190907,-0.5490923274016093,0.8140405819758749,-0.6744907594765952,-0.10264043637505327,-1.3438717404723068
2008-05-04 22:50:00+00:00,ME02,-0.021822512272731118,1.713497894482465,0.09122204242807062,-0.31316842651190907,-0.5490923274016093,0.8140405819758749,-0.6744907594765952,-0.10264043637505327,-1.3438717404723068
2008-05-04 23:00:00+00:00,ME02,-0.021622501467597057,-0.9286271675173947,-0.130261860940476,-0.3372693846767074,-0.5313594143555233,0.7506087907270975,-0.6744907594765952,-0.10264043637505327,-1.3438717404723068
2008-05-04 23:10:00+00:00,ME02,-0.023271397872952883,1.5267137677141125,-0.11710016877858373,-0.3372693846767074,-0.5313594143555233,0.7506087907270975,-0.6744907594765952,-0.10264043637505327,-1.3438717404723068
2008-05-04 23:20:00+00:00,ME02,-0.020877166595973086,-0.5668383442638733,-0.07129051665997377,-0.3372693846767074,-0.5313594143555233,0.7506087907270975,-0.6744907594765952,-0.10264043637505327,-1.3438717404723068
2008-05-04 23:30:00+00:00,ME02,-0.021238397662551672,-0.2778863272141878,-0.04336495036925573,-0.3372693846767074,-0.5313594143555233,0.7506087907270975,-0.6744907594765952,-0.10264043637505327,-1.3438717404723068
2008-05-04 23:40:00+00:00,ME02,-0.017772850026512566,1.4793961164434137,0.1597364598596407,-0.3372693846767074,-0.5313594143555233,0.7506087907270975,-0.6744907594765952,-0.10264043637505327,-1.3438717404723068
2008-05-04 23:50:00+00:00,ME02,-0.018242691760281305,0.9221534457342114,0.07518521253159846,-0.3372693846767074,-0.5313594143555233,0.7506087907270975,-0.6744907594765952,-0.10264043637505327,-1.3438717404723068
2008-05-05 00:00:00+00:00,ME02,-0.018781946809894267,0.6029058205636431,-0.10539152791367354,0.09635582278237112,-0.36922817800286095,0.6448894342658672,0.2529339962312827,-0.10264043637505327,-1.1650294936413914
2008-05-05 00:10:00+00:00,ME02,-0.02035353023769366,-0.784155447417787,0.07574697693826864,0.09635582278237112,-0.36922817800286095,0.6448894342658672,0.2529339962312827,-0.10264043637505327,-1.1650294936413914
2008-05-05 00:20:00+00:00,ME02,-0.022539722930029555,-0.9973805181871109,0.02397551024432164,0.09635582278237112,-0.36922817800286095,0.6448894342658672,0.2529339962312827,-0.10264043637505327,-1.1650294936413914
2008-05-05 00:30:00+00:00,ME02,-0.022174147722115067,0.21831190584826266,0.10519610752400933,0.09635582278237112,-0.36922817800286095,0.6448894342658672,0.2529339962312827,-0.10264043637505327,-1.1650294936413914
2008-05-05 00:40:00+00:00,ME02,-0.01857665431810745,0.17237460253417766,0.3162221216263793,0.09635582278237112,-0.36922817800286095,0.6448894342658672,0.2529339962312827,-0.10264043637505327,-1.1650294936413914
2008-05-05 00:50:00+00:00,ME02,-0.019054916339742198,0.5862393263413963,0.3242202463313984,0.09635582278237112,-0.36922817800286095,0.6448894342658672,0.2529339962312827,-0.10264043637505327,-1.1650294936413914
2008-05-05 01:00:00+00:00,ME02,-0.022394045354537116,-0.4578066042737514,0.06836769535972628,0.1204567809471695,-0.3996276852033399,0.5729999526025331,2.1499392765454273,-0.10264043637505327,-1.1650294936413914
2008-05-05 01:10:00+00:00,ME02,-0.0194749316989872,-1.088744048363511,-0.057203022494868506,0.1204567809471695,-0.3996276852033399,0.5729999526025331,2.1499392765454273,-0.10264043637505327,-1.1650294936413914
2008-05-05 01:20:00+00:00,ME02,-0.022015203992605294,1.0542147505756951,-0.03124565558124199,0.1204567809471695,-0.3996276852033399,0.5729999526025331,2.1499392765454273,-0.10264043637505327,-1.1650294936413914
2008-05-05 01:30:00+00:00,ME02,-0.019500369244791427,-0.23714148624645107,0.07644999084248984,0.1204567809471695,-0.3996276852033399,0.5729999526025331,2.1499392765454273,-0.10264043637505327,-1.1650294936413914
2008-05-05 01:40:00+00:00,ME02,-0.016657614712931635,1.1739258350231545,0.2640492876303178,0.1204567809471695,-0.3996276852033399,0.5729999526025331,2.1499392765454273,-0.10264043637505327,-1.1650294936413914
2008-05-05 01:50:00+00:00,ME02,-0.01767831594541933,0.4614838635876273,0.15827465605206503,0.1204567809471695,-0.3996276852033399,0.5729999526025331,2.1499392765454273,-0.10264043637505327,-1.1650294936413914
2008-05-05 02:00:00+00:00,ME02,-0.02170264018210681,-0.9167753723683743,-0.04287447445903416,0.4817791139118543,-0.38062819243433105,0.5011107665593092,0.2529339962312827,-0.10264043637505327,-1.1650294936413914
2008-05-05 02:10:00+00:00,ME02,-0.021706945296584245,0.9826275744858105,0.016467301066252448,0.4817791139118543,-0.38062819243433105,0.5011107665593092,0.2529339962312827,-0.10264043637505327,-1.1650294936413914
2008-05-05 02:20:00+00:00,ME02,-0.022488216286121788,-1.0148545263411666,0.03203145449097771,0.4817791139118543,-0.38062819243433105,0.5011107665593092,0.2529339962312827,-0.10264043637505327,-1.1650294936413914
2008-05-05 02:30:00+00:00,ME02,-0.02007691810585626,0.9843273336844374,0.021954027612103622,0.4817791139118543,-0.38062819243433105,0.5011107665593092,0.2529339962312827,-0.10264043637505327,-1.1650294936413914
2008-05-05 02:40:00+00:00,ME02,-0.01550564644986517,-0.3002599860724782,0.35051106572761487,0.4817791139118543,-0.38062819243433105,0.5011107665593092,0.2529339962312827,-0.10264043637505327,-1.1650294936413914
2008-05-05 02:50:00+00:00,ME02,-0.017061631686260476,-0.24287901834122813,0.1966026522232604,0.4817791139118543,-0.38062819243433105,0.5011107665593092,0.2529339962312827,-0.10264043637505327,-1.1650294936413914
2008-05-05 03:00:00+00:00,ME02,-0.019842312554983487,-0.8348173842963568,-0.03603873299778362,0.2890674683471134,-0.5034930666008909,0.44190782051777655,-0.6744907594765952,-0.10264043637505327,-1.1650294936413914
2008-05-05 03:10:00+00:00,ME02,-0.02023571544173122,-0.8482615676456132,0.08794423193586519,0.2890674683471134,-0.5034930666008909,0.44190782051777655,-0.6744907594765952,-0.10264043637505327,-1.1650294936413914
2008-05-05 03:20:00+00:00,ME02,-0.02143515252840433,1.0915157279734478,0.033592957256900716,0.2890674683471134,-0.5034930666008909,0.44190782051777655,-0.6744907594765952,-0.10264043637505327,-1.1650294936413914
2008-05-05 03:30:00+00:00,ME02,-0.02116536576529881,0.21703696878020098,0.05305727665452268,0.2890674683471134,-0.5034930666008909,0.44190782051777655,-0.6744907594765952,-0.10264043637505327,-1.1650294936413914
2008-05-05 03:40:00+00:00,ME02,-0.020033521333500868,1.3198933246819848,0.2864380663367994,0.2890674683471134,-0.5034930666008909,0.44190782051777655,-0.6744907594765952,-0.10264043637505327,-1.1650294936413914
2008-05-05 03:50:00+00:00,ME02,-0.01830388838302958,0.08267458611170271,0.35646592013912454,0.2890674683471134,-0.5034930666008909,0.44190782051777655,-0.6744907594765952,-0.10264043637505327,-1.1650294936413914
2008-05-05 04:00:00+00:00,ME02,-0.02192227721412535,-0.8441460253596628,0.11754624778574821,-0.07230287449439378,-0.6212913562340373,0.49265307614475246,-0.590179427399501,-0.10264043637505327,-1.1650294936413914
2008-05-05 04:10:00+00:00,ME02,-0.020683143569239823,0.8867447024689328,0.015842843478770997,-0.07230287449439378,-0.6212913562340373,0.49265307614475246,-0.590179427399501,-0.10264043637505327,-1.1650294936413914
2008-05-05 04:20:00+00:00,ME02,-0.02241160196390038,-0.6143713534803567,-0.10070892249155512,-0.07230287449439378,-0.6212913562340373,0.49265307614475246,-0.590179427399501,-0.10264043637505327,-1.1650294936413914
2008-05-05 04:30:00+00:00,ME02,-0.022209243541059943,1.2624432073774343,-0.052320580906476545,-0.07230287449439378,-0.6212913562340373,0.49265307614475246,-0.590179427399501,-0.10264043637505327,-1.1650294936413914
2008-05-05 04:40:00+00:00,ME02,-0.014891346614145805,-0.05637550860488164,0.3003064789105924,-0.07230287449439378,-0.6212913562340373,0.49265307614475246,-0.590179427399501,-0.10264043637505327,-1.1650294936413914
2008-05-05 04:50:00+00:00,ME02,-0.0187092399944856,0.47781165516509294,0.21107494940143545,-0.07230287449439378,-0.6212913562340373,0.49265307614475246,-0.590179427399501,-0.10264043637505327,-1.1650294936413914
2008-05-05 05:00:00+00:00,ME02,-0.023632816045075968,1.9495565802779706,-0.28806751994944724,0.264966510182315,-0.03736596131827742,0.657575674267592,-0.6744907594765952,-0.10264043637505327,-1.1650294936413914
2008-05-05 05:10:00+00:00,ME02,-0.025458807414037297,-1.063633332278277,-0.43457333602060627,0.264966510182315,-0.03736596131827742,0.657575674267592,-0.6744907594765952,-0.10264043637505327,-1.1650294936413914
2008-05-05 05:20:00+00:00,ME02,-0.026343043594634373,0.5400848492654426,-0.5416335815525585,0.264966510182315,-0.03736596131827742,0.657575674267592,-0.6744907594765952,-0.10264043637505327,-1.1650294936413914
2008-05-05 05:30:00+00:00,ME02,-0.026815410695728275,-0.15594129864745876,-0.83491672782991,0.264966510182315,-0.03736596131827742,0.657575674267592,-0.6744907594765952,-0.10264043637505327,-1.1650294936413914
2008-05-05 05:40:00+00:00,ME02,-0.02866041706716645,0.08056191531833987,-0.8718038101083088,0.264966510182315,-0.03736596131827742,0.657575674267592,-0.6744907594765952,-0.10264043637505327,-1.1650294936413914
2008-05-05 05:50:00+00:00,ME02,-0.026086836662260842,1.4721464729849274,-0.9111330000404895,0.264966510182315,-0.03736596131827742,0.657575674267592,-0.6744907594765952,-0.10264043637505327,-1.1650294936413914
2008-05-05 06:00:00+00:00,ME02,-0.02633939879228229,-1.148807740775483,-0.8676674492727462,0.048153906452774384,1.1583509106261545,0.9409041644734634,0.08431133207709428,-0.10264043637505327,-0.986187246810476
2008-05-05 06:10:00+00:00,ME02,-0.023892884126522067,0.575778721513339,-0.6946561989208343,0.048153906452774384,1.1583509106261545,0.9409041644734634,0.08431133207709428,-0.10264043637505327,-0.986187246810476
2008-05-05 06:20:00+00:00,ME02,-0.02131586790607769,-0.05649482083216545,-0.49888892364221327,0.048153906452774384,1.1583509106261545,0.9409041644734634,0.08431133207709428,-0.10264043637505327,-0.986187246810476
2008-05-05 06:30:00+00:00,ME02,-0.022788926974593157,0.8852871972274281,-0.18778565329471347,0.048153906452774384,1.1583509106261545,0.9409041644734634,0.08431133207709428,-0.10264043637505327,-0.986187246810476
2008-05-05 06:40:00+00:00,ME02,-0.018643235766465215,-0.4577742838803268,0.13113153857025814,0.048153906452774384,1.1583509106261545,0.9409041644734634,0.08431133207709428,-0.10264043637505327,-0.986187246810476
2008-05-05 06:50:00+00:00,ME02,-0.016023370762101245,-0.6101323789158454,0.5145023726615584,0.048153906452774384,1.1583509106261545,0.9409041644734634,0.08431133207709428,-0.10264043637505327,-0.986187246810476
2008-05-05 07:00:00+00:00,ME02,-0.018471608046972735,0.5004389326910169,0.6207177620654362,-0.14455773911196654,1.3458150696458824,1.0423949713474918,0.2107783301927356,-0.10264043637505327,-0.986187246810476
2008-05-05 07:10:00+00:00,ME02,-0.015362575357891388,-0.5536829931717585,0.5297603550543998,-0.14455773911196654,1.3458150696458824,1.0423949713474918,0.2107783301927356,-0.10264043637505327,-0.986187246810476
2008-05-05 07:20:00+00:00,ME02,-0.0170919975522736,-0.006318016994854967,0.44349432098339664,-0.14455773911196654,1.3458150696458824,1.0423949713474918,0.2107783301927356,-0.10264043637505327,-0.986187246810476
2008-05-05 07:30:00+00:00,ME02,-0.01778201242993159,-0.6884400775297533,0.48538536397791066,-0.14455773911196654,1.3458150696458824,1.0423949713474918,0.2107783301927356,-0.10264043637505327,-0.986187246810476
2008-05-05 07:40:00+00:00,ME02,-0.018446773137873768,0.4326725278279692,0.2636658979218915,-0.14455773911196654,1.3458150696458824,1.0423949713474918,0.2107783301927356,-0.10264043637505327,-0.986187246810476
2008-05-05 07:50:00+00:00,ME02,-0.01777152181748981,-0.722203722530942,0.0827313892029227,-0.14455773911196654,1.3458150696458824,1.0423949713474918,0.2107783301927356,-0.10264043637505327,-0.986187246810476
2008-05-05 08:00:00+00:00,ME02,-0.01579498067639027,-0.3129236932072235,0.6832325580227474,0.07225486461757274,1.2229501954793232,1.1185130025979941,3.7096992285511945,-0.10264043637505327,-0.986187246810476
2008-05-05 08:10:00+00:00,ME02,-0.008986627758169531,1.9894899947888822,0.7120386307348158,0.07225486461757274,1.2229501954793232,1.1185130025979941,3.7096992285511945,-0.10264043637505327,-0.986187246810476
2008-05-05 08:20:00+00:00,ME02,-0.02027955329934277,3.1802584109008687,0.17397306399841472,0.07225486461757274,1.2229501954793232,1.1185130025979941,3.7096992285511945,-0.10264043637505327,-0.986187246810476
2008-05-05 08:30:00+00:00,ME02,-0.021933639489409955,-0.1318847900541318,-0.4692930858010677,0.07225486461757274,1.2229501954793232,1.1185130025979941,3.7096992285511945,-0.10264043637505327,-0.986187246810476
2008-05-05 08:40:00+00:00,ME02,-0.02140273187439167,3.7799196846142475,-1.3563522151160452,0.07225486461757274,1.2229501954793232,1.1185130025979941,3.7096992285511945,-0.10264043637505327,-0.986187246810476
2008-05-05 08:50:00+00:00,ME02,-0.02953298791256442,2.7494322266177478,-1.8970222119143443,0.07225486461757274,1.2229501954793232,1.1185130025979941,3.7096992285511945,-0.10264043637505327,-0.986187246810476
2008-05-05 09:00:00+00:00,ME02,-0.029918334090875943,-1.047727597733541,-1.4252515392960023,-0.09635582278236979,1.5345458083885342,1.1565720182232453,-0.16862266415418836,-0.10264043637505327,-0.986187246810476
2008-05-05 09:10:00+00:00,ME02,-0.023832628875588003,1.2823642385608955,-1.812708686026423,-0.09635582278236979,1.5345458083885342,1.1565720182232453,-0.16862266415418836,-0.10264043637505327,-0.986187246810476
2008-05-05 09:20:00+00:00,ME02,-0.0336639934613555,-1.0851394431867227,-2.039104964617629,-0.09635582278236979,1.5345458083885342,1.1565720182232453,-0.16862266415418836,-0.10264043637505327,-0.986187246810476
2008-05-05 09:30:00+00:00,ME02,-0.03448573408447834,0.035080207046509236,-2.1592814699160305,-0.09635582278236979,1.5345458083885342,1.1565720182232453,-0.16862266415418836,-0.10264043637505327,-0.986187246810476
2008-05-05 09:40:00+00:00,ME02,-0.04726401640155227,0.31211773766204287,-3.970511295176327,-0.09635582278236979,1.5345458083885342,1.1565720182232453,-0.16862266415418836,-0.10264043637505327,-0.986187246810476
2008-05-05 09:50:00+00:00,ME02,-0.04680841485494707,-0.9800426367993408,-3.6938158896226763,-0.09635582278236979,1.5345458083885342,1.1565720182232453,-0.16862266415418836,-0.10264043637505327,-0.986187246810476
2008-05-05 10:00:00+00:00,ME02,-0.037390725552938944,0.3008690268076944,-2.6707523295086917,-0.8672024050413354,1.90187411680701,1.2453765850955827,2.023472278429786,-0.10264043637505327,-0.986187246810476
2008-05-05 10:10:00+00:00,ME02,-0.038901135555606293,6.085827710677303,-2.7561119785112647,-0.8672024050413354,1.90187411680701,1.2453765850955827,2.023472278429786,-0.10264043637505327,-0.986187246810476
2008-05-05 10:20:00+00:00,ME02,-0.052018487032218334,1.0569829225443372,-4.90627125594041,-0.8672024050413354,1.90187411680701,1.2453765850955827,2.023472278429786,-0.10264043637505327,-0.986187246810476
2008-05-05 10:30:00+00:00,ME02,-0.05491545133681221,-0.6204342322679431,-5.409750500529835,-0.8672024050413354,1.90187411680701,1.2453765850955827,2.023472278429786,-0.10264043637505327,-0.986187246810476
2008-05-05 10:40:00+00:00,ME02,-0.05367947700750159,-1.0197640331576416,-5.758624436547355,-0.8672024050413354,1.90187411680701,1.2453765850955827,2.023472278429786,-0.10264043637505327,-0.986187246810476
2008-05-05 10:50:00+00:00,ME02,-0.05730044608196003,1.358801327887438,-5.839283674283553,-0.8672024050413354,1.90187411680701,1.2453765850955827,2.023472278429786,-0.10264043637505327,-0.986187246810476
2008-05-05 11:00:00+00:00,ME02,-0.0577911921729547,-1.6470915747852186,-5.632858402454625,-1.0599620604828994,1.43701385688904,1.0846828321800215,1.2646701868760963,-0.10264043637505327,-0.986187246810476
2008-05-05 11:10:00+00:00,ME02,-0.057070885901413376,0.7963530067713638,-5.59607829519232,-1.0599620604828994,1.43701385688904,1.0846828321800215,1.2646701868760963,-0.10264043637505327,-0.986187246810476
2008-05-05 11:20:00+00:00,ME02,-0.05972513866106843,-1.416941680896934,-5.630526156190385,-1.0599620604828994,1.43701385688904,1.0846828321800215,1.2646701868760963,-0.10264043637505327,-0.986187246810476
2008-05-05 11:30:00+00:00,ME02,-0.05784076709678529,0.43838809939164086,-5.6083313971123,-1.0599620604828994,1.43701385688904,1.0846828321800215,1.2646701868760963,-0.10264043637505327,-0.986187246810476
2008-05-05 11:40:00+00:00,ME02,-0.057773538890965,0.3119094116430062,-5.636834191641668,-1.0599620604828994,1.43701385688904,1.0846828321800215,1.2646701868760963,-0.10264043637505327,-0.986187246810476
2008-05-05 11:50:00+00:00,ME02,-0.05679542487881854,-0.6948433269278855,-5.505928417469706,-1.0599620604828994,1.43701385688904,1.0846828321800215,1.2646701868760963,-0.10264043637505327,-0.986187246810476
2008-05-05 12:00:00+00:00,ME02,-0.054500500304662046,1.2760349541917155,-5.515078874541567,-0.8672024050413354,1.2976823837575977,1.07199629655822,0.7166464255151423,-0.10264043637505327,-0.8073449999795607
2008-05-05 12:10:00+00:00,ME02,-0.054332086141790456,-0.8205496042852234,-5.496462414280333,-0.8672024050413354,1.2976823837575977,1.07199629655822,0.7166464255151423,-0.10264043637505327,-0.8073449999795607
2008-05-05 12:20:00+00:00,ME02,-0.05460717421371584,1.2601645388405034,-5.249612405218592,-0.8672024050413354,1.2976823837575977,1.07199629655822,0.7166464255151423,-0.10264043637505327,-0.8073449999795607
2008-05-05 12:30:00+00:00,ME02,-0.05164858611644066,-0.1701424262617276,-5.350046648526969,-0.8672024050413354,1.2976823837575977,1.07199629655822,0.7166464255151423,-0.10264043637505327,-0.8073449999795607
2008-05-05 12:40:00+00:00,ME02,-0.049439655524335865,1.594107497224973,-5.769140462691842,-0.8672024050413354,1.2976823837575977,1.07199629655822,0.7166464255151423,-0.10264043637505327,-0.8073449999795607
2008-05-05 12:50:00+00:00,ME02,-0.053356372859113134,1.0776838683935956,-5.565418895977968,-0.8672024050413354,1.2976823837575977,1.07199629655822,0.7166464255151423,-0.10264043637505327,-0.8073449999795607
2008-05-05 13:00:00+00:00,ME02,-0.051161704340848,-1.035556798029816,-4.965796128305662,-1.252673706047641,0.9822867660378967,0.9451330096807081,0.548023761360954,-0.10264043637505327,-0.8073449999795607
2008-05-05 13:10:00+00:00,ME02,-0.05406205880509496,0.9093858850643729,-5.1969590126349,-1.252673706047641,0.9822867660378967,0.9451330096807081,0.548023761360954,-0.10264043637505327,-0.8073449999795607
2008-05-05 13:20:00+00:00,ME02,-0.052610193746428925,-0.7713216791492346,-4.677497776513111,-1.252673706047641,0.9822867660378967,0.9451330096807081,0.548023761360954,-0.10264043637505327,-0.8073449999795607
2008-05-05 13:30:00+00:00,ME02,-0.05095821317178528,1.3231027497772307,-5.11074522848813,-1.252673706047641,0.9822867660378967,0.9451330096807081,0.548023761360954,-0.10264043637505327,-0.8073449999795607
2008-05-05 13:40:00+00:00,ME02,-0.05512472830179701,1.7741262477576722,-5.4705539556767855,-1.252673706047641,0.9822867660378967,0.9451330096807081,0.548023761360954,-0.10264043637505327,-0.8073449999795607
2008-05-05 13:50:00+00:00,ME02,-0.051849538288414564,0.807544922194143,-5.3713571770936905,-1.252673706047641,0.9822867660378967,0.9451330096807081,0.548023761360954,-0.10264043637505327,-0.8073449999795607
2008-05-05 14:00:00+00:00,ME02,-0.05099840556587446,-1.0450009578083523,-4.647724184685129,-1.0599620604828994,1.1127516498254362,0.8986163036409339,-0.25293399623128265,-0.10264043637505327,-0.8073449999795607
2008-05-05 14:10:00+00:00,ME02,-0.05056804542276497,-1.0762325471020076,-4.328510101005007,-1.0599620604828994,1.1127516498254362,0.8986163036409339,-0.25293399623128265,-0.10264043637505327,-0.8073449999795607
2008-05-05 14:20:00+00:00,ME02,-0.04840779294929118,0.5478331399900861,-4.026278369457037,-1.0599620604828994,1.1127516498254362,0.8986163036409339,-0.25293399623128265,-0.10264043637505327,-0.8073449999795607
2008-05-05 14:30:00+00:00,ME02,-0.042832053671676,-0.7187188198371394,-3.374915367413055,-1.0599620604828994,1.1127516498254362,0.8986163036409339,-0.25293399623128265,-0.10264043637505327,-0.8073449999795607
2008-05-05 14:40:00+00:00,ME02,-0.049440337944314794,1.0642278497572408,-4.4817155896238,-1.0599620604828994,1.1127516498254362,0.8986163036409339,-0.25293399623128265,-0.10264043637505327,-0.8073449999795607
2008-05-05 14:50:00+00:00,ME02,-0.04826554016053865,1.1120349621506593,-3.663391537735915,-1.0599620604828994,1.1127516498254362,0.8986163036409339,-0.25293399623128265,-0.10264043637505327,-0.8073449999795607
2008-05-05 15:00:00+00:00,ME02,-0.041347020768658184,0.6593543805212861,-2.3886195463056894,-1.0599620604828994,0.9696201718835038,0.792896651559627,-0.12646699811564133,-0.10264043637505327,-0.8073449999795607
2008-05-05 15:10:00+00:00,ME02,-0.03680742486643045,-0.5141457593457606,-2.167712816801212,-1.0599620604828994,0.9696201718835038,0.792896651559627,-0.12646699811564133,-0.10264043637505327,-0.8073449999795607
2008-05-05 15:20:00+00:00,ME02,-0.03244786828555734,0.28153059398710667,-1.8020657386171617,-1.0599620604828994,0.9696201718835038,0.792896651559627,-0.12646699811564133,-0.10264043637505327,-0.8073449999795607
2008-05-05 15:30:00+00:00,ME02,-0.02730350167470498,5.692034575458783,-1.2403875306616268,-1.0599620604828994,0.9696201718835038,0.792896651559627,-0.12646699811564133,-0.10264043637505327,-0.8073449999795607
2008-05-05 15:40:00+00:00,ME02,-0.0289209124434419,3.791245556896374,-1.3648095021216509,-1.0599620604828994,0.9696201718835038,0.792896651559627,-0.12646699811564133,-0.10264043637505327,-0.8073449999795607
2008-05-05 15:50:00+00:00,ME02,-0.025077024815074574,1.0924404554209644,-0.7266680105490901,-1.0599620604828994,0.9696201718835038,0.792896651559627,-0.12646699811564133,-0.10264043637505327,-0.8073449999795607
2008-05-05 16:00:00+00:00,ME02,-0.02199222967843321,-0.8271576981753008,-0.13761751396390798,-0.8672024050413354,0.6580245589742928,0.6744907594765952,-0.16862266415418836,-0.10264043637505327,-0.8073449999795607
2008-05-05 16:10:00+00:00,ME02,-0.023108946396450506,0.5474823049941763,-0.4737674025564944,-0.8672024050413354,0.6580245589742928,0.6744907594765952,-0.16862266415418836,-0.10264043637505327,-0.8073449999795607
2008-05-05 16:20:00+00:00,ME02,-0.023243423959905085,-0.9978410636011077,-0.30923636525591963,-0.8672024050413354,0.6580245589742928,0.6744907594765952,-0.16862266415418836,-0.10264043637505327,-0.8073449999795607
2008-05-05 16:30:00+00:00,ME02,-0.021040356816814886,0.5768997497639913,-0.11152626164199013,-0.8672024050413354,0.6580245589742928,0.6744907594765952,-0.16862266415418836,-0.10264043637505327,-0.8073449999795607
2008-05-05 16:40:00+00:00,ME02,-0.020990877918230465,-0.6652118991324232,-0.020933497929631645,-0.8672024050413354,0.6580245589742928,0.6744907594765952,-0.16862266415418836,-0.10264043637505327,-0.8073449999795607
2008-05-05 16:50:00+00:00,ME02,-0.020924537139533978,1.2186506639719166,-0.08744786083497172,-0.8672024050413354,0.6580245589742928,0.6744907594765952,-0.16862266415418836,-0.10264043637505327,-0.8073449999795607
2008-05-05 17:00:00+00:00,ME02,-0.020605072436988447,-1.0415458849503074,0.1528928667203098,-0.8913033632061338,0.41989428897871245,0.6406605890585889,-0.6744907594765952,-0.10264043637505327,-0.8073449999795607
2008-05-05 17:10:00+00:00,ME02,-0.023333684861637005,-0.9703074060842847,-0.1153656823993487,-0.8913033632061338,0.41989428897871245,0.6406605890585889,-0.6744907594765952,-0.10264043637505327,-0.8073449999795607
2008-05-05 17:20:00+00:00,ME02,-0.022192576665581797,0.5338017631574653,-0.1009189458246445,-0.8913033632061338,0.41989428897871245,0.6406605890585889,-0.6744907594765952,-0.10264043637505327,-0.8073449999795607
2008-05-05 17:30:00+00:00,ME02,-0.02448213377621458,-0.2862457594820894,-0.18739206912667838,-0.8913033632061338,0.41989428897871245,0.6406605890585889,-0.6744907594765952,-0.10264043637505327,-0.8073449999795607
2008-05-05 17:40:00+00:00,ME02,-0.02292196593365994,1.1115419236549384,-0.2563258001737549,-0.8913033632061338,0.41989428897871245,0.6406605890585889,-0.6744907594765952,-0.10264043637505327,-0.8073449999795607
2008-05-05 17:50:00+00:00,ME02,-0.020502616119416048,-0.739041553084611,-0.08829409030179487,-0.8913033632061338,0.41989428897871245,0.6406605890585889,-0.6744907594765952,-0.10264043637505327,-0.8073449999795607
2008-05-05 18:00:00+00:00,ME02,-0.020168109003708547,-0.8936996147106164,-0.03688708251735637,-0.8913033632061338,0.2045640478460723,0.6998635351001216,-0.6744907594765952,-0.10264043637505327,-0.6285027531486452
2008-05-05 18:10:00+00:00,ME02,-0.021766279328237097,1.690168217749813,-0.10182529622167771,-0.8913033632061338,0.2045640478460723,0.6998635351001216,-0.6744907594765952,-0.10264043637505327,-0.6285027531486452
2008-05-05 18:20:00+00:00,ME02,-0.022316872067234456,-0.5130281357772525,-0.10681079907070536,-0.8913033632061338,0.2045640478460723,0.6998635351001216,-0.6744907594765952,-0.10264043637505327,-0.6285027531486452
2008-05-05 18:30:00+00:00,ME02,-0.021620279244244246,2.113678946316976,-0.17530159690796404,-0.8913033632061338,0.2045640478460723,0.6998635351001216,-0.6744907594765952,-0.10264043637505327,-0.6285027531486452
2008-05-05 18:40:00+00:00,ME02,-0.01974876003484907,-0.33484590025614686,-0.1020713210544408,-0.8913033632061338,0.2045640478460723,0.6998635351001216,-0.6744907594765952,-0.10264043637505327,-0.6285027531486452
2008-05-05 18:50:00+00:00,ME02,-0.023728129352223744,0.4739771992846412,-0.05233824228400832,-0.8913033632061338,0.2045640478460723,0.6998635351001216,-0.6744907594765952,-0.10264043637505327,-0.6285027531486452
2008-05-05 19:00:00+00:00,ME02,-0.019892918904211368,1.8636176891347676,-0.07738900651128525,-0.8913033632061338,0.17923085953728599,0.8267271175976764,-0.6744907594765952,-0.10264043637505327,-0.6285027531486452
2008-05-05 19:10:00+00:00,ME02,-0.02392105089473159,-0.7736140002028485,-0.12661972839387015,-0.8913033632061338,0.17923085953728599,0.8267271175976764,-0.6744907594765952,-0.10264043637505327,-0.6285027531486452
2008-05-05 19:20:00+00:00,ME02,-0.01865438086552724,1.0396403809797918,-0.1522307278248782,-0.8913033632061338,0.17923085953728599,0.8267271175976764,-0.6744907594765952,-0.10264043637505327,-0.6285027531486452
2008-05-05 19:30:00+00:00,ME02,-0.02086828205530024,-0.13921107603766472,-0.15328986172104977,-0.8913033632061338,0.17923085953728599,0.8267271175976764,-0.6744907594765952,-0.10264043637505327,-0.6285027531486452
2008-05-05 19:40:00+00:00,ME02,-0.021474338853074284,1.1263657645822214,-0.12283299037785896,-0.8913033632061338,0.17923085953728599,0.8267271175976764,-0.6744907594765952,-0.10264043637505327,-0.6285027531486452
2008-05-05 19:50:00+00:00,ME02,-0.022860842889017526,0.4869272157772698,-0.06848403905479553,-0.8913033632061338,0.17923085953728599,0.8267271175976764,-0.6744907594765952,-0.10264043637505327,-0.6285027531486452
2008-05-05 20:00:00+00:00,ME02,-0.020712391026457187,-0.7746525761737565,-0.18082698192513427,-0.5058800720766513,0.039899652047563926,0.9028451488482122,0.2950897651296714,-0.10264043637505327,-0.6285027531486452
2008-05-05 20:10:00+00:00,ME02,-0.023124152682985708,0.5877944672854702,-0.12310381702875471,-0.5058800720766513,0.039899652047563926,0.9028451488482122,0.2950897651296714,-0.10264043637505327,-0.6285027531486452
2008-05-05 20:20:00+00:00,ME02,-0.021811128379729244,-0.6800368058458186,-0.14810791602779105,-0.5058800720766513,0.039899652047563926,0.9028451488482122,0.2950897651296714,-0.10264043637505327,-0.6285027531486452
2008-05-05 20:30:00+00:00,ME02,-0.02431382224467117,0.7477993857318266,-0.25117678172526164,-0.5058800720766513,0.039899652047563926,0.9028451488482122,0.2950897651296714,-0.10264043637505327,-0.6285027531486452
2008-05-05 20:40:00+00:00,ME02,-0.022543605504039284,0.5399341357635813,-0.09895829250694835,-0.5058800720766513,0.039899652047563926,0.9028451488482122,0.2950897651296714,-0.10264043637505327,-0.6285027531486452
2008-05-05 20:50:00+00:00,ME02,-0.018690335021624076,0.31831550071202613,-0.23498449864401222,-0.5058800720766513,0.039899652047563926,0.9028451488482122,0.2950897651296714,-0.10264043637505327,-0.6285027531486452
2008-05-05 21:00:00+00:00,ME02,-0.023395210274729152,1.4406678604870744,-0.17734720715912639,-0.4817791139118529,0.15389793687022035,0.8394133575994012,0.46371242928385975,-0.10264043637505327,-0.6285027531486452
2008-05-05 21:10:00+00:00,ME02,-0.019738434791722218,-1.0339568682674471,-0.24882483307057415,-0.4817791139118529,0.15389793687022035,0.8394133575994012,0.46371242928385975,-0.10264043637505327,-0.6285027531486452
2008-05-05 21:20:00+00:00,ME02,-0.02104968476024704,1.3253842062400087,-0.18896678578975684,-0.4817791139118529,0.15389793687022035,0.8394133575994012,0.46371242928385975,-0.10264043637505327,-0.6285027531486452
2008-05-05 21:30:00+00:00,ME02,-0.020798217986781185,0.5769065123654434,-0.21844078489635307,-0.4817791139118529,0.15389793687022035,0.8394133575994012,0.46371242928385975,-0.10264043637505327,-0.6285027531486452
2008-05-05 21:40:00+00:00,ME02,-0.019548572068099734,0.2922297051699837,-0.19083001894317753,-0.4817791139118529,0.15389793687022035,0.8394133575994012,0.46371242928385975,-0.10264043637505327,-0.6285027531486452
2008-05-05 21:50:00+00:00,ME02,-0.0207701381061417,1.6890095408769248,-0.17451925183609415,-0.4817791139118529,0.15389793687022035,0.8394133575994012,0.46371242928385975,-0.10264043637505327,-0.6285027531486452
2008-05-05 22:00:00+00:00,ME02,-0.02169728568479178,-0.9966935764630187,-0.1921210120380677,-0.5299810302414497,0.09563208191510851,0.792896651559627,-0.6744907594765952,-0.10264043637505327,-0.6285027531486452
2008-05-05 22:10:00+00:00,ME02,-0.02280398757394341,1.8116517581708964,-0.23515758650290883,-0.5299810302414497,0.09563208191510851,0.792896651559627,-0.6744907594765952,-0.10264043637505327,-0.6285027531486452
2008-05-05 22:20:00+00:00,ME02,-0.02340838252774132,-0.9261002128208425,-0.2671266368651938,-0.5299810302414497,0.09563208191510851,0.792896651559627,-0.6744907594765952,-0.10264043637505327,-0.6285027531486452
2008-05-05 22:30:00+00:00,ME02,-0.02390975476489828,-0.08860914325091819,-0.3082607380347861,-0.5299810302414497,0.09563208191510851,0.792896651559627,-0.6744907594765952,-0.10264043637505327,-0.6285027531486452
2008-05-05 22:40:00+00:00,ME02,-0.022812050358633814,2.107966837531491,-0.18762913986345364,-0.5299810302414497,0.09563208191510851,0.792896651559627,-0.6744907594765952,-0.10264043637505327,-0.6285027531486452
2008-05-05 22:50:00+00:00,ME02,-0.020700223783649708,0.02959644451060329,-0.13495635234429523,-0.5299810302414497,0.09563208191510851,0.792896651559627,-0.6744907594765952,-0.10264043637505327,-0.6285027531486452
2008-05-05 23:00:00+00:00,ME02,-0.023068880898193644,1.446223170235673,-0.24724503103567338,-0.3372693846767074,-0.10956499015070498,0.6914058446855648,-0.6744907594765952,-0.10264043637505327,-0.6285027531486452
2008-05-05 23:10:00+00:00,ME02,-0.02288050143318763,-1.0428277596738926,-0.34787303144556636,-0.3372693846767074,-0.10956499015070498,0.6914058446855648,-0.6744907594765952,-0.10264043637505327,-0.6285027531486452
2008-05-05 23:20:00+00:00,ME02,-0.02316265232092459,1.1667026324929248,-0.19159684039638633,-0.3372693846767074,-0.10956499015070498,0.6914058446855648,-0.6744907594765952,-0.10264043637505327,-0.6285027531486452
2008-05-05 23:30:00+00:00,ME02,-0.023107944043777535,-0.5247348911375532,-0.18337427674369175,-0.3372693846767074,-0.10956499015070498,0.6914058446855648,-0.6744907594765952,-0.10264043637505327,-0.6285027531486452
2008-05-05 23:40:00+00:00,ME02,-0.02024155461267583,-0.453908848181944,-0.1627695888818815,-0.3372693846767074,-0.10956499015070498,0.6914058446855648,-0.6744907594765952,-0.10264043637505327,-0.6285027531486452
2008-05-05 23:50:00+00:00,ME02,-0.021885782729728808,0.9593651481490453,-0.030013314154878172,-0.3372693846767074,-0.10956499015070498,0.6914058446855648,-0.6744907594765952,-0.10264043637505327,-0.6285027531486452
2008-05-06 00:00:00+00:00,ME02,-0.022208258242716734,-0.7635874167471236,-0.22617591617026486,-0.31316842651190907,-0.1741642750038736,0.49688192135203085,-0.5058680953224068,-0.10264043637505327,-0.4496605063177299
2008-05-06 00:10:00+00:00,ME02,-0.021197609582343582,0.9023977397722726,-0.19887054328778686,-0.31316842651190907,-0.1741642750038736,0.49688192135203085,-0.5058680953224068,-0.10264043637505327,-0.4496605063177299
2008-05-06 00:20:00+00:00,ME02,-0.022901516063961486,-0.7706455333922813,-0.2726057891504531,-0.31316842651190907,-0.1741642750038736,0.49688192135203085,-0.5058680953224068,-0.10264043637505327,-0.4496605063177299
2008-05-06 00:30:00+00:00,ME02,-0.02219040645912652,-0.21794176250927583,-0.18215999294721139,-0.31316842651190907,-0.1741642750038736,0.49688192135203085,-0.5058680953224068,-0.10264043637505327,-0.4496605063177299
2008-05-06 00:40:00+00:00,ME02,-0.019099606984017803,0.0644319241969141,-0.06655521446493766,-0.31316842651190907,-0.1741642750038736,0.49688192135203085,-0.5058680953224068,-0.10264043637505327,-0.4496605063177299
2008-05-06 00:50:00+00:00,ME02,-0.02122852705150137,-0.24403989182755134,-0.056034619849752366,-0.31316842651190907,-0.1741642750038736,0.49688192135203085,-0.5058680953224068,-0.10264043637505327,-0.4496605063177299
2008-05-06 01:00:00+00:00,ME02,-0.019334972169906234,1.2128070755976723,-0.318068845630079,-0.12045678094716816,-0.20709720729191933,0.39961995968528063,-0.6744907594765952,-0.10264043637505327,-0.4496605063177299
2008-05-06 01:10:00+00:00,ME02,-0.02374983349844881,-0.8454616983027204,-0.29072876505783424,-0.12045678094716816,-0.20709720729191933,0.39961995968528063,-0.6744907594765952,-0.10264043637505327,-0.4496605063177299
2008-05-06 01:20:00+00:00,ME02,-0.02275659999512515,-0.7770971662835067,-0.2445980689503694,-0.12045678094716816,-0.20709720729191933,0.39961995968528063,-0.6744907594765952,-0.10264043637505327,-0.4496605063177299
2008-05-06 01:30:00+00:00,ME02,-0.024193189964205147,0.8447244280767019,-0.29288627402364104,-0.12045678094716816,-0.20709720729191933,0.39961995968528063,-0.6744907594765952,-0.10264043637505327,-0.4496605063177299
2008-05-06 01:40:00+00:00,ME02,-0.021450872124986056,-0.0015095438543710218,-0.1606896278132275,-0.12045678094716816,-0.20709720729191933,0.39961995968528063,-0.6744907594765952,-0.10264043637505327,-0.4496605063177299
2008-05-06 01:50:00+00:00,ME02,-0.021036392683648993,1.02934469309073,-0.14786486679574057,-0.12045678094716816,-0.20709720729191933,0.39961995968528063,-0.6744907594765952,-0.10264043637505327,-0.4496605063177299
2008-05-06 02:00:00+00:00,ME02,-0.023845469098883694,-0.7961768272239391,-0.2557931463298169,-0.31316842651190907,-0.10196524617144558,0.3531032536454728,-0.6323350934380482,-0.10264043637505327,-0.4496605063177299
2008-05-06 02:10:00+00:00,ME02,-0.024873094901109838,-0.8111699097177852,-0.2530393681834862,-0.31316842651190907,-0.10196524617144558,0.3531032536454728,-0.6323350934380482,-0.10264043637505327,-0.4496605063177299
2008-05-06 02:20:00+00:00,ME02,-0.0192234290694012,1.691186441586641,-0.27080736359871477,-0.31316842651190907,-0.10196524617144558,0.3531032536454728,-0.6323350934380482,-0.10264043637505327,-0.4496605063177299
2008-05-06 02:30:00+00:00,ME02,-0.023735668833763417,-0.060997733941472024,-0.35589807720353545,-0.31316842651190907,-0.10196524617144558,0.3531032536454728,-0.6323350934380482,-0.10264043637505327,-0.4496605063177299
2008-05-06 02:40:00+00:00,ME02,-0.023223113637042297,1.3227249974284996,-0.17852723919687558,-0.31316842651190907,-0.10196524617144558,0.3531032536454728,-0.6323350934380482,-0.10264043637505327,-0.4496605063177299
2008-05-06 02:50:00+00:00,ME02,-0.023995828184706545,0.1582223601111713,-0.16270511352250036,-0.31316842651190907,-0.10196524617144558,0.3531032536454728,-0.6323350934380482,-0.10264043637505327,-0.4496605063177299
2008-05-06 03:00:00+00:00,ME02,-0.02691599520301384,0.014115953452244971,-0.3049985907908461,-0.12045678094716816,-0.2476298835592249,0.26429898239324573,-0.6744907594765952,-0.10264043637505327,-0.4496605063177299
2008-05-06 03:10:00+00:00,ME02,-0.024873646695469844,1.3372663443533312,-0.36063985392586356,-0.12045678094716816,-0.2476298835592249,0.26429898239324573,-0.6744907594765952,-0.10264043637505327,-0.4496605063177299
2008-05-06 03:20:00+00:00,ME02,-0.022550676275094262,-0.7866175098534122,-0.4325011430493251,-0.12045678094716816,-0.2476298835592249,0.26429898239324573,-0.6744907594765952,-0.10264043637505327,-0.4496605063177299
2008-05-06 03:30:00+00:00,ME02,-0.0215689414591331,1.7765185816571665,-0.3575437210101125,-0.12045678094716816,-0.2476298835592249,0.26429898239324573,-0.6744907594765952,-0.10264043637505327,-0.4496605063177299
2008-05-06 03:40:00+00:00,ME02,-0.022072819586325624,0.33239173969878777,-0.3060939887463508,-0.12045678094716816,-0.2476298835592249,0.26429898239324573,-0.6744907594765952,-0.10264043637505327,-0.4496605063177299
2008-05-06 03:50:00+00:00,ME02,-0.019404494585806883,2.1027184213407586,-0.3407776057788413,-0.12045678094716816,-0.2476298835592249,0.26429898239324573,-0.6744907594765952,-0.10264043637505327,-0.4496605063177299
2008-05-06 04:00:00+00:00,ME02,-0.023394523014239894,-1.0122744783935957,-0.4290592305636047,-0.14455773911196654,-0.2374967144923983,0.20086719114446833,-0.6744907594765952,-0.10264043637505327,-0.4496605063177299
2008-05-06 04:10:00+00:00,ME02,-0.0243080301880392,0.30565990704827856,-0.5557808566936735,-0.14455773911196654,-0.2374967144923983,0.20086719114446833,-0.6744907594765952,-0.10264043637505327,-0.4496605063177299
2008-05-06 04:20:00+00:00,ME02,-0.025833107086535138,1.2298935575696501,-0.8324157527577177,-0.14455773911196654,-0.2374967144923983,0.20086719114446833,-0.6744907594765952,-0.10264043637505327,-0.4496605063177299
2008-05-06 04:30:00+00:00,ME02,-0.026331265177353205,-0.17439402851239746,-0.8798091186175808,-0.14455773911196654,-0.2374967144923983,0.20086719114446833,-0.6744907594765952,-0.10264043637505327,-0.4496605063177299
2008-05-06 04:40:00+00:00,ME02,-0.026014468233910275,2.024679175157152,-0.7615053637653286,-0.14455773911196654,-0.2374967144923983,0.20086719114446833,-0.6744907594765952,-0.10264043637505327,-0.4496605063177299
2008-05-06 04:50:00+00:00,ME02,-0.02671224099591254,0.5939260494278017,-0.697482313540059,-0.14455773911196654,-0.2374967144923983,0.20086719114446833,-0.6744907594765952,-0.10264043637505327,-0.4496605063177299
2008-05-06 05:00:00+00:00,ME02,-0.025815235569974542,-1.020098965616424,-0.9016629098967855,-0.31316842651190907,-0.02976621733901755,0.31927308322750003,-0.6744907594765952,-0.10264043637505327,-0.4496605063177299
2008-05-06 05:10:00+00:00,ME02,-0.02815129448782765,0.6371665398281643,-0.8841295022200452,-0.31316842651190907,-0.02976621733901755,0.31927308322750003,-0.6744907594765952,-0.10264043637505327,-0.4496605063177299
2008-05-06 05:20:00+00:00,ME02,-0.03016496326607604,-1.1031100950633599,-0.9009142455658007,-0.31316842651190907,-0.02976621733901755,0.31927308322750003,-0.6744907594765952,-0.10264043637505327,-0.4496605063177299
2008-05-06 05:30:00+00:00,ME02,-0.026629705741387063,0.6132808545317235,-0.8961793747997032,-0.31316842651190907,-0.02976621733901755,0.31927308322750003,-0.6744907594765952,-0.10264043637505327,-0.4496605063177299
2008-05-06 05:40:00+00:00,ME02,-0.026987227137790292,0.3135193342719561,-0.8412274806666095,-0.31316842651190907,-0.02976621733901755,0.31927308322750003,-0.6744907594765952,-0.10264043637505327,-0.4496605063177299
2008-05-06 05:50:00+00:00,ME02,-0.027426557698254382,0.48544198484553425,-0.9576510048410996,-0.31316842651190907,-0.02976621733901755,0.31927308322750003,-0.6744907594765952,-0.10264043637505327,-0.4496605063177299
2008-05-06 06:00:00+00:00,ME02,-0.028586805941641525,0.6752142290121085,-0.9216506315834604,-0.3372693846767074,0.7720228437969492,0.3911625648908006,-0.6744907594765952,-0.10264043637505327,-0.5518560759353959
2008-05-06 06:10:00+00:00,ME02,-0.026866720962927988,-1.082872357700842,-0.9217067962093278,-0.3372693846767074,0.7720228437969492,0.3911625648908006,-0.6744907594765952,-0.10264043637505327,-0.5518560759353959
2008-05-06 06:20:00+00:00,ME02,-0.025481052286306916,0.1719363859969688,-0.6525269210531983,-0.3372693846767074,0.7720228437969492,0.3911625648908006,-0.6744907594765952,-0.10264043637505327,-0.5518560759353959
2008-05-06 06:30:00+00:00,ME02,-0.02335255489048331,-0.2909639067828352,-0.459088488349489,-0.3372693846767074,0.7720228437969492,0.3911625648908006,-0.6744907594765952,-0.10264043637505327,-0.5518560759353959
2008-05-06 06:40:00+00:00,ME02,-0.020464500234503583,-0.051622415619893634,-0.36194982846758955,-0.3372693846767074,0.7720228437969492,0.3911625648908006,-0.6744907594765952,-0.10264043637505327,-0.5518560759353959
2008-05-06 06:50:00+00:00,ME02,-0.021695523803672796,0.46270474160822156,-0.055559659054766466,-0.3372693846767074,0.7720228437969492,0.3911625648908006,-0.6744907594765952,-0.10264043637505327,-0.5518560759353959
2008-05-06 07:00:00+00:00,ME02,-0.016716332717097677,-0.900570589541484,0.28370619365244126,-0.5299810302414497,1.224216775202246,0.5814576430170898,0.04215566603854714,-0.10264043637505327,-0.5518560759353959
2008-05-06 07:10:00+00:00,ME02,-0.01512411453007732,0.12306814716050911,0.4224990830143454,-0.5299810302414497,1.224216775202246,0.5814576430170898,0.04215566603854714,-0.10264043637505327,-0.5518560759353959
2008-05-06 07:20:00+00:00,ME02,-0.014479895948823358,-0.7549063427816857,0.27989507239227207,-0.5299810302414497,1.224216775202246,0.5814576430170898,0.04215566603854714,-0.10264043637505327,-0.5518560759353959
2008-05-06 07:30:00+00:00,ME02,-0.017192380162370784,0.15493096833809525,0.510289531087752,-0.5299810302414497,1.224216775202246,0.5814576430170898,0.04215566603854714,-0.10264043637505327,-0.5518560759353959
2008-05-06 07:40:00+00:00,ME02,-0.018757628495737675,-0.2899500697565513,0.05958806261324174,-0.5299810302414497,1.224216775202246,0.5814576430170898,0.04215566603854714,-0.10264043637505327,-0.5518560759353959
2008-05-06 07:50:00+00:00,ME02,-0.01634134291782893,-0.7861358462257839,0.1598754779582208,-0.5299810302414497,1.224216775202246,0.5814576430170898,0.04215566603854714,-0.10264043637505327,-0.5518560759353959
2008-05-06 08:00:00+00:00,ME02,-0.008541833669191003,0.6037020717649249,0.8572478027158651,-0.3372693846767074,1.406614349688561,0.6491182794731456,0.12646699811564133,-0.10264043637505327,-0.5518560759353959
2008-05-06 08:10:00+00:00,ME02,-0.012350413539304647,-0.36996583836848845,0.9523470599063242,-0.3372693846767074,1.406614349688561,0.6491182794731456,0.12646699811564133,-0.10264043637505327,-0.5518560759353959
2008-05-06 08:20:00+00:00,ME02,-0.005586377765764166,0.10974768521528755,1.1018118596760917,-0.3372693846767074,1.406614349688561,0.6491182794731456,0.12646699811564133,-0.10264043637505327,-0.5518560759353959
2008-05-06 08:30:00+00:00,ME02,-0.004848438642554235,2.2529238016723787,1.0751216572003688,-0.3372693846767074,1.406614349688561,0.6491182794731456,0.12646699811564133,-0.10264043637505327,-0.5518560759353959
2008-05-06 08:40:00+00:00,ME02,-0.017950237266361885,0.7581694348745688,-0.19032831010145482,-0.3372693846767074,1.406614349688561,0.6491182794731456,0.12646699811564133,-0.10264043637505327,-0.5518560759353959
2008-05-06 08:50:00+00:00,ME02,-0.013902486336204768,4.217098035306568,-0.4291450615830117,-0.3372693846767074,1.406614349688561,0.6491182794731456,0.12646699811564133,-0.10264043637505327,-0.5518560759353959
2008-05-06 09:00:00+00:00,ME02,-0.013611678282195847,2.3030487396061625,0.055831896375718594,-0.9395052795357305,1.1279514034256757,0.67871960468384,0.6744907594765952,-0.10264043637505327,-0.5518560759353959
2008-05-06 09:10:00+00:00,ME02,-0.009741622369529116,0.5052561044009598,-0.4093829725409707,-0.9395052795357305,1.1279514034256757,0.67871960468384,0.6744907594765952,-0.10264043637505327,-0.5518560759353959
2008-05-06 09:20:00+00:00,ME02,-0.012747919584410478,-0.23655791617308214,-0.5320566380367917,-0.9395052795357305,1.1279514034256757,0.67871960468384,0.6744907594765952,-0.10264043637505327,-0.5518560759353959
2008-05-06 09:30:00+00:00,ME02,-0.01993430170846337,3.9903666337409427,-0.9940525718094194,-0.9395052795357305,1.1279514034256757,0.67871960468384,0.6744907594765952,-0.10264043637505327,-0.5518560759353959
2008-05-06 09:40:00+00:00,ME02,-0.029142789630640906,0.23832572925821244,-1.5757522629077416,-0.9395052795357305,1.1279514034256757,0.67871960468384,0.6744907594765952,-0.10264043637505327,-0.5518560759353959
2008-05-06 09:50:00+00:00,ME02,-0.021486686916826574,-0.8573570726290757,-1.409228088128521,-0.9395052795357305,1.1279514034256757,0.67871960468384,0.6744907594765952,-0.10264043637505327,-0.5518560759353959
2008-05-06 10:00:00+00:00,ME02,-0.022650630907893057,1.0305354488032388,-1.0977193735831008,-0.4817791139118529,1.1570843309032317,0.6829484498911184,0.7166464255151423,-0.10264043637505327,-0.5518560759353959
2008-05-06 10:10:00+00:00,ME02,-0.028265436766211675,0.5203265148640531,-1.350346940180774,-0.4817791139118529,1.1570843309032317,0.6829484498911184,0.7166464255151423,-0.10264043637505327,-0.5518560759353959
2008-05-06 10:20:00+00:00,ME02,-0.02740949021452196,-0.3816898946799166,-1.3867920481244258,-0.4817791139118529,1.1570843309032317,0.6829484498911184,0.7166464255151423,-0.10264043637505327,-0.5518560759353959
2008-05-06 10:30:00+00:00,ME02,-0.029904994352770192,3.13275332499316,-1.3424755411896758,-0.4817791139118529,1.1570843309032317,0.6829484498911184,0.7166464255151423,-0.10264043637505327,-0.5518560759353959
2008-05-06 10:40:00+00:00,ME02,-0.02887204926685461,0.5358747699550384,-1.8507149759390047,-0.4817791139118529,1.1570843309032317,0.6829484498911184,0.7166464255151423,-0.10264043637505327,-0.5518560759353959
2008-05-06 10:50:00+00:00,ME02,-0.035763608734721786,0.7511816774127984,-2.382314614786461,-0.4817791139118529,1.1570843309032317,0.6829484498911184,0.7166464255151423,-0.10264043637505327,-0.5518560759353959
2008-05-06 11:00:00+00:00,ME02,-0.035109677703454495,0.43716811144941115,-2.2828082606065814,-0.6744907594765939,0.7707562640740264,0.589915333431613,0.7588020915536895,-0.10264043637505327,-0.5518560759353959
2008-05-06 11:10:00+00:00,ME02,-0.03895834514932045,1.476755341949173,-3.459287297844087,-0.6744907594765939,0.7707562640740264,0.589915333431613,0.7588020915536895,-0.10264043637505327,-0.5518560759353959
2008-05-06 11:20:00+00:00,ME02,-0.04193684832170751,0.4110168509599237,-3.4267163248126162,-0.6744907594765939,0.7707562640740264,0.589915333431613,0.7588020915536895,-0.10264043637505327,-0.5518560759353959
2008-05-06 11:30:00+00:00,ME02,-0.04141758230726272,2.44596998236859,-3.5021505153173003,-0.6744907594765939,0.7707562640740264,0.589915333431613,0.7588020915536895,-0.10264043637505327,-0.5518560759353959
2008-05-06 11:40:00+00:00,ME02,-0.05294958566098896,3.825336972515589,-5.32542154802551,-0.6744907594765939,0.7707562640740264,0.589915333431613,0.7588020915536895,-0.10264043637505327,-0.5518560759353959
2008-05-06 11:50:00+00:00,ME02,-0.05123834263608297,-1.0214945079758433,-4.9304412513890705,-0.6744907594765939,0.7707562640740264,0.589915333431613,0.7588020915536895,-0.10264043637505327,-0.5518560759353959
2008-05-06 12:00:00+00:00,ME02,-0.040637923797679436,3.245391951803775,-3.2630375458514234,-0.289067468347112,1.1418845773029922,0.6829484498911184,3.6253878964741006,-0.10264043637505327,-0.6540516455530617
2008-05-06 12:10:00+00:00,ME02,-0.04123474911389837,0.2652996604116613,-2.701952040823197,-0.289067468347112,1.1418845773029922,0.6829484498911184,3.6253878964741006,-0.10264043637505327,-0.6540516455530617
2008-05-06 12:20:00+00:00,ME02,-0.03961776386268599,-0.5799913233693395,-2.521979943261527,-0.289067468347112,1.1418845773029922,0.6829484498911184,3.6253878964741006,-0.10264043637505327,-0.6540516455530617
2008-05-06 12:30:00+00:00,ME02,-0.03439519584737355,1.3353779363906528,-2.2176817967220783,-0.289067468347112,1.1418845773029922,0.6829484498911184,3.6253878964741006,-0.10264043637505327,-0.6540516455530617
2008-05-06 12:40:00+00:00,ME02,-0.04796313316380099,-0.21014976883797643,-3.693967281953695,-0.289067468347112,1.1418845773029922,0.6829484498911184,3.6253878964741006,-0.10264043637505327,-0.6540516455530617
2008-05-06 12:50:00+00:00,ME02,-0.04461647766447325,1.6499682717918607,-3.362791227052084,-0.289067468347112,1.1418845773029922,0.6829484498911184,3.6253878964741006,-0.10264043637505327,-0.6540516455530617
2008-05-06 13:00:00+00:00,ME02,-0.03309145541720529,3.6071362910279947,-1.6778425482395702,-0.289067468347112,1.1418845773029922,0.6829484498911184,3.6253878964741006,-0.10264043637505327,-0.6540516455530617
2008-05-06 13:10:00+00:00,ME02,-0.029555211113284404,1.8814537527904662,-1.3594305588546922,-0.289067468347112,1.1418845773029922,0.6829484498911184,3.6253878964741006,-0.10264043637505327,-0.6540516455530617
2008-05-06 13:20:00+00:00,ME02,-0.022684591805820054,3.78051226200284,-1.0020963793583406,-0.289067468347112,1.1418845773029922,0.6829484498911184,3.6253878964741006,-0.10264043637505327,-0.6540516455530617
2008-05-06 13:30:00+00:00,ME02,-0.02271094092112241,1.7164819998490937,-0.9408196672464926,-0.289067468347112,1.1418845773029922,0.6829484498911184,3.6253878964741006,-0.10264043637505327,-0.6540516455530617
2008-05-06 13:40:00+00:00,ME02,-0.03075408966385202,1.243688144292967,-1.5694251815655336,-0.289067468347112,1.1418845773029922,0.6829484498911184,3.6253878964741006,-0.10264043637505327,-0.6540516455530617
2008-05-06 13:50:00+00:00,ME02,-0.03129326872807401,-0.08732128955472593,-1.4271409970424116,-0.289067468347112,1.1418845773029922,0.6829484498911184,3.6253878964741006,-0.10264043637505327,-0.6540516455530617
2008-05-06 14:00:00+00:00,ME02,-0.02764915254587347,0.432599033187338,-0.9513185761814628,-0.09635582278236979,-0.0006332898614618738,0.28121406760221535,2.234250711482363,-0.10264043637505327,-0.6540516455530617
2008-05-06 14:10:00+00:00,ME02,-0.02998921984072587,2.8320818158049885,-1.1884140842883337,-0.09635582278236979,-0.0006332898614618738,0.28121406760221535,2.234250711482363,-0.10264043637505327,-0.6540516455530617
2008-05-06 14:20:00+00:00,ME02,-0.030483986817478496,0.5745798056454539,-1.2245156623370317,-0.09635582278236979,-0.0006332898614618738,0.28121406760221535,2.234250711482363,-0.10264043637505327,-0.6540516455530617
2008-05-06 14:30:00+00:00,ME02,-0.029757906188673043,-0.22928189634172744,-1.172433870140134,-0.09635582278236979,-0.0006332898614618738,0.28121406760221535,2.234250711482363,-0.10264043637505327,-0.6540516455530617
2008-05-06 14:40:00+00:00,ME02,-0.027274124128239326,0.6124540282301077,-1.594844139442237,-0.09635582278236979,-0.0006332898614618738,0.28121406760221535,2.234250711482363,-0.10264043637505327,-0.6540516455530617
2008-05-06 14:50:00+00:00,ME02,-0.027239366447020085,0.14949338129909626,-1.320143883160668,-0.09635582278236979,-0.0006332898614618738,0.28121406760221535,2.234250711482363,-0.10264043637505327,-0.6540516455530617
2008-05-06 15:00:00+00:00,ME02,-0.016470208438940467,0.6990657997453992,-0.2943723412604221,-0.09635582278236979,0.0690325795251196,0.23046881197523938,1.3911371849917376,-0.10264043637505327,-0.6540516455530617
2008-05-06 15:10:00+00:00,ME02,-0.01901478159394351,-0.38452966923278303,0.02939051934547249,-0.09635582278236979,0.0690325795251196,0.23046881197523938,1.3911371849917376,-0.10264043637505327,-0.6540516455530617
2008-05-06 15:20:00+00:00,ME02,-0.01407456242024796,-0.0734357869607428,0.267198898091117,-0.09635582278236979,0.0690325795251196,0.23046881197523938,1.3911371849917376,-0.10264043637505327,-0.6540516455530617
2008-05-06 15:30:00+00:00,ME02,-0.00982265240397337,0.5770689330959559,0.6968948724459356,-0.09635582278236979,0.0690325795251196,0.23046881197523938,1.3911371849917376,-0.10264043637505327,-0.6540516455530617
2008-05-06 15:40:00+00:00,ME02,-0.015487999369662508,0.9480401686077816,0.05966084281314038,-0.09635582278236979,0.0690325795251196,0.23046881197523938,1.3911371849917376,-0.10264043637505327,-0.6540516455530617
2008-05-06 15:50:00+00:00,ME02,-0.014970846479677108,1.0353853868918623,0.4463641847266922,-0.09635582278236979,0.0690325795251196,0.23046881197523938,1.3911371849917376,-0.10264043637505327,-0.6540516455530617
2008-05-06 16:00:00+00:00,ME02,-0.007180887714102798,0.571196696812779,1.8821827025202236,-0.31316842651190907,-0.08676549257120611,0.13743539989565728,2.1499392765454273,-0.10264043637505327,-0.6540516455530617
2008-05-06 16:10:00+00:00,ME02,-0.005934463330849521,-0.4370930643133669,1.7442346112176268,-0.31316842651190907,-0.08676549257120611,0.13743539989565728,2.1499392765454273,-0.10264043637505327,-0.6540516455530617
2008-05-06 16:20:00+00:00,ME02,-0.007684939359370751,1.109691394397757,1.8411524991460884,-0.31316842651190907,-0.08676549257120611,0.13743539989565728,2.1499392765454273,-0.10264043637505327,-0.6540516455530617
2008-05-06 16:30:00+00:00,ME02,-0.014415874666967483,-0.15691884772950654,0.6229495238957558,-0.31316842651190907,-0.08676549257120611,0.13743539989565728,2.1499392765454273,-0.10264043637505327,-0.6540516455530617
2008-05-06 16:40:00+00:00,ME02,-0.02095502771225307,0.011882289482167711,-0.0968708907293654,-0.31316842651190907,-0.08676549257120611,0.13743539989565728,2.1499392765454273,-0.10264043637505327,-0.6540516455530617
2008-05-06 16:50:00+00:00,ME02,-0.022841261720944455,-0.506807365972272,-0.09143930395854187,-0.31316842651190907,-0.08676549257120611,0.13743539989565728,2.1499392765454273,-0.10264043637505327,-0.6540516455530617
2008-05-06 17:00:00+00:00,ME02,-0.01976087132590465,-0.8772723932096888,0.09685370992394403,0.1204567809471695,-0.28562940038068346,0.15012193551745878,-0.12646699811564133,-0.10264043637505327,-0.6540516455530617
2008-05-06 17:10:00+00:00,ME02,-0.018752101157872587,0.36318723947125786,-0.04234565082000032,0.1204567809471695,-0.28562940038068346,0.15012193551745878,-0.12646699811564133,-0.10264043637505327,-0.6540516455530617
2008-05-06 17:20:00+00:00,ME02,-0.019414142297603597,-0.9068239116793773,-0.12178919782783132,0.1204567809471695,-0.28562940038068346,0.15012193551745878,-0.12646699811564133,-0.10264043637505327,-0.6540516455530617
2008-05-06 17:30:00+00:00,ME02,-0.021930823886636076,1.0835960098472346,-0.13789735606323864,0.1204567809471695,-0.28562940038068346,0.15012193551745878,-0.12646699811564133,-0.10264043637505327,-0.6540516455530617
2008-05-06 17:40:00+00:00,ME02,-0.021275340215004008,-0.5555455459028185,-0.3005280110575028,0.1204567809471695,-0.28562940038068346,0.15012193551745878,-0.12646699811564133,-0.10264043637505327,-0.6540516455530617
2008-05-06 17:50:00+00:00,ME02,-0.02444918527803735,-0.2979085457808431,-0.4045579310196648,0.1204567809471695,-0.28562940038068346,0.15012193551745878,-0.12646699811564133,-0.10264043637505327,-0.6540516455530617
2008-05-06 18:00:00+00:00,ME02,-0.023876661677081152,1.7090778625201757,-0.37999273600386535,-0.09635582278236979,-0.46296039033358527,0.18395210593546513,0.16862266415418845,-0.10264043637505327,-0.7562472151707277
2008-05-06 18:10:00+00:00,ME02,-0.023301464620689556,-0.8103173055911683,-0.26162435793644956,-0.09635582278236979,-0.46296039033358527,0.18395210593546513,0.16862266415418845,-0.10264043637505327,-0.7562472151707277
2008-05-06 18:20:00+00:00,ME02,-0.023037046307509655,1.077916068913635,-0.16337882910575735,-0.09635582278236979,-0.46296039033358527,0.18395210593546513,0.16862266415418845,-0.10264043637505327,-0.7562472151707277
2008-05-06 18:30:00+00:00,ME02,-0.024799211686240347,-0.5151544192717761,-0.20227698888309759,-0.09635582278236979,-0.46296039033358527,0.18395210593546513,0.16862266415418845,-0.10264043637505327,-0.7562472151707277
2008-05-06 18:40:00+00:00,ME02,-0.022727759427078536,-0.6377867095055828,-0.07458302882469756,-0.09635582278236979,-0.46296039033358527,0.18395210593546513,0.16862266415418845,-0.10264043637505327,-0.7562472151707277
2008-05-06 18:50:00+00:00,ME02,-0.02069966577827264,1.5210529798449768,-0.053134546120032426,-0.09635582278236979,-0.46296039033358527,0.18395210593546513,0.16862266415418845,-0.10264043637505327,-0.7562472151707277
2008-05-06 19:00:00+00:00,ME02,-0.02102346619497461,-1.0841924315198999,-0.19379816299668046,0.09635582278237112,-0.42369402814748275,0.23892620676971943,-0.6744907594765952,0.5627527373666715,-0.7562472151707277
2008-05-06 19:10:00+00:00,ME02,-0.02315701530298105,1.859957546181604,-0.1645670956757913,0.09635582278237112,-0.42369402814748275,0.23892620676971943,-0.6744907594765952,0.5627527373666715,-0.7562472151707277
2008-05-06 19:20:00+00:00,ME02,-0.01978562203864843,-1.0240775994071603,-0.07276305851707884,0.09635582278237112,-0.42369402814748275,0.23892620676971943,-0.6744907594765952,0.5627527373666715,-0.7562472151707277
2008-05-06 19:30:00+00:00,ME02,-0.02161274173078844,1.506691124024864,-1.2825844306640835e-05,0.09635582278237112,-0.42369402814748275,0.23892620676971943,-0.6744907594765952,0.5627527373666715,-0.7562472151707277
2008-05-06 19:40:00+00:00,ME02,-0.01973096248605553,-0.3052914737964977,-0.09086255037017445,0.09635582278237112,-0.42369402814748275,0.23892620676971943,-0.6744907594765952,0.5627527373666715,-0.7562472151707277
2008-05-06 19:50:00+00:00,ME02,-0.02021358842641022,0.20206769067544403,-0.046809306820245394,0.09635582278237112,-0.42369402814748275,0.23892620676971943,-0.6744907594765952,0.5627527373666715,-0.7562472151707277
2008-05-06 20:00:00+00:00,ME02,-0.02188039790154887,1.0005081932333542,-0.04363077041501544,0.2890674683471134,-0.5262928298221099,0.3235019284347448,-0.6744907594765952,5.885898127300469,-0.7562472151707277
2008-05-06 20:10:00+00:00,ME02,-0.02185799390350083,-0.8139437385730257,-0.12890223203668802,0.2890674683471134,-0.5262928298221099,0.3235019284347448,-0.6744907594765952,5.885898127300469,-0.7562472151707277
2008-05-06 20:20:00+00:00,ME02,-0.02078605562833767,1.7154888739155052,-0.048714216809453266,0.2890674683471134,-0.5262928298221099,0.3235019284347448,-0.6744907594765952,5.885898127300469,-0.7562472151707277
2008-05-06 20:30:00+00:00,ME02,-0.02170072848286296,0.047543575437159744,-0.09968560517204515,0.2890674683471134,-0.5262928298221099,0.3235019284347448,-0.6744907594765952,5.885898127300469,-0.7562472151707277
2008-05-06 20:40:00+00:00,ME02,-0.01862671955722225,-0.5173742321928396,-0.1253402111226195,0.2890674683471134,-0.5262928298221099,0.3235019284347448,-0.6744907594765952,5.885898127300469,-0.7562472151707277
2008-05-06 20:50:00+00:00,ME02,-0.019699210876698018,1.7268120300112246,-0.05424979981385734,0.2890674683471134,-0.5262928298221099,0.3235019284347448,-0.6744907594765952,5.885898127300469,-0.7562472151707277
2008-05-06 21:00:00+00:00,ME02,-0.023161247586990345,-0.6920185061557237,-0.20732443293443564,0.09635582278237112,-0.6934903850664649,0.2727563771876922,-0.6744907594765952,0.5627527373666715,-0.7562472151707277
2008-05-06 21:10:00+00:00,ME02,-0.020653226507346387,1.4445808218977656,-0.1451337919396405,0.09635582278237112,-0.6934903850664649,0.2727563771876922,-0.6744907594765952,0.5627527373666715,-0.7562472151707277
2008-05-06 21:20:00+00:00,ME02,-0.024833474854251605,-0.889279523961034,-0.17443463690040556,0.09635582278237112,-0.6934903850664649,0.2727563771876922,-0.6744907594765952,0.5627527373666715,-0.7562472151707277
2008-05-06 21:30:00+00:00,ME02,-0.019822815576283105,1.471751790756467,-0.15998873929167065,0.09635582278237112,-0.6934903850664649,0.2727563771876922,-0.6744907594765952,0.5627527373666715,-0.7562472151707277
2008-05-06 21:40:00+00:00,ME02,-0.023477396181930694,0.15798868806638608,-0.03929152456070095,0.09635582278237112,-0.6934903850664649,0.2727563771876922,-0.6744907594765952,0.5627527373666715,-0.7562472151707277
2008-05-06 21:50:00+00:00,ME02,-0.023335317541457963,0.3091928301118022,-0.044574280687843824,0.09635582278237112,-0.6934903850664649,0.2727563771876922,-0.6744907594765952,0.5627527373666715,-0.7562472151707277
2008-05-06 22:00:00+00:00,ME02,-0.022527866053883322,1.7557392925543887,-0.19469726695773656,0.3131684265119104,-0.585825264500145,0.23046881197523938,0.9695805246062666,-0.10264043637505327,-0.7562472151707277
2008-05-06 22:10:00+00:00,ME02,-0.020733761863583756,-0.7976229072182708,-0.10621547840835224,0.3131684265119104,-0.585825264500145,0.23046881197523938,0.9695805246062666,-0.10264043637505327,-0.7562472151707277
2008-05-06 22:20:00+00:00,ME02,-0.02356046896153418,1.9002493486583538,-0.11257637553526988,0.3131684265119104,-0.585825264500145,0.23046881197523938,0.9695805246062666,-0.10264043637505327,-0.7562472151707277
2008-05-06 22:30:00+00:00,ME02,-0.02246721209340431,-0.46357830471498357,-0.07349760795859307,0.3131684265119104,-0.585825264500145,0.23046881197523938,0.9695805246062666,-0.10264043637505327,-0.7562472151707277
2008-05-06 22:40:00+00:00,ME02,-0.0193617408858539,0.5934436411963182,-0.08624728119786995,0.3131684265119104,-0.585825264500145,0.23046881197523938,0.9695805246062666,-0.10264043637505327,-0.7562472151707277
2008-05-06 22:50:00+00:00,ME02,-0.022371850083322622,1.618491780726079,-0.029749146255016297,0.3131684265119104,-0.585825264500145,0.23046881197523938,0.9695805246062666,-0.10264043637505327,-0.7562472151707277
2008-05-06 23:00:00+00:00,ME02,-0.022276185069669933,-0.7536311798311768,-0.21899051480002585,0.09635582278237112,-0.585825264500145,0.1078340746849629,-0.6744907594765952,-0.10264043637505327,-0.7562472151707277
2008-05-06 23:10:00+00:00,ME02,-0.020585589685051135,1.0561877910766877,-0.20559575797658977,0.09635582278237112,-0.585825264500145,0.1078340746849629,-0.6744907594765952,-0.10264043637505327,-0.7562472151707277
2008-05-06 23:20:00+00:00,ME02,-0.019890354433713644,-1.0071996089316448,-0.13706723291129883,0.09635582278237112,-0.585825264500145,0.1078340746849629,-0.6744907594765952,-0.10264043637505327,-0.7562472151707277
2008-05-06 23:30:00+00:00,ME02,-0.02246996697969903,1.5250686900082653,-0.20215536229843004,0.09635582278237112,-0.585825264500145,0.1078340746849629,-0.6744907594765952,-0.10264043637505327,-0.7562472151707277
2008-05-06 23:40:00+00:00,ME02,-0.022813813416373577,-0.08746382092555804,-0.13359732331283666,0.09635582278237112,-0.585825264500145,0.1078340746849629,-0.6744907594765952,-0.10264043637505327,-0.7562472151707277
2008-05-06 23:50:00+00:00,ME02,-0.021253498023425507,-0.5678203599514068,-0.20685026312147817,0.09635582278237112,-0.585825264500145,0.1078340746849629,-0.6744907594765952,-0.10264043637505327,-0.7562472151707277
2008-05-07 00:00:00+00:00,ME02,-0.020950075652059724,0.1856763992162142,-0.19331492619685717,0.6985917176413935,-0.6060916026337978,-0.061317368645155045,-0.6744907594765952,-0.10264043637505327,-0.8584427847883936
2008-05-07 00:10:00+00:00,ME02,-0.021351269571193397,-0.9233561157390338,-0.2327017214282231,0.6985917176413935,-0.6060916026337978,-0.061317368645155045,-0.6744907594765952,-0.10264043637505327,-0.8584427847883936
2008-05-07 00:20:00+00:00,ME02,-0.023985680795596428,2.032277065480512,-0.15376190671402787,0.6985917176413935,-0.6060916026337978,-0.061317368645155045,-0.6744907594765952,-0.10264043637505327,-0.8584427847883936
2008-05-07 00:30:00+00:00,ME02,-0.023556664889274086,-0.11782533173185883,-0.18322546397485134,0.6985917176413935,-0.6060916026337978,-0.061317368645155045,-0.6744907594765952,-0.10264043637505327,-0.8584427847883936
2008-05-07 00:40:00+00:00,ME02,-0.022361862649137965,-0.059456410592458826,-0.2206436677013605,0.6985917176413935,-0.6060916026337978,-0.061317368645155045,-0.6744907594765952,-0.10264043637505327,-0.8584427847883936
2008-05-07 00:50:00+00:00,ME02,-0.024196318999918715,0.40131882071124375,-0.23266861375904832,0.6985917176413935,-0.6060916026337978,-0.061317368645155045,-0.6744907594765952,-0.10264043637505327,-0.8584427847883936
2008-05-07 01:00:00+00:00,ME02,-0.024074617232561914,-1.000442497920124,-0.22390840379961854,0.6985917176413935,-0.6554908682450062,-0.22623967114788435,-0.6744907594765952,-0.10264043637505327,-0.8584427847883936
2008-05-07 01:10:00+00:00,ME02,-0.025036297387303272,1.8998731744007888,-0.22192039707660108,0.6985917176413935,-0.6554908682450062,-0.22623967114788435,-0.6744907594765952,-0.10264043637505327,-0.8584427847883936
2008-05-07 01:20:00+00:00,ME02,-0.023615817510043657,-0.9879617658439589,-0.23332220050832453,0.6985917176413935,-0.6554908682450062,-0.22623967114788435,-0.6744907594765952,-0.10264043637505327,-0.8584427847883936
2008-05-07 01:30:00+00:00,ME02,-0.023531659411132902,0.060516841499164684,-0.3237036223191542,0.6985917176413935,-0.6554908682450062,-0.22623967114788435,-0.6744907594765952,-0.10264043637505327,-0.8584427847883936
2008-05-07 01:40:00+00:00,ME02,-0.024634239894443178,2.191288862546316,-0.20951863531873383,0.6985917176413935,-0.6554908682450062,-0.22623967114788435,-0.6744907594765952,-0.10264043637505327,-0.8584427847883936
2008-05-07 01:50:00+00:00,ME02,-0.022958782582065008,-0.18133794127589262,-0.12807382385625565,0.6985917176413935,-0.6554908682450062,-0.22623967114788435,-0.6744907594765952,-0.10264043637505327,-0.8584427847883936
2008-05-07 02:00:00+00:00,ME02,-0.021834046288416908,1.5713588738791562,-0.351711224958998,0.4817791139118543,-0.6896906458976955,-0.30235799801846325,-0.6744907594765952,-0.10264043637505327,-0.8584427847883936
2008-05-07 02:10:00+00:00,ME02,-0.026194553665669223,-0.7293948162664019,-0.2966390568969432,0.4817791139118543,-0.6896906458976955,-0.30235799801846325,-0.6744907594765952,-0.10264043637505327,-0.8584427847883936
2008-05-07 02:20:00+00:00,ME02,-0.024237030387271506,-0.5309287730758682,-0.2965178490190801,0.4817791139118543,-0.6896906458976955,-0.30235799801846325,-0.6744907594765952,-0.10264043637505327,-0.8584427847883936
2008-05-07 02:30:00+00:00,ME02,-0.02554837550270919,1.153202910997174,-0.34444240303801127,0.4817791139118543,-0.6896906458976955,-0.30235799801846325,-0.6744907594765952,-0.10264043637505327,-0.8584427847883936
2008-05-07 02:40:00+00:00,ME02,-0.02185687439336633,-0.11740077323411668,-0.3055712304231074,0.4817791139118543,-0.6896906458976955,-0.30235799801846325,-0.6744907594765952,-0.10264043637505327,-0.8584427847883936
2008-05-07 02:50:00+00:00,ME02,-0.02233069720555725,2.188644522504901,-0.2181031756177582,0.4817791139118543,-0.6896906458976955,-0.30235799801846325,-0.6744907594765952,-0.10264043637505327,-0.8584427847883936
2008-05-07 03:00:00+00:00,ME02,-0.022218877373713735,-0.8860273740261405,-0.23680900249142833,0.4817791139118543,-0.7580896699196334,-0.33195932322919125,-0.6744907594765952,-0.10264043637505327,-0.8584427847883936
2008-05-07 03:10:00+00:00,ME02,-0.022306552634915048,1.819422363942988,-0.3150037177564897,0.4817791139118543,-0.7580896699196334,-0.33195932322919125,-0.6744907594765952,-0.10264043637505327,-0.8584427847883936
2008-05-07 03:20:00+00:00,ME02,-0.02544791777085178,-1.0274835973152607,-0.23968836149131795,0.4817791139118543,-0.7580896699196334,-0.33195932322919125,-0.6744907594765952,-0.10264043637505327,-0.8584427847883936
2008-05-07 03:30:00+00:00,ME02,-0.022830916442581773,-0.08803464122687582,-0.24719160249619476,0.4817791139118543,-0.7580896699196334,-0.33195932322919125,-0.6744907594765952,-0.10264043637505327,-0.8584427847883936
2008-05-07 03:40:00+00:00,ME02,-0.01973180043318714,1.3165379578223977,-0.18558537109133863,0.4817791139118543,-0.7580896699196334,-0.33195932322919125,-0.6744907594765952,-0.10264043637505327,-0.8584427847883936
2008-05-07 03:50:00+00:00,ME02,-0.02383445112036455,0.3931173782368556,-0.12053482370955997,0.4817791139118543,-0.7580896699196334,-0.33195932322919125,-0.6744907594765952,-0.10264043637505327,-0.8584427847883936
2008-05-07 04:00:00+00:00,ME02,-0.021256532849135593,1.6095532231347447,-0.24577895911344197,0.0,-0.8024223509974286,-0.30658654760566495,-0.6323350934380482,0.5627527373666715,-0.8584427847883936
2008-05-07 04:10:00+00:00,ME02,-0.024773221308888472,0.2491357498009293,-0.6427392099744147,0.0,-0.8024223509974286,-0.30658654760566495,-0.6323350934380482,0.5627527373666715,-0.8584427847883936
2008-05-07 04:20:00+00:00,ME02,-0.02718696178864728,-1.0484309690879128,-0.7586435671200644,0.0,-0.8024223509974286,-0.30658654760566495,-0.6323350934380482,0.5627527373666715,-0.8584427847883936
2008-05-07 04:30:00+00:00,ME02,-0.025964054788394413,1.0168611325616495,-0.6732418388737877,0.0,-0.8024223509974286,-0.30658654760566495,-0.6323350934380482,0.5627527373666715,-0.8584427847883936
2008-05-07 04:40:00+00:00,ME02,-0.025501114750807193,0.011047690821459922,-0.49575341029164044,0.0,-0.8024223509974286,-0.30658654760566495,-0.6323350934380482,0.5627527373666715,-0.8584427847883936
2008-05-07 04:50:00+00:00,ME02,-0.02568905968736212,1.3955566055409634,-0.5522580959831579,0.0,-0.8024223509974286,-0.30658654760566495,-0.6323350934380482,0.5627527373666715,-0.8584427847883936
2008-05-07 05:00:00+00:00,ME02,-0.027416172965797198,-0.8959390375303737,-0.7153639119121986,0.264966510182315,-0.5022264868779676,-0.15857933031190521,-0.3794010972067655,-0.10264043637505327,-0.8584427847883936
2008-05-07 05:10:00+00:00,ME02,-0.02946460414462318,-0.5970047505161922,-0.7377545542144696,0.264966510182315,-0.5022264868779676,-0.15857933031190521,-0.3794010972067655,-0.10264043637505327,-0.8584427847883936
2008-05-07 05:20:00+00:00,ME02,-0.029072031111678175,0.8724891366931314,-0.7811262557838083,0.264966510182315,-0.5022264868779676,-0.15857933031190521,-0.3794010972067655,-0.10264043637505327,-0.8584427847883936
2008-05-07 05:30:00+00:00,ME02,-0.02588715797348736,0.19244177426877582,-0.8389669839479222,0.264966510182315,-0.5022264868779676,-0.15857933031190521,-0.3794010972067655,-0.10264043637505327,-0.8584427847883936
2008-05-07 05:40:00+00:00,ME02,-0.02623640924427585,0.31890908087017655,-0.5988907302608678,0.264966510182315,-0.5022264868779676,-0.15857933031190521,-0.3794010972067655,-0.10264043637505327,-0.8584427847883936
2008-05-07 05:50:00+00:00,ME02,-0.026816746770673177,0.11264227034525759,-0.6718636263414086,0.264966510182315,-0.5022264868779676,-0.15857933031190521,-0.3794010972067655,-0.10264043637505327,-0.8584427847883936
2008-05-07 06:00:00+00:00,ME02,-0.029140048052881142,-1.0714271009614138,-0.9475882721548041,0.6985917176413935,-0.048765975749747066,-0.08246129906140298,0.2950897651296714,-0.10264043637505327,-0.9606383544060595
2008-05-07 06:10:00+00:00,ME02,-0.02908930500371869,0.43689263075645723,-0.7967455883505673,0.6985917176413935,-0.048765975749747066,-0.08246129906140298,0.2950897651296714,-0.10264043637505327,-0.9606383544060595
2008-05-07 06:20:00+00:00,ME02,-0.02761002399088067,-0.9234375501891425,-0.7226378550176048,0.6985917176413935,-0.048765975749747066,-0.08246129906140298,0.2950897651296714,-0.10264043637505327,-0.9606383544060595
2008-05-07 06:30:00+00:00,ME02,-0.026285703722098788,0.1105692529451367,-0.5902588352924123,0.6985917176413935,-0.048765975749747066,-0.08246129906140298,0.2950897651296714,-0.10264043637505327,-0.9606383544060595
2008-05-07 06:40:00+00:00,ME02,-0.022441101776716436,-0.2638064323867466,-0.0722248907575246,0.6985917176413935,-0.048765975749747066,-0.08246129906140298,0.2950897651296714,-0.10264043637505327,-0.9606383544060595
2008-05-07 06:50:00+00:00,ME02,-0.018457612799896026,0.1674323140124879,0.26158486355863003,0.6985917176413935,-0.048765975749747066,-0.08246129906140298,0.2950897651296714,-0.10264043637505327,-0.9606383544060595
2008-05-07 07:00:00+00:00,ME02,-0.019476755144525307,-0.2225827931963661,0.48266261998722926,0.09635582278237112,0.6795574768308689,0.12897800510121082,1.3068258529146437,-0.10264043637505327,-0.9606383544060595
2008-05-07 07:10:00+00:00,ME02,-0.015067628294799698,-0.877776285069838,0.8555566559582595,0.09635582278237112,0.6795574768308689,0.12897800510121082,1.3068258529146437,-0.10264043637505327,-0.9606383544060595
2008-05-07 07:20:00+00:00,ME02,-0.011837190807547247,-0.1930357973075236,1.3138942979394446,0.09635582278237112,0.6795574768308689,0.12897800510121082,1.3068258529146437,-0.10264043637505327,-0.9606383544060595
2008-05-07 07:30:00+00:00,ME02,-0.010242461043018784,-0.5985649074721917,1.734369319687053,0.09635582278237112,0.6795574768308689,0.12897800510121082,1.3068258529146437,-0.10264043637505327,-0.9606383544060595
2008-05-07 07:40:00+00:00,ME02,-0.005958411909354712,-0.11998090305899455,2.0946238499614878,0.09635582278237112,0.6795574768308689,0.12897800510121082,1.3068258529146437,-0.10264043637505327,-0.9606383544060595
2008-05-07 07:50:00+00:00,ME02,-0.0032366434669392555,-0.6348384007341146,2.2944489987782104,0.09635582278237112,0.6795574768308689,0.12897800510121082,1.3068258529146437,-0.10264043637505327,-0.9606383544060595
2008-05-07 08:00:00+00:00,ME02,0.002773212909924693,1.1722465986844803,3.1646179870900006,0.09635582278237112,0.4414274724770087,0.20932488155899143,2.8244300360220227,-0.10264043637505327,-0.9606383544060595
2008-05-07 08:10:00+00:00,ME02,0.006771465739129565,3.072584496766058,2.9848293014814398,0.09635582278237112,0.4414274724770087,0.20932488155899143,2.8244300360220227,-0.10264043637505327,-0.9606383544060595
2008-05-07 08:20:00+00:00,ME02,-0.00017273462239871437,0.3693755474788709,2.8346601913562677,0.09635582278237112,0.4414274724770087,0.20932488155899143,2.8244300360220227,-0.10264043637505327,-0.9606383544060595
2008-05-07 08:30:00+00:00,ME02,0.0009690259395951006,2.8889253495049076,2.752081015311049,0.09635582278237112,0.4414274724770087,0.20932488155899143,2.8244300360220227,-0.10264043637505327,-0.9606383544060595
2008-05-07 08:40:00+00:00,ME02,-0.0045573331667861545,0.4690341586410328,1.7933182499842697,0.09635582278237112,0.4414274724770087,0.20932488155899143,2.8244300360220227,-0.10264043637505327,-0.9606383544060595
2008-05-07 08:50:00+00:00,ME02,-0.009494126858552667,0.005639028090964633,1.8849829700570757,0.09635582278237112,0.4414274724770087,0.20932488155899143,2.8244300360220227,-0.10264043637505327,-0.9606383544060595
2008-05-07 09:00:00+00:00,ME02,-0.001134366586633367,0.11217050844362944,2.5597546329732506,-0.12045678094716816,0.5288262549096763,0.2769852223949706,2.234250711482363,-0.10264043637505327,-0.9606383544060595
2008-05-07 09:10:00+00:00,ME02,-0.003564533550394281,1.580953012128096,2.5569506399416295,-0.12045678094716816,0.5288262549096763,0.2769852223949706,2.234250711482363,-0.10264043637505327,-0.9606383544060595
2008-05-07 09:20:00+00:00,ME02,-0.0006559009822599091,-0.5054606411485738,2.4669168202708707,-0.12045678094716816,0.5288262549096763,0.2769852223949706,2.234250711482363,-0.10264043637505327,-0.9606383544060595
2008-05-07 09:30:00+00:00,ME02,-0.005834020920103305,0.6880837601682732,2.47545554312835,-0.12045678094716816,0.5288262549096763,0.2769852223949706,2.234250711482363,-0.10264043637505327,-0.9606383544060595
2008-05-07 09:40:00+00:00,ME02,-0.01248620499361282,0.952954728596865,1.2571351884846353,-0.12045678094716816,0.5288262549096763,0.2769852223949706,2.234250711482363,-0.10264043637505327,-0.9606383544060595
2008-05-07 09:50:00+00:00,ME02,-0.025679223513213348,5.632892864462919,-0.5819680467552213,-0.12045678094716816,0.5288262549096763,0.2769852223949706,2.234250711482363,-0.10264043637505327,-0.9606383544060595
2008-05-07 10:00:00+00:00,ME02,-0.02986004616051748,-0.312542626160421,-0.9088071912184192,-0.265014520059136,0.36289527938824456,0.2431550519769642,1.9391609463526915,-0.10264043637505327,-0.9606383544060595
2008-05-07 10:10:00+00:00,ME02,-0.030191078383149765,1.0577657306170358,-1.2003315644420702,-0.265014520059136,0.36289527938824456,0.2431550519769642,1.9391609463526915,-0.10264043637505327,-0.9606383544060595
2008-05-07 10:20:00+00:00,ME02,-0.02971744410744676,-0.819973779787843,-1.545444025160038,-0.265014520059136,0.36289527938824456,0.2431550519769642,1.9391609463526915,-0.10264043637505327,-0.9606383544060595
2008-05-07 10:30:00+00:00,ME02,-0.03211528508779062,1.3555966835379676,-1.8260667270540238,-0.265014520059136,0.36289527938824456,0.2431550519769642,1.9391609463526915,-0.10264043637505327,-0.9606383544060595
2008-05-07 10:40:00+00:00,ME02,-0.035675921145759806,1.2765604698689792,-2.3011742596555593,-0.265014520059136,0.36289527938824456,0.2431550519769642,1.9391609463526915,-0.10264043637505327,-0.9606383544060595
2008-05-07 10:50:00+00:00,ME02,-0.036375080785324275,-0.611267239940894,-2.4988811319528663,-0.265014520059136,0.36289527938824456,0.2431550519769642,1.9391609463526915,-0.10264043637505327,-0.9606383544060595
2008-05-07 11:00:00+00:00,ME02,-0.03352478722657438,0.9985569287570023,-2.311408890248216,-0.31316842651190907,0.8125557857059745,0.2981291528112185,0.2950897651296714,-0.10264043637505327,-0.9606383544060595
2008-05-07 11:10:00+00:00,ME02,-0.03615302596966052,-0.3851690299641922,-2.357375692206071,-0.31316842651190907,0.8125557857059745,0.2981291528112185,0.2950897651296714,-0.10264043637505327,-0.9606383544060595
2008-05-07 11:20:00+00:00,ME02,-0.0363299529393854,1.0016547015272748,-2.446767295112006,-0.31316842651190907,0.8125557857059745,0.2981291528112185,0.2950897651296714,-0.10264043637505327,-0.9606383544060595
2008-05-07 11:30:00+00:00,ME02,-0.03327454989939374,0.3380560442098146,-2.659322136446755,-0.31316842651190907,0.8125557857059745,0.2981291528112185,0.2950897651296714,-0.10264043637505327,-0.9606383544060595
2008-05-07 11:40:00+00:00,ME02,-0.04095731831505664,0.9524990088007066,-4.006342750779857,-0.31316842651190907,0.8125557857059745,0.2981291528112185,0.2950897651296714,-0.10264043637505327,-0.9606383544060595
2008-05-07 11:50:00+00:00,ME02,-0.04434221453712701,-0.8657449147442219,-4.040496747778691,-0.31316842651190907,0.8125557857059745,0.2981291528112185,0.2950897651296714,-0.10264043637505327,-0.9606383544060595
2008-05-07 12:00:00+00:00,ME02,-0.04002170964420037,0.34117065649473133,-2.9027840206580384,-0.31316842651190907,0.6732243125745323,0.20509603635171308,1.1382031887604551,-0.10264043637505327,-1.0628339240237255
2008-05-07 12:10:00+00:00,ME02,-0.03374975723161381,-0.09089011934371288,-2.7984550726461794,-0.31316842651190907,0.6732243125745323,0.20509603635171308,1.1382031887604551,-0.10264043637505327,-1.0628339240237255
2008-05-07 12:20:00+00:00,ME02,-0.03958878606392895,-0.7564451159458124,-2.7876267364556924,-0.31316842651190907,0.6732243125745323,0.20509603635171308,1.1382031887604551,-0.10264043637505327,-1.0628339240237255
2008-05-07 12:30:00+00:00,ME02,-0.03532750885345457,0.7742107915117153,-2.671665926033747,-0.31316842651190907,0.6732243125745323,0.20509603635171308,1.1382031887604551,-0.10264043637505327,-1.0628339240237255
2008-05-07 12:40:00+00:00,ME02,-0.04425521317358152,-0.9132338425294263,-3.499956127569761,-0.31316842651190907,0.6732243125745323,0.20509603635171308,1.1382031887604551,-0.10264043637505327,-1.0628339240237255
2008-05-07 12:50:00+00:00,ME02,-0.04174950081488989,0.5889156043742209,-3.1793859185969344,-0.31316842651190907,0.6732243125745323,0.20509603635171308,1.1382031887604551,-0.10264043637505327,-1.0628339240237255
2008-05-07 13:00:00+00:00,ME02,-0.03835559367443633,-0.17607132436000164,-2.2333798928566035,-0.24091356189433766,0.7720228437969492,0.09514753906316141,1.011736190644814,-0.10264043637505327,-1.0628339240237255
2008-05-07 13:10:00+00:00,ME02,-0.036750060461766904,1.939057546429363,-2.3385738989765317,-0.24091356189433766,0.7720228437969492,0.09514753906316141,1.011736190644814,-0.10264043637505327,-1.0628339240237255
2008-05-07 13:20:00+00:00,ME02,-0.03770527094724811,-0.2990540402066123,-1.8613147757270307,-0.24091356189433766,0.7720228437969492,0.09514753906316141,1.011736190644814,-0.10264043637505327,-1.0628339240237255
2008-05-07 13:30:00+00:00,ME02,-0.03560044973298688,1.9216694824183587,-1.9476361794147252,-0.24091356189433766,0.7720228437969492,0.09514753906316141,1.011736190644814,-0.10264043637505327,-1.0628339240237255
2008-05-07 13:40:00+00:00,ME02,-0.03630650419332759,-0.42551630324681006,-2.2000298831303704,-0.24091356189433766,0.7720228437969492,0.09514753906316141,1.011736190644814,-0.10264043637505327,-1.0628339240237255
2008-05-07 13:50:00+00:00,ME02,-0.036260752723106866,0.9305839233148807,-2.072688655284087,-0.24091356189433766,0.7720228437969492,0.09514753906316141,1.011736190644814,-0.10264043637505327,-1.0628339240237255
2008-05-07 14:00:00+00:00,ME02,-0.03237280520553935,1.8964715358762758,-1.6782653876341,-0.07230287449439378,0.8898213990718163,0.01902950781262556,1.0960475227219078,-0.10264043637505327,-1.0628339240237255
2008-05-07 14:10:00+00:00,ME02,-0.03351180193060713,0.8722298098586725,-1.4776184503586847,-0.07230287449439378,0.8898213990718163,0.01902950781262556,1.0960475227219078,-0.10264043637505327,-1.0628339240237255
2008-05-07 14:20:00+00:00,ME02,-0.02762382368217116,1.7199397522428959,-1.199819289558979,-0.07230287449439378,0.8898213990718163,0.01902950781262556,1.0960475227219078,-0.10264043637505327,-1.0628339240237255
2008-05-07 14:30:00+00:00,ME02,-0.02838086157069586,2.7220416946215202,-0.9333654452127702,-0.07230287449439378,0.8898213990718163,0.01902950781262556,1.0960475227219078,-0.10264043637505327,-1.0628339240237255
2008-05-07 14:40:00+00:00,ME02,-0.028727634713051634,-0.2325900499782585,-1.1432373761755583,-0.07230287449439378,0.8898213990718163,0.01902950781262556,1.0960475227219078,-0.10264043637505327,-1.0628339240237255
2008-05-07 14:50:00+00:00,ME02,-0.022947903054864292,0.6643957374876839,-0.7644403385515239,-0.07230287449439378,0.8898213990718163,0.01902950781262556,1.0960475227219078,-0.10264043637505327,-1.0628339240237255
2008-05-07 15:00:00+00:00,ME02,-0.023528616976795574,-0.5035479388341928,-0.2766315507329446,0.3131684265119104,0.1500979320597303,-0.08668984864860468,0.0,-0.10264043637505327,-1.0628339240237255
2008-05-07 15:10:00+00:00,ME02,-0.021984483823911823,0.8595374623155584,-0.0848394495113915,0.3131684265119104,0.1500979320597303,-0.08668984864860468,0.0,-0.10264043637505327,-1.0628339240237255
2008-05-07 15:20:00+00:00,ME02,-0.020796769789039007,-0.7270847482361409,-0.056970436280317165,0.3131684265119104,0.1500979320597303,-0.08668984864860468,0.0,-0.10264043637505327,-1.0628339240237255
2008-05-07 15:30:00+00:00,ME02,-0.022807800423634794,0.16002577737482004,0.14811965742074942,0.3131684265119104,0.1500979320597303,-0.08668984864860468,0.0,-0.10264043637505327,-1.0628339240237255
2008-05-07 15:40:00+00:00,ME02,-0.021976810216369873,-0.2897653814801502,0.13127420572359266,0.3131684265119104,0.1500979320597303,-0.08668984864860468,0.0,-0.10264043637505327,-1.0628339240237255
2008-05-07 15:50:00+00:00,ME02,-0.018232041739621698,0.3565534660895009,0.43673077571517055,0.3131684265119104,0.1500979320597303,-0.08668984864860468,0.0,-0.10264043637505327,-1.0628339240237255
2008-05-07 16:00:00+00:00,ME02,-0.020481892448551874,-0.8027078636966246,0.5331407584306275,-0.265014520059136,-0.05003255547267035,-0.07823245385412463,-0.12646699811564133,-0.10264043637505327,-1.0628339240237255
2008-05-07 16:10:00+00:00,ME02,-0.01850841868561294,0.6098331918487299,0.15685262511699247,-0.265014520059136,-0.05003255547267035,-0.07823245385412463,-0.12646699811564133,-0.10264043637505327,-1.0628339240237255
2008-05-07 16:20:00+00:00,ME02,-0.022136765215956634,-0.37950748015771596,0.10338897284493313,-0.265014520059136,-0.05003255547267035,-0.07823245385412463,-0.12646699811564133,-0.10264043637505327,-1.0628339240237255
2008-05-07 16:30:00+00:00,ME02,-0.01731814791814301,-0.8641235591757608,0.32213438397268807,-0.265014520059136,-0.05003255547267035,-0.07823245385412463,-0.12646699811564133,-0.10264043637505327,-1.0628339240237255
2008-05-07 16:40:00+00:00,ME02,-0.016279115392419587,1.0103285035939433,0.6913266813627308,-0.265014520059136,-0.05003255547267035,-0.07823245385412463,-0.12646699811564133,-0.10264043637505327,-1.0628339240237255
2008-05-07 16:50:00+00:00,ME02,-0.014133289076542337,-0.054768476545267966,0.392237773127225,-0.265014520059136,-0.05003255547267035,-0.07823245385412463,-0.12646699811564133,-0.10264043637505327,-1.0628339240237255
2008-05-07 17:00:00+00:00,ME02,-0.015005815321209834,0.3866898516233167,0.21592286174233713,-0.14455773911196654,-0.18809744888118982,-0.01902950781262556,-0.29508966226982974,-0.10264043637505327,-1.0628339240237255
2008-05-07 17:10:00+00:00,ME02,-0.02307993907264104,-0.7812129179422524,-0.18563686587908168,-0.14455773911196654,-0.18809744888118982,-0.01902950781262556,-0.29508966226982974,-0.10264043637505327,-1.0628339240237255
2008-05-07 17:20:00+00:00,ME02,-0.024189680440916697,1.0108867321365458,-0.25953397402033385,-0.14455773911196654,-0.18809744888118982,-0.01902950781262556,-0.29508966226982974,-0.10264043637505327,-1.0628339240237255
2008-05-07 17:30:00+00:00,ME02,-0.0268863820424041,-0.5833134880439415,-0.6724016772618165,-0.14455773911196654,-0.18809744888118982,-0.01902950781262556,-0.29508966226982974,-0.10264043637505327,-1.0628339240237255
2008-05-07 17:40:00+00:00,ME02,-0.025460466325101495,3.2631359901456194,-0.7414059744663319,-0.14455773911196654,-0.18809744888118982,-0.01902950781262556,-0.29508966226982974,-0.10264043637505327,-1.0628339240237255
2008-05-07 17:50:00+00:00,ME02,-0.022110005040488285,0.5943558021620424,0.0075660049689927275,-0.14455773911196654,-0.18809744888118982,-0.01902950781262556,-0.29508966226982974,-0.10264043637505327,-1.0628339240237255
2008-05-07 18:00:00+00:00,ME02,-0.02121416977136826,-0.5487092663843695,-0.11532073199914993,0.2890674683471134,-0.44269378655821223,0.0063432678109007394,-0.6744907594765952,-0.10264043637505327,-1.1650294936413914
2008-05-07 18:10:00+00:00,ME02,-0.020342675071276555,1.3823174464532082,-0.1749682555789357,0.2890674683471134,-0.44269378655821223,0.0063432678109007394,-0.6744907594765952,-0.10264043637505327,-1.1650294936413914
2008-05-07 18:20:00+00:00,ME02,-0.022550140969317532,-0.8855414885055143,-0.2081686786871483,0.2890674683471134,-0.44269378655821223,0.0063432678109007394,-0.6744907594765952,-0.10264043637505327,-1.1650294936413914
2008-05-07 18:30:00+00:00,ME02,-0.023256143583891775,0.29958889283335505,-0.30137326361292327,0.2890674683471134,-0.44269378655821223,0.0063432678109007394,-0.6744907594765952,-0.10264043637505327,-1.1650294936413914
2008-05-07 18:40:00+00:00,ME02,-0.02060281999642605,1.9514263136824563,-0.1665798165056333,0.2890674683471134,-0.44269378655821223,0.0063432678109007394,-0.6744907594765952,-0.10264043637505327,-1.1650294936413914
2008-05-07 18:50:00+00:00,ME02,-0.02181806798793811,0.23573019743371365,-0.04333634123059268,0.2890674683471134,-0.44269378655821223,0.0063432678109007394,-0.6744907594765952,-0.10264043637505327,-1.1650294936413914
2008-05-07 19:00:00+00:00,ME02,-0.02256574621694284,1.240642757769636,-0.12496682090055462,-0.09635582278236979,-0.5072930714113804,0.17126586593374032,-0.6744907594765952,-0.10264043637505327,-1.1650294936413914
2008-05-07 19:10:00+00:00,ME02,-0.021701280421158105,-1.0568549607740267,-0.19972389168114604,-0.09635582278236979,-0.5072930714113804,0.17126586593374032,-0.6744907594765952,-0.10264043637505327,-1.1650294936413914
2008-05-07 19:20:00+00:00,ME02,-0.021717323254083726,-0.7053976825342169,-0.11427925959227646,-0.09635582278236979,-0.5072930714113804,0.17126586593374032,-0.6744907594765952,-0.10264043637505327,-1.1650294936413914
2008-05-07 19:30:00+00:00,ME02,-0.020569094637845575,1.557969335724785,-0.05582530914769708,-0.09635582278236979,-0.5072930714113804,0.17126586593374032,-0.6744907594765952,-0.10264043637505327,-1.1650294936413914
2008-05-07 19:40:00+00:00,ME02,-0.02083963248869999,-0.1463562849957246,0.12469159799750125,-0.09635582278236979,-0.5072930714113804,0.17126586593374032,-0.6744907594765952,-0.10264043637505327,-1.1650294936413914
2008-05-07 19:50:00+00:00,ME02,-0.019986640442833135,0.9445659784229097,0.03406083272127144,-0.09635582278236979,-0.5072930714113804,0.17126586593374032,-0.6744907594765952,-0.10264043637505327,-1.1650294936413914
2008-05-07 20:00:00+00:00,ME02,-0.022413379944413576,-0.5410927964639332,0.0034326981630317947,-0.289067468347112,-0.5452925882328394,0.3150442380202217,-0.46371242928385975,-0.10264043637505327,-1.1650294936413914
2008-05-07 20:10:00+00:00,ME02,-0.020984376570103512,1.063907403529275,-0.00362099531053902,-0.289067468347112,-0.5452925882328394,0.3150442380202217,-0.46371242928385975,-0.10264043637505327,-1.1650294936413914
2008-05-07 20:20:00+00:00,ME02,-0.02146400844288473,-0.2609893060548578,0.07112847152464623,-0.289067468347112,-0.5452925882328394,0.3150442380202217,-0.46371242928385975,-0.10264043637505327,-1.1650294936413914
2008-05-07 20:30:00+00:00,ME02,-0.020513591590235723,0.6824739700188823,0.05419493707849738,-0.289067468347112,-0.5452925882328394,0.3150442380202217,-0.46371242928385975,-0.10264043637505327,-1.1650294936413914
2008-05-07 20:40:00+00:00,ME02,-0.01788770892207561,1.017436893666135,0.1350427278552138,-0.289067468347112,-0.5452925882328394,0.3150442380202217,-0.46371242928385975,-0.10264043637505327,-1.1650294936413914
2008-05-07 20:50:00+00:00,ME02,-0.018605932201707812,0.1720474585519511,0.26247126623380035,-0.289067468347112,-0.5452925882328394,0.3150442380202217,-0.46371242928385975,-0.10264043637505327,-1.1650294936413914
2008-05-07 21:00:00+00:00,ME02,-0.021646046623308487,0.7934345498232855,-0.04944509586475518,-0.289067468347112,-0.7162901482876844,0.2854429128094937,-0.6744907594765952,-0.10264043637505327,-1.1650294936413914
2008-05-07 21:10:00+00:00,ME02,-0.02126003085413117,-0.6939840187204858,0.0499639568069524,-0.289067468347112,-0.7162901482876844,0.2854429128094937,-0.6744907594765952,-0.10264043637505327,-1.1650294936413914
2008-05-07 21:20:00+00:00,ME02,-0.02029191703419363,-0.9102384740912569,0.08382073893177985,-0.289067468347112,-0.7162901482876844,0.2854429128094937,-0.6744907594765952,-0.10264043637505327,-1.1650294936413914
2008-05-07 21:30:00+00:00,ME02,-0.018920287051615414,1.1081366124895649,0.10942924964496875,-0.289067468347112,-0.7162901482876844,0.2854429128094937,-0.6744907594765952,-0.10264043637505327,-1.1650294936413914
2008-05-07 21:40:00+00:00,ME02,-0.016579308047201098,-0.093372442780411,0.34279499292151344,-0.289067468347112,-0.7162901482876844,0.2854429128094937,-0.6744907594765952,-0.10264043637505327,-1.1650294936413914
2008-05-07 21:50:00+00:00,ME02,-0.015449428935056303,0.17121118347373174,0.30226774796010497,-0.289067468347112,-0.7162901482876844,0.2854429128094937,-0.6744907594765952,-0.10264043637505327,-1.1650294936413914
2008-05-07 22:00:00+00:00,ME02,-0.02115165753151565,-0.9244362103972725,0.08077597222756187,0.264966510182315,-0.7378233317859807,0.3277307736420232,-0.6744907594765952,-0.10264043637505327,-1.1650294936413914
2008-05-07 22:10:00+00:00,ME02,-0.01940554513513898,-1.0378033612776614,0.03563606489412332,0.264966510182315,-0.7378233317859807,0.3277307736420232,-0.6744907594765952,-0.10264043637505327,-1.1650294936413914
2008-05-07 22:20:00+00:00,ME02,-0.01853919100766185,0.8991799390154283,0.10921085757734433,0.264966510182315,-0.7378233317859807,0.3277307736420232,-0.6744907594765952,-0.10264043637505327,-1.1650294936413914
2008-05-07 22:30:00+00:00,ME02,-0.021333300636658847,-0.102642272383663,0.038162414596653906,0.264966510182315,-0.7378233317859807,0.3277307736420232,-0.6744907594765952,-0.10264043637505327,-1.1650294936413914
2008-05-07 22:40:00+00:00,ME02,-0.01423795090598976,0.29130970444364795,0.4975794837255825,0.264966510182315,-0.7378233317859807,0.3277307736420232,-0.6744907594765952,-0.10264043637505327,-1.1650294936413914
2008-05-07 22:50:00+00:00,ME02,-0.017514432234015557,0.34891462679060825,0.34313663214674145,0.264966510182315,-0.7378233317859807,0.3277307736420232,-0.6744907594765952,-0.10264043637505327,-1.1650294936413914
2008-05-07 23:00:00+00:00,ME02,-0.01328653881135066,1.3088850463169677,3.14758675114645,0.6985917176413935,-0.8163555248747448,0.30658684322577523,-0.6744907594765952,-0.10264043637505327,-1.1650294936413914
2008-05-07 23:10:00+00:00,ME02,-0.01987167541216571,-0.877099431878442,0.2595869780666914,0.6985917176413935,-0.8163555248747448,0.30658684322577523,-0.6744907594765952,-0.10264043637505327,-1.1650294936413914
2008-05-07 23:20:00+00:00,ME02,-0.02003465226884587,-0.7767098595707116,0.15414059954783113,0.6985917176413935,-0.8163555248747448,0.30658684322577523,-0.6744907594765952,-0.10264043637505327,-1.1650294936413914
2008-05-07 23:30:00+00:00,ME02,-0.018242885299876253,0.21532000010913963,0.2536133188970263,0.6985917176413935,-0.8163555248747448,0.30658684322577523,-0.6744907594765952,-0.10264043637505327,-1.1650294936413914
2008-05-07 23:40:00+00:00,ME02,-0.020157218531148578,-0.06083825858091615,0.46459589990794375,0.6985917176413935,-0.8163555248747448,0.30658684322577523,-0.6744907594765952,-0.10264043637505327,-1.1650294936413914
2008-05-07 23:50:00+00:00,ME02,-0.01879600824234776,1.0646861296612344,0.5098417965090476,0.6985917176413935,-0.8163555248747448,0.30658684322577523,-0.6744907594765952,-0.10264043637505327,-1.1650294936413914
2008-05-08 00:00:00+00:00,ME02,-0.02044256084164984,-0.9987497680350775,0.14981630080409156,0.264966510182315,-1.0025528385298292,0.10360522947768452,-0.6744907594765952,-0.10264043637505327,-1.2672250632590574
2008-05-08 00:10:00+00:00,ME02,-0.018532335165047546,-0.9852711544839292,0.2264084005269593,0.264966510182315,-1.0025528385298292,0.10360522947768452,-0.6744907594765952,-0.10264043637505327,-1.2672250632590574
2008-05-08 00:20:00+00:00,ME02,-0.02055161321313601,-0.2531852015341757,0.1857267455383274,0.264966510182315,-1.0025528385298292,0.10360522947768452,-0.6744907594765952,-0.10264043637505327,-1.2672250632590574
2008-05-08 00:30:00+00:00,ME02,-0.018865746064382228,-0.19824004471679396,0.27637240688524994,0.264966510182315,-1.0025528385298292,0.10360522947768452,-0.6744907594765952,-0.10264043637505327,-1.2672250632590574
2008-05-08 00:40:00+00:00,ME02,-0.01753979932041217,-0.09397346716104388,0.568119533741977,0.264966510182315,-1.0025528385298292,0.10360522947768452,-0.6744907594765952,-0.10264043637505327,-1.2672250632590574
2008-05-08 00:50:00+00:00,ME02,-0.01636301881107211,0.4986085987305762,0.6327719013321393,0.264966510182315,-1.0025528385298292,0.10360522947768452,-0.6744907594765952,-0.10264043637505327,-1.2672250632590574
2008-05-08 01:00:00+00:00,ME02,-0.018469734839401026,-0.7700545838166215,0.2827102276403179,0.264966510182315,-1.0342191910949523,0.08246129906140298,-0.6744907594765952,-0.10264043637505327,-1.2672250632590574
2008-05-08 01:10:00+00:00,ME02,-0.016681867567070536,1.0470934346790688,0.3001851088192443,0.264966510182315,-1.0342191910949523,0.08246129906140298,-0.6744907594765952,-0.10264043637505327,-1.2672250632590574
2008-05-08 01:20:00+00:00,ME02,-0.02161404144193171,-0.7457522400223107,0.3696022152970028,0.264966510182315,-1.0342191910949523,0.08246129906140298,-0.6744907594765952,-0.10264043637505327,-1.2672250632590574
2008-05-08 01:30:00+00:00,ME02,-0.016943815608204366,0.8759141786878012,0.33424413269322,0.264966510182315,-1.0342191910949523,0.08246129906140298,-0.6744907594765952,-0.10264043637505327,-1.2672250632590574
2008-05-08 01:40:00+00:00,ME02,-0.016857422342089496,-0.1701373529425249,0.6746313199999374,0.264966510182315,-1.0342191910949523,0.08246129906140298,-0.6744907594765952,-0.10264043637505327,-1.2672250632590574
2008-05-08 01:50:00+00:00,ME02,-0.017125974055323952,-0.09449794393768363,0.6587169406250686,0.264966510182315,-1.0342191910949523,0.08246129906140298,-0.6744907594765952,-0.10264043637505327,-1.2672250632590574
2008-05-08 02:00:00+00:00,ME02,-0.017732233393808666,-0.6722397825532214,0.30478004003219844,0.6503898013117968,-1.0684187031059211,-0.0021144226036223773,-0.5480237613609539,-0.10264043637505327,-1.2672250632590574
2008-05-08 02:10:00+00:00,ME02,-0.019068269706313357,-0.9591530902186257,0.28009175310963985,0.6503898013117968,-1.0684187031059211,-0.0021144226036223773,-0.5480237613609539,-0.10264043637505327,-1.2672250632590574
2008-05-08 02:20:00+00:00,ME02,-0.017759876536001945,0.9398458422549092,0.2615550472981831,0.6503898013117968,-1.0684187031059211,-0.0021144226036223773,-0.5480237613609539,-0.10264043637505327,-1.2672250632590574
2008-05-08 02:30:00+00:00,ME02,-0.017194104162172777,-0.08192332905380355,0.3965941441776827,0.6503898013117968,-1.0684187031059211,-0.0021144226036223773,-0.5480237613609539,-0.10264043637505327,-1.2672250632590574
2008-05-08 02:40:00+00:00,ME02,-0.013639239982139777,0.3767227724647824,0.7638120097624481,0.6503898013117968,-1.0684187031059211,-0.0021144226036223773,-0.5480237613609539,-0.10264043637505327,-1.2672250632590574
2008-05-08 02:50:00+00:00,ME02,-0.014928162364372902,0.8880989863238479,0.777263757609464,0.6503898013117968,-1.0684187031059211,-0.0021144226036223773,-0.5480237613609539,-0.10264043637505327,-1.2672250632590574
2008-05-08 03:00:00+00:00,ME02,-0.017503731777666124,-0.6698612136017357,0.43590517461098227,0.8672024050413374,-1.2204167703917568,0.0021144226036559854,-0.6744907594765952,-0.10264043637505327,-1.2672250632590574
2008-05-08 03:10:00+00:00,ME02,-0.018802546181499312,0.6091495494590276,0.4466867638662023,0.8672024050413374,-1.2204167703917568,0.0021144226036559854,-0.6744907594765952,-0.10264043637505327,-1.2672250632590574
2008-05-08 03:20:00+00:00,ME02,-0.01818411760586602,-0.9493260120448516,0.4975095820897626,0.8672024050413374,-1.2204167703917568,0.0021144226036559854,-0.6744907594765952,-0.10264043637505327,-1.2672250632590574
2008-05-08 03:30:00+00:00,ME02,-0.015200652743949475,1.0112609414039657,0.5786365614457136,0.8672024050413374,-1.2204167703917568,0.0021144226036559854,-0.6744907594765952,-0.10264043637505327,-1.2672250632590574
2008-05-08 03:40:00+00:00,ME02,-0.014963735185918375,-0.07914904140678324,0.9457272232020228,0.8672024050413374,-1.2204167703917568,0.0021144226036559854,-0.6744907594765952,-0.10264043637505327,-1.2672250632590574
2008-05-08 03:50:00+00:00,ME02,-0.01359232532837141,1.8409060703214946,0.9915088847859223,0.8672024050413374,-1.2204167703917568,0.0021144226036559854,-0.6744907594765952,-0.10264043637505327,-1.2672250632590574
2008-05-08 04:00:00+00:00,ME02,-0.018002371430273213,-0.37412395542556587,0.4300669363577663,0.8431014468765391,-1.103884794839813,0.04017343822890711,-0.29508966226982974,-0.10264043637505327,-1.2672250632590574
2008-05-08 04:10:00+00:00,ME02,-0.01646482374099533,-0.7783003470723553,0.5698546084910129,0.8431014468765391,-1.103884794839813,0.04017343822890711,-0.29508966226982974,-0.10264043637505327,-1.2672250632590574
2008-05-08 04:20:00+00:00,ME02,-0.018153441310825216,0.2831605745745336,0.689277793894805,0.8431014468765391,-1.103884794839813,0.04017343822890711,-0.29508966226982974,-0.10264043637505327,-1.2672250632590574
2008-05-08 04:30:00+00:00,ME02,-0.015068096623921308,-0.3554580635165228,0.6658729206743154,0.8431014468765391,-1.103884794839813,0.04017343822890711,-0.29508966226982974,-0.10264043637505327,-1.2672250632590574
2008-05-08 04:40:00+00:00,ME02,-0.0119434371478136,1.0508330136063249,1.0892328802601554,0.8431014468765391,-1.103884794839813,0.04017343822890711,-0.29508966226982974,-0.10264043637505327,-1.2672250632590574
2008-05-08 04:50:00+00:00,ME02,-0.010406957366018849,0.7855730744892748,1.117090180390146,0.8431014468765391,-1.103884794839813,0.04017343822890711,-0.29508966226982974,-0.10264043637505327,-1.2672250632590574
2008-05-08 05:00:00+00:00,ME02,-0.017638528692726804,-0.7325541234413643,0.41392480017291156,0.4817791139118543,-0.4059611151013967,0.22201112156071626,-0.46371242928385975,-0.10264043637505327,-1.2672250632590574
2008-05-08 05:10:00+00:00,ME02,-0.019598625714081493,0.318071439350135,0.3339375083364098,0.4817791139118543,-0.4059611151013967,0.22201112156071626,-0.46371242928385975,-0.10264043637505327,-1.2672250632590574
2008-05-08 05:20:00+00:00,ME02,-0.02010347810795984,-0.754423355477683,0.10951637887662609,0.4817791139118543,-0.4059611151013967,0.22201112156071626,-0.46371242928385975,-0.10264043637505327,-1.2672250632590574
2008-05-08 05:30:00+00:00,ME02,-0.024940063441854225,0.3910657835135966,-0.3719705236958257,0.4817791139118543,-0.4059611151013967,0.22201112156071626,-0.46371242928385975,-0.10264043637505327,-1.2672250632590574
2008-05-08 05:40:00+00:00,ME02,-0.02497796177652643,0.0073590656866728684,-0.3788464481982214,0.4817791139118543,-0.4059611151013967,0.22201112156071626,-0.46371242928385975,-0.10264043637505327,-1.2672250632590574
2008-05-08 05:50:00+00:00,ME02,-0.02856535949842718,1.221969457013912,-0.7391311482493155,0.4817791139118543,-0.4059611151013967,0.22201112156071626,-0.46371242928385975,-0.10264043637505327,-1.2672250632590574
2008-05-08 06:00:00+00:00,ME02,-0.026934690874696136,-0.8518565910216073,-0.8519604761054792,0.43357719758225755,0.31856233266872874,0.4038488048925254,-0.2107783301927355,-0.10264043637505327,-1.369420632876723
2008-05-08 06:10:00+00:00,ME02,-0.02546568336439462,-0.9818154304411546,-0.7964126374950207,0.43357719758225755,0.31856233266872874,0.4038488048925254,-0.2107783301927355,-0.10264043637505327,-1.369420632876723
2008-05-08 06:20:00+00:00,ME02,-0.02345131058330921,-0.02531365342986149,-0.6679431992800058,0.43357719758225755,0.31856233266872874,0.4038488048925254,-0.2107783301927355,-0.10264043637505327,-1.369420632876723
2008-05-08 06:30:00+00:00,ME02,-0.025545862146821148,-0.6164505220879201,-0.5240644114052624,0.43357719758225755,0.31856233266872874,0.4038488048925254,-0.2107783301927355,-0.10264043637505327,-1.369420632876723
2008-05-08 06:40:00+00:00,ME02,-0.025067372113855305,0.4487655619036617,-0.40166118222878394,0.43357719758225755,0.31856233266872874,0.4038488048925254,-0.2107783301927355,-0.10264043637505327,-1.369420632876723
2008-05-08 06:50:00+00:00,ME02,-0.018564283496843213,-0.2965940850729358,1.5388236888056233,0.43357719758225755,0.31856233266872874,0.4038488048925254,-0.2107783301927355,-0.10264043637505327,-1.369420632876723
2008-05-08 07:00:00+00:00,ME02,-0.020442844719505422,0.2237140368447046,0.5420710895226484,0.2408655520175166,0.5465594335974829,0.5433986273918386,2.10778361050688,-0.10264043637505327,-1.369420632876723
2008-05-08 07:10:00+00:00,ME02,-0.015976424279264916,-0.8895173896724454,0.8260108454633166,0.2408655520175166,0.5465594335974829,0.5433986273918386,2.10778361050688,-0.10264043637505327,-1.369420632876723
2008-05-08 07:20:00+00:00,ME02,-0.016045133178264573,-0.7272878092206426,1.0442876851505118,0.2408655520175166,0.5465594335974829,0.5433986273918386,2.10778361050688,-0.10264043637505327,-1.369420632876723
2008-05-08 07:30:00+00:00,ME02,-0.012638741164730629,-0.1597983902137343,1.1305861009354252,0.2408655520175166,0.5465594335974829,0.5433986273918386,2.10778361050688,-0.10264043637505327,-1.369420632876723
2008-05-08 07:40:00+00:00,ME02,-0.007083077276669821,-0.47442573649345554,1.802166475448615,0.2408655520175166,0.5465594335974829,0.5433986273918386,2.10778361050688,-0.10264043637505327,-1.369420632876723
2008-05-08 07:50:00+00:00,ME02,0.006087661818849536,1.1637188058019847,3.5934756888360315,0.2408655520175166,0.5465594335974829,0.5433986273918386,2.10778361050688,-0.10264043637505327,-1.369420632876723
2008-05-08 08:00:00+00:00,ME02,0.012706385643968896,-0.3681236486526949,3.8059131609357175,0.6503898013117968,0.7796228534179293,0.7125497751018464,2.4450290416750984,-0.10264043637505327,-1.369420632876723
2008-05-08 08:10:00+00:00,ME02,0.008681517920024494,-0.2948508672212066,3.8960373834658997,0.6503898013117968,0.7796228534179293,0.7125497751018464,2.4450290416750984,-0.10264043637505327,-1.369420632876723
2008-05-08 08:20:00+00:00,ME02,0.009819537510462167,2.150968126552934,3.931330336488069,0.6503898013117968,0.7796228534179293,0.7125497751018464,2.4450290416750984,-0.10264043637505327,-1.369420632876723
2008-05-08 08:30:00+00:00,ME02,0.011860397910239592,1.2702301576436688,3.9158340880164517,0.6503898013117968,0.7796228534179293,0.7125497751018464,2.4450290416750984,-0.10264043637505327,-1.369420632876723
2008-05-08 08:40:00+00:00,ME02,0.0011887257384818899,2.0248432388149067,2.522418062339331,0.6503898013117968,0.7796228534179293,0.7125497751018464,2.4450290416750984,-0.10264043637505327,-1.369420632876723
2008-05-08 08:50:00+00:00,ME02,-0.0041002506393256885,-0.21941386754617923,2.3609267387622492,0.6503898013117968,0.7796228534179293,0.7125497751018464,2.4450290416750984,-0.10264043637505327,-1.369420632876723
2008-05-08 09:00:00+00:00,ME02,-0.00030218472578445445,0.2150539634120749,2.8399621334702556,0.07225486461757274,0.7200904187398942,0.7675241715561774,6.702751928727405,-0.10264043637505327,-1.369420632876723
2008-05-08 09:10:00+00:00,ME02,-0.0015649948963470813,0.05995746363024576,2.7704713672122994,0.07225486461757274,0.7200904187398942,0.7675241715561774,6.702751928727405,-0.10264043637505327,-1.369420632876723
2008-05-08 09:20:00+00:00,ME02,-0.0021693077019082803,0.24531495620186716,2.5668352993212036,0.07225486461757274,0.7200904187398942,0.7675241715561774,6.702751928727405,-0.10264043637505327,-1.369420632876723
2008-05-08 09:30:00+00:00,ME02,0.0006232141886726882,0.29508954945764176,2.1441221674477435,0.07225486461757274,0.7200904187398942,0.7675241715561774,6.702751928727405,-0.10264043637505327,-1.369420632876723
2008-05-08 09:40:00+00:00,ME02,-0.015311676010968164,-0.38131589497135565,0.7813496436954068,0.07225486461757274,0.7200904187398942,0.7675241715561774,6.702751928727405,-0.10264043637505327,-1.369420632876723
2008-05-08 09:50:00+00:00,ME02,-0.013443553548787318,1.1320725968954235,0.6730006499759652,0.07225486461757274,0.7200904187398942,0.7675241715561774,6.702751928727405,-0.10264043637505327,-1.369420632876723
2008-05-08 10:00:00+00:00,ME02,-0.010522350540356537,0.9674955752979552,0.8905185166544175,-0.12045678094716816,0.9746867564169166,0.8817012184319307,6.95568602781853,-0.10264043637505327,-1.369420632876723
2008-05-08 10:10:00+00:00,ME02,-0.015647109688006342,0.7834039950383231,0.38112796909088165,-0.12045678094716816,0.9746867564169166,0.8817012184319307,6.95568602781853,-0.10264043637505327,-1.369420632876723
2008-05-08 10:20:00+00:00,ME02,-0.02059511359328087,-0.6346588859172109,-0.17311379153068168,-0.12045678094716816,0.9746867564169166,0.8817012184319307,6.95568602781853,-0.10264043637505327,-1.369420632876723
2008-05-08 10:30:00+00:00,ME02,-0.01879984043498288,1.5383663934078216,-0.7969795494059064,-0.12045678094716816,0.9746867564169166,0.8817012184319307,6.95568602781853,-0.10264043637505327,-1.369420632876723
2008-05-08 10:40:00+00:00,ME02,-0.02910054327669164,0.7981293435776725,-1.9318831176696545,-0.12045678094716816,0.9746867564169166,0.8817012184319307,6.95568602781853,-0.10264043637505327,-1.369420632876723
2008-05-08 10:50:00+00:00,ME02,-0.03445610972364818,0.10054593076980986,-2.5469614322096747,-0.12045678094716816,0.9746867564169166,0.8817012184319307,6.95568602781853,-0.10264043637505327,-1.369420632876723
2008-05-08 11:00:00+00:00,ME02,-0.0318559853178898,-1.0648556766379014,-1.943358907083741,-0.09635582278236979,1.0620855388495842,0.9028451488482122,2.4871847077136455,-0.10264043637505327,-1.369420632876723
2008-05-08 11:10:00+00:00,ME02,-0.039739044355370776,3.4456001721697787,-3.139425400604129,-0.09635582278236979,1.0620855388495842,0.9028451488482122,2.4871847077136455,-0.10264043637505327,-1.369420632876723
2008-05-08 11:20:00+00:00,ME02,-0.045897058867438174,0.8644569706250489,-4.212622774205597,-0.09635582278236979,1.0620855388495842,0.9028451488482122,2.4871847077136455,-0.10264043637505327,-1.369420632876723
2008-05-08 11:30:00+00:00,ME02,-0.04843299151698162,-1.1863611826248615,-4.512045993593189,-0.09635582278236979,1.0620855388495842,0.9028451488482122,2.4871847077136455,-0.10264043637505327,-1.369420632876723
2008-05-08 11:40:00+00:00,ME02,-0.0526499187456125,1.110158656204505,-5.407485566699303,-0.09635582278236979,1.0620855388495842,0.9028451488482122,2.4871847077136455,-0.10264043637505327,-1.369420632876723
2008-05-08 11:50:00+00:00,ME02,-0.04864890055099922,0.6416297942744462,-5.24424096878575,-0.09635582278236979,1.0620855388495842,0.9028451488482122,2.4871847077136455,-0.10264043637505327,-1.369420632876723
2008-05-08 12:00:00+00:00,ME02,-0.04581206444456836,2.1254557100713765,-4.136370498357334,-0.4817791139118529,1.0253528673927685,0.8140405819758749,2.360717709598004,-0.10264043637505327,-1.471616202494389
2008-05-08 12:10:00+00:00,ME02,-0.043432357958343895,-0.01545828502818652,-3.5290253916832546,-0.4817791139118529,1.0253528673927685,0.8140405819758749,2.360717709598004,-0.10264043637505327,-1.471616202494389
2008-05-08 12:20:00+00:00,ME02,-0.02870677761913512,0.9612846060322571,-2.80838534930005,-0.4817791139118529,1.0253528673927685,0.8140405819758749,2.360717709598004,-0.10264043637505327,-1.471616202494389
2008-05-08 12:30:00+00:00,ME02,-0.03436786568124789,-0.4596849098153159,-3.033935322200707,-0.4817791139118529,1.0253528673927685,0.8140405819758749,2.360717709598004,-0.10264043637505327,-1.471616202494389
2008-05-08 12:40:00+00:00,ME02,-0.0461099538416179,0.7149719222818189,-4.248955779698243,-0.4817791139118529,1.0253528673927685,0.8140405819758749,2.360717709598004,-0.10264043637505327,-1.471616202494389
2008-05-08 12:50:00+00:00,ME02,-0.04443029732282508,0.7077961083095259,-4.02792826816343,-0.4817791139118529,1.0253528673927685,0.8140405819758749,2.360717709598004,-0.10264043637505327,-1.471616202494389
2008-05-08 13:00:00+00:00,ME02,-0.037548148166138696,-0.8501047578632941,-2.680197360371066,-0.6985917176413922,1.1722840845034712,0.7590664811416206,4.510656986143431,-0.10264043637505327,-1.471616202494389
2008-05-08 13:10:00+00:00,ME02,-0.03816258127770194,1.0392119135203546,-2.716248781077973,-0.6985917176413922,1.1722840845034712,0.7590664811416206,4.510656986143431,-0.10264043637505327,-1.471616202494389
2008-05-08 13:20:00+00:00,ME02,-0.039469179400698384,0.505508457668774,-2.6521944268959117,-0.6985917176413922,1.1722840845034712,0.7590664811416206,4.510656986143431,-0.10264043637505327,-1.471616202494389
2008-05-08 13:30:00+00:00,ME02,-0.03911592080248256,1.282879813596405,-2.519599065119833,-0.6985917176413922,1.1722840845034712,0.7590664811416206,4.510656986143431,-0.10264043637505327,-1.471616202494389
2008-05-08 13:40:00+00:00,ME02,-0.04173642311744859,1.675724048153635,-3.177458143017737,-0.6985917176413922,1.1722840845034712,0.7590664811416206,4.510656986143431,-0.10264043637505327,-1.471616202494389
2008-05-08 13:50:00+00:00,ME02,-0.04204746951388023,0.5152790946587524,-2.951979988504452,-0.6985917176413922,1.1722840845034712,0.7590664811416206,4.510656986143431,-0.10264043637505327,-1.471616202494389
2008-05-08 14:00:00+00:00,ME02,-0.03859042820132112,-0.8718065374934513,-2.3637695612940255,-1.1081159669356737,0.8606884715942602,0.6068304186406162,7.166464358011265,-0.10264043637505327,-1.471616202494389
2008-05-08 14:10:00+00:00,ME02,-0.035964308218227777,-0.1487596243390618,-2.158898633076393,-1.1081159669356737,0.8606884715942602,0.6068304186406162,7.166464358011265,-0.10264043637505327,-1.471616202494389
2008-05-08 14:20:00+00:00,ME02,-0.035861524599654644,-0.19453174952579178,-2.071375400454239,-1.1081159669356737,0.8606884715942602,0.6068304186406162,7.166464358011265,-0.10264043637505327,-1.471616202494389
2008-05-08 14:30:00+00:00,ME02,-0.034845410367527654,-0.754871146475924,-1.8349825909993662,-1.1081159669356737,0.8606884715942602,0.6068304186406162,7.166464358011265,-0.10264043637505327,-1.471616202494389
2008-05-08 14:40:00+00:00,ME02,-0.03675272359041858,0.6153924265253589,-2.2099835020334724,-1.1081159669356737,0.8606884715942602,0.6068304186406162,7.166464358011265,-0.10264043637505327,-1.471616202494389
2008-05-08 14:50:00+00:00,ME02,-0.035257974639875934,-0.9326185106662717,-1.965975320110704,-1.1081159669356737,0.8606884715942602,0.6068304186406162,7.166464358011265,-0.10264043637505327,-1.471616202494389
2008-05-08 15:00:00+00:00,ME02,-0.03024143015483905,0.4395861166517947,0.21483602033497617,-1.0599620604828994,0.8429552929064535,0.5095684569738324,2.9508971369975057,-0.10264043637505327,-1.471616202494389
2008-05-08 15:10:00+00:00,ME02,-0.031124947232979094,0.006672220290158558,-1.2083786207766252,-1.0599620604828994,0.8429552929064535,0.5095684569738324,2.9508971369975057,-0.10264043637505327,-1.471616202494389
2008-05-08 15:20:00+00:00,ME02,-0.028111298648792377,6.265242416281696,-0.8976450294040732,-1.0599620604828994,0.8429552929064535,0.5095684569738324,2.9508971369975057,-0.10264043637505327,-1.471616202494389
2008-05-08 15:30:00+00:00,ME02,-0.02753466807629053,0.31390626390187554,-0.5623670882962488,-1.0599620604828994,0.8429552929064535,0.5095684569738324,2.9508971369975057,-0.10264043637505327,-1.471616202494389
2008-05-08 15:40:00+00:00,ME02,-0.02515438108690839,-0.26966045860164034,-0.7456325238858107,-1.0599620604828994,0.8429552929064535,0.5095684569738324,2.9508971369975057,-0.10264043637505327,-1.471616202494389
2008-05-08 15:50:00+00:00,ME02,-0.02310187962173514,-0.6528447860546863,-0.19311439615013187,-1.0599620604828994,0.8429552929064535,0.5095684569738324,2.9508971369975057,-0.10264043637505327,-1.471616202494389
2008-05-08 16:00:00+00:00,ME02,-0.018017882315610103,-0.4622761311585093,0.5718235107801743,-1.2767266543356168,0.7808894331408521,0.4630517509340581,-0.5058680953224068,-0.10264043637505327,-1.471616202494389
2008-05-08 16:10:00+00:00,ME02,-0.01984998553675261,0.40778484784386626,0.13376572548351504,-1.2767266543356168,0.7808894331408521,0.4630517509340581,-0.5058680953224068,-0.10264043637505327,-1.471616202494389
2008-05-08 16:20:00+00:00,ME02,-0.02063475969132194,-0.8906794097765618,-0.013207032520257678,-1.2767266543356168,0.7808894331408521,0.4630517509340581,-0.5058680953224068,-0.10264043637505327,-1.471616202494389
2008-05-08 16:30:00+00:00,ME02,-0.018408366836978395,0.12406330631955093,0.36527691577577837,-1.2767266543356168,0.7808894331408521,0.4630517509340581,-0.5058680953224068,-0.10264043637505327,-1.471616202494389
2008-05-08 16:40:00+00:00,ME02,-0.01773678128549101,-0.7169392033410182,0.622493494106402,-1.2767266543356168,0.7808894331408521,0.4630517509340581,-0.5058680953224068,-0.10264043637505327,-1.471616202494389
2008-05-08 16:50:00+00:00,ME02,-0.01934587777007235,0.6118294668144896,0.4436782087382688,-1.2767266543356168,0.7808894331408521,0.4630517509340581,-0.5058680953224068,-0.10264043637505327,-1.471616202494389
2008-05-08 17:00:00+00:00,ME02,-0.01830580074842284,-0.6421136485923542,0.4486102639713205,-0.8913033632061338,0.5972252789316143,0.37424718406172075,-0.590179427399501,-0.10264043637505327,-1.471616202494389
2008-05-08 17:10:00+00:00,ME02,-0.021030917121382598,-0.776892478612326,0.1798854867971628,-0.8913033632061338,0.5972252789316143,0.37424718406172075,-0.590179427399501,-0.10264043637505327,-1.471616202494389
2008-05-08 17:20:00+00:00,ME02,-0.0203898610367435,0.5948794740821044,0.005434202768919502,-0.8913033632061338,0.5972252789316143,0.37424718406172075,-0.590179427399501,-0.10264043637505327,-1.471616202494389
2008-05-08 17:30:00+00:00,ME02,-0.020200215133162946,-0.539077068594174,-0.20103896463800486,-0.8913033632061338,0.5972252789316143,0.37424718406172075,-0.590179427399501,-0.10264043637505327,-1.471616202494389
2008-05-08 17:40:00+00:00,ME02,-0.02209988267044266,1.0101892177106573,-0.38457007206136135,-0.8913033632061338,0.5972252789316143,0.37424718406172075,-0.590179427399501,-0.10264043637505327,-1.471616202494389
2008-05-08 17:50:00+00:00,ME02,-0.018112929332476164,0.28575882191438373,-0.0031231094752189434,-0.8913033632061338,0.5972252789316143,0.37424718406172075,-0.590179427399501,-0.10264043637505327,-1.471616202494389
2008-05-08 18:00:00+00:00,ME02,-0.02010533186201766,-1.0036615002656504,-0.16408033897445698,-0.8672024050413354,-0.2083637870148426,0.18395210593546513,-0.6744907594765952,-0.10264043637505327,-1.573811772112055
2008-05-08 18:10:00+00:00,ME02,-0.018203570213062376,1.29203910872309,-0.11752418235165876,-0.8672024050413354,-0.2083637870148426,0.18395210593546513,-0.6744907594765952,-0.10264043637505327,-1.573811772112055
2008-05-08 18:20:00+00:00,ME02,-0.0216979637144826,-0.7543202241367628,-0.09623671965855103,-0.8672024050413354,-0.2083637870148426,0.18395210593546513,-0.6744907594765952,-0.10264043637505327,-1.573811772112055
2008-05-08 18:30:00+00:00,ME02,-0.017239703401589198,0.8253208662905209,-0.19091718538283525,-0.8672024050413354,-0.2083637870148426,0.18395210593546513,-0.6744907594765952,-0.10264043637505327,-1.573811772112055
2008-05-08 18:40:00+00:00,ME02,-0.01734977851940597,-0.45563718263607045,-0.03576224097384188,-0.8672024050413354,-0.2083637870148426,0.18395210593546513,-0.6744907594765952,-0.10264043637505327,-1.573811772112055
2008-05-08 18:50:00+00:00,ME02,-0.018728475142320844,-0.5158280940987856,-0.04160232607878811,-0.8672024050413354,-0.2083637870148426,0.18395210593546513,-0.6744907594765952,-0.10264043637505327,-1.573811772112055
2008-05-08 19:00:00+00:00,ME02,-0.020222572543879925,-0.9368352597632937,-0.03420143129302916,-0.3372693846767074,-0.5022264868779676,0.14589309031021402,-0.6744907594765952,-0.10264043637505327,-1.573811772112055
2008-05-08 19:10:00+00:00,ME02,-0.02014547694070682,-0.5285788764256468,-0.1720289170033733,-0.3372693846767074,-0.5022264868779676,0.14589309031021402,-0.6744907594765952,-0.10264043637505327,-1.573811772112055
2008-05-08 19:20:00+00:00,ME02,-0.022657629438613873,1.5227049136916813,-0.0667668317819308,-0.3372693846767074,-0.5022264868779676,0.14589309031021402,-0.6744907594765952,-0.10264043637505327,-1.573811772112055
2008-05-08 19:30:00+00:00,ME02,-0.015313600780676328,-0.6757837234619255,-0.16905621482463032,-0.3372693846767074,-0.5022264868779676,0.14589309031021402,-0.6744907594765952,-0.10264043637505327,-1.573811772112055
2008-05-08 19:40:00+00:00,ME02,-0.017349238372791898,2.233593345187486,-0.09342596748292269,-0.3372693846767074,-0.5022264868779676,0.14589309031021402,-0.6744907594765952,-0.10264043637505327,-1.573811772112055
2008-05-08 19:50:00+00:00,ME02,0.02305205807901409,-0.07767113222257419,3.0624831741855068,-0.3372693846767074,-0.5022264868779676,0.14589309031021402,-0.6744907594765952,-0.10264043637505327,-1.573811772112055
2008-05-08 20:00:00+00:00,ME02,-0.018667486051512708,-0.7406958759016194,-0.15192984472026133,-0.31316842651190907,-0.5934252741211251,0.20932488155899143,-0.6744907594765952,-0.10264043637505327,-1.573811772112055
2008-05-08 20:10:00+00:00,ME02,-0.01660661365643807,0.6567348404388473,-0.0696384787626809,-0.31316842651190907,-0.5934252741211251,0.20932488155899143,-0.6744907594765952,-0.10264043637505327,-1.573811772112055
2008-05-08 20:20:00+00:00,ME02,-0.018379845206894112,-0.9636815774999526,-0.17387327967844132,-0.31316842651190907,-0.5934252741211251,0.20932488155899143,-0.6744907594765952,-0.10264043637505327,-1.573811772112055
2008-05-08 20:30:00+00:00,ME02,-0.018409512595780615,1.2089380086224109,-0.16284631460257343,-0.31316842651190907,-0.5934252741211251,0.20932488155899143,-0.6744907594765952,-0.10264043637505327,-1.573811772112055
2008-05-08 20:40:00+00:00,ME02,-0.0176010142295799,0.009842809627982394,-0.07556595925587768,-0.31316842651190907,-0.5934252741211251,0.20932488155899143,-0.6744907594765952,-0.10264043637505327,-1.573811772112055
2008-05-08 20:50:00+00:00,ME02,-0.016793945902552204,0.5984128951856362,-0.1310795378062264,-0.31316842651190907,-0.5934252741211251,0.20932488155899143,-0.6744907594765952,-0.10264043637505327,-1.573811772112055
2008-05-08 21:00:00+00:00,ME02,-0.01798331560215501,-0.8693076269501032,-0.2361272462997144,0.07225486461757274,-0.585825264500145,0.21355343114619313,-0.6744907594765952,-0.10264043637505327,-1.573811772112055
2008-05-08 21:10:00+00:00,ME02,-0.016365392864743738,-0.8432564490305975,-0.24327334432693837,0.07225486461757274,-0.585825264500145,0.21355343114619313,-0.6744907594765952,-0.10264043637505327,-1.573811772112055
2008-05-08 21:20:00+00:00,ME02,-0.02102321985283016,0.7572732246768533,-0.17712145841478377,0.07225486461757274,-0.585825264500145,0.21355343114619313,-0.6744907594765952,-0.10264043637505327,-1.573811772112055
2008-05-08 21:30:00+00:00,ME02,-0.01822597403506968,0.09991417903423266,-0.11337444741946312,0.07225486461757274,-0.585825264500145,0.21355343114619313,-0.6744907594765952,-0.10264043637505327,-1.573811772112055
2008-05-08 21:40:00+00:00,ME02,-0.01867364490782545,1.6441350053115904,-0.04013035945554839,0.07225486461757274,-0.585825264500145,0.21355343114619313,-0.6744907594765952,-0.10264043637505327,-1.573811772112055
2008-05-08 21:50:00+00:00,ME02,-0.021781584530530432,0.23840466671668922,0.004821676464917565,0.07225486461757274,-0.585825264500145,0.21355343114619313,-0.6744907594765952,-0.10264043637505327,-1.573811772112055
2008-05-08 22:00:00+00:00,ME02,-0.020837572532334016,-0.8460026881022438,-0.21006970004526745,-0.12045678094716816,-0.726423317354511,0.19240979634998825,-0.6744907594765952,-0.10264043637505327,-1.573811772112055
2008-05-08 22:10:00+00:00,ME02,-0.018863921238411446,0.3167596139991538,-0.16960587979760908,-0.12045678094716816,-0.726423317354511,0.19240979634998825,-0.6744907594765952,-0.10264043637505327,-1.573811772112055
2008-05-08 22:20:00+00:00,ME02,-0.020880278089599018,-0.8668414501585779,-0.1582403558088839,-0.12045678094716816,-0.726423317354511,0.19240979634998825,-0.6744907594765952,-0.10264043637505327,-1.573811772112055
2008-05-08 22:30:00+00:00,ME02,-0.021290107747804037,0.7686199225388772,-0.15994222982488995,-0.12045678094716816,-0.726423317354511,0.19240979634998825,-0.6744907594765952,-0.10264043637505327,-1.573811772112055
2008-05-08 22:40:00+00:00,ME02,-0.020958785640032816,-0.12582771696198636,0.032523934633176974,-0.12045678094716816,-0.726423317354511,0.19240979634998825,-0.6744907594765952,-0.10264043637505327,-1.573811772112055
2008-05-08 22:50:00+00:00,ME02,-0.021701140068053213,0.2484513065136856,0.0435969400458125,-0.12045678094716816,-0.726423317354511,0.19240979634998825,-0.6744907594765952,-0.10264043637505327,-1.573811772112055
2008-05-08 23:00:00+00:00,ME02,-0.020080577543073456,1.1646481279877643,-0.11289115587642896,-0.09635582278236979,-0.7137569888418384,0.14589309031021402,-0.6323350934380482,-0.10264043637505327,-1.573811772112055
2008-05-08 23:10:00+00:00,ME02,-0.020090335878432838,-0.8489400266081321,-0.09452825583213441,-0.09635582278236979,-0.7137569888418384,0.14589309031021402,-0.6323350934380482,-0.10264043637505327,-1.573811772112055
2008-05-08 23:20:00+00:00,ME02,-0.017754840567387076,0.31301725728283375,-0.0636822841703645,-0.09635582278236979,-0.7137569888418384,0.14589309031021402,-0.6323350934380482,-0.10264043637505327,-1.573811772112055
2008-05-08 23:30:00+00:00,ME02,-0.02096509585381912,0.15418918984565522,-0.09539547689293405,-0.09635582278236979,-0.7137569888418384,0.14589309031021402,-0.6323350934380482,-0.10264043637505327,-1.573811772112055
2008-05-08 23:40:00+00:00,ME02,-0.019174316522834085,0.3358150865196751,0.18630835750030889,-0.09635582278236979,-0.7137569888418384,0.14589309031021402,-0.6323350934380482,-0.10264043637505327,-1.573811772112055
2008-05-08 23:50:00+00:00,ME02,-0.017014004717897775,1.1220426479993948,0.18546240337175243,-0.09635582278236979,-0.7137569888418384,0.14589309031021402,-0.6323350934380482,-0.10264043637505327,-1.573811772112055
2008-05-09 00:00:00+00:00,ME02,-0.01965268524920104,-0.9883092458833298,0.035749884329868614,0.6744907594765952,-0.7099569840313483,-0.061317368645155045,-0.6323350934380482,-0.10264043637505327,-1.676007341729721
2008-05-09 00:10:00+00:00,ME02,-0.01936745579158924,-0.09232075292405194,-0.04153098891484953,0.6744907594765952,-0.7099569840313483,-0.061317368645155045,-0.6323350934380482,-0.10264043637505327,-1.676007341729721
2008-05-09 00:20:00+00:00,ME02,-0.02120100698012595,-1.0566450037792654,-0.04704207012750949,0.6744907594765952,-0.7099569840313483,-0.061317368645155045,-0.6323350934380482,-0.10264043637505327,-1.676007341729721
2008-05-09 00:30:00+00:00,ME02,-0.01810860742193934,0.44980806448621274,-0.021709529794038434,0.6744907594765952,-0.7099569840313483,-0.061317368645155045,-0.6323350934380482,-0.10264043637505327,-1.676007341729721
2008-05-09 00:40:00+00:00,ME02,-0.017647033058112285,-0.386633869199639,0.18821989122092145,0.6744907594765952,-0.7099569840313483,-0.061317368645155045,-0.6323350934380482,-0.10264043637505327,-1.676007341729721
2008-05-09 00:50:00+00:00,ME02,-0.020265713811059863,0.4865870219447617,0.19206614967439034,0.6744907594765952,-0.7099569840313483,-0.061317368645155045,-0.6323350934380482,-0.10264043637505327,-1.676007341729721
2008-05-09 01:00:00+00:00,ME02,-0.01974611821478625,1.688836833197409,0.05145307842582814,0.2890674683471134,-1.0101528481508093,-0.22201112156071626,-0.6744907594765952,-0.10264043637505327,-1.676007341729721
2008-05-09 01:10:00+00:00,ME02,-0.01945660395616273,-0.981426679021109,0.002100698204555669,0.2890674683471134,-1.0101528481508093,-0.22201112156071626,-0.6744907594765952,-0.10264043637505327,-1.676007341729721
2008-05-09 01:20:00+00:00,ME02,-0.017051818544269293,0.43085700728584125,0.03126259790160931,0.2890674683471134,-1.0101528481508093,-0.22201112156071626,-0.6744907594765952,-0.10264043637505327,-1.676007341729721
2008-05-09 01:30:00+00:00,ME02,-0.01895630915494049,-0.2029552645265547,0.06726667390234932,0.2890674683471134,-1.0101528481508093,-0.22201112156071626,-0.6744907594765952,-0.10264043637505327,-1.676007341729721
2008-05-09 01:40:00+00:00,ME02,-0.014473009976933059,0.5884774795991333,0.32000174898121214,0.2890674683471134,-1.0101528481508093,-0.22201112156071626,-0.6744907594765952,-0.10264043637505327,-1.676007341729721
2008-05-09 01:50:00+00:00,ME02,-0.012334992757280998,1.0278846128421224,0.4048434193552506,0.2890674683471134,-1.0101528481508093,-0.22201112156071626,-0.6744907594765952,-0.10264043637505327,-1.676007341729721
2008-05-09 02:00:00+00:00,ME02,-0.0218782469694208,-0.9046485936761395,0.07665330516574499,0.264966510182315,-1.1254179783381093,-0.2981291528112185,-0.6744907594765952,-0.10264043637505327,-1.676007341729721
2008-05-09 02:10:00+00:00,ME02,-0.017769659722925886,1.128419220047625,0.17513656168285605,0.264966510182315,-1.1254179783381093,-0.2981291528112185,-0.6744907594765952,-0.10264043637505327,-1.676007341729721
2008-05-09 02:20:00+00:00,ME02,-0.018800271332185082,-1.0983855951677417,0.11615442133819061,0.264966510182315,-1.1254179783381093,-0.2981291528112185,-0.6744907594765952,-0.10264043637505327,-1.676007341729721
2008-05-09 02:30:00+00:00,ME02,-0.02011623252788403,-0.44517118733722844,0.1006028003955647,0.264966510182315,-1.1254179783381093,-0.2981291528112185,-0.6744907594765952,-0.10264043637505327,-1.676007341729721
2008-05-09 02:40:00+00:00,ME02,-0.017339183352119727,-0.7416730069746486,0.4314110260302918,0.264966510182315,-1.1254179783381093,-0.2981291528112185,-0.6744907594765952,-0.10264043637505327,-1.676007341729721
2008-05-09 02:50:00+00:00,ME02,-0.01717615456451692,0.8058100684152787,0.3059330221996454,0.264966510182315,-1.1254179783381093,-0.2981291528112185,-0.6744907594765952,-0.10264043637505327,-1.676007341729721
2008-05-09 03:00:00+00:00,ME02,-0.018830321368877172,0.5906186428002571,0.21967274731050304,0.048153906452774384,-1.138084306850782,-0.3150442380202217,-0.6744907594765952,-0.10264043637505327,-1.676007341729721
2008-05-09 03:10:00+00:00,ME02,-0.01849779768524334,-0.8480866915200855,0.17128994568377487,0.048153906452774384,-1.138084306850782,-0.3150442380202217,-0.6744907594765952,-0.10264043637505327,-1.676007341729721
2008-05-09 03:20:00+00:00,ME02,-0.01732008015730802,0.9705438533187737,0.268023832478434,0.048153906452774384,-1.138084306850782,-0.3150442380202217,-0.6744907594765952,-0.10264043637505327,-1.676007341729721
2008-05-09 03:30:00+00:00,ME02,-0.019207355394623846,-0.2146571651300253,0.3809647678400294,0.048153906452774384,-1.138084306850782,-0.3150442380202217,-0.6744907594765952,-0.10264043637505327,-1.676007341729721
2008-05-09 03:40:00+00:00,ME02,-0.014535933991165904,-0.3565963749029036,0.803744339453094,0.048153906452774384,-1.138084306850782,-0.3150442380202217,-0.6744907594765952,-0.10264043637505327,-1.676007341729721
2008-05-09 03:50:00+00:00,ME02,-0.017160016728845578,0.9870662732532047,0.7963790124986967,0.048153906452774384,-1.138084306850782,-0.3150442380202217,-0.6744907594765952,-0.10264043637505327,-1.676007341729721
2008-05-09 04:00:00+00:00,ME02,-0.016856378576416083,0.5347457003756876,0.3740517449650938,0.6503898013117968,-1.2178833453041902,-0.41230619968697185,-0.6744907594765952,-0.10264043637505327,-1.676007341729721
2008-05-09 04:10:00+00:00,ME02,-0.016262796689328098,1.1854881545153604,0.4434141753020012,0.6503898013117968,-1.2178833453041902,-0.41230619968697185,-0.6744907594765952,-0.10264043637505327,-1.676007341729721
2008-05-09 04:20:00+00:00,ME02,-0.017473784569339172,-1.0431221346529185,0.39264741019003835,0.6503898013117968,-1.2178833453041902,-0.41230619968697185,-0.6744907594765952,-0.10264043637505327,-1.676007341729721
2008-05-09 04:30:00+00:00,ME02,-0.017928960658742894,0.05758657712067231,0.42036707013563773,0.6503898013117968,-1.2178833453041902,-0.41230619968697185,-0.6744907594765952,-0.10264043637505327,-1.676007341729721
2008-05-09 04:40:00+00:00,ME02,-0.014891025472676633,0.8221995779634308,0.8078988730080784,0.6503898013117968,-1.2178833453041902,-0.41230619968697185,-0.6744907594765952,-0.10264043637505327,-1.676007341729721
2008-05-09 04:50:00+00:00,ME02,-0.015836665682922964,0.23685309232799506,0.727778213347062,0.6503898013117968,-1.2178833453041902,-0.41230619968697185,-0.6744907594765952,-0.10264043637505327,-1.676007341729721
2008-05-09 05:00:00+00:00,ME02,-0.02019775625733207,0.8222228503185343,0.1909880603657829,0.6503898013117968,-0.5934252741211251,-0.22201112156071626,-0.6744907594765952,-0.10264043637505327,-1.676007341729721
2008-05-09 05:10:00+00:00,ME02,-0.020238547298652373,-0.9363206149465814,0.0522637897751033,0.6503898013117968,-0.5934252741211251,-0.22201112156071626,-0.6744907594765952,-0.10264043637505327,-1.676007341729721
2008-05-09 05:20:00+00:00,ME02,-0.02293544493760956,1.491028120083607,-0.224758394908831,0.6503898013117968,-0.5934252741211251,-0.22201112156071626,-0.6744907594765952,-0.10264043637505327,-1.676007341729721
2008-05-09 05:30:00+00:00,ME02,-0.02240070431096871,-0.03199223125028244,-0.568067135430812,0.6503898013117968,-0.5934252741211251,-0.22201112156071626,-0.6744907594765952,-0.10264043637505327,-1.676007341729721
2008-05-09 05:40:00+00:00,ME02,-0.020461657212370376,0.28585137413914424,-0.4031500611364556,0.6503898013117968,-0.5934252741211251,-0.22201112156071626,-0.6744907594765952,-0.10264043637505327,-1.676007341729721
2008-05-09 05:50:00+00:00,ME02,-0.027229998599103546,1.718462931684085,-0.7240031824506805,0.6503898013117968,-0.5934252741211251,-0.22201112156071626,-0.6744907594765952,-0.10264043637505327,-1.676007341729721
2008-05-09 06:00:00+00:00,ME02,-0.026702993268797028,-0.894565227536785,-0.7677986308210112,0.0,0.41102796527652974,-0.035944593021628744,-0.5058680953224068,-0.10264043637505327,-1.727105126538554
2008-05-09 06:10:00+00:00,ME02,-0.026636636614613015,0.5192750943595161,-0.7736650278586342,0.0,0.41102796527652974,-0.035944593021628744,-0.5058680953224068,-0.10264043637505327,-1.727105126538554
2008-05-09 06:20:00+00:00,ME02,-0.025084299235689417,-1.153355040531277,-0.6229616185019177,0.0,0.41102796527652974,-0.035944593021628744,-0.5058680953224068,-0.10264043637505327,-1.727105126538554
2008-05-09 06:30:00+00:00,ME02,-0.023212520008734628,-0.9209051586931495,-0.37511978580051075,0.0,0.41102796527652974,-0.035944593021628744,-0.5058680953224068,-0.10264043637505327,-1.727105126538554
2008-05-09 06:40:00+00:00,ME02,-0.02055855846935093,1.1119797276035785,-0.1646338289309058,0.0,0.41102796527652974,-0.035944593021628744,-0.5058680953224068,-0.10264043637505327,-1.727105126538554
2008-05-09 06:50:00+00:00,ME02,-0.017439700503719457,-0.588690445021761,0.11126108258039008,0.0,0.41102796527652974,-0.035944593021628744,-0.5058680953224068,-0.10264043637505327,-1.727105126538554
2008-05-09 07:00:00+00:00,ME02,-0.018766869905236006,0.7971176555445549,0.7294382120077415,0.4576781557470559,0.9062877323949786,0.1078340746849629,-0.6744907594765952,-0.10264043637505327,-1.727105126538554
2008-05-09 07:10:00+00:00,ME02,-0.012242473363466478,-0.473905346133149,0.8678106166022477,0.4576781557470559,0.9062877323949786,0.1078340746849629,-0.6744907594765952,-0.10264043637505327,-1.727105126538554
2008-05-09 07:20:00+00:00,ME02,-0.011669179472974972,0.45206648556564455,0.9343124118786809,0.4576781557470559,0.9062877323949786,0.1078340746849629,-0.6744907594765952,-0.10264043637505327,-1.727105126538554
2008-05-09 07:30:00+00:00,ME02,-0.011185742640030274,0.43726782121299,1.0132379204479713,0.4576781557470559,0.9062877323949786,0.1078340746849629,-0.6744907594765952,-0.10264043637505327,-1.727105126538554
2008-05-09 07:40:00+00:00,ME02,-0.015396659347733332,0.07885920871138413,0.8534553393794695,0.4576781557470559,0.9062877323949786,0.1078340746849629,-0.6744907594765952,-0.10264043637505327,-1.727105126538554
2008-05-09 07:50:00+00:00,ME02,-0.015737595344197688,1.4869225121792147,0.8335282924978754,0.4576781557470559,0.9062877323949786,0.1078340746849629,-0.6744907594765952,-0.10264043637505327,-1.727105126538554
2008-05-09 08:00:00+00:00,ME02,-0.007191202618992489,0.02005829429544445,1.7419083735401455,0.024052948287976012,0.7504899259403731,0.17972326072818678,-0.5480237613609539,-0.10264043637505327,-1.727105126538554
2008-05-09 08:10:00+00:00,ME02,-0.008513160701886468,0.2803267215352568,1.6104894908379985,0.024052948287976012,0.7504899259403731,0.17972326072818678,-0.5480237613609539,-0.10264043637505327,-1.727105126538554
2008-05-09 08:20:00+00:00,ME02,-0.005817171420570103,0.9752835005690592,1.2912079897550084,0.024052948287976012,0.7504899259403731,0.17972326072818678,-0.5480237613609539,-0.10264043637505327,-1.727105126538554
2008-05-09 08:30:00+00:00,ME02,-0.010097684831938122,0.5530790232160989,0.9120963843789818,0.024052948287976012,0.7504899259403731,0.17972326072818678,-0.5480237613609539,-0.10264043637505327,-1.727105126538554
2008-05-09 08:40:00+00:00,ME02,-0.012805824600792317,0.6972758280702376,-0.41298552647010206,0.024052948287976012,0.7504899259403731,0.17972326072818678,-0.5480237613609539,-0.10264043637505327,-1.727105126538554
2008-05-09 08:50:00+00:00,ME02,-0.023737276216803906,0.5694074191557874,-0.9142985896482309,0.024052948287976012,0.7504899259403731,0.17972326072818678,-0.5480237613609539,-0.10264043637505327,-1.727105126538554
2008-05-09 09:00:00+00:00,ME02,-0.025427397821117307,-0.2269887735700189,-0.9577352583366229,-0.16865869727676489,0.9949533601922896,0.052859973850708585,2.9930528030360524,-0.10264043637505327,-1.727105126538554
2008-05-09 09:10:00+00:00,ME02,-0.028721571831443454,0.36509878047277206,-1.2935630705091246,-0.16865869727676489,0.9949533601922896,0.052859973850708585,2.9930528030360524,-0.10264043637505327,-1.727105126538554
2008-05-09 09:20:00+00:00,ME02,-0.030714089796637367,-0.09898639265441486,-1.6516674188007812,-0.16865869727676489,0.9949533601922896,0.052859973850708585,2.9930528030360524,-0.10264043637505327,-1.727105126538554
2008-05-09 09:30:00+00:00,ME02,-0.03257028785281631,-0.8856498616951365,-1.596021501200149,-0.16865869727676489,0.9949533601922896,0.052859973850708585,2.9930528030360524,-0.10264043637505327,-1.727105126538554
2008-05-09 09:40:00+00:00,ME02,-0.039165170584782465,-0.1710236288268941,-2.431133014740685,-0.16865869727676489,0.9949533601922896,0.052859973850708585,2.9930528030360524,-0.10264043637505327,-1.727105126538554
2008-05-09 09:50:00+00:00,ME02,-0.04770529401411667,6.082307176378962,-3.822500497290087,-0.16865869727676489,0.9949533601922896,0.052859973850708585,2.9930528030360524,-0.10264043637505327,-1.727105126538554
2008-05-09 10:00:00+00:00,ME02,-0.04157776509730868,0.8022122976011352,-3.0334462270392812,-0.12045678094716816,1.1076850652920232,0.0021144226036559854,6.1968839362648405,-0.10264043637505327,-1.727105126538554
2008-05-09 10:10:00+00:00,ME02,-0.039764887525051015,1.7343164982259998,-2.7448917804517037,-0.12045678094716816,1.1076850652920232,0.0021144226036559854,6.1968839362648405,-0.10264043637505327,-1.727105126538554
2008-05-09 10:20:00+00:00,ME02,-0.03436355626546622,1.2675445862923997,-2.446335684510347,-0.12045678094716816,1.1076850652920232,0.0021144226036559854,6.1968839362648405,-0.10264043637505327,-1.727105126538554
2008-05-09 10:30:00+00:00,ME02,-0.03839922895021043,0.610014917953775,-2.361021534223875,-0.12045678094716816,1.1076850652920232,0.0021144226036559854,6.1968839362648405,-0.10264043637505327,-1.727105126538554
2008-05-09 10:40:00+00:00,ME02,-0.03842436903430809,-0.04894884446757364,-2.885238235411835,-0.12045678094716816,1.1076850652920232,0.0021144226036559854,6.1968839362648405,-0.10264043637505327,-1.727105126538554
2008-05-09 10:50:00+00:00,ME02,-0.03894924644494127,0.5415364098838459,-2.933661714937654,-0.12045678094716816,1.1076850652920232,0.0021144226036559854,6.1968839362648405,-0.10264043637505327,-1.727105126538554
2008-05-09 11:00:00+00:00,ME02,-0.035948609660843116,-1.1533364428692472,-2.373866307152787,-0.3613703428415058,0.9936865148276461,0.035944593021628744,1.6440712840828622,-0.10264043637505327,-1.727105126538554
2008-05-09 11:10:00+00:00,ME02,-0.0345767685587016,0.8158251795617779,-2.2450208134798153,-0.3613703428415058,0.9936865148276461,0.035944593021628744,1.6440712840828622,-0.10264043637505327,-1.727105126538554
2008-05-09 11:20:00+00:00,ME02,-0.03423215584938392,1.647430188195297,-2.0588152149291927,-0.3613703428415058,0.9936865148276461,0.035944593021628744,1.6440712840828622,-0.10264043637505327,-1.727105126538554
2008-05-09 11:30:00+00:00,ME02,-0.029864862775059658,1.4238434253628236,-1.8051253731684174,-0.3613703428415058,0.9936865148276461,0.035944593021628744,1.6440712840828622,-0.10264043637505327,-1.727105126538554
2008-05-09 11:40:00+00:00,ME02,-0.032941825193694735,0.6628402048235094,-2.2711524325385253,-0.3613703428415058,0.9936865148276461,0.035944593021628744,1.6440712840828622,-0.10264043637505327,-1.727105126538554
2008-05-09 11:50:00+00:00,ME02,-0.03004287006217681,1.9993406945293644,-1.711805423010141,-0.3613703428415058,0.9936865148276461,0.035944593021628744,1.6440712840828622,-0.10264043637505327,-1.727105126538554
2008-05-09 12:00:00+00:00,ME02,-0.03350029414396401,0.25999669188214053,-1.6254772722543613,-0.31316842651190907,1.1646843405242118,0.023258353019903925,3.667543562512648,-0.10264043637505327,-1.778202911347387
2008-05-09 12:10:00+00:00,ME02,-0.02947594022312904,1.1362966397604473,-0.6268531357779961,-0.31316842651190907,1.1646843405242118,0.023258353019903925,3.667543562512648,-0.10264043637505327,-1.778202911347387
2008-05-09 12:20:00+00:00,ME02,-0.031122695656813446,0.915882538568207,-0.9860779830582455,-0.31316842651190907,1.1646843405242118,0.023258353019903925,3.667543562512648,-0.10264043637505327,-1.778202911347387
2008-05-09 12:30:00+00:00,ME02,-0.03016547814997432,2.6620554593579233,-1.0528882824657224,-0.31316842651190907,1.1646843405242118,0.023258353019903925,3.667543562512648,-0.10264043637505327,-1.778202911347387
2008-05-09 12:40:00+00:00,ME02,-0.023960884843750814,2.7461602272949155,-1.171719978582279,-0.31316842651190907,1.1646843405242118,0.023258353019903925,3.667543562512648,-0.10264043637505327,-1.778202911347387
2008-05-09 12:50:00+00:00,ME02,-0.022732097206024444,1.5269627589094934,1.122307198025839,-0.31316842651190907,1.1646843405242118,0.023258353019903925,3.667543562512648,-0.10264043637505327,-1.778202911347387
2008-05-09 13:00:00+00:00,ME02,-0.027494406210563975,1.2506999076934286,0.8663743344335654,-0.6985917176413922,1.0304194519261825,-0.061317368645155045,2.4871847077136455,-0.10264043637505327,-1.778202911347387
2008-05-09 13:10:00+00:00,ME02,-0.026602424505220264,1.5143625690876152,2.3466754437949957,-0.6985917176413922,1.0304194519261825,-0.061317368645155045,2.4871847077136455,-0.10264043637505327,-1.778202911347387
2008-05-09 13:20:00+00:00,ME02,-0.03351130175576836,-0.5009732649891673,-1.1993259597404593,-0.6985917176413922,1.0304194519261825,-0.061317368645155045,2.4871847077136455,-0.10264043637505327,-1.778202911347387
2008-05-09 13:30:00+00:00,ME02,-0.030043993422499277,0.21884342549848154,-0.5696445880202524,-0.6985917176413922,1.0304194519261825,-0.061317368645155045,2.4871847077136455,-0.10264043637505327,-1.778202911347387
2008-05-09 13:40:00+00:00,ME02,-0.03716766875229982,-0.6246625029063139,-1.959734331795068,-0.6985917176413922,1.0304194519261825,-0.061317368645155045,2.4871847077136455,-0.10264043637505327,-1.778202911347387
2008-05-09 13:50:00+00:00,ME02,-0.03829690077933039,1.4543398815659783,-1.8846179605674878,-0.6985917176413922,1.0304194519261825,-0.061317368645155045,2.4871847077136455,-0.10264043637505327,-1.778202911347387
2008-05-09 14:00:00+00:00,ME02,-0.030678568927615255,2.328171185247303,-2.272342102167492,-0.12045678094716816,1.070952128193487,-0.12474915989393247,1.180358854799002,-0.10264043637505327,-1.778202911347387
2008-05-09 14:10:00+00:00,ME02,-0.035421421370524474,0.6189879629738402,-2.472306985553434,-0.12045678094716816,1.070952128193487,-0.12474915989393247,1.180358854799002,-0.10264043637505327,-1.778202911347387
2008-05-09 14:20:00+00:00,ME02,-0.03480795218166675,-0.16626180522306347,-1.7874436343367783,-0.12045678094716816,1.070952128193487,-0.12474915989393247,1.180358854799002,-0.10264043637505327,-1.778202911347387
2008-05-09 14:30:00+00:00,ME02,-0.032672373254501084,0.42903522563811536,-1.069404098262404,-0.12045678094716816,1.070952128193487,-0.12474915989393247,1.180358854799002,-0.10264043637505327,-1.778202911347387
2008-05-09 14:40:00+00:00,ME02,-0.03567864716116824,1.5984776552470321,-1.7347864408966296,-0.12045678094716816,1.070952128193487,-0.12474915989393247,1.180358854799002,-0.10264043637505327,-1.778202911347387
2008-05-09 14:50:00+00:00,ME02,-0.036955528629652734,1.2184176861905403,-1.4791724430276068,-0.12045678094716816,1.070952128193487,-0.12474915989393247,1.180358854799002,-0.10264043637505327,-1.778202911347387
2008-05-09 15:00:00+00:00,ME02,-0.031384422770788796,-1.0637998489397849,-1.2133196281960321,-0.09635582278236979,0.8252221142186478,-0.22201112156071626,1.6019156180443148,-0.10264043637505327,-1.778202911347387
2008-05-09 15:10:00+00:00,ME02,-0.03160682262374393,0.761167144911732,-1.3572550308149147,-0.09635582278236979,0.8252221142186478,-0.22201112156071626,1.6019156180443148,-0.10264043637505327,-1.778202911347387
2008-05-09 15:20:00+00:00,ME02,-0.02940400745620662,-0.9637618161767663,-1.3352786413003928,-0.09635582278236979,0.8252221142186478,-0.22201112156071626,1.6019156180443148,-0.10264043637505327,-1.778202911347387
2008-05-09 15:30:00+00:00,ME02,-0.02754403905484557,4.602247779462823,-0.9833136344720264,-0.09635582278236979,0.8252221142186478,-0.22201112156071626,1.6019156180443148,-0.10264043637505327,-1.778202911347387
2008-05-09 15:40:00+00:00,ME02,-0.02626962256848097,0.4557447057547643,-1.3969307060825773,-0.09635582278236979,0.8252221142186478,-0.22201112156071626,1.6019156180443148,-0.10264043637505327,-1.778202911347387
2008-05-09 15:50:00+00:00,ME02,-0.025532210898464674,0.487687440964129,-1.0074859164870074,-0.09635582278236979,0.8252221142186478,-0.22201112156071626,1.6019156180443148,-0.10264043637505327,-1.778202911347387
2008-05-09 16:00:00+00:00,ME02,-0.020295227179783076,0.0865673272678751,0.14403031307446895,0.2890674683471134,0.4996933274321201,-0.46305175093402445,1.6440712840828622,-0.10264043637505327,-1.778202911347387
2008-05-09 16:10:00+00:00,ME02,-0.018588167592429265,-0.5466925032829913,-0.05576852245190602,0.2890674683471134,0.4996933274321201,-0.46305175093402445,1.6440712840828622,-0.10264043637505327,-1.778202911347387
2008-05-09 16:20:00+00:00,ME02,-0.01902248842809201,-0.08336299843740816,-0.2528330125778458,0.2890674683471134,0.4996933274321201,-0.46305175093402445,1.6440712840828622,-0.10264043637505327,-1.778202911347387
2008-05-09 16:30:00+00:00,ME02,-0.020663602902144557,-0.5809254152495734,0.16445848163906274,0.2890674683471134,0.4996933274321201,-0.46305175093402445,1.6440712840828622,-0.10264043637505327,-1.778202911347387
2008-05-09 16:40:00+00:00,ME02,-0.0221804425990377,0.5260087593438956,0.20323771602970284,0.2890674683471134,0.4996933274321201,-0.46305175093402445,1.6440712840828622,-0.10264043637505327,-1.778202911347387
2008-05-09 16:50:00+00:00,ME02,-0.01868896009450809,-0.8330568334107492,0.017964081328865168,0.2890674683471134,0.4996933274321201,-0.46305175093402445,1.6440712840828622,-0.10264043637505327,-1.778202911347387
2008-05-09 17:00:00+00:00,ME02,-0.018112497263736767,1.0418349990401694,0.23257559121356045,-0.31316842651190907,0.025966478170247723,-0.5603137126008083,1.6440712840828622,-0.10264043637505327,-1.778202911347387
2008-05-09 17:10:00+00:00,ME02,-0.02027039651179083,-0.999319573668214,0.21434356751028738,-0.31316842651190907,0.025966478170247723,-0.5603137126008083,1.6440712840828622,-0.10264043637505327,-1.778202911347387
2008-05-09 17:20:00+00:00,ME02,-0.01674555190602772,0.9314145639934541,0.014991414398142831,-0.31316842651190907,0.025966478170247723,-0.5603137126008083,1.6440712840828622,-0.10264043637505327,-1.778202911347387
2008-05-09 17:30:00+00:00,ME02,-0.01644164679272874,-0.5583258548589932,-0.21056318566657445,-0.31316842651190907,0.025966478170247723,-0.5603137126008083,1.6440712840828622,-0.10264043637505327,-1.778202911347387
2008-05-09 17:40:00+00:00,ME02,-0.0172795275678044,1.1178257416966915,-0.06007501499092107,-0.31316842651190907,0.025966478170247723,-0.5603137126008083,1.6440712840828622,-0.10264043637505327,-1.778202911347387
2008-05-09 17:50:00+00:00,ME02,-0.0156403124243145,-0.3839531180360454,-0.037166212469134007,-0.31316842651190907,0.025966478170247723,-0.5603137126008083,1.6440712840828622,-0.10264043637505327,-1.778202911347387
2008-05-09 18:00:00+00:00,ME02,-0.01718060516217567,1.4343013893859986,-0.17138939213871535,0.2890674683471134,-0.40849427454724324,-0.5391697821845604,-0.3794010972067655,-0.10264043637505327,-1.82930069615622
2008-05-09 18:10:00+00:00,ME02,-0.018769608521216067,-0.8147414795080178,-0.10510289779862818,0.2890674683471134,-0.40849427454724324,-0.5391697821845604,-0.3794010972067655,-0.10264043637505327,-1.82930069615622
2008-05-09 18:20:00+00:00,ME02,-0.018915503543580226,1.4506590281937999,-0.06830801317718471,0.2890674683471134,-0.40849427454724324,-0.5391697821845604,-0.3794010972067655,-0.10264043637505327,-1.82930069615622
2008-05-09 18:30:00+00:00,ME02,-0.017854613316682318,-0.249846445833171,0.114271938537127,0.2890674683471134,-0.40849427454724324,-0.5391697821845604,-0.3794010972067655,-0.10264043637505327,-1.82930069615622
2008-05-09 18:40:00+00:00,ME02,-0.014076970304630404,1.6040790525563589,0.07574391699735053,0.2890674683471134,-0.40849427454724324,-0.5391697821845604,-0.3794010972067655,-0.10264043637505327,-1.82930069615622
2008-05-09 18:50:00+00:00,ME02,-0.012664860269137214,-0.20378376542222754,0.08194498000265531,0.2890674683471134,-0.40849427454724324,-0.5391697821845604,-0.3794010972067655,-0.10264043637505327,-1.82930069615622
2008-05-09 19:00:00+00:00,ME02,-0.015421796911286596,1.0368020027510398,0.100803665373897,0.07225486461757274,-0.4274940329579728,-0.5264832465627588,0.2107783301927356,-0.10264043637505327,-1.82930069615622
2008-05-09 19:10:00+00:00,ME02,-0.01721069192578552,-0.8373881743817781,-0.040578220900320615,0.07225486461757274,-0.4274940329579728,-0.5264832465627588,0.2107783301927356,-0.10264043637505327,-1.82930069615622
2008-05-09 19:20:00+00:00,ME02,-0.019926619348139385,-0.7753257128448691,-0.1943175928032916,0.07225486461757274,-0.4274940329579728,-0.5264832465627588,0.2107783301927356,-0.10264043637505327,-1.82930069615622
2008-05-09 19:30:00+00:00,ME02,-0.016405683321013418,0.6587333556129498,-0.05686072509929795,0.07225486461757274,-0.4274940329579728,-0.5264832465627588,0.2107783301927356,-0.10264043637505327,-1.82930069615622
2008-05-09 19:40:00+00:00,ME02,-0.016584755074289186,-0.06271653244500877,0.19778140267581976,0.07225486461757274,-0.4274940329579728,-0.5264832465627588,0.2107783301927356,-0.10264043637505327,-1.82930069615622
2008-05-09 19:50:00+00:00,ME02,-0.014489856913724635,1.7101553605233697,0.37489215400064335,0.07225486461757274,-0.4274940329579728,-0.5264832465627588,0.2107783301927356,-0.10264043637505327,-1.82930069615622
2008-05-09 20:00:00+00:00,ME02,-0.01605436273088519,1.0522655589623104,1.3219067105707298,0.264966510182315,-0.40089453056798385,-0.43767897531049815,-0.3794010972067655,-0.10264043637505327,-1.82930069615622
2008-05-09 20:10:00+00:00,ME02,-0.01597163999583826,-0.8138672966173136,0.188289911793788,0.264966510182315,-0.40089453056798385,-0.43767897531049815,-0.3794010972067655,-0.10264043637505327,-1.82930069615622
2008-05-09 20:20:00+00:00,ME02,-0.017356210018456712,-0.9086980767762072,-0.036130541906350025,0.264966510182315,-0.40089453056798385,-0.43767897531049815,-0.3794010972067655,-0.10264043637505327,-1.82930069615622
2008-05-09 20:30:00+00:00,ME02,-0.014057860119710703,1.150634435976466,0.07885483137105327,0.264966510182315,-0.40089453056798385,-0.43767897531049815,-0.3794010972067655,-0.10264043637505327,-1.82930069615622
2008-05-09 20:40:00+00:00,ME02,-0.015015111955461256,0.03699509044345683,0.22850054881913576,0.264966510182315,-0.40089453056798385,-0.43767897531049815,-0.3794010972067655,-0.10264043637505327,-1.82930069615622
2008-05-09 20:50:00+00:00,ME02,-0.015006798176202084,1.9512309028886807,-0.1838295907243674,0.264966510182315,-0.40089453056798385,-0.43767897531049815,-0.3794010972067655,-0.10264043637505327,-1.82930069615622
2008-05-09 21:00:00+00:00,ME02,-0.013422285623401468,-1.0790961809202824,0.11862879198521369,0.6262888431469984,-0.28689598010360673,-0.5307120917700036,1.2225145208375494,-0.10264043637505327,-1.82930069615622
2008-05-09 21:10:00+00:00,ME02,-0.01635199572113574,0.9169890168653246,0.0019729618158040698,0.6262888431469984,-0.28689598010360673,-0.5307120917700036,1.2225145208375494,-0.10264043637505327,-1.82930069615622
2008-05-09 21:20:00+00:00,ME02,-0.01467425244112613,-0.7788285996445602,-0.12997520010558974,0.6262888431469984,-0.28689598010360673,-0.5307120917700036,1.2225145208375494,-0.10264043637505327,-1.82930069615622
2008-05-09 21:30:00+00:00,ME02,-0.015499418973768305,1.2746462197678265,-0.23125218640216313,0.6262888431469984,-0.28689598010360673,-0.5307120917700036,1.2225145208375494,-0.10264043637505327,-1.82930069615622
2008-05-09 21:40:00+00:00,ME02,-0.012886617052688851,-0.3524840557515372,-0.034756416941115906,0.6262888431469984,-0.28689598010360673,-0.5307120917700036,1.2225145208375494,-0.10264043637505327,-1.82930069615622
2008-05-09 21:50:00+00:00,ME02,-0.015084653604097739,2.6754049395417643,-0.08871685970515229,0.6262888431469984,-0.28689598010360673,-0.5307120917700036,1.2225145208375494,-0.10264043637505327,-1.82930069615622
2008-05-09 22:00:00+00:00,ME02,-0.01778206506952608,-0.7177268043249515,-0.12403359773304037,0.6744907594765952,-0.22736354542557213,-0.5814576430170562,1.3068258529146437,-0.10264043637505327,-1.82930069615622
2008-05-09 22:10:00+00:00,ME02,-0.01496770955393277,-0.8893758790371664,-0.10313379076191988,0.6744907594765952,-0.22736354542557213,-0.5814576430170562,1.3068258529146437,-0.10264043637505327,-1.82930069615622
2008-05-09 22:20:00+00:00,ME02,-0.018749578574655233,1.2009763444314656,-0.16315390890160206,0.6744907594765952,-0.22736354542557213,-0.5814576430170562,1.3068258529146437,-0.10264043637505327,-1.82930069615622
2008-05-09 22:30:00+00:00,ME02,-0.016889415259821863,-0.5352015092343309,-0.13155209668194806,0.6744907594765952,-0.22736354542557213,-0.5814576430170562,1.3068258529146437,-0.10264043637505327,-1.82930069615622
2008-05-09 22:40:00+00:00,ME02,-0.01465732552891332,1.93496100064265,-0.14448459933725388,0.6744907594765952,-0.22736354542557213,-0.5814576430170562,1.3068258529146437,-0.10264043637505327,-1.82930069615622
2008-05-09 22:50:00+00:00,ME02,-0.018047938671784492,-0.20231218915494636,-0.06800302984873562,0.6744907594765952,-0.22736354542557213,-0.5814576430170562,1.3068258529146437,-0.10264043637505327,-1.82930069615622
2008-05-09 23:00:00+00:00,ME02,-0.01796344383080517,1.0694335095055467,-0.17069160503755548,1.4453373417355615,-0.4654935497794318,-0.7759815663506238,0.2107783301927356,-0.10264043637505327,-1.82930069615622
2008-05-09 23:10:00+00:00,ME02,-0.0197174688737394,-0.7792898907714391,-0.18646904938415837,1.4453373417355615,-0.4654935497794318,-0.7759815663506238,0.2107783301927356,-0.10264043637505327,-1.82930069615622
2008-05-09 23:20:00+00:00,ME02,-0.019845990585308795,-0.9930317196739543,-0.15226536222399728,1.4453373417355615,-0.4654935497794318,-0.7759815663506238,0.2107783301927356,-0.10264043637505327,-1.82930069615622
2008-05-09 23:30:00+00:00,ME02,-0.01643431106457294,1.9092231422121082,-0.17750298637827397,1.4453373417355615,-0.4654935497794318,-0.7759815663506238,0.2107783301927356,-0.10264043637505327,-1.82930069615622
2008-05-09 23:40:00+00:00,ME02,-0.01989109201141797,-0.16683335610806346,-0.14940434182113993,1.4453373417355615,-0.4654935497794318,-0.7759815663506238,0.2107783301927356,-0.10264043637505327,-1.82930069615622
2008-05-09 23:50:00+00:00,ME02,-0.01838874403985763,2.25132077237102,-0.17769241856921028,1.4453373417355615,-0.4654935497794318,-0.7759815663506238,0.2107783301927356,-0.10264043637505327,-1.82930069615622
2008-05-10 00:00:00+00:00,ME02,-0.019824753028467555,-0.9612768953500331,-0.1759514451749968,1.0599140506060782,-0.509826230857227,-0.9620477992696347,2.023472278429786,-0.10264043637505327,-1.880398480965053
2008-05-10 00:10:00+00:00,ME02,-0.0191009206322319,-0.9816964525013616,-0.3055706676534364,1.0599140506060782,-0.509826230857227,-0.9620477992696347,2.023472278429786,-0.10264043637505327,-1.880398480965053
2008-05-10 00:20:00+00:00,ME02,-0.01911907485466614,0.053298073702419985,-0.3127040549080798,1.0599140506060782,-0.509826230857227,-0.9620477992696347,2.023472278429786,-0.10264043637505327,-1.880398480965053
2008-05-10 00:30:00+00:00,ME02,-0.02097193908584342,-0.24167914983310343,-0.2716681070048773,1.0599140506060782,-0.509826230857227,-0.9620477992696347,2.023472278429786,-0.10264043637505327,-1.880398480965053
2008-05-10 00:40:00+00:00,ME02,-0.01572623535617313,0.6409202110827412,-0.14467788310275545,1.0599140506060782,-0.509826230857227,-0.9620477992696347,2.023472278429786,-0.10264043637505327,-1.880398480965053
2008-05-10 00:50:00+00:00,ME02,-0.02110018700063141,0.7875370505516457,-0.2779886535439935,1.0599140506060782,-0.509826230857227,-0.9620477992696347,2.023472278429786,-0.10264043637505327,-1.880398480965053
2008-05-10 01:00:00+00:00,ME02,-0.02162718012985222,2.200635028253745,-0.36215790394166747,0.8431014468765391,-0.4768932985691812,-1.0423946757274152,2.5293403737521927,-0.10264043637505327,-1.880398480965053
2008-05-10 01:10:00+00:00,ME02,-0.018217125496731806,-0.5973846742753065,-0.3553954570889182,0.8431014468765391,-0.4768932985691812,-1.0423946757274152,2.5293403737521927,-0.10264043637505327,-1.880398480965053
2008-05-10 01:20:00+00:00,ME02,-0.02140396485779207,-0.9920749184880543,-0.3919812838066857,0.8431014468765391,-0.4768932985691812,-1.0423946757274152,2.5293403737521927,-0.10264043637505327,-1.880398480965053
2008-05-10 01:30:00+00:00,ME02,-0.019519867497448825,1.1954435394952116,-0.3268701174298543,0.8431014468765391,-0.4768932985691812,-1.0423946757274152,2.5293403737521927,-0.10264043637505327,-1.880398480965053
2008-05-10 01:40:00+00:00,ME02,-0.022341007228568775,0.2692472394538571,-0.2961535502064948,0.8431014468765391,-0.4768932985691812,-1.0423946757274152,2.5293403737521927,-0.10264043637505327,-1.880398480965053
2008-05-10 01:50:00+00:00,ME02,-0.021163640130036243,2.315304585242231,-0.2950116278962313,0.8431014468765391,-0.4768932985691812,-1.0423946757274152,2.5293403737521927,-0.10264043637505327,-1.880398480965053
2008-05-10 02:00:00+00:00,ME02,-0.022028982624358553,-1.1631207215478585,-0.40144721463067473,0.8431014468765391,-0.4857598879130846,-1.084682536559911,1.0538918566833608,-0.10264043637505327,-1.880398480965053
2008-05-10 02:10:00+00:00,ME02,-0.021952011985590828,-0.7109947629100889,-0.34787297230344316,0.8431014468765391,-0.4857598879130846,-1.084682536559911,1.0538918566833608,-0.10264043637505327,-1.880398480965053
2008-05-10 02:20:00+00:00,ME02,-0.020206110283630802,0.9385962553858367,-0.397352743759673,0.8431014468765391,-0.4857598879130846,-1.084682536559911,1.0538918566833608,-0.10264043637505327,-1.880398480965053
2008-05-10 02:30:00+00:00,ME02,-0.02003170991193501,-0.33637352207794224,-0.3852544625893802,0.8431014468765391,-0.4857598879130846,-1.084682536559911,1.0538918566833608,-0.10264043637505327,-1.880398480965053
2008-05-10 02:40:00+00:00,ME02,-0.02069256241118432,1.598609619233261,-0.33800474314242823,0.8431014468765391,-0.4857598879130846,-1.084682536559911,1.0538918566833608,-0.10264043637505327,-1.880398480965053
2008-05-10 02:50:00+00:00,ME02,-0.020247823589271807,0.41325482505439676,-0.39218869400862433,0.8431014468765391,-0.4857598879130846,-1.084682536559911,1.0538918566833608,-0.10264043637505327,-1.880398480965053
2008-05-10 03:00:00+00:00,ME02,-0.02180733870588457,-0.7113284693744986,-0.4003675528650273,1.228524738006021,-0.4325606174913861,-1.160800567810447,2.3185620435594574,-0.10264043637505327,-1.880398480965053
2008-05-10 03:10:00+00:00,ME02,-0.021488163156445268,0.9877196936557424,-0.42369956319544055,1.228524738006021,-0.4325606174913861,-1.160800567810447,2.3185620435594574,-0.10264043637505327,-1.880398480965053
2008-05-10 03:20:00+00:00,ME02,-0.021215323896590886,-0.9072807498088556,-0.4231627423162342,1.228524738006021,-0.4325606174913861,-1.160800567810447,2.3185620435594574,-0.10264043637505327,-1.880398480965053
2008-05-10 03:30:00+00:00,ME02,-0.02367969524883702,1.3068697635361644,-0.3751716023598349,1.228524738006021,-0.4325606174913861,-1.160800567810447,2.3185620435594574,-0.10264043637505327,-1.880398480965053
2008-05-10 03:40:00+00:00,ME02,-0.02202393334537977,0.01306257902679368,-0.3321410860764954,1.228524738006021,-0.4325606174913861,-1.160800567810447,2.3185620435594574,-0.10264043637505327,-1.880398480965053
2008-05-10 03:50:00+00:00,ME02,-0.021980119829150737,0.673786960020868,-0.3025503691916311,1.228524738006021,-0.4325606174913861,-1.160800567810447,2.3185620435594574,-0.10264043637505327,-1.880398480965053
2008-05-10 04:00:00+00:00,ME02,-0.023040414372079116,1.3998710338045977,-0.5056109989854689,1.589895080847528,-0.6212913562340373,-1.1269703973924405,1.3068258529146437,-0.10264043637505327,-1.880398480965053
2008-05-10 04:10:00+00:00,ME02,-0.02854105128429083,-0.13293894693111605,-0.9715744983788225,1.589895080847528,-0.6212913562340373,-1.1269703973924405,1.3068258529146437,-0.10264043637505327,-1.880398480965053
2008-05-10 04:20:00+00:00,ME02,-0.02565205325081109,0.5844524291894174,-0.9796778470887376,1.589895080847528,-0.6212913562340373,-1.1269703973924405,1.3068258529146437,-0.10264043637505327,-1.880398480965053
2008-05-10 04:30:00+00:00,ME02,-0.026090166192958265,0.11463732549553576,-0.979315431440314,1.589895080847528,-0.6212913562340373,-1.1269703973924405,1.3068258529146437,-0.10264043637505327,-1.880398480965053
2008-05-10 04:40:00+00:00,ME02,-0.022583386824571092,1.23908073802234,-0.9086093267398686,1.589895080847528,-0.6212913562340373,-1.1269703973924405,1.3068258529146437,-0.10264043637505327,-1.880398480965053
2008-05-10 04:50:00+00:00,ME02,-0.023721457775735175,0.3421014994150372,-0.9464799044866675,1.589895080847528,-0.6212913562340373,-1.1269703973924405,1.3068258529146437,-0.10264043637505327,-1.880398480965053
2008-05-10 05:00:00+00:00,ME02,-0.026374474981105338,-0.8116275121196566,-1.1125738153619067,1.46943829990036,-0.5832918394125782,-1.427213972807315,3.245986799267335,-0.10264043637505327,-1.880398480965053
2008-05-10 05:10:00+00:00,ME02,-0.021759038170661226,0.7763177424037322,-0.9466877418690672,1.46943829990036,-0.5832918394125782,-1.427213972807315,3.245986799267335,-0.10264043637505327,-1.880398480965053
2008-05-10 05:20:00+00:00,ME02,-0.026443633076529898,-1.1133112483868415,-0.9333414741820535,1.46943829990036,-0.5832918394125782,-1.427213972807315,3.245986799267335,-0.10264043637505327,-1.880398480965053
2008-05-10 05:30:00+00:00,ME02,-0.025128239245028206,0.3456043758533477,-0.831378138072365,1.46943829990036,-0.5832918394125782,-1.427213972807315,3.245986799267335,-0.10264043637505327,-1.880398480965053
2008-05-10 05:40:00+00:00,ME02,-0.025085161919319997,0.0879254984298248,-0.846926072544495,1.46943829990036,-0.5832918394125782,-1.427213972807315,3.245986799267335,-0.10264043637505327,-1.880398480965053
2008-05-10 05:50:00+00:00,ME02,-0.024368725437299964,0.3103618965353576,-0.7287723429761377,1.46943829990036,-0.5832918394125782,-1.427213972807315,3.245986799267335,-0.10264043637505327,-1.880398480965053
2008-05-10 06:00:00+00:00,ME02,-0.026597040719987516,0.8271033564614124,-0.7810416919795112,2.6016072151240097,-0.29449598972458685,-1.3933838023893088,4.468501320104884,-0.10264043637505327,-1.931496265773886
2008-05-10 06:10:00+00:00,ME02,-0.02386609095661605,-0.9153702069443498,-0.7714729283502951,2.6016072151240097,-0.29449598972458685,-1.3933838023893088,4.468501320104884,-0.10264043637505327,-1.931496265773886
2008-05-10 06:20:00+00:00,ME02,-0.023515623326882243,0.0626670734580599,-0.5805962891973246,2.6016072151240097,-0.29449598972458685,-1.3933838023893088,4.468501320104884,-0.10264043637505327,-1.931496265773886
2008-05-10 06:30:00+00:00,ME02,-0.02048899683719485,-0.5664767228482466,-0.1507833982343814,2.6016072151240097,-0.29449598972458685,-1.3933838023893088,4.468501320104884,-0.10264043637505327,-1.931496265773886
2008-05-10 06:40:00+00:00,ME02,-0.01973983060995443,-0.6847965087162641,0.03155433937144225,2.6016072151240097,-0.29449598972458685,-1.3933838023893088,4.468501320104884,-0.10264043637505327,-1.931496265773886
2008-05-10 06:50:00+00:00,ME02,-0.016680334110801248,0.6836474069386355,0.224623258426804,2.6016072151240097,-0.29449598972458685,-1.3933838023893088,4.468501320104884,-0.10264043637505327,-1.931496265773886
2008-05-10 07:00:00+00:00,ME02,-0.0157872082733985,-0.8465952178113607,0.5640687287541506,1.8307606328650432,0.20709720729191886,-1.274977910306277,3.7096992285511945,-0.10264043637505327,-1.931496265773886
2008-05-10 07:10:00+00:00,ME02,-0.01488857094453401,0.37884024819207407,0.7569328312317659,1.8307606328650432,0.20709720729191886,-1.274977910306277,3.7096992285511945,-0.10264043637505327,-1.931496265773886
2008-05-10 07:20:00+00:00,ME02,-0.01281769879944444,-0.571434294112457,0.8300030513805581,1.8307606328650432,0.20709720729191886,-1.274977910306277,3.7096992285511945,-0.10264043637505327,-1.931496265773886
2008-05-10 07:30:00+00:00,ME02,-0.011651699497109069,-0.13930960669721462,0.8618149335269703,1.8307606328650432,0.20709720729191886,-1.274977910306277,3.7096992285511945,-0.10264043637505327,-1.931496265773886
2008-05-10 07:40:00+00:00,ME02,-0.015270494864048259,-0.8486518716842388,0.7383237641035384,1.8307606328650432,0.20709720729191886,-1.274977910306277,3.7096992285511945,-0.10264043637505327,-1.931496265773886
2008-05-10 07:50:00+00:00,ME02,-0.012963135119155225,0.7061151034092175,0.8310494977555762,1.8307606328650432,0.20709720729191886,-1.274977910306277,3.7096992285511945,-0.10264043637505327,-1.931496265773886
2008-05-10 08:00:00+00:00,ME02,-0.004174855914274614,0.710179099765821,1.6413814720362025,2.4329965277240655,0.4338274628560291,-1.3130369259315282,4.890058083350197,-0.10264043637505327,-1.931496265773886
2008-05-10 08:10:00+00:00,ME02,-0.0034606582197549036,0.737571887249442,1.3935676150230643,2.4329965277240655,0.4338274628560291,-1.3130369259315282,4.890058083350197,-0.10264043637505327,-1.931496265773886
2008-05-10 08:20:00+00:00,ME02,-0.0032689696261335474,1.6531906950286697,0.6714612475527291,2.4329965277240655,0.4338274628560291,-1.3130369259315282,4.890058083350197,-0.10264043637505327,-1.931496265773886
2008-05-10 08:30:00+00:00,ME02,-0.007486729315643888,-0.4777372242224712,0.138435613399621,2.4329965277240655,0.4338274628560291,-1.3130369259315282,4.890058083350197,-0.10264043637505327,-1.931496265773886
2008-05-10 08:40:00+00:00,ME02,-0.019429564106453964,0.010661181676100006,-1.2328758104783337,2.4329965277240655,0.4338274628560291,-1.3130369259315282,4.890058083350197,-0.10264043637505327,-1.931496265773886
2008-05-10 08:50:00+00:00,ME02,-0.024048490294408476,1.4972012393089815,-1.6070898035320533,2.4329965277240655,0.4338274628560291,-1.3130369259315282,4.890058083350197,-0.10264043637505327,-1.931496265773886
2008-05-10 09:00:00+00:00,ME02,-0.027568226715542127,0.11523146555089443,-1.5423724151669918,2.8425207770183474,0.43129430341018254,-1.4441290580162847,6.829219029702887,-0.10264043637505327,-1.931496265773886
2008-05-10 09:10:00+00:00,ME02,-0.02794933620956985,0.32878095913800665,-2.0655425305278747,2.8425207770183474,0.43129430341018254,-1.4441290580162847,6.829219029702887,-0.10264043637505327,-1.931496265773886
2008-05-10 09:20:00+00:00,ME02,-0.035182819488358136,0.3956202182662517,-3.0030149437558498,2.8425207770183474,0.43129430341018254,-1.4441290580162847,6.829219029702887,-0.10264043637505327,-1.931496265773886
2008-05-10 09:30:00+00:00,ME02,-0.039741878400336085,1.8450343948071117,-4.27232053476987,2.8425207770183474,0.43129430341018254,-1.4441290580162847,6.829219029702887,-0.10264043637505327,-1.931496265773886
2008-05-10 09:40:00+00:00,ME02,-0.04925569635744843,0.20957023737259026,-6.063495765304094,2.8425207770183474,0.43129430341018254,-1.4441290580162847,6.829219029702887,-0.10264043637505327,-1.931496265773886
2008-05-10 09:50:00+00:00,ME02,-0.04602999445394734,2.2098752571360327,-5.764206061254575,2.8425207770183474,0.43129430341018254,-1.4441290580162847,6.829219029702887,-0.10264043637505327,-1.931496265773886
2008-05-10 10:00:00+00:00,ME02,-0.04524711418539065,-0.23539112456533295,-4.871056464851631,2.047573236594584,0.6288916314967367,-1.3088080807242497,5.14299207958148,-0.10264043637505327,-1.931496265773886
2008-05-10 10:10:00+00:00,ME02,-0.044984869057583574,-0.21220603950465183,-4.9731225706231585,2.047573236594584,0.6288916314967367,-1.3088080807242497,5.14299207958148,-0.10264043637505327,-1.931496265773886
2008-05-10 10:20:00+00:00,ME02,-0.04610074811493888,0.5792152814576987,-5.677114871061654,2.047573236594584,0.6288916314967367,-1.3088080807242497,5.14299207958148,-0.10264043637505327,-1.931496265773886
2008-05-10 10:30:00+00:00,ME02,-0.049547899874889785,4.154222641243749,-5.590787582532623,2.047573236594584,0.6288916314967367,-1.3088080807242497,5.14299207958148,-0.10264043637505327,-1.931496265773886
2008-05-10 10:40:00+00:00,ME02,-0.048312260619044006,0.18095730777714195,-6.073031901706571,2.047573236594584,0.6288916314967367,-1.3088080807242497,5.14299207958148,-0.10264043637505327,-1.931496265773886
2008-05-10 10:50:00+00:00,ME02,-0.04123223253846836,3.7092979234080197,-5.919997964126264,2.047573236594584,0.6288916314967367,-1.3088080807242497,5.14299207958148,-0.10264043637505327,-1.931496265773886
2008-05-10 11:00:00+00:00,ME02,-0.0476240452979684,-0.35045296868892434,-3.4083715130544205,2.8425207770183474,0.6453579648198998,-1.2411474442682275,6.702751928727405,-0.10264043637505327,-1.931496265773886
2008-05-10 11:10:00+00:00,ME02,-0.0446766082394326,-1.4733918686430298,-2.9667700615697625,2.8425207770183474,0.6453579648198998,-1.2411474442682275,6.702751928727405,-0.10264043637505327,-1.931496265773886
2008-05-10 11:20:00+00:00,ME02,-0.05005265014458481,0.4736695331262746,-4.960401128747001,2.8425207770183474,0.6453579648198998,-1.2411474442682275,6.702751928727405,-0.10264043637505327,-1.931496265773886
2008-05-10 11:30:00+00:00,ME02,-0.03459361298325252,0.16483876115005752,6.216968441075791,2.8425207770183474,0.6453579648198998,-1.2411474442682275,6.702751928727405,-0.10264043637505327,-1.931496265773886
2008-05-10 11:40:00+00:00,ME02,-0.0389578804881048,-0.22282288345203768,4.464078327471489,2.8425207770183474,0.6453579648198998,-1.2411474442682275,6.702751928727405,-0.10264043637505327,-1.931496265773886
2008-05-10 11:50:00+00:00,ME02,-0.03991665403937457,5.9761054124640545,2.15396693773325,2.8425207770183474,0.6453579648198998,-1.2411474442682275,6.702751928727405,-0.10264043637505327,-1.931496265773886
2008-05-10 12:00:00+00:00,ME02,-0.044578602214584324,1.1073011997125328,1.3002338545774497,2.071674194759382,0.6136918778964972,-1.342638251142256,6.78706336366434,-0.10264043637505327,-1.9825940505827186
2008-05-10 12:10:00+00:00,ME02,-0.04474932120201417,-0.4646526552243626,-0.8552165517321064,2.071674194759382,0.6136918778964972,-1.342638251142256,6.78706336366434,-0.10264043637505327,-1.9825940505827186
2008-05-10 12:20:00+00:00,ME02,-0.04741855342605606,0.8330117081278916,-5.467598085094837,2.071674194759382,0.6136918778964972,-1.342638251142256,6.78706336366434,-0.10264043637505327,-1.9825940505827186
2008-05-10 12:30:00+00:00,ME02,-0.04824210414372692,-1.1299543131505163,-5.5656835276229755,2.071674194759382,0.6136918778964972,-1.342638251142256,6.78706336366434,-0.10264043637505327,-1.9825940505827186
2008-05-10 12:40:00+00:00,ME02,-0.04782532778578186,0.8339725630637799,-4.9228092353626485,2.071674194759382,0.6136918778964972,-1.342638251142256,6.78706336366434,-0.10264043637505327,-1.9825940505827186
2008-05-10 12:50:00+00:00,ME02,-0.049912239377382914,-0.8827525334759828,-5.821664522085982,2.071674194759382,0.6136918778964972,-1.342638251142256,6.78706336366434,-0.10264043637505327,-1.9825940505827186
2008-05-10 13:00:00+00:00,ME02,-0.04875855905253028,-0.6855404793025628,-5.9451726827023075,1.8548615910298416,0.6250916266862466,-1.448357903223563,4.8057467512731025,-0.10264043637505327,-1.9825940505827186
2008-05-10 13:10:00+00:00,ME02,-0.04298326939201469,2.0286879269301896,-5.717549452258702,1.8548615910298416,0.6250916266862466,-1.448357903223563,4.8057467512731025,-0.10264043637505327,-1.9825940505827186
2008-05-10 13:20:00+00:00,ME02,-0.0413472747739485,-1.0973318003938335,-5.801620528430822,1.8548615910298416,0.6250916266862466,-1.448357903223563,4.8057467512731025,-0.10264043637505327,-1.9825940505827186
2008-05-10 13:30:00+00:00,ME02,-0.03297665296580104,1.2454513414171424,-5.832544538726773,1.8548615910298416,0.6250916266862466,-1.448357903223563,4.8057467512731025,-0.10264043637505327,-1.9825940505827186
2008-05-10 13:40:00+00:00,ME02,-0.04014003330819995,0.6413769931972313,-5.723121865187543,1.8548615910298416,0.6250916266862466,-1.448357903223563,4.8057467512731025,-0.10264043637505327,-1.9825940505827186
2008-05-10 13:50:00+00:00,ME02,-0.04364169703373215,0.5843509713991601,-5.915394699584209,1.8548615910298416,0.6250916266862466,-1.448357903223563,4.8057467512731025,-0.10264043637505327,-1.9825940505827186
2008-05-10 14:00:00+00:00,ME02,-0.038193626458790673,-1.5349678809988052,-5.886022939834637,1.8548615910298416,0.2539633134572808,-1.5244759344740653,5.7753271730195275,-0.10264043637505327,-1.9825940505827186
2008-05-10 14:10:00+00:00,ME02,0.04207906501833079,-0.10904227368492334,-5.935666041872784,1.8548615910298416,0.2539633134572808,-1.5244759344740653,5.7753271730195275,-0.10264043637505327,-1.9825940505827186
2008-05-10 14:20:00+00:00,ME02,0.10710781650142571,1.3034757135370159,-5.972535063451589,1.8548615910298416,0.2539633134572808,-1.5244759344740653,5.7753271730195275,-0.10264043637505327,-1.9825940505827186
2008-05-10 14:30:00+00:00,ME02,0.05997489134988802,2.4454885279285743,-5.975986022593462,1.8548615910298416,0.2539633134572808,-1.5244759344740653,5.7753271730195275,-0.10264043637505327,-1.9825940505827186
2008-05-10 14:40:00+00:00,ME02,0.04145504099893498,1.4270930522752188,-5.931506266071307,1.8548615910298416,0.2539633134572808,-1.5244759344740653,5.7753271730195275,-0.10264043637505327,-1.9825940505827186
2008-05-10 14:50:00+00:00,ME02,0.012563281349836456,-0.9112624282643669,-5.872201358730972,1.8548615910298416,0.2539633134572808,-1.5244759344740653,5.7753271730195275,-0.10264043637505327,-1.9825940505827186
2008-05-10 15:00:00+00:00,ME02,0.008166298946212814,-1.2876318564104043,-4.44377281257661,1.87896254919464,0.09563208191510851,-1.4906457640560926,6.1968839362648405,-0.10264043637505327,-1.9825940505827186
2008-05-10 15:10:00+00:00,ME02,0.009264697447837809,0.25295846960269974,-3.235206857233404,1.87896254919464,0.09563208191510851,-1.4906457640560926,6.1968839362648405,-0.10264043637505327,-1.9825940505827186
2008-05-10 15:20:00+00:00,ME02,0.007301754990018592,-1.2747214340268942,-2.522258998038323,1.87896254919464,0.09563208191510851,-1.4906457640560926,6.1968839362648405,-0.10264043637505327,-1.9825940505827186
2008-05-10 15:30:00+00:00,ME02,0.008809953204561419,0.39853726765797326,-2.003928669491895,1.87896254919464,0.09563208191510851,-1.4906457640560926,6.1968839362648405,-0.10264043637505327,-1.9825940505827186
2008-05-10 15:40:00+00:00,ME02,0.011618765222494679,-1.2553803892479922,-2.8976217791978063,1.87896254919464,0.09563208191510851,-1.4906457640560926,6.1968839362648405,-0.10264043637505327,-1.9825940505827186
2008-05-10 15:50:00+00:00,ME02,0.01320237612983916,-0.5581599129225006,-2.493229907610451,1.87896254919464,0.09563208191510851,-1.4906457640560926,6.1968839362648405,-0.10264043637505327,-1.9825940505827186
2008-05-10 16:00:00+00:00,ME02,0.012004460857050207,0.06911234740435697,-1.3423755110667348,1.710303851917875,-0.06269914962706327,-1.427213972807315,2.9508971369975057,-0.10264043637505327,-1.9825940505827186
2008-05-10 16:10:00+00:00,ME02,0.004788718256336241,-0.8388655831392802,-0.7851241273636035,1.710303851917875,-0.06269914962706327,-1.427213972807315,2.9508971369975057,-0.10264043637505327,-1.9825940505827186
2008-05-10 16:20:00+00:00,ME02,0.008428910439156353,-0.05157302893950917,-0.43838190901577084,1.710303851917875,-0.06269914962706327,-1.427213972807315,2.9508971369975057,-0.10264043637505327,-1.9825940505827186
2008-05-10 16:30:00+00:00,ME02,0.004565987865363737,-0.23091673045115818,-0.04215951033829717,1.710303851917875,-0.06269914962706327,-1.427213972807315,2.9508971369975057,-0.10264043637505327,-1.9825940505827186
2008-05-10 16:40:00+00:00,ME02,0.0010258310050766765,-0.18415603028636104,-0.8222368755198727,1.710303851917875,-0.06269914962706327,-1.427213972807315,2.9508971369975057,-0.10264043637505327,-1.9825940505827186
2008-05-10 16:50:00+00:00,ME02,0.00010445144714297645,-1.0591445888613313,-1.137724918527164,1.710303851917875,-0.06269914962706327,-1.427213972807315,2.9508971369975057,-0.10264043637505327,-1.9825940505827186
2008-05-10 17:00:00+00:00,ME02,9.419296862506192e-05,-0.7440445666763728,-0.6543666682243117,1.46943829990036,-0.1272981688385117,-1.3722398719730609,0.12646699811564133,-0.10264043637505327,-1.9825940505827186
2008-05-10 17:10:00+00:00,ME02,0.002591991076806451,0.9700357332425739,-0.7639906137894118,1.46943829990036,-0.1272981688385117,-1.3722398719730609,0.12646699811564133,-0.10264043637505327,-1.9825940505827186
2008-05-10 17:20:00+00:00,ME02,0.006142337284433112,-0.6673676453515475,-0.557663167933132,1.46943829990036,-0.1272981688385117,-1.3722398719730609,0.12646699811564133,-0.10264043637505327,-1.9825940505827186
2008-05-10 17:30:00+00:00,ME02,0.0018601154772542238,0.683220379074175,-0.4249712319031525,1.46943829990036,-0.1272981688385117,-1.3722398719730609,0.12646699811564133,-0.10264043637505327,-1.9825940505827186
2008-05-10 17:40:00+00:00,ME02,0.0021253088506891873,-0.5431668586089057,-0.31585152927342797,1.46943829990036,-0.1272981688385117,-1.3722398719730609,0.12646699811564133,-0.10264043637505327,-1.9825940505827186
2008-05-10 17:50:00+00:00,ME02,-0.004279220123875415,-0.7354295143711894,-0.6621133499534286,1.46943829990036,-0.1272981688385117,-1.3722398719730609,0.12646699811564133,-0.10264043637505327,-1.9825940505827186
2008-05-10 18:00:00+00:00,ME02,-0.015406455742384069,1.532283996112396,-0.6143893845767219,1.6621499454651008,-0.23116355023606217,-1.2918929955152803,2.740118703944928,-0.10264043637505327,-2.0336918353915516
2008-05-10 18:10:00+00:00,ME02,-0.018782564773396113,-0.8655817904405813,-0.47850651313161124,1.6621499454651008,-0.23116355023606217,-1.2918929955152803,2.740118703944928,-0.10264043637505327,-2.0336918353915516
2008-05-10 18:20:00+00:00,ME02,-0.014156529770839841,1.6290251782637133,-0.3395200951402901,1.6621499454651008,-0.23116355023606217,-1.2918929955152803,2.740118703944928,-0.10264043637505327,-2.0336918353915516
2008-05-10 18:30:00+00:00,ME02,-0.016760761756528943,-0.5182249712119572,-0.35096132092107785,1.6621499454651008,-0.23116355023606217,-1.2918929955152803,2.740118703944928,-0.10264043637505327,-2.0336918353915516
2008-05-10 18:40:00+00:00,ME02,-0.012617367423237597,-0.5439007883426865,-0.13515789023684446,1.6621499454651008,-0.23116355023606217,-1.2918929955152803,2.740118703944928,-0.10264043637505327,-2.0336918353915516
2008-05-10 18:50:00+00:00,ME02,-0.014299073361213891,2.0183173407326684,-0.13531624211425097,1.6621499454651008,-0.23116355023606217,-1.2918929955152803,2.740118703944928,-0.10264043637505327,-2.0336918353915516
2008-05-10 19:00:00+00:00,ME02,-0.017927921726576306,-0.8766096189013466,-0.23899603816664297,0.8672024050413374,-0.31349574813531633,-1.04662352093466,1.8970052803141446,-0.10264043637505327,-2.0336918353915516
2008-05-10 19:10:00+00:00,ME02,-0.01582489596422585,1.6327611822170978,-0.181953472207954,0.8672024050413374,-0.31349574813531633,-1.04662352093466,1.8970052803141446,-0.10264043637505327,-2.0336918353915516
2008-05-10 19:20:00+00:00,ME02,-0.017667641948740976,-0.9863110497775791,-0.13256018971700376,0.8672024050413374,-0.31349574813531633,-1.04662352093466,1.8970052803141446,-0.10264043637505327,-2.0336918353915516
2008-05-10 19:30:00+00:00,ME02,-0.014586811760743454,1.2589222467560315,-0.2647197675717172,0.8672024050413374,-0.31349574813531633,-1.04662352093466,1.8970052803141446,-0.10264043637505327,-2.0336918353915516
2008-05-10 19:40:00+00:00,ME02,-0.0162557015643379,-0.39123198228907863,-0.10570649285366672,0.8672024050413374,-0.31349574813531633,-1.04662352093466,1.8970052803141446,-0.10264043637505327,-2.0336918353915516
2008-05-10 19:50:00+00:00,ME02,-0.014555361079846176,-0.3815829117654707,-0.08201711286060248,0.8672024050413374,-0.31349574813531633,-1.04662352093466,1.8970052803141446,-0.10264043637505327,-2.0336918353915516
2008-05-10 20:00:00+00:00,ME02,-0.0124754321452739,1.5549037899757423,-0.09000823515906185,0.6744907594765952,-0.22736354542557213,-0.9620477992696347,-0.4215567632453126,-0.10264043637505327,-2.0336918353915516
2008-05-10 20:10:00+00:00,ME02,-0.01531714799522737,-0.7226984665006467,-0.10468202025617247,0.6744907594765952,-0.22736354542557213,-0.9620477992696347,-0.4215567632453126,-0.10264043637505327,-2.0336918353915516
2008-05-10 20:20:00+00:00,ME02,-0.01714019246305941,1.5885139618387263,-0.05426736676324556,0.6744907594765952,-0.22736354542557213,-0.9620477992696347,-0.4215567632453126,-0.10264043637505327,-2.0336918353915516
2008-05-10 20:30:00+00:00,ME02,-0.016390058131513518,-0.3266461208008126,-0.15270852420315545,0.6744907594765952,-0.22736354542557213,-0.9620477992696347,-0.4215567632453126,-0.10264043637505327,-2.0336918353915516
2008-05-10 20:40:00+00:00,ME02,-0.015725782794645704,-0.3597663571097128,-0.02984374814736759,0.6744907594765952,-0.22736354542557213,-0.9620477992696347,-0.4215567632453126,-0.10264043637505327,-2.0336918353915516
2008-05-10 20:50:00+00:00,ME02,0.06564008640714142,2.08262541842578,5.37731454695354,0.6744907594765952,-0.22736354542557213,-0.9620477992696347,-0.4215567632453126,-0.10264043637505327,-2.0336918353915516
2008-05-10 21:00:00+00:00,ME02,-0.012361305400692727,-0.7811900293377351,-0.09075869720167741,1.228524738006021,-0.39456110066992706,-0.8563284428084044,2.697963037906381,-0.10264043637505327,-2.0336918353915516
2008-05-10 21:10:00+00:00,ME02,-0.017835234656707482,1.247009766527867,-0.055335013225586975,1.228524738006021,-0.39456110066992706,-0.8563284428084044,2.697963037906381,-0.10264043637505327,-2.0336918353915516
2008-05-10 21:20:00+00:00,ME02,-0.020093393938551172,-0.8165898520052608,-0.1117834114044283,1.228524738006021,-0.39456110066992706,-0.8563284428084044,2.697963037906381,-0.10264043637505327,-2.0336918353915516
2008-05-10 21:30:00+00:00,ME02,-0.0188058674782816,2.2509929494587313,-0.13828831891942026,1.228524738006021,-0.39456110066992706,-0.8563284428084044,2.697963037906381,-0.10264043637505327,-2.0336918353915516
2008-05-10 21:40:00+00:00,ME02,-0.01844641121965616,0.012328770808421392,-0.0928002556192961,1.228524738006021,-0.39456110066992706,-0.8563284428084044,2.697963037906381,-0.10264043637505327,-2.0336918353915516
2008-05-10 21:50:00+00:00,ME02,-0.018782637447556098,-0.5600735744588587,-0.09370098468492638,1.228524738006021,-0.39456110066992706,-0.8563284428084044,2.697963037906381,-0.10264043637505327,-2.0336918353915516
2008-05-10 22:00:00+00:00,ME02,-0.016957405767468375,1.6259816389524029,-0.036121281853899116,1.6621499454651008,-0.7238901579086645,-0.8901586132263771,2.4871847077136455,2.5589322585918457,-2.0336918353915516
2008-05-10 22:10:00+00:00,ME02,-0.016751794865661737,-0.6791582088631807,-0.13277651994341105,1.6621499454651008,-0.7238901579086645,-0.8901586132263771,2.4871847077136455,2.5589322585918457,-2.0336918353915516
2008-05-10 22:20:00+00:00,ME02,-0.018871230428819937,1.4202588480319045,-0.28054442536173757,1.6621499454651008,-0.7238901579086645,-0.8901586132263771,2.4871847077136455,2.5589322585918457,-2.0336918353915516
2008-05-10 22:30:00+00:00,ME02,-0.01681618098740896,-0.2997828717263063,-0.1790339531147146,1.6621499454651008,-0.7238901579086645,-0.8901586132263771,2.4871847077136455,2.5589322585918457,-2.0336918353915516
2008-05-10 22:40:00+00:00,ME02,-0.016741165172217493,1.7701093437658129,-0.11039330349226598,1.6621499454651008,-0.7238901579086645,-0.8901586132263771,2.4871847077136455,2.5589322585918457,-2.0336918353915516
2008-05-10 22:50:00+00:00,ME02,-0.019233641888615836,0.09122064126236247,-0.029426227824994305,1.6621499454651008,-0.7238901579086645,-0.8901586132263771,2.4871847077136455,2.5589322585918457,-2.0336918353915516
2008-05-10 23:00:00+00:00,ME02,-0.017323568851090078,-0.6406464274021212,-0.1632471440177512,1.46943829990036,-0.8087555152537652,-0.8224979767703213,1.5176041831073792,3.22432543233357,-2.0336918353915516
2008-05-10 23:10:00+00:00,ME02,-0.016050255548138718,1.3901435285768518,-0.06563711476572286,1.46943829990036,-0.8087555152537652,-0.8224979767703213,1.5176041831073792,3.22432543233357,-2.0336918353915516
2008-05-10 23:20:00+00:00,ME02,-0.018225086534102885,-0.9246052955497519,-0.19065517838122634,1.46943829990036,-0.8087555152537652,-0.8224979767703213,1.5176041831073792,3.22432543233357,-2.0336918353915516
2008-05-10 23:30:00+00:00,ME02,-0.016394337829092692,1.3412469841577295,-0.23481987288228473,1.46943829990036,-0.8087555152537652,-0.8224979767703213,1.5176041831073792,3.22432543233357,-2.0336918353915516
2008-05-10 23:40:00+00:00,ME02,-0.018437565358318697,-0.12045893144712128,-0.10151341316550344,1.46943829990036,-0.8087555152537652,-0.8224979767703213,1.5176041831073792,3.22432543233357,-2.0336918353915516
2008-05-10 23:50:00+00:00,ME02,-0.016644285306574202,0.3052857434597253,-0.16882206565687277,1.46943829990036,-0.8087555152537652,-0.8224979767703213,1.5176041831073792,3.22432543233357,-2.0336918353915516
2008-05-11 00:00:00+00:00,ME02,-0.018685674803500727,0.37608308274152863,-0.2664094517089435,1.4453373417355615,-0.8733548001069334,-0.8351845123921229,3.878321892705383,3.22432543233357,-2.0847896202003846
2008-05-11 00:10:00+00:00,ME02,-0.017300405768541686,-1.0557191262066297,-0.08668254439572413,1.4453373417355615,-0.8733548001069334,-0.8351845123921229,3.878321892705383,3.22432543233357,-2.0847896202003846
2008-05-11 00:20:00+00:00,ME02,-0.01764125212800027,0.9921237422770489,-0.22045841600029534,1.4453373417355615,-0.8733548001069334,-0.8351845123921229,3.878321892705383,3.22432543233357,-2.0847896202003846
2008-05-11 00:30:00+00:00,ME02,-0.019823581659233376,-0.3472620836692007,-0.2085970432647439,1.4453373417355615,-0.8733548001069334,-0.8351845123921229,3.878321892705383,3.22432543233357,-2.0847896202003846
2008-05-11 00:40:00+00:00,ME02,-0.018295159594983387,-0.28677119123239825,-0.13464749407792065,1.4453373417355615,-0.8733548001069334,-0.8351845123921229,3.878321892705383,3.22432543233357,-2.0847896202003846
2008-05-11 00:50:00+00:00,ME02,-0.017342157871090447,1.2894729363007715,-0.14667897688680157,1.4453373417355615,-0.8733548001069334,-0.8351845123921229,3.878321892705383,3.22432543233357,-2.0847896202003846
2008-05-11 01:00:00+00:00,ME02,-0.017004461844850972,-0.6939797516941932,-0.17955164970407436,2.2402848821593246,-1.0316857660073855,-0.8859297680190987,3.330298131344429,3.889718606075295,-2.0847896202003846
2008-05-11 01:10:00+00:00,ME02,-0.016805147160127078,1.3326124685153606,-0.22009027427838296,2.2402848821593246,-1.0316857660073855,-0.8859297680190987,3.330298131344429,3.889718606075295,-2.0847896202003846
2008-05-11 01:20:00+00:00,ME02,-0.019075239954694206,-0.7918998957779858,-0.15096187785480975,2.2402848821593246,-1.0316857660073855,-0.8859297680190987,3.330298131344429,3.889718606075295,-2.0847896202003846
2008-05-11 01:30:00+00:00,ME02,-0.017386960575357383,1.6285856687201279,-0.10421707498692707,2.2402848821593246,-1.0316857660073855,-0.8859297680190987,3.330298131344429,3.889718606075295,-2.0847896202003846
2008-05-11 01:40:00+00:00,ME02,-0.01771360821151549,-0.5522719481868745,-0.1433824395591102,2.2402848821593246,-1.0316857660073855,-0.8859297680190987,3.330298131344429,3.889718606075295,-2.0847896202003846
2008-05-11 01:50:00+00:00,ME02,-0.017236911003214953,-0.5143231251759873,-0.1688648893040631,2.2402848821593246,-1.0316857660073855,-0.8859297680190987,3.330298131344429,3.889718606075295,-2.0847896202003846
2008-05-11 02:00:00+00:00,ME02,-0.01411825446207447,1.6367052065524434,-0.21341024503755557,2.4329965277240655,-1.0329526113720289,-0.9155313888499035,5.564548842826792,1.8935390848501208,-2.0847896202003846
2008-05-11 02:10:00+00:00,ME02,-0.01844052426791822,-0.90250031198628,-0.148919474164892,2.4329965277240655,-1.0329526113720289,-0.9155313888499035,5.564548842826792,1.8935390848501208,-2.0847896202003846
2008-05-11 02:20:00+00:00,ME02,-0.0178614347877991,1.8928283633530505,-0.16507713729411014,2.4329965277240655,-1.0329526113720289,-0.9155313888499035,5.564548842826792,1.8935390848501208,-2.0847896202003846
2008-05-11 02:30:00+00:00,ME02,-0.016258679640743574,-0.21479009778464178,-0.30535587799998065,2.4329965277240655,-1.0329526113720289,-0.9155313888499035,5.564548842826792,1.8935390848501208,-2.0847896202003846
2008-05-11 02:40:00+00:00,ME02,-0.014060311697640986,2.795287206175306,-0.20683647567191196,2.4329965277240655,-1.0329526113720289,-0.9155313888499035,5.564548842826792,1.8935390848501208,-2.0847896202003846
2008-05-11 02:50:00+00:00,ME02,-0.016178165914706687,0.314560263755242,-0.21866220069079428,2.4329965277240655,-1.0329526113720289,-0.9155313888499035,5.564548842826792,1.8935390848501208,-2.0847896202003846
2008-05-11 03:00:00+00:00,ME02,-0.015441692507562867,-0.865087151195109,-0.22822216300349293,1.8307606328650432,-1.0570189543161712,-0.852099597601126,3.330298131344429,-0.10264043637505327,-2.0847896202003846
2008-05-11 03:10:00+00:00,ME02,-0.017267456948169634,2.1294089675114627,-0.2876964872670341,1.8307606328650432,-1.0570189543161712,-0.852099597601126,3.330298131344429,-0.10264043637505327,-2.0847896202003846
2008-05-11 03:20:00+00:00,ME02,-0.014673806089961933,-1.1605508453367768,-0.22070799357875112,1.8307606328650432,-1.0570189543161712,-0.852099597601126,3.330298131344429,-0.10264043637505327,-2.0847896202003846
2008-05-11 03:30:00+00:00,ME02,-0.014230153302963074,2.2783170802569295,-0.35831260728477266,1.8307606328650432,-1.0570189543161712,-0.852099597601126,3.330298131344429,-0.10264043637505327,-2.0847896202003846
2008-05-11 03:40:00+00:00,ME02,-0.01586192522785713,-0.11725679088476071,-0.29923157110480697,1.8307606328650432,-1.0570189543161712,-0.852099597601126,3.330298131344429,-0.10264043637505327,-2.0847896202003846
2008-05-11 03:50:00+00:00,ME02,-0.017228241054769795,0.38808396653739546,-0.2868135643363697,1.8307606328650432,-1.0570189543161712,-0.852099597601126,3.330298131344429,-0.10264043637505327,-2.0847896202003846
2008-05-11 04:00:00+00:00,ME02,-0.014221765906321954,2.022109385227096,-0.30096065957277485,1.8307606328650432,-0.9569535777291108,-0.8140405819758749,2.023472278429786,-0.10264043637505327,-2.0847896202003846
2008-05-11 04:10:00+00:00,ME02,-0.015960144685013493,-0.835523322022762,-0.30187424415682446,1.8307606328650432,-0.9569535777291108,-0.8140405819758749,2.023472278429786,-0.10264043637505327,-2.0847896202003846
2008-05-11 04:20:00+00:00,ME02,-0.0167877194953391,1.207864194326208,-0.6721398076624089,1.8307606328650432,-0.9569535777291108,-0.8140405819758749,2.023472278429786,-0.10264043637505327,-2.0847896202003846
2008-05-11 04:30:00+00:00,ME02,-0.020091891088865294,0.03856025436331395,-1.172870715577146,1.8307606328650432,-0.9569535777291108,-0.8140405819758749,2.023472278429786,-0.10264043637505327,-2.0847896202003846
2008-05-11 04:40:00+00:00,ME02,-0.02383847061088855,1.7825707081038726,-1.1515681387179024,1.8307606328650432,-0.9569535777291108,-0.8140405819758749,2.023472278429786,-0.10264043637505327,-2.0847896202003846
2008-05-11 04:50:00+00:00,ME02,-0.022170876540693826,0.330796438862103,-1.0802890207579756,1.8307606328650432,-0.9569535777291108,-0.8140405819758749,2.023472278429786,-0.10264043637505327,-2.0847896202003846
2008-05-11 05:00:00+00:00,ME02,-0.022748979742893916,-0.9814822370999566,-1.1209478758903524,1.8307606328650432,-0.87588795955278,-0.7167786203090911,2.1920949425839744,-0.10264043637505327,-2.0847896202003846
2008-05-11 05:10:00+00:00,ME02,-0.020943719972056737,0.6852883397737264,-1.142767367335724,1.8307606328650432,-0.87588795955278,-0.7167786203090911,2.1920949425839744,-0.10264043637505327,-2.0847896202003846
2008-05-11 05:20:00+00:00,ME02,-0.020308049623130063,-1.0407085505358484,-1.034038806010735,1.8307606328650432,-0.87588795955278,-0.7167786203090911,2.1920949425839744,-0.10264043637505327,-2.0847896202003846
2008-05-11 05:30:00+00:00,ME02,-0.02494478584319341,1.2497645847383527,-1.0900669638839944,1.8307606328650432,-0.87588795955278,-0.7167786203090911,2.1920949425839744,-0.10264043637505327,-2.0847896202003846
2008-05-11 05:40:00+00:00,ME02,-0.021028583740069048,-0.14670769593359892,-0.9929299222370062,1.8307606328650432,-0.87588795955278,-0.7167786203090911,2.1920949425839744,-0.10264043637505327,-2.0847896202003846
2008-05-11 05:50:00+00:00,ME02,-0.022003187868938488,0.2146388221740323,-1.0067482432681325,1.8307606328650432,-0.87588795955278,-0.7167786203090911,2.1920949425839744,-0.10264043637505327,-2.0847896202003846
2008-05-11 06:00:00+00:00,ME02,-0.022203542127147317,0.5295955362225293,-0.95086047734522,1.87896254919464,-0.7669562592635364,-0.5433983317717285,1.686226950121409,-0.10264043637505327,-2.2636318670313003
2008-05-11 06:10:00+00:00,ME02,-0.021534653345565452,-0.8121841731436067,-0.9908821857509394,1.87896254919464,-0.7669562592635364,-0.5433983317717285,1.686226950121409,-0.10264043637505327,-2.2636318670313003
2008-05-11 06:20:00+00:00,ME02,-0.021282945477076848,0.8260362955262662,-0.9647677397486787,1.87896254919464,-0.7669562592635364,-0.5433983317717285,1.686226950121409,-0.10264043637505327,-2.2636318670313003
2008-05-11 06:30:00+00:00,ME02,-0.0232739845591782,-0.33221163039358625,-0.9515802333540857,1.87896254919464,-0.7669562592635364,-0.5433983317717285,1.686226950121409,-0.10264043637505327,-2.2636318670313003
2008-05-11 06:40:00+00:00,ME02,-0.022743971681072547,-0.5662760835667302,-0.9555953274934276,1.87896254919464,-0.7669562592635364,-0.5433983317717285,1.686226950121409,-0.10264043637505327,-2.2636318670313003
2008-05-11 06:50:00+00:00,ME02,-0.02394028686038748,1.40283431158523,-0.935026392672764,1.87896254919464,-0.7669562592635364,-0.5433983317717285,1.686226950121409,-0.10264043637505327,-2.2636318670313003
2008-05-11 07:00:00+00:00,ME02,-0.021560795882256133,-0.7497348902071633,-0.9321538267806234,1.421236383570763,-0.6225582015986808,-0.47996683614302765,-0.6323350934380482,-0.10264043637505327,-2.2636318670313003
2008-05-11 07:10:00+00:00,ME02,-0.02194257088419551,1.2310541637293202,-0.9205711540323376,1.421236383570763,-0.6225582015986808,-0.47996683614302765,-0.6323350934380482,-0.10264043637505327,-2.2636318670313003
2008-05-11 07:20:00+00:00,ME02,-0.02486891197096876,-0.5447267956320269,-0.7646427776277496,1.421236383570763,-0.6225582015986808,-0.47996683614302765,-0.6323350934380482,-0.10264043637505327,-2.2636318670313003
2008-05-11 07:30:00+00:00,ME02,-0.024222625878974495,-0.612337519459965,-0.7896822912092086,1.421236383570763,-0.6225582015986808,-0.47996683614302765,-0.6323350934380482,-0.10264043637505327,-2.2636318670313003
2008-05-11 07:40:00+00:00,ME02,-0.024459485468618123,0.6120945718787186,-0.7371251828353095,1.421236383570763,-0.6225582015986808,-0.47996683614302765,-0.6323350934380482,-0.10264043637505327,-2.2636318670313003
2008-05-11 07:50:00+00:00,ME02,-0.02115224180656405,-0.46426417072250126,-0.5203201257303115,1.421236383570763,-0.6225582015986808,-0.47996683614302765,-0.6323350934380482,-0.10264043637505327,-2.2636318670313003
2008-05-11 08:00:00+00:00,ME02,-0.01945021025824741,0.39034025500874847,-0.20703376323741365,1.46943829990036,-0.6250913610445269,-0.43767897531049815,1.0960475227219078,-0.10264043637505327,-2.2636318670313003
2008-05-11 08:10:00+00:00,ME02,-0.020108936865290902,-0.9430335653764479,-0.09128798399822588,1.46943829990036,-0.6250913610445269,-0.43767897531049815,1.0960475227219078,-0.10264043637505327,-2.2636318670313003
2008-05-11 08:20:00+00:00,ME02,-0.016592251637733597,-0.9384243283716457,-0.01763945818887166,1.46943829990036,-0.6250913610445269,-0.43767897531049815,1.0960475227219078,-0.10264043637505327,-2.2636318670313003
2008-05-11 08:30:00+00:00,ME02,-0.019846598175067252,0.23911540006050766,0.005992399546691927,1.46943829990036,-0.6250913610445269,-0.43767897531049815,1.0960475227219078,-0.10264043637505327,-2.2636318670313003
2008-05-11 08:40:00+00:00,ME02,-0.016708848965424798,-0.6745035184182844,-0.008628838172741573,1.46943829990036,-0.6250913610445269,-0.43767897531049815,1.0960475227219078,-0.10264043637505327,-2.2636318670313003
2008-05-11 08:50:00+00:00,ME02,-0.016742657788330336,0.7054367251524726,0.05521098942048371,1.46943829990036,-0.6250913610445269,-0.43767897531049815,1.0960475227219078,-0.10264043637505327,-2.2636318670313003
2008-05-11 09:00:00+00:00,ME02,-0.018977317695287904,-0.9668629045148255,-0.059843362825506265,1.421236383570763,0.26662990761167416,-0.10783377906485263,0.5901794273995011,0.5627527373666715,-2.2636318670313003
2008-05-11 09:10:00+00:00,ME02,-0.019865818047228718,-0.15643117430937176,0.039629358663215,1.421236383570763,0.26662990761167416,-0.10783377906485263,0.5901794273995011,0.5627527373666715,-2.2636318670313003
2008-05-11 09:20:00+00:00,ME02,-0.014389467077712674,-0.886275538807444,0.37291771264568274,1.421236383570763,0.26662990761167416,-0.10783377906485263,0.5901794273995011,0.5627527373666715,-2.2636318670313003
2008-05-11 09:30:00+00:00,ME02,-0.012366531238223554,-0.11770836556207497,0.9336579335396435,1.421236383570763,0.26662990761167416,-0.10783377906485263,0.5901794273995011,0.5627527373666715,-2.2636318670313003
2008-05-11 09:40:00+00:00,ME02,-0.012241054678779211,-0.6113394052607377,1.122290110630313,1.421236383570763,0.26662990761167416,-0.10783377906485263,0.5901794273995011,0.5627527373666715,-2.2636318670313003
2008-05-11 09:50:00+00:00,ME02,-0.004547679776857017,-0.3830449533801615,1.7616358618832728,1.421236383570763,0.26662990761167416,-0.10783377906485263,0.5901794273995011,0.5627527373666715,-2.2636318670313003
2008-05-11 10:00:00+00:00,ME02,0.005532361544914981,4.296337554160901,2.6869742659449414,2.047573236594584,-0.479426723656748,-0.09091869385584944,0.5901794273995011,-0.10264043637505327,-2.2636318670313003
2008-05-11 10:10:00+00:00,ME02,0.006307198833873889,1.3689203807245662,2.1682295731347008,2.047573236594584,-0.479426723656748,-0.09091869385584944,0.5901794273995011,-0.10264043637505327,-2.2636318670313003
2008-05-11 10:20:00+00:00,ME02,-0.004137559836799872,-0.2767785066992623,1.982740951171428,2.047573236594584,-0.479426723656748,-0.09091869385584944,0.5901794273995011,-0.10264043637505327,-2.2636318670313003
2008-05-11 10:30:00+00:00,ME02,-0.006071466099033121,0.6319074506730287,1.4971150625919318,2.047573236594584,-0.479426723656748,-0.09091869385584944,0.5901794273995011,-0.10264043637505327,-2.2636318670313003
2008-05-11 10:40:00+00:00,ME02,-0.01050704292539969,0.8863888094507556,0.48515217862821564,2.047573236594584,-0.479426723656748,-0.09091869385584944,0.5901794273995011,-0.10264043637505327,-2.2636318670313003
2008-05-11 10:50:00+00:00,ME02,-0.012320262612615101,2.475834247303147,-0.4054912441525908,2.047573236594584,-0.479426723656748,-0.09091869385584944,0.5901794273995011,-0.10264043637505327,-2.2636318670313003
2008-05-11 11:00:00+00:00,ME02,-0.018854191012834785,-0.547939753807727,-0.37554574847829575,1.6380489873003024,-0.5541589119350221,-0.15857933031190521,0.7588020915536895,2.5589322585918457,-2.2636318670313003
2008-05-11 11:10:00+00:00,ME02,-0.02509465908731596,0.17372319625573351,-0.8202697681758668,1.6380489873003024,-0.5541589119350221,-0.15857933031190521,0.7588020915536895,2.5589322585918457,-2.2636318670313003
2008-05-11 11:20:00+00:00,ME02,-0.02251339090110809,1.028545576734159,-1.0869208965221768,1.6380489873003024,-0.5541589119350221,-0.15857933031190521,0.7588020915536895,2.5589322585918457,-2.2636318670313003
2008-05-11 11:30:00+00:00,ME02,-0.022094931853944885,2.4281616277975493,-0.6231185227731624,1.6380489873003024,-0.5541589119350221,-0.15857933031190521,0.7588020915536895,2.5589322585918457,-2.2636318670313003
2008-05-11 11:40:00+00:00,ME02,-0.026889866977795624,0.440183648900088,-0.9311259966907095,1.6380489873003024,-0.5541589119350221,-0.15857933031190521,0.7588020915536895,2.5589322585918457,-2.2636318670313003
2008-05-11 11:50:00+00:00,ME02,-0.025669138435795588,-1.0059705623434745,-0.013381025666085053,1.6380489873003024,-0.5541589119350221,-0.15857933031190521,0.7588020915536895,2.5589322585918457,-2.2636318670313003
2008-05-11 12:00:00+00:00,ME02,-0.02002903821635893,0.09972088502122854,0.5246151249335157,1.2526256961708193,0.0031667149490281665,-0.01902950781262556,1.5176041831073792,-0.10264043637505327,-2.4424741138622155
2008-05-11 12:10:00+00:00,ME02,-0.018692058030472084,0.8998066284663891,0.40592033364298846,1.2526256961708193,0.0031667149490281665,-0.01902950781262556,1.5176041831073792,-0.10264043637505327,-2.4424741138622155
2008-05-11 12:20:00+00:00,ME02,-0.019529547621787904,-0.8655697301580902,0.34192205966724504,1.2526256961708193,0.0031667149490281665,-0.01902950781262556,1.5176041831073792,-0.10264043637505327,-2.4424741138622155
2008-05-11 12:30:00+00:00,ME02,-0.0066731323508434776,0.017519376811277434,1.7480357669655497,1.2526256961708193,0.0031667149490281665,-0.01902950781262556,1.5176041831073792,-0.10264043637505327,-2.4424741138622155
2008-05-11 12:40:00+00:00,ME02,-0.004600868585063975,-0.6115343325729325,2.5589091253065877,1.2526256961708193,0.0031667149490281665,-0.01902950781262556,1.5176041831073792,-0.10264043637505327,-2.4424741138622155
2008-05-11 12:50:00+00:00,ME02,-0.02069412125856704,-0.09366891945020524,0.35533486526126024,1.2526256961708193,0.0031667149490281665,-0.01902950781262556,1.5176041831073792,-0.10264043637505327,-2.4424741138622155
2008-05-11 13:00:00+00:00,ME02,-0.019697229690475566,-0.8168702390186893,0.4332159046651919,1.4453373417355615,-0.44269378655821223,-0.10783377906485263,-0.04215566603854705,-0.10264043637505327,-2.4424741138622155
2008-05-11 13:10:00+00:00,ME02,-0.020019953130752145,0.44844086369002484,0.28366951499299287,1.4453373417355615,-0.44269378655821223,-0.10783377906485263,-0.04215566603854705,-0.10264043637505327,-2.4424741138622155
2008-05-11 13:20:00+00:00,ME02,-0.012682661096741434,-0.20651069170923206,0.9738427867605038,1.4453373417355615,-0.44269378655821223,-0.10783377906485263,-0.04215566603854705,-0.10264043637505327,-2.4424741138622155
2008-05-11 13:30:00+00:00,ME02,0.0031609913515283907,0.8197577438859442,2.614663106811821,1.4453373417355615,-0.44269378655821223,-0.10783377906485263,-0.04215566603854705,-0.10264043637505327,-2.4424741138622155
2008-05-11 13:40:00+00:00,ME02,0.00416637265149282,-0.07950821889213373,3.651439515144234,1.4453373417355615,-0.44269378655821223,-0.10783377906485263,-0.04215566603854705,-0.10264043637505327,-2.4424741138622155
2008-05-11 13:50:00+00:00,ME02,0.009230233789038159,-0.08631257831151264,4.375414494704181,1.4453373417355615,-0.44269378655821223,-0.10783377906485263,-0.04215566603854705,-0.10264043637505327,-2.4424741138622155
2008-05-11 14:00:00+00:00,ME02,0.011767021773075339,-0.058071586116871195,4.701122639498321,1.6621499454651008,-0.42369402814748275,-0.20086719114443471,0.4215567632453126,-0.10264043637505327,-2.4424741138622155
2008-05-11 14:10:00+00:00,ME02,0.014457361218198276,0.06862343305334773,4.745616372225623,1.6621499454651008,-0.42369402814748275,-0.20086719114443471,0.4215567632453126,-0.10264043637505327,-2.4424741138622155
2008-05-11 14:20:00+00:00,ME02,0.01140284493211955,0.610840140322272,4.350297499988871,1.6621499454651008,-0.42369402814748275,-0.20086719114443471,0.4215567632453126,-0.10264043637505327,-2.4424741138622155
2008-05-11 14:30:00+00:00,ME02,0.01559577515342338,0.1336215294553516,4.4449691817857016,1.6621499454651008,-0.42369402814748275,-0.20086719114443471,0.4215567632453126,-0.10264043637505327,-2.4424741138622155
2008-05-11 14:40:00+00:00,ME02,0.012684374904293196,3.81653318246089,4.085655351598619,1.6621499454651008,-0.42369402814748275,-0.20086719114443471,0.4215567632453126,-0.10264043637505327,-2.4424741138622155
2008-05-11 14:50:00+00:00,ME02,0.0034004677939346445,0.9627616208099801,2.8346927230915893,1.6621499454651008,-0.42369402814748275,-0.20086719114443471,0.4215567632453126,-0.10264043637505327,-2.4424741138622155
2008-05-11 15:00:00+00:00,ME02,-0.01406913338718129,-0.8377376326349614,0.6360523928354406,1.0599140506060782,-0.4135608590806566,-0.15857933031190521,-0.2107783301927355,-0.10264043637505327,-2.4424741138622155
2008-05-11 15:10:00+00:00,ME02,-0.020511064573778482,0.42900632823008755,0.18679110311824332,1.0599140506060782,-0.4135608590806566,-0.15857933031190521,-0.2107783301927355,-0.10264043637505327,-2.4424741138622155
2008-05-11 15:20:00+00:00,ME02,-0.02120559992303786,-0.6241350356529785,0.13151443927717385,1.0599140506060782,-0.4135608590806566,-0.15857933031190521,-0.2107783301927355,-0.10264043637505327,-2.4424741138622155
2008-05-11 15:30:00+00:00,ME02,-0.022544875582064788,0.42759178464147685,0.08568702611318997,1.0599140506060782,-0.4135608590806566,-0.15857933031190521,-0.2107783301927355,-0.10264043637505327,-2.4424741138622155
2008-05-11 15:40:00+00:00,ME02,-0.023452535704887027,-0.68006644652312,-0.1419190156181621,1.0599140506060782,-0.4135608590806566,-0.15857933031190521,-0.2107783301927355,-0.10264043637505327,-2.4424741138622155
2008-05-11 15:50:00+00:00,ME02,-0.020011644393998815,0.9055401292923076,-0.37238202783326496,1.0599140506060782,-0.4135608590806566,-0.15857933031190521,-0.2107783301927355,-0.10264043637505327,-2.4424741138622155
2008-05-11 16:00:00+00:00,ME02,-0.022729508676525564,-0.896455023483298,-0.3359583395842688,1.0599140506060782,-0.49335989753406423,-0.08246129906140298,-0.6744907594765952,-0.10264043637505327,-2.4424741138622155
2008-05-11 16:10:00+00:00,ME02,-0.021269742100372035,0.33686022747928507,-0.2711980227092025,1.0599140506060782,-0.49335989753406423,-0.08246129906140298,-0.6744907594765952,-0.10264043637505327,-2.4424741138622155
2008-05-11 16:20:00+00:00,ME02,-0.023181476189333066,-0.760293342101871,-0.2699158638697819,1.0599140506060782,-0.49335989753406423,-0.08246129906140298,-0.6744907594765952,-0.10264043637505327,-2.4424741138622155
2008-05-11 16:30:00+00:00,ME02,-0.023475556403954042,-0.15576450674364323,-0.23171860651860166,1.0599140506060782,-0.49335989753406423,-0.08246129906140298,-0.6744907594765952,-0.10264043637505327,-2.4424741138622155
2008-05-11 16:40:00+00:00,ME02,-0.022882839579400193,-0.27797908966790785,-0.22232476218076858,1.0599140506060782,-0.49335989753406423,-0.08246129906140298,-0.6744907594765952,-0.10264043637505327,-2.4424741138622155
2008-05-11 16:50:00+00:00,ME02,-0.023210595520080653,1.2323422941928455,-0.3739683602686081,1.0599140506060782,-0.49335989753406423,-0.08246129906140298,-0.6744907594765952,-0.10264043637505327,-2.4424741138622155
2008-05-11 17:00:00+00:00,ME02,-0.025229020777401034,-1.0348209420418963,-0.4378107912422303,1.4453373417355615,-0.5655589263664922,-0.09937638427040617,-0.33724532830837683,-0.10264043637505327,-2.4424741138622155
2008-05-11 17:10:00+00:00,ME02,-0.024843358133593726,0.9233133940260494,-0.39033048372908347,1.4453373417355615,-0.5655589263664922,-0.09937638427040617,-0.33724532830837683,-0.10264043637505327,-2.4424741138622155
2008-05-11 17:20:00+00:00,ME02,-0.01807685560706348,-0.9942394912288497,0.40996879119677954,1.4453373417355615,-0.5655589263664922,-0.09937638427040617,-0.33724532830837683,-0.10264043637505327,-2.4424741138622155
2008-05-11 17:30:00+00:00,ME02,-0.019709193986709072,0.9657411040633141,0.11787919336198517,1.4453373417355615,-0.5655589263664922,-0.09937638427040617,-0.33724532830837683,-0.10264043637505327,-2.4424741138622155
2008-05-11 17:40:00+00:00,ME02,-0.019483396309338027,-0.34321039826832334,0.3269110416448569,1.4453373417355615,-0.5655589263664922,-0.09937638427040617,-0.33724532830837683,-0.10264043637505327,-2.4424741138622155
2008-05-11 17:50:00+00:00,ME02,-0.019395113343596903,2.1419973512799544,0.30550868480163934,1.4453373417355615,-0.5655589263664922,-0.09937638427040617,-0.33724532830837683,-0.10264043637505327,-2.4424741138622155
2008-05-11 18:00:00+00:00,ME02,-0.021899486883787622,0.04017505945702061,0.10524239705980216,0.8672024050413374,-0.5845586847772217,-0.0697747634396015,-0.6744907594765952,-0.10264043637505327,-2.6213163606931307
2008-05-11 18:10:00+00:00,ME02,-0.01761781406323429,1.0095355917279707,0.5533759967842456,0.8672024050413374,-0.5845586847772217,-0.0697747634396015,-0.6744907594765952,-0.10264043637505327,-2.6213163606931307
2008-05-11 18:20:00+00:00,ME02,-0.018425747849835465,-0.734080985891275,0.5149552260633329,0.8672024050413374,-0.5845586847772217,-0.0697747634396015,-0.6744907594765952,-0.10264043637505327,-2.6213163606931307
2008-05-11 18:30:00+00:00,ME02,-0.016898656052844737,1.010448677669417,-0.020572009487431035,0.8672024050413374,-0.5845586847772217,-0.0697747634396015,-0.6744907594765952,-0.10264043637505327,-2.6213163606931307
2008-05-11 18:40:00+00:00,ME02,-0.015627671648060084,-0.5409481717343104,0.04182157100168471,0.8672024050413374,-0.5845586847772217,-0.0697747634396015,-0.6744907594765952,-0.10264043637505327,-2.6213163606931307
2008-05-11 18:50:00+00:00,ME02,-0.015220782426043298,1.6568568920913425,-0.027969200526389848,0.8672024050413374,-0.5845586847772217,-0.0697747634396015,-0.6744907594765952,-0.10264043637505327,-2.6213163606931307
2008-05-11 19:00:00+00:00,ME02,-0.01534454440795663,-0.9113752424682833,0.13480517808842454,1.03581309244128,-0.6668908826764759,-0.04863083302335357,-0.590179427399501,-0.10264043637505327,-2.6213163606931307
2008-05-11 19:10:00+00:00,ME02,-0.0101671204939983,-0.583864968559663,-0.035889188583355075,1.03581309244128,-0.6668908826764759,-0.04863083302335357,-0.590179427399501,-0.10264043637505327,-2.6213163606931307
2008-05-11 19:20:00+00:00,ME02,-0.010109724326505668,1.3452851325074204,-0.011444070386477129,1.03581309244128,-0.6668908826764759,-0.04863083302335357,-0.590179427399501,-0.10264043637505327,-2.6213163606931307
2008-05-11 19:30:00+00:00,ME02,-0.009326293078529804,-0.4795970564596054,-0.1588331758040657,1.03581309244128,-0.6668908826764759,-0.04863083302335357,-0.590179427399501,-0.10264043637505327,-2.6213163606931307
2008-05-11 19:40:00+00:00,ME02,-0.00733248853235256,0.5663768950934472,-0.03117202275070411,1.03581309244128,-0.6668908826764759,-0.04863083302335357,-0.590179427399501,-0.10264043637505327,-2.6213163606931307
2008-05-11 19:50:00+00:00,ME02,-0.006591060651453433,0.0392022707172997,-0.10106995899481958,1.03581309244128,-0.6668908826764759,-0.04863083302335357,-0.590179427399501,-0.10264043637505327,-2.6213163606931307
2008-05-11 20:00:00+00:00,ME02,-0.010355476724399189,-0.9911153220150444,-0.05477978021123822,1.46943829990036,-0.6744906266557353,0.01902950781262556,-0.6323350934380482,-0.10264043637505327,-2.6213163606931307
2008-05-11 20:10:00+00:00,ME02,-0.010907271770442208,1.0777274125170522,-0.08605628155347952,1.46943829990036,-0.6744906266557353,0.01902950781262556,-0.6323350934380482,-0.10264043637505327,-2.6213163606931307
2008-05-11 20:20:00+00:00,ME02,-0.012477526911625644,-0.728546852970144,-0.09445086735073992,1.46943829990036,-0.6744906266557353,0.01902950781262556,-0.6323350934380482,-0.10264043637505327,-2.6213163606931307
2008-05-11 20:30:00+00:00,ME02,-0.013668668213923447,1.1393614665392222,-0.022552298950503983,1.46943829990036,-0.6744906266557353,0.01902950781262556,-0.6323350934380482,-0.10264043637505327,-2.6213163606931307
2008-05-11 20:40:00+00:00,ME02,-0.010268083893696371,-0.15202459348976138,-0.004851881321294731,1.46943829990036,-0.6744906266557353,0.01902950781262556,-0.6323350934380482,-0.10264043637505327,-2.6213163606931307
2008-05-11 20:50:00+00:00,ME02,-0.012843421187274419,0.13811451999721985,-0.00035518558068811667,1.46943829990036,-0.6744906266557353,0.01902950781262556,-0.6323350934380482,-0.10264043637505327,-2.6213163606931307
2008-05-11 21:00:00+00:00,ME02,-0.014062047871949904,1.1111409638128167,-0.1791144290023984,1.2767266543356175,-0.7542896651091434,0.014800662605380807,-0.6744907594765952,-0.10264043637505327,-2.6213163606931307
2008-05-11 21:10:00+00:00,ME02,-0.014779513833940978,-0.5886244239480044,-0.13083088426604125,1.2767266543356175,-0.7542896651091434,0.014800662605380807,-0.6744907594765952,-0.10264043637505327,-2.6213163606931307
2008-05-11 21:20:00+00:00,ME02,-0.011232847982791292,0.5091420270115531,-0.11889500951461549,1.2767266543356175,-0.7542896651091434,0.014800662605380807,-0.6744907594765952,-0.10264043637505327,-2.6213163606931307
2008-05-11 21:30:00+00:00,ME02,-0.017371229621871192,0.16571094218282567,-0.0644267418557428,1.2767266543356175,-0.7542896651091434,0.014800662605380807,-0.6744907594765952,-0.10264043637505327,-2.6213163606931307
2008-05-11 21:40:00+00:00,ME02,-0.01802311759627814,-0.2114468205490466,-0.03981047503686931,1.2767266543356175,-0.7542896651091434,0.014800662605380807,-0.6744907594765952,-0.10264043637505327,-2.6213163606931307
2008-05-11 21:50:00+00:00,ME02,-0.013645561481325815,1.5576813817123258,-0.047468415474034825,1.2767266543356175,-0.7542896651091434,0.014800662605380807,-0.6744907594765952,-0.10264043637505327,-2.6213163606931307
2008-05-11 22:00:00+00:00,ME02,-0.01647531689792954,-0.922420390454031,-0.053259704063625464,1.2767266543356175,-0.7542896651091434,0.014800662605380807,-0.6744907594765952,-0.10264043637505327,-2.6213163606931307
2008-05-11 22:10:00+00:00,ME02,-0.015449416010383183,1.666738502073486,-0.08801674823891961,1.2767266543356175,-0.7542896651091434,0.014800662605380807,-0.6744907594765952,-0.10264043637505327,-2.6213163606931307
2008-05-11 22:20:00+00:00,ME02,-0.018403884863405492,-0.5372712886790626,-0.13978189407387603,1.2767266543356175,-0.7542896651091434,0.014800662605380807,-0.6744907594765952,-0.10264043637505327,-2.6213163606931307
2008-05-11 22:30:00+00:00,ME02,-0.01704307822974104,1.756410492720548,-0.1916427882777914,1.2767266543356175,-0.7542896651091434,0.014800662605380807,-0.6744907594765952,-0.10264043637505327,-2.6213163606931307
2008-05-11 22:40:00+00:00,ME02,-0.016157754374084697,-0.4468188977376216,-0.16803513839840406,1.2767266543356175,-0.7542896651091434,0.014800662605380807,-0.6744907594765952,-0.10264043637505327,-2.6213163606931307
2008-05-11 22:50:00+00:00,ME02,-0.0214774904306572,1.2124418986627619,-0.10875580849361902,1.2767266543356175,-0.7542896651091434,0.014800662605380807,-0.6744907594765952,-0.10264043637505327,-2.6213163606931307
2008-05-11 23:00:00+00:00,ME02,-0.018129250335631904,1.2034065466304482,-0.17299227637145467,1.2767266543356175,-0.7897557568430357,-0.21355343114615954,-0.6323350934380482,-0.10264043637505327,-2.6213163606931307
2008-05-11 23:10:00+00:00,ME02,-0.02284195222544794,-0.8845996225000855,-0.12284378482943707,1.2767266543356175,-0.7897557568430357,-0.21355343114615954,-0.6323350934380482,-0.10264043637505327,-2.6213163606931307
2008-05-11 23:20:00+00:00,ME02,-0.018888274164527624,1.5745878876812034,-0.10980175529274928,1.2767266543356175,-0.7897557568430357,-0.21355343114615954,-0.6323350934380482,-0.10264043637505327,-2.6213163606931307
2008-05-11 23:30:00+00:00,ME02,-0.02036926709253612,-0.4608605877927467,-0.17816460079585028,1.2767266543356175,-0.7897557568430357,-0.21355343114615954,-0.6323350934380482,-0.10264043637505327,-2.6213163606931307
2008-05-11 23:40:00+00:00,ME02,-0.01859911088124615,-0.3226198655015703,-0.177054481662849,1.2767266543356175,-0.7897557568430357,-0.21355343114615954,-0.6323350934380482,-0.10264043637505327,-2.6213163606931307
2008-05-11 23:50:00+00:00,ME02,-0.021412001138104816,1.3283142680681461,-0.185004030106171,1.2767266543356175,-0.7897557568430357,-0.21355343114615954,-0.6323350934380482,-0.10264043637505327,-2.6213163606931307
2008-05-12 00:00:00+00:00,ME02,-0.02282934424217169,-0.911972709978914,-0.35265443539621066,1.421236383570763,-0.773289423519873,-0.25584129197868904,-0.6744907594765952,-0.10264043637505327,-2.8001586075240463
2008-05-12 00:10:00+00:00,ME02,-0.022102911333754662,0.8869558233571233,-0.2522262761518546,1.421236383570763,-0.773289423519873,-0.25584129197868904,-0.6744907594765952,-0.10264043637505327,-2.8001586075240463
2008-05-12 00:20:00+00:00,ME02,-0.018971975104614625,-1.107331430528423,-0.25918949150721055,1.421236383570763,-0.773289423519873,-0.25584129197868904,-0.6744907594765952,-0.10264043637505327,-2.8001586075240463
2008-05-12 00:30:00+00:00,ME02,-0.02097457456387393,-0.04977951355488709,-0.27388154322351543,1.421236383570763,-0.773289423519873,-0.25584129197868904,-0.6744907594765952,-0.10264043637505327,-2.8001586075240463
2008-05-12 00:40:00+00:00,ME02,-0.019357023159940867,1.3295614534718276,-0.17047591099238152,1.421236383570763,-0.773289423519873,-0.25584129197868904,-0.6744907594765952,-0.10264043637505327,-2.8001586075240463
2008-05-12 00:50:00+00:00,ME02,-0.021521339480264513,0.4118101687195026,-0.21806895750208213,1.421236383570763,-0.773289423519873,-0.25584129197868904,-0.6744907594765952,-0.10264043637505327,-2.8001586075240463
2008-05-12 01:00:00+00:00,ME02,-0.020787861173453857,1.5447591994383048,-0.3629903299401054,2.047573236594584,-0.6681574623993992,-0.4080773544796935,-0.6323350934380482,-0.10264043637505327,-2.8001586075240463
2008-05-12 01:10:00+00:00,ME02,-0.021663020563840698,-0.7834489238228176,-0.2912860706277906,2.047573236594584,-0.6681574623993992,-0.4080773544796935,-0.6323350934380482,-0.10264043637505327,-2.8001586075240463
2008-05-12 01:20:00+00:00,ME02,-0.02237213350234019,-0.9656177734830186,-0.3262024758603567,2.047573236594584,-0.6681574623993992,-0.4080773544796935,-0.6323350934380482,-0.10264043637505327,-2.8001586075240463
2008-05-12 01:30:00+00:00,ME02,-0.02269447947917083,1.5516307604675945,-0.29349496898635047,2.047573236594584,-0.6681574623993992,-0.4080773544796935,-0.6323350934380482,-0.10264043637505327,-2.8001586075240463
2008-05-12 01:40:00+00:00,ME02,-0.022351197766051555,-0.3387993038833544,-0.26395932476681727,2.047573236594584,-0.6681574623993992,-0.4080773544796935,-0.6323350934380482,-0.10264043637505327,-2.8001586075240463
2008-05-12 01:50:00+00:00,ME02,-0.018672550427033644,1.2898148275639518,-0.33061188702295496,2.047573236594584,-0.6681574623993992,-0.4080773544796935,-0.6323350934380482,-0.10264043637505327,-2.8001586075240463
2008-05-12 02:00:00+00:00,ME02,-0.020309776627979233,-0.9275571284493808,-0.28929206689565035,1.6380489873003024,-0.6415579600094103,-0.3277304780219465,-0.6744907594765952,-0.10264043637505327,-2.8001586075240463
2008-05-12 02:10:00+00:00,ME02,-0.02094055708326546,-0.9146791452568135,-0.3117855820669707,1.6380489873003024,-0.6415579600094103,-0.3277304780219465,-0.6744907594765952,-0.10264043637505327,-2.8001586075240463
2008-05-12 02:20:00+00:00,ME02,-0.0225734539748028,1.6044088803627388,-0.3132078431031771,1.6380489873003024,-0.6415579600094103,-0.3277304780219465,-0.6744907594765952,-0.10264043637505327,-2.8001586075240463
2008-05-12 02:30:00+00:00,ME02,-0.023083346425788038,-0.4417338781664037,-0.34517947831041085,1.6380489873003024,-0.6415579600094103,-0.3277304780219465,-0.6744907594765952,-0.10264043637505327,-2.8001586075240463
2008-05-12 02:40:00+00:00,ME02,-0.019283766608189045,2.0526055088233157,-0.25155223443455826,1.6380489873003024,-0.6415579600094103,-0.3277304780219465,-0.6744907594765952,-0.10264043637505327,-2.8001586075240463
2008-05-12 02:50:00+00:00,ME02,-0.022592739157928882,-0.06430555623919001,-0.2733751215371132,1.6380489873003024,-0.6415579600094103,-0.3277304780219465,-0.6744907594765952,-0.10264043637505327,-2.8001586075240463
2008-05-12 03:00:00+00:00,ME02,-0.023114311082728326,0.611284425688433,-0.2635977074614953,1.6621499454651008,-0.6681574623993992,-0.43767897531049815,-0.46371242928385975,-0.10264043637505327,-2.8001586075240463
2008-05-12 03:10:00+00:00,ME02,-0.019752693136274216,-0.7336863694058788,-0.3215642057524043,1.6621499454651008,-0.6681574623993992,-0.43767897531049815,-0.46371242928385975,-0.10264043637505327,-2.8001586075240463
2008-05-12 03:20:00+00:00,ME02,-0.022227139782106442,-0.6496467598634228,-0.26114158679823046,1.6621499454651008,-0.6681574623993992,-0.43767897531049815,-0.46371242928385975,-0.10264043637505327,-2.8001586075240463
2008-05-12 03:30:00+00:00,ME02,-0.022163065472743573,1.116878675755816,-0.23782948773811546,1.6621499454651008,-0.6681574623993992,-0.43767897531049815,-0.46371242928385975,-0.10264043637505327,-2.8001586075240463
2008-05-12 03:40:00+00:00,ME02,-0.018905914014535716,-0.5408568229228556,-0.11647667178050554,1.6621499454651008,-0.6681574623993992,-0.43767897531049815,-0.46371242928385975,-0.10264043637505327,-2.8001586075240463
2008-05-12 03:50:00+00:00,ME02,-0.02057007962344178,1.170094506664502,-0.05580179037833079,1.6621499454651008,-0.6681574623993992,-0.43767897531049815,-0.46371242928385975,-0.10264043637505327,-2.8001586075240463
2008-05-12 04:00:00+00:00,ME02,-0.02419879095214751,-0.059078416047553456,-0.3804973580560095,1.2526256961708193,-0.6858906410872054,-0.45459406051950135,-0.4215567632453126,-0.10264043637505327,-2.8001586075240463
2008-05-12 04:10:00+00:00,ME02,-0.024456756543110164,-0.9151604280521325,-0.6133932893937127,1.2526256961708193,-0.6858906410872054,-0.45459406051950135,-0.4215567632453126,-0.10264043637505327,-2.8001586075240463
2008-05-12 04:20:00+00:00,ME02,-0.026377493029193108,0.9742965305929437,-0.4742098464384406,1.2526256961708193,-0.6858906410872054,-0.45459406051950135,-0.4215567632453126,-0.10264043637505327,-2.8001586075240463
2008-05-12 04:30:00+00:00,ME02,-0.024781854215336355,-0.05053170668460121,-0.503424854693044,1.2526256961708193,-0.6858906410872054,-0.45459406051950135,-0.4215567632453126,-0.10264043637505327,-2.8001586075240463
2008-05-12 04:40:00+00:00,ME02,-0.02043420137803515,1.4105924331126998,-0.13385939254451704,1.2526256961708193,-0.6858906410872054,-0.45459406051950135,-0.4215567632453126,-0.10264043637505327,-2.8001586075240463
2008-05-12 04:50:00+00:00,ME02,-0.023126214112309744,0.6131051977560148,-0.3683726318036907,1.2526256961708193,-0.6858906410872054,-0.45459406051950135,-0.4215567632453126,-0.10264043637505327,-2.8001586075240463
2008-05-12 05:00:00+00:00,ME02,-0.026283809931889758,-0.9991559265399439,-0.5759627385138887,1.0599140506060782,-0.266629641969954,-0.2473836015641659,-0.6744907594765952,-0.10264043637505327,-2.8001586075240463
2008-05-12 05:10:00+00:00,ME02,-0.02526554925642833,0.5071005069819925,-0.5490132685310372,1.0599140506060782,-0.266629641969954,-0.2473836015641659,-0.6744907594765952,-0.10264043637505327,-2.8001586075240463
2008-05-12 05:20:00+00:00,ME02,-0.024048495527545934,-0.7062201685681763,-0.7155909787263134,1.0599140506060782,-0.266629641969954,-0.2473836015641659,-0.6744907594765952,-0.10264043637505327,-2.8001586075240463
2008-05-12 05:30:00+00:00,ME02,-0.028419024540216737,1.0297667413945892,-0.8465598430743737,1.0599140506060782,-0.266629641969954,-0.2473836015641659,-0.6744907594765952,-0.10264043637505327,-2.8001586075240463
2008-05-12 05:40:00+00:00,ME02,-0.023690275572919316,-0.05617620769235383,-0.655855374228183,1.0599140506060782,-0.266629641969954,-0.2473836015641659,-0.6744907594765952,-0.10264043637505327,-2.8001586075240463
2008-05-12 05:50:00+00:00,ME02,-0.025694946621278397,0.17231420333856162,-0.7652446890273195,1.0599140506060782,-0.266629641969954,-0.2473836015641659,-0.6744907594765952,-0.10264043637505327,-2.8001586075240463
2008-05-12 06:00:00+00:00,ME02,-0.02904850978608917,0.46661648253181237,-0.8716041448134227,1.0599140506060782,0.34136209588994826,0.0021144226036559854,0.2529339962312827,-0.10264043637505327,-2.386266550572499
2008-05-12 06:10:00+00:00,ME02,-0.024609124964709704,-0.8436218067934905,-0.7252054684384984,1.0599140506060782,0.34136209588994826,0.0021144226036559854,0.2529339962312827,-0.10264043637505327,-2.386266550572499
2008-05-12 06:20:00+00:00,ME02,-0.02514062598728703,0.4685050642161047,-0.8485110084157852,1.0599140506060782,0.34136209588994826,0.0021144226036559854,0.2529339962312827,-0.10264043637505327,-2.386266550572499
2008-05-12 06:30:00+00:00,ME02,0.03292840755150565,2.203344912235044,-0.5980216039719687,1.0599140506060782,0.34136209588994826,0.0021144226036559854,0.2529339962312827,-0.10264043637505327,-2.386266550572499
2008-05-12 06:40:00+00:00,ME02,0.20052937276217903,1.565317749490626,-0.20393620623524344,1.0599140506060782,0.34136209588994826,0.0021144226036559854,0.2529339962312827,-0.10264043637505327,-2.386266550572499
2008-05-12 06:50:00+00:00,ME02,-0.013044768575026146,1.4129345195472085,-0.12344330718159019,1.0599140506060782,0.34136209588994826,0.0021144226036559854,0.2529339962312827,-0.10264043637505327,-2.386266550572499
2008-05-12 07:00:00+00:00,ME02,-0.01398618793600362,1.2495406353128249,0.48354144751911793,1.2526256961708193,0.6554911338867255,0.07400360864687987,1.180358854799002,-0.10264043637505327,-2.386266550572499
2008-05-12 07:10:00+00:00,ME02,-0.013453380203403725,7.21896227909441,0.7285924502717176,1.2526256961708193,0.6554911338867255,0.07400360864687987,1.180358854799002,-0.10264043637505327,-2.386266550572499
2008-05-12 07:20:00+00:00,ME02,-0.014652257383434644,6.807847790372532,0.9780538540560555,1.2526256961708193,0.6554911338867255,0.07400360864687987,1.180358854799002,-0.10264043637505327,-2.386266550572499
2008-05-12 07:30:00+00:00,ME02,-0.014563479970304643,2.7166710088579604,1.0630751121565556,1.2526256961708193,0.6554911338867255,0.07400360864687987,1.180358854799002,-0.10264043637505327,-2.386266550572499
2008-05-12 07:40:00+00:00,ME02,-0.013980700703884364,2.0518241536346613,1.1092676069592617,1.2526256961708193,0.6554911338867255,0.07400360864687987,1.180358854799002,-0.10264043637505327,-2.386266550572499
2008-05-12 07:50:00+00:00,ME02,-0.014391034976706133,2.8015424217331675,1.0576718814819224,1.2526256961708193,0.6554911338867255,0.07400360864687987,1.180358854799002,-0.10264043637505327,-2.386266550572499
2008-05-12 08:00:00+00:00,ME02,5.324731129599295e-05,2.4679814956138317,2.2166665984440943,1.108115966935675,0.7998891915515817,0.21355343114619313,2.655807371867834,-0.10264043637505327,-2.386266550572499
2008-05-12 08:10:00+00:00,ME02,0.00295574302906906,5.358137731706836,2.2210395259975115,1.108115966935675,0.7998891915515817,0.21355343114619313,2.655807371867834,-0.10264043637505327,-2.386266550572499
2008-05-12 08:20:00+00:00,ME02,0.0021843196419989216,1.7272572945522142,2.238383523921886,1.108115966935675,0.7998891915515817,0.21355343114619313,2.655807371867834,-0.10264043637505327,-2.386266550572499
2008-05-12 08:30:00+00:00,ME02,0.004544156744140402,2.5902300525817865,2.587715640739846,1.108115966935675,0.7998891915515817,0.21355343114619313,2.655807371867834,-0.10264043637505327,-2.386266550572499
2008-05-12 08:40:00+00:00,ME02,-0.0011271404310583197,3.9044962331638673,1.7120876188010987,1.108115966935675,0.7998891915515817,0.21355343114619313,2.655807371867834,-0.10264043637505327,-2.386266550572499
2008-05-12 08:50:00+00:00,ME02,-0.012795909780600632,0.22401451946084924,1.4931740504542461,1.108115966935675,0.7998891915515817,0.21355343114619313,2.655807371867834,-0.10264043637505327,-2.386266550572499
2008-05-12 09:00:00+00:00,ME02,-0.00420233239945692,1.1223476993054118,2.1581477820889328,1.6621499454651008,0.5630257669206452,0.13743539989565728,3.7096992285511945,-0.10264043637505327,-2.386266550572499
2008-05-12 09:10:00+00:00,ME02,-0.005034011080961051,-0.4113445310340753,2.2305157103411113,1.6621499454651008,0.5630257669206452,0.13743539989565728,3.7096992285511945,-0.10264043637505327,-2.386266550572499
2008-05-12 09:20:00+00:00,ME02,-0.002575497394323559,1.6371294974335584,2.1850368937262847,1.6621499454651008,0.5630257669206452,0.13743539989565728,3.7096992285511945,-0.10264043637505327,-2.386266550572499
2008-05-12 09:30:00+00:00,ME02,-0.004617405840813423,0.16916942005566746,2.2991871018883416,1.6621499454651008,0.5630257669206452,0.13743539989565728,3.7096992285511945,-0.10264043637505327,-2.386266550572499
2008-05-12 09:40:00+00:00,ME02,-0.012721295190181134,1.1183575780262571,0.994139079900359,1.6621499454651008,0.5630257669206452,0.13743539989565728,3.7096992285511945,-0.10264043637505327,-2.386266550572499
2008-05-12 09:50:00+00:00,ME02,-0.006162765366392481,1.0505050854944349,4.990805088710423,1.6621499454651008,0.5630257669206452,0.13743539989565728,3.7096992285511945,-0.10264043637505327,-2.386266550572499
2008-05-12 10:00:00+00:00,ME02,-0.008937427415078969,1.6217868291938622,1.047566262105718,1.2767266543356175,0.8264889595832913,0.15857933031193883,4.763590982374714,-0.10264043637505327,-2.386266550572499
2008-05-12 10:10:00+00:00,ME02,-0.013149129535922096,0.17862728199437095,0.7152536147707796,1.2767266543356175,0.8264889595832913,0.15857933031193883,4.763590982374714,-0.10264043637505327,-2.386266550572499
2008-05-12 10:20:00+00:00,ME02,-0.016028577237429113,0.05976923395265568,0.4244955233223673,1.2767266543356175,0.8264889595832913,0.15857933031193883,4.763590982374714,-0.10264043637505327,-2.386266550572499
2008-05-12 10:30:00+00:00,ME02,-0.021613530652869018,6.039130968107169,-0.4079805359693144,1.2767266543356175,0.8264889595832913,0.15857933031193883,4.763590982374714,-0.10264043637505327,-2.386266550572499
2008-05-12 10:40:00+00:00,ME02,-0.03928277399918514,-0.868503166697121,-2.966306921900041,1.2767266543356175,0.8264889595832913,0.15857933031193883,4.763590982374714,-0.10264043637505327,-2.386266550572499
2008-05-12 10:50:00+00:00,ME02,-0.04265402667031796,-0.5262667208217725,-3.5236947524646918,1.2767266543356175,0.8264889595832913,0.15857933031193883,4.763590982374714,-0.10264043637505327,-2.386266550572499
2008-05-12 11:00:00+00:00,ME02,-0.037700202857972126,0.7924662496170713,-2.921440150457676,2.457097485888864,0.5110930762218705,0.03171604343442704,5.26945907769712,-0.10264043637505327,-2.386266550572499
2008-05-12 11:10:00+00:00,ME02,-0.03815477300077694,-0.47415690691144136,-3.2136962061748835,2.457097485888864,0.5110930762218705,0.03171604343442704,5.26945907769712,-0.10264043637505327,-2.386266550572499
2008-05-12 11:20:00+00:00,ME02,-0.03870848374606513,1.0439767104414692,-3.2581136457188227,2.457097485888864,0.5110930762218705,0.03171604343442704,5.26945907769712,-0.10264043637505327,-2.386266550572499
2008-05-12 11:30:00+00:00,ME02,-0.0379721564715302,-1.073011963304064,-3.258399167450339,2.457097485888864,0.5110930762218705,0.03171604343442704,5.26945907769712,-0.10264043637505327,-2.386266550572499
2008-05-12 11:40:00+00:00,ME02,-0.04723460331983375,-0.6579021959098837,-4.769783812255877,2.457097485888864,0.5110930762218705,0.03171604343442704,5.26945907769712,-0.10264043637505327,-2.386266550572499
2008-05-12 11:50:00+00:00,ME02,-0.046319574419963754,0.8061235326851983,-4.705138679739441,2.457097485888864,0.5110930762218705,0.03171604343442704,5.26945907769712,-0.10264043637505327,-2.386266550572499
2008-05-12 12:00:00+00:00,ME02,-0.04182098656242863,-1.0397861004382731,-4.1248655522875115,1.108115966935675,0.05256598056023664,0.061317368645155045,2.697963037906381,-0.10264043637505327,-1.972374493620952
2008-05-12 12:10:00+00:00,ME02,-0.04757934579785584,0.6407650968763218,-4.049256543420669,1.108115966935675,0.05256598056023664,0.061317368645155045,2.697963037906381,-0.10264043637505327,-1.972374493620952
2008-05-12 12:20:00+00:00,ME02,-0.04479312592731431,3.011228948132799,-3.470966300520761,1.108115966935675,0.05256598056023664,0.061317368645155045,2.697963037906381,-0.10264043637505327,-1.972374493620952
2008-05-12 12:30:00+00:00,ME02,-0.03583847252043901,1.5940104383527063,-2.557514971632186,1.108115966935675,0.05256598056023664,0.061317368645155045,2.697963037906381,-0.10264043637505327,-1.972374493620952
2008-05-12 12:40:00+00:00,ME02,-0.032967281778804744,3.155269437168495,-2.4028897585806783,1.108115966935675,0.05256598056023664,0.061317368645155045,2.697963037906381,-0.10264043637505327,-1.972374493620952
2008-05-12 12:50:00+00:00,ME02,-0.032238435884232454,-0.44314225120520684,-1.9203804202837171,1.108115966935675,0.05256598056023664,0.061317368645155045,2.697963037906381,-0.10264043637505327,-1.972374493620952
2008-05-12 13:00:00+00:00,ME02,-0.02958812879461681,3.950505946702875,-1.4870137932188572,1.2767266543356175,0.3426286756128716,-0.04440228343615186,2.8244300360220227,0.5627527373666715,-1.972374493620952
2008-05-12 13:10:00+00:00,ME02,-0.027981921326827575,2.1606301289459546,-1.136971572580172,1.2767266543356175,0.3426286756128716,-0.04440228343615186,2.8244300360220227,0.5627527373666715,-1.972374493620952
2008-05-12 13:20:00+00:00,ME02,-0.024831766040387244,-0.36238505647893615,-0.45300580356497866,1.2767266543356175,0.3426286756128716,-0.04440228343615186,2.8244300360220227,0.5627527373666715,-1.972374493620952
2008-05-12 13:30:00+00:00,ME02,-0.020930337233456792,0.4698698033774179,-0.40035878998638436,1.2767266543356175,0.3426286756128716,-0.04440228343615186,2.8244300360220227,0.5627527373666715,-1.972374493620952
2008-05-12 13:40:00+00:00,ME02,-0.021338104173944952,1.7286678765131525,-0.09739099485828019,1.2767266543356175,0.3426286756128716,-0.04440228343615186,2.8244300360220227,0.5627527373666715,-1.972374493620952
2008-05-12 13:50:00+00:00,ME02,-0.02256871161059547,0.09687956932028909,-0.011492949152472927,1.2767266543356175,0.3426286756128716,-0.04440228343615186,2.8244300360220227,0.5627527373666715,-1.972374493620952
2008-05-12 14:00:00+00:00,ME02,-0.01627171390203859,-0.5727322017681253,0.15016520422898424,1.0840150087708766,0.5199596655657733,-0.12474915989393247,3.541076564397006,-0.10264043637505327,-1.972374493620952
2008-05-12 14:10:00+00:00,ME02,-0.0173851916947896,0.7633086798361453,0.15571439669683965,1.0840150087708766,0.5199596655657733,-0.12474915989393247,3.541076564397006,-0.10264043637505327,-1.972374493620952
2008-05-12 14:20:00+00:00,ME02,-0.01858614288723562,-0.4761207948489787,-0.04685029276838676,1.0840150087708766,0.5199596655657733,-0.12474915989393247,3.541076564397006,-0.10264043637505327,-1.972374493620952
2008-05-12 14:30:00+00:00,ME02,-0.023267555724394862,0.0632893319416003,-0.015273493665348881,1.0840150087708766,0.5199596655657733,-0.12474915989393247,3.541076564397006,-0.10264043637505327,-1.972374493620952
2008-05-12 14:40:00+00:00,ME02,-0.02296634195991617,-0.17584905646216434,-0.4502796526898186,1.0840150087708766,0.5199596655657733,-0.12474915989393247,3.541076564397006,-0.10264043637505327,-1.972374493620952
2008-05-12 14:50:00+00:00,ME02,-0.02141687973762217,-0.856164475981423,-0.4695788741467455,1.0840150087708766,0.5199596655657733,-0.12474915989393247,3.541076564397006,-0.10264043637505327,-1.972374493620952
2008-05-12 15:00:00+00:00,ME02,-0.02309410111021848,0.16713161762844764,-0.36498489003075596,1.300827612500416,0.43889404738944193,-0.17126557031363004,3.161675467190241,-0.10264043637505327,-1.972374493620952
2008-05-12 15:10:00+00:00,ME02,-0.018204310373063134,-0.5830571381078284,-0.24159144285677997,1.300827612500416,0.43889404738944193,-0.17126557031363004,3.161675467190241,-0.10264043637505327,-1.972374493620952
2008-05-12 15:20:00+00:00,ME02,-0.017815706555073984,0.4497404058739839,-0.17990255247475304,1.300827612500416,0.43889404738944193,-0.17126557031363004,3.161675467190241,-0.10264043637505327,-1.972374493620952
2008-05-12 15:30:00+00:00,ME02,-0.021370489107919343,-0.6669793500057866,-0.06518867750381273,1.300827612500416,0.43889404738944193,-0.17126557031363004,3.161675467190241,-0.10264043637505327,-1.972374493620952
2008-05-12 15:40:00+00:00,ME02,-0.019110351488390763,-0.03510789031335634,-0.3116216371390438,1.300827612500416,0.43889404738944193,-0.17126557031363004,3.161675467190241,-0.10264043637505327,-1.972374493620952
2008-05-12 15:50:00+00:00,ME02,-0.015133634112477652,1.7609740227432156,-0.18273717879191867,1.300827612500416,0.43889404738944193,-0.17126557031363004,3.161675467190241,-0.10264043637505327,-1.972374493620952
2008-05-12 16:00:00+00:00,ME02,-0.01770799546617285,5.460449496791971,0.31305729600095855,1.300827612500416,0.23496355504655125,-0.28967146239666175,1.3068258529146437,-0.10264043637505327,-1.972374493620952
2008-05-12 16:10:00+00:00,ME02,-0.015577816353743721,-0.0882974840731607,0.29862910542103455,1.300827612500416,0.23496355504655125,-0.28967146239666175,1.3068258529146437,-0.10264043637505327,-1.972374493620952
2008-05-12 16:20:00+00:00,ME02,-0.021587856959784185,1.9934068728210323,-0.007413985434863878,1.300827612500416,0.23496355504655125,-0.28967146239666175,1.3068258529146437,-0.10264043637505327,-1.972374493620952
2008-05-12 16:30:00+00:00,ME02,-0.016322783433912705,1.3807339323403307,0.32474407457780996,1.300827612500416,0.23496355504655125,-0.28967146239666175,1.3068258529146437,-0.10264043637505327,-1.972374493620952
2008-05-12 16:40:00+00:00,ME02,-0.01716040270820582,0.7644012452585613,0.2866008252518869,1.300827612500416,0.23496355504655125,-0.28967146239666175,1.3068258529146437,-0.10264043637505327,-1.972374493620952
2008-05-12 16:50:00+00:00,ME02,-0.019143531491117017,-0.25144495448411797,0.17997571287900696,1.300827612500416,0.23496355504655125,-0.28967146239666175,1.3068258529146437,-0.10264043637505327,-1.972374493620952
2008-05-12 17:00:00+00:00,ME02,-0.01738679416949068,0.930934289638531,0.27317059550776046,1.0840150087708766,-0.12349816402802165,-0.36156094405999595,2.4028733756365517,-0.10264043637505327,-1.972374493620952
2008-05-12 17:10:00+00:00,ME02,-0.014833740982869869,-0.500471548219762,0.30351620728432116,1.0840150087708766,-0.12349816402802165,-0.36156094405999595,2.4028733756365517,-0.10264043637505327,-1.972374493620952
2008-05-12 17:20:00+00:00,ME02,-0.019300813313883364,0.6299520411155379,-0.03323188109223856,1.0840150087708766,-0.12349816402802165,-0.36156094405999595,2.4028733756365517,-0.10264043637505327,-1.972374493620952
2008-05-12 17:30:00+00:00,ME02,-0.018305268632709468,-0.6869604437754911,0.03289109827859696,1.0840150087708766,-0.12349816402802165,-0.36156094405999595,2.4028733756365517,-0.10264043637505327,-1.972374493620952
2008-05-12 17:40:00+00:00,ME02,-0.020526442639128478,-0.560946822124838,0.19131577310520237,1.0840150087708766,-0.12349816402802165,-0.36156094405999595,2.4028733756365517,-0.10264043637505327,-1.972374493620952
2008-05-12 17:50:00+00:00,ME02,-0.018766178240564733,2.0193365470457416,0.21427287534499204,1.0840150087708766,-0.12349816402802165,-0.36156094405999595,2.4028733756365517,-0.10264043637505327,-1.972374493620952
2008-05-12 18:00:00+00:00,ME02,-0.020230237868004187,-0.795911949422737,0.5184042419645026,2.071674194759382,-0.4870267332777281,-0.48419538573022936,3.667543562512648,-0.10264043637505327,-1.5584824366694052
2008-05-12 18:10:00+00:00,ME02,-0.021252944041279212,1.316786469078172,0.427956318330817,2.071674194759382,-0.4870267332777281,-0.48419538573022936,3.667543562512648,-0.10264043637505327,-1.5584824366694052
2008-05-12 18:20:00+00:00,ME02,-0.02022031863167632,-0.5183710223527412,0.4280433894059129,2.071674194759382,-0.4870267332777281,-0.48419538573022936,3.667543562512648,-0.10264043637505327,-1.5584824366694052
2008-05-12 18:30:00+00:00,ME02,-0.01897146755915311,1.375509882557947,0.3067299089462883,2.071674194759382,-0.4870267332777281,-0.48419538573022936,3.667543562512648,-0.10264043637505327,-1.5584824366694052
2008-05-12 18:40:00+00:00,ME02,-0.017903593223291877,0.27916796726513277,0.09178466691142663,2.071674194759382,-0.4870267332777281,-0.48419538573022936,3.667543562512648,-0.10264043637505327,-1.5584824366694052
2008-05-12 18:50:00+00:00,ME02,-0.018665526824271236,1.7233187355319726,0.0663731979837025,2.071674194759382,-0.4870267332777281,-0.48419538573022936,3.667543562512648,-0.10264043637505327,-1.5584824366694052
2008-05-12 19:00:00+00:00,ME02,-0.01984388006459099,-0.689828965332894,-0.020256579570660595,0.6985917176413935,-0.30842916360190303,-0.340417013643748,0.7588020915536895,-0.10264043637505327,-1.5584824366694052
2008-05-12 19:10:00+00:00,ME02,-0.01990145050409051,-0.5961642530596789,-0.006058842421559565,0.6985917176413935,-0.30842916360190303,-0.340417013643748,0.7588020915536895,-0.10264043637505327,-1.5584824366694052
2008-05-12 19:20:00+00:00,ME02,-0.019415264411799908,1.4193543602768108,-0.10731436187972654,0.6985917176413935,-0.30842916360190303,-0.340417013643748,0.7588020915536895,-0.10264043637505327,-1.5584824366694052
2008-05-12 19:30:00+00:00,ME02,-0.01941953778506201,0.30676678907247124,-0.09436758720346747,0.6985917176413935,-0.30842916360190303,-0.340417013643748,0.7588020915536895,-0.10264043637505327,-1.5584824366694052
2008-05-12 19:40:00+00:00,ME02,-0.018634482335730732,2.3765449227316324,0.0163852677520336,0.6985917176413935,-0.30842916360190303,-0.340417013643748,0.7588020915536895,-0.10264043637505327,-1.5584824366694052
2008-05-12 19:50:00+00:00,ME02,-0.019385003103088095,0.32249305561893854,-0.017586265892053598,0.6985917176413935,-0.30842916360190303,-0.340417013643748,0.7588020915536895,-0.10264043637505327,-1.5584824366694052
2008-05-12 20:00:00+00:00,ME02,-0.019662551674447536,-0.5468106877649721,0.019720373859039974,1.9030635073594384,-0.342628675612872,-0.38693342406344555,2.740118703944928,-0.10264043637505327,-1.5584824366694052
2008-05-12 20:10:00+00:00,ME02,-0.019213421271952514,0.9914724409717317,-0.11275214389817281,1.9030635073594384,-0.342628675612872,-0.38693342406344555,2.740118703944928,-0.10264043637505327,-1.5584824366694052
2008-05-12 20:20:00+00:00,ME02,-0.016323366480310176,-0.7536639264204383,-0.008658577729860596,1.9030635073594384,-0.342628675612872,-0.38693342406344555,2.740118703944928,-0.10264043637505327,-1.5584824366694052
2008-05-12 20:30:00+00:00,ME02,-0.017956362293136918,1.2280679932431335,-0.18365004250067365,1.9030635073594384,-0.342628675612872,-0.38693342406344555,2.740118703944928,-0.10264043637505327,-1.5584824366694052
2008-05-12 20:40:00+00:00,ME02,-0.02057876123680417,-0.018756316846853156,-0.13365411920346512,1.9030635073594384,-0.342628675612872,-0.38693342406344555,2.740118703944928,-0.10264043637505327,-1.5584824366694052
2008-05-12 20:50:00+00:00,ME02,-0.01734612741368436,3.5732677234439487,-0.08989055764947562,1.9030635073594384,-0.342628675612872,-0.38693342406344555,2.740118703944928,-0.10264043637505327,-1.5584824366694052
2008-05-12 21:00:00+00:00,ME02,-0.019064176707114223,-0.9275025909297229,-0.21905046765863412,1.4935392580651583,-0.4654935497794318,-0.46305175093402445,1.686226950121409,-0.10264043637505327,-1.5584824366694052
2008-05-12 21:10:00+00:00,ME02,-0.019331117393770532,-0.9329171352981458,-0.23086750451507124,1.4935392580651583,-0.4654935497794318,-0.46305175093402445,1.686226950121409,-0.10264043637505327,-1.5584824366694052
2008-05-12 21:20:00+00:00,ME02,-0.021882855964189502,1.4313310664760137,-0.1547584514885721,1.4935392580651583,-0.4654935497794318,-0.46305175093402445,1.686226950121409,-0.10264043637505327,-1.5584824366694052
2008-05-12 21:30:00+00:00,ME02,-0.019782955628328512,0.06375202624949146,-0.2191714746882642,1.4935392580651583,-0.4654935497794318,-0.46305175093402445,1.686226950121409,-0.10264043637505327,-1.5584824366694052
2008-05-12 21:40:00+00:00,ME02,-0.017952070251547853,1.8782252807594588,-0.11650724274546259,1.4935392580651583,-0.4654935497794318,-0.46305175093402445,1.686226950121409,-0.10264043637505327,-1.5584824366694052
2008-05-12 21:50:00+00:00,ME02,-0.020110534745653347,0.09925664183040543,-0.18194325453693475,1.4935392580651583,-0.4654935497794318,-0.46305175093402445,1.686226950121409,-0.10264043637505327,-1.5584824366694052
2008-05-12 22:00:00+00:00,ME02,-0.018177902887718072,-0.9686386317644786,-0.2036367300709759,1.6862509036298992,-0.445227211645779,-0.6279740534367874,2.1499392765454273,-0.10264043637505327,-1.5584824366694052
2008-05-12 22:10:00+00:00,ME02,-0.022439122172919098,1.6697751838976969,-0.1798562320498934,1.6862509036298992,-0.445227211645779,-0.6279740534367874,2.1499392765454273,-0.10264043637505327,-1.5584824366694052
2008-05-12 22:20:00+00:00,ME02,-0.0208466263659707,-0.7550416762669171,-0.27589502867388344,1.6862509036298992,-0.445227211645779,-0.6279740534367874,2.1499392765454273,-0.10264043637505327,-1.5584824366694052
2008-05-12 22:30:00+00:00,ME02,-0.021495692413015462,1.7699560953081792,-0.2431879798814419,1.6862509036298992,-0.445227211645779,-0.6279740534367874,2.1499392765454273,-0.10264043637505327,-1.5584824366694052
2008-05-12 22:40:00+00:00,ME02,-0.019104431794292245,-0.08051386273360445,-0.26008863002364185,1.6862509036298992,-0.445227211645779,-0.6279740534367874,2.1499392765454273,-0.10264043637505327,-1.5584824366694052
2008-05-12 22:50:00+00:00,ME02,-0.022520957519767317,0.502056828116382,-0.22138311038910044,1.6862509036298992,-0.445227211645779,-0.6279740534367874,2.1499392765454273,-0.10264043637505327,-1.5584824366694052
2008-05-12 23:00:00+00:00,ME02,-0.02109587153725042,1.0189688024328611,-0.22479168782246278,1.46943829990036,-0.45029379617919235,-0.5560848673935299,-0.5480237613609539,-0.10264043637505327,-1.5584824366694052
2008-05-12 23:10:00+00:00,ME02,-0.021867971561388855,-0.8981171126945351,-0.21497000152167564,1.46943829990036,-0.45029379617919235,-0.5560848673935299,-0.5480237613609539,-0.10264043637505327,-1.5584824366694052
2008-05-12 23:20:00+00:00,ME02,-0.02356676640390121,1.55815752279961,-0.2942208807152314,1.46943829990036,-0.45029379617919235,-0.5560848673935299,-0.5480237613609539,-0.10264043637505327,-1.5584824366694052
2008-05-12 23:30:00+00:00,ME02,-0.020396505936989197,0.17215387462036658,-0.27196994718766687,1.46943829990036,-0.45029379617919235,-0.5560848673935299,-0.5480237613609539,-0.10264043637505327,-1.5584824366694052
2008-05-12 23:40:00+00:00,ME02,-0.019759640316991137,0.21177294051374398,-0.2556961104153864,1.46943829990036,-0.45029379617919235,-0.5560848673935299,-0.5480237613609539,-0.10264043637505327,-1.5584824366694052
2008-05-12 23:50:00+00:00,ME02,-0.01624401227408406,1.9759424757582165,-0.24011520733140126,1.46943829990036,-0.45029379617919235,-0.5560848673935299,-0.5480237613609539,-0.10264043637505327,-1.5584824366694052
2008-05-13 00:00:00+00:00,ME02,-0.020373274571936228,-1.0569457049165634,-0.2588696762190568,1.6621499454651008,-0.3755613422591975,-0.6618045194748368,0.8431134236307837,-0.10264043637505327,-1.1445903797178583
2008-05-13 00:10:00+00:00,ME02,-0.019239918159581763,0.2703425005866669,-0.4177937455874589,1.6621499454651008,-0.3755613422591975,-0.6618045194748368,0.8431134236307837,-0.10264043637505327,-1.1445903797178583
2008-05-13 00:20:00+00:00,ME02,-0.01925171997582921,-1.025888332253971,-0.27900271156210926,1.6621499454651008,-0.3755613422591975,-0.6618045194748368,0.8431134236307837,-0.10264043637505327,-1.1445903797178583
2008-05-13 00:30:00+00:00,ME02,-0.018591077307276167,0.8161313186329394,-0.2800227465234108,1.6621499454651008,-0.3755613422591975,-0.6618045194748368,0.8431134236307837,-0.10264043637505327,-1.1445903797178583
2008-05-13 00:40:00+00:00,ME02,-0.017962324018965817,-0.20376380228997487,-0.21738134160958447,1.6621499454651008,-0.3755613422591975,-0.6618045194748368,0.8431134236307837,-0.10264043637505327,-1.1445903797178583
2008-05-13 00:50:00+00:00,ME02,-0.019505808329277202,0.45250176039442014,-0.3513141429001923,1.6621499454651008,-0.3755613422591975,-0.6618045194748368,0.8431134236307837,-0.10264043637505327,-1.1445903797178583
2008-05-13 01:00:00+00:00,ME02,-0.018073625323453666,0.613928074517053,-0.3171994119927445,1.8548615910298416,-0.42369402814748275,-0.8182694271831532,2.57149603979074,-0.10264043637505327,-1.1445903797178583
2008-05-13 01:10:00+00:00,ME02,-0.021223944345255454,-0.902218426997227,-0.3393978128370658,1.8548615910298416,-0.42369402814748275,-0.8182694271831532,2.57149603979074,-0.10264043637505327,-1.1445903797178583
2008-05-13 01:20:00+00:00,ME02,-0.01824318202967771,0.8481012518602454,-0.2918697883542656,1.8548615910298416,-0.42369402814748275,-0.8182694271831532,2.57149603979074,-0.10264043637505327,-1.1445903797178583
2008-05-13 01:30:00+00:00,ME02,-0.01824176140479829,-0.18160965849334085,-0.34314461585180656,1.8548615910298416,-0.42369402814748275,-0.8182694271831532,2.57149603979074,-0.10264043637505327,-1.1445903797178583
2008-05-13 01:40:00+00:00,ME02,-0.015208964313939432,0.1659153576062861,-0.26053672188719296,1.8548615910298416,-0.42369402814748275,-0.8182694271831532,2.57149603979074,-0.10264043637505327,-1.1445903797178583
2008-05-13 01:50:00+00:00,ME02,-0.018526885182770736,1.6508955649430554,-0.2840571520095564,1.8548615910298416,-0.42369402814748275,-0.8182694271831532,2.57149603979074,-0.10264043637505327,-1.1445903797178583
2008-05-13 02:00:00+00:00,ME02,-0.021988368262396415,-0.899284155040022,-0.4268445764099006,2.047573236594584,-0.5440257428681959,-0.8943874584336555,0.2107783301927356,-0.10264043637505327,-1.1445903797178583
2008-05-13 02:10:00+00:00,ME02,-0.01905591303072564,1.2588728177860755,-0.3767848990687047,2.047573236594584,-0.5440257428681959,-0.8943874584336555,0.2107783301927356,-0.10264043637505327,-1.1445903797178583
2008-05-13 02:20:00+00:00,ME02,-0.019389095771994626,-0.7096624304960976,-0.34315859682889494,2.047573236594584,-0.5440257428681959,-0.8943874584336555,0.2107783301927356,-0.10264043637505327,-1.1445903797178583
2008-05-13 02:30:00+00:00,ME02,-0.01732033650576625,0.4507774997077059,-0.3488337096155315,2.047573236594584,-0.5440257428681959,-0.8943874584336555,0.2107783301927356,-0.10264043637505327,-1.1445903797178583
2008-05-13 02:40:00+00:00,ME02,-0.017439680730731485,0.7909097800414683,-0.24911327015124246,2.047573236594584,-0.5440257428681959,-0.8943874584336555,0.2107783301927356,-0.10264043637505327,-1.1445903797178583
2008-05-13 02:50:00+00:00,ME02,-0.016729524735942334,0.4999859388795524,0.13075709923593265,2.047573236594584,-0.5440257428681959,-0.8943874584336555,0.2107783301927356,-0.10264043637505327,-1.1445903797178583
2008-05-13 03:00:00+00:00,ME02,-0.01225092892058114,0.6660106632315247,0.009116911158694214,1.87896254919464,-0.5896252693106351,-1.0212507453111337,1.6019156180443148,-0.10264043637505327,-1.1445903797178583
2008-05-13 03:10:00+00:00,ME02,-0.016593919754805952,-0.9891426168078594,-0.0698706352039001,1.87896254919464,-0.5896252693106351,-1.0212507453111337,1.6019156180443148,-0.10264043637505327,-1.1445903797178583
2008-05-13 03:20:00+00:00,ME02,-0.013286131983261971,1.9512042545395534,-0.10810164451892232,1.87896254919464,-0.5896252693106351,-1.0212507453111337,1.6019156180443148,-0.10264043637505327,-1.1445903797178583
2008-05-13 03:30:00+00:00,ME02,-0.010536696340642441,-0.5701549900788876,0.004659713574193076,1.87896254919464,-0.5896252693106351,-1.0212507453111337,1.6019156180443148,-0.10264043637505327,-1.1445903797178583
2008-05-13 03:40:00+00:00,ME02,-0.013720733096262993,-0.2563811890471275,-0.09688306221448238,1.87896254919464,-0.5896252693106351,-1.0212507453111337,1.6019156180443148,-0.10264043637505327,-1.1445903797178583
2008-05-13 03:50:00+00:00,ME02,-0.011858094662822794,2.1980316664239132,-0.11966802866427015,1.87896254919464,-0.5896252693106351,-1.0212507453111337,1.6019156180443148,-0.10264043637505327,-1.1445903797178583
2008-05-13 04:00:00+00:00,ME02,-0.008215581515505378,0.553175501049464,-0.4536507594932952,2.2161839239945262,-0.5870918442230683,-1.0297084357256905,1.686226950121409,-0.10264043637505327,-1.1445903797178583
2008-05-13 04:10:00+00:00,ME02,-0.01446539294324171,1.0153837093240436,-0.8443233286228721,2.2161839239945262,-0.5870918442230683,-1.0297084357256905,1.686226950121409,-0.10264043637505327,-1.1445903797178583
2008-05-13 04:20:00+00:00,ME02,0.019999378005932475,-0.9730214263183287,-0.9129767527637245,2.2161839239945262,-0.5870918442230683,-1.0297084357256905,1.686226950121409,-0.10264043637505327,-1.1445903797178583
2008-05-13 04:30:00+00:00,ME02,-0.016025130237608265,0.40656471913172615,-0.7592835206147093,2.2161839239945262,-0.5870918442230683,-1.0297084357256905,1.686226950121409,-0.10264043637505327,-1.1445903797178583
2008-05-13 04:40:00+00:00,ME02,-0.007053408514942998,-0.241913939605773,-0.6661725396243967,2.2161839239945262,-0.5870918442230683,-1.0297084357256905,1.686226950121409,-0.10264043637505327,-1.1445903797178583
2008-05-13 04:50:00+00:00,ME02,-0.00978064451894563,0.03478541729247622,-0.6801747881012977,2.2161839239945262,-0.5870918442230683,-1.0297084357256905,1.686226950121409,-0.10264043637505327,-1.1445903797178583
2008-05-13 05:00:00+00:00,ME02,-0.01694622031396549,0.8784230884245007,-0.7983340905597688,1.87896254919464,-0.45029379617919235,-0.9789631800986809,3.203831133228788,-0.10264043637505327,-1.1445903797178583
2008-05-13 05:10:00+00:00,ME02,-0.01689592089768273,-0.7350928875302969,-0.778035266525924,1.87896254919464,-0.45029379617919235,-0.9789631800986809,3.203831133228788,-0.10264043637505327,-1.1445903797178583
2008-05-13 05:20:00+00:00,ME02,-0.012193207428060175,1.062423648077718,-0.825141486036238,1.87896254919464,-0.45029379617919235,-0.9789631800986809,3.203831133228788,-0.10264043637505327,-1.1445903797178583
2008-05-13 05:30:00+00:00,ME02,-0.021171442271160367,-0.3007132627350551,-1.0371341294722443,1.87896254919464,-0.45029379617919235,-0.9789631800986809,3.203831133228788,-0.10264043637505327,-1.1445903797178583
2008-05-13 05:40:00+00:00,ME02,-0.020357635534550545,-0.08754962976892251,-0.8049111552379296,1.87896254919464,-0.45029379617919235,-0.9789631800986809,3.203831133228788,-0.10264043637505327,-1.1445903797178583
2008-05-13 05:50:00+00:00,ME02,-0.020518009726145824,1.1683934697472527,-0.9156631295558086,1.87896254919464,-0.45029379617919235,-0.9789631800986809,3.203831133228788,-0.10264043637505327,-1.1445903797178583
2008-05-13 06:00:00+00:00,ME02,-0.020262304399583327,-1.0683357340813997,-0.7975037158876976,2.4811984440536623,-0.19949719767093924,-0.9409038688533531,0.8431134236307837,-0.10264043637505327,-0.6336125316295282
2008-05-13 06:10:00+00:00,ME02,-0.017861196551860633,1.0921913339267648,-0.8262643447760462,2.4811984440536623,-0.19949719767093924,-0.9409038688533531,0.8431134236307837,-0.10264043637505327,-0.6336125316295282
2008-05-13 06:20:00+00:00,ME02,-0.020815581941062703,-0.7784416630751405,-0.8274459206214678,2.4811984440536623,-0.19949719767093924,-0.9409038688533531,0.8431134236307837,-0.10264043637505327,-0.6336125316295282
2008-05-13 06:30:00+00:00,ME02,-0.013196061362173094,-0.3862923931465186,-0.3760872149337468,2.4811984440536623,-0.19949719767093924,-0.9409038688533531,0.8431134236307837,-0.10264043637505327,-0.6336125316295282
2008-05-13 06:40:00+00:00,ME02,-0.009673048412326399,0.3748847457594747,-0.18412568776195426,2.4811984440536623,-0.19949719767093924,-0.9409038688533531,0.8431134236307837,-0.10264043637505327,-0.6336125316295282
2008-05-13 06:50:00+00:00,ME02,-0.012572635987629636,0.44621333459099427,0.09431423013575956,2.4811984440536623,-0.19949719767093924,-0.9409038688533531,0.8431134236307837,-0.10264043637505327,-0.6336125316295282
2008-05-13 07:00:00+00:00,ME02,-0.006319841088250952,-0.12575349144701947,1.2540948873900244,2.7943188606887506,-0.2488964632821477,-0.9282176288516283,2.1920949425839744,-0.10264043637505327,-0.6336125316295282
2008-05-13 07:10:00+00:00,ME02,-0.0028610257686996488,0.3594397368124107,1.0329111415057846,2.7943188606887506,-0.2488964632821477,-0.9282176288516283,2.1920949425839744,-0.10264043637505327,-0.6336125316295282
2008-05-13 07:20:00+00:00,ME02,-0.0021411356426051073,1.4456370755516283,0.9850079421745808,2.7943188606887506,-0.2488964632821477,-0.9282176288516283,2.1920949425839744,-0.10264043637505327,-0.6336125316295282
2008-05-13 07:30:00+00:00,ME02,0.004061401658307136,3.067565785808831,1.6267834060001514,2.7943188606887506,-0.2488964632821477,-0.9282176288516283,2.1920949425839744,-0.10264043637505327,-0.6336125316295282
2008-05-13 07:40:00+00:00,ME02,-0.026074596390636542,4.596530434982459,-2.3276667561764177,2.7943188606887506,-0.2488964632821477,-0.9282176288516283,2.1920949425839744,-0.10264043637505327,-0.6336125316295282
2008-05-13 07:50:00+00:00,ME02,,-1.7793124707788526,-7.190578598893869,2.7943188606887506,-0.2488964632821477,-0.9282176288516283,2.1920949425839744,-0.10264043637505327,-0.6336125316295282
