station,time,S_log,T_log,Y_log,CO2_3,AirTemp_3,Patm_3,WindSpeed,CO2_SO2
ME01,2008-04-12 00:00:00+00:00,1.2020675811069287e-07,1.4081995860156459e-05,8.143123475174105e-09,0.110228,15.479687,948.154682,0.0,13.0
ME01,2008-04-12 01:00:00+00:00,4.2391845035111124e-08,9.07693587340288e-06,1.5936190807137764e-08,0.1022,20.390998,948.040244,3.278689,13.0
ME01,2008-04-12 02:00:00+00:00,4.0458894329609436e-08,1.0147110604764601e-05,6.98755281304045e-08,0.109727,16.810032,947.725539,0.0,13.0
ME01,2008-04-12 03:00:00+00:00,3.816197221394441e-08,8.017288902673054e-07,2.5599449769373298e-08,0.106214,17.158116,947.525272,0.0,13.0
ME01,2008-04-12 04:00:00+00:00,3.7667679746395716e-08,4.828410904015937e-07,2.6150962006320125e-08,0.105713,16.290292,947.553881,0.0,13.0
ME01,2008-04-12 05:00:00+00:00,4.087904772319222e-08,3.199574545324741e-07,2.5758266771796387e-08,0.118256,15.408163,947.33931,0.0,13.0
ME01,2008-04-12 06:00:00+00:00,4.070502814402315e-08,1.9309014298866641e-07,3.9732029624291566e-08,0.109727,16.571619,948.555216,0.0,12.0
ME01,2008-04-12 07:00:00+00:00,4.384182496321432e-08,2.810143823421759e-06,2.552266776507793e-08,0.109225,20.114438,949.227541,0.0,12.0
ME01,2008-04-12 08:00:00+00:00,4.529710474973836e-08,9.497186874470508e-07,2.732769433882956e-08,0.109727,19.556552,949.942781,4.098361,12.0
ME01,2008-04-12 09:00:00+00:00,4.8021581463022593e-08,3.573801657995608e-07,3.116717253786629e-08,0.110228,21.158688,950.815373,4.098361,12.0
ME01,2008-04-12 10:00:00+00:00,4.58481360046458e-08,8.175422710700389e-07,5.323347005461603e-08,0.107218,21.854854,951.087164,41.393443,12.0
ME01,2008-04-12 11:00:00+00:00,4.7316482432437054e-08,2.4045564172206635e-07,3.074569810992296e-08,0.099691,21.821476,951.487698,28.688525,12.0
ME01,2008-04-12 12:00:00+00:00,5.0277751718744486e-08,2.5296334595948067e-07,2.5907283558225827e-08,0.099691,22.784665,951.473393,18.032787,11.0
ME01,2008-04-12 13:00:00+00:00,6.367981030938553e-08,2.8395135732103734e-07,2.9788606630115002e-08,0.096179,21.296967,951.387564,2.04918,11.0
ME01,2008-04-12 14:00:00+00:00,7.440038320651922e-08,7.287256385090251e-07,3.1039126595992305e-08,0.088151,21.397101,951.287431,20.491803,11.0
ME01,2008-04-12 15:00:00+00:00,7.634719101993276e-08,5.296490890675532e-07,2.876006623433734e-08,0.096179,19.647149,951.459088,6.147541,11.0
ME01,2008-04-12 16:00:00+00:00,7.498379499124776e-08,3.7371600418955247e-07,2.316675901930679e-08,0.095677,18.774557,951.444784,25.819672,11.0
ME01,2008-04-12 17:00:00+00:00,7.102777156313703e-08,9.14433643575541e-07,2.2960751442383338e-08,0.087148,17.854282,951.816708,0.0,11.0
ME01,2008-04-12 18:00:00+00:00,6.832827262156362e-08,2.08610303469686e-06,2.143707428174421e-08,0.098688,17.263017,952.231547,59.016393,10.0
ME01,2008-04-12 19:00:00+00:00,6.462292176080899e-08,3.4159383088744934e-07,2.4190898421366385e-08,0.1022,14.034904,953.247187,0.409836,10.0
ME01,2008-04-12 20:00:00+00:00,6.177784863737972e-08,7.141145884344578e-07,1.5643675868212053e-08,0.098186,13.324433,953.733549,2.04918,10.0
ME01,2008-04-12 21:00:00+00:00,6.125787720662647e-08,9.403408852840865e-07,1.3655622329211773e-08,0.106214,12.990654,954.262827,0.0,10.0
ME01,2008-04-12 22:00:00+00:00,5.924221277905767e-08,4.0151515720651835e-07,1.4464667083904452e-08,0.109727,14.244707,954.234217,11.885246,10.0
ME01,2008-04-12 23:00:00+00:00,5.6789423411456795e-08,9.005590682679148e-07,1.0725019000490754e-08,0.126285,12.957276,954.677665,27.459016,10.0
ME01,2008-04-13 00:00:00+00:00,5.581588765891539e-08,4.688688427597716e-07,9.69495225409378e-09,0.117755,12.170513,954.591837,31.147541,9.0
ME01,2008-04-13 01:00:00+00:00,5.3202634575734474e-08,1.6882642812072024e-06,1.1995398045949733e-08,0.121267,11.374213,954.463094,0.0,9.0
ME01,2008-04-13 02:00:00+00:00,4.9773387152814186e-08,3.180485297605433e-07,1.1179472042169989e-08,0.116751,11.841503,954.606142,30.327869,9.0
ME01,2008-04-13 03:00:00+00:00,4.821461171313569e-08,3.8929077583597723e-07,9.60898083877238e-09,0.124779,12.189586,954.248522,13.934426,9.0
ME01,2008-04-13 04:00:00+00:00,4.455397619231823e-08,2.843259622645069e-07,1.4137543556715624e-08,0.123776,12.852375,954.119779,17.622951,9.0
ME01,2008-04-13 05:00:00+00:00,4.537260073361531e-08,3.2985700090306935e-07,3.607218121808651e-08,0.117253,13.60576,954.434484,0.0,9.0
ME01,2008-04-13 06:00:00+00:00,4.430928080146104e-08,2.7379431698849614e-07,2.0941604557466637e-08,0.116249,14.158879,955.092504,0.0,9.475
ME01,2008-04-13 07:00:00+00:00,4.4714671948741254e-08,2.9808216461810455e-07,2.033174172256333e-08,0.116249,14.578486,956.136754,6.557377,9.475
ME01,2008-04-13 08:00:00+00:00,4.3190545898993035e-08,2.94920185638934e-07,3.2385299048483856e-08,0.128793,15.412932,957.037955,0.0,9.475
ME01,2008-04-13 09:00:00+00:00,4.265625589431645e-08,2.686496996704463e-07,2.3210358641807964e-08,0.109727,17.17242,957.653061,8.606557,9.475
ME01,2008-04-13 10:00:00+00:00,8.850589633023919e-08,3.6243386185904784e-06,1.0052289853715881e-07,0.138828,16.924471,958.110814,13.114754,9.475
ME01,2008-04-13 11:00:00+00:00,4.313279699994396e-08,3.0082662115992257e-07,2.3285641417628737e-08,0.110228,17.983025,958.210948,20.081967,9.475
ME01,2008-04-13 12:00:00+00:00,4.5681462228174866e-08,2.5853100632458924e-07,1.8505346313634728e-08,0.105713,18.564753,958.468434,9.42623,9.95
ME01,2008-04-13 13:00:00+00:00,5.359559365694104e-08,2.8444059984521185e-07,1.08580559367703e-07,0.106214,16.800496,957.924852,20.491803,9.95
ME01,2008-04-13 14:00:00+00:00,4.226552337103344e-08,2.66336395082643e-07,2.205274368535525e-08,0.103204,16.423803,957.195308,13.934426,9.95
ME01,2008-04-13 15:00:00+00:00,4.241014548909113e-08,2.5954800293077864e-07,2.3416352471599966e-08,0.1022,16.700362,956.680336,10.655738,9.95
ME01,2008-04-13 16:00:00+00:00,4.4023384163357146e-08,2.5398869058283567e-07,2.1180053244421308e-08,0.098186,15.699027,956.637421,0.0,9.95
ME01,2008-04-13 17:00:00+00:00,4.105476206232513e-08,4.5218265529020906e-07,2.0335362263617478e-08,0.101698,14.611863,956.136754,0.0,9.95
ME01,2008-04-13 18:00:00+00:00,4.210244259659799e-08,5.244999139811193e-07,2.1885225813767792e-08,0.101698,13.314896,955.807744,0.409836,10.425
ME01,2008-04-13 19:00:00+00:00,4.0374463211729034e-08,5.88738534844851e-07,1.911976220478312e-08,0.108723,12.623498,956.008011,0.0,10.425
ME01,2008-04-13 20:00:00+00:00,4.197005338518625e-08,4.877266622573154e-07,1.9249125875538163e-08,0.120765,11.870113,956.151059,0.0,10.425
ME01,2008-04-13 21:00:00+00:00,4.370727908800554e-08,3.3611748912247045e-07,1.3760129717251158e-08,0.112235,12.175281,956.222582,0.0,10.425
ME01,2008-04-13 22:00:00+00:00,4.631546311432691e-08,8.535123076277529e-07,1.1845494814733572e-08,0.125281,11.803357,956.165363,0.819672,10.425
ME01,2008-04-13 23:00:00+00:00,5.6601780617828964e-08,3.9284680346072687e-07,8.393845399553431e-09,0.115748,11.946405,956.236887,0.0,10.425
ME01,2008-04-14 00:00:00+00:00,6.766898493170105e-08,6.439874993656012e-07,6.847271458736858e-09,0.128292,11.092886,955.636086,12.704918,10.9
ME01,2008-04-14 01:00:00+00:00,7.769468331340837e-08,3.011624502869519e-07,1.23036260258419e-08,0.132306,10.797253,955.121114,0.0,10.9
ME01,2008-04-14 02:00:00+00:00,7.733413780974423e-08,6.313031346904863e-07,1.801952742755466e-08,0.131302,10.544536,954.69197,29.098361,10.9
ME01,2008-04-14 03:00:00+00:00,7.588698316792718e-08,1.9187608708858087e-07,2.3372088696865805e-08,0.132807,10.058173,954.162693,16.803279,10.9
ME01,2008-04-14 04:00:00+00:00,7.067113573494204e-08,9.40871982972532e-07,3.401685375129445e-08,0.132306,10.163075,954.792104,45.491803,10.9
ME01,2008-04-14 05:00:00+00:00,7.003597831590217e-08,2.2675747152463888e-07,2.56998482337479e-08,0.127288,10.415792,954.548922,4.098361,10.9
ME01,2008-04-14 06:00:00+00:00,7.292609412680123e-08,2.202466374308291e-07,3.274436274457361e-08,0.135316,10.811558,955.0782,0.409836,11.8
ME01,2008-04-14 07:00:00+00:00,7.25620546073283e-08,1.9266668535585443e-07,3.8412165173329434e-08,0.132306,11.431432,955.70761,31.557377,11.8
ME01,2008-04-14 08:00:00+00:00,7.05643553863916e-08,1.7503198514701459e-07,4.692582931507673e-08,0.131804,11.741369,955.965096,7.786885,11.8
ME01,2008-04-14 09:00:00+00:00,6.80934942481043e-08,2.1264094673285695e-07,3.1701266767394075e-08,0.126786,12.156208,955.922182,4.098361,11.8
ME01,2008-04-14 10:00:00+00:00,6.908724600468172e-08,2.624451913586912e-07,3.1983395038998316e-08,0.12779,13.157543,955.922182,21.311475,11.8
ME01,2008-04-14 11:00:00+00:00,6.422360224952671e-08,2.2967743711415913e-07,2.7129857556756688e-08,0.131804,13.767881,955.73622,4.508197,11.8
ME01,2008-04-14 12:00:00+00:00,6.174771461160932e-08,3.933545722323806e-06,4.2918694246315114e-08,0.135818,15.045775,955.850658,9.836066,12.7
ME01,2008-04-14 13:00:00+00:00,5.765252967405504e-08,1.9938319123458428e-07,3.6567581837722363e-08,0.12779,13.939538,955.092504,34.42623,12.7
ME01,2008-04-14 14:00:00+00:00,5.194301688336017e-08,1.9299098302824162e-07,2.8702828821479383e-08,0.119762,14.173183,954.949456,13.934426,12.7
ME01,2008-04-14 15:00:00+00:00,5.118399289099972e-08,1.8255005191334809e-07,3.16460564065862e-08,0.12779,14.416365,954.892237,40.163934,12.7
ME01,2008-04-14 16:00:00+00:00,4.684673159666598e-08,2.965591421277429e-07,2.749364303376992e-08,0.11926,15.594126,955.264162,13.934426,12.7
ME01,2008-04-14 17:00:00+00:00,4.626036415046063e-08,7.611647688642169e-07,2.3380864174734045e-08,0.12779,12.571047,954.677665,19.672131,12.7
ME01,2008-04-14 18:00:00+00:00,5.1588224026567496e-08,8.301571049409138e-07,4.670481643846373e-08,0.123274,9.881747,954.677665,0.0,13.6
ME01,2008-04-14 19:00:00+00:00,5.152194245427231e-08,3.3980076193093095e-06,1.894741755442778e-08,0.12779,9.514591,955.206943,0.0,13.6
ME01,2008-04-14 20:00:00+00:00,5.456391691425226e-08,2.0889437759282864e-06,3.1691057834220115e-08,0.126786,8.794583,955.292771,0.0,13.6
ME01,2008-04-14 21:00:00+00:00,5.876367762368016e-08,6.305116059643641e-07,5.949737466204482e-08,0.130299,8.909022,955.0782,0.0,13.6
ME01,2008-04-14 22:00:00+00:00,7.45149967314129e-08,2.610402543979308e-07,8.877547589983117e-08,0.135316,8.427427,955.0782,0.0,13.6
ME01,2008-04-14 23:00:00+00:00,7.296943648911013e-08,2.960947719370993e-07,1.322572324776386e-07,0.135316,8.060271,954.877932,0.409836,13.6
ME01,2008-04-15 00:00:00+00:00,6.758241239006503e-08,9.185277826895264e-07,1.2510367928515415e-07,0.135316,8.498951,954.39157,3.278689,14.5
ME01,2008-04-15 01:00:00+00:00,5.901952305197163e-08,6.792716612598176e-07,1.9862157785282932e-08,0.126786,9.032996,953.70494,6.967213,14.5
ME01,2008-04-15 02:00:00+00:00,6.221030756554766e-08,1.7132939917947713e-07,2.261850756277572e-08,0.134814,12.304024,953.390235,43.032787,14.5
ME01,2008-04-15 03:00:00+00:00,6.510596300384565e-08,3.664025508051379e-07,4.0798248389561615e-08,0.134814,11.049971,952.875262,54.098361,14.5
ME01,2008-04-15 04:00:00+00:00,7.322013169769859e-08,5.126785249968153e-07,8.599330453999728e-08,0.125783,10.287049,952.71791,6.967213,14.5
ME01,2008-04-15 05:00:00+00:00,8.736985582599969e-08,2.84702363873829e-07,6.531537231445094e-08,0.138828,11.669846,952.71791,14.344262,14.5
ME01,2008-04-15 06:00:00+00:00,1.0340564622672003e-07,2.789816609794899e-07,4.6672547871267653e-08,0.133811,13.30536,953.404539,13.934426,13.2875
ME01,2008-04-15 07:00:00+00:00,1.1297697731596452e-07,3.4486097532882663e-07,5.4028524636614386e-08,0.146857,14.468816,954.03395,66.393443,13.2875
ME01,2008-04-15 08:00:00+00:00,1.1735336929567936e-07,4.615692595076559e-06,4.66620491814324e-08,0.126285,16.023269,954.606142,21.721311,13.2875
ME01,2008-04-15 09:00:00+00:00,1.089499202619481e-07,1.2239161675292884e-06,3.311812169023292e-08,0.139832,16.380889,954.992371,88.52459,13.2875
ME01,2008-04-15 10:00:00+00:00,1.0850661840203864e-07,3.826034837737494e-07,3.931584126142742e-08,0.115246,17.06275,956.03662,52.459016,13.2875
ME01,2008-04-15 11:00:00+00:00,1.212283635351322e-07,3.926751790056326e-07,6.401715601039465e-08,0.131302,18.250048,956.122449,43.852459,13.2875
ME01,2008-04-15 12:00:00+00:00,1.2987916743141907e-07,4.2143993621118996e-07,6.375789571848237e-08,0.140835,16.752813,955.392905,99.180328,12.075
ME01,2008-04-15 13:00:00+00:00,1.3943869244927718e-07,1.1536014728161231e-06,5.891026713644218e-08,0.140835,16.976922,955.164028,93.032787,12.075
ME01,2008-04-15 14:00:00+00:00,1.3996214259570435e-07,5.501471575341126e-07,5.6350509965887365e-08,0.135818,17.024604,955.092504,79.508197,12.075
ME01,2008-04-15 15:00:00+00:00,1.463746592801507e-07,7.705325974574422e-07,8.645885344097569e-08,0.132306,16.633607,955.178333,34.836066,12.075
ME01,2008-04-15 16:00:00+00:00,1.4883186167090363e-07,8.054040425924791e-07,4.6965850657026044e-08,0.126786,15.660881,955.307076,62.295082,12.075
ME01,2008-04-15 17:00:00+00:00,1.5426396671773013e-07,7.791531265203874e-07,3.55111540037353e-08,0.127288,13.24814,955.063895,64.754098,12.075
ME01,2008-04-15 18:00:00+00:00,1.4334504739286328e-07,7.1479792876142e-07,2.449360659685731e-08,0.1308,11.693687,954.935152,29.918033,10.8625
ME01,2008-04-15 19:00:00+00:00,1.3404152118674447e-07,1.004216182656453e-06,7.336036998551981e-08,0.127288,10.91646,955.421514,0.409836,10.8625
ME01,2008-04-15 20:00:00+00:00,1.3482436375353508e-07,7.687074136382306e-07,1.3722129788191638e-07,0.127288,9.705321,955.864963,0.0,10.8625
ME01,2008-04-15 21:00:00+00:00,1.3831959789036546e-07,2.8593195626091513e-06,1.3916676985640055e-07,0.135316,8.894717,956.294106,0.409836,10.8625
ME01,2008-04-15 22:00:00+00:00,1.3615781442594559e-07,9.338940292136836e-07,1.3987728959805877e-07,0.129797,8.58478,956.851993,0.0,10.8625
ME01,2008-04-15 23:00:00+00:00,1.3400891929068627e-07,1.5245698600178651e-06,1.1995462214101505e-07,0.142843,7.988747,956.72325,0.819672,10.8625
ME01,2008-04-16 00:00:00+00:00,1.3076822972391423e-07,2.4137862050526667e-06,7.055219020134509e-08,0.134313,7.75987,956.75186,1.229508,9.65
ME01,2008-04-16 01:00:00+00:00,1.32895779910668e-07,8.989307894058673e-07,8.178879488927067e-08,0.142843,7.798016,956.465764,0.0,9.65
ME01,2008-04-16 02:00:00+00:00,1.28482623219536e-07,7.494256504656118e-07,5.544088169572859e-08,0.142843,7.078009,956.136754,0.0,9.65
ME01,2008-04-16 03:00:00+00:00,1.2072872021115352e-07,6.943117765988121e-07,6.817947455026727e-08,0.142341,7.011253,956.050925,0.819672,9.65
ME01,2008-04-16 04:00:00+00:00,1.1875170736127653e-07,9.643655818804622e-07,3.463936884251713e-08,0.146355,6.505817,956.236887,0.0,9.65
ME01,2008-04-16 05:00:00+00:00,1.1654472756004932e-07,6.822227969457233e-07,3.665974970628046e-08,0.146355,7.225825,956.837688,0.0,9.65
ME01,2008-04-16 06:00:00+00:00,1.0626403463351368e-07,2.217419863723572e-06,4.4237127100672716e-08,0.150871,12.847606,957.581537,0.0,9.7125
ME01,2008-04-16 07:00:00+00:00,9.857568865633629e-08,2.150821994056018e-06,2.9575894270612785e-08,0.137323,12.880984,958.482739,15.163934,9.7125
ME01,2008-04-16 08:00:00+00:00,9.363151237600788e-08,4.829278748551875e-06,3.0985577730671006e-08,0.150369,13.925234,959.08354,0.0,9.7125
ME01,2008-04-16 09:00:00+00:00,8.869934031221214e-08,3.012146055612624e-06,4.1303353500794e-08,0.13933,14.711997,959.240893,0.819672,9.7125
ME01,2008-04-16 10:00:00+00:00,8.186639227184867e-08,5.999248444499727e-07,3.4490023550150186e-08,0.146857,15.408163,959.484074,22.95082,9.7125
ME01,2008-04-16 11:00:00+00:00,7.949619882115645e-08,5.800669497533239e-07,2.631695121650548e-08,0.142843,16.132939,959.183673,31.147541,9.7125
ME01,2008-04-16 12:00:00+00:00,7.699146690472542e-08,5.275469970842417e-07,5.575547785092947e-08,0.131302,14.783521,959.126454,78.688525,9.775
ME01,2008-04-16 13:00:00+00:00,7.863937127056064e-08,5.317125858244454e-07,8.04009097438788e-08,0.142341,14.397292,959.040626,36.885246,9.775
ME01,2008-04-16 14:00:00+00:00,7.527941223374714e-08,3.569446245413826e-07,9.31149542258425e-08,0.126285,14.249475,958.225253,7.377049,9.775
ME01,2008-04-16 15:00:00+00:00,7.86666089009898e-08,1.7042548024778967e-06,9.44841513592048e-08,0.114242,14.459279,957.810414,30.737705,9.775
ME01,2008-04-16 16:00:00+00:00,8.320321987698309e-08,1.676980546213439e-06,9.868973234438455e-08,0.118256,14.70246,957.924852,0.409836,9.775
ME01,2008-04-16 17:00:00+00:00,8.788184429036225e-08,2.067154288009464e-06,9.213384310892265e-08,0.125783,12.704558,956.952127,0.0,9.775
ME01,2008-04-16 18:00:00+00:00,1.0205093803989825e-07,1.0683649275831794e-06,2.2124741747784871e-07,0.126285,12.342171,957.109479,40.163934,9.8375
ME01,2008-04-16 19:00:00+00:00,1.1296118789318913e-07,1.6067427106632316e-06,2.6739537648339824e-07,0.130299,11.803357,957.309746,27.459016,9.8375
ME01,2008-04-16 20:00:00+00:00,1.056820137770519e-07,3.74873693417686e-07,2.2741678126625986e-07,0.126285,11.316994,957.209613,23.360656,9.8375
ME01,2008-04-16 21:00:00+00:00,1.3256640637964757e-07,2.447669916870225e-07,3.725193582347464e-07,0.134313,11.202556,957.138089,33.606557,9.8375
ME01,2008-04-16 22:00:00+00:00,1.471737523023871e-07,3.380451586725211e-07,3.5546310174579034e-07,0.133309,13.13847,956.537288,31.557377,9.8375
ME01,2008-04-16 23:00:00+00:00,1.5858960285101515e-07,3.2295716166229776e-07,4.3674074358744723e-07,0.137825,12.575815,956.39424,42.213115,9.8375
ME01,2008-04-17 00:00:00+00:00,1.932558379229688e-07,3.903618169683892e-07,4.309092732151117e-07,0.150871,12.380317,955.40721,81.557377,9.9
ME01,2008-04-17 01:00:00+00:00,2.238998075158428e-07,1.3686022231896319e-06,4.4817026256305395e-07,0.142843,13.5247,955.121114,75.819672,9.9
ME01,2008-04-17 02:00:00+00:00,2.619195775791144e-07,2.449371339988958e-07,6.276783378024215e-07,0.146857,13.562846,954.134084,33.606557,9.9
ME01,2008-04-17 03:00:00+00:00,2.828602341544313e-07,2.799075377737919e-07,5.895700935437479e-07,0.137825,14.573717,953.590502,46.721311,9.9
ME01,2008-04-17 04:00:00+00:00,3.8618016430796434e-07,2.649085765867802e-07,8.981581819758858e-07,0.146355,11.655541,953.261492,25.819672,9.9
ME01,2008-04-17 05:00:00+00:00,3.886125209287078e-07,2.72030860157867e-07,7.230203480158351e-07,0.130299,13.834637,953.418844,32.377049,9.9
ME01,2008-04-17 06:00:00+00:00,2.9857240081122863e-07,2.2911427308873047e-07,5.420923611313996e-07,0.138327,15.041007,953.976731,47.95082,10.158333333333333
ME01,2008-04-17 07:00:00+00:00,2.8458323024752255e-07,2.615226167046962e-07,7.204448962024204e-07,0.141839,15.989891,954.105474,35.655738,10.158333333333333
ME01,2008-04-17 08:00:00+00:00,2.2199932995717368e-07,2.3037940851843266e-07,4.1606460320105746e-07,0.138327,17.482357,954.405874,19.262295,10.158333333333333
ME01,2008-04-17 09:00:00+00:00,2.840280757859535e-07,2.78050757848831e-07,7.135859135750794e-07,0.125783,15.093458,953.633416,4.098361,10.158333333333333
ME01,2008-04-17 10:00:00+00:00,3.302292179346385e-07,6.327608647002273e-07,1.0214637796979574e-06,0.138327,12.485218,953.161358,6.967213,10.158333333333333
ME01,2008-04-17 11:00:00+00:00,3.634513519220806e-07,4.0424198189043583e-07,1.0772836454420738e-06,0.138828,11.979783,952.474728,0.409836,10.158333333333333
ME01,2008-04-17 12:00:00+00:00,2.8123528156051424e-07,3.083734902484244e-07,8.775971465672525e-07,0.125783,11.46481,951.730879,7.786885,10.416666666666668
ME01,2008-04-17 13:00:00+00:00,2.1346800994005082e-07,2.473903717774246e-06,6.299667021552331e-07,0.146857,10.711425,951.230212,26.639344,10.416666666666668
ME01,2008-04-17 14:00:00+00:00,2.2318887559473865e-07,2.98889825259868e-07,5.605538486034982e-07,0.14786,11.131032,950.514972,19.672131,10.416666666666668
ME01,2008-04-17 15:00:00+00:00,2.2189564982254942e-07,3.057711809435134e-07,6.495994054812492e-07,0.142341,11.412359,950.314705,12.295082,10.416666666666668
ME01,2008-04-17 16:00:00+00:00,1.4521330790908313e-07,2.679578316261415e-07,3.0961668845238817e-07,0.142843,12.518596,949.771123,4.918033,10.416666666666668
ME01,2008-04-17 17:00:00+00:00,1.3133493165326505e-07,3.899174883807727e-07,2.5929012319307884e-07,0.142341,11.016594,948.941446,14.344262,10.416666666666668
ME01,2008-04-17 18:00:00+00:00,1.238236165292744e-07,3.682761585506642e-07,2.0222383447679395e-07,0.138327,9.876979,948.784093,0.0,10.675
ME01,2008-04-17 19:00:00+00:00,1.0462029494190957e-07,5.777505951714392e-07,1.129750175695005e-07,0.138327,9.438299,949.270456,20.901639,10.675
ME01,2008-04-17 20:00:00+00:00,9.192907308306761e-08,4.481232032338492e-07,6.579171301534905e-08,0.134313,9.385848,950.143048,8.606557,10.675
ME01,2008-04-17 21:00:00+00:00,7.29503306644829e-08,1.4015304425414503e-06,1.8255324991016046e-08,0.142341,9.581347,949.485028,9.836066,10.675
ME01,2008-04-17 22:00:00+00:00,6.366546339193883e-08,2.797596854882503e-07,1.845635928748357e-08,0.134313,9.457372,949.527942,0.0,10.675
ME01,2008-04-17 23:00:00+00:00,6.318819082413292e-08,2.751832525705297e-07,8.529718514620095e-09,0.142341,9.261873,949.184627,3.688525,10.675
ME01,2008-04-18 00:00:00+00:00,5.986754197372665e-08,3.002598108381671e-07,2.264070319021668e-08,0.141839,9.500286,948.769788,0.0,10.933333333333334
ME01,2008-04-18 01:00:00+00:00,5.653588098794951e-08,3.0599216848910137e-07,1.3749994243428028e-08,0.145853,8.751669,948.168987,0.0,10.933333333333334
ME01,2008-04-18 02:00:00+00:00,5.418877106082661e-08,2.5756622611236455e-07,3.3761731857565125e-08,0.150871,8.184246,947.596796,0.0,10.933333333333334
ME01,2008-04-18 03:00:00+00:00,5.2307676661329514e-08,2.648860617257015e-07,4.2572915895892305e-08,0.141839,8.641999,947.63971,0.409836,10.933333333333334
ME01,2008-04-18 04:00:00+00:00,5.062871106820621e-08,2.8137797134886105e-07,2.5774247262908286e-08,0.146355,8.408354,947.582491,0.0,10.933333333333334
ME01,2008-04-18 05:00:00+00:00,5.250317832125929e-08,2.63602672339214e-07,3.314994009270167e-08,0.137825,10.625596,947.96872,18.442623,10.933333333333334
ME01,2008-04-18 06:00:00+00:00,4.9550485738897766e-08,2.1544656877369266e-07,3.582561279466793e-08,0.149867,12.995422,948.769788,0.0,11.191666666666666
ME01,2008-04-18 07:00:00+00:00,4.9438504000845303e-08,2.62370827714759e-07,5.2557065361414006e-08,0.142843,16.562083,949.127408,2.459016,11.191666666666666
ME01,2008-04-18 08:00:00+00:00,5.533123130946388e-08,4.343102608848226e-06,8.544864376111826e-08,0.137825,18.779325,949.842647,0.0,11.191666666666666
ME01,2008-04-18 09:00:00+00:00,4.908088913002538e-08,1.3789473649657848e-06,8.504065413917442e-08,0.142843,18.269121,950.200267,26.229508,11.191666666666666
ME01,2008-04-18 10:00:00+00:00,5.4524831373710323e-08,2.660883824888783e-07,1.6157389907551385e-07,0.155386,19.771123,950.314705,62.295082,11.191666666666666
ME01,2008-04-18 11:00:00+00:00,5.4463936890347165e-08,2.386825746600629e-07,1.1571310036930953e-07,0.151372,19.80927,950.257486,111.47541,11.191666666666666
ME01,2008-04-18 12:00:00+00:00,5.334384103245813e-08,2.499991884096545e-07,1.158880057230022e-07,0.16492,19.923708,950.185962,105.327869,11.45
ME01,2008-04-18 13:00:00+00:00,4.767952727449731e-08,2.41300941194475e-07,7.787369343914456e-08,0.140334,21.249285,950.171657,84.016393,11.45
ME01,2008-04-18 14:00:00+00:00,4.73605354121306e-08,2.5582796636790533e-07,8.57473123256477e-08,0.127288,21.797635,949.942781,39.754098,11.45
ME01,2008-04-18 15:00:00+00:00,5.696891765495197e-08,2.408399661546068e-07,1.2695321980295413e-07,0.128292,20.853519,949.756819,61.47541,11.45
ME01,2008-04-18 16:00:00+00:00,6.925311631738259e-08,2.458044636052989e-07,1.1490948889043377e-07,0.120263,18.979592,949.499332,36.065574,11.45
ME01,2008-04-18 17:00:00+00:00,8.55048642790082e-08,6.903867517612652e-07,1.9877857948959152e-07,0.124278,17.458516,949.227541,0.0,11.45
ME01,2008-04-18 18:00:00+00:00,1.1489654023264858e-07,4.049741559267957e-07,3.3369470930787747e-07,0.123776,15.675186,949.456418,38.934426,11.708333333333334
ME01,2008-04-18 19:00:00+00:00,1.6581723124953485e-07,4.983460150839228e-07,4.2774030175867875e-07,0.140835,15.951745,949.828343,61.885246,11.708333333333334
ME01,2008-04-18 20:00:00+00:00,1.730755733083696e-07,6.6085855024752e-07,3.8803396016697056e-07,0.127288,15.689491,950.200267,41.393443,11.708333333333334
ME01,2008-04-18 21:00:00+00:00,1.7729508708028123e-07,3.639772025040424e-07,3.121442921151945e-07,0.12779,17.42037,950.472058,5.737705,11.708333333333334
ME01,2008-04-18 22:00:00+00:00,2.789306155547495e-07,4.190076848299253e-07,4.968496992990986e-07,0.127288,17.754148,950.400534,12.295082,11.708333333333334
ME01,2008-04-18 23:00:00+00:00,2.869625732609599e-07,5.223741327230428e-07,4.859659326516094e-07,0.131804,16.118634,950.486363,24.180328,11.708333333333334
ME01,2008-04-19 00:00:00+00:00,2.799016072754154e-07,3.289256816179793e-07,4.748553869467284e-07,0.1308,16.166317,950.114438,25.819672,11.966666666666667
ME01,2008-04-19 01:00:00+00:00,2.3299040109698664e-07,3.2376568181217854e-07,4.2978350093596825e-07,0.135316,18.650582,949.914171,12.295082,11.966666666666667
ME01,2008-04-19 02:00:00+00:00,2.559287333325075e-07,2.662828080569912e-07,4.1389886445155107e-07,0.131302,18.803166,949.470723,13.52459,11.966666666666667
ME01,2008-04-19 03:00:00+00:00,1.7644768230476153e-07,3.2403338873446384e-07,1.6376487730102774e-07,0.131302,19.218005,949.413504,38.52459,11.966666666666667
ME01,2008-04-19 04:00:00+00:00,1.1998029820173438e-07,3.415865929724446e-07,1.1789351871641228e-07,0.131302,20.147816,949.499332,53.688525,11.966666666666667
ME01,2008-04-19 05:00:00+00:00,1.1153756419525143e-07,2.4451764544424586e-07,1.051978852113821e-07,0.135316,16.528705,950.143048,13.934426,11.966666666666667
ME01,2008-04-19 06:00:00+00:00,1.0686765642724441e-07,1.4147957699559961e-06,7.466658632513052e-08,0.140334,20.038146,950.557887,0.409836,12.225
ME01,2008-04-19 07:00:00+00:00,9.112816888209927e-08,6.794087440565693e-07,8.439139585503922e-08,0.144348,21.325577,951.144383,44.672131,12.225
ME01,2008-04-19 08:00:00+00:00,7.896060954960938e-08,6.03710175829105e-07,1.2553880263334815e-07,0.131302,23.328247,951.516307,69.262295,12.225
ME01,2008-04-19 09:00:00+00:00,7.844765890470147e-08,8.534992206150118e-07,1.4299854416828857e-07,0.13632,24.315278,951.416174,75.409836,12.225
ME01,2008-04-19 10:00:00+00:00,8.946091122073266e-08,3.4185517574302004e-07,2.868902464665249e-07,0.129295,24.711043,951.459088,76.639344,12.225
ME01,2008-04-19 11:00:00+00:00,1.0044165664184513e-07,2.546721668251909e-07,3.137426521867583e-07,0.133811,23.328247,951.273126,9.836066,12.225
ME01,2008-04-19 12:00:00+00:00,8.314248645823718e-08,2.2865879239795437e-07,2.0517218308824475e-07,0.125783,22.427046,951.01564,15.983607,12.483333333333334
ME01,2008-04-19 13:00:00+00:00,8.266002545358663e-08,2.5687412843416785e-07,2.6869219799687507e-07,0.121769,21.67366,950.543582,11.885246,12.483333333333334
ME01,2008-04-19 14:00:00+00:00,5.7045555625163076e-08,2.3944771213898027e-07,1.1337305405821717e-07,0.109727,20.395766,949.656685,24.180328,12.483333333333334
ME01,2008-04-19 15:00:00+00:00,4.871935136702684e-08,2.427409032574098e-07,5.392385089909059e-08,0.121769,19.580393,948.798398,8.606557,12.483333333333334
ME01,2008-04-19 16:00:00+00:00,4.704570936218367e-08,2.6534646640301655e-07,2.9469013801114002e-08,0.120765,18.650582,948.054549,14.344262,12.483333333333334
ME01,2008-04-19 17:00:00+00:00,4.9208514814723906e-08,7.330426728074639e-07,2.430357927135052e-08,0.121267,16.795728,947.396529,6.967213,12.483333333333334
ME01,2008-04-19 18:00:00+00:00,5.0525116223247115e-08,1.8448780378370184e-06,2.776727944596295e-08,0.128793,15.293725,946.62407,0.0,12.741666666666667
ME01,2008-04-19 19:00:00+00:00,5.641301643180567e-08,1.8911911076154205e-06,2.1537011961324224e-08,0.125281,14.530803,946.681289,2.868852,12.741666666666667
ME01,2008-04-19 20:00:00+00:00,5.4841248144316085e-08,3.0810631546154025e-06,2.4859907868220714e-08,0.128292,14.011062,946.838642,0.409836,12.741666666666667
ME01,2008-04-19 21:00:00+00:00,5.3650427052885304e-08,4.6143635488962414e-07,3.421075638110768e-08,0.132306,13.863246,947.167652,0.0,12.741666666666667
ME01,2008-04-19 22:00:00+00:00,4.4996263274030606e-08,4.785886259376623e-07,9.742812830529443e-09,0.132306,13.543773,947.210566,0.0,12.741666666666667
ME01,2008-04-19 23:00:00+00:00,4.1163409437610954e-08,2.701967644763311e-07,1.2491246268330267e-08,0.136821,13.100324,946.795728,0.0,12.741666666666667
ME01,2008-04-20 00:00:00+00:00,3.715127167697759e-08,2.4278290674209516e-07,9.959308253142274e-09,0.13933,12.437536,946.409498,0.0,13.0
ME01,2008-04-20 01:00:00+00:00,3.5465236941016927e-08,2.2637016749684854e-07,7.566804808790576e-09,0.139832,12.361244,945.99466,0.0,13.0
ME01,2008-04-20 02:00:00+00:00,3.228003393064248e-08,2.417763886318686e-07,9.357273751385557e-09,0.131804,13.405493,946.32367,13.52459,13.0
ME01,2008-04-20 03:00:00+00:00,3.533158078450488e-08,2.5172250334384964e-07,9.180926914010197e-09,0.135316,13.763113,946.466718,0.0,13.0
ME01,2008-04-20 04:00:00+00:00,3.403626400577902e-08,2.2672257426799392e-07,1.5137598244032128e-08,0.13933,13.219531,946.666985,0.0,13.0
ME01,2008-04-20 05:00:00+00:00,3.35131621882853e-08,2.083366671602574e-07,2.1842438810412644e-08,0.139832,13.93477,947.139043,0.0,13.0
ME01,2008-04-20 06:00:00+00:00,3.287488503533153e-08,2.390803590170467e-07,1.895303429078769e-08,0.1308,20.519741,948.340645,0.0,12.6875
ME01,2008-04-20 07:00:00+00:00,1.0326076824783327e-07,4.178475647113267e-06,4.447287411180857e-08,0.128292,21.78333,949.027274,1.229508,12.6875
ME01,2008-04-20 08:00:00+00:00,3.187847919238955e-08,1.2179280434382188e-06,2.3255362801518017e-08,0.127288,22.479496,949.656685,6.557377,12.6875
ME01,2008-04-20 09:00:00+00:00,3.190344638451158e-08,1.1624879025960406e-06,2.35495289651907e-08,0.124278,23.986267,950.071524,4.918033,12.6875
ME01,2008-04-20 10:00:00+00:00,2.977942278161037e-08,2.644108171136007e-07,3.257942260146675e-08,0.120765,23.585733,950.32901,13.934426,12.6875
ME01,2008-04-20 11:00:00+00:00,3.0453121201582324e-08,1.2486125264680347e-06,3.050803355207671e-08,0.112737,23.766927,950.128743,17.213115,12.6875
ME01,2008-04-20 12:00:00+00:00,3.989423363568817e-08,1.4021720298367173e-06,7.944028257529817e-08,0.114744,22.603471,949.985695,19.262295,12.375
ME01,2008-04-20 13:00:00+00:00,3.843198028234726e-08,5.566869367532276e-07,1.0767484543049344e-07,0.101197,24.010109,949.799733,15.163934,12.375
ME01,2008-04-20 14:00:00+00:00,3.394545159588698e-08,8.632765699872093e-07,8.782213580656248e-08,0.102702,23.95289,949.213237,9.836066,12.375
ME01,2008-04-20 15:00:00+00:00,3.75572008117277e-08,1.1263571774678253e-06,6.651672881316046e-08,0.098186,23.15659,948.669655,1.639344,12.375
ME01,2008-04-20 16:00:00+00:00,5.1333043470091756e-08,2.2464798504264324e-06,1.34707770601374e-07,0.101698,22.326912,948.440778,8.196721,12.375
ME01,2008-04-20 17:00:00+00:00,5.8102697529135666e-08,2.0047369847596504e-06,2.0474197122625832e-07,0.105713,19.942781,948.111768,0.0,12.375
ME01,2008-04-20 18:00:00+00:00,1.12442486904749e-07,1.1438456826468143e-06,3.7288497701910106e-07,0.106214,18.07839,947.725539,0.0,12.0625
ME01,2008-04-20 19:00:00+00:00,1.5712728260161443e-07,1.1621163688902004e-06,4.276352101394754e-07,0.108723,16.728972,948.354949,0.0,12.0625
ME01,2008-04-20 20:00:00+00:00,1.4648791590273846e-07,1.0889241537910495e-06,4.0873515321962854e-07,0.109225,15.627503,948.497997,0.0,12.0625
ME01,2008-04-20 21:00:00+00:00,1.315501793144748e-07,8.050274823074767e-07,3.7210177185088877e-07,0.125281,15.250811,948.312035,0.0,12.0625
ME01,2008-04-20 22:00:00+00:00,1.6651973376131506e-07,7.221619042186621e-07,4.181253716155004e-07,0.120765,15.765783,947.611101,0.0,12.0625
ME01,2008-04-20 23:00:00+00:00,1.513300293534516e-07,3.520612011012485e-07,2.3342284086649164e-07,0.128793,16.023269,947.053214,0.0,12.0625
ME01,2008-04-21 00:00:00+00:00,1.4268799378937466e-07,1.3262471704807104e-06,1.7633777516647088e-07,0.124779,15.49876,946.566851,0.0,11.75
ME01,2008-04-21 01:00:00+00:00,1.396368116398221e-07,5.947128341338175e-07,2.205715189431328e-07,0.124278,14.773984,945.951745,0.0,11.75
ME01,2008-04-21 02:00:00+00:00,1.294980359027978e-07,2.43820521799617e-07,1.666189716806712e-07,0.12779,14.421133,946.037574,0.0,11.75
ME01,2008-04-21 03:00:00+00:00,1.0656266454234017e-07,8.469655696158796e-07,1.5682090972560994e-07,0.132306,14.278085,945.408163,0.0,11.75
ME01,2008-04-21 04:00:00+00:00,7.7699317437195e-08,1.0763945786960303e-06,8.431809970830865e-08,0.127288,13.505627,945.093458,0.409836,11.75
ME01,2008-04-21 05:00:00+00:00,7.834419787123119e-08,1.1111307869074627e-06,3.7808096323020734e-08,0.131804,13.968148,945.436773,0.0,11.75
ME01,2008-04-21 06:00:00+00:00,7.73152784367198e-08,6.098634601976803e-07,4.0833996864561095e-08,0.12779,15.327103,945.765783,0.0,11.4375
ME01,2008-04-21 07:00:00+00:00,7.292987616630904e-08,2.9338298060687254e-06,3.254194065722632e-08,0.131302,16.891093,946.037574,10.655738,11.4375
ME01,2008-04-21 08:00:00+00:00,7.21148153691726e-08,3.0915757269728046e-07,6.719738996417886e-08,0.127288,18.211902,946.98169,0.0,11.4375
ME01,2008-04-21 09:00:00+00:00,6.835332883503675e-08,1.188578499302098e-06,3.986357926906345e-08,0.132306,19.547015,947.682624,13.114754,11.4375
ME01,2008-04-21 10:00:00+00:00,6.739575626184517e-08,7.526744217693372e-07,3.030050181114147e-08,0.123776,20.429144,947.625405,20.491803,11.4375
ME01,2008-04-21 11:00:00+00:00,7.352631575504747e-08,2.3841745314891166e-07,2.8526376789319614e-08,0.116751,20.948884,947.682624,30.737705,11.4375
ME01,2008-04-21 12:00:00+00:00,8.302270081260032e-08,1.1531760080173773e-06,3.828746256160076e-08,0.120765,20.429144,947.153347,0.0,11.125
ME01,2008-04-21 13:00:00+00:00,8.684199869273335e-08,2.4718570622608307e-07,2.762674548158835e-08,0.105713,20.801068,947.181957,18.442623,11.125
ME01,2008-04-21 14:00:00+00:00,8.558683285948065e-08,8.403143148543499e-07,3.0168397572241655e-08,0.097183,21.554454,946.924471,20.901639,11.125
ME01,2008-04-21 15:00:00+00:00,8.17786759879266e-08,1.0961942127032791e-06,2.8667257301436487e-08,0.097183,21.120542,947.053214,25.409836,11.125
ME01,2008-04-21 16:00:00+00:00,7.599961662603391e-08,3.4495463933976325e-07,4.638362111461852e-08,0.117253,20.371924,947.110433,24.590164,11.125
ME01,2008-04-21 17:00:00+00:00,7.236258410563292e-08,1.032204443447876e-06,3.055749130452812e-08,0.120765,18.226206,947.010299,62.295082,11.125
ME01,2008-04-21 18:00:00+00:00,6.62402949859524e-08,2.9482917575743564e-06,3.88680829375393e-08,0.133309,16.347511,947.439443,61.065574,10.8125
ME01,2008-04-21 19:00:00+00:00,6.28768357332279e-08,4.943662911898918e-07,2.0980786234392386e-08,0.120263,14.75968,947.768453,25.819672,10.8125
ME01,2008-04-21 20:00:00+00:00,6.119638891412744e-08,6.795990072507868e-07,1.3030419398346535e-08,0.12779,12.566279,948.126073,0.0,10.8125
ME01,2008-04-21 21:00:00+00:00,5.664211387493017e-08,4.360859350902857e-07,1.1093459297459483e-08,0.132306,11.626931,948.025939,13.934426,10.8125
ME01,2008-04-21 22:00:00+00:00,5.419948267054891e-08,4.328315350420729e-07,2.2311209777284106e-08,0.131804,11.312226,947.911501,6.147541,10.8125
ME01,2008-04-21 23:00:00+00:00,5.168722760484127e-08,4.1054276476540543e-07,2.7905246578034738e-08,0.13632,13.367347,948.426473,0.819672,10.8125
ME01,2008-04-22 00:00:00+00:00,4.4902380852603416e-08,9.679887507672445e-07,6.589735630720992e-09,0.12779,12.361244,948.612436,17.213115,10.5
ME01,2008-04-22 01:00:00+00:00,4.470424755126082e-08,5.634514638713327e-07,1.6504577297031087e-08,0.1308,12.189586,948.369254,0.0,10.5
ME01,2008-04-22 02:00:00+00:00,5.126916604092821e-08,2.3720073941994743e-07,6.424247212015274e-08,0.13933,12.313561,948.455083,0.0,10.5
ME01,2008-04-22 03:00:00+00:00,6.505471723799988e-08,3.645886147804941e-07,1.1949513181082655e-07,0.144348,10.954606,948.283426,0.0,10.5
ME01,2008-04-22 04:00:00+00:00,7.770990852414154e-08,6.359226158747321e-07,2.3125619810830613e-07,0.143846,9.843601,948.025939,0.819672,10.5
ME01,2008-04-22 05:00:00+00:00,8.093299343204534e-08,2.657983203063142e-07,1.8809899968415502e-07,0.13933,10.644669,948.869922,0.0,10.5
ME01,2008-04-22 06:00:00+00:00,8.92691537062665e-08,3.0907639293018247e-07,1.2825930852297534e-07,0.138828,14.640473,949.64238,13.114754,10.45
ME01,2008-04-22 07:00:00+00:00,9.19872235914201e-08,3.488983067099214e-07,1.273403765173267e-07,0.13933,16.028037,950.114438,0.409836,10.45
ME01,2008-04-22 08:00:00+00:00,9.74496147758662e-08,4.238872743691548e-06,5.609578553791482e-08,0.15639,16.786191,950.486363,56.557377,10.45
ME01,2008-04-22 09:00:00+00:00,1.0173374264324854e-07,1.63471456674979e-06,9.123631288827468e-08,0.14786,17.520504,951.31604,20.081967,10.45
ME01,2008-04-22 10:00:00+00:00,9.768704460761822e-08,1.1483351821738876e-06,5.994263390251235e-08,0.139832,15.60843,951.444784,27.868852,10.45
ME01,2008-04-22 11:00:00+00:00,9.250732663397902e-08,2.022701080735546e-06,3.457678028261665e-08,0.135818,16.73374,951.573527,58.606557,10.45
ME01,2008-04-22 12:00:00+00:00,8.56971573901872e-08,3.805551957690161e-07,2.9791273134064043e-08,0.128793,16.752813,952.102804,24.590164,10.4
ME01,2008-04-22 13:00:00+00:00,8.36943234897349e-08,3.7194857637679087e-07,3.7991391222496723e-08,0.123776,15.026702,951.587831,2.459016,10.4
ME01,2008-04-22 14:00:00+00:00,8.515997248269416e-08,3.689978352091394e-07,3.891030630439646e-08,0.112235,16.123403,951.416174,0.819672,10.4
ME01,2008-04-22 15:00:00+00:00,1.0206622399360233e-07,1.1085370690107065e-06,5.14261760287519e-08,0.119762,15.60843,951.502003,0.0,10.4
ME01,2008-04-22 16:00:00+00:00,1.286616645503955e-07,9.082177917485572e-07,2.9263455138651612e-08,0.123776,14.683387,951.759489,22.131148,10.4
ME01,2008-04-22 17:00:00+00:00,1.4235089873831212e-07,6.658726521785779e-07,2.8263663071429987e-08,0.123274,15.122068,952.217242,4.098361,10.4
ME01,2008-04-22 18:00:00+00:00,1.2598403313700264e-07,2.248874978542528e-06,2.953256151299411e-08,0.12779,13.381652,952.431814,0.0,10.35
ME01,2008-04-22 19:00:00+00:00,1.056709053217704e-07,1.2458555219011316e-06,1.6622559782850337e-08,0.127288,12.342171,953.089834,0.0,10.35
ME01,2008-04-22 20:00:00+00:00,9.719719528751971e-08,2.3477994391564067e-06,7.048072288732087e-08,0.127288,14.053977,953.619111,13.52459,10.35
ME01,2008-04-22 21:00:00+00:00,9.567661230049321e-08,9.978042911903169e-07,4.2919330939562106e-08,0.138828,11.531566,953.604806,9.016393,10.35
ME01,2008-04-22 22:00:00+00:00,8.912433315169229e-08,6.212984348333035e-07,3.562373205890182e-08,0.13933,11.078581,953.919512,4.508197,10.35
ME01,2008-04-22 23:00:00+00:00,8.795328222637142e-08,4.488248670924179e-07,2.720037619030438e-08,0.146857,10.220294,953.862293,0.0,10.35
ME01,2008-04-23 00:00:00+00:00,8.784564110534037e-08,8.096055636976938e-07,3.42005895962168e-08,0.180474,10.144002,953.819378,0.409836,10.3
ME01,2008-04-23 01:00:00+00:00,8.17075886771055e-08,7.00572504239993e-07,1.9195180919088603e-08,0.175958,9.552737,953.261492,0.0,10.3
ME01,2008-04-23 02:00:00+00:00,8.573802093588055e-08,6.682242759276111e-07,1.8651527704430903e-08,0.184488,9.466908,953.318711,0.0,10.3
ME01,2008-04-23 03:00:00+00:00,8.883012786268852e-08,4.88281554824106e-07,3.5925770579692e-08,0.183987,9.114057,953.290101,0.0,10.3
ME01,2008-04-23 04:00:00+00:00,9.041522451195202e-08,4.3615912952677013e-07,2.8545602057489782e-08,0.183987,8.894717,953.490368,0.409836,10.3
ME01,2008-04-23 05:00:00+00:00,8.968037978888136e-08,4.046656296631356e-07,3.91016222117958e-08,0.179973,10.363342,954.148388,1.639344,10.3
ME01,2008-04-23 06:00:00+00:00,8.743128026602821e-08,4.1265927814520296e-07,3.162700918664722e-08,0.175958,14.053977,955.149723,1.639344,10.25
ME01,2008-04-23 07:00:00+00:00,8.342276441276726e-08,3.9992091581171007e-07,3.101627907020077e-08,0.191513,14.487889,956.03662,25.0,10.25
ME01,2008-04-23 08:00:00+00:00,8.421325088545538e-08,5.127850310206524e-07,2.9189946424909483e-08,0.175958,16.090025,956.766164,5.737705,10.25
ME01,2008-04-23 09:00:00+00:00,8.750665143569099e-08,4.119211708405596e-06,3.0695887374346105e-08,0.167429,16.066183,956.952127,13.114754,10.25
ME01,2008-04-23 10:00:00+00:00,9.231066102210875e-08,4.07107913181526e-07,3.769608591832596e-08,0.155888,16.876788,957.309746,38.114754,10.25
ME01,2008-04-23 11:00:00+00:00,1.1393064370040048e-07,5.056330312547877e-07,1.4587119548793422e-07,0.134814,15.536906,957.252527,25.819672,10.25
ME01,2008-04-23 12:00:00+00:00,9.860791484743744e-08,9.876897823796748e-07,2.9209997067797232e-08,0.148362,16.466718,957.252527,37.704918,10.2
ME01,2008-04-23 13:00:00+00:00,9.86122278161851e-08,4.071909009143716e-07,2.8853372766802724e-08,0.14786,15.293725,956.923517,4.098361,10.2
ME01,2008-04-23 14:00:00+00:00,9.666421300986506e-08,6.583395194203554e-07,3.403565946521167e-08,0.145351,15.560748,957.05226,9.016393,10.2
ME01,2008-04-23 15:00:00+00:00,9.55584132538146e-08,1.0140930654352844e-06,2.574875114842675e-08,0.143846,15.522602,956.995041,29.098361,10.2
ME01,2008-04-23 16:00:00+00:00,9.387683956564003e-08,4.1764814850812976e-07,2.6388603200026312e-08,0.140334,16.094793,957.195308,0.0,10.2
ME01,2008-04-23 17:00:00+00:00,9.280709468040066e-08,5.32265578967619e-07,5.038013026097657e-08,0.143846,14.821667,957.38127,0.0,10.2
ME01,2008-04-23 18:00:00+00:00,9.869533193642354e-08,8.451948653964063e-07,3.504546054362432e-08,0.152376,12.189586,957.066565,4.098361,10.15
ME01,2008-04-23 19:00:00+00:00,9.378677584945511e-08,6.416257585627903e-07,8.420017280406643e-08,0.152376,10.811558,957.638756,0.0,10.15
ME01,2008-04-23 20:00:00+00:00,8.921147816556133e-08,8.817998190787205e-07,1.7141316553115667e-08,0.155386,10.711425,958.468434,0.0,10.15
ME01,2008-04-23 21:00:00+00:00,8.14882114628994e-08,7.952057556893162e-07,1.6142583333284612e-08,0.1594,10.411024,958.783139,0.0,10.15
ME01,2008-04-23 22:00:00+00:00,7.626722791906866e-08,5.650875575612643e-07,9.67932554020604e-09,0.163415,9.753004,958.826054,0.0,10.15
ME01,2008-04-23 23:00:00+00:00,7.268991766732072e-08,4.108573810889527e-06,1.1456864400525668e-08,0.167429,9.805455,958.997711,0.0,10.15
ME01,2008-04-24 00:00:00+00:00,6.868246271794343e-08,5.223070627671438e-07,1.4378199358419295e-08,0.175958,9.762541,958.339691,0.409836,10.1
ME01,2008-04-24 01:00:00+00:00,6.244934868713966e-08,2.945444098003981e-07,8.099147893513155e-09,0.171944,9.848369,958.196643,22.131148,10.1
ME01,2008-04-24 02:00:00+00:00,5.510677264062928e-08,2.480856887675303e-07,2.2345813935065002e-08,0.175958,9.705321,957.967767,0.0,10.1
ME01,2008-04-24 03:00:00+00:00,5.165719218299315e-08,2.3753461453626738e-07,2.5258572139850957e-08,0.175457,8.742132,957.753195,0.0,10.1
ME01,2008-04-24 04:00:00+00:00,5.1578813468238686e-08,5.187248255425475e-07,2.7111579260833406e-08,0.178969,8.546634,957.753195,0.0,10.1
ME01,2008-04-24 05:00:00+00:00,5.121309013685485e-08,2.2293922069275576e-07,2.6772797647868127e-08,0.171443,9.986649,958.139424,0.0,10.1
ME01,2008-04-24 06:00:00+00:00,4.56364261923631e-08,3.489056694964137e-07,2.862999577382693e-08,0.174955,15.851612,959.197978,0.0,10.15
ME01,2008-04-24 07:00:00+00:00,4.7061884868616324e-08,2.1838410509208864e-07,7.988788070261954e-08,0.174453,15.393858,959.612817,1.229508,10.15
ME01,2008-04-24 08:00:00+00:00,4.444181084367003e-08,4.8115036202916025e-06,6.340389320134092e-08,0.162411,17.20103,960.256533,5.327869,10.15
ME01,2008-04-24 09:00:00+00:00,4.1729777314385406e-08,1.3302581426663246e-06,2.7401715998897588e-08,0.162913,16.147244,960.256533,19.262295,10.15
ME01,2008-04-24 10:00:00+00:00,4.272600369218252e-08,2.006534505017795e-07,3.03567477889494e-08,0.155386,17.482357,960.714286,13.934426,10.15
ME01,2008-04-24 11:00:00+00:00,4.282752945699517e-08,1.9745509107536942e-07,2.8947616126123853e-08,0.143846,17.444211,960.342361,34.42623,10.15
ME01,2008-04-24 12:00:00+00:00,4.472545983890523e-08,1.3279577775536483e-06,3.855214639091864e-08,0.149365,18.645813,960.356666,4.508197,10.2
ME01,2008-04-24 13:00:00+00:00,3.8736146555381203e-08,8.522588313636659e-07,2.971446303390744e-08,0.131302,18.168987,960.185009,31.557377,10.2
ME01,2008-04-24 14:00:00+00:00,3.780435601749489e-08,2.1535420719394253e-07,2.691089951180656e-08,0.148864,17.758917,959.584208,35.245902,10.2
ME01,2008-04-24 15:00:00+00:00,3.7426523105984526e-08,1.1752974467066212e-06,2.9757645850637135e-08,0.140334,17.921038,959.269502,26.639344,10.2
ME01,2008-04-24 16:00:00+00:00,3.757771066054872e-08,8.089113865016798e-07,2.6860788672230106e-08,0.148864,16.65268,959.126454,8.606557,10.2
ME01,2008-04-24 17:00:00+00:00,3.5450293025316743e-08,1.2426774414683448e-06,3.163207836399227e-08,0.160404,13.925234,958.368301,18.032787,10.2
ME01,2008-04-24 18:00:00+00:00,3.810754636624976e-08,2.776176522295862e-06,2.8354461683278557e-08,0.14786,11.96071,958.325386,0.0,10.25
ME01,2008-04-24 19:00:00+00:00,3.569772964669959e-08,1.1848306553069937e-06,2.1831337010120042e-08,0.159902,12.427999,959.040626,5.737705,10.25
ME01,2008-04-24 20:00:00+00:00,3.8033380348689255e-08,4.3466054925156464e-07,1.5236650339743655e-08,0.159902,11.612626,959.498379,0.0,10.25
ME01,2008-04-24 21:00:00+00:00,3.72879794017815e-08,5.358215930760588e-07,1.3103141150480489e-08,0.164418,10.973679,959.627122,0.0,10.25
ME01,2008-04-24 22:00:00+00:00,3.6447149984562034e-08,1.165489435651292e-06,1.2197291904256134e-08,0.162913,11.121495,959.498379,11.065574,10.25
ME01,2008-04-24 23:00:00+00:00,3.544104996973754e-08,2.442673674258088e-07,9.126633607482238e-09,0.168432,11.16441,959.212283,24.180328,10.25
ME01,2008-04-25 00:00:00+00:00,3.8663718517347406e-08,5.555781062538131e-07,7.227942466073085e-09,0.168432,10.492085,959.183673,9.42623,10.3
ME01,2008-04-25 01:00:00+00:00,3.5503990220068644e-08,1.8580186350890734e-07,6.8206494901522505e-09,0.16793,10.0391,959.08354,0.409836,10.3
ME01,2008-04-25 02:00:00+00:00,3.8047016367467796e-08,1.6673340658518328e-07,5.8954007707006146e-09,0.168934,9.905588,959.126454,0.0,10.3
ME01,2008-04-25 03:00:00+00:00,3.6695399585775836e-08,2.682497418261179e-07,2.0845476495220677e-08,0.180976,9.986649,959.197978,0.0,10.3
ME01,2008-04-25 04:00:00+00:00,4.0986594233041314e-08,2.24602642855114e-07,1.744610703774696e-08,0.170941,9.800687,959.069235,0.0,10.3
ME01,2008-04-25 05:00:00+00:00,3.8160473130969817e-08,1.860354789835064e-07,2.097367645042895e-08,0.171443,11.231165,959.541293,0.0,10.3
ME01,2008-04-25 06:00:00+00:00,3.6321979918855494e-08,1.3787150924303524e-07,2.6953863247589842e-08,0.166927,15.288957,960.370971,10.655738,10.35
ME01,2008-04-25 07:00:00+00:00,3.390785857782481e-08,1.896808811756729e-07,2.2016404705459857e-08,0.171443,17.143811,960.885943,1.639344,10.35
ME01,2008-04-25 08:00:00+00:00,3.690172676130712e-08,4.56272189344872e-06,2.6329122546861785e-08,0.180474,16.247377,961.000381,0.409836,10.35
ME01,2008-04-25 09:00:00+00:00,3.610595529659734e-08,2.1645160923967093e-07,2.3519712481884137e-08,0.164418,15.136372,961.400916,0.0,10.35
ME01,2008-04-25 10:00:00+00:00,3.983343485065496e-08,2.7115128539607913e-06,2.4568947147342784e-08,0.164418,15.656113,961.315087,0.0,10.35
ME01,2008-04-25 11:00:00+00:00,3.967931919273345e-08,2.4436837958304365e-07,2.096049371020734e-08,0.155888,15.770551,961.043296,2.459016,10.35
ME01,2008-04-25 12:00:00+00:00,3.627821333317038e-08,1.015421711489824e-06,2.0338597222078925e-08,0.151372,14.826435,960.614152,29.098361,10.4
ME01,2008-04-25 13:00:00+00:00,3.95695241497886e-08,2.474387792077516e-07,1.9409914604122565e-08,0.155888,14.554644,960.270837,0.0,10.4
ME01,2008-04-25 14:00:00+00:00,4.047793248210682e-08,2.1246931223970933e-07,2.043127352057265e-08,0.155888,15.207896,959.655731,0.0,10.4
ME01,2008-04-25 15:00:00+00:00,4.368177064308526e-08,9.863268290258023e-07,2.1266438765369982e-08,0.164418,15.846843,959.41255,15.983607,10.4
ME01,2008-04-25 16:00:00+00:00,4.863625102783561e-08,1.0244103377846178e-06,2.5875670066107216e-08,0.155888,13.977685,959.026321,6.147541,10.4
ME01,2008-04-25 17:00:00+00:00,5.312911226862076e-08,8.88938035652876e-07,3.134024941538604e-08,0.159902,13.38642,958.768835,0.409836,10.4
ME01,2008-04-25 18:00:00+00:00,5.8754636392298746e-08,3.6656657225753745e-06,2.5158973278776137e-08,0.155386,12.304024,958.868968,14.344262,10.45
ME01,2008-04-25 19:00:00+00:00,5.633723292924473e-08,1.5993951400394944e-06,2.1757207545951808e-08,0.155386,11.827198,959.455464,0.0,10.45
ME01,2008-04-25 20:00:00+00:00,5.477984933915786e-08,6.307600622710308e-07,4.548713432090007e-08,0.159902,11.340835,959.712951,0.0,10.45
ME01,2008-04-25 21:00:00+00:00,5.7667394425219284e-08,4.6255298983322786e-07,2.1260557606358513e-08,0.163916,10.949838,959.469769,0.0,10.45
ME01,2008-04-25 22:00:00+00:00,5.8566234355620825e-08,6.822370134512469e-07,9.582128166201038e-09,0.159902,10.811558,959.41255,2.459016,10.45
ME01,2008-04-25 23:00:00+00:00,5.806129963954566e-08,1.669916389767791e-07,1.1073687598140086e-08,0.171944,10.596986,958.75453,27.459016,10.45
ME01,2008-04-26 00:00:00+00:00,5.751442479327333e-08,3.072925420486649e-07,1.1645055447269945e-08,0.175457,10.406256,957.910547,14.754098,10.5
ME01,2008-04-26 01:00:00+00:00,5.581963914852844e-08,6.688167670605237e-07,2.357688056188976e-08,0.171443,9.934198,957.552928,17.213115,10.5
ME01,2008-04-26 02:00:00+00:00,5.8669815715130825e-08,1.858442785949242e-07,3.844303112975104e-08,0.166927,9.290483,957.152394,0.0,10.5
ME01,2008-04-26 03:00:00+00:00,5.910603668793783e-08,1.8720628325569633e-07,2.9796650846227548e-08,0.175457,9.142666,956.794774,0.0,10.5
ME01,2008-04-26 04:00:00+00:00,5.614923965907685e-08,2.2210004068377963e-07,3.229130515982182e-08,0.170941,9.92943,956.623117,18.442623,10.5
ME01,2008-04-26 05:00:00+00:00,5.221570026239729e-08,2.1291540887539436e-07,4.235926939944435e-08,0.170439,10.921228,956.565897,2.459016,10.5
ME01,2008-04-26 06:00:00+00:00,5.461852983137573e-08,2.030426875298288e-07,3.092393446535217e-08,0.166927,15.699027,956.794774,0.0,10.666666666666666
ME01,2008-04-26 07:00:00+00:00,5.377136257721973e-08,1.524133171334756e-07,4.681903148444741e-08,0.170941,16.609765,956.866298,14.754098,10.666666666666666
ME01,2008-04-26 08:00:00+00:00,5.915960820835466e-08,4.1414081713238937e-07,3.508492120319276e-08,0.171443,17.286859,957.05226,20.901639,10.666666666666666
ME01,2008-04-26 09:00:00+00:00,7.116580910697765e-08,3.541769038538412e-06,3.492372572041758e-08,0.163916,15.474919,956.623117,11.065574,10.666666666666666
ME01,2008-04-26 10:00:00+00:00,7.736384528293162e-08,2.7377843042573795e-07,1.2472049115249627e-07,0.186997,11.870113,956.408545,6.967213,10.666666666666666
ME01,2008-04-26 11:00:00+00:00,8.652566814008645e-08,1.8617782951044532e-07,8.945270983838392e-08,0.1594,11.202556,956.308411,0.0,10.666666666666666
ME01,2008-04-26 12:00:00+00:00,9.034523252457751e-08,3.4795002827709273e-07,3.5902025362342005e-08,0.167429,10.530231,956.379935,22.540984,10.833333333333334
ME01,2008-04-26 13:00:00+00:00,9.24741730740198e-08,3.7901133699655134e-06,2.591262748245812e-08,0.158899,16.829105,956.651726,0.0,10.833333333333334
ME01,2008-04-26 14:00:00+00:00,8.695288112074894e-08,1.4099699231796052e-06,2.5488964227734343e-08,0.1594,14.282853,955.979401,4.918033,10.833333333333334
ME01,2008-04-26 15:00:00+00:00,8.325480685523559e-08,2.4929056813098234e-07,2.4670571844101375e-08,0.158899,15.117299,955.578867,6.967213,10.833333333333334
ME01,2008-04-26 16:00:00+00:00,8.363524970652716e-08,4.1402668724831995e-07,2.5187330093385477e-08,0.158899,12.957276,955.464429,10.245902,10.833333333333334
ME01,2008-04-26 17:00:00+00:00,8.0855245029899e-08,3.2627497067520654e-07,2.6925875456199685e-08,0.154885,10.782949,955.679001,2.459016,10.833333333333334
ME01,2008-04-26 18:00:00+00:00,7.951380758538314e-08,4.5104956399775575e-07,1.038785110993864e-07,0.154383,10.473012,955.70761,9.836066,11.0
ME01,2008-04-26 19:00:00+00:00,7.95018905620924e-08,1.2635272516032517e-06,2.5214396549694744e-08,0.159902,9.805455,956.437154,0.0,11.0
ME01,2008-04-26 20:00:00+00:00,8.01725252671649e-08,3.5373355534514635e-07,3.48083849828248e-08,0.16793,10.053405,956.737555,5.737705,11.0
ME01,2008-04-26 21:00:00+00:00,7.881025399990003e-08,2.8549514533991493e-07,1.8899765814296565e-08,0.170941,9.71009,956.708945,8.196721,11.0
ME01,2008-04-26 22:00:00+00:00,7.444881137483284e-08,3.027210710287585e-07,2.3680400511374016e-08,0.170941,10.191684,956.565897,4.508197,11.0
ME01,2008-04-26 23:00:00+00:00,6.872419446575362e-08,6.507742433590194e-07,1.8883382641061928e-08,0.171443,10.544536,956.666031,31.147541,11.0
ME01,2008-04-27 00:00:00+00:00,6.826396831978679e-08,7.343242359464122e-07,2.166761580476583e-08,0.175457,9.738699,956.465764,0.409836,11.166666666666666
ME01,2008-04-27 01:00:00+00:00,7.152122878122362e-08,5.077091267460105e-07,1.0932879510432446e-08,0.174453,9.280946,956.165363,0.0,11.166666666666666
ME01,2008-04-27 02:00:00+00:00,7.159165163906976e-08,1.9799449680811445e-07,1.5774716229657674e-08,0.175457,9.328629,956.022315,2.04918,11.166666666666666
ME01,2008-04-27 03:00:00+00:00,7.045544654874623e-08,3.1846251876332935e-07,1.6084673140404227e-08,0.171443,8.527561,955.879268,0.0,11.166666666666666
ME01,2008-04-27 04:00:00+00:00,7.102375115413997e-08,2.431913903308763e-07,1.807121259705357e-08,0.170941,7.635895,955.664696,0.0,11.166666666666666
ME01,2008-04-27 05:00:00+00:00,7.428693755791803e-08,2.0270193249452312e-07,2.3357750666136375e-08,0.170439,9.171276,956.06523,2.868852,11.166666666666666
ME01,2008-04-27 06:00:00+00:00,7.406004362104368e-08,2.788669213865379e-07,2.1305540402848706e-08,0.166927,13.624833,956.737555,0.0,11.333333333333334
ME01,2008-04-27 07:00:00+00:00,7.598990669068575e-08,2.452038973596513e-07,3.8114099135603677e-08,0.166425,14.659546,957.667366,2.459016,11.333333333333334
ME01,2008-04-27 08:00:00+00:00,7.84766491154702e-08,4.12655212258218e-06,2.50443445975379e-08,0.162913,15.412932,958.09651,8.606557,11.333333333333334
ME01,2008-04-27 09:00:00+00:00,7.381420402170113e-08,3.179622257020645e-07,2.3747932415254964e-08,0.158899,13.677284,957.939157,13.934426,11.333333333333334
ME01,2008-04-27 10:00:00+00:00,7.003352450565021e-08,1.413515189162743e-06,4.556516175321567e-08,0.158899,16.090025,958.339691,21.721311,11.333333333333334
ME01,2008-04-27 11:00:00+00:00,6.765777991525192e-08,3.0014396112016354e-07,2.6366232483935076e-08,0.167429,16.023269,957.824719,0.819672,11.333333333333334
ME01,2008-04-27 12:00:00+00:00,6.679413273229262e-08,2.916736260051562e-07,2.247824892434354e-08,0.155386,17.162884,957.867633,2.04918,11.5
ME01,2008-04-27 13:00:00+00:00,6.741054461612072e-08,2.1559988815274173e-07,2.2702365001216734e-08,0.150871,17.315468,957.40988,16.393443,11.5
ME01,2008-04-27 14:00:00+00:00,6.927196714684203e-08,2.413400940114134e-07,2.0779857388846583e-08,0.13933,16.066183,956.794774,10.245902,11.5
ME01,2008-04-27 15:00:00+00:00,6.476886838971557e-08,2.1681964649445714e-07,3.866531375472996e-08,0.138327,13.872783,956.580202,0.0,11.5
ME01,2008-04-27 16:00:00+00:00,6.658601989216222e-08,5.726816122845396e-07,3.987609906241352e-08,0.146355,16.929239,957.181003,11.47541,11.5
ME01,2008-04-27 17:00:00+00:00,6.850465396733045e-08,1.13803720597214e-06,1.559773533144225e-07,0.142843,14.645241,956.995041,0.0,11.5
ME01,2008-04-27 18:00:00+00:00,6.196350426532709e-08,3.922954760256548e-07,2.5860401505450722e-08,0.150871,11.970246,956.894907,7.377049,11.666666666666666
ME01,2008-04-27 19:00:00+00:00,6.118017037838132e-08,8.523977223028681e-07,2.521898933975399e-08,0.158899,10.992752,957.295442,0.409836,11.666666666666666
ME01,2008-04-27 20:00:00+00:00,5.886625208270709e-08,5.893021882054473e-07,1.7030249400988482e-08,0.154885,10.840168,957.781804,8.606557,11.666666666666666
ME01,2008-04-27 21:00:00+00:00,6.147808658171722e-08,7.991054940990908e-07,2.1291311928822844e-08,0.158397,10.568377,957.781804,4.508197,11.666666666666666
ME01,2008-04-27 22:00:00+00:00,6.190840075230284e-08,2.89560375917351e-06,1.838429414931347e-08,0.162411,10.082014,957.924852,0.0,11.666666666666666
ME01,2008-04-27 23:00:00+00:00,6.444530388842277e-08,2.098009446395225e-07,8.85738876245305e-09,0.158397,9.924661,957.567233,16.393443,11.666666666666666
ME01,2008-04-28 00:00:00+00:00,6.787035137905959e-08,2.0166447738854728e-07,6.953955089582469e-09,0.166425,9.295251,956.937822,0.0,11.833333333333334
ME01,2008-04-28 01:00:00+00:00,6.392913985233498e-08,1.546286483095719e-06,1.9913487995679925e-08,0.170439,8.971009,956.42285,0.819672,11.833333333333334
ME01,2008-04-28 02:00:00+00:00,5.866971270990076e-08,1.5143740809209374e-07,2.163694963824568e-08,0.166927,8.856571,956.108144,0.0,11.833333333333334
ME01,2008-04-28 03:00:00+00:00,5.5803150854310034e-08,3.2567603734615024e-07,2.9420572372069623e-08,0.166425,8.656304,955.907877,0.409836,11.833333333333334
ME01,2008-04-28 04:00:00+00:00,5.494021404883834e-08,2.5968457712585897e-07,3.8430257920334384e-08,0.165923,8.408354,955.793439,2.868852,11.833333333333334
ME01,2008-04-28 05:00:00+00:00,5.8715240571455076e-08,2.062716387832864e-07,3.876762515699866e-08,0.166425,9.781614,955.965096,4.918033,11.833333333333334
ME01,2008-04-28 06:00:00+00:00,5.348172658453728e-08,1.590992428947123e-07,2.7364903784324103e-08,0.161408,14.597559,956.680336,2.868852,12.0
ME01,2008-04-28 07:00:00+00:00,5.395895828819427e-08,1.4961444319564902e-07,2.8542812041913843e-08,0.166425,16.070952,957.209613,38.114754,12.0
ME01,2008-04-28 08:00:00+00:00,5.761110568083846e-08,4.696466597450862e-06,3.9353478468261646e-08,0.162411,16.290292,957.595842,33.606557,12.0
ME01,2008-04-28 09:00:00+00:00,5.647951317234382e-08,3.51353885692821e-06,3.459420684274687e-08,0.162411,15.193591,957.467099,0.409836,12.0
ME01,2008-04-28 10:00:00+00:00,5.605895185012602e-08,1.4911547253929858e-06,3.023784194422484e-08,0.154383,17.072287,957.796109,27.04918,12.0
ME01,2008-04-28 11:00:00+00:00,5.672907281784954e-08,4.3546936177364975e-07,3.697091477906153e-08,0.151372,18.488461,957.352661,0.409836,12.0
ME01,2008-04-28 12:00:00+00:00,6.170261832608322e-08,1.8196182184906605e-07,3.5948048513655524e-08,0.146355,17.072287,956.75186,64.754098,12.166666666666666
ME01,2008-04-28 13:00:00+00:00,5.388814743251111e-08,2.0752711473110515e-07,3.114460518595677e-08,0.158397,18.331108,956.737555,3.278689,12.166666666666666
ME01,2008-04-28 14:00:00+00:00,5.525371189410505e-08,7.11779141519225e-07,3.1781385547578966e-08,0.138828,18.111768,956.337021,0.0,12.166666666666666
ME01,2008-04-28 15:00:00+00:00,4.743068758811005e-08,1.6140344305387254e-07,3.074426042280466e-08,0.125783,15.975586,955.607477,57.786885,12.166666666666666
ME01,2008-04-28 16:00:00+00:00,5.154044336025011e-08,1.013109072945786e-06,2.5114926494554936e-08,0.126285,15.393858,955.34999,13.934426,12.166666666666666
ME01,2008-04-28 17:00:00+00:00,6.677700676898659e-08,2.2254602535136487e-06,3.0134821044074645e-07,0.132807,15.246042,955.192638,0.819672,12.166666666666666
ME01,2008-04-28 18:00:00+00:00,6.720916463281353e-08,3.7449449119468235e-06,2.631123448785382e-08,0.137323,12.695022,954.763494,0.0,12.333333333333334
ME01,2008-04-28 19:00:00+00:00,4.7011838226685603e-08,6.195428667228607e-07,1.8225365183933085e-08,0.138327,12.532901,954.877932,0.409836,12.333333333333334
ME01,2008-04-28 20:00:00+00:00,4.468036508946857e-08,1.239020786282565e-06,1.5079852751490846e-08,0.150369,12.404158,955.063895,3.278689,12.333333333333334
ME01,2008-04-28 21:00:00+00:00,4.263178987590655e-08,3.4972935499237653e-07,2.6444209095174408e-08,0.150871,11.60309,954.663361,0.0,12.333333333333334
ME01,2008-04-28 22:00:00+00:00,3.8055365944333415e-08,4.800477139418703e-07,2.1069010269510923e-08,0.150871,10.740034,954.176998,4.918033,12.333333333333334
ME01,2008-04-28 23:00:00+00:00,3.853739603629493e-08,1.2611323595281242e-06,3.094608903452171e-08,0.154885,10.344269,953.776464,0.0,12.333333333333334
ME01,2008-04-29 00:00:00+00:00,3.846716432086965e-08,1.371244203096359e-06,5.7769872572125135e-08,0.155386,10.077246,952.875262,1.229508,12.5
ME01,2008-04-29 01:00:00+00:00,4.110088044349716e-08,5.889857529455577e-07,7.939128015328224e-08,0.158397,9.872211,952.145718,9.836066,12.5
ME01,2008-04-29 02:00:00+00:00,4.000543252448128e-08,1.6391131955307372e-07,6.823416954398767e-08,0.153881,10.878314,951.845318,30.327869,12.5
ME01,2008-04-29 03:00:00+00:00,3.9445267849583015e-08,2.3114763566337566e-07,6.854323934168352e-08,0.158397,11.078581,951.144383,35.245902,12.5
ME01,2008-04-29 04:00:00+00:00,5.041727699670841e-08,2.1927659839129948e-07,9.926795837866737e-08,0.158899,11.049971,951.001335,38.52459,12.5
ME01,2008-04-29 05:00:00+00:00,5.213146106265468e-08,2.267239116617032e-07,1.1564351111148566e-07,0.158397,12.07038,951.072859,23.770492,12.5
ME01,2008-04-29 06:00:00+00:00,4.453170588481941e-08,2.0706415077121468e-07,9.460931999984822e-08,0.158397,14.940874,951.058554,49.590164,11.8
ME01,2008-04-29 07:00:00+00:00,4.304378242320356e-08,1.8525473548237456e-07,7.33311840316304e-08,0.161909,16.614534,951.158688,54.098361,11.8
ME01,2008-04-29 08:00:00+00:00,5.0251088290676594e-08,3.830653140341453e-06,8.673089510879667e-08,0.174955,15.975586,951.172993,90.57377,11.8
ME01,2008-04-29 09:00:00+00:00,4.503896675323703e-08,1.6610238428639465e-07,8.440640777048216e-08,0.212085,15.594126,950.729544,75.0,11.8
ME01,2008-04-29 10:00:00+00:00,4.372581904429167e-08,2.0812301839713333e-07,6.20152100989433e-08,0.204057,16.709899,950.672325,164.344262,11.8
ME01,2008-04-29 11:00:00+00:00,4.8200293160098305e-08,1.2756333956354575e-06,1.0841213060184327e-07,0.187499,17.06275,950.200267,124.180328,11.8
ME01,2008-04-29 12:00:00+00:00,7.639365423625195e-08,1.8174281289143327e-07,1.9206899698325385e-07,0.175958,17.592027,949.914171,136.065574,11.1
ME01,2008-04-29 13:00:00+00:00,8.017176405533001e-08,2.691718010682057e-06,1.2052872426536148e-07,0.171944,18.002098,949.456418,138.114754,11.1
ME01,2008-04-29 14:00:00+00:00,7.625897653116638e-08,2.0673123236517342e-07,7.793188734020622e-08,0.192516,17.038909,948.712569,89.344262,11.1
ME01,2008-04-29 15:00:00+00:00,7.17737662544085e-08,1.5486227942010924e-07,4.722378103901022e-08,0.166927,17.592027,948.369254,95.491803,11.1
ME01,2008-04-29 16:00:00+00:00,6.566625544063869e-08,1.811707618989985e-07,4.1099261693908624e-08,0.17646,16.995995,947.99733,121.721311,11.1
ME01,2008-04-29 17:00:00+00:00,6.343179046606404e-08,1.4662676601105046e-06,3.392126475396692e-08,0.159902,16.109098,948.483693,89.344262,11.1
ME01,2008-04-29 18:00:00+00:00,4.937451045371781e-08,3.8852746179204415e-06,2.611156417419468e-08,0.151372,14.626168,948.712569,38.934426,10.4
ME01,2008-04-29 19:00:00+00:00,4.436581755577265e-08,5.022575689282477e-06,1.6882657912097753e-08,0.150871,13.534236,949.070189,17.622951,10.4
ME01,2008-04-29 20:00:00+00:00,4.211905229179359e-08,8.513807306455677e-07,1.538493074069083e-08,0.150369,12.017929,949.227541,0.0,10.4
ME01,2008-04-29 21:00:00+00:00,3.961912387429089e-08,9.96759038539279e-07,1.1390851741133682e-08,0.158397,12.504291,949.184627,0.0,10.4
ME01,2008-04-29 22:00:00+00:00,3.749058819938193e-08,2.726975482251982e-07,9.792012002718347e-09,0.163415,11.436201,949.113103,0.0,10.4
ME01,2008-04-29 23:00:00+00:00,3.670038424352416e-08,3.894504259917153e-07,9.464508800677583e-09,0.158899,12.299256,948.855617,0.0,10.4
ME01,2008-04-30 00:00:00+00:00,3.459048459763041e-08,2.3046736991370824e-07,1.301918067233556e-08,0.154383,11.316994,948.769788,0.0,9.7
ME01,2008-04-30 01:00:00+00:00,3.4039674707049226e-08,5.521450405343356e-07,7.467666713750054e-09,0.162411,11.283616,948.312035,0.0,9.7
ME01,2008-04-30 02:00:00+00:00,3.6623645460160946e-08,1.553264551191064e-07,3.162864584063383e-08,0.154885,11.216861,948.054549,0.409836,9.7
ME01,2008-04-30 03:00:00+00:00,3.499883641154917e-08,2.0474705310257472e-07,3.587934594284294e-08,0.157895,10.658974,948.183292,0.0,9.7
ME01,2008-04-30 04:00:00+00:00,3.160012057010764e-08,1.6142249766244245e-07,4.519270283210678e-08,0.157895,11.102422,948.526607,0.0,9.7
ME01,2008-04-30 05:00:00+00:00,3.396125290756574e-08,1.9296995998119248e-07,3.12065336713443e-08,0.153881,13.171848,949.070189,0.0,9.7
ME01,2008-04-30 06:00:00+00:00,3.343977926276733e-08,1.4158125473109542e-07,3.12057198818004e-08,0.170439,18.388327,949.914171,0.819672,9.3
ME01,2008-04-30 07:00:00+00:00,3.4847254762017934e-08,2.8615631289719443e-07,3.330321642050619e-08,0.154383,19.284761,950.400534,4.508197,9.3
ME01,2008-04-30 08:00:00+00:00,3.669083733831531e-08,4.530783426285853e-06,3.339905068224179e-08,0.154383,19.070189,950.68663,33.196721,9.3
ME01,2008-04-30 09:00:00+00:00,3.6136655390785354e-08,1.7880974582558416e-06,4.609204059693335e-08,0.137323,19.666222,951.130078,23.770492,9.3
ME01,2008-04-30 10:00:00+00:00,5.449783231632563e-08,2.0469702814171363e-07,1.2595957358241137e-07,0.146857,19.976159,951.659355,13.52459,9.3
ME01,2008-04-30 11:00:00+00:00,3.921044805240473e-08,2.172795683353484e-07,4.495509537023046e-08,0.150369,19.494564,951.745184,15.57377,9.3
ME01,2008-04-30 12:00:00+00:00,4.088146353481382e-08,2.0090355033955176e-07,4.858402479049058e-08,0.172446,18.803166,951.587831,26.229508,8.9
ME01,2008-04-30 13:00:00+00:00,4.301973687418112e-08,1.7947107545501338e-07,4.218831324819087e-08,0.127288,18.197597,951.745184,29.918033,8.9
ME01,2008-04-30 14:00:00+00:00,4.614161744177638e-08,2.0112893255546943e-07,3.671105521507833e-08,0.138327,17.768453,951.187297,42.213115,8.9
ME01,2008-04-30 15:00:00+00:00,4.6029968170697374e-08,7.441155287647787e-07,3.3271468194272245e-08,0.125281,17.768453,951.516307,24.180328,8.9
ME01,2008-04-30 16:00:00+00:00,4.921983340503066e-08,4.1270517254184497e-07,6.812430542461648e-08,0.126285,17.210566,951.487698,25.819672,8.9
ME01,2008-04-30 17:00:00+00:00,5.2561492035331234e-08,9.404429734049983e-07,1.219912793950789e-07,0.135316,15.432005,951.215907,0.409836,8.9
ME01,2008-04-30 18:00:00+00:00,6.118359910200209e-08,1.031792109084462e-06,1.5357649449355865e-07,0.134313,13.434103,951.31604,0.0,8.5
ME01,2008-04-30 19:00:00+00:00,5.182554753642636e-08,2.0079121712046017e-06,1.0717724897573286e-07,0.142341,13.543773,951.67366,0.0,8.5
ME01,2008-04-30 20:00:00+00:00,5.5704590014433716e-08,1.0703833244529386e-06,1.225537161909034e-07,0.142843,13.348274,952.417509,0.0,8.5
ME01,2008-04-30 21:00:00+00:00,4.327949018028443e-08,3.2023573601636653e-07,6.813433652849998e-08,0.142843,12.804692,952.36029,1.639344,8.5
ME01,2008-04-30 22:00:00+00:00,4.349641870640348e-08,5.538826942161553e-07,6.976908640087903e-08,0.146355,12.723632,952.603471,0.0,8.5
ME01,2008-04-30 23:00:00+00:00,3.7347236568450196e-08,5.90723875112555e-07,4.3412235780009484e-08,0.154383,12.113294,952.474728,0.0,8.5
ME01,2008-05-01 00:00:00+00:00,3.865505019600301e-08,2.42250954989902e-07,4.71942212395426e-08,0.158397,11.722296,952.317376,0.0,8.1
ME01,2008-05-01 01:00:00+00:00,3.731153927582475e-08,1.0619177452709149e-06,4.2809313238088336e-08,0.146355,12.389853,952.345985,0.0,8.1
ME01,2008-05-01 02:00:00+00:00,4.046646462701356e-08,1.5314290548191205e-07,9.381196597545099e-08,0.154383,13.696357,952.303071,0.409836,8.1
ME01,2008-05-01 03:00:00+00:00,3.1625026152095653e-08,1.7778368388449998e-07,3.7827106397039474e-08,0.150369,12.852375,952.00267,0.0,8.1
ME01,2008-05-01 04:00:00+00:00,3.5340120259671585e-08,7.966060163387092e-07,2.9021151176022004e-08,0.154383,14.969483,951.959756,16.803279,8.1
ME01,2008-05-01 05:00:00+00:00,4.090868120560803e-08,1.8003293589643155e-07,3.1016250065066224e-08,0.149867,14.611863,952.903872,18.032787,8.1
ME01,2008-05-01 06:00:00+00:00,3.703434310641315e-08,1.7576126169476088e-07,1.9659244206778754e-08,0.149867,15.474919,953.37593,0.409836,8.475
ME01,2008-05-01 07:00:00+00:00,3.415964089168656e-08,1.4821569193771158e-07,2.2917154803325632e-08,0.146355,18.497997,954.477398,0.409836,8.475
ME01,2008-05-01 08:00:00+00:00,3.660693954181746e-08,5.772745920562651e-07,2.600880646448161e-08,0.149867,20.705703,955.235552,1.229508,8.475
ME01,2008-05-01 09:00:00+00:00,3.7202091801789665e-08,1.974294462225381e-06,2.4935792156525977e-08,0.154885,20.228877,955.421514,36.885246,8.475
ME01,2008-05-01 10:00:00+00:00,3.3366721855146144e-08,2.6222134385324537e-06,2.1398013810851083e-08,0.155888,20.0,955.621781,45.901639,8.475
ME01,2008-05-01 11:00:00+00:00,3.3776684049350565e-08,3.4144745630241746e-07,3.8085228046294413e-08,0.126285,21.56399,955.979401,6.557377,8.475
ME01,2008-05-01 12:00:00+00:00,3.604970144297783e-08,1.8659849116957713e-07,2.2355191692071997e-08,0.122772,21.459088,956.03662,31.967213,8.85
ME01,2008-05-01 13:00:00+00:00,3.498336160522458e-08,6.426676858443568e-07,1.834520028598785e-08,0.13933,21.101469,955.850658,31.557377,8.85
ME01,2008-05-01 14:00:00+00:00,3.812993103968011e-08,1.1280548025836474e-06,2.975976902925375e-08,0.123274,21.411406,955.664696,14.754098,8.85
ME01,2008-05-01 15:00:00+00:00,3.161174618122497e-08,1.305605648174755e-06,3.9777444700362345e-08,0.11926,21.440015,955.650391,4.098361,8.85
ME01,2008-05-01 16:00:00+00:00,3.354631564591129e-08,1.391574328073483e-06,2.097444760393308e-08,0.11926,19.508869,955.435819,1.229508,8.85
ME01,2008-05-01 17:00:00+00:00,3.91269737081059e-08,2.190767135464547e-06,2.102925669078751e-08,0.122772,18.722106,955.392905,9.836066,8.85
ME01,2008-05-01 18:00:00+00:00,3.5312785961111286e-08,2.380208655914498e-06,2.8506645152896138e-08,0.131302,17.434675,955.435819,2.868852,9.225
ME01,2008-05-01 19:00:00+00:00,3.41542305423798e-08,1.9314675060697978e-06,3.440592579836499e-08,0.123274,17.258249,956.294106,0.0,9.225
ME01,2008-05-01 20:00:00+00:00,3.5691070858057333e-08,8.695131050781335e-07,1.778971202884433e-08,0.126786,16.380889,956.42285,0.0,9.225
ME01,2008-05-01 21:00:00+00:00,2.564421084990527e-07,6.7892866109857616e-06,9.59666915566577e-08,0.131804,15.799161,956.322716,0.0,9.225
ME01,2008-05-01 22:00:00+00:00,1.9487110387132607e-07,2.218206945436251e-06,7.265889919096385e-08,0.1308,16.533473,956.451459,0.0,9.225
ME01,2008-05-01 23:00:00+00:00,3.933907632537335e-08,6.912108238386795e-07,8.979718715655346e-09,0.126285,15.60843,956.465764,0.0,9.225
ME01,2008-05-02 00:00:00+00:00,3.8096141443547176e-08,1.8455287435730395e-06,9.50892875756831e-09,0.138327,16.099561,955.836353,0.0,9.6
ME01,2008-05-02 01:00:00+00:00,7.259013993029575e-08,1.1308974608591455e-06,2.8624077146093356e-07,0.13933,16.743277,955.607477,0.0,9.6
ME01,2008-05-02 02:00:00+00:00,3.611249533556515e-08,3.730088672037499e-06,7.21464708449022e-09,0.1308,17.162884,955.822048,6.147541,9.6
ME01,2008-05-02 03:00:00+00:00,3.6397846965636e-08,1.1927754902174514e-06,2.2998912252425157e-08,0.13933,16.337974,955.650391,0.0,9.6
ME01,2008-05-02 04:00:00+00:00,4.240941991604241e-08,1.5807524151562274e-06,1.4333273171561405e-07,0.130299,16.709899,956.122449,0.0,9.6
ME01,2008-05-02 05:00:00+00:00,3.962085291625246e-08,1.898496815237842e-07,2.4077131973834395e-08,0.133811,16.829105,956.995041,0.0,9.6
ME01,2008-05-02 06:00:00+00:00,4.2350497061572216e-08,1.8782086198673947e-06,3.760251497129026e-08,0.135316,17.839977,957.853328,0.409836,8.95
ME01,2008-05-02 07:00:00+00:00,3.997604733602984e-08,8.831095148456917e-07,3.554010936045824e-08,0.142843,19.356285,958.42552,0.409836,8.95
ME01,2008-05-02 08:00:00+00:00,4.492252100654573e-08,1.5065087309290977e-06,3.758773392481716e-08,0.135316,20.414839,959.097845,4.098361,8.95
ME01,2008-05-02 09:00:00+00:00,4.5977390232839504e-08,1.8761382846167409e-06,3.693470580753073e-08,0.126786,20.672325,959.38394,4.098361,8.95
ME01,2008-05-02 10:00:00+00:00,4.6538169714474713e-08,2.008286371083792e-06,3.477700238101768e-08,0.126786,21.716574,959.283807,24.180328,8.95
ME01,2008-05-02 11:00:00+00:00,3.5618556127708726e-08,5.381518312343186e-07,2.7065259423435517e-08,0.119762,21.187297,958.625787,30.327869,8.95
ME01,2008-05-02 12:00:00+00:00,7.101590244614068e-08,9.910790019745104e-07,3.062219684644809e-08,0.122772,21.654587,958.525653,20.491803,8.3
ME01,2008-05-02 13:00:00+00:00,4.049475585427589e-08,1.3140241434849163e-06,3.5303757148467076e-08,0.111734,21.773794,958.09651,52.04918,8.3
ME01,2008-05-02 14:00:00+00:00,4.260110623693574e-08,7.011089138665253e-07,4.1674832478234286e-08,0.116249,21.37326,957.724585,4.098361,8.3
ME01,2008-05-02 15:00:00+00:00,5.7511785607074807e-08,1.5766662908747758e-06,3.3502080808827117e-07,0.10772,20.829678,957.510013,20.081967,8.3
ME01,2008-05-02 16:00:00+00:00,4.395228220814334e-08,1.4735315555656873e-06,4.328202032538445e-08,0.116249,18.607667,957.166698,8.606557,8.3
ME01,2008-05-02 17:00:00+00:00,3.576838352012141e-08,1.067105656434772e-06,3.0559337104582656e-08,0.123776,16.910166,956.937822,1.229508,8.3
ME01,2008-05-02 18:00:00+00:00,3.62461000193313e-08,2.0467691769753974e-06,2.5893168984058794e-08,0.123274,15.784856,956.880603,5.327869,7.65
ME01,2008-05-02 19:00:00+00:00,3.508121106894815e-08,1.323670346442972e-06,2.2852996584011544e-08,0.139832,13.96338,957.252527,1.229508,7.65
ME01,2008-05-02 20:00:00+00:00,3.4604978491233956e-08,4.3598687349850124e-07,1.1982356200622977e-08,0.135316,13.653443,957.481404,14.754098,7.65
ME01,2008-05-02 21:00:00+00:00,3.334218336689153e-08,6.314597076586531e-07,1.2303247015127436e-08,0.139832,13.801259,957.467099,0.0,7.65
ME01,2008-05-02 22:00:00+00:00,3.1229986122539335e-08,1.4478834760931723e-06,1.4564033467670307e-08,0.1308,14.115964,957.452794,14.754098,7.65
ME01,2008-05-02 23:00:00+00:00,3.1594291161295007e-08,4.2202381497960867e-07,9.853934086837008e-09,0.13933,14.087355,957.538623,11.47541,7.65
ME01,2008-05-03 00:00:00+00:00,3.2186654752757556e-08,2.5720968062861895e-07,6.753101214911798e-09,0.13933,14.144574,957.209613,6.557377,7.0
ME01,2008-05-03 01:00:00+00:00,3.113168498921321e-08,1.5014889329314404e-06,1.918977589281832e-08,0.135316,14.063513,957.009346,0.0,7.0
ME01,2008-05-03 02:00:00+00:00,3.150935291857719e-08,1.856262492832217e-07,3.8674884420924715e-08,0.143344,14.173183,956.75186,0.0,7.0
ME01,2008-05-03 03:00:00+00:00,3.317356772992635e-08,1.7357807868636442e-07,1.9175361450483432e-08,0.142843,13.906161,956.580202,0.0,7.0
ME01,2008-05-03 04:00:00+00:00,3.887600574037706e-08,3.650332160143816e-07,3.0121534370150136e-08,0.139832,13.877551,956.737555,0.0,7.0
ME01,2008-05-03 05:00:00+00:00,4.219272127697698e-08,1.7071936278687905e-07,2.6215119320435474e-08,0.152878,12.695022,957.238222,3.278689,7.0
ME01,2008-05-03 06:00:00+00:00,4.071680868078448e-08,2.0253386071891813e-07,3.217090672725487e-08,0.14786,16.476254,958.0679,27.868852,6.625
ME01,2008-05-03 07:00:00+00:00,4.6104885359964996e-08,2.1136390049993702e-07,3.621967934587641e-08,0.14786,17.663551,958.497044,6.147541,6.625
ME01,2008-05-03 08:00:00+00:00,4.5696722776599914e-08,3.56628789239656e-06,4.8614012716790116e-08,0.13933,20.24795,958.911883,8.606557,6.625
ME01,2008-05-03 09:00:00+00:00,4.583761914501983e-08,1.8297049202347292e-06,5.764434912366434e-08,0.131302,20.24795,958.75453,17.213115,6.625
ME01,2008-05-03 10:00:00+00:00,4.185270423450742e-08,9.566806635185071e-07,3.036453313748304e-08,0.131302,21.049018,958.654396,2.459016,6.625
ME01,2008-05-03 11:00:00+00:00,4.084237963148178e-08,1.6950364457325725e-07,3.866418191978383e-08,0.131804,19.699599,958.554263,44.672131,6.625
ME01,2008-05-03 12:00:00+00:00,4.690004247409814e-08,2.084809126262248e-07,3.2488363456283916e-08,0.128292,20.286096,958.497044,53.278689,6.25
ME01,2008-05-03 13:00:00+00:00,4.162105385961714e-08,2.3700655738983527e-07,3.6242901274839593e-08,0.108221,20.705703,958.168034,59.016393,6.25
ME01,2008-05-03 14:00:00+00:00,4.160277234986823e-08,3.9522136531899974e-07,2.715641867138936e-08,0.10772,20.205035,957.581537,25.409836,6.25
ME01,2008-05-03 15:00:00+00:00,3.742076965081719e-08,9.547402948354184e-07,2.3518049375888527e-08,0.118758,20.309937,957.309746,6.147541,6.25
ME01,2008-05-03 16:00:00+00:00,3.8515682602344885e-08,8.009549995792822e-07,2.2789635685145893e-08,0.112737,19.518405,957.495709,2.04918,6.25
ME01,2008-05-03 17:00:00+00:00,3.994173456045722e-08,1.8638317945406312e-06,4.132414508238851e-08,0.115748,17.916269,956.980736,1.229508,6.25
ME01,2008-05-03 18:00:00+00:00,4.071756055633165e-08,2.7529030204026666e-06,2.238750485169325e-08,0.127288,14.964715,956.980736,0.0,5.875
ME01,2008-05-03 19:00:00+00:00,3.9421479495694444e-08,2.253008927176242e-06,1.9893173220057327e-08,0.122772,14.516498,957.338356,0.0,5.875
ME01,2008-05-03 20:00:00+00:00,3.9728468902978667e-08,2.428646057073614e-06,3.663633161024382e-08,0.138828,14.583254,957.610147,0.0,5.875
ME01,2008-05-03 21:00:00+00:00,3.742611102863204e-08,6.079545035659655e-07,1.595637687931235e-08,0.1308,14.473584,957.538623,13.934426,5.875
ME01,2008-05-03 22:00:00+00:00,4.044201873268412e-08,7.908490121262205e-07,1.0656097774832953e-08,0.133811,14.530803,957.40988,20.491803,5.875
ME01,2008-05-03 23:00:00+00:00,3.826054879109489e-08,6.964910996032737e-07,1.720717586378987e-08,0.1308,14.053977,956.995041,0.0,5.875
ME01,2008-05-04 00:00:00+00:00,3.677657228666821e-08,2.1012951354213991e-07,1.1855735656794862e-08,0.143344,13.553309,956.565897,0.0,5.5
ME01,2008-05-04 01:00:00+00:00,3.8917317097924733e-08,1.995557731301045e-07,1.5582948541945015e-08,0.13933,13.291055,956.079535,2.459016,5.5
ME01,2008-05-04 02:00:00+00:00,3.776015749503799e-08,5.856427431820495e-07,1.4651164936787478e-08,0.13933,13.286286,955.70761,0.0,5.5
ME01,2008-05-04 03:00:00+00:00,3.790719668093701e-08,9.377314631453195e-07,1.1188786899837775e-08,0.146857,12.799924,955.578867,0.0,5.5
ME01,2008-05-04 04:00:00+00:00,3.8456432869335625e-08,4.967189856316338e-07,1.715890860816542e-08,0.146857,13.009727,955.664696,10.655738,5.5
ME01,2008-05-04 05:00:00+00:00,4.1659350526155627e-08,8.593919789584092e-07,2.1168183437300413e-08,0.146857,14.430669,956.108144,5.327869,5.5
ME01,2008-05-04 06:00:00+00:00,3.9570056170955456e-08,2.655926980004314e-07,3.040309801401081e-08,0.146355,18.497997,956.966431,0.0,5.9375
ME01,2008-05-04 07:00:00+00:00,3.7465906755261886e-08,5.920344949828862e-07,2.260987456903177e-08,0.13933,19.814038,957.510013,6.557377,5.9375
ME01,2008-05-04 08:00:00+00:00,4.232243708929199e-08,3.2522428809757714e-06,2.6317239871062054e-08,0.138828,20.462521,957.881938,22.131148,5.9375
ME01,2008-05-04 09:00:00+00:00,4.218950361392142e-08,2.2945070742794724e-06,2.9337362920680327e-08,0.147358,20.662788,957.924852,27.459016,5.9375
ME01,2008-05-04 10:00:00+00:00,3.946160760002461e-08,2.3667377398876316e-06,2.4342473390317857e-08,0.144348,21.664124,957.924852,15.163934,5.9375
ME01,2008-05-04 11:00:00+00:00,4.104029431604272e-08,2.80426888401728e-07,2.0749298223749542e-08,0.118758,21.182529,957.967767,36.885246,5.9375
ME01,2008-05-04 12:00:00+00:00,4.2195575823808213e-08,4.612273503863043e-07,2.2933688482983158e-08,0.127288,21.12531,957.796109,40.983607,6.375
ME01,2008-05-04 13:00:00+00:00,4.0905338145348706e-08,7.134828660145415e-07,1.970219644039863e-08,0.127288,20.867824,957.538623,47.131148,6.375
ME01,2008-05-04 14:00:00+00:00,4.4567348706202996e-08,1.285122877192526e-06,2.1856893564665287e-08,0.119762,20.262254,957.181003,49.180328,6.375
ME01,2008-05-04 15:00:00+00:00,4.326665821022566e-08,1.4749262559920303e-06,2.4400330196598603e-08,0.107218,18.62674,957.166698,27.459016,6.375
ME01,2008-05-04 16:00:00+00:00,3.8141024094939646e-08,1.1024128558791588e-06,2.9718811546984895e-08,0.111734,18.025939,957.209613,13.52459,6.375
ME01,2008-05-04 17:00:00+00:00,4.185938089034111e-08,1.8653957814053375e-06,3.135684991827514e-08,0.114744,16.662216,957.123784,0.819672,6.375
ME01,2008-05-04 18:00:00+00:00,4.628004978901726e-08,1.3828740938640419e-06,2.2045365014826392e-08,0.118256,14.063513,956.980736,0.0,6.8125
ME01,2008-05-04 19:00:00+00:00,4.647077629250509e-08,2.6472305136204363e-06,4.623809844510948e-08,0.130299,13.653443,957.524318,0.0,6.8125
ME01,2008-05-04 20:00:00+00:00,4.762517872312262e-08,1.4325280462739486e-06,1.422523866224385e-08,0.127288,13.372115,957.910547,0.0,6.8125
ME01,2008-05-04 21:00:00+00:00,4.880287442463552e-08,1.0971943494075567e-06,1.0762233763492308e-08,0.134814,12.976349,957.881938,0.0,6.8125
ME01,2008-05-04 22:00:00+00:00,5.04176173764195e-08,3.5239395518320104e-07,1.3702151291708655e-08,0.133811,12.18005,958.053595,0.0,6.8125
ME01,2008-05-04 23:00:00+00:00,4.988396359924654e-08,7.803088619351306e-07,1.1260219850307428e-08,0.133309,12.246805,957.839023,0.0,6.8125
ME01,2008-05-05 00:00:00+00:00,4.859462761869972e-08,1.8703177857836333e-07,7.851124685788544e-09,0.142341,12.857143,957.481404,9.016393,7.25
ME01,2008-05-05 01:00:00+00:00,4.6613008231437576e-08,2.899005144153901e-07,1.0604819481220244e-08,0.142843,12.742705,957.238222,27.459016,7.25
ME01,2008-05-05 02:00:00+00:00,4.588833824713804e-08,1.4960374874043833e-07,1.8767256561374045e-08,0.150369,12.814228,956.995041,9.016393,7.25
ME01,2008-05-05 03:00:00+00:00,4.475114405362325e-08,1.8939879844594273e-07,2.299187236950853e-08,0.146355,12.351707,956.794774,0.0,7.25
ME01,2008-05-05 04:00:00+00:00,4.8250386339144464e-08,3.721966749560189e-07,3.5513424505100435e-08,0.138828,11.908259,956.966431,0.819672,7.25
ME01,2008-05-05 05:00:00+00:00,4.687847691218316e-08,1.5716568029691853e-07,4.370920949091551e-08,0.145853,14.106428,957.524318,0.0,7.25
ME01,2008-05-05 06:00:00+00:00,4.978151019488949e-08,1.3261381186661325e-07,3.44157474307431e-08,0.141337,18.607667,958.482739,7.377049,7.6875
ME01,2008-05-05 07:00:00+00:00,5.286646879511452e-08,1.4362279157331875e-07,6.23668049454432e-08,0.137323,19.31337,958.826054,8.606557,7.6875
ME01,2008-05-05 08:00:00+00:00,4.509704644279731e-08,3.156656044893499e-06,2.7772925537200292e-08,0.141839,18.850849,959.08354,42.622951,7.6875
ME01,2008-05-05 09:00:00+00:00,4.826015710252979e-08,2.787001555525995e-06,3.3762785202383756e-08,0.138327,20.023841,959.212283,4.918033,7.6875
ME01,2008-05-05 10:00:00+00:00,5.0678187722306666e-08,1.1773590735709204e-06,3.0009549387543726e-08,0.122271,21.406637,959.512684,26.229508,7.6875
ME01,2008-05-05 11:00:00+00:00,4.2592502358566917e-08,1.679117830133037e-07,3.009318783648776e-08,0.118256,19.656685,958.969102,18.852459,7.6875
ME01,2008-05-05 12:00:00+00:00,4.804192461100134e-08,1.9704223117175892e-07,2.6107654911732504e-08,0.122271,19.132176,958.926187,13.52459,8.125
ME01,2008-05-05 13:00:00+00:00,4.440743562244561e-08,1.7271155692092508e-07,3.8097533833608496e-08,0.114242,17.944879,958.497044,11.885246,8.125
ME01,2008-05-05 14:00:00+00:00,4.168058783176481e-08,1.0404212628857613e-06,3.1510143607902435e-08,0.118256,18.43601,958.339691,4.098361,8.125
ME01,2008-05-05 15:00:00+00:00,4.5256959171995244e-08,6.408026067273248e-07,3.020094610185894e-08,0.118256,17.897196,957.982071,5.327869,8.125
ME01,2008-05-05 16:00:00+00:00,4.2630404394403946e-08,1.4275273782465962e-06,2.355364645374842e-08,0.122271,16.724204,957.581537,4.918033,8.125
ME01,2008-05-05 17:00:00+00:00,3.9218650444773185e-08,2.650899649405327e-06,3.2860653936022206e-08,0.121769,15.82777,957.467099,0.0,8.125
ME01,2008-05-05 18:00:00+00:00,4.2090761734295095e-08,1.999995175073922e-06,2.6980922313748204e-08,0.121769,15.017166,957.667366,0.0,8.5625
ME01,2008-05-05 19:00:00+00:00,4.312866707407513e-08,1.5353122998011206e-06,3.279126324882361e-08,0.121769,14.9218,958.09651,0.0,8.5625
ME01,2008-05-05 20:00:00+00:00,4.162808703659873e-08,7.522866198276305e-07,2.487713845893432e-08,0.129797,14.397292,958.353996,9.42623,8.5625
ME01,2008-05-05 21:00:00+00:00,5.2157067050293706e-08,3.0693075267232268e-06,2.4467396265458124e-08,0.130299,14.826435,958.139424,11.065574,8.5625
ME01,2008-05-05 22:00:00+00:00,4.6564581829756575e-08,1.379483710980547e-06,9.854756731162668e-09,0.129295,14.607095,957.982071,0.0,8.5625
ME01,2008-05-05 23:00:00+00:00,4.4457488280537526e-08,1.8547711873101983e-06,1.4172840749785023e-08,0.133309,13.834637,957.638756,0.0,8.5625
ME01,2008-05-06 00:00:00+00:00,4.2946133263985e-08,6.004382880181722e-07,6.7439328993142466e-09,0.133811,13.591455,956.980736,1.639344,9.0
ME01,2008-05-06 01:00:00+00:00,4.424035171126654e-08,9.113416804872956e-07,1.93371203297512e-08,0.137825,13.46748,956.651726,0.0,9.0
ME01,2008-05-06 02:00:00+00:00,3.596343329111784e-08,5.737941794291281e-07,1.1755337125805304e-08,0.133811,13.863246,956.494373,0.409836,9.0
ME01,2008-05-06 03:00:00+00:00,4.396474024733212e-08,6.411178541963079e-07,2.598064278647491e-08,0.137825,13.314896,956.193973,0.0,9.0
ME01,2008-05-06 04:00:00+00:00,4.607811851346975e-08,3.5429689500293185e-07,2.6786418553090995e-08,0.137323,13.353042,955.979401,0.0,9.0
ME01,2008-05-06 05:00:00+00:00,4.694545541313659e-08,6.615962034363804e-07,3.5730880652583325e-08,0.133811,14.135037,956.379935,0.0,9.0
ME01,2008-05-06 06:00:00+00:00,5.5809968291680406e-08,3.1948128546114732e-06,3.0158909281914204e-08,0.133309,17.153347,956.623117,0.0,8.75
ME01,2008-05-06 07:00:00+00:00,6.230949911200502e-08,5.428799979767828e-07,2.8204778402472432e-08,0.129295,18.855617,957.266832,6.967213,8.75
ME01,2008-05-06 08:00:00+00:00,7.187918537968812e-08,9.45537816390483e-07,2.6116215596103102e-08,0.133309,19.542247,957.495709,7.786885,8.75
ME01,2008-05-06 09:00:00+00:00,6.00027498936013e-08,2.3588732583642387e-06,4.337335106332436e-08,0.120765,18.493229,957.595842,13.114754,8.75
ME01,2008-05-06 10:00:00+00:00,4.716813963906784e-08,1.931171239936093e-06,3.451073636112553e-08,0.130299,18.602899,957.610147,13.52459,8.75
ME01,2008-05-06 11:00:00+00:00,4.624293296006517e-08,5.907377147702932e-07,4.0330267331729773e-08,0.126285,17.148579,957.295442,13.934426,8.75
ME01,2008-05-06 12:00:00+00:00,3.673894497936093e-08,1.2164170845578307e-06,2.7267695271590727e-08,0.134313,18.54568,957.610147,41.803279,8.5
ME01,2008-05-06 13:00:00+00:00,3.984306613720696e-08,4.6014031208323047e-07,5.0350761026737844e-08,0.134313,18.54568,957.610147,41.803279,8.5
ME01,2008-05-06 14:00:00+00:00,3.94716315081024e-08,9.221987860680612e-07,3.4491906354766567e-08,0.138327,14.244707,956.251192,28.278689,8.5
ME01,2008-05-06 15:00:00+00:00,4.1675988411751456e-08,7.189653253051866e-07,3.140209785400813e-08,0.138327,14.506962,956.079535,20.081967,8.5
ME01,2008-05-06 16:00:00+00:00,4.13171910058291e-08,1.950298090625086e-06,2.5156794122143318e-08,0.133811,13.920465,955.764829,27.459016,8.5
ME01,2008-05-06 17:00:00+00:00,3.9951851621871494e-08,9.758129878225444e-07,2.2774205462161884e-08,0.142843,13.171848,955.807744,5.327869,8.5
ME01,2008-05-06 18:00:00+00:00,3.940974172885018e-08,1.0012566446830716e-06,2.8720830458968655e-08,0.138327,12.504291,955.922182,8.196721,8.25
ME01,2008-05-06 19:00:00+00:00,4.0318535100087814e-08,6.048123389844885e-07,3.020973322978125e-08,0.142341,12.652108,956.108144,0.0,8.25
ME01,2008-05-06 20:00:00+00:00,3.9793756662370554e-08,2.6767014114508653e-06,1.1801381954306183e-08,0.146355,12.265878,956.39424,0.0,8.25
ME01,2008-05-06 21:00:00+00:00,3.517275078204929e-08,7.914516625571624e-07,1.1119674730542983e-08,0.142341,11.636468,956.222582,0.0,8.25
ME01,2008-05-06 22:00:00+00:00,3.9379123272551824e-08,7.151012896057801e-07,2.6009120270228243e-08,0.146857,12.04177,956.079535,15.983607,8.25
ME01,2008-05-06 23:00:00+00:00,3.9343022975868734e-08,1.4175268982889627e-06,8.084505114609831e-09,0.142341,12.04177,955.664696,0.0,8.25
ME01,2008-05-07 00:00:00+00:00,3.630912748143318e-08,2.4207394830577294e-07,8.316931253816151e-09,0.154885,11.965478,955.092504,0.0,8.0
ME01,2008-05-07 01:00:00+00:00,3.2244842409303126e-08,7.416376519837737e-07,1.4330475568492557e-08,0.154885,11.779516,954.534618,0.0,8.0
ME01,2008-05-07 02:00:00+00:00,3.7958363397557066e-08,1.1986132228401774e-06,1.7275495888342833e-08,0.150369,11.650772,954.277131,0.0,8.0
ME01,2008-05-07 03:00:00+00:00,3.64226014227575e-08,1.2504265754152031e-06,2.372616514555233e-08,0.150369,11.393286,954.176998,0.0,8.0
ME01,2008-05-07 04:00:00+00:00,3.894702160854416e-08,1.442206284404336e-07,2.4328212920267673e-08,0.140334,11.226397,954.262827,0.409836,8.0
ME01,2008-05-07 05:00:00+00:00,3.8799767117794515e-08,1.8771845835984197e-07,2.7221955162699216e-08,0.145853,12.356475,954.763494,2.868852,8.0
ME01,2008-05-07 06:00:00+00:00,4.0551867067903507e-08,1.802655629951525e-07,3.449164591901678e-08,0.154885,14.063513,955.02098,9.42623,7.75
ME01,2008-05-07 07:00:00+00:00,3.7449470254198946e-08,1.3738715862686582e-07,3.2409183520119626e-08,0.142341,16.805264,955.73622,19.262295,7.75
ME01,2008-05-07 08:00:00+00:00,4.641261764437657e-08,3.865473480428656e-06,3.8099050025694e-08,0.142341,15.908831,956.008011,34.016393,7.75
ME01,2008-05-07 09:00:00+00:00,4.363662735846902e-08,1.751898584806205e-06,4.0228665054364465e-08,0.137825,16.237841,956.236887,28.278689,7.75
ME01,2008-05-07 10:00:00+00:00,4.6378450755350867e-08,2.115125304364316e-06,3.705508729663978e-08,0.134814,15.613199,956.122449,25.409836,7.75
ME01,2008-05-07 11:00:00+00:00,4.297038115104969e-08,2.1618474179832595e-07,2.4453313005974704e-08,0.133811,17.305932,956.308411,9.42623,7.75
ME01,2008-05-07 12:00:00+00:00,4.746334733226485e-08,1.6428858022606008e-07,2.514342832663554e-08,0.133811,16.781423,955.993706,17.622951,7.5
ME01,2008-05-07 13:00:00+00:00,4.158978745020162e-08,7.570416144626462e-07,2.5668294262886737e-08,0.135316,17.153347,955.621781,16.393443,7.5
ME01,2008-05-07 14:00:00+00:00,4.192127279212507e-08,1.095279834394873e-06,2.828859488478218e-08,0.138828,17.596796,955.364295,17.213115,7.5
ME01,2008-05-07 15:00:00+00:00,4.501833559554318e-08,1.6872739042014222e-06,3.0948600359185333e-08,0.146857,14.81213,955.006676,6.557377,7.5
ME01,2008-05-07 16:00:00+00:00,5.5977432173505366e-08,1.3802900974893946e-06,2.617784495903088e-08,0.134814,14.058745,955.035285,5.327869,7.5
ME01,2008-05-07 17:00:00+00:00,5.6649567054962895e-08,2.8723452603137595e-05,2.439718894729743e-08,0.137323,13.539004,955.235552,3.688525,7.5
ME01,2008-05-07 18:00:00+00:00,4.516358596047658e-08,2.5735446475868226e-06,2.4428528762606743e-08,0.146355,12.580584,955.321381,0.0,7.25
ME01,2008-05-07 19:00:00+00:00,4.60468678648114e-08,2.9585005429286956e-06,1.9203661763742542e-08,0.138327,12.337402,955.879268,0.0,7.25
ME01,2008-05-07 20:00:00+00:00,4.595446650391365e-08,9.75554576746974e-07,2.4482099166214574e-08,0.134313,12.194354,956.36563,2.04918,7.25
ME01,2008-05-07 21:00:00+00:00,4.591593573753035e-08,7.441409917936826e-07,2.217238739218059e-08,0.134313,11.550639,956.265497,0.0,7.25
ME01,2008-05-07 22:00:00+00:00,4.3238876852442266e-08,1.2132956128569096e-06,9.60063862647673e-09,0.145853,11.469578,956.408545,0.0,7.25
ME01,2008-05-07 23:00:00+00:00,4.492999697916412e-08,4.0193286870766376e-07,6.32642968385002e-09,0.154885,11.173946,956.337021,0.0,7.25
ME01,2008-05-08 00:00:00+00:00,4.389196197274159e-08,4.084357020829553e-07,1.0394452021562711e-08,0.145853,10.473012,955.650391,0.0,7.0
ME01,2008-05-08 01:00:00+00:00,4.5962504978410914e-08,1.4015090356475142e-06,1.0405763280650508e-08,0.145853,10.353805,955.578867,0.0,7.0
ME01,2008-05-08 02:00:00+00:00,4.754567160798714e-08,3.061874979828622e-07,2.1197012196554814e-08,0.153881,10.225062,955.292771,1.229508,7.0
ME01,2008-05-08 03:00:00+00:00,4.720077953529416e-08,5.074992885496784e-07,4.0490602300094456e-08,0.158397,9.65287,955.307076,0.0,7.0
ME01,2008-05-08 04:00:00+00:00,4.665996974101115e-08,3.470340713164124e-07,3.4579762938613924e-08,0.157895,10.091551,955.435819,3.688525,7.0
ME01,2008-05-08 05:00:00+00:00,4.545287710835697e-08,1.083504241275167e-06,2.6152625228262564e-08,0.150369,12.718863,956.050925,2.04918,7.0
ME01,2008-05-08 06:00:00+00:00,1.7256897313489013e-07,1.9922696044628565e-07,1.4199762376824653e-06,0.149365,15.446309,956.666031,4.508197,6.75
ME01,2008-05-08 07:00:00+00:00,4.494024022920455e-08,1.8994770290226953e-07,3.371596282356955e-08,0.145351,16.304597,957.138089,27.04918,6.75
ME01,2008-05-08 08:00:00+00:00,4.646779252637453e-08,3.6545910942685465e-06,3.764418486621173e-08,0.153881,17.181957,957.71028,30.327869,6.75
ME01,2008-05-08 09:00:00+00:00,4.7822171868998525e-08,1.139938755231222e-06,3.285959896274555e-08,0.141839,16.957849,957.896243,71.721311,6.75
ME01,2008-05-08 10:00:00+00:00,4.6446581788394307e-08,2.4400390570235095e-06,2.925726831699703e-08,0.137825,17.916269,958.282472,74.180328,6.75
ME01,2008-05-08 11:00:00+00:00,7.237694761749706e-08,2.4294718706999663e-07,2.2384282581258907e-07,0.138327,18.245279,958.353996,30.737705,6.75
ME01,2008-05-08 12:00:00+00:00,6.224017256304565e-08,2.752987920842987e-07,4.45208352545893e-08,0.130299,18.107,958.053595,29.508197,6.5
ME01,2008-05-08 13:00:00+00:00,4.233263216318809e-08,1.8572566246157173e-07,3.849254360202605e-08,0.125783,18.660118,957.867633,50.409836,6.5
ME01,2008-05-08 14:00:00+00:00,4.48823699975646e-08,1.6267901861521227e-07,3.740667614017929e-08,0.117253,17.487126,957.352661,76.229508,6.5
ME01,2008-05-08 15:00:00+00:00,5.901485784390423e-08,1.444405441007064e-07,2.2289125558273533e-07,0.118256,17.42037,957.023651,35.245902,6.5
ME01,2008-05-08 16:00:00+00:00,3.9048742327819206e-08,1.7437507959856336e-06,2.664844700884737e-08,0.113741,17.186725,956.866298,1.639344,6.5
ME01,2008-05-08 17:00:00+00:00,4.203868587391883e-08,1.4352016906746277e-06,2.4910557251644345e-08,0.121769,16.495327,956.565897,0.819672,6.5
ME01,2008-05-08 18:00:00+00:00,4.2455970948007656e-08,1.388989738464576e-06,2.8885001829416803e-08,0.122271,13.462712,955.922182,0.0,6.25
ME01,2008-05-08 19:00:00+00:00,1.2036131404430157e-07,2.0591038273152592e-06,3.5635193401981185e-07,0.133309,12.356475,955.793439,0.0,6.25
ME01,2008-05-08 20:00:00+00:00,5.214685753358679e-08,4.96536318146088e-07,2.8809294137319646e-08,0.133811,12.01316,956.008011,0.0,6.25
ME01,2008-05-08 21:00:00+00:00,5.271378750758723e-08,4.031500807451076e-07,2.389239471663451e-08,0.141839,12.04177,956.022315,0.0,6.25
ME01,2008-05-08 22:00:00+00:00,5.183756188181993e-08,1.11563929095618e-06,1.630766302007764e-08,0.137825,11.512493,955.950792,0.0,6.25
ME01,2008-05-08 23:00:00+00:00,4.85929515345146e-08,1.7744008238732798e-06,2.3415791261239584e-08,0.138327,11.560175,955.793439,0.409836,6.25
ME01,2008-05-09 00:00:00+00:00,5.3114468061290654e-08,4.031576986122709e-07,2.487734464081884e-08,0.154383,11.57448,955.092504,0.409836,6.0
ME01,2008-05-09 01:00:00+00:00,5.7316984533161876e-08,4.2742208282519515e-07,7.311447740391529e-09,0.146355,10.444402,954.548922,0.0,6.0
ME01,2008-05-09 02:00:00+00:00,5.557669444110772e-08,2.458405967079151e-07,1.1426435643648474e-08,0.145853,10.01049,954.291436,0.0,6.0
ME01,2008-05-09 03:00:00+00:00,5.143257364531075e-08,1.3339341391106497e-06,3.147459172215813e-08,0.141337,9.962808,954.234217,0.0,6.0
ME01,2008-05-09 04:00:00+00:00,4.8563790765821887e-08,1.8948996496184634e-07,4.640443287533292e-08,0.153881,9.662407,953.905207,0.0,6.0
ME01,2008-05-09 05:00:00+00:00,5.0648496378977096e-08,1.5437857908626797e-07,4.998974770162363e-08,0.153881,12.01316,954.548922,0.0,6.0
ME01,2008-05-09 06:00:00+00:00,5.5206529782225654e-08,1.3767348343859564e-07,5.666717786736854e-08,0.140334,15.794393,955.178333,1.639344,5.875
ME01,2008-05-09 07:00:00+00:00,5.2803013874015374e-08,1.5283823260456323e-07,3.982080619704765e-08,0.149867,17.658783,955.664696,0.0,5.875
ME01,2008-05-09 08:00:00+00:00,5.786357871145972e-08,3.615428630458611e-06,3.7465050201954725e-08,0.140835,17.072287,955.907877,1.229508,5.875
ME01,2008-05-09 09:00:00+00:00,6.299350288909001e-08,1.7095882883724298e-06,5.4280873892559755e-08,0.136821,17.992562,955.478734,35.655738,5.875
ME01,2008-05-09 10:00:00+00:00,5.833931623046795e-08,1.6700330403515783e-06,3.752635341526076e-08,0.137825,18.416937,955.307076,66.803279,5.875
ME01,2008-05-09 11:00:00+00:00,5.615475378618047e-08,2.2267236761938576e-06,4.88703358090807e-08,0.132807,17.987793,955.421514,22.540984,5.875
ME01,2008-05-09 12:00:00+00:00,5.897356876234276e-08,8.084505279203246e-07,4.159003755716805e-08,0.133811,18.631509,955.3786,42.213115,5.75
ME01,2008-05-09 13:00:00+00:00,5.820484833592827e-08,5.765822321117417e-07,4.172720456280358e-08,0.125783,18.126073,955.092504,30.737705,5.75
ME01,2008-05-09 14:00:00+00:00,6.581759010838108e-08,8.372975317852484e-07,5.7749516701041745e-08,0.137825,18.278657,954.877932,18.032787,5.75
ME01,2008-05-09 15:00:00+00:00,5.905500940381323e-08,1.0463347115001878e-06,3.7114814085356065e-08,0.138327,17.353614,954.548922,22.131148,5.75
ME01,2008-05-09 16:00:00+00:00,6.514152667647593e-08,1.58357129905733e-06,2.8124837860897794e-08,0.146355,16.128171,953.733549,22.540984,5.75
ME01,2008-05-09 17:00:00+00:00,7.321001523326395e-08,1.2932472243150162e-06,3.988420043377892e-08,0.133811,14.344841,953.404539,22.540984,5.75
ME01,2008-05-09 18:00:00+00:00,1.0583582967903611e-07,2.7058012395242392e-06,4.079144260417577e-08,0.146355,12.709327,953.476063,2.868852,5.625
ME01,2008-05-09 19:00:00+00:00,1.1910607339156661e-07,2.9113797653441134e-06,3.127061467490418e-08,0.141839,12.637803,953.518978,8.606557,5.625
ME01,2008-05-09 20:00:00+00:00,1.1250629326428264e-07,4.760581094943884e-07,2.8348886868430185e-08,0.145853,12.737936,953.819378,2.868852,5.625
ME01,2008-05-09 21:00:00+00:00,9.929258760438804e-08,1.0886487015519536e-06,2.7806107826705323e-08,0.153379,13.16708,953.504673,18.442623,5.625
ME01,2008-05-09 22:00:00+00:00,8.475307622540147e-08,1.1599211281232366e-06,1.2090045863468727e-08,0.154383,13.391188,953.333015,19.262295,5.625
ME01,2008-05-09 23:00:00+00:00,7.110251120304661e-08,7.267101447701424e-07,1.093921605547443e-08,0.170439,12.494755,952.674995,8.606557,5.625
ME01,2008-05-10 00:00:00+00:00,7.102599034891923e-08,8.625992717166698e-07,2.8798672958250487e-08,0.162411,12.327866,952.045585,26.229508,5.5
ME01,2008-05-10 01:00:00+00:00,6.634199026389187e-08,7.333744648468999e-07,5.8419033242842046e-08,0.157895,12.451841,951.773794,31.147541,5.5
ME01,2008-05-10 02:00:00+00:00,6.461014126718294e-08,4.3192514226059316e-07,1.1426006215870924e-07,0.157895,12.418463,951.630746,16.803279,5.5
ME01,2008-05-10 03:00:00+00:00,6.808636703005837e-08,7.949461771465133e-07,2.175116124868623e-07,0.165923,12.61873,951.37326,29.098361,5.5
ME01,2008-05-10 04:00:00+00:00,6.815955207493593e-08,3.813521287498661e-07,7.650207170278081e-08,0.17345,11.908259,951.487698,19.262295,5.5
ME01,2008-05-10 05:00:00+00:00,6.984646223127935e-08,5.913633027060571e-07,4.127677395972718e-08,0.170941,12.051307,950.472058,38.114754,5.5
ME01,2008-05-10 06:00:00+00:00,7.483470843304506e-08,4.95891545099528e-07,9.327093038291865e-08,0.194523,13.13847,950.586496,50.0,5.375
ME01,2008-05-10 07:00:00+00:00,7.523334415371373e-08,3.4467157827099473e-06,2.7107368052275287e-08,0.178467,15.026702,950.98703,42.622951,5.375
ME01,2008-05-10 08:00:00+00:00,8.414852230064277e-08,1.984108554743561e-06,6.140879739675911e-08,0.191011,15.880221,950.858287,54.098361,5.375
ME01,2008-05-10 09:00:00+00:00,8.405204515011598e-08,2.62322534353105e-06,1.3169593135292764e-07,0.199541,15.870685,950.414839,72.95082,5.375
ME01,2008-05-10 10:00:00+00:00,8.121628635421979e-08,1.4271763343991194e-06,8.537585803229845e-08,0.182983,16.614534,950.872592,56.557377,5.375
ME01,2008-05-10 11:00:00+00:00,7.861785895014336e-08,7.52185261313493e-07,1.3412511799004953e-07,0.199541,16.676521,951.101469,71.721311,5.375
ME01,2008-05-10 12:00:00+00:00,8.410175146463676e-08,1.0522481416725013e-06,1.4306255217038674e-07,0.183485,16.557315,950.758154,72.540984,5.25
ME01,2008-05-10 13:00:00+00:00,8.298324839037273e-08,5.807377354238076e-07,3.5794926786790184e-08,0.178969,16.600229,950.400534,53.278689,5.25
ME01,2008-05-10 14:00:00+00:00,2.442415134457022e-07,7.756016234041404e-07,3.43372980282984e-08,0.178969,15.203128,950.143048,62.704918,5.25
ME01,2008-05-10 15:00:00+00:00,1.8975228959784767e-07,9.671621066842404e-07,2.3031428680654812e-08,0.179471,14.607095,950.257486,66.803279,5.25
ME01,2008-05-10 16:00:00+00:00,1.649592136388853e-07,8.186118972229543e-07,2.2870968494194712e-08,0.175958,14.011062,950.472058,35.245902,5.25
ME01,2008-05-10 17:00:00+00:00,1.5137363272869657e-07,2.196792649913527e-06,4.461620546853237e-08,0.170941,13.767881,950.65802,7.786885,5.25
ME01,2008-05-10 18:00:00+00:00,9.259640761801869e-08,1.8603227206107318e-06,2.4314137349881354e-08,0.174955,13.376883,950.929811,33.196721,5.125
ME01,2008-05-10 19:00:00+00:00,8.170615833017145e-08,1.383765857506123e-06,1.7120874632641753e-08,0.158397,13.066946,951.759489,25.0,5.125
ME01,2008-05-10 20:00:00+00:00,1.538374240000861e-07,1.1290107416009983e-06,2.606422982038461e-07,0.154383,13.391188,952.045585,2.459016,5.125
ME01,2008-05-10 21:00:00+00:00,7.952229085689872e-08,1.6943762478519059e-06,1.6218553375063288e-08,0.165923,12.761778,952.403204,32.786885,5.125
ME01,2008-05-10 22:00:00+00:00,7.867363313104387e-08,5.673851389277137e-07,1.5364239893967272e-08,0.174955,11.522029,952.288766,30.737705,5.125
ME01,2008-05-10 23:00:00+00:00,8.12227442670957e-08,6.310419904527359e-07,9.172540833071724e-09,0.170941,11.202556,952.517643,21.311475,5.125
ME01,2008-05-11 00:00:00+00:00,8.285137431403889e-08,6.43115124195086e-07,1.015945161952113e-08,0.170439,10.959374,952.474728,44.262295,5.0
ME01,2008-05-11 01:00:00+00:00,8.315527680034269e-08,4.30500979396136e-07,1.0422863112328991e-08,0.186997,10.363342,952.303071,38.934426,5.0
ME01,2008-05-11 02:00:00+00:00,7.75687124819583e-08,4.5054810893314956e-07,1.2152683874884275e-08,0.191011,10.358573,952.202937,60.655738,5.0
ME01,2008-05-11 03:00:00+00:00,7.20467395848363e-08,4.397320937534048e-07,1.9107892108195565e-08,0.178467,10.267976,952.417509,38.934426,5.0
ME01,2008-05-11 04:00:00+00:00,7.133015427830642e-08,3.822507184041445e-07,4.253301306702775e-08,0.178467,10.644669,952.546252,26.229508,5.0
ME01,2008-05-11 05:00:00+00:00,6.967581477915144e-08,3.8014917996453586e-07,2.6963770103391e-08,0.178467,10.949838,952.875262,27.868852,5.0
ME01,2008-05-11 06:00:00+00:00,6.747652331730039e-08,4.1406996215934164e-07,2.2814066476858082e-08,0.179471,11.359908,953.461759,22.95082,4.5625
ME01,2008-05-11 07:00:00+00:00,6.707444195510096e-08,3.779105565471027e-06,2.5030546672468786e-08,0.169937,11.90349,953.67633,0.409836,4.5625
ME01,2008-05-11 08:00:00+00:00,6.395015374704785e-08,8.950141540610974e-07,5.21749038514468e-08,0.170941,11.893954,953.819378,17.213115,4.5625
ME01,2008-05-11 09:00:00+00:00,6.201654351759121e-08,1.2593025739795998e-06,8.914349266900035e-08,0.169937,15.250811,954.935152,12.295082,4.5625
ME01,2008-05-11 10:00:00+00:00,5.80093802606404e-08,1.6823153032554665e-06,6.556431668372795e-08,0.182983,12.442304,954.992371,12.295082,4.5625
ME01,2008-05-11 11:00:00+00:00,7.956383292883941e-08,1.9082490744447937e-06,2.298243013285688e-07,0.174453,12.160977,954.763494,13.934426,4.5625
ME01,2008-05-11 12:00:00+00:00,7.414398951469035e-08,1.653097040855916e-06,2.4364517863875386e-07,0.166425,14.259012,955.235552,21.311475,4.125
ME01,2008-05-11 13:00:00+00:00,5.30962565323634e-08,7.831619072621948e-07,7.599173906347043e-08,0.170439,12.580584,954.935152,6.147541,4.125
ME01,2008-05-11 14:00:00+00:00,7.056342879240166e-08,1.8292623671913523e-06,2.644124941429823e-07,0.174955,12.652108,954.620446,10.655738,4.125
ME01,2008-05-11 15:00:00+00:00,5.887328333130909e-08,3.9562798280813274e-07,1.066706600373251e-07,0.162411,12.690254,954.763494,4.508197,4.125
ME01,2008-05-11 16:00:00+00:00,5.360406648355448e-08,4.1405293693781263e-07,3.650093638365978e-08,0.162411,12.389853,955.02098,0.0,4.125
ME01,2008-05-11 17:00:00+00:00,6.194758929527717e-08,1.208257985609776e-06,9.732977073990766e-08,0.170439,12.118062,954.963761,3.278689,4.125
ME01,2008-05-11 18:00:00+00:00,7.408357447956278e-08,4.131889688332828e-06,1.094982573970174e-07,0.158397,12.046538,955.063895,0.0,3.6875
ME01,2008-05-11 19:00:00+00:00,7.519298408700387e-08,8.285882057407474e-07,2.1944264700310697e-08,0.161909,11.736601,955.135419,0.819672,3.6875
ME01,2008-05-11 20:00:00+00:00,7.35650546731887e-08,4.860999972170676e-07,1.2321119275308899e-08,0.170941,11.707992,955.364295,0.409836,3.6875
ME01,2008-05-11 21:00:00+00:00,6.499335500712686e-08,4.812729283820941e-07,5.219905412237668e-08,0.166927,11.407591,955.34999,0.0,3.6875
ME01,2008-05-11 22:00:00+00:00,5.857753735009951e-08,4.461843763366256e-07,2.5831759063092555e-08,0.166927,11.407591,955.34999,0.0,3.6875
ME01,2008-05-11 23:00:00+00:00,5.164922522677067e-08,6.427067183447648e-07,1.144493797575102e-08,0.166927,11.27408,954.577532,0.409836,3.6875
ME01,2008-05-12 00:00:00+00:00,4.857017538782785e-08,4.288079805684241e-07,2.254723901078227e-08,0.169937,11.336067,954.434484,0.0,3.25
ME01,2008-05-12 01:00:00+00:00,4.783342568402643e-08,8.144125416146598e-07,1.1131089937261995e-08,0.182983,11.731833,953.919512,0.409836,3.25
ME01,2008-05-12 02:00:00+00:00,4.609762915905524e-08,1.141142215449261e-06,1.2068574249622127e-08,0.174453,11.831966,954.191303,0.0,3.25
ME01,2008-05-12 03:00:00+00:00,4.160777681698925e-08,9.307703355600116e-07,2.9305158868969556e-08,0.174955,11.731833,953.819378,2.04918,3.25
ME01,2008-05-12 04:00:00+00:00,4.393223585258136e-08,3.9736857745795275e-07,3.422518982445814e-08,0.166425,11.665077,953.762159,2.459016,3.25
ME01,2008-05-12 05:00:00+00:00,4.639395103616144e-08,4.864457521084392e-07,2.762246938384039e-08,0.162411,13.243372,954.463094,0.0,3.25
ME01,2008-05-12 06:00:00+00:00,3.095937240910519e-07,2.3136857591849853e-05,5.895445497042634e-08,0.162411,15.532138,955.307076,9.016393,4.2625
ME01,2008-05-12 07:00:00+00:00,5.900133772657321e-08,4.7174805922031895e-05,2.7552214154908962e-08,0.166425,16.714667,955.550257,18.032787,4.2625
ME01,2008-05-12 08:00:00+00:00,5.435982574518238e-08,1.051489233372653e-05,3.257946662125308e-08,0.163415,17.258249,956.022315,32.377049,4.2625
ME01,2008-05-12 09:00:00+00:00,5.24407226337186e-08,4.043665083014376e-06,4.836747939973304e-08,0.174955,16.366584,955.764829,42.622951,4.2625
ME01,2008-05-12 10:00:00+00:00,5.4395585085617676e-08,1.971179078321546e-06,7.586338727038078e-08,0.166927,17.358383,955.836353,52.868852,4.2625
ME01,2008-05-12 11:00:00+00:00,5.922329061355441e-08,5.623146123810134e-07,7.104061506005309e-08,0.191513,16.171085,955.40721,57.786885,4.2625
ME01,2008-05-12 12:00:00+00:00,5.449134718280554e-08,4.56938876233176e-07,4.0577241343065424e-08,0.163415,14.444974,955.507343,32.786885,5.275
ME01,2008-05-12 13:00:00+00:00,5.8666158975385353e-08,6.702349943959052e-07,1.2696977889245694e-07,0.166927,15.536906,955.149723,34.016393,5.275
ME01,2008-05-12 14:00:00+00:00,5.3811310934731116e-08,3.211713702225657e-07,5.1923216360863244e-08,0.162913,16.204463,954.877932,40.983607,5.275
ME01,2008-05-12 15:00:00+00:00,5.817461509580849e-08,3.029063143784103e-07,3.907673962163064e-08,0.167429,15.899294,954.72058,37.295082,5.275
ME01,2008-05-12 16:00:00+00:00,5.897370527404685e-08,9.383928554370549e-07,9.925468821515422e-08,0.167429,15.131604,954.320046,19.262295,5.275
ME01,2008-05-12 17:00:00+00:00,8.12253611533391e-08,2.5522700110885686e-06,2.3156518658964037e-07,0.162913,13.782186,954.076864,29.918033,5.275
ME01,2008-05-12 18:00:00+00:00,7.722143076212712e-08,5.256762984992017e-06,7.200498087538742e-08,0.183485,12.413694,953.662026,42.213115,6.2875
ME01,2008-05-12 19:00:00+00:00,8.59901814098021e-08,2.8472902474896966e-06,2.4865302777107663e-08,0.154885,13.086019,954.148388,13.934426,6.2875
ME01,2008-05-12 20:00:00+00:00,7.276339809443618e-08,6.577666857699101e-07,6.120186478961068e-08,0.179973,12.957276,953.991036,33.196721,6.2875
ME01,2008-05-12 21:00:00+00:00,6.547313899805411e-08,1.4656746277508991e-06,5.0795116799041414e-08,0.171443,12.494755,953.733549,22.95082,6.2875
ME01,2008-05-12 22:00:00+00:00,6.342889022835895e-08,3.5615545335908835e-07,2.2994236883039484e-08,0.175457,12.571047,953.175663,27.459016,6.2875
ME01,2008-05-12 23:00:00+00:00,6.412254823294711e-08,1.517956511911718e-06,1.045087844232883e-07,0.170941,12.551974,953.418844,1.229508,6.2875
ME01,2008-05-13 00:00:00+00:00,6.621593006030181e-08,2.80708304410804e-07,6.857882075871574e-08,0.174955,12.833302,953.061224,14.754098,7.3
ME01,2008-05-13 01:00:00+00:00,7.025050916887648e-08,3.0582518531655764e-07,9.714280389778212e-08,0.178969,12.652108,952.531947,31.557377,7.3
ME01,2008-05-13 02:00:00+00:00,6.692973947720637e-08,2.520813730812818e-07,2.1021576506405105e-08,0.182983,12.199123,952.274461,8.606557,7.3
ME01,2008-05-13 03:00:00+00:00,8.967996787009834e-08,1.080115140988423e-06,1.5581696198974714e-07,0.179471,12.027465,951.845318,22.131148,7.3
ME01,2008-05-13 04:00:00+00:00,1.1711499963714817e-07,8.275059791493817e-07,2.1885268765613505e-07,0.186495,12.037002,951.816708,22.95082,7.3
ME01,2008-05-13 05:00:00+00:00,9.120988505464895e-08,2.7746056216138124e-07,2.5946276568358475e-07,0.179471,12.551974,951.988365,37.704918,7.3
ME01,2008-05-13 06:00:00+00:00,1.202663857181763e-07,2.6141599499230433e-07,3.226441635488916e-07,0.192015,13.49609,952.117109,14.754098,8.55
ME01,2008-05-13 07:00:00+00:00,1.4584198725848494e-07,5.174048146790851e-07,4.5670883626224937e-07,0.198537,13.310128,952.160023,27.868852,8.55
ME01,2008-05-13 08:00:00+00:00,1.2904879917178891e-07,4.064246409657627e-06,4.5872031464134486e-07,0.183987,14.435438,952.33168,26.639344,8.55
ME01,2008-05-13 09:00:00+00:00,1.24181282900444e-06,8.070913530042362e-06,1.0743783222572996e-07,0.186997,13.829868,951.730879,32.377049,8.55
ME01,2008-05-13 10:00:00+00:00,8.948114409257752e-07,7.00153778913689e-06,1.4156020622128245e-07,0.183485,14.311463,951.916842,52.04918,8.55
ME01,2008-05-13 11:00:00+00:00,7.533257565584907e-07,3.850955209318295e-06,6.564885386771391e-08,0.192015,13.63437,951.516307,39.754098,8.55
ME01,2008-05-13 12:00:00+00:00,8.75215680810921e-07,1.0492515588452778e-05,1.0650614330069736e-07,0.178969,13.047873,951.401869,9.836066,9.8
ME01,2008-05-13 13:00:00+00:00,6.183053863070789e-07,6.133618734918137e-06,1.0842365539254514e-07,0.178969,13.047873,951.401869,9.836066,9.8
ME01,2008-05-13 14:00:00+00:00,1.9712289220115925e-07,9.815358726300792e-07,4.801178730661541e-08,0.183485,12.518596,950.872592,57.786885,9.8
ME01,2008-05-13 15:00:00+00:00,1.5936934961980633e-07,2.130451962053253e-06,4.7865258685536436e-08,0.163415,12.246805,951.330345,3.688525,9.8
ME01,2008-05-13 16:00:00+00:00,1.382766123424684e-07,3.2174962022400853e-07,3.727292644364152e-08,0.170941,11.951173,951.258821,8.196721,9.8
ME01,2008-05-13 17:00:00+00:00,1.2919289444676565e-07,1.1373237893410725e-06,4.5212032698226105e-08,0.170941,11.846271,951.459088,36.885246,9.8
ME01,2008-05-13 18:00:00+00:00,1.2237781827045184e-07,1.5737518073089672e-06,2.6472221739066665e-08,0.166927,11.817662,951.974061,16.393443,11.05
ME01,2008-05-13 19:00:00+00:00,1.1876059576852738e-07,9.709283464122706e-07,2.8909922733066054e-08,0.162913,11.955941,952.388899,25.409836,11.05
ME01,2008-05-13 20:00:00+00:00,1.1598160843547416e-07,4.501468332669987e-07,6.096346710647584e-08,0.178467,12.15144,952.760824,14.344262,11.05
ME01,2008-05-13 21:00:00+00:00,2.821447253171074e-07,2.232913986334545e-06,9.66704912998539e-08,0.175457,12.04177,952.803738,10.655738,11.05
ME01,2008-05-13 22:00:00+00:00,9.973709949509067e-08,4.407507520070221e-07,6.129119808376724e-08,0.182983,12.037002,952.546252,0.0,11.05
ME01,2008-05-13 23:00:00+00:00,8.747581193004461e-08,4.529372915064412e-07,4.9631852805660294e-08,0.183485,11.979783,951.974061,0.0,11.05
