network,station,location,channel,date,ok,n_traces,coverage_fraction,sample_rates,error,distance_km,lat,lon,metadata_start_date,metadata_end_date
IV,ESLN,,BHZ,2008-04-12,True,1,1.0,20.0,,6.44527795642232,37.6934,14.9744,2005-07-10,open/unknown
IV,ESLN,,BHZ,2008-04-13,True,1,1.0,20.0,,6.44527795642232,37.6934,14.9744,2005-07-10,open/unknown
IV,ESLN,,BHZ,2008-04-14,True,1,1.0,20.0,,6.44527795642232,37.6934,14.9744,2005-07-10,open/unknown
IV,ESLN,,BHZ,2008-04-15,True,1,1.0,20.0,,6.44527795642232,37.6934,14.9744,2005-07-10,open/unknown
IV,ESLN,,BHZ,2008-04-16,True,1,1.0,20.0,,6.44527795642232,37.6934,14.9744,2005-07-10,open/unknown
IV,ESLN,,BHZ,2008-04-17,True,1,1.0,20.0,,6.44527795642232,37.6934,14.9744,2005-07-10,open/unknown
IV,ESLN,,BHZ,2008-04-18,True,1,1.0,20.0,,6.44527795642232,37.6934,14.9744,2005-07-10,open/unknown
IV,ESLN,,BHZ,2008-04-19,True,1,1.0,20.0,,6.44527795642232,37.6934,14.9744,2005-07-10,open/unknown
IV,ESLN,,BHZ,2008-04-20,True,1,1.0,20.0,,6.44527795642232,37.6934,14.9744,2005-07-10,open/unknown
IV,ESLN,,BHZ,2008-04-21,True,1,1.0,20.0,,6.44527795642232,37.6934,14.9744,2005-07-10,open/unknown
IV,ESLN,,BHZ,2008-04-22,True,1,1.0,20.0,,6.44527795642232,37.6934,14.9744,2005-07-10,open/unknown
IV,ESLN,,BHZ,2008-04-23,True,1,1.0,20.0,,6.44527795642232,37.6934,14.9744,2005-07-10,open/unknown
IV,ESLN,,BHZ,2008-04-24,True,1,1.0,20.0,,6.44527795642232,37.6934,14.9744,2005-07-10,open/unknown
IV,ESLN,,BHZ,2008-04-25,True,1,1.0,20.0,,6.44527795642232,37.6934,14.9744,2005-07-10,open/unknown
IV,ESLN,,BHZ,2008-04-26,True,1,0.9999166666666668,20.0,,6.44527795642232,37.6934,14.9744,2005-07-10,open/unknown
IV,ESLN,,BHZ,2008-04-27,True,1,1.0,20.0,,6.44527795642232,37.6934,14.9744,2005-07-10,open/unknown
IV,ESLN,,BHZ,2008-04-28,True,1,1.0,20.0,,6.44527795642232,37.6934,14.9744,2005-07-10,open/unknown
IV,ESLN,,BHZ,2008-04-29,True,1,1.0,20.0,,6.44527795642232,37.6934,14.9744,2005-07-10,open/unknown
IV,ESLN,,BHZ,2008-04-30,True,1,1.0,20.0,,6.44527795642232,37.6934,14.9744,2005-07-10,open/unknown
IV,ESLN,,BHZ,2008-05-01,True,1,1.0,20.0,,6.44527795642232,37.6934,14.9744,2005-07-10,open/unknown
IV,ESLN,,BHZ,2008-05-02,True,1,0.9999166666666668,20.0,,6.44527795642232,37.6934,14.9744,2005-07-10,open/unknown
IV,ESLN,,BHZ,2008-05-03,True,1,1.0,20.0,,6.44527795642232,37.6934,14.9744,2005-07-10,open/unknown
IV,ESLN,,BHZ,2008-05-04,True,1,1.0,20.0,,6.44527795642232,37.6934,14.9744,2005-07-10,open/unknown
IV,ESLN,,BHZ,2008-05-05,True,1,1.0,20.0,,6.44527795642232,37.6934,14.9744,2005-07-10,open/unknown
IV,ESLN,,BHZ,2008-05-06,True,1,0.9999166666666668,20.0,,6.44527795642232,37.6934,14.9744,2005-07-10,open/unknown
IV,ESLN,,BHZ,2008-05-07,True,1,1.0,20.0,,6.44527795642232,37.6934,14.9744,2005-07-10,open/unknown
IV,ESLN,,BHZ,2008-05-08,True,1,1.0,20.0,,6.44527795642232,37.6934,14.9744,2005-07-10,open/unknown
IV,ESLN,,BHZ,2008-05-09,True,1,1.0,20.0,,6.44527795642232,37.6934,14.9744,2005-07-10,open/unknown
IV,ESLN,,BHZ,2008-05-10,True,1,0.9999166666666668,20.0,,6.44527795642232,37.6934,14.9744,2005-07-10,open/unknown
IV,ESLN,,BHZ,2008-05-11,True,1,1.0,20.0,,6.44527795642232,37.6934,14.9744,2005-07-10,open/unknown
IV,ESLN,,BHZ,2008-05-12,True,1,1.0,20.0,,6.44527795642232,37.6934,14.9744,2005-07-10,open/unknown
IV,ESLN,,BHZ,2008-05-13,True,1,1.0,20.0,,6.44527795642232,37.6934,14.9744,2005-07-10,open/unknown
IV,ESLN,,HHZ,2008-04-12,True,1,1.0,100.0,,6.44527795642232,37.6934,14.9744,2005-07-10,open/unknown
IV,ESLN,,HHZ,2008-04-13,True,1,1.0,100.0,,6.44527795642232,37.6934,14.9744,2005-07-10,open/unknown
IV,ESLN,,HHZ,2008-04-14,True,1,1.0,100.0,,6.44527795642232,37.6934,14.9744,2005-07-10,open/unknown
IV,ESLN,,HHZ,2008-04-15,True,1,1.0,100.0,,6.44527795642232,37.6934,14.9744,2005-07-10,open/unknown
IV,ESLN,,HHZ,2008-04-16,True,1,1.0,100.0,,6.44527795642232,37.6934,14.9744,2005-07-10,open/unknown
IV,ESLN,,HHZ,2008-04-17,True,1,1.0,100.0,,6.44527795642232,37.6934,14.9744,2005-07-10,open/unknown
IV,ESLN,,HHZ,2008-04-18,True,1,1.0,100.0,,6.44527795642232,37.6934,14.9744,2005-07-10,open/unknown
IV,ESLN,,HHZ,2008-04-19,True,1,1.0,100.0,,6.44527795642232,37.6934,14.9744,2005-07-10,open/unknown
IV,ESLN,,HHZ,2008-04-20,True,1,1.0,100.0,,6.44527795642232,37.6934,14.9744,2005-07-10,open/unknown
IV,ESLN,,HHZ,2008-04-21,True,1,1.0,100.0,,6.44527795642232,37.6934,14.9744,2005-07-10,open/unknown
IV,ESLN,,HHZ,2008-04-22,True,1,1.0,100.0,,6.44527795642232,37.6934,14.9744,2005-07-10,open/unknown
IV,ESLN,,HHZ,2008-04-23,True,1,1.0,100.0,,6.44527795642232,37.6934,14.9744,2005-07-10,open/unknown
IV,ESLN,,HHZ,2008-04-24,True,1,1.0,100.0,,6.44527795642232,37.6934,14.9744,2005-07-10,open/unknown
IV,ESLN,,HHZ,2008-04-25,True,1,1.0,100.0,,6.44527795642232,37.6934,14.9744,2005-07-10,open/unknown
IV,ESLN,,HHZ,2008-04-26,True,1,1.0,100.0,,6.44527795642232,37.6934,14.9744,2005-07-10,open/unknown
IV,ESLN,,HHZ,2008-04-27,True,1,1.0,100.0,,6.44527795642232,37.6934,14.9744,2005-07-10,open/unknown
IV,ESLN,,HHZ,2008-04-28,True,1,1.0,100.0,,6.44527795642232,37.6934,14.9744,2005-07-10,open/unknown
IV,ESLN,,HHZ,2008-04-29,True,1,1.0,100.0,,6.44527795642232,37.6934,14.9744,2005-07-10,open/unknown
IV,ESLN,,HHZ,2008-04-30,True,1,1.0,100.0,,6.44527795642232,37.6934,14.9744,2005-07-10,open/unknown
IV,ESLN,,HHZ,2008-05-01,True,1,1.0,100.0,,6.44527795642232,37.6934,14.9744,2005-07-10,open/unknown
IV,ESLN,,HHZ,2008-05-02,True,1,1.0,100.0,,6.44527795642232,37.6934,14.9744,2005-07-10,open/unknown
IV,ESLN,,HHZ,2008-05-03,True,1,1.0,100.0,,6.44527795642232,37.6934,14.9744,2005-07-10,open/unknown
IV,ESLN,,HHZ,2008-05-04,True,1,1.0,100.0,,6.44527795642232,37.6934,14.9744,2005-07-10,open/unknown
IV,ESLN,,HHZ,2008-05-05,True,1,1.0,100.0,,6.44527795642232,37.6934,14.9744,2005-07-10,open/unknown
IV,ESLN,,HHZ,2008-05-06,True,1,1.0,100.0,,6.44527795642232,37.6934,14.9744,2005-07-10,open/unknown
IV,ESLN,,HHZ,2008-05-07,True,1,1.0,100.0,,6.44527795642232,37.6934,14.9744,2005-07-10,open/unknown
IV,ESLN,,HHZ,2008-05-08,True,1,1.0,100.0,,6.44527795642232,37.6934,14.9744,2005-07-10,open/unknown
IV,ESLN,,HHZ,2008-05-09,True,1,1.0,100.0,,6.44527795642232,37.6934,14.9744,2005-07-10,open/unknown
IV,ESLN,,HHZ,2008-05-10,True,1,1.0,100.0,,6.44527795642232,37.6934,14.9744,2005-07-10,open/unknown
IV,ESLN,,HHZ,2008-05-11,True,1,1.0,100.0,,6.44527795642232,37.6934,14.9744,2005-07-10,open/unknown
IV,ESLN,,HHZ,2008-05-12,True,1,1.0,100.0,,6.44527795642232,37.6934,14.9744,2005-07-10,open/unknown
IV,ESLN,,HHZ,2008-05-13,True,1,1.0,100.0,,6.44527795642232,37.6934,14.9744,2005-07-10,open/unknown
IV,ESLN,,LHZ,2008-04-12,True,1,1.0,1.0,,6.44527795642232,37.6934,14.9744,2005-07-10,open/unknown
IV,ESLN,,LHZ,2008-04-13,True,1,1.0,1.0,,6.44527795642232,37.6934,14.9744,2005-07-10,open/unknown
IV,ESLN,,LHZ,2008-04-14,True,1,1.0,1.0,,6.44527795642232,37.6934,14.9744,2005-07-10,open/unknown
IV,ESLN,,LHZ,2008-04-15,True,1,1.0,1.0,,6.44527795642232,37.6934,14.9744,2005-07-10,open/unknown
IV,ESLN,,LHZ,2008-04-16,True,1,1.0,1.0,,6.44527795642232,37.6934,14.9744,2005-07-10,open/unknown
IV,ESLN,,LHZ,2008-04-17,True,1,1.0,1.0,,6.44527795642232,37.6934,14.9744,2005-07-10,open/unknown
IV,ESLN,,LHZ,2008-04-18,True,1,1.0,1.0,,6.44527795642232,37.6934,14.9744,2005-07-10,open/unknown
IV,ESLN,,LHZ,2008-04-19,True,1,1.0,1.0,,6.44527795642232,37.6934,14.9744,2005-07-10,open/unknown
IV,ESLN,,LHZ,2008-04-20,True,1,1.0,1.0,,6.44527795642232,37.6934,14.9744,2005-07-10,open/unknown
IV,ESLN,,LHZ,2008-04-21,True,1,1.0,1.0,,6.44527795642232,37.6934,14.9744,2005-07-10,open/unknown
IV,ESLN,,LHZ,2008-04-22,True,1,1.0,1.0,,6.44527795642232,37.6934,14.9744,2005-07-10,open/unknown
IV,ESLN,,LHZ,2008-04-23,True,1,1.0,1.0,,6.44527795642232,37.6934,14.9744,2005-07-10,open/unknown
IV,ESLN,,LHZ,2008-04-24,True,1,1.0,1.0,,6.44527795642232,37.6934,14.9744,2005-07-10,open/unknown
IV,ESLN,,LHZ,2008-04-25,True,1,1.0,1.0,,6.44527795642232,37.6934,14.9744,2005-07-10,open/unknown
IV,ESLN,,LHZ,2008-04-26,True,1,1.0,1.0,,6.44527795642232,37.6934,14.9744,2005-07-10,open/unknown
IV,ESLN,,LHZ,2008-04-27,True,1,1.0,1.0,,6.44527795642232,37.6934,14.9744,2005-07-10,open/unknown
IV,ESLN,,LHZ,2008-04-28,True,1,1.0,1.0,,6.44527795642232,37.6934,14.9744,2005-07-10,open/unknown
IV,ESLN,,LHZ,2008-04-29,True,1,1.0,1.0,,6.44527795642232,37.6934,14.9744,2005-07-10,open/unknown
IV,ESLN,,LHZ,2008-04-30,True,1,1.0,1.0,,6.44527795642232,37.6934,14.9744,2005-07-10,open/unknown
IV,ESLN,,LHZ,2008-05-01,True,1,1.0,1.0,,6.44527795642232,37.6934,14.9744,2005-07-10,open/unknown
IV,ESLN,,LHZ,2008-05-02,True,1,1.0,1.0,,6.44527795642232,37.6934,14.9744,2005-07-10,open/unknown
IV,ESLN,,LHZ,2008-05-03,True,1,1.0,1.0,,6.44527795642232,37.6934,14.9744,2005-07-10,open/unknown
IV,ESLN,,LHZ,2008-05-04,True,1,1.0,1.0,,6.44527795642232,37.6934,14.9744,2005-07-10,open/unknown
IV,ESLN,,LHZ,2008-05-05,True,1,1.0,1.0,,6.44527795642232,37.6934,14.9744,2005-07-10,open/unknown
IV,ESLN,,LHZ,2008-05-06,True,1,1.0,1.0,,6.44527795642232,37.6934,14.9744,2005-07-10,open/unknown
IV,ESLN,,LHZ,2008-05-07,True,1,1.0,1.0,,6.44527795642232,37.6934,14.9744,2005-07-10,open/unknown
IV,ESLN,,LHZ,2008-05-08,True,1,1.0,1.0,,6.44527795642232,37.6934,14.9744,2005-07-10,open/unknown
IV,ESLN,,LHZ,2008-05-09,True,1,1.0,1.0,,6.44527795642232,37.6934,14.9744,2005-07-10,open/unknown
IV,ESLN,,LHZ,2008-05-10,True,1,1.0,1.0,,6.44527795642232,37.6934,14.9744,2005-07-10,open/unknown
IV,ESLN,,LHZ,2008-05-11,True,1,1.0,1.0,,6.44527795642232,37.6934,14.9744,2005-07-10,open/unknown
IV,ESLN,,LHZ,2008-05-12,True,1,1.0,1.0,,6.44527795642232,37.6934,14.9744,2005-07-10,open/unknown
IV,ESLN,,LHZ,2008-05-13,True,1,1.0,1.0,,6.44527795642232,37.6934,14.9744,2005-07-10,open/unknown
IV,ESLN,,VHZ,2008-04-12,True,1,1.0,0.1,,6.44527795642232,37.6934,14.9744,2005-07-10,open/unknown
IV,ESLN,,VHZ,2008-04-13,True,1,1.0,0.1,,6.44527795642232,37.6934,14.9744,2005-07-10,open/unknown
IV,ESLN,,VHZ,2008-04-14,True,1,1.0,0.1,,6.44527795642232,37.6934,14.9744,2005-07-10,open/unknown
IV,ESLN,,VHZ,2008-04-15,True,1,1.0,0.1,,6.44527795642232,37.6934,14.9744,2005-07-10,open/unknown
IV,ESLN,,VHZ,2008-04-16,True,1,1.0,0.1,,6.44527795642232,37.6934,14.9744,2005-07-10,open/unknown
IV,ESLN,,VHZ,2008-04-17,True,1,1.0,0.1,,6.44527795642232,37.6934,14.9744,2005-07-10,open/unknown
IV,ESLN,,VHZ,2008-04-18,True,1,1.0,0.1,,6.44527795642232,37.6934,14.9744,2005-07-10,open/unknown
IV,ESLN,,VHZ,2008-04-19,True,1,1.0,0.1,,6.44527795642232,37.6934,14.9744,2005-07-10,open/unknown
IV,ESLN,,VHZ,2008-04-20,True,1,1.0,0.1,,6.44527795642232,37.6934,14.9744,2005-07-10,open/unknown
IV,ESLN,,VHZ,2008-04-21,True,1,1.0,0.1,,6.44527795642232,37.6934,14.9744,2005-07-10,open/unknown
IV,ESLN,,VHZ,2008-04-22,True,1,1.0,0.1,,6.44527795642232,37.6934,14.9744,2005-07-10,open/unknown
IV,ESLN,,VHZ,2008-04-23,True,1,1.0,0.1,,6.44527795642232,37.6934,14.9744,2005-07-10,open/unknown
IV,ESLN,,VHZ,2008-04-24,True,1,1.0,0.1,,6.44527795642232,37.6934,14.9744,2005-07-10,open/unknown
IV,ESLN,,VHZ,2008-04-25,True,1,1.0,0.1,,6.44527795642232,37.6934,14.9744,2005-07-10,open/unknown
IV,ESLN,,VHZ,2008-04-26,True,1,1.0,0.1,,6.44527795642232,37.6934,14.9744,2005-07-10,open/unknown
IV,ESLN,,VHZ,2008-04-27,True,1,1.0,0.1,,6.44527795642232,37.6934,14.9744,2005-07-10,open/unknown
IV,ESLN,,VHZ,2008-04-28,True,1,1.0,0.1,,6.44527795642232,37.6934,14.9744,2005-07-10,open/unknown
IV,ESLN,,VHZ,2008-04-29,True,1,1.0,0.1,,6.44527795642232,37.6934,14.9744,2005-07-10,open/unknown
IV,ESLN,,VHZ,2008-04-30,True,1,1.0,0.1,,6.44527795642232,37.6934,14.9744,2005-07-10,open/unknown
IV,ESLN,,VHZ,2008-05-01,True,1,1.0,0.1,,6.44527795642232,37.6934,14.9744,2005-07-10,open/unknown
IV,ESLN,,VHZ,2008-05-02,True,1,1.0,0.1,,6.44527795642232,37.6934,14.9744,2005-07-10,open/unknown
IV,ESLN,,VHZ,2008-05-03,True,1,1.0,0.1,,6.44527795642232,37.6934,14.9744,2005-07-10,open/unknown
IV,ESLN,,VHZ,2008-05-04,True,1,1.0,0.1,,6.44527795642232,37.6934,14.9744,2005-07-10,open/unknown
IV,ESLN,,VHZ,2008-05-05,True,1,1.0,0.1,,6.44527795642232,37.6934,14.9744,2005-07-10,open/unknown
IV,ESLN,,VHZ,2008-05-06,True,1,1.0,0.1,,6.44527795642232,37.6934,14.9744,2005-07-10,open/unknown
IV,ESLN,,VHZ,2008-05-07,True,1,1.0,0.1,,6.44527795642232,37.6934,14.9744,2005-07-10,open/unknown
IV,ESLN,,VHZ,2008-05-08,True,1,1.0,0.1,,6.44527795642232,37.6934,14.9744,2005-07-10,open/unknown
IV,ESLN,,VHZ,2008-05-09,True,1,1.0,0.1,,6.44527795642232,37.6934,14.9744,2005-07-10,open/unknown
IV,ESLN,,VHZ,2008-05-10,True,1,1.0,0.1,,6.44527795642232,37.6934,14.9744,2005-07-10,open/unknown
IV,ESLN,,VHZ,2008-05-11,True,1,1.0,0.1,,6.44527795642232,37.6934,14.9744,2005-07-10,open/unknown
IV,ESLN,,VHZ,2008-05-12,True,1,1.0,0.1,,6.44527795642232,37.6934,14.9744,2005-07-10,open/unknown
IV,ESLN,,VHZ,2008-05-13,True,1,1.0,0.1,,6.44527795642232,37.6934,14.9744,2005-07-10,open/unknown
IV,ECTS,,HHZ,2008-04-12,True,1,1.0,100.0,,18.409269603087928,37.8825,15.1212,2007-07-18,2019-12-23
IV,ECTS,,HHZ,2008-04-13,True,1,1.0,100.0,,18.409269603087928,37.8825,15.1212,2007-07-18,2019-12-23
IV,ECTS,,HHZ,2008-04-14,True,1,1.0,100.0,,18.409269603087928,37.8825,15.1212,2007-07-18,2019-12-23
IV,ECTS,,HHZ,2008-04-15,True,1,1.0,100.0,,18.409269603087928,37.8825,15.1212,2007-07-18,2019-12-23
IV,ECTS,,HHZ,2008-04-16,True,1,1.0,100.0,,18.409269603087928,37.8825,15.1212,2007-07-18,2019-12-23
IV,ECTS,,HHZ,2008-04-17,True,1,1.0,100.0,,18.409269603087928,37.8825,15.1212,2007-07-18,2019-12-23
IV,ECTS,,HHZ,2008-04-18,True,1,1.0,100.0,,18.409269603087928,37.8825,15.1212,2007-07-18,2019-12-23
IV,ECTS,,HHZ,2008-04-19,True,1,1.0,100.0,,18.409269603087928,37.8825,15.1212,2007-07-18,2019-12-23
IV,ECTS,,HHZ,2008-04-20,True,1,1.0,100.0,,18.409269603087928,37.8825,15.1212,2007-07-18,2019-12-23
IV,ECTS,,HHZ,2008-04-21,True,1,1.0,100.0,,18.409269603087928,37.8825,15.1212,2007-07-18,2019-12-23
IV,ECTS,,HHZ,2008-04-22,True,1,1.0,100.0,,18.409269603087928,37.8825,15.1212,2007-07-18,2019-12-23
IV,ECTS,,HHZ,2008-04-23,True,4,0.8167333333333333,100.0,,18.409269603087928,37.8825,15.1212,2007-07-18,2019-12-23
IV,ECTS,,HHZ,2008-04-24,True,1,1.0,100.0,,18.409269603087928,37.8825,15.1212,2007-07-18,2019-12-23
IV,ECTS,,HHZ,2008-04-25,True,1,1.0,100.0,,18.409269603087928,37.8825,15.1212,2007-07-18,2019-12-23
IV,ECTS,,HHZ,2008-04-26,True,1,1.0,100.0,,18.409269603087928,37.8825,15.1212,2007-07-18,2019-12-23
IV,ECTS,,HHZ,2008-04-27,True,1,1.0,100.0,,18.409269603087928,37.8825,15.1212,2007-07-18,2019-12-23
IV,ECTS,,HHZ,2008-04-28,True,1,1.0,100.0,,18.409269603087928,37.8825,15.1212,2007-07-18,2019-12-23
IV,ECTS,,HHZ,2008-04-29,True,1,1.0,100.0,,18.409269603087928,37.8825,15.1212,2007-07-18,2019-12-23
IV,ECTS,,HHZ,2008-04-30,True,1,1.0,100.0,,18.409269603087928,37.8825,15.1212,2007-07-18,2019-12-23
IV,ECTS,,HHZ,2008-05-01,True,1,1.0,100.0,,18.409269603087928,37.8825,15.1212,2007-07-18,2019-12-23
IV,ECTS,,HHZ,2008-05-02,True,1,1.0,100.0,,18.409269603087928,37.8825,15.1212,2007-07-18,2019-12-23
IV,ECTS,,HHZ,2008-05-03,True,1,1.0,100.0,,18.409269603087928,37.8825,15.1212,2007-07-18,2019-12-23
IV,ECTS,,HHZ,2008-05-04,True,1,1.0,100.0,,18.409269603087928,37.8825,15.1212,2007-07-18,2019-12-23
IV,ECTS,,HHZ,2008-05-05,True,1,1.0,100.0,,18.409269603087928,37.8825,15.1212,2007-07-18,2019-12-23
IV,ECTS,,HHZ,2008-05-06,True,1,1.0,100.0,,18.409269603087928,37.8825,15.1212,2007-07-18,2019-12-23
IV,ECTS,,HHZ,2008-05-07,True,1,1.0,100.0,,18.409269603087928,37.8825,15.1212,2007-07-18,2019-12-23
IV,ECTS,,HHZ,2008-05-08,True,1,1.0,100.0,,18.409269603087928,37.8825,15.1212,2007-07-18,2019-12-23
IV,ECTS,,HHZ,2008-05-09,True,1,1.0,100.0,,18.409269603087928,37.8825,15.1212,2007-07-18,2019-12-23
IV,ECTS,,HHZ,2008-05-10,True,1,1.0,100.0,,18.409269603087928,37.8825,15.1212,2007-07-18,2019-12-23
IV,ECTS,,HHZ,2008-05-11,True,1,1.0,100.0,,18.409269603087928,37.8825,15.1212,2007-07-18,2019-12-23
IV,ECTS,,HHZ,2008-05-12,True,1,1.0,100.0,,18.409269603087928,37.8825,15.1212,2007-07-18,2019-12-23
IV,ECTS,,HHZ,2008-05-13,True,1,1.0,100.0,,18.409269603087928,37.8825,15.1212,2007-07-18,2019-12-23
IV,GIO,,SHZ,2008-04-12,True,1,1.0,50.0,,22.342208604897923,37.56667,15.10833,2007-12-04,2013-03-13
IV,GIO,,SHZ,2008-04-13,True,1,1.0,50.0,,22.342208604897923,37.56667,15.10833,2007-12-04,2013-03-13
IV,GIO,,SHZ,2008-04-14,True,1,1.0,50.0,,22.342208604897923,37.56667,15.10833,2007-12-04,2013-03-13
IV,GIO,,SHZ,2008-04-15,True,1,1.0,50.0,,22.342208604897923,37.56667,15.10833,2007-12-04,2013-03-13
IV,GIO,,SHZ,2008-04-16,True,1,1.0,50.0,,22.342208604897923,37.56667,15.10833,2007-12-04,2013-03-13
IV,GIO,,SHZ,2008-04-17,True,1,1.0,50.0,,22.342208604897923,37.56667,15.10833,2007-12-04,2013-03-13
IV,GIO,,SHZ,2008-04-18,True,1,1.0,50.0,,22.342208604897923,37.56667,15.10833,2007-12-04,2013-03-13
IV,GIO,,SHZ,2008-04-19,True,1,1.0,50.0,,22.342208604897923,37.56667,15.10833,2007-12-04,2013-03-13
IV,GIO,,SHZ,2008-04-20,True,1,1.0,50.0,,22.342208604897923,37.56667,15.10833,2007-12-04,2013-03-13
IV,GIO,,SHZ,2008-04-21,True,1,1.0,50.0,,22.342208604897923,37.56667,15.10833,2007-12-04,2013-03-13
IV,GIO,,SHZ,2008-04-22,True,1,1.0,50.0,,22.342208604897923,37.56667,15.10833,2007-12-04,2013-03-13
IV,GIO,,SHZ,2008-04-23,True,1,1.0,50.0,,22.342208604897923,37.56667,15.10833,2007-12-04,2013-03-13
IV,GIO,,SHZ,2008-04-24,True,1,1.0,50.0,,22.342208604897923,37.56667,15.10833,2007-12-04,2013-03-13
IV,GIO,,SHZ,2008-04-25,True,1,1.0,50.0,,22.342208604897923,37.56667,15.10833,2007-12-04,2013-03-13
IV,GIO,,SHZ,2008-04-26,True,1,1.0,50.0,,22.342208604897923,37.56667,15.10833,2007-12-04,2013-03-13
IV,GIO,,SHZ,2008-04-27,True,1,1.0,50.0,,22.342208604897923,37.56667,15.10833,2007-12-04,2013-03-13
IV,GIO,,SHZ,2008-04-28,True,1,1.0,50.0,,22.342208604897923,37.56667,15.10833,2007-12-04,2013-03-13
IV,GIO,,SHZ,2008-04-29,True,1,1.0,50.0,,22.342208604897923,37.56667,15.10833,2007-12-04,2013-03-13
IV,GIO,,SHZ,2008-04-30,True,1,1.0,50.0,,22.342208604897923,37.56667,15.10833,2007-12-04,2013-03-13
IV,GIO,,SHZ,2008-05-01,True,1,1.0,50.0,,22.342208604897923,37.56667,15.10833,2007-12-04,2013-03-13
IV,GIO,,SHZ,2008-05-02,True,1,1.0,50.0,,22.342208604897923,37.56667,15.10833,2007-12-04,2013-03-13
IV,GIO,,SHZ,2008-05-03,True,1,1.0,50.0,,22.342208604897923,37.56667,15.10833,2007-12-04,2013-03-13
IV,GIO,,SHZ,2008-05-04,True,1,1.0,50.0,,22.342208604897923,37.56667,15.10833,2007-12-04,2013-03-13
IV,GIO,,SHZ,2008-05-05,True,1,1.0,50.0,,22.342208604897923,37.56667,15.10833,2007-12-04,2013-03-13
IV,GIO,,SHZ,2008-05-06,True,1,1.0,50.0,,22.342208604897923,37.56667,15.10833,2007-12-04,2013-03-13
IV,GIO,,SHZ,2008-05-07,True,1,1.0,50.0,,22.342208604897923,37.56667,15.10833,2007-12-04,2013-03-13
IV,GIO,,SHZ,2008-05-08,True,2,0.9599666666666667,50.0,,22.342208604897923,37.56667,15.10833,2007-12-04,2013-03-13
IV,GIO,,SHZ,2008-05-09,True,2,0.9599666666666667,50.0,,22.342208604897923,37.56667,15.10833,2007-12-04,2013-03-13
IV,GIO,,SHZ,2008-05-10,True,1,1.0,50.0,,22.342208604897923,37.56667,15.10833,2007-12-04,2013-03-13
IV,GIO,,SHZ,2008-05-11,True,1,1.0,50.0,,22.342208604897923,37.56667,15.10833,2007-12-04,2013-03-13
IV,GIO,,SHZ,2008-05-12,True,3,0.9999333333333333,50.0,,22.342208604897923,37.56667,15.10833,2007-12-04,2013-03-13
IV,GIO,,SHZ,2008-05-13,True,1,1.0,50.0,,22.342208604897923,37.56667,15.10833,2007-12-04,2013-03-13
IV,ECNV,,BHZ,2008-04-12,True,1,0.9999166666666668,20.0,,30.381062858204213,37.5956,14.7125,2007-01-30,2017-09-09
IV,ECNV,,BHZ,2008-04-13,True,1,1.0,20.0,,30.381062858204213,37.5956,14.7125,2007-01-30,2017-09-09
IV,ECNV,,BHZ,2008-04-14,True,1,1.0,20.0,,30.381062858204213,37.5956,14.7125,2007-01-30,2017-09-09
IV,ECNV,,BHZ,2008-04-15,True,1,1.0,20.0,,30.381062858204213,37.5956,14.7125,2007-01-30,2017-09-09
IV,ECNV,,BHZ,2008-04-16,True,1,1.0,20.0,,30.381062858204213,37.5956,14.7125,2007-01-30,2017-09-09
IV,ECNV,,BHZ,2008-04-17,False,2,0.7401666666666668,20.0,,30.381062858204213,37.5956,14.7125,2007-01-30,2017-09-09
IV,ECNV,,BHZ,2008-04-18,True,1,1.0,20.0,,30.381062858204213,37.5956,14.7125,2007-01-30,2017-09-09
IV,ECNV,,BHZ,2008-04-19,True,1,0.9999166666666668,20.0,,30.381062858204213,37.5956,14.7125,2007-01-30,2017-09-09
IV,ECNV,,BHZ,2008-04-20,True,1,1.0,20.0,,30.381062858204213,37.5956,14.7125,2007-01-30,2017-09-09
IV,ECNV,,BHZ,2008-04-21,True,2,0.9950833333333332,20.0,,30.381062858204213,37.5956,14.7125,2007-01-30,2017-09-09
IV,ECNV,,BHZ,2008-04-22,True,1,0.9999166666666668,20.0,,30.381062858204213,37.5956,14.7125,2007-01-30,2017-09-09
IV,ECNV,,BHZ,2008-04-23,True,3,0.99025,20.0,,30.381062858204213,37.5956,14.7125,2007-01-30,2017-09-09
IV,ECNV,,BHZ,2008-04-24,True,6,0.9864166666666667,20.0,,30.381062858204213,37.5956,14.7125,2007-01-30,2017-09-09
IV,ECNV,,BHZ,2008-04-25,True,15,0.9268333333333334,20.0,,30.381062858204213,37.5956,14.7125,2007-01-30,2017-09-09
IV,ECNV,,BHZ,2008-04-26,True,20,0.8955833333333334,20.0,,30.381062858204213,37.5956,14.7125,2007-01-30,2017-09-09
IV,ECNV,,BHZ,2008-04-27,True,21,0.8989166666666667,20.0,,30.381062858204213,37.5956,14.7125,2007-01-30,2017-09-09
IV,ECNV,,BHZ,2008-04-28,True,25,0.8735833333333333,20.0,,30.381062858204213,37.5956,14.7125,2007-01-30,2017-09-09
IV,ECNV,,BHZ,2008-04-29,True,4,0.9853333333333334,20.0,,30.381062858204213,37.5956,14.7125,2007-01-30,2017-09-09
IV,ECNV,,BHZ,2008-04-30,True,6,0.9839166666666667,20.0,,30.381062858204213,37.5956,14.7125,2007-01-30,2017-09-09
IV,ECNV,,BHZ,2008-05-01,True,3,0.9898333333333333,20.0,,30.381062858204213,37.5956,14.7125,2007-01-30,2017-09-09
IV,ECNV,,BHZ,2008-05-02,True,13,0.9388333333333333,20.0,,30.381062858204213,37.5956,14.7125,2007-01-30,2017-09-09
IV,ECNV,,BHZ,2008-05-03,True,25,0.8834166666666666,20.0,,30.381062858204213,37.5956,14.7125,2007-01-30,2017-09-09
IV,ECNV,,BHZ,2008-05-04,True,43,0.8220833333333334,20.0,,30.381062858204213,37.5956,14.7125,2007-01-30,2017-09-09
IV,ECNV,,BHZ,2008-05-05,False,44,0.69625,20.0,,30.381062858204213,37.5956,14.7125,2007-01-30,2017-09-09
IV,ECNV,,BHZ,2008-05-06,False,60,0.49058333333333337,20.0,,30.381062858204213,37.5956,14.7125,2007-01-30,2017-09-09
IV,ECNV,,BHZ,2008-05-07,False,16,0.051166666666666666,20.0,,30.381062858204213,37.5956,14.7125,2007-01-30,2017-09-09
IV,ECNV,,BHZ,2008-05-08,False,68,0.37025,20.0,,30.381062858204213,37.5956,14.7125,2007-01-30,2017-09-09
IV,ECNV,,BHZ,2008-05-09,False,32,0.08516666666666667,20.0,,30.381062858204213,37.5956,14.7125,2007-01-30,2017-09-09
IV,ECNV,,BHZ,2008-05-10,False,0,0.0,,No data available for request.,30.381062858204213,37.5956,14.7125,2007-01-30,2017-09-09
IV,ECNV,,BHZ,2008-05-11,False,0,0.0,,No data available for request.,30.381062858204213,37.5956,14.7125,2007-01-30,2017-09-09
IV,ECNV,,BHZ,2008-05-12,False,0,0.0,,No data available for request.,30.381062858204213,37.5956,14.7125,2007-01-30,2017-09-09
IV,ECNV,,BHZ,2008-05-13,False,0,0.0,,No data available for request.,30.381062858204213,37.5956,14.7125,2007-01-30,2017-09-09
IV,ECNV,,HHZ,2008-04-12,True,1,1.0,100.0,,30.381062858204213,37.5956,14.7125,2007-01-30,2017-09-09
IV,ECNV,,HHZ,2008-04-13,True,1,1.0,100.0,,30.381062858204213,37.5956,14.7125,2007-01-30,2017-09-09
IV,ECNV,,HHZ,2008-04-14,True,1,1.0,100.0,,30.381062858204213,37.5956,14.7125,2007-01-30,2017-09-09
IV,ECNV,,HHZ,2008-04-15,True,1,1.0,100.0,,30.381062858204213,37.5956,14.7125,2007-01-30,2017-09-09
IV,ECNV,,HHZ,2008-04-16,True,1,1.0,100.0,,30.381062858204213,37.5956,14.7125,2007-01-30,2017-09-09
IV,ECNV,,HHZ,2008-04-17,False,2,0.74025,100.0,,30.381062858204213,37.5956,14.7125,2007-01-30,2017-09-09
IV,ECNV,,HHZ,2008-04-18,True,1,1.0,100.0,,30.381062858204213,37.5956,14.7125,2007-01-30,2017-09-09
IV,ECNV,,HHZ,2008-04-19,True,1,1.0,100.0,,30.381062858204213,37.5956,14.7125,2007-01-30,2017-09-09
IV,ECNV,,HHZ,2008-04-20,True,1,1.0,100.0,,30.381062858204213,37.5956,14.7125,2007-01-30,2017-09-09
IV,ECNV,,HHZ,2008-04-21,True,2,0.9951833333333333,100.0,,30.381062858204213,37.5956,14.7125,2007-01-30,2017-09-09
IV,ECNV,,HHZ,2008-04-22,True,1,1.0,100.0,,30.381062858204213,37.5956,14.7125,2007-01-30,2017-09-09
IV,ECNV,,HHZ,2008-04-23,True,3,0.9903666666666667,100.0,,30.381062858204213,37.5956,14.7125,2007-01-30,2017-09-09
IV,ECNV,,HHZ,2008-04-24,True,6,0.9867499999999999,100.0,,30.381062858204213,37.5956,14.7125,2007-01-30,2017-09-09
IV,ECNV,,HHZ,2008-04-25,True,15,0.9277666666666666,100.0,,30.381062858204213,37.5956,14.7125,2007-01-30,2017-09-09
IV,ECNV,,HHZ,2008-04-26,True,20,0.8968833333333334,100.0,,30.381062858204213,37.5956,14.7125,2007-01-30,2017-09-09
IV,ECNV,,HHZ,2008-04-27,True,21,0.9002333333333333,100.0,,30.381062858204213,37.5956,14.7125,2007-01-30,2017-09-09
IV,ECNV,,HHZ,2008-04-28,True,25,0.8751666666666668,100.0,,30.381062858204213,37.5956,14.7125,2007-01-30,2017-09-09
IV,ECNV,,HHZ,2008-04-29,True,4,0.98555,100.0,,30.381062858204213,37.5956,14.7125,2007-01-30,2017-09-09
IV,ECNV,,HHZ,2008-04-30,True,6,0.98425,100.0,,30.381062858204213,37.5956,14.7125,2007-01-30,2017-09-09
IV,ECNV,,HHZ,2008-05-01,True,3,0.9913166666666666,100.0,,30.381062858204213,37.5956,14.7125,2007-01-30,2017-09-09
IV,ECNV,,HHZ,2008-05-02,True,13,0.9396666666666665,100.0,,30.381062858204213,37.5956,14.7125,2007-01-30,2017-09-09
IV,ECNV,,HHZ,2008-05-03,True,24,0.8859333333333335,100.0,,30.381062858204213,37.5956,14.7125,2007-01-30,2017-09-09
IV,ECNV,,HHZ,2008-05-04,True,43,0.8249,100.0,,30.381062858204213,37.5956,14.7125,2007-01-30,2017-09-09
IV,ECNV,,HHZ,2008-05-05,False,44,0.6977833333333333,100.0,,30.381062858204213,37.5956,14.7125,2007-01-30,2017-09-09
IV,ECNV,,HHZ,2008-05-06,False,60,0.49455000000000005,100.0,,30.381062858204213,37.5956,14.7125,2007-01-30,2017-09-09
IV,ECNV,,HHZ,2008-05-07,False,16,0.05223333333333333,100.0,,30.381062858204213,37.5956,14.7125,2007-01-30,2017-09-09
IV,ECNV,,HHZ,2008-05-08,False,68,0.37473333333333336,100.0,,30.381062858204213,37.5956,14.7125,2007-01-30,2017-09-09
IV,ECNV,,HHZ,2008-05-09,False,33,0.08848333333333333,100.0,,30.381062858204213,37.5956,14.7125,2007-01-30,2017-09-09
IV,ECNV,,HHZ,2008-05-10,False,0,0.0,,No data available for request.,30.381062858204213,37.5956,14.7125,2007-01-30,2017-09-09
IV,ECNV,,HHZ,2008-05-11,False,0,0.0,,No data available for request.,30.381062858204213,37.5956,14.7125,2007-01-30,2017-09-09
IV,ECNV,,HHZ,2008-05-12,False,0,0.0,,No data available for request.,30.381062858204213,37.5956,14.7125,2007-01-30,2017-09-09
IV,ECNV,,HHZ,2008-05-13,False,0,0.0,,No data available for request.,30.381062858204213,37.5956,14.7125,2007-01-30,2017-09-09
IV,ECNV,,LHZ,2008-04-12,True,1,1.0,1.0,,30.381062858204213,37.5956,14.7125,2007-01-30,2017-09-09
IV,ECNV,,LHZ,2008-04-13,True,1,1.0,1.0,,30.381062858204213,37.5956,14.7125,2007-01-30,2017-09-09
IV,ECNV,,LHZ,2008-04-14,True,1,1.0,1.0,,30.381062858204213,37.5956,14.7125,2007-01-30,2017-09-09
IV,ECNV,,LHZ,2008-04-15,True,1,1.0,1.0,,30.381062858204213,37.5956,14.7125,2007-01-30,2017-09-09
IV,ECNV,,LHZ,2008-04-16,True,1,1.0,1.0,,30.381062858204213,37.5956,14.7125,2007-01-30,2017-09-09
IV,ECNV,,LHZ,2008-04-17,False,2,0.7383333333333333,1.0,,30.381062858204213,37.5956,14.7125,2007-01-30,2017-09-09
IV,ECNV,,LHZ,2008-04-18,True,1,1.0,1.0,,30.381062858204213,37.5956,14.7125,2007-01-30,2017-09-09
IV,ECNV,,LHZ,2008-04-19,True,1,1.0,1.0,,30.381062858204213,37.5956,14.7125,2007-01-30,2017-09-09
IV,ECNV,,LHZ,2008-04-20,True,1,1.0,1.0,,30.381062858204213,37.5956,14.7125,2007-01-30,2017-09-09
IV,ECNV,,LHZ,2008-04-21,True,2,0.9933333333333333,1.0,,30.381062858204213,37.5956,14.7125,2007-01-30,2017-09-09
IV,ECNV,,LHZ,2008-04-22,True,1,1.0,1.0,,30.381062858204213,37.5956,14.7125,2007-01-30,2017-09-09
IV,ECNV,,LHZ,2008-04-23,True,3,0.9866666666666667,1.0,,30.381062858204213,37.5956,14.7125,2007-01-30,2017-09-09
IV,ECNV,,LHZ,2008-04-24,True,6,0.9783333333333334,1.0,,30.381062858204213,37.5956,14.7125,2007-01-30,2017-09-09
IV,ECNV,,LHZ,2008-04-25,True,14,0.9116666666666666,1.0,,30.381062858204213,37.5956,14.7125,2007-01-30,2017-09-09
IV,ECNV,,LHZ,2008-04-26,True,21,0.8583333333333333,1.0,,30.381062858204213,37.5956,14.7125,2007-01-30,2017-09-09
IV,ECNV,,LHZ,2008-04-27,True,21,0.8616666666666667,1.0,,30.381062858204213,37.5956,14.7125,2007-01-30,2017-09-09
IV,ECNV,,LHZ,2008-04-28,True,23,0.8483333333333334,1.0,,30.381062858204213,37.5956,14.7125,2007-01-30,2017-09-09
IV,ECNV,,LHZ,2008-04-29,True,5,0.9733333333333334,1.0,,30.381062858204213,37.5956,14.7125,2007-01-30,2017-09-09
IV,ECNV,,LHZ,2008-04-30,True,6,0.9766666666666667,1.0,,30.381062858204213,37.5956,14.7125,2007-01-30,2017-09-09
IV,ECNV,,LHZ,2008-05-01,True,4,0.985,1.0,,30.381062858204213,37.5956,14.7125,2007-01-30,2017-09-09
IV,ECNV,,LHZ,2008-05-02,True,14,0.9133333333333333,1.0,,30.381062858204213,37.5956,14.7125,2007-01-30,2017-09-09
IV,ECNV,,LHZ,2008-05-03,True,26,0.8333333333333334,1.0,,30.381062858204213,37.5956,14.7125,2007-01-30,2017-09-09
IV,ECNV,,LHZ,2008-05-04,False,36,0.7716666666666666,1.0,,30.381062858204213,37.5956,14.7125,2007-01-30,2017-09-09
IV,ECNV,,LHZ,2008-05-05,False,40,0.635,1.0,,30.381062858204213,37.5956,14.7125,2007-01-30,2017-09-09
IV,ECNV,,LHZ,2008-05-06,False,44,0.4083333333333333,1.0,,30.381062858204213,37.5956,14.7125,2007-01-30,2017-09-09
IV,ECNV,,LHZ,2008-05-07,False,15,0.028333333333333332,1.0,,30.381062858204213,37.5956,14.7125,2007-01-30,2017-09-09
IV,ECNV,,LHZ,2008-05-08,False,53,0.28,1.0,,30.381062858204213,37.5956,14.7125,2007-01-30,2017-09-09
IV,ECNV,,LHZ,2008-05-09,False,30,0.03666666666666667,1.0,,30.381062858204213,37.5956,14.7125,2007-01-30,2017-09-09
IV,ECNV,,LHZ,2008-05-10,False,0,0.0,,No data available for request.,30.381062858204213,37.5956,14.7125,2007-01-30,2017-09-09
IV,ECNV,,LHZ,2008-05-11,False,0,0.0,,No data available for request.,30.381062858204213,37.5956,14.7125,2007-01-30,2017-09-09
IV,ECNV,,LHZ,2008-05-12,False,0,0.0,,No data available for request.,30.381062858204213,37.5956,14.7125,2007-01-30,2017-09-09
IV,ECNV,,LHZ,2008-05-13,False,0,0.0,,No data available for request.,30.381062858204213,37.5956,14.7125,2007-01-30,2017-09-09
IV,ECNV,,VHZ,2008-04-12,True,1,1.0,0.1,,30.381062858204213,37.5956,14.7125,2007-01-30,2017-09-09
IV,ECNV,,VHZ,2008-04-13,True,1,1.0,0.1,,30.381062858204213,37.5956,14.7125,2007-01-30,2017-09-09
IV,ECNV,,VHZ,2008-04-14,True,1,1.0,0.1,,30.381062858204213,37.5956,14.7125,2007-01-30,2017-09-09
IV,ECNV,,VHZ,2008-04-15,True,1,1.0,0.1,,30.381062858204213,37.5956,14.7125,2007-01-30,2017-09-09
IV,ECNV,,VHZ,2008-04-16,True,1,1.0,0.1,,30.381062858204213,37.5956,14.7125,2007-01-30,2017-09-09
IV,ECNV,,VHZ,2008-04-17,True,1,0.8,0.1,,30.381062858204213,37.5956,14.7125,2007-01-30,2017-09-09
IV,ECNV,,VHZ,2008-04-18,True,1,1.0,0.1,,30.381062858204213,37.5956,14.7125,2007-01-30,2017-09-09
IV,ECNV,,VHZ,2008-04-19,True,1,1.0,0.1,,30.381062858204213,37.5956,14.7125,2007-01-30,2017-09-09
IV,ECNV,,VHZ,2008-04-20,True,1,1.0,0.1,,30.381062858204213,37.5956,14.7125,2007-01-30,2017-09-09
IV,ECNV,,VHZ,2008-04-21,True,1,1.0,0.1,,30.381062858204213,37.5956,14.7125,2007-01-30,2017-09-09
IV,ECNV,,VHZ,2008-04-22,True,1,1.0,0.1,,30.381062858204213,37.5956,14.7125,2007-01-30,2017-09-09
IV,ECNV,,VHZ,2008-04-23,True,1,1.0,0.1,,30.381062858204213,37.5956,14.7125,2007-01-30,2017-09-09
IV,ECNV,,VHZ,2008-04-24,True,1,1.0,0.1,,30.381062858204213,37.5956,14.7125,2007-01-30,2017-09-09
IV,ECNV,,VHZ,2008-04-25,True,3,0.9333333333333333,0.1,,30.381062858204213,37.5956,14.7125,2007-01-30,2017-09-09
IV,ECNV,,VHZ,2008-04-26,True,7,0.8,0.1,,30.381062858204213,37.5956,14.7125,2007-01-30,2017-09-09
IV,ECNV,,VHZ,2008-04-27,True,6,0.8166666666666667,0.1,,30.381062858204213,37.5956,14.7125,2007-01-30,2017-09-09
IV,ECNV,,VHZ,2008-04-28,True,6,0.8333333333333334,0.1,,30.381062858204213,37.5956,14.7125,2007-01-30,2017-09-09
IV,ECNV,,VHZ,2008-04-29,True,1,1.0,0.1,,30.381062858204213,37.5956,14.7125,2007-01-30,2017-09-09
IV,ECNV,,VHZ,2008-04-30,True,1,1.0,0.1,,30.381062858204213,37.5956,14.7125,2007-01-30,2017-09-09
IV,ECNV,,VHZ,2008-05-01,True,1,1.0,0.1,,30.381062858204213,37.5956,14.7125,2007-01-30,2017-09-09
IV,ECNV,,VHZ,2008-05-02,True,5,0.8666666666666667,0.1,,30.381062858204213,37.5956,14.7125,2007-01-30,2017-09-09
IV,ECNV,,VHZ,2008-05-03,False,6,0.7833333333333333,0.1,,30.381062858204213,37.5956,14.7125,2007-01-30,2017-09-09
IV,ECNV,,VHZ,2008-05-04,False,12,0.6333333333333333,0.1,,30.381062858204213,37.5956,14.7125,2007-01-30,2017-09-09
IV,ECNV,,VHZ,2008-05-05,False,16,0.43333333333333335,0.1,,30.381062858204213,37.5956,14.7125,2007-01-30,2017-09-09
IV,ECNV,,VHZ,2008-05-06,False,21,0.016666666666666666,0.1,,30.381062858204213,37.5956,14.7125,2007-01-30,2017-09-09
IV,ECNV,,VHZ,2008-05-07,False,3,0.0,0.1,,30.381062858204213,37.5956,14.7125,2007-01-30,2017-09-09
IV,ECNV,,VHZ,2008-05-08,False,20,0.03333333333333333,0.1,,30.381062858204213,37.5956,14.7125,2007-01-30,2017-09-09
IV,ECNV,,VHZ,2008-05-09,False,4,0.0,0.1,,30.381062858204213,37.5956,14.7125,2007-01-30,2017-09-09
IV,ECNV,,VHZ,2008-05-10,False,0,0.0,,No data available for request.,30.381062858204213,37.5956,14.7125,2007-01-30,2017-09-09
IV,ECNV,,VHZ,2008-05-11,False,0,0.0,,No data available for request.,30.381062858204213,37.5956,14.7125,2007-01-30,2017-09-09
IV,ECNV,,VHZ,2008-05-12,False,0,0.0,,No data available for request.,30.381062858204213,37.5956,14.7125,2007-01-30,2017-09-09
IV,ECNV,,VHZ,2008-05-13,False,0,0.0,,No data available for request.,30.381062858204213,37.5956,14.7125,2007-01-30,2017-09-09
IV,MMME,,BHZ,2008-04-12,True,1,1.0,20.0,,30.56631165703795,37.9352,15.2539,2004-07-12,2012-05-16
IV,MMME,,BHZ,2008-04-13,True,1,1.0,20.0,,30.56631165703795,37.9352,15.2539,2004-07-12,2012-05-16
IV,MMME,,BHZ,2008-04-14,True,1,1.0,20.0,,30.56631165703795,37.9352,15.2539,2004-07-12,2012-05-16
IV,MMME,,BHZ,2008-04-15,True,1,1.0,20.0,,30.56631165703795,37.9352,15.2539,2004-07-12,2012-05-16
IV,MMME,,BHZ,2008-04-16,True,1,1.0,20.0,,30.56631165703795,37.9352,15.2539,2004-07-12,2012-05-16
IV,MMME,,BHZ,2008-04-17,True,1,1.0,20.0,,30.56631165703795,37.9352,15.2539,2004-07-12,2012-05-16
IV,MMME,,BHZ,2008-04-18,True,1,1.0,20.0,,30.56631165703795,37.9352,15.2539,2004-07-12,2012-05-16
IV,MMME,,BHZ,2008-04-19,True,1,1.0,20.0,,30.56631165703795,37.9352,15.2539,2004-07-12,2012-05-16
IV,MMME,,BHZ,2008-04-20,True,1,1.0,20.0,,30.56631165703795,37.9352,15.2539,2004-07-12,2012-05-16
IV,MMME,,BHZ,2008-04-21,True,1,1.0,20.0,,30.56631165703795,37.9352,15.2539,2004-07-12,2012-05-16
IV,MMME,,BHZ,2008-04-22,True,1,1.0,20.0,,30.56631165703795,37.9352,15.2539,2004-07-12,2012-05-16
IV,MMME,,BHZ,2008-04-23,True,1,1.0,20.0,,30.56631165703795,37.9352,15.2539,2004-07-12,2012-05-16
IV,MMME,,BHZ,2008-04-24,True,1,1.0,20.0,,30.56631165703795,37.9352,15.2539,2004-07-12,2012-05-16
IV,MMME,,BHZ,2008-04-25,True,1,1.0,20.0,,30.56631165703795,37.9352,15.2539,2004-07-12,2012-05-16
IV,MMME,,BHZ,2008-04-26,True,1,1.0,20.0,,30.56631165703795,37.9352,15.2539,2004-07-12,2012-05-16
IV,MMME,,BHZ,2008-04-27,True,1,1.0,20.0,,30.56631165703795,37.9352,15.2539,2004-07-12,2012-05-16
IV,MMME,,BHZ,2008-04-28,True,1,1.0,20.0,,30.56631165703795,37.9352,15.2539,2004-07-12,2012-05-16
IV,MMME,,BHZ,2008-04-29,True,1,1.0,20.0,,30.56631165703795,37.9352,15.2539,2004-07-12,2012-05-16
IV,MMME,,BHZ,2008-04-30,True,1,1.0,20.0,,30.56631165703795,37.9352,15.2539,2004-07-12,2012-05-16
IV,MMME,,BHZ,2008-05-01,True,1,1.0,20.0,,30.56631165703795,37.9352,15.2539,2004-07-12,2012-05-16
IV,MMME,,BHZ,2008-05-02,True,1,1.0,20.0,,30.56631165703795,37.9352,15.2539,2004-07-12,2012-05-16
IV,MMME,,BHZ,2008-05-03,True,1,1.0,20.0,,30.56631165703795,37.9352,15.2539,2004-07-12,2012-05-16
IV,MMME,,BHZ,2008-05-04,True,1,1.0,20.0,,30.56631165703795,37.9352,15.2539,2004-07-12,2012-05-16
IV,MMME,,BHZ,2008-05-05,True,1,0.9999166666666668,20.0,,30.56631165703795,37.9352,15.2539,2004-07-12,2012-05-16
IV,MMME,,BHZ,2008-05-06,True,1,0.9999166666666668,20.0,,30.56631165703795,37.9352,15.2539,2004-07-12,2012-05-16
IV,MMME,,BHZ,2008-05-07,True,1,1.0,20.0,,30.56631165703795,37.9352,15.2539,2004-07-12,2012-05-16
IV,MMME,,BHZ,2008-05-08,True,1,1.0,20.0,,30.56631165703795,37.9352,15.2539,2004-07-12,2012-05-16
IV,MMME,,BHZ,2008-05-09,True,1,1.0,20.0,,30.56631165703795,37.9352,15.2539,2004-07-12,2012-05-16
IV,MMME,,BHZ,2008-05-10,True,1,1.0,20.0,,30.56631165703795,37.9352,15.2539,2004-07-12,2012-05-16
IV,MMME,,BHZ,2008-05-11,True,1,1.0,20.0,,30.56631165703795,37.9352,15.2539,2004-07-12,2012-05-16
IV,MMME,,BHZ,2008-05-12,True,1,1.0,20.0,,30.56631165703795,37.9352,15.2539,2004-07-12,2012-05-16
IV,MMME,,BHZ,2008-05-13,False,0,0.0,,No data available for request.,30.56631165703795,37.9352,15.2539,2004-07-12,2012-05-16
IV,MMME,,HHZ,2008-04-12,True,1,1.0,100.0,,30.56631165703795,37.9352,15.2539,2004-07-12,2012-05-16
IV,MMME,,HHZ,2008-04-13,True,1,1.0,100.0,,30.56631165703795,37.9352,15.2539,2004-07-12,2012-05-16
IV,MMME,,HHZ,2008-04-14,True,1,1.0,100.0,,30.56631165703795,37.9352,15.2539,2004-07-12,2012-05-16
IV,MMME,,HHZ,2008-04-15,True,1,1.0,100.0,,30.56631165703795,37.9352,15.2539,2004-07-12,2012-05-16
IV,MMME,,HHZ,2008-04-16,True,1,1.0,100.0,,30.56631165703795,37.9352,15.2539,2004-07-12,2012-05-16
IV,MMME,,HHZ,2008-04-17,True,1,1.0,100.0,,30.56631165703795,37.9352,15.2539,2004-07-12,2012-05-16
IV,MMME,,HHZ,2008-04-18,True,1,1.0,100.0,,30.56631165703795,37.9352,15.2539,2004-07-12,2012-05-16
IV,MMME,,HHZ,2008-04-19,True,1,1.0,100.0,,30.56631165703795,37.9352,15.2539,2004-07-12,2012-05-16
IV,MMME,,HHZ,2008-04-20,True,1,1.0,100.0,,30.56631165703795,37.9352,15.2539,2004-07-12,2012-05-16
IV,MMME,,HHZ,2008-04-21,True,1,1.0,100.0,,30.56631165703795,37.9352,15.2539,2004-07-12,2012-05-16
IV,MMME,,HHZ,2008-04-22,True,1,1.0,100.0,,30.56631165703795,37.9352,15.2539,2004-07-12,2012-05-16
IV,MMME,,HHZ,2008-04-23,True,1,1.0,100.0,,30.56631165703795,37.9352,15.2539,2004-07-12,2012-05-16
IV,MMME,,HHZ,2008-04-24,True,1,1.0,100.0,,30.56631165703795,37.9352,15.2539,2004-07-12,2012-05-16
IV,MMME,,HHZ,2008-04-25,True,1,1.0,100.0,,30.56631165703795,37.9352,15.2539,2004-07-12,2012-05-16
IV,MMME,,HHZ,2008-04-26,True,1,1.0,100.0,,30.56631165703795,37.9352,15.2539,2004-07-12,2012-05-16
IV,MMME,,HHZ,2008-04-27,True,1,1.0,100.0,,30.56631165703795,37.9352,15.2539,2004-07-12,2012-05-16
IV,MMME,,HHZ,2008-04-28,True,1,1.0,100.0,,30.56631165703795,37.9352,15.2539,2004-07-12,2012-05-16
IV,MMME,,HHZ,2008-04-29,True,1,1.0,100.0,,30.56631165703795,37.9352,15.2539,2004-07-12,2012-05-16
IV,MMME,,HHZ,2008-04-30,True,1,1.0,100.0,,30.56631165703795,37.9352,15.2539,2004-07-12,2012-05-16
IV,MMME,,HHZ,2008-05-01,True,1,1.0,100.0,,30.56631165703795,37.9352,15.2539,2004-07-12,2012-05-16
IV,MMME,,HHZ,2008-05-02,True,1,1.0,100.0,,30.56631165703795,37.9352,15.2539,2004-07-12,2012-05-16
IV,MMME,,HHZ,2008-05-03,True,1,1.0,100.0,,30.56631165703795,37.9352,15.2539,2004-07-12,2012-05-16
IV,MMME,,HHZ,2008-05-04,True,1,1.0,100.0,,30.56631165703795,37.9352,15.2539,2004-07-12,2012-05-16
IV,MMME,,HHZ,2008-05-05,True,1,1.0,100.0,,30.56631165703795,37.9352,15.2539,2004-07-12,2012-05-16
IV,MMME,,HHZ,2008-05-06,True,1,1.0,100.0,,30.56631165703795,37.9352,15.2539,2004-07-12,2012-05-16
IV,MMME,,HHZ,2008-05-07,True,1,1.0,100.0,,30.56631165703795,37.9352,15.2539,2004-07-12,2012-05-16
IV,MMME,,HHZ,2008-05-08,True,1,1.0,100.0,,30.56631165703795,37.9352,15.2539,2004-07-12,2012-05-16
IV,MMME,,HHZ,2008-05-09,True,1,1.0,100.0,,30.56631165703795,37.9352,15.2539,2004-07-12,2012-05-16
IV,MMME,,HHZ,2008-05-10,True,1,1.0,100.0,,30.56631165703795,37.9352,15.2539,2004-07-12,2012-05-16
IV,MMME,,HHZ,2008-05-11,True,1,1.0,100.0,,30.56631165703795,37.9352,15.2539,2004-07-12,2012-05-16
IV,MMME,,HHZ,2008-05-12,True,1,1.0,100.0,,30.56631165703795,37.9352,15.2539,2004-07-12,2012-05-16
IV,MMME,,HHZ,2008-05-13,False,0,0.0,,No data available for request.,30.56631165703795,37.9352,15.2539,2004-07-12,2012-05-16
IV,MMME,,LHZ,2008-04-12,True,1,1.0,1.0,,30.56631165703795,37.9352,15.2539,2004-07-12,2012-05-16
IV,MMME,,LHZ,2008-04-13,True,1,1.0,1.0,,30.56631165703795,37.9352,15.2539,2004-07-12,2012-05-16
IV,MMME,,LHZ,2008-04-14,True,1,1.0,1.0,,30.56631165703795,37.9352,15.2539,2004-07-12,2012-05-16
IV,MMME,,LHZ,2008-04-15,True,1,1.0,1.0,,30.56631165703795,37.9352,15.2539,2004-07-12,2012-05-16
IV,MMME,,LHZ,2008-04-16,True,1,1.0,1.0,,30.56631165703795,37.9352,15.2539,2004-07-12,2012-05-16
IV,MMME,,LHZ,2008-04-17,True,1,1.0,1.0,,30.56631165703795,37.9352,15.2539,2004-07-12,2012-05-16
IV,MMME,,LHZ,2008-04-18,True,1,1.0,1.0,,30.56631165703795,37.9352,15.2539,2004-07-12,2012-05-16
IV,MMME,,LHZ,2008-04-19,True,1,1.0,1.0,,30.56631165703795,37.9352,15.2539,2004-07-12,2012-05-16
IV,MMME,,LHZ,2008-04-20,True,1,1.0,1.0,,30.56631165703795,37.9352,15.2539,2004-07-12,2012-05-16
IV,MMME,,LHZ,2008-04-21,True,1,1.0,1.0,,30.56631165703795,37.9352,15.2539,2004-07-12,2012-05-16
IV,MMME,,LHZ,2008-04-22,True,1,1.0,1.0,,30.56631165703795,37.9352,15.2539,2004-07-12,2012-05-16
IV,MMME,,LHZ,2008-04-23,True,1,1.0,1.0,,30.56631165703795,37.9352,15.2539,2004-07-12,2012-05-16
IV,MMME,,LHZ,2008-04-24,True,1,1.0,1.0,,30.56631165703795,37.9352,15.2539,2004-07-12,2012-05-16
IV,MMME,,LHZ,2008-04-25,True,1,1.0,1.0,,30.56631165703795,37.9352,15.2539,2004-07-12,2012-05-16
IV,MMME,,LHZ,2008-04-26,True,1,1.0,1.0,,30.56631165703795,37.9352,15.2539,2004-07-12,2012-05-16
IV,MMME,,LHZ,2008-04-27,True,1,1.0,1.0,,30.56631165703795,37.9352,15.2539,2004-07-12,2012-05-16
IV,MMME,,LHZ,2008-04-28,True,1,1.0,1.0,,30.56631165703795,37.9352,15.2539,2004-07-12,2012-05-16
IV,MMME,,LHZ,2008-04-29,True,1,1.0,1.0,,30.56631165703795,37.9352,15.2539,2004-07-12,2012-05-16
IV,MMME,,LHZ,2008-04-30,True,1,1.0,1.0,,30.56631165703795,37.9352,15.2539,2004-07-12,2012-05-16
IV,MMME,,LHZ,2008-05-01,True,1,1.0,1.0,,30.56631165703795,37.9352,15.2539,2004-07-12,2012-05-16
IV,MMME,,LHZ,2008-05-02,True,1,1.0,1.0,,30.56631165703795,37.9352,15.2539,2004-07-12,2012-05-16
IV,MMME,,LHZ,2008-05-03,True,1,1.0,1.0,,30.56631165703795,37.9352,15.2539,2004-07-12,2012-05-16
IV,MMME,,LHZ,2008-05-04,True,1,1.0,1.0,,30.56631165703795,37.9352,15.2539,2004-07-12,2012-05-16
IV,MMME,,LHZ,2008-05-05,True,1,1.0,1.0,,30.56631165703795,37.9352,15.2539,2004-07-12,2012-05-16
IV,MMME,,LHZ,2008-05-06,True,1,1.0,1.0,,30.56631165703795,37.9352,15.2539,2004-07-12,2012-05-16
IV,MMME,,LHZ,2008-05-07,True,1,1.0,1.0,,30.56631165703795,37.9352,15.2539,2004-07-12,2012-05-16
IV,MMME,,LHZ,2008-05-08,True,1,1.0,1.0,,30.56631165703795,37.9352,15.2539,2004-07-12,2012-05-16
IV,MMME,,LHZ,2008-05-09,True,1,1.0,1.0,,30.56631165703795,37.9352,15.2539,2004-07-12,2012-05-16
IV,MMME,,LHZ,2008-05-10,True,1,1.0,1.0,,30.56631165703795,37.9352,15.2539,2004-07-12,2012-05-16
IV,MMME,,LHZ,2008-05-11,True,1,1.0,1.0,,30.56631165703795,37.9352,15.2539,2004-07-12,2012-05-16
IV,MMME,,LHZ,2008-05-12,True,1,1.0,1.0,,30.56631165703795,37.9352,15.2539,2004-07-12,2012-05-16
IV,MMME,,LHZ,2008-05-13,False,0,0.0,,No data available for request.,30.56631165703795,37.9352,15.2539,2004-07-12,2012-05-16
IV,MMME,,VHZ,2008-04-12,True,1,1.0,0.1,,30.56631165703795,37.9352,15.2539,2004-07-12,2012-05-16
IV,MMME,,VHZ,2008-04-13,True,1,1.0,0.1,,30.56631165703795,37.9352,15.2539,2004-07-12,2012-05-16
IV,MMME,,VHZ,2008-04-14,True,1,1.0,0.1,,30.56631165703795,37.9352,15.2539,2004-07-12,2012-05-16
IV,MMME,,VHZ,2008-04-15,True,1,1.0,0.1,,30.56631165703795,37.9352,15.2539,2004-07-12,2012-05-16
IV,MMME,,VHZ,2008-04-16,True,1,1.0,0.1,,30.56631165703795,37.9352,15.2539,2004-07-12,2012-05-16
IV,MMME,,VHZ,2008-04-17,True,1,1.0,0.1,,30.56631165703795,37.9352,15.2539,2004-07-12,2012-05-16
IV,MMME,,VHZ,2008-04-18,True,1,1.0,0.1,,30.56631165703795,37.9352,15.2539,2004-07-12,2012-05-16
IV,MMME,,VHZ,2008-04-19,True,1,1.0,0.1,,30.56631165703795,37.9352,15.2539,2004-07-12,2012-05-16
IV,MMME,,VHZ,2008-04-20,True,1,1.0,0.1,,30.56631165703795,37.9352,15.2539,2004-07-12,2012-05-16
IV,MMME,,VHZ,2008-04-21,True,1,1.0,0.1,,30.56631165703795,37.9352,15.2539,2004-07-12,2012-05-16
IV,MMME,,VHZ,2008-04-22,True,1,1.0,0.1,,30.56631165703795,37.9352,15.2539,2004-07-12,2012-05-16
IV,MMME,,VHZ,2008-04-23,True,1,1.0,0.1,,30.56631165703795,37.9352,15.2539,2004-07-12,2012-05-16
IV,MMME,,VHZ,2008-04-24,True,1,1.0,0.1,,30.56631165703795,37.9352,15.2539,2004-07-12,2012-05-16
IV,MMME,,VHZ,2008-04-25,True,1,1.0,0.1,,30.56631165703795,37.9352,15.2539,2004-07-12,2012-05-16
IV,MMME,,VHZ,2008-04-26,True,1,1.0,0.1,,30.56631165703795,37.9352,15.2539,2004-07-12,2012-05-16
IV,MMME,,VHZ,2008-04-27,True,1,1.0,0.1,,30.56631165703795,37.9352,15.2539,2004-07-12,2012-05-16
IV,MMME,,VHZ,2008-04-28,True,1,1.0,0.1,,30.56631165703795,37.9352,15.2539,2004-07-12,2012-05-16
IV,MMME,,VHZ,2008-04-29,True,1,1.0,0.1,,30.56631165703795,37.9352,15.2539,2004-07-12,2012-05-16
IV,MMME,,VHZ,2008-04-30,True,1,1.0,0.1,,30.56631165703795,37.9352,15.2539,2004-07-12,2012-05-16
IV,MMME,,VHZ,2008-05-01,True,1,1.0,0.1,,30.56631165703795,37.9352,15.2539,2004-07-12,2012-05-16
IV,MMME,,VHZ,2008-05-02,True,1,1.0,0.1,,30.56631165703795,37.9352,15.2539,2004-07-12,2012-05-16
IV,MMME,,VHZ,2008-05-03,True,1,1.0,0.1,,30.56631165703795,37.9352,15.2539,2004-07-12,2012-05-16
IV,MMME,,VHZ,2008-05-04,True,1,1.0,0.1,,30.56631165703795,37.9352,15.2539,2004-07-12,2012-05-16
IV,MMME,,VHZ,2008-05-05,True,1,1.0,0.1,,30.56631165703795,37.9352,15.2539,2004-07-12,2012-05-16
IV,MMME,,VHZ,2008-05-06,True,1,1.0,0.1,,30.56631165703795,37.9352,15.2539,2004-07-12,2012-05-16
IV,MMME,,VHZ,2008-05-07,True,1,1.0,0.1,,30.56631165703795,37.9352,15.2539,2004-07-12,2012-05-16
IV,MMME,,VHZ,2008-05-08,True,1,1.0,0.1,,30.56631165703795,37.9352,15.2539,2004-07-12,2012-05-16
IV,MMME,,VHZ,2008-05-09,True,1,1.0,0.1,,30.56631165703795,37.9352,15.2539,2004-07-12,2012-05-16
IV,MMME,,VHZ,2008-05-10,True,1,1.0,0.1,,30.56631165703795,37.9352,15.2539,2004-07-12,2012-05-16
IV,MMME,,VHZ,2008-05-11,True,1,1.0,0.1,,30.56631165703795,37.9352,15.2539,2004-07-12,2012-05-16
IV,MMME,,VHZ,2008-05-12,True,1,1.0,0.1,,30.56631165703795,37.9352,15.2539,2004-07-12,2012-05-16
IV,MMME,,VHZ,2008-05-13,False,0,0.0,,No data available for request.,30.56631165703795,37.9352,15.2539,2004-07-12,2012-05-16
IV,MNO,,SHZ,2008-04-12,True,1,1.0,50.0,,33.566606903670404,37.931,14.695,2007-12-17,2019-11-27
IV,MNO,,SHZ,2008-04-13,True,1,1.0,50.0,,33.566606903670404,37.931,14.695,2007-12-17,2019-11-27
IV,MNO,,SHZ,2008-04-14,True,1,1.0,50.0,,33.566606903670404,37.931,14.695,2007-12-17,2019-11-27
IV,MNO,,SHZ,2008-04-15,True,1,1.0,50.0,,33.566606903670404,37.931,14.695,2007-12-17,2019-11-27
IV,MNO,,SHZ,2008-04-16,True,1,1.0,50.0,,33.566606903670404,37.931,14.695,2007-12-17,2019-11-27
IV,MNO,,SHZ,2008-04-17,True,118,2.1175,50.0,,33.566606903670404,37.931,14.695,2007-12-17,2019-11-27
IV,MNO,,SHZ,2008-04-18,True,5,0.9498666666666666,50.0,,33.566606903670404,37.931,14.695,2007-12-17,2019-11-27
IV,MNO,,SHZ,2008-04-19,True,1,1.0,50.0,,33.566606903670404,37.931,14.695,2007-12-17,2019-11-27
IV,MNO,,SHZ,2008-04-20,True,1,1.0,50.0,,33.566606903670404,37.931,14.695,2007-12-17,2019-11-27
IV,MNO,,SHZ,2008-04-21,True,1,1.0,50.0,,33.566606903670404,37.931,14.695,2007-12-17,2019-11-27
IV,MNO,,SHZ,2008-04-22,True,1,1.0,50.0,,33.566606903670404,37.931,14.695,2007-12-17,2019-11-27
IV,MNO,,SHZ,2008-04-23,True,1,1.0,50.0,,33.566606903670404,37.931,14.695,2007-12-17,2019-11-27
IV,MNO,,SHZ,2008-04-24,True,1,1.0,50.0,,33.566606903670404,37.931,14.695,2007-12-17,2019-11-27
IV,MNO,,SHZ,2008-04-25,True,1,1.0,50.0,,33.566606903670404,37.931,14.695,2007-12-17,2019-11-27
IV,MNO,,SHZ,2008-04-26,True,1,1.0,50.0,,33.566606903670404,37.931,14.695,2007-12-17,2019-11-27
IV,MNO,,SHZ,2008-04-27,True,1,1.0,50.0,,33.566606903670404,37.931,14.695,2007-12-17,2019-11-27
IV,MNO,,SHZ,2008-04-28,True,1,1.0,50.0,,33.566606903670404,37.931,14.695,2007-12-17,2019-11-27
IV,MNO,,SHZ,2008-04-29,True,1,1.0,50.0,,33.566606903670404,37.931,14.695,2007-12-17,2019-11-27
IV,MNO,,SHZ,2008-04-30,True,1,1.0,50.0,,33.566606903670404,37.931,14.695,2007-12-17,2019-11-27
IV,MNO,,SHZ,2008-05-01,True,1,1.0,50.0,,33.566606903670404,37.931,14.695,2007-12-17,2019-11-27
IV,MNO,,SHZ,2008-05-02,True,1,1.0,50.0,,33.566606903670404,37.931,14.695,2007-12-17,2019-11-27
IV,MNO,,SHZ,2008-05-03,True,1,1.0,50.0,,33.566606903670404,37.931,14.695,2007-12-17,2019-11-27
IV,MNO,,SHZ,2008-05-04,True,1,1.0,50.0,,33.566606903670404,37.931,14.695,2007-12-17,2019-11-27
IV,MNO,,SHZ,2008-05-05,True,1,1.0,50.0,,33.566606903670404,37.931,14.695,2007-12-17,2019-11-27
IV,MNO,,SHZ,2008-05-06,True,1,0.9899666666666667,50.0,,33.566606903670404,37.931,14.695,2007-12-17,2019-11-27
IV,MNO,,SHZ,2008-05-07,True,1,1.0,50.0,,33.566606903670404,37.931,14.695,2007-12-17,2019-11-27
IV,MNO,,SHZ,2008-05-08,True,1,1.0,50.0,,33.566606903670404,37.931,14.695,2007-12-17,2019-11-27
IV,MNO,,SHZ,2008-05-09,True,1,1.0,50.0,,33.566606903670404,37.931,14.695,2007-12-17,2019-11-27
IV,MNO,,SHZ,2008-05-10,True,1,1.0,50.0,,33.566606903670404,37.931,14.695,2007-12-17,2019-11-27
IV,MNO,,SHZ,2008-05-11,True,1,1.0,50.0,,33.566606903670404,37.931,14.695,2007-12-17,2019-11-27
IV,MNO,,SHZ,2008-05-12,True,1,1.0,50.0,,33.566606903670404,37.931,14.695,2007-12-17,2019-11-27
IV,MNO,,SHZ,2008-05-13,True,1,1.0,50.0,,33.566606903670404,37.931,14.695,2007-12-17,2019-11-27
IV,GALF,,BHZ,2008-04-12,True,1,1.0,20.0,,38.261725284918505,37.7107,14.5665,2006-10-27,2018-04-18
IV,GALF,,BHZ,2008-04-13,True,1,1.0,20.0,,38.261725284918505,37.7107,14.5665,2006-10-27,2018-04-18
IV,GALF,,BHZ,2008-04-14,True,1,1.0,20.0,,38.261725284918505,37.7107,14.5665,2006-10-27,2018-04-18
IV,GALF,,BHZ,2008-04-15,True,1,1.0,20.0,,38.261725284918505,37.7107,14.5665,2006-10-27,2018-04-18
IV,GALF,,BHZ,2008-04-16,True,1,1.0,20.0,,38.261725284918505,37.7107,14.5665,2006-10-27,2018-04-18
IV,GALF,,BHZ,2008-04-17,True,8,0.8736666666666667,20.0,,38.261725284918505,37.7107,14.5665,2006-10-27,2018-04-18
IV,GALF,,BHZ,2008-04-18,True,1,1.0,20.0,,38.261725284918505,37.7107,14.5665,2006-10-27,2018-04-18
IV,GALF,,BHZ,2008-04-19,True,1,1.0,20.0,,38.261725284918505,37.7107,14.5665,2006-10-27,2018-04-18
IV,GALF,,BHZ,2008-04-20,True,1,1.0,20.0,,38.261725284918505,37.7107,14.5665,2006-10-27,2018-04-18
IV,GALF,,BHZ,2008-04-21,True,2,0.9961666666666668,20.0,,38.261725284918505,37.7107,14.5665,2006-10-27,2018-04-18
IV,GALF,,BHZ,2008-04-22,True,1,1.0,20.0,,38.261725284918505,37.7107,14.5665,2006-10-27,2018-04-18
IV,GALF,,BHZ,2008-04-23,True,1,1.0,20.0,,38.261725284918505,37.7107,14.5665,2006-10-27,2018-04-18
IV,GALF,,BHZ,2008-04-24,True,1,1.0,20.0,,38.261725284918505,37.7107,14.5665,2006-10-27,2018-04-18
IV,GALF,,BHZ,2008-04-25,True,1,1.0,20.0,,38.261725284918505,37.7107,14.5665,2006-10-27,2018-04-18
IV,GALF,,BHZ,2008-04-26,True,1,1.0,20.0,,38.261725284918505,37.7107,14.5665,2006-10-27,2018-04-18
IV,GALF,,BHZ,2008-04-27,True,1,1.0,20.0,,38.261725284918505,37.7107,14.5665,2006-10-27,2018-04-18
IV,GALF,,BHZ,2008-04-28,True,1,1.0,20.0,,38.261725284918505,37.7107,14.5665,2006-10-27,2018-04-18
IV,GALF,,BHZ,2008-04-29,True,1,1.0,20.0,,38.261725284918505,37.7107,14.5665,2006-10-27,2018-04-18
IV,GALF,,BHZ,2008-04-30,True,1,1.0,20.0,,38.261725284918505,37.7107,14.5665,2006-10-27,2018-04-18
IV,GALF,,BHZ,2008-05-01,True,1,1.0,20.0,,38.261725284918505,37.7107,14.5665,2006-10-27,2018-04-18
IV,GALF,,BHZ,2008-05-02,True,1,1.0,20.0,,38.261725284918505,37.7107,14.5665,2006-10-27,2018-04-18
IV,GALF,,BHZ,2008-05-03,True,1,0.9999166666666668,20.0,,38.261725284918505,37.7107,14.5665,2006-10-27,2018-04-18
IV,GALF,,BHZ,2008-05-04,True,1,0.9999166666666668,20.0,,38.261725284918505,37.7107,14.5665,2006-10-27,2018-04-18
IV,GALF,,BHZ,2008-05-05,True,1,1.0,20.0,,38.261725284918505,37.7107,14.5665,2006-10-27,2018-04-18
IV,GALF,,BHZ,2008-05-06,True,1,1.0,20.0,,38.261725284918505,37.7107,14.5665,2006-10-27,2018-04-18
IV,GALF,,BHZ,2008-05-07,False,0,0.0,,No data available for request.,38.261725284918505,37.7107,14.5665,2006-10-27,2018-04-18
IV,GALF,,BHZ,2008-05-08,True,1,1.0,20.0,,38.261725284918505,37.7107,14.5665,2006-10-27,2018-04-18
IV,GALF,,BHZ,2008-05-09,True,1,1.0,20.0,,38.261725284918505,37.7107,14.5665,2006-10-27,2018-04-18
IV,GALF,,BHZ,2008-05-10,True,1,0.9999166666666668,20.0,,38.261725284918505,37.7107,14.5665,2006-10-27,2018-04-18
IV,GALF,,BHZ,2008-05-11,True,1,1.0,20.0,,38.261725284918505,37.7107,14.5665,2006-10-27,2018-04-18
IV,GALF,,BHZ,2008-05-12,True,1,1.0,20.0,,38.261725284918505,37.7107,14.5665,2006-10-27,2018-04-18
IV,GALF,,BHZ,2008-05-13,True,1,1.0,20.0,,38.261725284918505,37.7107,14.5665,2006-10-27,2018-04-18
IV,GALF,,HHZ,2008-04-12,True,1,1.0,100.0,,38.261725284918505,37.7107,14.5665,2006-10-27,2018-04-18
IV,GALF,,HHZ,2008-04-13,True,1,1.0,100.0,,38.261725284918505,37.7107,14.5665,2006-10-27,2018-04-18
IV,GALF,,HHZ,2008-04-14,True,1,1.0,100.0,,38.261725284918505,37.7107,14.5665,2006-10-27,2018-04-18
IV,GALF,,HHZ,2008-04-15,True,1,1.0,100.0,,38.261725284918505,37.7107,14.5665,2006-10-27,2018-04-18
IV,GALF,,HHZ,2008-04-16,True,1,1.0,100.0,,38.261725284918505,37.7107,14.5665,2006-10-27,2018-04-18
IV,GALF,,HHZ,2008-04-17,True,8,0.8741000000000001,100.0,,38.261725284918505,37.7107,14.5665,2006-10-27,2018-04-18
IV,GALF,,HHZ,2008-04-18,True,1,1.0,100.0,,38.261725284918505,37.7107,14.5665,2006-10-27,2018-04-18
IV,GALF,,HHZ,2008-04-19,True,1,1.0,100.0,,38.261725284918505,37.7107,14.5665,2006-10-27,2018-04-18
IV,GALF,,HHZ,2008-04-20,True,1,1.0,100.0,,38.261725284918505,37.7107,14.5665,2006-10-27,2018-04-18
IV,GALF,,HHZ,2008-04-21,True,2,0.99625,100.0,,38.261725284918505,37.7107,14.5665,2006-10-27,2018-04-18
IV,GALF,,HHZ,2008-04-22,True,1,1.0,100.0,,38.261725284918505,37.7107,14.5665,2006-10-27,2018-04-18
IV,GALF,,HHZ,2008-04-23,True,1,1.0,100.0,,38.261725284918505,37.7107,14.5665,2006-10-27,2018-04-18
IV,GALF,,HHZ,2008-04-24,True,1,1.0,100.0,,38.261725284918505,37.7107,14.5665,2006-10-27,2018-04-18
IV,GALF,,HHZ,2008-04-25,True,1,1.0,100.0,,38.261725284918505,37.7107,14.5665,2006-10-27,2018-04-18
IV,GALF,,HHZ,2008-04-26,True,1,1.0,100.0,,38.261725284918505,37.7107,14.5665,2006-10-27,2018-04-18
IV,GALF,,HHZ,2008-04-27,True,1,1.0,100.0,,38.261725284918505,37.7107,14.5665,2006-10-27,2018-04-18
IV,GALF,,HHZ,2008-04-28,True,1,1.0,100.0,,38.261725284918505,37.7107,14.5665,2006-10-27,2018-04-18
IV,GALF,,HHZ,2008-04-29,True,1,1.0,100.0,,38.261725284918505,37.7107,14.5665,2006-10-27,2018-04-18
IV,GALF,,HHZ,2008-04-30,True,1,1.0,100.0,,38.261725284918505,37.7107,14.5665,2006-10-27,2018-04-18
IV,GALF,,HHZ,2008-05-01,True,1,1.0,100.0,,38.261725284918505,37.7107,14.5665,2006-10-27,2018-04-18
IV,GALF,,HHZ,2008-05-02,True,1,1.0,100.0,,38.261725284918505,37.7107,14.5665,2006-10-27,2018-04-18
IV,GALF,,HHZ,2008-05-03,True,1,1.0,100.0,,38.261725284918505,37.7107,14.5665,2006-10-27,2018-04-18
IV,GALF,,HHZ,2008-05-04,True,1,1.0,100.0,,38.261725284918505,37.7107,14.5665,2006-10-27,2018-04-18
IV,GALF,,HHZ,2008-05-05,True,1,1.0,100.0,,38.261725284918505,37.7107,14.5665,2006-10-27,2018-04-18
IV,GALF,,HHZ,2008-05-06,True,1,1.0,100.0,,38.261725284918505,37.7107,14.5665,2006-10-27,2018-04-18
IV,GALF,,HHZ,2008-05-07,False,0,0.0,,No data available for request.,38.261725284918505,37.7107,14.5665,2006-10-27,2018-04-18
IV,GALF,,HHZ,2008-05-08,True,1,1.0,100.0,,38.261725284918505,37.7107,14.5665,2006-10-27,2018-04-18
IV,GALF,,HHZ,2008-05-09,True,1,1.0,100.0,,38.261725284918505,37.7107,14.5665,2006-10-27,2018-04-18
IV,GALF,,HHZ,2008-05-10,True,1,1.0,100.0,,38.261725284918505,37.7107,14.5665,2006-10-27,2018-04-18
IV,GALF,,HHZ,2008-05-11,True,1,1.0,100.0,,38.261725284918505,37.7107,14.5665,2006-10-27,2018-04-18
IV,GALF,,HHZ,2008-05-12,True,1,1.0,100.0,,38.261725284918505,37.7107,14.5665,2006-10-27,2018-04-18
IV,GALF,,HHZ,2008-05-13,True,1,1.0,100.0,,38.261725284918505,37.7107,14.5665,2006-10-27,2018-04-18
IV,GALF,,LHZ,2008-04-12,True,1,1.0,1.0,,38.261725284918505,37.7107,14.5665,2006-10-27,2018-04-18
IV,GALF,,LHZ,2008-04-13,True,1,1.0,1.0,,38.261725284918505,37.7107,14.5665,2006-10-27,2018-04-18
IV,GALF,,LHZ,2008-04-14,True,1,1.0,1.0,,38.261725284918505,37.7107,14.5665,2006-10-27,2018-04-18
IV,GALF,,LHZ,2008-04-15,True,1,1.0,1.0,,38.261725284918505,37.7107,14.5665,2006-10-27,2018-04-18
IV,GALF,,LHZ,2008-04-16,True,1,1.0,1.0,,38.261725284918505,37.7107,14.5665,2006-10-27,2018-04-18
IV,GALF,,LHZ,2008-04-17,True,8,0.8633333333333333,1.0,,38.261725284918505,37.7107,14.5665,2006-10-27,2018-04-18
IV,GALF,,LHZ,2008-04-18,True,1,1.0,1.0,,38.261725284918505,37.7107,14.5665,2006-10-27,2018-04-18
IV,GALF,,LHZ,2008-04-19,True,1,1.0,1.0,,38.261725284918505,37.7107,14.5665,2006-10-27,2018-04-18
IV,GALF,,LHZ,2008-04-20,True,1,1.0,1.0,,38.261725284918505,37.7107,14.5665,2006-10-27,2018-04-18
IV,GALF,,LHZ,2008-04-21,True,2,0.995,1.0,,38.261725284918505,37.7107,14.5665,2006-10-27,2018-04-18
IV,GALF,,LHZ,2008-04-22,True,1,1.0,1.0,,38.261725284918505,37.7107,14.5665,2006-10-27,2018-04-18
IV,GALF,,LHZ,2008-04-23,True,1,1.0,1.0,,38.261725284918505,37.7107,14.5665,2006-10-27,2018-04-18
IV,GALF,,LHZ,2008-04-24,True,1,1.0,1.0,,38.261725284918505,37.7107,14.5665,2006-10-27,2018-04-18
IV,GALF,,LHZ,2008-04-25,True,1,1.0,1.0,,38.261725284918505,37.7107,14.5665,2006-10-27,2018-04-18
IV,GALF,,LHZ,2008-04-26,True,1,1.0,1.0,,38.261725284918505,37.7107,14.5665,2006-10-27,2018-04-18
IV,GALF,,LHZ,2008-04-27,True,1,1.0,1.0,,38.261725284918505,37.7107,14.5665,2006-10-27,2018-04-18
IV,GALF,,LHZ,2008-04-28,True,1,1.0,1.0,,38.261725284918505,37.7107,14.5665,2006-10-27,2018-04-18
IV,GALF,,LHZ,2008-04-29,True,1,1.0,1.0,,38.261725284918505,37.7107,14.5665,2006-10-27,2018-04-18
IV,GALF,,LHZ,2008-04-30,True,1,1.0,1.0,,38.261725284918505,37.7107,14.5665,2006-10-27,2018-04-18
IV,GALF,,LHZ,2008-05-01,True,1,1.0,1.0,,38.261725284918505,37.7107,14.5665,2006-10-27,2018-04-18
IV,GALF,,LHZ,2008-05-02,True,1,1.0,1.0,,38.261725284918505,37.7107,14.5665,2006-10-27,2018-04-18
IV,GALF,,LHZ,2008-05-03,True,1,1.0,1.0,,38.261725284918505,37.7107,14.5665,2006-10-27,2018-04-18
IV,GALF,,LHZ,2008-05-04,True,1,1.0,1.0,,38.261725284918505,37.7107,14.5665,2006-10-27,2018-04-18
IV,GALF,,LHZ,2008-05-05,True,1,1.0,1.0,,38.261725284918505,37.7107,14.5665,2006-10-27,2018-04-18
IV,GALF,,LHZ,2008-05-06,True,1,1.0,1.0,,38.261725284918505,37.7107,14.5665,2006-10-27,2018-04-18
IV,GALF,,LHZ,2008-05-07,False,0,0.0,,No data available for request.,38.261725284918505,37.7107,14.5665,2006-10-27,2018-04-18
IV,GALF,,LHZ,2008-05-08,True,1,1.0,1.0,,38.261725284918505,37.7107,14.5665,2006-10-27,2018-04-18
IV,GALF,,LHZ,2008-05-09,True,1,1.0,1.0,,38.261725284918505,37.7107,14.5665,2006-10-27,2018-04-18
IV,GALF,,LHZ,2008-05-10,True,1,1.0,1.0,,38.261725284918505,37.7107,14.5665,2006-10-27,2018-04-18
IV,GALF,,LHZ,2008-05-11,True,1,1.0,1.0,,38.261725284918505,37.7107,14.5665,2006-10-27,2018-04-18
IV,GALF,,LHZ,2008-05-12,True,1,1.0,1.0,,38.261725284918505,37.7107,14.5665,2006-10-27,2018-04-18
IV,GALF,,LHZ,2008-05-13,True,1,1.0,1.0,,38.261725284918505,37.7107,14.5665,2006-10-27,2018-04-18
IV,GALF,,VHZ,2008-04-12,True,1,1.0,0.1,,38.261725284918505,37.7107,14.5665,2006-10-27,2018-04-18
IV,GALF,,VHZ,2008-04-13,True,1,1.0,0.1,,38.261725284918505,37.7107,14.5665,2006-10-27,2018-04-18
IV,GALF,,VHZ,2008-04-14,True,1,1.0,0.1,,38.261725284918505,37.7107,14.5665,2006-10-27,2018-04-18
IV,GALF,,VHZ,2008-04-15,True,1,1.0,0.1,,38.261725284918505,37.7107,14.5665,2006-10-27,2018-04-18
IV,GALF,,VHZ,2008-04-16,True,1,1.0,0.1,,38.261725284918505,37.7107,14.5665,2006-10-27,2018-04-18
IV,GALF,,VHZ,2008-04-17,True,4,0.8,0.1,,38.261725284918505,37.7107,14.5665,2006-10-27,2018-04-18
IV,GALF,,VHZ,2008-04-18,True,1,1.0,0.1,,38.261725284918505,37.7107,14.5665,2006-10-27,2018-04-18
IV,GALF,,VHZ,2008-04-19,True,1,1.0,0.1,,38.261725284918505,37.7107,14.5665,2006-10-27,2018-04-18
IV,GALF,,VHZ,2008-04-20,True,1,1.0,0.1,,38.261725284918505,37.7107,14.5665,2006-10-27,2018-04-18
IV,GALF,,VHZ,2008-04-21,True,1,1.0,0.1,,38.261725284918505,37.7107,14.5665,2006-10-27,2018-04-18
IV,GALF,,VHZ,2008-04-22,True,1,1.0,0.1,,38.261725284918505,37.7107,14.5665,2006-10-27,2018-04-18
IV,GALF,,VHZ,2008-04-23,True,1,1.0,0.1,,38.261725284918505,37.7107,14.5665,2006-10-27,2018-04-18
IV,GALF,,VHZ,2008-04-24,True,1,1.0,0.1,,38.261725284918505,37.7107,14.5665,2006-10-27,2018-04-18
IV,GALF,,VHZ,2008-04-25,True,1,1.0,0.1,,38.261725284918505,37.7107,14.5665,2006-10-27,2018-04-18
IV,GALF,,VHZ,2008-04-26,True,1,1.0,0.1,,38.261725284918505,37.7107,14.5665,2006-10-27,2018-04-18
IV,GALF,,VHZ,2008-04-27,True,1,1.0,0.1,,38.261725284918505,37.7107,14.5665,2006-10-27,2018-04-18
IV,GALF,,VHZ,2008-04-28,True,1,1.0,0.1,,38.261725284918505,37.7107,14.5665,2006-10-27,2018-04-18
IV,GALF,,VHZ,2008-04-29,True,1,1.0,0.1,,38.261725284918505,37.7107,14.5665,2006-10-27,2018-04-18
IV,GALF,,VHZ,2008-04-30,True,1,1.0,0.1,,38.261725284918505,37.7107,14.5665,2006-10-27,2018-04-18
IV,GALF,,VHZ,2008-05-01,True,1,1.0,0.1,,38.261725284918505,37.7107,14.5665,2006-10-27,2018-04-18
IV,GALF,,VHZ,2008-05-02,True,1,1.0,0.1,,38.261725284918505,37.7107,14.5665,2006-10-27,2018-04-18
IV,GALF,,VHZ,2008-05-03,True,1,1.0,0.1,,38.261725284918505,37.7107,14.5665,2006-10-27,2018-04-18
IV,GALF,,VHZ,2008-05-04,True,1,1.0,0.1,,38.261725284918505,37.7107,14.5665,2006-10-27,2018-04-18
IV,GALF,,VHZ,2008-05-05,True,1,1.0,0.1,,38.261725284918505,37.7107,14.5665,2006-10-27,2018-04-18
IV,GALF,,VHZ,2008-05-06,True,1,1.0,0.1,,38.261725284918505,37.7107,14.5665,2006-10-27,2018-04-18
IV,GALF,,VHZ,2008-05-07,False,0,0.0,,No data available for request.,38.261725284918505,37.7107,14.5665,2006-10-27,2018-04-18
IV,GALF,,VHZ,2008-05-08,True,1,1.0,0.1,,38.261725284918505,37.7107,14.5665,2006-10-27,2018-04-18
IV,GALF,,VHZ,2008-05-09,True,1,1.0,0.1,,38.261725284918505,37.7107,14.5665,2006-10-27,2018-04-18
IV,GALF,,VHZ,2008-05-10,True,1,1.0,0.1,,38.261725284918505,37.7107,14.5665,2006-10-27,2018-04-18
IV,GALF,,VHZ,2008-05-11,True,1,1.0,0.1,,38.261725284918505,37.7107,14.5665,2006-10-27,2018-04-18
IV,GALF,,VHZ,2008-05-12,True,1,1.0,0.1,,38.261725284918505,37.7107,14.5665,2006-10-27,2018-04-18
IV,GALF,,VHZ,2008-05-13,True,1,1.0,0.1,,38.261725284918505,37.7107,14.5665,2006-10-27,2018-04-18
IV,ME07,,EHZ,2008-04-12,True,1,1.0,125.0,,40.54282537176917,38.08128,14.811569,2007-11-22,2008-05-10
IV,ME07,,EHZ,2008-04-13,True,1,1.0,125.0,,40.54282537176917,38.08128,14.811569,2007-11-22,2008-05-10
IV,ME07,,EHZ,2008-04-14,True,1,1.0,125.0,,40.54282537176917,38.08128,14.811569,2007-11-22,2008-05-10
IV,ME07,,EHZ,2008-04-15,True,1,1.0,125.0,,40.54282537176917,38.08128,14.811569,2007-11-22,2008-05-10
IV,ME07,,EHZ,2008-04-16,True,1,1.0,125.0,,40.54282537176917,38.08128,14.811569,2007-11-22,2008-05-10
IV,ME07,,EHZ,2008-04-17,True,1,1.0,125.0,,40.54282537176917,38.08128,14.811569,2007-11-22,2008-05-10
IV,ME07,,EHZ,2008-04-18,True,1,1.0,125.0,,40.54282537176917,38.08128,14.811569,2007-11-22,2008-05-10
IV,ME07,,EHZ,2008-04-19,True,1,1.0,125.0,,40.54282537176917,38.08128,14.811569,2007-11-22,2008-05-10
IV,ME07,,EHZ,2008-04-20,True,1,1.0,125.0,,40.54282537176917,38.08128,14.811569,2007-11-22,2008-05-10
IV,ME07,,EHZ,2008-04-21,True,1,1.0,125.0,,40.54282537176917,38.08128,14.811569,2007-11-22,2008-05-10
IV,ME07,,EHZ,2008-04-22,True,1,1.0,125.0,,40.54282537176917,38.08128,14.811569,2007-11-22,2008-05-10
IV,ME07,,EHZ,2008-04-23,True,1,1.0,125.0,,40.54282537176917,38.08128,14.811569,2007-11-22,2008-05-10
IV,ME07,,EHZ,2008-04-24,True,1,1.0,125.0,,40.54282537176917,38.08128,14.811569,2007-11-22,2008-05-10
IV,ME07,,EHZ,2008-04-25,True,1,1.0,125.0,,40.54282537176917,38.08128,14.811569,2007-11-22,2008-05-10
IV,ME07,,EHZ,2008-04-26,True,1,1.0,125.0,,40.54282537176917,38.08128,14.811569,2007-11-22,2008-05-10
IV,ME07,,EHZ,2008-04-27,True,1,1.0,125.0,,40.54282537176917,38.08128,14.811569,2007-11-22,2008-05-10
IV,ME07,,EHZ,2008-04-28,True,1,1.0,125.0,,40.54282537176917,38.08128,14.811569,2007-11-22,2008-05-10
IV,ME07,,EHZ,2008-04-29,True,1,1.0,125.0,,40.54282537176917,38.08128,14.811569,2007-11-22,2008-05-10
IV,ME07,,EHZ,2008-04-30,True,1,1.0,125.0,,40.54282537176917,38.08128,14.811569,2007-11-22,2008-05-10
IV,ME07,,EHZ,2008-05-01,True,1,1.0,125.0,,40.54282537176917,38.08128,14.811569,2007-11-22,2008-05-10
IV,ME07,,EHZ,2008-05-02,True,1,1.0,125.0,,40.54282537176917,38.08128,14.811569,2007-11-22,2008-05-10
IV,ME07,,EHZ,2008-05-03,True,1,1.0,125.0,,40.54282537176917,38.08128,14.811569,2007-11-22,2008-05-10
IV,ME07,,EHZ,2008-05-04,True,1,1.0,125.0,,40.54282537176917,38.08128,14.811569,2007-11-22,2008-05-10
IV,ME07,,EHZ,2008-05-05,True,1,1.0,125.0,,40.54282537176917,38.08128,14.811569,2007-11-22,2008-05-10
IV,ME07,,EHZ,2008-05-06,True,1,1.0,125.0,,40.54282537176917,38.08128,14.811569,2007-11-22,2008-05-10
IV,ME07,,EHZ,2008-05-07,True,1,1.0,125.0,,40.54282537176917,38.08128,14.811569,2007-11-22,2008-05-10
IV,ME07,,EHZ,2008-05-08,True,1,1.0,125.0,,40.54282537176917,38.08128,14.811569,2007-11-22,2008-05-10
IV,ME07,,EHZ,2008-05-09,True,1,1.0,125.0,,40.54282537176917,38.08128,14.811569,2007-11-22,2008-05-10
IV,ME07,,EHZ,2008-05-10,True,1,1.0,125.0,,40.54282537176917,38.08128,14.811569,2007-11-22,2008-05-10
IV,ME07,,EHZ,2008-05-11,False,0,0.0,,No data available for request.,40.54282537176917,38.08128,14.811569,2007-11-22,2008-05-10
IV,ME07,,EHZ,2008-05-12,False,0,0.0,,No data available for request.,40.54282537176917,38.08128,14.811569,2007-11-22,2008-05-10
IV,ME07,,EHZ,2008-05-13,False,0,0.0,,No data available for request.,40.54282537176917,38.08128,14.811569,2007-11-22,2008-05-10
IV,ME15,,HHZ,2008-04-12,False,0,0.0,,No data available for request.,47.82785121963536,38.170807,14.898788,2008-05-12,2010-01-31
IV,ME15,,HHZ,2008-04-13,False,0,0.0,,No data available for request.,47.82785121963536,38.170807,14.898788,2008-05-12,2010-01-31
IV,ME15,,HHZ,2008-04-14,False,0,0.0,,No data available for request.,47.82785121963536,38.170807,14.898788,2008-05-12,2010-01-31
IV,ME15,,HHZ,2008-04-15,False,0,0.0,,No data available for request.,47.82785121963536,38.170807,14.898788,2008-05-12,2010-01-31
IV,ME15,,HHZ,2008-04-16,False,0,0.0,,No data available for request.,47.82785121963536,38.170807,14.898788,2008-05-12,2010-01-31
IV,ME15,,HHZ,2008-04-17,False,0,0.0,,No data available for request.,47.82785121963536,38.170807,14.898788,2008-05-12,2010-01-31
IV,ME15,,HHZ,2008-04-18,False,0,0.0,,No data available for request.,47.82785121963536,38.170807,14.898788,2008-05-12,2010-01-31
IV,ME15,,HHZ,2008-04-19,False,0,0.0,,No data available for request.,47.82785121963536,38.170807,14.898788,2008-05-12,2010-01-31
IV,ME15,,HHZ,2008-04-20,False,0,0.0,,No data available for request.,47.82785121963536,38.170807,14.898788,2008-05-12,2010-01-31
IV,ME15,,HHZ,2008-04-21,False,0,0.0,,No data available for request.,47.82785121963536,38.170807,14.898788,2008-05-12,2010-01-31
IV,ME15,,HHZ,2008-04-22,False,0,0.0,,No data available for request.,47.82785121963536,38.170807,14.898788,2008-05-12,2010-01-31
IV,ME15,,HHZ,2008-04-23,False,0,0.0,,No data available for request.,47.82785121963536,38.170807,14.898788,2008-05-12,2010-01-31
IV,ME15,,HHZ,2008-04-24,False,0,0.0,,No data available for request.,47.82785121963536,38.170807,14.898788,2008-05-12,2010-01-31
IV,ME15,,HHZ,2008-04-25,False,0,0.0,,No data available for request.,47.82785121963536,38.170807,14.898788,2008-05-12,2010-01-31
IV,ME15,,HHZ,2008-04-26,False,0,0.0,,No data available for request.,47.82785121963536,38.170807,14.898788,2008-05-12,2010-01-31
IV,ME15,,HHZ,2008-04-27,False,0,0.0,,No data available for request.,47.82785121963536,38.170807,14.898788,2008-05-12,2010-01-31
IV,ME15,,HHZ,2008-04-28,False,0,0.0,,No data available for request.,47.82785121963536,38.170807,14.898788,2008-05-12,2010-01-31
IV,ME15,,HHZ,2008-04-29,False,0,0.0,,No data available for request.,47.82785121963536,38.170807,14.898788,2008-05-12,2010-01-31
IV,ME15,,HHZ,2008-04-30,False,0,0.0,,No data available for request.,47.82785121963536,38.170807,14.898788,2008-05-12,2010-01-31
IV,ME15,,HHZ,2008-05-01,False,0,0.0,,No data available for request.,47.82785121963536,38.170807,14.898788,2008-05-12,2010-01-31
IV,ME15,,HHZ,2008-05-02,False,0,0.0,,No data available for request.,47.82785121963536,38.170807,14.898788,2008-05-12,2010-01-31
IV,ME15,,HHZ,2008-05-03,False,0,0.0,,No data available for request.,47.82785121963536,38.170807,14.898788,2008-05-12,2010-01-31
IV,ME15,,HHZ,2008-05-04,False,0,0.0,,No data available for request.,47.82785121963536,38.170807,14.898788,2008-05-12,2010-01-31
IV,ME15,,HHZ,2008-05-05,False,0,0.0,,No data available for request.,47.82785121963536,38.170807,14.898788,2008-05-12,2010-01-31
IV,ME15,,HHZ,2008-05-06,False,0,0.0,,No data available for request.,47.82785121963536,38.170807,14.898788,2008-05-12,2010-01-31
IV,ME15,,HHZ,2008-05-07,False,0,0.0,,No data available for request.,47.82785121963536,38.170807,14.898788,2008-05-12,2010-01-31
IV,ME15,,HHZ,2008-05-08,False,0,0.0,,No data available for request.,47.82785121963536,38.170807,14.898788,2008-05-12,2010-01-31
IV,ME15,,HHZ,2008-05-09,False,0,0.0,,No data available for request.,47.82785121963536,38.170807,14.898788,2008-05-12,2010-01-31
IV,ME15,,HHZ,2008-05-10,False,0,0.0,,No data available for request.,47.82785121963536,38.170807,14.898788,2008-05-12,2010-01-31
IV,ME15,,HHZ,2008-05-11,False,0,0.0,,No data available for request.,47.82785121963536,38.170807,14.898788,2008-05-12,2010-01-31
IV,ME15,,HHZ,2008-05-12,False,0,0.0,,No data available for request.,47.82785121963536,38.170807,14.898788,2008-05-12,2010-01-31
IV,ME15,,HHZ,2008-05-13,False,0,0.0,,No data available for request.,47.82785121963536,38.170807,14.898788,2008-05-12,2010-01-31
IV,ME02,,EHZ,2008-04-12,True,1,1.0,125.0,,47.890705124183675,38.033211,14.590067,2007-10-19,2009-02-03
IV,ME02,,EHZ,2008-04-13,True,1,1.0,125.0,,47.890705124183675,38.033211,14.590067,2007-10-19,2009-02-03
IV,ME02,,EHZ,2008-04-14,True,1,1.0,125.0,,47.890705124183675,38.033211,14.590067,2007-10-19,2009-02-03
IV,ME02,,EHZ,2008-04-15,True,1,1.0,125.0,,47.890705124183675,38.033211,14.590067,2007-10-19,2009-02-03
IV,ME02,,EHZ,2008-04-16,True,1,1.0,125.0,,47.890705124183675,38.033211,14.590067,2007-10-19,2009-02-03
IV,ME02,,EHZ,2008-04-17,True,1,1.0,125.0,,47.890705124183675,38.033211,14.590067,2007-10-19,2009-02-03
IV,ME02,,EHZ,2008-04-18,True,1,1.0,125.0,,47.890705124183675,38.033211,14.590067,2007-10-19,2009-02-03
IV,ME02,,EHZ,2008-04-19,True,1,1.0,125.0,,47.890705124183675,38.033211,14.590067,2007-10-19,2009-02-03
IV,ME02,,EHZ,2008-04-20,True,1,1.0,125.0,,47.890705124183675,38.033211,14.590067,2007-10-19,2009-02-03
IV,ME02,,EHZ,2008-04-21,True,1,1.0,125.0,,47.890705124183675,38.033211,14.590067,2007-10-19,2009-02-03
IV,ME02,,EHZ,2008-04-22,True,1,1.0,125.0,,47.890705124183675,38.033211,14.590067,2007-10-19,2009-02-03
IV,ME02,,EHZ,2008-04-23,True,1,1.0,125.0,,47.890705124183675,38.033211,14.590067,2007-10-19,2009-02-03
IV,ME02,,EHZ,2008-04-24,True,1,1.0,125.0,,47.890705124183675,38.033211,14.590067,2007-10-19,2009-02-03
IV,ME02,,EHZ,2008-04-25,True,1,1.0,125.0,,47.890705124183675,38.033211,14.590067,2007-10-19,2009-02-03
IV,ME02,,EHZ,2008-04-26,True,1,1.0,125.0,,47.890705124183675,38.033211,14.590067,2007-10-19,2009-02-03
IV,ME02,,EHZ,2008-04-27,True,1,1.0,125.0,,47.890705124183675,38.033211,14.590067,2007-10-19,2009-02-03
IV,ME02,,EHZ,2008-04-28,True,1,1.0,125.0,,47.890705124183675,38.033211,14.590067,2007-10-19,2009-02-03
IV,ME02,,EHZ,2008-04-29,True,1,1.0,125.0,,47.890705124183675,38.033211,14.590067,2007-10-19,2009-02-03
IV,ME02,,EHZ,2008-04-30,True,1,1.0,125.0,,47.890705124183675,38.033211,14.590067,2007-10-19,2009-02-03
IV,ME02,,EHZ,2008-05-01,True,1,1.0,125.0,,47.890705124183675,38.033211,14.590067,2007-10-19,2009-02-03
IV,ME02,,EHZ,2008-05-02,True,1,1.0,125.0,,47.890705124183675,38.033211,14.590067,2007-10-19,2009-02-03
IV,ME02,,EHZ,2008-05-03,True,1,1.0,125.0,,47.890705124183675,38.033211,14.590067,2007-10-19,2009-02-03
IV,ME02,,EHZ,2008-05-04,True,1,1.0,125.0,,47.890705124183675,38.033211,14.590067,2007-10-19,2009-02-03
IV,ME02,,EHZ,2008-05-05,True,1,1.0,125.0,,47.890705124183675,38.033211,14.590067,2007-10-19,2009-02-03
IV,ME02,,EHZ,2008-05-06,True,1,1.0,125.0,,47.890705124183675,38.033211,14.590067,2007-10-19,2009-02-03
IV,ME02,,EHZ,2008-05-07,True,1,1.0,125.0,,47.890705124183675,38.033211,14.590067,2007-10-19,2009-02-03
IV,ME02,,EHZ,2008-05-08,True,1,1.0,125.0,,47.890705124183675,38.033211,14.590067,2007-10-19,2009-02-03
IV,ME02,,EHZ,2008-05-09,True,1,1.0,125.0,,47.890705124183675,38.033211,14.590067,2007-10-19,2009-02-03
IV,ME02,,EHZ,2008-05-10,True,1,1.0,125.0,,47.890705124183675,38.033211,14.590067,2007-10-19,2009-02-03
IV,ME02,,EHZ,2008-05-11,True,1,1.0,125.0,,47.890705124183675,38.033211,14.590067,2007-10-19,2009-02-03
IV,ME02,,EHZ,2008-05-12,True,1,1.0,125.0,,47.890705124183675,38.033211,14.590067,2007-10-19,2009-02-03
IV,ME02,,EHZ,2008-05-13,False,0,0.0,,No data available for request.,47.890705124183675,38.033211,14.590067,2007-10-19,2009-02-03
IV,MALI,01,EHZ,2008-04-12,True,1,1.0,125.0,,48.86838726074389,38.053,15.4,2007-10-20,2009-04-23
IV,MALI,01,EHZ,2008-04-13,True,1,1.0,125.0,,48.86838726074389,38.053,15.4,2007-10-20,2009-04-23
IV,MALI,01,EHZ,2008-04-14,True,1,1.0,125.0,,48.86838726074389,38.053,15.4,2007-10-20,2009-04-23
IV,MALI,01,EHZ,2008-04-15,True,1,1.0,125.0,,48.86838726074389,38.053,15.4,2007-10-20,2009-04-23
IV,MALI,01,EHZ,2008-04-16,True,1,1.0,125.0,,48.86838726074389,38.053,15.4,2007-10-20,2009-04-23
IV,MALI,01,EHZ,2008-04-17,True,1,1.0,125.0,,48.86838726074389,38.053,15.4,2007-10-20,2009-04-23
IV,MALI,01,EHZ,2008-04-18,True,1,1.0,125.0,,48.86838726074389,38.053,15.4,2007-10-20,2009-04-23
IV,MALI,01,EHZ,2008-04-19,True,1,1.0,125.0,,48.86838726074389,38.053,15.4,2007-10-20,2009-04-23
IV,MALI,01,EHZ,2008-04-20,True,1,1.0,125.0,,48.86838726074389,38.053,15.4,2007-10-20,2009-04-23
IV,MALI,01,EHZ,2008-04-21,True,1,1.0,125.0,,48.86838726074389,38.053,15.4,2007-10-20,2009-04-23
IV,MALI,01,EHZ,2008-04-22,True,1,1.0,125.0,,48.86838726074389,38.053,15.4,2007-10-20,2009-04-23
IV,MALI,01,EHZ,2008-04-23,True,1,1.0,125.0,,48.86838726074389,38.053,15.4,2007-10-20,2009-04-23
IV,MALI,01,EHZ,2008-04-24,True,1,1.0,125.0,,48.86838726074389,38.053,15.4,2007-10-20,2009-04-23
IV,MALI,01,EHZ,2008-04-25,True,1,1.0,125.0,,48.86838726074389,38.053,15.4,2007-10-20,2009-04-23
IV,MALI,01,EHZ,2008-04-26,True,1,1.0,125.0,,48.86838726074389,38.053,15.4,2007-10-20,2009-04-23
IV,MALI,01,EHZ,2008-04-27,True,1,1.0,125.0,,48.86838726074389,38.053,15.4,2007-10-20,2009-04-23
IV,MALI,01,EHZ,2008-04-28,True,1,1.0,125.0,,48.86838726074389,38.053,15.4,2007-10-20,2009-04-23
IV,MALI,01,EHZ,2008-04-29,True,1,1.0,125.0,,48.86838726074389,38.053,15.4,2007-10-20,2009-04-23
IV,MALI,01,EHZ,2008-04-30,True,1,1.0,125.0,,48.86838726074389,38.053,15.4,2007-10-20,2009-04-23
IV,MALI,01,EHZ,2008-05-01,True,1,1.0,125.0,,48.86838726074389,38.053,15.4,2007-10-20,2009-04-23
IV,MALI,01,EHZ,2008-05-02,True,1,1.0,125.0,,48.86838726074389,38.053,15.4,2007-10-20,2009-04-23
IV,MALI,01,EHZ,2008-05-03,True,1,1.0,125.0,,48.86838726074389,38.053,15.4,2007-10-20,2009-04-23
IV,MALI,01,EHZ,2008-05-04,True,1,1.0,125.0,,48.86838726074389,38.053,15.4,2007-10-20,2009-04-23
IV,MALI,01,EHZ,2008-05-05,True,1,1.0,125.0,,48.86838726074389,38.053,15.4,2007-10-20,2009-04-23
IV,MALI,01,EHZ,2008-05-06,True,1,1.0,125.0,,48.86838726074389,38.053,15.4,2007-10-20,2009-04-23
IV,MALI,01,EHZ,2008-05-07,True,1,1.0,125.0,,48.86838726074389,38.053,15.4,2007-10-20,2009-04-23
IV,MALI,01,EHZ,2008-05-08,True,1,1.0,125.0,,48.86838726074389,38.053,15.4,2007-10-20,2009-04-23
IV,MALI,01,EHZ,2008-05-09,True,1,1.0,125.0,,48.86838726074389,38.053,15.4,2007-10-20,2009-04-23
IV,MALI,01,EHZ,2008-05-10,True,1,1.0,125.0,,48.86838726074389,38.053,15.4,2007-10-20,2009-04-23
IV,MALI,01,EHZ,2008-05-11,True,1,1.0,125.0,,48.86838726074389,38.053,15.4,2007-10-20,2009-04-23
IV,MALI,01,EHZ,2008-05-12,True,1,1.0,125.0,,48.86838726074389,38.053,15.4,2007-10-20,2009-04-23
IV,MALI,01,EHZ,2008-05-13,True,1,1.0,125.0,,48.86838726074389,38.053,15.4,2007-10-20,2009-04-23
IV,HCRL,,HHZ,2008-04-12,False,0,0.0,,No data available for request.,51.77788560591118,37.2831,15.0323,2008-03-31,2018-08-25
IV,HCRL,,HHZ,2008-04-13,False,0,0.0,,No data available for request.,51.77788560591118,37.2831,15.0323,2008-03-31,2018-08-25
IV,HCRL,,HHZ,2008-04-14,False,0,0.0,,No data available for request.,51.77788560591118,37.2831,15.0323,2008-03-31,2018-08-25
IV,HCRL,,HHZ,2008-04-15,False,0,0.0,,No data available for request.,51.77788560591118,37.2831,15.0323,2008-03-31,2018-08-25
IV,HCRL,,HHZ,2008-04-16,False,0,0.0,,No data available for request.,51.77788560591118,37.2831,15.0323,2008-03-31,2018-08-25
IV,HCRL,,HHZ,2008-04-17,False,0,0.0,,No data available for request.,51.77788560591118,37.2831,15.0323,2008-03-31,2018-08-25
IV,HCRL,,HHZ,2008-04-18,False,0,0.0,,No data available for request.,51.77788560591118,37.2831,15.0323,2008-03-31,2018-08-25
IV,HCRL,,HHZ,2008-04-19,False,0,0.0,,No data available for request.,51.77788560591118,37.2831,15.0323,2008-03-31,2018-08-25
IV,HCRL,,HHZ,2008-04-20,False,0,0.0,,No data available for request.,51.77788560591118,37.2831,15.0323,2008-03-31,2018-08-25
IV,HCRL,,HHZ,2008-04-21,False,0,0.0,,No data available for request.,51.77788560591118,37.2831,15.0323,2008-03-31,2018-08-25
IV,HCRL,,HHZ,2008-04-22,False,0,0.0,,No data available for request.,51.77788560591118,37.2831,15.0323,2008-03-31,2018-08-25
IV,HCRL,,HHZ,2008-04-23,False,0,0.0,,No data available for request.,51.77788560591118,37.2831,15.0323,2008-03-31,2018-08-25
IV,HCRL,,HHZ,2008-04-24,False,0,0.0,,No data available for request.,51.77788560591118,37.2831,15.0323,2008-03-31,2018-08-25
IV,HCRL,,HHZ,2008-04-25,False,0,0.0,,No data available for request.,51.77788560591118,37.2831,15.0323,2008-03-31,2018-08-25
IV,HCRL,,HHZ,2008-04-26,False,0,0.0,,No data available for request.,51.77788560591118,37.2831,15.0323,2008-03-31,2018-08-25
IV,HCRL,,HHZ,2008-04-27,False,0,0.0,,No data available for request.,51.77788560591118,37.2831,15.0323,2008-03-31,2018-08-25
IV,HCRL,,HHZ,2008-04-28,False,0,0.0,,No data available for request.,51.77788560591118,37.2831,15.0323,2008-03-31,2018-08-25
IV,HCRL,,HHZ,2008-04-29,False,0,0.0,,No data available for request.,51.77788560591118,37.2831,15.0323,2008-03-31,2018-08-25
IV,HCRL,,HHZ,2008-04-30,False,0,0.0,,No data available for request.,51.77788560591118,37.2831,15.0323,2008-03-31,2018-08-25
IV,HCRL,,HHZ,2008-05-01,False,0,0.0,,No data available for request.,51.77788560591118,37.2831,15.0323,2008-03-31,2018-08-25
IV,HCRL,,HHZ,2008-05-02,False,0,0.0,,No data available for request.,51.77788560591118,37.2831,15.0323,2008-03-31,2018-08-25
IV,HCRL,,HHZ,2008-05-03,False,0,0.0,,No data available for request.,51.77788560591118,37.2831,15.0323,2008-03-31,2018-08-25
IV,HCRL,,HHZ,2008-05-04,False,0,0.0,,No data available for request.,51.77788560591118,37.2831,15.0323,2008-03-31,2018-08-25
IV,HCRL,,HHZ,2008-05-05,False,0,0.0,,No data available for request.,51.77788560591118,37.2831,15.0323,2008-03-31,2018-08-25
IV,HCRL,,HHZ,2008-05-06,False,0,0.0,,No data available for request.,51.77788560591118,37.2831,15.0323,2008-03-31,2018-08-25
IV,HCRL,,HHZ,2008-05-07,False,0,0.0,,No data available for request.,51.77788560591118,37.2831,15.0323,2008-03-31,2018-08-25
IV,HCRL,,HHZ,2008-05-08,False,0,0.0,,No data available for request.,51.77788560591118,37.2831,15.0323,2008-03-31,2018-08-25
IV,HCRL,,HHZ,2008-05-09,False,0,0.0,,No data available for request.,51.77788560591118,37.2831,15.0323,2008-03-31,2018-08-25
IV,HCRL,,HHZ,2008-05-10,False,0,0.0,,No data available for request.,51.77788560591118,37.2831,15.0323,2008-03-31,2018-08-25
IV,HCRL,,HHZ,2008-05-11,False,0,0.0,,No data available for request.,51.77788560591118,37.2831,15.0323,2008-03-31,2018-08-25
IV,HCRL,,HHZ,2008-05-12,False,0,0.0,,No data available for request.,51.77788560591118,37.2831,15.0323,2008-03-31,2018-08-25
IV,HCRL,,HHZ,2008-05-13,False,0,0.0,,No data available for request.,51.77788560591118,37.2831,15.0323,2008-03-31,2018-08-25
IV,HAGA,,HHZ,2008-04-12,True,1,1.0,100.0,,53.208633119412184,37.2858,15.1552,2005-02-17,2022-05-16
IV,HAGA,,HHZ,2008-04-13,True,1,1.0,100.0,,53.208633119412184,37.2858,15.1552,2005-02-17,2022-05-16
IV,HAGA,,HHZ,2008-04-14,True,1,1.0,100.0,,53.208633119412184,37.2858,15.1552,2005-02-17,2022-05-16
IV,HAGA,,HHZ,2008-04-15,True,1,1.0,100.0,,53.208633119412184,37.2858,15.1552,2005-02-17,2022-05-16
IV,HAGA,,HHZ,2008-04-16,True,1,1.0,100.0,,53.208633119412184,37.2858,15.1552,2005-02-17,2022-05-16
IV,HAGA,,HHZ,2008-04-17,True,1,1.0,100.0,,53.208633119412184,37.2858,15.1552,2005-02-17,2022-05-16
IV,HAGA,,HHZ,2008-04-18,True,1,1.0,100.0,,53.208633119412184,37.2858,15.1552,2005-02-17,2022-05-16
IV,HAGA,,HHZ,2008-04-19,True,1,1.0,100.0,,53.208633119412184,37.2858,15.1552,2005-02-17,2022-05-16
IV,HAGA,,HHZ,2008-04-20,True,1,1.0,100.0,,53.208633119412184,37.2858,15.1552,2005-02-17,2022-05-16
IV,HAGA,,HHZ,2008-04-21,True,1,1.0,100.0,,53.208633119412184,37.2858,15.1552,2005-02-17,2022-05-16
IV,HAGA,,HHZ,2008-04-22,True,1,1.0,100.0,,53.208633119412184,37.2858,15.1552,2005-02-17,2022-05-16
IV,HAGA,,HHZ,2008-04-23,True,1,1.0,100.0,,53.208633119412184,37.2858,15.1552,2005-02-17,2022-05-16
IV,HAGA,,HHZ,2008-04-24,True,1,1.0,100.0,,53.208633119412184,37.2858,15.1552,2005-02-17,2022-05-16
IV,HAGA,,HHZ,2008-04-25,True,1,1.0,100.0,,53.208633119412184,37.2858,15.1552,2005-02-17,2022-05-16
IV,HAGA,,HHZ,2008-04-26,True,1,1.0,100.0,,53.208633119412184,37.2858,15.1552,2005-02-17,2022-05-16
IV,HAGA,,HHZ,2008-04-27,True,1,1.0,100.0,,53.208633119412184,37.2858,15.1552,2005-02-17,2022-05-16
IV,HAGA,,HHZ,2008-04-28,True,1,1.0,100.0,,53.208633119412184,37.2858,15.1552,2005-02-17,2022-05-16
IV,HAGA,,HHZ,2008-04-29,True,1,1.0,100.0,,53.208633119412184,37.2858,15.1552,2005-02-17,2022-05-16
IV,HAGA,,HHZ,2008-04-30,True,1,1.0,100.0,,53.208633119412184,37.2858,15.1552,2005-02-17,2022-05-16
IV,HAGA,,HHZ,2008-05-01,True,1,1.0,100.0,,53.208633119412184,37.2858,15.1552,2005-02-17,2022-05-16
IV,HAGA,,HHZ,2008-05-02,True,1,1.0,100.0,,53.208633119412184,37.2858,15.1552,2005-02-17,2022-05-16
IV,HAGA,,HHZ,2008-05-03,True,1,1.0,100.0,,53.208633119412184,37.2858,15.1552,2005-02-17,2022-05-16
IV,HAGA,,HHZ,2008-05-04,True,1,1.0,100.0,,53.208633119412184,37.2858,15.1552,2005-02-17,2022-05-16
IV,HAGA,,HHZ,2008-05-05,True,1,1.0,100.0,,53.208633119412184,37.2858,15.1552,2005-02-17,2022-05-16
IV,HAGA,,HHZ,2008-05-06,True,1,1.0,100.0,,53.208633119412184,37.2858,15.1552,2005-02-17,2022-05-16
IV,HAGA,,HHZ,2008-05-07,True,1,1.0,100.0,,53.208633119412184,37.2858,15.1552,2005-02-17,2022-05-16
IV,HAGA,,HHZ,2008-05-08,True,1,1.0,100.0,,53.208633119412184,37.2858,15.1552,2005-02-17,2022-05-16
IV,HAGA,,HHZ,2008-05-09,True,1,1.0,100.0,,53.208633119412184,37.2858,15.1552,2005-02-17,2022-05-16
IV,HAGA,,HHZ,2008-05-10,True,1,1.0,100.0,,53.208633119412184,37.2858,15.1552,2005-02-17,2022-05-16
IV,HAGA,,HHZ,2008-05-11,True,1,1.0,100.0,,53.208633119412184,37.2858,15.1552,2005-02-17,2022-05-16
IV,HAGA,,HHZ,2008-05-12,True,1,1.0,100.0,,53.208633119412184,37.2858,15.1552,2005-02-17,2022-05-16
IV,HAGA,,HHZ,2008-05-13,True,1,1.0,100.0,,53.208633119412184,37.2858,15.1552,2005-02-17,2022-05-16
IV,AGST,,EHZ,2008-04-12,True,1,1.0,50.0,,58.23754879809733,37.25652,15.22713,2004-05-24,2012-08-13
IV,AGST,,EHZ,2008-04-13,True,1,1.0,50.0,,58.23754879809733,37.25652,15.22713,2004-05-24,2012-08-13
IV,AGST,,EHZ,2008-04-14,True,1,1.0,50.0,,58.23754879809733,37.25652,15.22713,2004-05-24,2012-08-13
IV,AGST,,EHZ,2008-04-15,True,1,1.0,50.0,,58.23754879809733,37.25652,15.22713,2004-05-24,2012-08-13
IV,AGST,,EHZ,2008-04-16,True,1,1.0,50.0,,58.23754879809733,37.25652,15.22713,2004-05-24,2012-08-13
IV,AGST,,EHZ,2008-04-17,True,1,1.0,50.0,,58.23754879809733,37.25652,15.22713,2004-05-24,2012-08-13
IV,AGST,,EHZ,2008-04-18,True,1,1.0,50.0,,58.23754879809733,37.25652,15.22713,2004-05-24,2012-08-13
IV,AGST,,EHZ,2008-04-19,True,1,1.0,50.0,,58.23754879809733,37.25652,15.22713,2004-05-24,2012-08-13
IV,AGST,,EHZ,2008-04-20,True,1,1.0,50.0,,58.23754879809733,37.25652,15.22713,2004-05-24,2012-08-13
IV,AGST,,EHZ,2008-04-21,True,1,1.0,50.0,,58.23754879809733,37.25652,15.22713,2004-05-24,2012-08-13
IV,AGST,,EHZ,2008-04-22,True,1,1.0,50.0,,58.23754879809733,37.25652,15.22713,2004-05-24,2012-08-13
IV,AGST,,EHZ,2008-04-23,True,1,1.0,50.0,,58.23754879809733,37.25652,15.22713,2004-05-24,2012-08-13
IV,AGST,,EHZ,2008-04-24,True,1,1.0,50.0,,58.23754879809733,37.25652,15.22713,2004-05-24,2012-08-13
IV,AGST,,EHZ,2008-04-25,True,1,1.0,50.0,,58.23754879809733,37.25652,15.22713,2004-05-24,2012-08-13
IV,AGST,,EHZ,2008-04-26,True,1,1.0,50.0,,58.23754879809733,37.25652,15.22713,2004-05-24,2012-08-13
IV,AGST,,EHZ,2008-04-27,True,1,1.0,50.0,,58.23754879809733,37.25652,15.22713,2004-05-24,2012-08-13
IV,AGST,,EHZ,2008-04-28,True,1,1.0,50.0,,58.23754879809733,37.25652,15.22713,2004-05-24,2012-08-13
IV,AGST,,EHZ,2008-04-29,True,1,1.0,50.0,,58.23754879809733,37.25652,15.22713,2004-05-24,2012-08-13
IV,AGST,,EHZ,2008-04-30,True,1,1.0,50.0,,58.23754879809733,37.25652,15.22713,2004-05-24,2012-08-13
IV,AGST,,EHZ,2008-05-01,True,1,1.0,50.0,,58.23754879809733,37.25652,15.22713,2004-05-24,2012-08-13
IV,AGST,,EHZ,2008-05-02,True,1,1.0,50.0,,58.23754879809733,37.25652,15.22713,2004-05-24,2012-08-13
IV,AGST,,EHZ,2008-05-03,True,1,1.0,50.0,,58.23754879809733,37.25652,15.22713,2004-05-24,2012-08-13
IV,AGST,,EHZ,2008-05-04,True,1,1.0,50.0,,58.23754879809733,37.25652,15.22713,2004-05-24,2012-08-13
IV,AGST,,EHZ,2008-05-05,True,1,1.0,50.0,,58.23754879809733,37.25652,15.22713,2004-05-24,2012-08-13
IV,AGST,,EHZ,2008-05-06,True,1,1.0,50.0,,58.23754879809733,37.25652,15.22713,2004-05-24,2012-08-13
IV,AGST,,EHZ,2008-05-07,True,1,1.0,50.0,,58.23754879809733,37.25652,15.22713,2004-05-24,2012-08-13
IV,AGST,,EHZ,2008-05-08,True,1,1.0,50.0,,58.23754879809733,37.25652,15.22713,2004-05-24,2012-08-13
IV,AGST,,EHZ,2008-05-09,True,1,1.0,50.0,,58.23754879809733,37.25652,15.22713,2004-05-24,2012-08-13
IV,AGST,,EHZ,2008-05-10,True,1,1.0,50.0,,58.23754879809733,37.25652,15.22713,2004-05-24,2012-08-13
IV,AGST,,EHZ,2008-05-11,True,1,1.0,50.0,,58.23754879809733,37.25652,15.22713,2004-05-24,2012-08-13
IV,AGST,,EHZ,2008-05-12,True,1,1.0,50.0,,58.23754879809733,37.25652,15.22713,2004-05-24,2012-08-13
IV,AGST,,EHZ,2008-05-13,True,1,1.0,50.0,,58.23754879809733,37.25652,15.22713,2004-05-24,2012-08-13
IV,ME01,,EHZ,2008-04-12,True,1,1.0,125.0,,59.671471883021134,37.932919,14.361088,2007-10-18,2009-02-03
IV,ME01,,EHZ,2008-04-13,True,1,1.0,125.0,,59.671471883021134,37.932919,14.361088,2007-10-18,2009-02-03
IV,ME01,,EHZ,2008-04-14,True,1,1.0,125.0,,59.671471883021134,37.932919,14.361088,2007-10-18,2009-02-03
IV,ME01,,EHZ,2008-04-15,True,1,1.0,125.0,,59.671471883021134,37.932919,14.361088,2007-10-18,2009-02-03
IV,ME01,,EHZ,2008-04-16,True,1,1.0,125.0,,59.671471883021134,37.932919,14.361088,2007-10-18,2009-02-03
IV,ME01,,EHZ,2008-04-17,True,1,1.0,125.0,,59.671471883021134,37.932919,14.361088,2007-10-18,2009-02-03
IV,ME01,,EHZ,2008-04-18,True,1,1.0,125.0,,59.671471883021134,37.932919,14.361088,2007-10-18,2009-02-03
IV,ME01,,EHZ,2008-04-19,True,1,1.0,125.0,,59.671471883021134,37.932919,14.361088,2007-10-18,2009-02-03
IV,ME01,,EHZ,2008-04-20,True,1,1.0,125.0,,59.671471883021134,37.932919,14.361088,2007-10-18,2009-02-03
IV,ME01,,EHZ,2008-04-21,True,1,1.0,125.0,,59.671471883021134,37.932919,14.361088,2007-10-18,2009-02-03
IV,ME01,,EHZ,2008-04-22,True,1,1.0,125.0,,59.671471883021134,37.932919,14.361088,2007-10-18,2009-02-03
IV,ME01,,EHZ,2008-04-23,True,1,1.0,125.0,,59.671471883021134,37.932919,14.361088,2007-10-18,2009-02-03
IV,ME01,,EHZ,2008-04-24,True,1,1.0,125.0,,59.671471883021134,37.932919,14.361088,2007-10-18,2009-02-03
IV,ME01,,EHZ,2008-04-25,True,1,1.0,125.0,,59.671471883021134,37.932919,14.361088,2007-10-18,2009-02-03
IV,ME01,,EHZ,2008-04-26,True,1,1.0,125.0,,59.671471883021134,37.932919,14.361088,2007-10-18,2009-02-03
IV,ME01,,EHZ,2008-04-27,True,1,1.0,125.0,,59.671471883021134,37.932919,14.361088,2007-10-18,2009-02-03
IV,ME01,,EHZ,2008-04-28,True,1,1.0,125.0,,59.671471883021134,37.932919,14.361088,2007-10-18,2009-02-03
IV,ME01,,EHZ,2008-04-29,True,1,1.0,125.0,,59.671471883021134,37.932919,14.361088,2007-10-18,2009-02-03
IV,ME01,,EHZ,2008-04-30,True,1,1.0,125.0,,59.671471883021134,37.932919,14.361088,2007-10-18,2009-02-03
IV,ME01,,EHZ,2008-05-01,True,1,1.0,125.0,,59.671471883021134,37.932919,14.361088,2007-10-18,2009-02-03
IV,ME01,,EHZ,2008-05-02,True,1,1.0,125.0,,59.671471883021134,37.932919,14.361088,2007-10-18,2009-02-03
IV,ME01,,EHZ,2008-05-03,True,1,1.0,125.0,,59.671471883021134,37.932919,14.361088,2007-10-18,2009-02-03
IV,ME01,,EHZ,2008-05-04,True,1,1.0,125.0,,59.671471883021134,37.932919,14.361088,2007-10-18,2009-02-03
IV,ME01,,EHZ,2008-05-05,True,1,1.0,125.0,,59.671471883021134,37.932919,14.361088,2007-10-18,2009-02-03
IV,ME01,,EHZ,2008-05-06,True,1,1.0,125.0,,59.671471883021134,37.932919,14.361088,2007-10-18,2009-02-03
IV,ME01,,EHZ,2008-05-07,True,1,1.0,125.0,,59.671471883021134,37.932919,14.361088,2007-10-18,2009-02-03
IV,ME01,,EHZ,2008-05-08,True,1,1.0,125.0,,59.671471883021134,37.932919,14.361088,2007-10-18,2009-02-03
IV,ME01,,EHZ,2008-05-09,True,1,1.0,125.0,,59.671471883021134,37.932919,14.361088,2007-10-18,2009-02-03
IV,ME01,,EHZ,2008-05-10,True,1,1.0,125.0,,59.671471883021134,37.932919,14.361088,2007-10-18,2009-02-03
IV,ME01,,EHZ,2008-05-11,True,1,1.0,125.0,,59.671471883021134,37.932919,14.361088,2007-10-18,2009-02-03
IV,ME01,,EHZ,2008-05-12,True,1,1.0,125.0,,59.671471883021134,37.932919,14.361088,2007-10-18,2009-02-03
IV,ME01,,EHZ,2008-05-13,True,1,1.0,125.0,,59.671471883021134,37.932919,14.361088,2007-10-18,2009-02-03
IV,ATN,01,EHZ,2008-04-12,True,1,1.0,125.0,,61.32550442997968,38.15948,15.46472,2007-11-15,2008-04-14
IV,ATN,01,EHZ,2008-04-13,True,1,1.0,125.0,,61.32550442997968,38.15948,15.46472,2007-11-15,2008-04-14
IV,ATN,01,EHZ,2008-04-14,True,1,1.0,125.0,,61.32550442997968,38.15948,15.46472,2007-11-15,2008-04-14
IV,ATN,01,EHZ,2008-04-15,False,0,0.0,,No data available for request.,61.32550442997968,38.15948,15.46472,2007-11-15,2008-04-14
IV,ATN,01,EHZ,2008-04-16,False,0,0.0,,No data available for request.,61.32550442997968,38.15948,15.46472,2007-11-15,2008-04-14
IV,ATN,01,EHZ,2008-04-17,False,0,0.0,,No data available for request.,61.32550442997968,38.15948,15.46472,2007-11-15,2008-04-14
IV,ATN,01,EHZ,2008-04-18,False,0,0.0,,No data available for request.,61.32550442997968,38.15948,15.46472,2007-11-15,2008-04-14
IV,ATN,01,EHZ,2008-04-19,False,0,0.0,,No data available for request.,61.32550442997968,38.15948,15.46472,2007-11-15,2008-04-14
IV,ATN,01,EHZ,2008-04-20,False,0,0.0,,No data available for request.,61.32550442997968,38.15948,15.46472,2007-11-15,2008-04-14
IV,ATN,01,EHZ,2008-04-21,False,0,0.0,,No data available for request.,61.32550442997968,38.15948,15.46472,2007-11-15,2008-04-14
IV,ATN,01,EHZ,2008-04-22,False,0,0.0,,No data available for request.,61.32550442997968,38.15948,15.46472,2007-11-15,2008-04-14
IV,ATN,01,EHZ,2008-04-23,False,0,0.0,,No data available for request.,61.32550442997968,38.15948,15.46472,2007-11-15,2008-04-14
IV,ATN,01,EHZ,2008-04-24,False,0,0.0,,No data available for request.,61.32550442997968,38.15948,15.46472,2007-11-15,2008-04-14
IV,ATN,01,EHZ,2008-04-25,False,0,0.0,,No data available for request.,61.32550442997968,38.15948,15.46472,2007-11-15,2008-04-14
IV,ATN,01,EHZ,2008-04-26,False,0,0.0,,No data available for request.,61.32550442997968,38.15948,15.46472,2007-11-15,2008-04-14
IV,ATN,01,EHZ,2008-04-27,False,0,0.0,,No data available for request.,61.32550442997968,38.15948,15.46472,2007-11-15,2008-04-14
IV,ATN,01,EHZ,2008-04-28,False,0,0.0,,No data available for request.,61.32550442997968,38.15948,15.46472,2007-11-15,2008-04-14
IV,ATN,01,EHZ,2008-04-29,False,0,0.0,,No data available for request.,61.32550442997968,38.15948,15.46472,2007-11-15,2008-04-14
IV,ATN,01,EHZ,2008-04-30,False,0,0.0,,No data available for request.,61.32550442997968,38.15948,15.46472,2007-11-15,2008-04-14
IV,ATN,01,EHZ,2008-05-01,False,0,0.0,,No data available for request.,61.32550442997968,38.15948,15.46472,2007-11-15,2008-04-14
IV,ATN,01,EHZ,2008-05-02,False,0,0.0,,No data available for request.,61.32550442997968,38.15948,15.46472,2007-11-15,2008-04-14
IV,ATN,01,EHZ,2008-05-03,False,0,0.0,,No data available for request.,61.32550442997968,38.15948,15.46472,2007-11-15,2008-04-14
IV,ATN,01,EHZ,2008-05-04,False,0,0.0,,No data available for request.,61.32550442997968,38.15948,15.46472,2007-11-15,2008-04-14
IV,ATN,01,EHZ,2008-05-05,False,0,0.0,,No data available for request.,61.32550442997968,38.15948,15.46472,2007-11-15,2008-04-14
IV,ATN,01,EHZ,2008-05-06,False,0,0.0,,No data available for request.,61.32550442997968,38.15948,15.46472,2007-11-15,2008-04-14
IV,ATN,01,EHZ,2008-05-07,False,0,0.0,,No data available for request.,61.32550442997968,38.15948,15.46472,2007-11-15,2008-04-14
IV,ATN,01,EHZ,2008-05-08,False,0,0.0,,No data available for request.,61.32550442997968,38.15948,15.46472,2007-11-15,2008-04-14
IV,ATN,01,EHZ,2008-05-09,False,0,0.0,,No data available for request.,61.32550442997968,38.15948,15.46472,2007-11-15,2008-04-14
IV,ATN,01,EHZ,2008-05-10,False,0,0.0,,No data available for request.,61.32550442997968,38.15948,15.46472,2007-11-15,2008-04-14
IV,ATN,01,EHZ,2008-05-11,False,0,0.0,,No data available for request.,61.32550442997968,38.15948,15.46472,2007-11-15,2008-04-14
IV,ATN,01,EHZ,2008-05-12,False,0,0.0,,No data available for request.,61.32550442997968,38.15948,15.46472,2007-11-15,2008-04-14
IV,ATN,01,EHZ,2008-05-13,False,0,0.0,,No data available for request.,61.32550442997968,38.15948,15.46472,2007-11-15,2008-04-14
IV,ATN,,SHZ,2008-04-12,True,1,1.0,50.0,,61.32550442997968,38.15948,15.46472,2003-03-01,2009-04-12
IV,ATN,,SHZ,2008-04-13,True,1,1.0,50.0,,61.32550442997968,38.15948,15.46472,2003-03-01,2009-04-12
IV,ATN,,SHZ,2008-04-14,True,1,1.0,50.0,,61.32550442997968,38.15948,15.46472,2003-03-01,2009-04-12
IV,ATN,,SHZ,2008-04-15,True,1,1.0,50.0,,61.32550442997968,38.15948,15.46472,2003-03-01,2009-04-12
IV,ATN,,SHZ,2008-04-16,True,1,1.0,50.0,,61.32550442997968,38.15948,15.46472,2003-03-01,2009-04-12
IV,ATN,,SHZ,2008-04-17,True,1,1.0,50.0,,61.32550442997968,38.15948,15.46472,2003-03-01,2009-04-12
IV,ATN,,SHZ,2008-04-18,True,1,1.0,50.0,,61.32550442997968,38.15948,15.46472,2003-03-01,2009-04-12
IV,ATN,,SHZ,2008-04-19,True,1,1.0,50.0,,61.32550442997968,38.15948,15.46472,2003-03-01,2009-04-12
IV,ATN,,SHZ,2008-04-20,True,1,1.0,50.0,,61.32550442997968,38.15948,15.46472,2003-03-01,2009-04-12
IV,ATN,,SHZ,2008-04-21,True,1,1.0,50.0,,61.32550442997968,38.15948,15.46472,2003-03-01,2009-04-12
IV,ATN,,SHZ,2008-04-22,True,1,1.0,50.0,,61.32550442997968,38.15948,15.46472,2003-03-01,2009-04-12
IV,ATN,,SHZ,2008-04-23,True,1,1.0,50.0,,61.32550442997968,38.15948,15.46472,2003-03-01,2009-04-12
IV,ATN,,SHZ,2008-04-24,True,1,1.0,50.0,,61.32550442997968,38.15948,15.46472,2003-03-01,2009-04-12
IV,ATN,,SHZ,2008-04-25,True,3,0.9999333333333333,50.0,,61.32550442997968,38.15948,15.46472,2003-03-01,2009-04-12
IV,ATN,,SHZ,2008-04-26,True,1,1.0,50.0,,61.32550442997968,38.15948,15.46472,2003-03-01,2009-04-12
IV,ATN,,SHZ,2008-04-27,True,1,1.0,50.0,,61.32550442997968,38.15948,15.46472,2003-03-01,2009-04-12
IV,ATN,,SHZ,2008-04-28,True,2,0.9599666666666667,50.0,,61.32550442997968,38.15948,15.46472,2003-03-01,2009-04-12
IV,ATN,,SHZ,2008-04-29,True,2,0.9583,50.0,,61.32550442997968,38.15948,15.46472,2003-03-01,2009-04-12
IV,ATN,,SHZ,2008-04-30,True,1,0.9816333333333334,50.0,,61.32550442997968,38.15948,15.46472,2003-03-01,2009-04-12
IV,ATN,,SHZ,2008-05-01,True,1,1.0,50.0,,61.32550442997968,38.15948,15.46472,2003-03-01,2009-04-12
IV,ATN,,SHZ,2008-05-02,True,1,1.0,50.0,,61.32550442997968,38.15948,15.46472,2003-03-01,2009-04-12
IV,ATN,,SHZ,2008-05-03,True,1,1.0,50.0,,61.32550442997968,38.15948,15.46472,2003-03-01,2009-04-12
IV,ATN,,SHZ,2008-05-04,True,1,1.0,50.0,,61.32550442997968,38.15948,15.46472,2003-03-01,2009-04-12
IV,ATN,,SHZ,2008-05-05,True,1,1.0,50.0,,61.32550442997968,38.15948,15.46472,2003-03-01,2009-04-12
IV,ATN,,SHZ,2008-05-06,True,1,1.0,50.0,,61.32550442997968,38.15948,15.46472,2003-03-01,2009-04-12
IV,ATN,,SHZ,2008-05-07,True,1,1.0,50.0,,61.32550442997968,38.15948,15.46472,2003-03-01,2009-04-12
IV,ATN,,SHZ,2008-05-08,True,1,1.0,50.0,,61.32550442997968,38.15948,15.46472,2003-03-01,2009-04-12
IV,ATN,,SHZ,2008-05-09,True,1,1.0,50.0,,61.32550442997968,38.15948,15.46472,2003-03-01,2009-04-12
IV,ATN,,SHZ,2008-05-10,True,1,1.0,50.0,,61.32550442997968,38.15948,15.46472,2003-03-01,2009-04-12
IV,ATN,,SHZ,2008-05-11,True,1,1.0,50.0,,61.32550442997968,38.15948,15.46472,2003-03-01,2009-04-12
IV,ATN,,SHZ,2008-05-12,True,1,1.0,50.0,,61.32550442997968,38.15948,15.46472,2003-03-01,2009-04-12
IV,ATN,,SHZ,2008-05-13,True,1,1.0,50.0,,61.32550442997968,38.15948,15.46472,2003-03-01,2009-04-12
IV,MILZ,,BHZ,2008-04-12,True,1,1.0,20.0,,61.64477547271431,38.2713,15.2313,2008-02-26,open/unknown
IV,MILZ,,BHZ,2008-04-13,True,1,1.0,20.0,,61.64477547271431,38.2713,15.2313,2008-02-26,open/unknown
IV,MILZ,,BHZ,2008-04-14,True,1,1.0,20.0,,61.64477547271431,38.2713,15.2313,2008-02-26,open/unknown
IV,MILZ,,BHZ,2008-04-15,True,1,1.0,20.0,,61.64477547271431,38.2713,15.2313,2008-02-26,open/unknown
IV,MILZ,,BHZ,2008-04-16,True,1,1.0,20.0,,61.64477547271431,38.2713,15.2313,2008-02-26,open/unknown
IV,MILZ,,BHZ,2008-04-17,True,1,1.0,20.0,,61.64477547271431,38.2713,15.2313,2008-02-26,open/unknown
IV,MILZ,,BHZ,2008-04-18,True,1,1.0,20.0,,61.64477547271431,38.2713,15.2313,2008-02-26,open/unknown
IV,MILZ,,BHZ,2008-04-19,True,1,1.0,20.0,,61.64477547271431,38.2713,15.2313,2008-02-26,open/unknown
IV,MILZ,,BHZ,2008-04-20,True,1,1.0,20.0,,61.64477547271431,38.2713,15.2313,2008-02-26,open/unknown
IV,MILZ,,BHZ,2008-04-21,True,1,1.0,20.0,,61.64477547271431,38.2713,15.2313,2008-02-26,open/unknown
IV,MILZ,,BHZ,2008-04-22,True,1,1.0,20.0,,61.64477547271431,38.2713,15.2313,2008-02-26,open/unknown
IV,MILZ,,BHZ,2008-04-23,True,1,1.0,20.0,,61.64477547271431,38.2713,15.2313,2008-02-26,open/unknown
IV,MILZ,,BHZ,2008-04-24,True,1,1.0,20.0,,61.64477547271431,38.2713,15.2313,2008-02-26,open/unknown
IV,MILZ,,BHZ,2008-04-25,True,1,1.0,20.0,,61.64477547271431,38.2713,15.2313,2008-02-26,open/unknown
IV,MILZ,,BHZ,2008-04-26,True,1,1.0,20.0,,61.64477547271431,38.2713,15.2313,2008-02-26,open/unknown
IV,MILZ,,BHZ,2008-04-27,True,1,1.0,20.0,,61.64477547271431,38.2713,15.2313,2008-02-26,open/unknown
IV,MILZ,,BHZ,2008-04-28,True,1,1.0,20.0,,61.64477547271431,38.2713,15.2313,2008-02-26,open/unknown
IV,MILZ,,BHZ,2008-04-29,True,1,1.0,20.0,,61.64477547271431,38.2713,15.2313,2008-02-26,open/unknown
IV,MILZ,,BHZ,2008-04-30,True,1,1.0,20.0,,61.64477547271431,38.2713,15.2313,2008-02-26,open/unknown
IV,MILZ,,BHZ,2008-05-01,True,1,1.0,20.0,,61.64477547271431,38.2713,15.2313,2008-02-26,open/unknown
IV,MILZ,,BHZ,2008-05-02,True,1,1.0,20.0,,61.64477547271431,38.2713,15.2313,2008-02-26,open/unknown
IV,MILZ,,BHZ,2008-05-03,True,1,1.0,20.0,,61.64477547271431,38.2713,15.2313,2008-02-26,open/unknown
IV,MILZ,,BHZ,2008-05-04,True,1,1.0,20.0,,61.64477547271431,38.2713,15.2313,2008-02-26,open/unknown
IV,MILZ,,BHZ,2008-05-05,True,1,1.0,20.0,,61.64477547271431,38.2713,15.2313,2008-02-26,open/unknown
IV,MILZ,,BHZ,2008-05-06,True,1,1.0,20.0,,61.64477547271431,38.2713,15.2313,2008-02-26,open/unknown
IV,MILZ,,BHZ,2008-05-07,True,1,1.0,20.0,,61.64477547271431,38.2713,15.2313,2008-02-26,open/unknown
IV,MILZ,,BHZ,2008-05-08,True,1,1.0,20.0,,61.64477547271431,38.2713,15.2313,2008-02-26,open/unknown
IV,MILZ,,BHZ,2008-05-09,True,1,1.0,20.0,,61.64477547271431,38.2713,15.2313,2008-02-26,open/unknown
IV,MILZ,,BHZ,2008-05-10,True,1,1.0,20.0,,61.64477547271431,38.2713,15.2313,2008-02-26,open/unknown
IV,MILZ,,BHZ,2008-05-11,True,1,1.0,20.0,,61.64477547271431,38.2713,15.2313,2008-02-26,open/unknown
IV,MILZ,,BHZ,2008-05-12,True,1,1.0,20.0,,61.64477547271431,38.2713,15.2313,2008-02-26,open/unknown
IV,MILZ,,BHZ,2008-05-13,True,1,1.0,20.0,,61.64477547271431,38.2713,15.2313,2008-02-26,open/unknown
IV,MILZ,,HHZ,2008-04-12,True,1,1.0,100.0,,61.64477547271431,38.2713,15.2313,2008-02-26,open/unknown
IV,MILZ,,HHZ,2008-04-13,True,1,1.0,100.0,,61.64477547271431,38.2713,15.2313,2008-02-26,open/unknown
IV,MILZ,,HHZ,2008-04-14,True,1,1.0,100.0,,61.64477547271431,38.2713,15.2313,2008-02-26,open/unknown
IV,MILZ,,HHZ,2008-04-15,True,1,1.0,100.0,,61.64477547271431,38.2713,15.2313,2008-02-26,open/unknown
IV,MILZ,,HHZ,2008-04-16,True,1,1.0,100.0,,61.64477547271431,38.2713,15.2313,2008-02-26,open/unknown
IV,MILZ,,HHZ,2008-04-17,True,1,1.0,100.0,,61.64477547271431,38.2713,15.2313,2008-02-26,open/unknown
IV,MILZ,,HHZ,2008-04-18,True,1,1.0,100.0,,61.64477547271431,38.2713,15.2313,2008-02-26,open/unknown
IV,MILZ,,HHZ,2008-04-19,True,1,1.0,100.0,,61.64477547271431,38.2713,15.2313,2008-02-26,open/unknown
IV,MILZ,,HHZ,2008-04-20,True,1,1.0,100.0,,61.64477547271431,38.2713,15.2313,2008-02-26,open/unknown
IV,MILZ,,HHZ,2008-04-21,True,1,1.0,100.0,,61.64477547271431,38.2713,15.2313,2008-02-26,open/unknown
IV,MILZ,,HHZ,2008-04-22,True,1,1.0,100.0,,61.64477547271431,38.2713,15.2313,2008-02-26,open/unknown
IV,MILZ,,HHZ,2008-04-23,True,1,1.0,100.0,,61.64477547271431,38.2713,15.2313,2008-02-26,open/unknown
IV,MILZ,,HHZ,2008-04-24,True,1,1.0,100.0,,61.64477547271431,38.2713,15.2313,2008-02-26,open/unknown
IV,MILZ,,HHZ,2008-04-25,True,1,1.0,100.0,,61.64477547271431,38.2713,15.2313,2008-02-26,open/unknown
IV,MILZ,,HHZ,2008-04-26,True,1,1.0,100.0,,61.64477547271431,38.2713,15.2313,2008-02-26,open/unknown
IV,MILZ,,HHZ,2008-04-27,True,1,1.0,100.0,,61.64477547271431,38.2713,15.2313,2008-02-26,open/unknown
IV,MILZ,,HHZ,2008-04-28,True,1,1.0,100.0,,61.64477547271431,38.2713,15.2313,2008-02-26,open/unknown
IV,MILZ,,HHZ,2008-04-29,True,1,1.0,100.0,,61.64477547271431,38.2713,15.2313,2008-02-26,open/unknown
IV,MILZ,,HHZ,2008-04-30,True,1,1.0,100.0,,61.64477547271431,38.2713,15.2313,2008-02-26,open/unknown
IV,MILZ,,HHZ,2008-05-01,True,1,1.0,100.0,,61.64477547271431,38.2713,15.2313,2008-02-26,open/unknown
IV,MILZ,,HHZ,2008-05-02,True,1,1.0,100.0,,61.64477547271431,38.2713,15.2313,2008-02-26,open/unknown
IV,MILZ,,HHZ,2008-05-03,True,1,1.0,100.0,,61.64477547271431,38.2713,15.2313,2008-02-26,open/unknown
IV,MILZ,,HHZ,2008-05-04,True,1,1.0,100.0,,61.64477547271431,38.2713,15.2313,2008-02-26,open/unknown
IV,MILZ,,HHZ,2008-05-05,True,1,1.0,100.0,,61.64477547271431,38.2713,15.2313,2008-02-26,open/unknown
IV,MILZ,,HHZ,2008-05-06,True,1,1.0,100.0,,61.64477547271431,38.2713,15.2313,2008-02-26,open/unknown
IV,MILZ,,HHZ,2008-05-07,True,1,1.0,100.0,,61.64477547271431,38.2713,15.2313,2008-02-26,open/unknown
IV,MILZ,,HHZ,2008-05-08,True,1,1.0,100.0,,61.64477547271431,38.2713,15.2313,2008-02-26,open/unknown
IV,MILZ,,HHZ,2008-05-09,True,1,1.0,100.0,,61.64477547271431,38.2713,15.2313,2008-02-26,open/unknown
IV,MILZ,,HHZ,2008-05-10,True,1,1.0,100.0,,61.64477547271431,38.2713,15.2313,2008-02-26,open/unknown
IV,MILZ,,HHZ,2008-05-11,True,1,1.0,100.0,,61.64477547271431,38.2713,15.2313,2008-02-26,open/unknown
IV,MILZ,,HHZ,2008-05-12,True,1,1.0,100.0,,61.64477547271431,38.2713,15.2313,2008-02-26,open/unknown
IV,MILZ,,HHZ,2008-05-13,True,1,1.0,100.0,,61.64477547271431,38.2713,15.2313,2008-02-26,open/unknown
IV,MILZ,,LHZ,2008-04-12,True,1,1.0,1.0,,61.64477547271431,38.2713,15.2313,2008-02-26,open/unknown
IV,MILZ,,LHZ,2008-04-13,True,1,1.0,1.0,,61.64477547271431,38.2713,15.2313,2008-02-26,open/unknown
IV,MILZ,,LHZ,2008-04-14,True,1,1.0,1.0,,61.64477547271431,38.2713,15.2313,2008-02-26,open/unknown
IV,MILZ,,LHZ,2008-04-15,True,1,1.0,1.0,,61.64477547271431,38.2713,15.2313,2008-02-26,open/unknown
IV,MILZ,,LHZ,2008-04-16,True,1,1.0,1.0,,61.64477547271431,38.2713,15.2313,2008-02-26,open/unknown
IV,MILZ,,LHZ,2008-04-17,True,1,1.0,1.0,,61.64477547271431,38.2713,15.2313,2008-02-26,open/unknown
IV,MILZ,,LHZ,2008-04-18,True,1,1.0,1.0,,61.64477547271431,38.2713,15.2313,2008-02-26,open/unknown
IV,MILZ,,LHZ,2008-04-19,True,1,1.0,1.0,,61.64477547271431,38.2713,15.2313,2008-02-26,open/unknown
IV,MILZ,,LHZ,2008-04-20,True,1,1.0,1.0,,61.64477547271431,38.2713,15.2313,2008-02-26,open/unknown
IV,MILZ,,LHZ,2008-04-21,True,1,1.0,1.0,,61.64477547271431,38.2713,15.2313,2008-02-26,open/unknown
IV,MILZ,,LHZ,2008-04-22,True,1,1.0,1.0,,61.64477547271431,38.2713,15.2313,2008-02-26,open/unknown
IV,MILZ,,LHZ,2008-04-23,True,1,1.0,1.0,,61.64477547271431,38.2713,15.2313,2008-02-26,open/unknown
IV,MILZ,,LHZ,2008-04-24,True,1,1.0,1.0,,61.64477547271431,38.2713,15.2313,2008-02-26,open/unknown
IV,MILZ,,LHZ,2008-04-25,True,1,1.0,1.0,,61.64477547271431,38.2713,15.2313,2008-02-26,open/unknown
IV,MILZ,,LHZ,2008-04-26,True,1,1.0,1.0,,61.64477547271431,38.2713,15.2313,2008-02-26,open/unknown
IV,MILZ,,LHZ,2008-04-27,True,1,1.0,1.0,,61.64477547271431,38.2713,15.2313,2008-02-26,open/unknown
IV,MILZ,,LHZ,2008-04-28,True,1,1.0,1.0,,61.64477547271431,38.2713,15.2313,2008-02-26,open/unknown
IV,MILZ,,LHZ,2008-04-29,True,1,1.0,1.0,,61.64477547271431,38.2713,15.2313,2008-02-26,open/unknown
IV,MILZ,,LHZ,2008-04-30,True,1,1.0,1.0,,61.64477547271431,38.2713,15.2313,2008-02-26,open/unknown
IV,MILZ,,LHZ,2008-05-01,True,1,1.0,1.0,,61.64477547271431,38.2713,15.2313,2008-02-26,open/unknown
IV,MILZ,,LHZ,2008-05-02,True,1,1.0,1.0,,61.64477547271431,38.2713,15.2313,2008-02-26,open/unknown
IV,MILZ,,LHZ,2008-05-03,True,1,1.0,1.0,,61.64477547271431,38.2713,15.2313,2008-02-26,open/unknown
IV,MILZ,,LHZ,2008-05-04,True,1,1.0,1.0,,61.64477547271431,38.2713,15.2313,2008-02-26,open/unknown
IV,MILZ,,LHZ,2008-05-05,True,1,1.0,1.0,,61.64477547271431,38.2713,15.2313,2008-02-26,open/unknown
IV,MILZ,,LHZ,2008-05-06,True,1,1.0,1.0,,61.64477547271431,38.2713,15.2313,2008-02-26,open/unknown
IV,MILZ,,LHZ,2008-05-07,True,1,1.0,1.0,,61.64477547271431,38.2713,15.2313,2008-02-26,open/unknown
IV,MILZ,,LHZ,2008-05-08,True,1,1.0,1.0,,61.64477547271431,38.2713,15.2313,2008-02-26,open/unknown
IV,MILZ,,LHZ,2008-05-09,True,1,1.0,1.0,,61.64477547271431,38.2713,15.2313,2008-02-26,open/unknown
IV,MILZ,,LHZ,2008-05-10,True,1,1.0,1.0,,61.64477547271431,38.2713,15.2313,2008-02-26,open/unknown
IV,MILZ,,LHZ,2008-05-11,True,1,1.0,1.0,,61.64477547271431,38.2713,15.2313,2008-02-26,open/unknown
IV,MILZ,,LHZ,2008-05-12,True,1,1.0,1.0,,61.64477547271431,38.2713,15.2313,2008-02-26,open/unknown
IV,MILZ,,LHZ,2008-05-13,True,1,1.0,1.0,,61.64477547271431,38.2713,15.2313,2008-02-26,open/unknown
IV,MILZ,,VHZ,2008-04-12,False,0,0.0,,No data available for request.,61.64477547271431,38.2713,15.2313,2008-02-26,open/unknown
IV,MILZ,,VHZ,2008-04-13,False,0,0.0,,No data available for request.,61.64477547271431,38.2713,15.2313,2008-02-26,open/unknown
IV,MILZ,,VHZ,2008-04-14,False,0,0.0,,No data available for request.,61.64477547271431,38.2713,15.2313,2008-02-26,open/unknown
IV,MILZ,,VHZ,2008-04-15,False,0,0.0,,No data available for request.,61.64477547271431,38.2713,15.2313,2008-02-26,open/unknown
IV,MILZ,,VHZ,2008-04-16,False,0,0.0,,No data available for request.,61.64477547271431,38.2713,15.2313,2008-02-26,open/unknown
IV,MILZ,,VHZ,2008-04-17,False,0,0.0,,No data available for request.,61.64477547271431,38.2713,15.2313,2008-02-26,open/unknown
IV,MILZ,,VHZ,2008-04-18,False,0,0.0,,No data available for request.,61.64477547271431,38.2713,15.2313,2008-02-26,open/unknown
IV,MILZ,,VHZ,2008-04-19,False,0,0.0,,No data available for request.,61.64477547271431,38.2713,15.2313,2008-02-26,open/unknown
IV,MILZ,,VHZ,2008-04-20,False,0,0.0,,No data available for request.,61.64477547271431,38.2713,15.2313,2008-02-26,open/unknown
IV,MILZ,,VHZ,2008-04-21,False,0,0.0,,No data available for request.,61.64477547271431,38.2713,15.2313,2008-02-26,open/unknown
IV,MILZ,,VHZ,2008-04-22,False,0,0.0,,No data available for request.,61.64477547271431,38.2713,15.2313,2008-02-26,open/unknown
IV,MILZ,,VHZ,2008-04-23,False,0,0.0,,No data available for request.,61.64477547271431,38.2713,15.2313,2008-02-26,open/unknown
IV,MILZ,,VHZ,2008-04-24,False,0,0.0,,No data available for request.,61.64477547271431,38.2713,15.2313,2008-02-26,open/unknown
IV,MILZ,,VHZ,2008-04-25,False,0,0.0,,No data available for request.,61.64477547271431,38.2713,15.2313,2008-02-26,open/unknown
IV,MILZ,,VHZ,2008-04-26,False,0,0.0,,No data available for request.,61.64477547271431,38.2713,15.2313,2008-02-26,open/unknown
IV,MILZ,,VHZ,2008-04-27,False,0,0.0,,No data available for request.,61.64477547271431,38.2713,15.2313,2008-02-26,open/unknown
IV,MILZ,,VHZ,2008-04-28,False,0,0.0,,No data available for request.,61.64477547271431,38.2713,15.2313,2008-02-26,open/unknown
IV,MILZ,,VHZ,2008-04-29,False,0,0.0,,No data available for request.,61.64477547271431,38.2713,15.2313,2008-02-26,open/unknown
IV,MILZ,,VHZ,2008-04-30,False,0,0.0,,No data available for request.,61.64477547271431,38.2713,15.2313,2008-02-26,open/unknown
IV,MILZ,,VHZ,2008-05-01,False,0,0.0,,No data available for request.,61.64477547271431,38.2713,15.2313,2008-02-26,open/unknown
IV,MILZ,,VHZ,2008-05-02,False,0,0.0,,No data available for request.,61.64477547271431,38.2713,15.2313,2008-02-26,open/unknown
IV,MILZ,,VHZ,2008-05-03,False,0,0.0,,No data available for request.,61.64477547271431,38.2713,15.2313,2008-02-26,open/unknown
IV,MILZ,,VHZ,2008-05-04,False,0,0.0,,No data available for request.,61.64477547271431,38.2713,15.2313,2008-02-26,open/unknown
IV,MILZ,,VHZ,2008-05-05,False,0,0.0,,No data available for request.,61.64477547271431,38.2713,15.2313,2008-02-26,open/unknown
IV,MILZ,,VHZ,2008-05-06,False,0,0.0,,No data available for request.,61.64477547271431,38.2713,15.2313,2008-02-26,open/unknown
IV,MILZ,,VHZ,2008-05-07,False,0,0.0,,No data available for request.,61.64477547271431,38.2713,15.2313,2008-02-26,open/unknown
IV,MILZ,,VHZ,2008-05-08,False,0,0.0,,No data available for request.,61.64477547271431,38.2713,15.2313,2008-02-26,open/unknown
IV,MILZ,,VHZ,2008-05-09,False,0,0.0,,No data available for request.,61.64477547271431,38.2713,15.2313,2008-02-26,open/unknown
IV,MILZ,,VHZ,2008-05-10,False,0,0.0,,No data available for request.,61.64477547271431,38.2713,15.2313,2008-02-26,open/unknown
IV,MILZ,,VHZ,2008-05-11,False,0,0.0,,No data available for request.,61.64477547271431,38.2713,15.2313,2008-02-26,open/unknown
IV,MILZ,,VHZ,2008-05-12,False,0,0.0,,No data available for request.,61.64477547271431,38.2713,15.2313,2008-02-26,open/unknown
IV,MILZ,,VHZ,2008-05-13,False,0,0.0,,No data available for request.,61.64477547271431,38.2713,15.2313,2008-02-26,open/unknown
IV,SSY,,BHZ,2008-04-12,True,1,1.0,20.0,,65.9687366486017,37.1577,15.0737,2005-06-01,2023-03-13
IV,SSY,,BHZ,2008-04-13,True,1,1.0,20.0,,65.9687366486017,37.1577,15.0737,2005-06-01,2023-03-13
IV,SSY,,BHZ,2008-04-14,True,1,1.0,20.0,,65.9687366486017,37.1577,15.0737,2005-06-01,2023-03-13
IV,SSY,,BHZ,2008-04-15,True,1,1.0,20.0,,65.9687366486017,37.1577,15.0737,2005-06-01,2023-03-13
IV,SSY,,BHZ,2008-04-16,True,1,1.0,20.0,,65.9687366486017,37.1577,15.0737,2005-06-01,2023-03-13
IV,SSY,,BHZ,2008-04-17,True,1,1.0,20.0,,65.9687366486017,37.1577,15.0737,2005-06-01,2023-03-13
IV,SSY,,BHZ,2008-04-18,True,1,0.9999166666666668,20.0,,65.9687366486017,37.1577,15.0737,2005-06-01,2023-03-13
IV,SSY,,BHZ,2008-04-19,True,1,0.9999166666666668,20.0,,65.9687366486017,37.1577,15.0737,2005-06-01,2023-03-13
IV,SSY,,BHZ,2008-04-20,True,1,1.0,20.0,,65.9687366486017,37.1577,15.0737,2005-06-01,2023-03-13
IV,SSY,,BHZ,2008-04-21,True,1,1.0,20.0,,65.9687366486017,37.1577,15.0737,2005-06-01,2023-03-13
IV,SSY,,BHZ,2008-04-22,True,1,1.0,20.0,,65.9687366486017,37.1577,15.0737,2005-06-01,2023-03-13
IV,SSY,,BHZ,2008-04-23,True,1,1.0,20.0,,65.9687366486017,37.1577,15.0737,2005-06-01,2023-03-13
IV,SSY,,BHZ,2008-04-24,True,1,1.0,20.0,,65.9687366486017,37.1577,15.0737,2005-06-01,2023-03-13
IV,SSY,,BHZ,2008-04-25,True,1,1.0,20.0,,65.9687366486017,37.1577,15.0737,2005-06-01,2023-03-13
IV,SSY,,BHZ,2008-04-26,True,1,1.0,20.0,,65.9687366486017,37.1577,15.0737,2005-06-01,2023-03-13
IV,SSY,,BHZ,2008-04-27,True,1,1.0,20.0,,65.9687366486017,37.1577,15.0737,2005-06-01,2023-03-13
IV,SSY,,BHZ,2008-04-28,True,1,1.0,20.0,,65.9687366486017,37.1577,15.0737,2005-06-01,2023-03-13
IV,SSY,,BHZ,2008-04-29,True,1,1.0,20.0,,65.9687366486017,37.1577,15.0737,2005-06-01,2023-03-13
IV,SSY,,BHZ,2008-04-30,True,1,1.0,20.0,,65.9687366486017,37.1577,15.0737,2005-06-01,2023-03-13
IV,SSY,,BHZ,2008-05-01,True,1,1.0,20.0,,65.9687366486017,37.1577,15.0737,2005-06-01,2023-03-13
IV,SSY,,BHZ,2008-05-02,True,1,1.0,20.0,,65.9687366486017,37.1577,15.0737,2005-06-01,2023-03-13
IV,SSY,,BHZ,2008-05-03,True,1,1.0,20.0,,65.9687366486017,37.1577,15.0737,2005-06-01,2023-03-13
IV,SSY,,BHZ,2008-05-04,True,1,1.0,20.0,,65.9687366486017,37.1577,15.0737,2005-06-01,2023-03-13
IV,SSY,,BHZ,2008-05-05,True,1,1.0,20.0,,65.9687366486017,37.1577,15.0737,2005-06-01,2023-03-13
IV,SSY,,BHZ,2008-05-06,True,1,1.0,20.0,,65.9687366486017,37.1577,15.0737,2005-06-01,2023-03-13
IV,SSY,,BHZ,2008-05-07,True,1,1.0,20.0,,65.9687366486017,37.1577,15.0737,2005-06-01,2023-03-13
IV,SSY,,BHZ,2008-05-08,True,1,1.0,20.0,,65.9687366486017,37.1577,15.0737,2005-06-01,2023-03-13
IV,SSY,,BHZ,2008-05-09,True,1,1.0,20.0,,65.9687366486017,37.1577,15.0737,2005-06-01,2023-03-13
IV,SSY,,BHZ,2008-05-10,True,1,1.0,20.0,,65.9687366486017,37.1577,15.0737,2005-06-01,2023-03-13
IV,SSY,,BHZ,2008-05-11,True,1,1.0,20.0,,65.9687366486017,37.1577,15.0737,2005-06-01,2023-03-13
IV,SSY,,BHZ,2008-05-12,True,1,1.0,20.0,,65.9687366486017,37.1577,15.0737,2005-06-01,2023-03-13
IV,SSY,,BHZ,2008-05-13,True,1,1.0,20.0,,65.9687366486017,37.1577,15.0737,2005-06-01,2023-03-13
IV,SSY,,HHZ,2008-04-12,True,1,1.0,100.0,,65.9687366486017,37.1577,15.0737,2005-06-01,2023-03-13
IV,SSY,,HHZ,2008-04-13,True,1,1.0,100.0,,65.9687366486017,37.1577,15.0737,2005-06-01,2023-03-13
IV,SSY,,HHZ,2008-04-14,True,1,1.0,100.0,,65.9687366486017,37.1577,15.0737,2005-06-01,2023-03-13
IV,SSY,,HHZ,2008-04-15,True,1,1.0,100.0,,65.9687366486017,37.1577,15.0737,2005-06-01,2023-03-13
IV,SSY,,HHZ,2008-04-16,True,1,1.0,100.0,,65.9687366486017,37.1577,15.0737,2005-06-01,2023-03-13
IV,SSY,,HHZ,2008-04-17,True,1,1.0,100.0,,65.9687366486017,37.1577,15.0737,2005-06-01,2023-03-13
IV,SSY,,HHZ,2008-04-18,True,1,1.0,100.0,,65.9687366486017,37.1577,15.0737,2005-06-01,2023-03-13
IV,SSY,,HHZ,2008-04-19,True,1,1.0,100.0,,65.9687366486017,37.1577,15.0737,2005-06-01,2023-03-13
IV,SSY,,HHZ,2008-04-20,True,1,1.0,100.0,,65.9687366486017,37.1577,15.0737,2005-06-01,2023-03-13
IV,SSY,,HHZ,2008-04-21,True,1,1.0,100.0,,65.9687366486017,37.1577,15.0737,2005-06-01,2023-03-13
IV,SSY,,HHZ,2008-04-22,True,1,1.0,100.0,,65.9687366486017,37.1577,15.0737,2005-06-01,2023-03-13
IV,SSY,,HHZ,2008-04-23,True,1,1.0,100.0,,65.9687366486017,37.1577,15.0737,2005-06-01,2023-03-13
IV,SSY,,HHZ,2008-04-24,True,1,1.0,100.0,,65.9687366486017,37.1577,15.0737,2005-06-01,2023-03-13
IV,SSY,,HHZ,2008-04-25,True,1,1.0,100.0,,65.9687366486017,37.1577,15.0737,2005-06-01,2023-03-13
IV,SSY,,HHZ,2008-04-26,True,1,1.0,100.0,,65.9687366486017,37.1577,15.0737,2005-06-01,2023-03-13
IV,SSY,,HHZ,2008-04-27,True,1,1.0,100.0,,65.9687366486017,37.1577,15.0737,2005-06-01,2023-03-13
IV,SSY,,HHZ,2008-04-28,True,1,1.0,100.0,,65.9687366486017,37.1577,15.0737,2005-06-01,2023-03-13
IV,SSY,,HHZ,2008-04-29,True,1,1.0,100.0,,65.9687366486017,37.1577,15.0737,2005-06-01,2023-03-13
IV,SSY,,HHZ,2008-04-30,True,1,1.0,100.0,,65.9687366486017,37.1577,15.0737,2005-06-01,2023-03-13
IV,SSY,,HHZ,2008-05-01,True,1,1.0,100.0,,65.9687366486017,37.1577,15.0737,2005-06-01,2023-03-13
IV,SSY,,HHZ,2008-05-02,True,1,1.0,100.0,,65.9687366486017,37.1577,15.0737,2005-06-01,2023-03-13
IV,SSY,,HHZ,2008-05-03,True,1,1.0,100.0,,65.9687366486017,37.1577,15.0737,2005-06-01,2023-03-13
IV,SSY,,HHZ,2008-05-04,True,1,1.0,100.0,,65.9687366486017,37.1577,15.0737,2005-06-01,2023-03-13
IV,SSY,,HHZ,2008-05-05,True,1,1.0,100.0,,65.9687366486017,37.1577,15.0737,2005-06-01,2023-03-13
IV,SSY,,HHZ,2008-05-06,True,1,1.0,100.0,,65.9687366486017,37.1577,15.0737,2005-06-01,2023-03-13
IV,SSY,,HHZ,2008-05-07,True,1,1.0,100.0,,65.9687366486017,37.1577,15.0737,2005-06-01,2023-03-13
IV,SSY,,HHZ,2008-05-08,True,1,1.0,100.0,,65.9687366486017,37.1577,15.0737,2005-06-01,2023-03-13
IV,SSY,,HHZ,2008-05-09,True,1,1.0,100.0,,65.9687366486017,37.1577,15.0737,2005-06-01,2023-03-13
IV,SSY,,HHZ,2008-05-10,True,1,1.0,100.0,,65.9687366486017,37.1577,15.0737,2005-06-01,2023-03-13
IV,SSY,,HHZ,2008-05-11,True,1,1.0,100.0,,65.9687366486017,37.1577,15.0737,2005-06-01,2023-03-13
IV,SSY,,HHZ,2008-05-12,True,1,1.0,100.0,,65.9687366486017,37.1577,15.0737,2005-06-01,2023-03-13
IV,SSY,,HHZ,2008-05-13,True,1,1.0,100.0,,65.9687366486017,37.1577,15.0737,2005-06-01,2023-03-13
IV,SSY,,LHZ,2008-04-12,True,1,1.0,1.0,,65.9687366486017,37.1577,15.0737,2005-06-01,2023-03-13
IV,SSY,,LHZ,2008-04-13,True,1,1.0,1.0,,65.9687366486017,37.1577,15.0737,2005-06-01,2023-03-13
IV,SSY,,LHZ,2008-04-14,True,1,1.0,1.0,,65.9687366486017,37.1577,15.0737,2005-06-01,2023-03-13
IV,SSY,,LHZ,2008-04-15,True,1,1.0,1.0,,65.9687366486017,37.1577,15.0737,2005-06-01,2023-03-13
IV,SSY,,LHZ,2008-04-16,True,1,1.0,1.0,,65.9687366486017,37.1577,15.0737,2005-06-01,2023-03-13
IV,SSY,,LHZ,2008-04-17,True,1,1.0,1.0,,65.9687366486017,37.1577,15.0737,2005-06-01,2023-03-13
IV,SSY,,LHZ,2008-04-18,True,1,1.0,1.0,,65.9687366486017,37.1577,15.0737,2005-06-01,2023-03-13
IV,SSY,,LHZ,2008-04-19,True,1,1.0,1.0,,65.9687366486017,37.1577,15.0737,2005-06-01,2023-03-13
IV,SSY,,LHZ,2008-04-20,True,1,1.0,1.0,,65.9687366486017,37.1577,15.0737,2005-06-01,2023-03-13
IV,SSY,,LHZ,2008-04-21,True,1,1.0,1.0,,65.9687366486017,37.1577,15.0737,2005-06-01,2023-03-13
IV,SSY,,LHZ,2008-04-22,True,1,1.0,1.0,,65.9687366486017,37.1577,15.0737,2005-06-01,2023-03-13
IV,SSY,,LHZ,2008-04-23,True,1,1.0,1.0,,65.9687366486017,37.1577,15.0737,2005-06-01,2023-03-13
IV,SSY,,LHZ,2008-04-24,True,1,0.9983333333333333,1.0,,65.9687366486017,37.1577,15.0737,2005-06-01,2023-03-13
IV,SSY,,LHZ,2008-04-25,True,1,1.0,1.0,,65.9687366486017,37.1577,15.0737,2005-06-01,2023-03-13
IV,SSY,,LHZ,2008-04-26,True,1,1.0,1.0,,65.9687366486017,37.1577,15.0737,2005-06-01,2023-03-13
IV,SSY,,LHZ,2008-04-27,True,1,1.0,1.0,,65.9687366486017,37.1577,15.0737,2005-06-01,2023-03-13
IV,SSY,,LHZ,2008-04-28,True,1,1.0,1.0,,65.9687366486017,37.1577,15.0737,2005-06-01,2023-03-13
IV,SSY,,LHZ,2008-04-29,True,1,1.0,1.0,,65.9687366486017,37.1577,15.0737,2005-06-01,2023-03-13
IV,SSY,,LHZ,2008-04-30,True,1,1.0,1.0,,65.9687366486017,37.1577,15.0737,2005-06-01,2023-03-13
IV,SSY,,LHZ,2008-05-01,True,1,1.0,1.0,,65.9687366486017,37.1577,15.0737,2005-06-01,2023-03-13
IV,SSY,,LHZ,2008-05-02,True,1,1.0,1.0,,65.9687366486017,37.1577,15.0737,2005-06-01,2023-03-13
IV,SSY,,LHZ,2008-05-03,True,1,1.0,1.0,,65.9687366486017,37.1577,15.0737,2005-06-01,2023-03-13
IV,SSY,,LHZ,2008-05-04,True,1,1.0,1.0,,65.9687366486017,37.1577,15.0737,2005-06-01,2023-03-13
IV,SSY,,LHZ,2008-05-05,True,1,1.0,1.0,,65.9687366486017,37.1577,15.0737,2005-06-01,2023-03-13
IV,SSY,,LHZ,2008-05-06,True,1,1.0,1.0,,65.9687366486017,37.1577,15.0737,2005-06-01,2023-03-13
IV,SSY,,LHZ,2008-05-07,True,1,1.0,1.0,,65.9687366486017,37.1577,15.0737,2005-06-01,2023-03-13
IV,SSY,,LHZ,2008-05-08,True,1,1.0,1.0,,65.9687366486017,37.1577,15.0737,2005-06-01,2023-03-13
IV,SSY,,LHZ,2008-05-09,True,1,1.0,1.0,,65.9687366486017,37.1577,15.0737,2005-06-01,2023-03-13
IV,SSY,,LHZ,2008-05-10,True,1,1.0,1.0,,65.9687366486017,37.1577,15.0737,2005-06-01,2023-03-13
IV,SSY,,LHZ,2008-05-11,True,1,1.0,1.0,,65.9687366486017,37.1577,15.0737,2005-06-01,2023-03-13
IV,SSY,,LHZ,2008-05-12,True,1,1.0,1.0,,65.9687366486017,37.1577,15.0737,2005-06-01,2023-03-13
IV,SSY,,LHZ,2008-05-13,True,1,1.0,1.0,,65.9687366486017,37.1577,15.0737,2005-06-01,2023-03-13
IV,SSY,,VHZ,2008-04-12,True,1,1.0,0.1,,65.9687366486017,37.1577,15.0737,2005-06-01,2023-03-13
IV,SSY,,VHZ,2008-04-13,True,1,1.0,0.1,,65.9687366486017,37.1577,15.0737,2005-06-01,2023-03-13
IV,SSY,,VHZ,2008-04-14,True,1,1.0,0.1,,65.9687366486017,37.1577,15.0737,2005-06-01,2023-03-13
IV,SSY,,VHZ,2008-04-15,True,1,1.0,0.1,,65.9687366486017,37.1577,15.0737,2005-06-01,2023-03-13
IV,SSY,,VHZ,2008-04-16,True,1,1.0,0.1,,65.9687366486017,37.1577,15.0737,2005-06-01,2023-03-13
IV,SSY,,VHZ,2008-04-17,True,1,1.0,0.1,,65.9687366486017,37.1577,15.0737,2005-06-01,2023-03-13
IV,SSY,,VHZ,2008-04-18,True,1,1.0,0.1,,65.9687366486017,37.1577,15.0737,2005-06-01,2023-03-13
IV,SSY,,VHZ,2008-04-19,True,1,1.0,0.1,,65.9687366486017,37.1577,15.0737,2005-06-01,2023-03-13
IV,SSY,,VHZ,2008-04-20,True,1,1.0,0.1,,65.9687366486017,37.1577,15.0737,2005-06-01,2023-03-13
IV,SSY,,VHZ,2008-04-21,True,1,1.0,0.1,,65.9687366486017,37.1577,15.0737,2005-06-01,2023-03-13
IV,SSY,,VHZ,2008-04-22,True,1,1.0,0.1,,65.9687366486017,37.1577,15.0737,2005-06-01,2023-03-13
IV,SSY,,VHZ,2008-04-23,True,1,1.0,0.1,,65.9687366486017,37.1577,15.0737,2005-06-01,2023-03-13
IV,SSY,,VHZ,2008-04-24,True,1,1.0,0.1,,65.9687366486017,37.1577,15.0737,2005-06-01,2023-03-13
IV,SSY,,VHZ,2008-04-25,True,1,0.9833333333333333,0.1,,65.9687366486017,37.1577,15.0737,2005-06-01,2023-03-13
IV,SSY,,VHZ,2008-04-26,True,1,1.0,0.1,,65.9687366486017,37.1577,15.0737,2005-06-01,2023-03-13
IV,SSY,,VHZ,2008-04-27,True,1,1.0,0.1,,65.9687366486017,37.1577,15.0737,2005-06-01,2023-03-13
IV,SSY,,VHZ,2008-04-28,True,1,1.0,0.1,,65.9687366486017,37.1577,15.0737,2005-06-01,2023-03-13
IV,SSY,,VHZ,2008-04-29,True,1,1.0,0.1,,65.9687366486017,37.1577,15.0737,2005-06-01,2023-03-13
IV,SSY,,VHZ,2008-04-30,True,1,1.0,0.1,,65.9687366486017,37.1577,15.0737,2005-06-01,2023-03-13
IV,SSY,,VHZ,2008-05-01,True,1,1.0,0.1,,65.9687366486017,37.1577,15.0737,2005-06-01,2023-03-13
IV,SSY,,VHZ,2008-05-02,True,1,1.0,0.1,,65.9687366486017,37.1577,15.0737,2005-06-01,2023-03-13
IV,SSY,,VHZ,2008-05-03,True,1,1.0,0.1,,65.9687366486017,37.1577,15.0737,2005-06-01,2023-03-13
IV,SSY,,VHZ,2008-05-04,True,1,1.0,0.1,,65.9687366486017,37.1577,15.0737,2005-06-01,2023-03-13
IV,SSY,,VHZ,2008-05-05,True,1,1.0,0.1,,65.9687366486017,37.1577,15.0737,2005-06-01,2023-03-13
IV,SSY,,VHZ,2008-05-06,True,1,1.0,0.1,,65.9687366486017,37.1577,15.0737,2005-06-01,2023-03-13
IV,SSY,,VHZ,2008-05-07,True,1,1.0,0.1,,65.9687366486017,37.1577,15.0737,2005-06-01,2023-03-13
IV,SSY,,VHZ,2008-05-08,True,1,1.0,0.1,,65.9687366486017,37.1577,15.0737,2005-06-01,2023-03-13
IV,SSY,,VHZ,2008-05-09,True,1,1.0,0.1,,65.9687366486017,37.1577,15.0737,2005-06-01,2023-03-13
IV,SSY,,VHZ,2008-05-10,True,1,1.0,0.1,,65.9687366486017,37.1577,15.0737,2005-06-01,2023-03-13
IV,SSY,,VHZ,2008-05-11,True,1,1.0,0.1,,65.9687366486017,37.1577,15.0737,2005-06-01,2023-03-13
IV,SSY,,VHZ,2008-05-12,True,1,1.0,0.1,,65.9687366486017,37.1577,15.0737,2005-06-01,2023-03-13
IV,SSY,,VHZ,2008-05-13,True,1,1.0,0.1,,65.9687366486017,37.1577,15.0737,2005-06-01,2023-03-13
IV,MTTG,,BHZ,2008-04-12,True,1,1.0,20.0,,67.74492694370812,38.0031,15.69992,2007-01-24,2025-11-07
IV,MTTG,,BHZ,2008-04-13,True,1,1.0,20.0,,67.74492694370812,38.0031,15.69992,2007-01-24,2025-11-07
IV,MTTG,,BHZ,2008-04-14,True,1,1.0,20.0,,67.74492694370812,38.0031,15.69992,2007-01-24,2025-11-07
IV,MTTG,,BHZ,2008-04-15,True,1,1.0,20.0,,67.74492694370812,38.0031,15.69992,2007-01-24,2025-11-07
IV,MTTG,,BHZ,2008-04-16,True,1,0.9999166666666668,20.0,,67.74492694370812,38.0031,15.69992,2007-01-24,2025-11-07
IV,MTTG,,BHZ,2008-04-17,True,1,1.0,20.0,,67.74492694370812,38.0031,15.69992,2007-01-24,2025-11-07
IV,MTTG,,BHZ,2008-04-18,True,1,1.0,20.0,,67.74492694370812,38.0031,15.69992,2007-01-24,2025-11-07
IV,MTTG,,BHZ,2008-04-19,True,1,1.0,20.0,,67.74492694370812,38.0031,15.69992,2007-01-24,2025-11-07
IV,MTTG,,BHZ,2008-04-20,True,1,0.9999166666666668,20.0,,67.74492694370812,38.0031,15.69992,2007-01-24,2025-11-07
IV,MTTG,,BHZ,2008-04-21,True,1,0.9999166666666668,20.0,,67.74492694370812,38.0031,15.69992,2007-01-24,2025-11-07
IV,MTTG,,BHZ,2008-04-22,True,1,1.0,20.0,,67.74492694370812,38.0031,15.69992,2007-01-24,2025-11-07
IV,MTTG,,BHZ,2008-04-23,True,1,1.0,20.0,,67.74492694370812,38.0031,15.69992,2007-01-24,2025-11-07
IV,MTTG,,BHZ,2008-04-24,True,1,1.0,20.0,,67.74492694370812,38.0031,15.69992,2007-01-24,2025-11-07
IV,MTTG,,BHZ,2008-04-25,True,1,1.0,20.0,,67.74492694370812,38.0031,15.69992,2007-01-24,2025-11-07
IV,MTTG,,BHZ,2008-04-26,True,1,1.0,20.0,,67.74492694370812,38.0031,15.69992,2007-01-24,2025-11-07
IV,MTTG,,BHZ,2008-04-27,True,1,0.9999166666666668,20.0,,67.74492694370812,38.0031,15.69992,2007-01-24,2025-11-07
IV,MTTG,,BHZ,2008-04-28,True,1,1.0,20.0,,67.74492694370812,38.0031,15.69992,2007-01-24,2025-11-07
IV,MTTG,,BHZ,2008-04-29,True,1,1.0,20.0,,67.74492694370812,38.0031,15.69992,2007-01-24,2025-11-07
IV,MTTG,,BHZ,2008-04-30,True,1,1.0,20.0,,67.74492694370812,38.0031,15.69992,2007-01-24,2025-11-07
IV,MTTG,,BHZ,2008-05-01,True,1,0.9999166666666668,20.0,,67.74492694370812,38.0031,15.69992,2007-01-24,2025-11-07
IV,MTTG,,BHZ,2008-05-02,True,1,1.0,20.0,,67.74492694370812,38.0031,15.69992,2007-01-24,2025-11-07
IV,MTTG,,BHZ,2008-05-03,True,1,1.0,20.0,,67.74492694370812,38.0031,15.69992,2007-01-24,2025-11-07
IV,MTTG,,BHZ,2008-05-04,True,1,1.0,20.0,,67.74492694370812,38.0031,15.69992,2007-01-24,2025-11-07
IV,MTTG,,BHZ,2008-05-05,True,1,1.0,20.0,,67.74492694370812,38.0031,15.69992,2007-01-24,2025-11-07
IV,MTTG,,BHZ,2008-05-06,True,1,1.0,20.0,,67.74492694370812,38.0031,15.69992,2007-01-24,2025-11-07
IV,MTTG,,BHZ,2008-05-07,True,1,1.0,20.0,,67.74492694370812,38.0031,15.69992,2007-01-24,2025-11-07
IV,MTTG,,BHZ,2008-05-08,True,1,1.0,20.0,,67.74492694370812,38.0031,15.69992,2007-01-24,2025-11-07
IV,MTTG,,BHZ,2008-05-09,True,1,1.0,20.0,,67.74492694370812,38.0031,15.69992,2007-01-24,2025-11-07
IV,MTTG,,BHZ,2008-05-10,True,1,1.0,20.0,,67.74492694370812,38.0031,15.69992,2007-01-24,2025-11-07
IV,MTTG,,BHZ,2008-05-11,True,1,1.0,20.0,,67.74492694370812,38.0031,15.69992,2007-01-24,2025-11-07
IV,MTTG,,BHZ,2008-05-12,True,1,1.0,20.0,,67.74492694370812,38.0031,15.69992,2007-01-24,2025-11-07
IV,MTTG,,BHZ,2008-05-13,True,1,1.0,20.0,,67.74492694370812,38.0031,15.69992,2007-01-24,2025-11-07
IV,MTTG,,HHZ,2008-04-12,True,1,1.0,100.0,,67.74492694370812,38.0031,15.69992,2007-01-24,2025-11-07
IV,MTTG,,HHZ,2008-04-13,True,1,1.0,100.0,,67.74492694370812,38.0031,15.69992,2007-01-24,2025-11-07
IV,MTTG,,HHZ,2008-04-14,True,1,1.0,100.0,,67.74492694370812,38.0031,15.69992,2007-01-24,2025-11-07
IV,MTTG,,HHZ,2008-04-15,True,1,1.0,100.0,,67.74492694370812,38.0031,15.69992,2007-01-24,2025-11-07
IV,MTTG,,HHZ,2008-04-16,True,1,1.0,100.0,,67.74492694370812,38.0031,15.69992,2007-01-24,2025-11-07
IV,MTTG,,HHZ,2008-04-17,True,1,1.0,100.0,,67.74492694370812,38.0031,15.69992,2007-01-24,2025-11-07
IV,MTTG,,HHZ,2008-04-18,True,1,1.0,100.0,,67.74492694370812,38.0031,15.69992,2007-01-24,2025-11-07
IV,MTTG,,HHZ,2008-04-19,True,1,1.0,100.0,,67.74492694370812,38.0031,15.69992,2007-01-24,2025-11-07
IV,MTTG,,HHZ,2008-04-20,True,1,1.0,100.0,,67.74492694370812,38.0031,15.69992,2007-01-24,2025-11-07
IV,MTTG,,HHZ,2008-04-21,True,1,1.0,100.0,,67.74492694370812,38.0031,15.69992,2007-01-24,2025-11-07
IV,MTTG,,HHZ,2008-04-22,True,1,1.0,100.0,,67.74492694370812,38.0031,15.69992,2007-01-24,2025-11-07
IV,MTTG,,HHZ,2008-04-23,True,1,1.0,100.0,,67.74492694370812,38.0031,15.69992,2007-01-24,2025-11-07
IV,MTTG,,HHZ,2008-04-24,True,1,1.0,100.0,,67.74492694370812,38.0031,15.69992,2007-01-24,2025-11-07
IV,MTTG,,HHZ,2008-04-25,True,1,1.0,100.0,,67.74492694370812,38.0031,15.69992,2007-01-24,2025-11-07
IV,MTTG,,HHZ,2008-04-26,True,1,1.0,100.0,,67.74492694370812,38.0031,15.69992,2007-01-24,2025-11-07
IV,MTTG,,HHZ,2008-04-27,True,1,1.0,100.0,,67.74492694370812,38.0031,15.69992,2007-01-24,2025-11-07
IV,MTTG,,HHZ,2008-04-28,True,1,1.0,100.0,,67.74492694370812,38.0031,15.69992,2007-01-24,2025-11-07
IV,MTTG,,HHZ,2008-04-29,True,1,1.0,100.0,,67.74492694370812,38.0031,15.69992,2007-01-24,2025-11-07
IV,MTTG,,HHZ,2008-04-30,True,1,1.0,100.0,,67.74492694370812,38.0031,15.69992,2007-01-24,2025-11-07
IV,MTTG,,HHZ,2008-05-01,True,1,1.0,100.0,,67.74492694370812,38.0031,15.69992,2007-01-24,2025-11-07
IV,MTTG,,HHZ,2008-05-02,True,1,1.0,100.0,,67.74492694370812,38.0031,15.69992,2007-01-24,2025-11-07
IV,MTTG,,HHZ,2008-05-03,True,1,1.0,100.0,,67.74492694370812,38.0031,15.69992,2007-01-24,2025-11-07
IV,MTTG,,HHZ,2008-05-04,True,1,1.0,100.0,,67.74492694370812,38.0031,15.69992,2007-01-24,2025-11-07
IV,MTTG,,HHZ,2008-05-05,True,1,1.0,100.0,,67.74492694370812,38.0031,15.69992,2007-01-24,2025-11-07
IV,MTTG,,HHZ,2008-05-06,True,1,1.0,100.0,,67.74492694370812,38.0031,15.69992,2007-01-24,2025-11-07
IV,MTTG,,HHZ,2008-05-07,True,1,1.0,100.0,,67.74492694370812,38.0031,15.69992,2007-01-24,2025-11-07
IV,MTTG,,HHZ,2008-05-08,True,1,1.0,100.0,,67.74492694370812,38.0031,15.69992,2007-01-24,2025-11-07
IV,MTTG,,HHZ,2008-05-09,True,1,1.0,100.0,,67.74492694370812,38.0031,15.69992,2007-01-24,2025-11-07
IV,MTTG,,HHZ,2008-05-10,True,1,1.0,100.0,,67.74492694370812,38.0031,15.69992,2007-01-24,2025-11-07
IV,MTTG,,HHZ,2008-05-11,True,1,1.0,100.0,,67.74492694370812,38.0031,15.69992,2007-01-24,2025-11-07
IV,MTTG,,HHZ,2008-05-12,True,1,1.0,100.0,,67.74492694370812,38.0031,15.69992,2007-01-24,2025-11-07
IV,MTTG,,HHZ,2008-05-13,True,1,1.0,100.0,,67.74492694370812,38.0031,15.69992,2007-01-24,2025-11-07
IV,MTTG,,LHZ,2008-04-12,True,1,1.0,1.0,,67.74492694370812,38.0031,15.69992,2007-01-24,2025-11-07
IV,MTTG,,LHZ,2008-04-13,True,1,1.0,1.0,,67.74492694370812,38.0031,15.69992,2007-01-24,2025-11-07
IV,MTTG,,LHZ,2008-04-14,True,1,1.0,1.0,,67.74492694370812,38.0031,15.69992,2007-01-24,2025-11-07
IV,MTTG,,LHZ,2008-04-15,True,1,1.0,1.0,,67.74492694370812,38.0031,15.69992,2007-01-24,2025-11-07
IV,MTTG,,LHZ,2008-04-16,True,1,1.0,1.0,,67.74492694370812,38.0031,15.69992,2007-01-24,2025-11-07
IV,MTTG,,LHZ,2008-04-17,True,1,1.0,1.0,,67.74492694370812,38.0031,15.69992,2007-01-24,2025-11-07
IV,MTTG,,LHZ,2008-04-18,True,1,1.0,1.0,,67.74492694370812,38.0031,15.69992,2007-01-24,2025-11-07
IV,MTTG,,LHZ,2008-04-19,True,1,1.0,1.0,,67.74492694370812,38.0031,15.69992,2007-01-24,2025-11-07
IV,MTTG,,LHZ,2008-04-20,True,1,1.0,1.0,,67.74492694370812,38.0031,15.69992,2007-01-24,2025-11-07
IV,MTTG,,LHZ,2008-04-21,True,1,1.0,1.0,,67.74492694370812,38.0031,15.69992,2007-01-24,2025-11-07
IV,MTTG,,LHZ,2008-04-22,True,1,1.0,1.0,,67.74492694370812,38.0031,15.69992,2007-01-24,2025-11-07
IV,MTTG,,LHZ,2008-04-23,True,1,1.0,1.0,,67.74492694370812,38.0031,15.69992,2007-01-24,2025-11-07
IV,MTTG,,LHZ,2008-04-24,True,1,1.0,1.0,,67.74492694370812,38.0031,15.69992,2007-01-24,2025-11-07
IV,MTTG,,LHZ,2008-04-25,True,1,1.0,1.0,,67.74492694370812,38.0031,15.69992,2007-01-24,2025-11-07
IV,MTTG,,LHZ,2008-04-26,True,1,1.0,1.0,,67.74492694370812,38.0031,15.69992,2007-01-24,2025-11-07
IV,MTTG,,LHZ,2008-04-27,True,1,1.0,1.0,,67.74492694370812,38.0031,15.69992,2007-01-24,2025-11-07
IV,MTTG,,LHZ,2008-04-28,True,1,1.0,1.0,,67.74492694370812,38.0031,15.69992,2007-01-24,2025-11-07
IV,MTTG,,LHZ,2008-04-29,True,1,1.0,1.0,,67.74492694370812,38.0031,15.69992,2007-01-24,2025-11-07
IV,MTTG,,LHZ,2008-04-30,True,1,1.0,1.0,,67.74492694370812,38.0031,15.69992,2007-01-24,2025-11-07
IV,MTTG,,LHZ,2008-05-01,True,1,1.0,1.0,,67.74492694370812,38.0031,15.69992,2007-01-24,2025-11-07
IV,MTTG,,LHZ,2008-05-02,True,1,1.0,1.0,,67.74492694370812,38.0031,15.69992,2007-01-24,2025-11-07
IV,MTTG,,LHZ,2008-05-03,True,1,1.0,1.0,,67.74492694370812,38.0031,15.69992,2007-01-24,2025-11-07
IV,MTTG,,LHZ,2008-05-04,True,1,1.0,1.0,,67.74492694370812,38.0031,15.69992,2007-01-24,2025-11-07
IV,MTTG,,LHZ,2008-05-05,True,1,1.0,1.0,,67.74492694370812,38.0031,15.69992,2007-01-24,2025-11-07
IV,MTTG,,LHZ,2008-05-06,True,1,1.0,1.0,,67.74492694370812,38.0031,15.69992,2007-01-24,2025-11-07
IV,MTTG,,LHZ,2008-05-07,True,1,1.0,1.0,,67.74492694370812,38.0031,15.69992,2007-01-24,2025-11-07
IV,MTTG,,LHZ,2008-05-08,True,1,1.0,1.0,,67.74492694370812,38.0031,15.69992,2007-01-24,2025-11-07
IV,MTTG,,LHZ,2008-05-09,True,1,1.0,1.0,,67.74492694370812,38.0031,15.69992,2007-01-24,2025-11-07
IV,MTTG,,LHZ,2008-05-10,True,1,1.0,1.0,,67.74492694370812,38.0031,15.69992,2007-01-24,2025-11-07
IV,MTTG,,LHZ,2008-05-11,True,1,1.0,1.0,,67.74492694370812,38.0031,15.69992,2007-01-24,2025-11-07
IV,MTTG,,LHZ,2008-05-12,True,1,1.0,1.0,,67.74492694370812,38.0031,15.69992,2007-01-24,2025-11-07
IV,MTTG,,LHZ,2008-05-13,True,1,1.0,1.0,,67.74492694370812,38.0031,15.69992,2007-01-24,2025-11-07
IV,MTTG,,SHZ,2008-04-12,True,357,0.8017666666666666,50.0,,67.74492694370812,38.0031,15.69992,2003-03-01,2009-02-27
IV,MTTG,,SHZ,2008-04-13,False,724,0.5682,50.0,,67.74492694370812,38.0031,15.69992,2003-03-01,2009-02-27
IV,MTTG,,SHZ,2008-04-14,True,1,1.0,50.0,,67.74492694370812,38.0031,15.69992,2003-03-01,2009-02-27
IV,MTTG,,SHZ,2008-04-15,True,1,1.0,50.0,,67.74492694370812,38.0031,15.69992,2003-03-01,2009-02-27
IV,MTTG,,SHZ,2008-04-16,True,1,1.0,50.0,,67.74492694370812,38.0031,15.69992,2003-03-01,2009-02-27
IV,MTTG,,SHZ,2008-04-17,True,1,1.0,50.0,,67.74492694370812,38.0031,15.69992,2003-03-01,2009-02-27
IV,MTTG,,SHZ,2008-04-18,True,1,1.0,50.0,,67.74492694370812,38.0031,15.69992,2003-03-01,2009-02-27
IV,MTTG,,SHZ,2008-04-19,True,1,1.0,50.0,,67.74492694370812,38.0031,15.69992,2003-03-01,2009-02-27
IV,MTTG,,SHZ,2008-04-20,True,1,1.0,50.0,,67.74492694370812,38.0031,15.69992,2003-03-01,2009-02-27
IV,MTTG,,SHZ,2008-04-21,True,1,1.0,50.0,,67.74492694370812,38.0031,15.69992,2003-03-01,2009-02-27
IV,MTTG,,SHZ,2008-04-22,True,1,1.0,50.0,,67.74492694370812,38.0031,15.69992,2003-03-01,2009-02-27
IV,MTTG,,SHZ,2008-04-23,True,1,1.0,50.0,,67.74492694370812,38.0031,15.69992,2003-03-01,2009-02-27
IV,MTTG,,SHZ,2008-04-24,True,1,1.0,50.0,,67.74492694370812,38.0031,15.69992,2003-03-01,2009-02-27
IV,MTTG,,SHZ,2008-04-25,True,1,1.0,50.0,,67.74492694370812,38.0031,15.69992,2003-03-01,2009-02-27
IV,MTTG,,SHZ,2008-04-26,True,1,1.0,50.0,,67.74492694370812,38.0031,15.69992,2003-03-01,2009-02-27
IV,MTTG,,SHZ,2008-04-27,True,12,0.9941333333333333,50.0,,67.74492694370812,38.0031,15.69992,2003-03-01,2009-02-27
IV,MTTG,,SHZ,2008-04-28,True,1,1.0,50.0,,67.74492694370812,38.0031,15.69992,2003-03-01,2009-02-27
IV,MTTG,,SHZ,2008-04-29,True,1,1.0,50.0,,67.74492694370812,38.0031,15.69992,2003-03-01,2009-02-27
IV,MTTG,,SHZ,2008-04-30,True,1,1.0,50.0,,67.74492694370812,38.0031,15.69992,2003-03-01,2009-02-27
IV,MTTG,,SHZ,2008-05-01,True,86,0.9594,50.0,,67.74492694370812,38.0031,15.69992,2003-03-01,2009-02-27
IV,MTTG,,SHZ,2008-05-02,True,70,0.9662999999999999,50.0,,67.74492694370812,38.0031,15.69992,2003-03-01,2009-02-27
IV,MTTG,,SHZ,2008-05-03,True,1,1.0,50.0,,67.74492694370812,38.0031,15.69992,2003-03-01,2009-02-27
IV,MTTG,,SHZ,2008-05-04,True,2,0.9995999999999999,50.0,,67.74492694370812,38.0031,15.69992,2003-03-01,2009-02-27
IV,MTTG,,SHZ,2008-05-05,True,3,0.9989666666666667,50.0,,67.74492694370812,38.0031,15.69992,2003-03-01,2009-02-27
IV,MTTG,,SHZ,2008-05-06,True,1,1.0,50.0,,67.74492694370812,38.0031,15.69992,2003-03-01,2009-02-27
IV,MTTG,,SHZ,2008-05-07,True,1,1.0,50.0,,67.74492694370812,38.0031,15.69992,2003-03-01,2009-02-27
IV,MTTG,,SHZ,2008-05-08,True,1,1.0,50.0,,67.74492694370812,38.0031,15.69992,2003-03-01,2009-02-27
IV,MTTG,,SHZ,2008-05-09,True,1,1.0,50.0,,67.74492694370812,38.0031,15.69992,2003-03-01,2009-02-27
IV,MTTG,,SHZ,2008-05-10,True,1,1.0,50.0,,67.74492694370812,38.0031,15.69992,2003-03-01,2009-02-27
IV,MTTG,,SHZ,2008-05-11,True,48,0.9763,50.0,,67.74492694370812,38.0031,15.69992,2003-03-01,2009-02-27
IV,MTTG,,SHZ,2008-05-12,True,1,1.0,50.0,,67.74492694370812,38.0031,15.69992,2003-03-01,2009-02-27
IV,MTTG,,SHZ,2008-05-13,True,32,0.9824333333333334,50.0,,67.74492694370812,38.0031,15.69992,2003-03-01,2009-02-27
IV,MTTG,,VHZ,2008-04-12,True,1,1.0,0.1,,67.74492694370812,38.0031,15.69992,2007-01-24,2025-11-07
IV,MTTG,,VHZ,2008-04-13,True,1,1.0,0.1,,67.74492694370812,38.0031,15.69992,2007-01-24,2025-11-07
IV,MTTG,,VHZ,2008-04-14,True,1,1.0,0.1,,67.74492694370812,38.0031,15.69992,2007-01-24,2025-11-07
IV,MTTG,,VHZ,2008-04-15,True,1,1.0,0.1,,67.74492694370812,38.0031,15.69992,2007-01-24,2025-11-07
IV,MTTG,,VHZ,2008-04-16,True,1,1.0,0.1,,67.74492694370812,38.0031,15.69992,2007-01-24,2025-11-07
IV,MTTG,,VHZ,2008-04-17,True,1,1.0,0.1,,67.74492694370812,38.0031,15.69992,2007-01-24,2025-11-07
IV,MTTG,,VHZ,2008-04-18,True,1,1.0,0.1,,67.74492694370812,38.0031,15.69992,2007-01-24,2025-11-07
IV,MTTG,,VHZ,2008-04-19,True,1,1.0,0.1,,67.74492694370812,38.0031,15.69992,2007-01-24,2025-11-07
IV,MTTG,,VHZ,2008-04-20,True,1,1.0,0.1,,67.74492694370812,38.0031,15.69992,2007-01-24,2025-11-07
IV,MTTG,,VHZ,2008-04-21,True,1,1.0,0.1,,67.74492694370812,38.0031,15.69992,2007-01-24,2025-11-07
IV,MTTG,,VHZ,2008-04-22,True,1,1.0,0.1,,67.74492694370812,38.0031,15.69992,2007-01-24,2025-11-07
IV,MTTG,,VHZ,2008-04-23,True,1,1.0,0.1,,67.74492694370812,38.0031,15.69992,2007-01-24,2025-11-07
IV,MTTG,,VHZ,2008-04-24,True,1,1.0,0.1,,67.74492694370812,38.0031,15.69992,2007-01-24,2025-11-07
IV,MTTG,,VHZ,2008-04-25,True,1,1.0,0.1,,67.74492694370812,38.0031,15.69992,2007-01-24,2025-11-07
IV,MTTG,,VHZ,2008-04-26,True,1,1.0,0.1,,67.74492694370812,38.0031,15.69992,2007-01-24,2025-11-07
IV,MTTG,,VHZ,2008-04-27,True,1,1.0,0.1,,67.74492694370812,38.0031,15.69992,2007-01-24,2025-11-07
IV,MTTG,,VHZ,2008-04-28,True,1,1.0,0.1,,67.74492694370812,38.0031,15.69992,2007-01-24,2025-11-07
IV,MTTG,,VHZ,2008-04-29,True,1,1.0,0.1,,67.74492694370812,38.0031,15.69992,2007-01-24,2025-11-07
IV,MTTG,,VHZ,2008-04-30,True,1,1.0,0.1,,67.74492694370812,38.0031,15.69992,2007-01-24,2025-11-07
IV,MTTG,,VHZ,2008-05-01,True,1,1.0,0.1,,67.74492694370812,38.0031,15.69992,2007-01-24,2025-11-07
IV,MTTG,,VHZ,2008-05-02,True,1,1.0,0.1,,67.74492694370812,38.0031,15.69992,2007-01-24,2025-11-07
IV,MTTG,,VHZ,2008-05-03,True,1,1.0,0.1,,67.74492694370812,38.0031,15.69992,2007-01-24,2025-11-07
IV,MTTG,,VHZ,2008-05-04,True,1,1.0,0.1,,67.74492694370812,38.0031,15.69992,2007-01-24,2025-11-07
IV,MTTG,,VHZ,2008-05-05,True,1,1.0,0.1,,67.74492694370812,38.0031,15.69992,2007-01-24,2025-11-07
IV,MTTG,,VHZ,2008-05-06,True,1,1.0,0.1,,67.74492694370812,38.0031,15.69992,2007-01-24,2025-11-07
IV,MTTG,,VHZ,2008-05-07,True,1,1.0,0.1,,67.74492694370812,38.0031,15.69992,2007-01-24,2025-11-07
IV,MTTG,,VHZ,2008-05-08,True,1,1.0,0.1,,67.74492694370812,38.0031,15.69992,2007-01-24,2025-11-07
IV,MTTG,,VHZ,2008-05-09,True,1,1.0,0.1,,67.74492694370812,38.0031,15.69992,2007-01-24,2025-11-07
IV,MTTG,,VHZ,2008-05-10,True,1,1.0,0.1,,67.74492694370812,38.0031,15.69992,2007-01-24,2025-11-07
IV,MTTG,,VHZ,2008-05-11,True,1,1.0,0.1,,67.74492694370812,38.0031,15.69992,2007-01-24,2025-11-07
IV,MTTG,,VHZ,2008-05-12,True,1,1.0,0.1,,67.74492694370812,38.0031,15.69992,2007-01-24,2025-11-07
IV,MTTG,,VHZ,2008-05-13,True,1,1.0,0.1,,67.74492694370812,38.0031,15.69992,2007-01-24,2025-11-07
IV,HVZN,,BHZ,2008-04-12,True,1,1.0,20.0,,68.11030829037195,37.1783,14.7155,2005-07-10,2023-03-08
IV,HVZN,,BHZ,2008-04-13,True,1,1.0,20.0,,68.11030829037195,37.1783,14.7155,2005-07-10,2023-03-08
IV,HVZN,,BHZ,2008-04-14,True,1,1.0,20.0,,68.11030829037195,37.1783,14.7155,2005-07-10,2023-03-08
IV,HVZN,,BHZ,2008-04-15,True,1,1.0,20.0,,68.11030829037195,37.1783,14.7155,2005-07-10,2023-03-08
IV,HVZN,,BHZ,2008-04-16,True,1,1.0,20.0,,68.11030829037195,37.1783,14.7155,2005-07-10,2023-03-08
IV,HVZN,,BHZ,2008-04-17,True,1,1.0,20.0,,68.11030829037195,37.1783,14.7155,2005-07-10,2023-03-08
IV,HVZN,,BHZ,2008-04-18,True,1,1.0,20.0,,68.11030829037195,37.1783,14.7155,2005-07-10,2023-03-08
IV,HVZN,,BHZ,2008-04-19,True,1,1.0,20.0,,68.11030829037195,37.1783,14.7155,2005-07-10,2023-03-08
IV,HVZN,,BHZ,2008-04-20,True,1,1.0,20.0,,68.11030829037195,37.1783,14.7155,2005-07-10,2023-03-08
IV,HVZN,,BHZ,2008-04-21,True,1,1.0,20.0,,68.11030829037195,37.1783,14.7155,2005-07-10,2023-03-08
IV,HVZN,,BHZ,2008-04-22,True,1,1.0,20.0,,68.11030829037195,37.1783,14.7155,2005-07-10,2023-03-08
IV,HVZN,,BHZ,2008-04-23,True,1,1.0,20.0,,68.11030829037195,37.1783,14.7155,2005-07-10,2023-03-08
IV,HVZN,,BHZ,2008-04-24,True,1,1.0,20.0,,68.11030829037195,37.1783,14.7155,2005-07-10,2023-03-08
IV,HVZN,,BHZ,2008-04-25,True,1,0.9999166666666668,20.0,,68.11030829037195,37.1783,14.7155,2005-07-10,2023-03-08
IV,HVZN,,BHZ,2008-04-26,True,1,1.0,20.0,,68.11030829037195,37.1783,14.7155,2005-07-10,2023-03-08
IV,HVZN,,BHZ,2008-04-27,True,1,1.0,20.0,,68.11030829037195,37.1783,14.7155,2005-07-10,2023-03-08
IV,HVZN,,BHZ,2008-04-28,True,1,1.0,20.0,,68.11030829037195,37.1783,14.7155,2005-07-10,2023-03-08
IV,HVZN,,BHZ,2008-04-29,True,1,1.0,20.0,,68.11030829037195,37.1783,14.7155,2005-07-10,2023-03-08
IV,HVZN,,BHZ,2008-04-30,True,1,1.0,20.0,,68.11030829037195,37.1783,14.7155,2005-07-10,2023-03-08
IV,HVZN,,BHZ,2008-05-01,True,1,1.0,20.0,,68.11030829037195,37.1783,14.7155,2005-07-10,2023-03-08
IV,HVZN,,BHZ,2008-05-02,True,1,1.0,20.0,,68.11030829037195,37.1783,14.7155,2005-07-10,2023-03-08
IV,HVZN,,BHZ,2008-05-03,True,1,1.0,20.0,,68.11030829037195,37.1783,14.7155,2005-07-10,2023-03-08
IV,HVZN,,BHZ,2008-05-04,True,1,1.0,20.0,,68.11030829037195,37.1783,14.7155,2005-07-10,2023-03-08
IV,HVZN,,BHZ,2008-05-05,True,1,1.0,20.0,,68.11030829037195,37.1783,14.7155,2005-07-10,2023-03-08
IV,HVZN,,BHZ,2008-05-06,True,1,1.0,20.0,,68.11030829037195,37.1783,14.7155,2005-07-10,2023-03-08
IV,HVZN,,BHZ,2008-05-07,True,1,1.0,20.0,,68.11030829037195,37.1783,14.7155,2005-07-10,2023-03-08
IV,HVZN,,BHZ,2008-05-08,True,1,1.0,20.0,,68.11030829037195,37.1783,14.7155,2005-07-10,2023-03-08
IV,HVZN,,BHZ,2008-05-09,True,1,1.0,20.0,,68.11030829037195,37.1783,14.7155,2005-07-10,2023-03-08
IV,HVZN,,BHZ,2008-05-10,True,1,1.0,20.0,,68.11030829037195,37.1783,14.7155,2005-07-10,2023-03-08
IV,HVZN,,BHZ,2008-05-11,True,1,1.0,20.0,,68.11030829037195,37.1783,14.7155,2005-07-10,2023-03-08
IV,HVZN,,BHZ,2008-05-12,True,1,1.0,20.0,,68.11030829037195,37.1783,14.7155,2005-07-10,2023-03-08
IV,HVZN,,BHZ,2008-05-13,True,1,1.0,20.0,,68.11030829037195,37.1783,14.7155,2005-07-10,2023-03-08
IV,HVZN,,HHZ,2008-04-12,True,1,1.0,100.0,,68.11030829037195,37.1783,14.7155,2005-07-10,2013-01-24
IV,HVZN,,HHZ,2008-04-13,True,1,1.0,100.0,,68.11030829037195,37.1783,14.7155,2005-07-10,2013-01-24
IV,HVZN,,HHZ,2008-04-14,True,1,1.0,100.0,,68.11030829037195,37.1783,14.7155,2005-07-10,2013-01-24
IV,HVZN,,HHZ,2008-04-15,True,1,1.0,100.0,,68.11030829037195,37.1783,14.7155,2005-07-10,2013-01-24
IV,HVZN,,HHZ,2008-04-16,True,1,1.0,100.0,,68.11030829037195,37.1783,14.7155,2005-07-10,2013-01-24
IV,HVZN,,HHZ,2008-04-17,True,1,1.0,100.0,,68.11030829037195,37.1783,14.7155,2005-07-10,2013-01-24
IV,HVZN,,HHZ,2008-04-18,True,1,1.0,100.0,,68.11030829037195,37.1783,14.7155,2005-07-10,2013-01-24
IV,HVZN,,HHZ,2008-04-19,True,1,1.0,100.0,,68.11030829037195,37.1783,14.7155,2005-07-10,2013-01-24
IV,HVZN,,HHZ,2008-04-20,True,1,1.0,100.0,,68.11030829037195,37.1783,14.7155,2005-07-10,2013-01-24
IV,HVZN,,HHZ,2008-04-21,True,1,1.0,100.0,,68.11030829037195,37.1783,14.7155,2005-07-10,2013-01-24
IV,HVZN,,HHZ,2008-04-22,True,1,1.0,100.0,,68.11030829037195,37.1783,14.7155,2005-07-10,2013-01-24
IV,HVZN,,HHZ,2008-04-23,True,1,1.0,100.0,,68.11030829037195,37.1783,14.7155,2005-07-10,2013-01-24
IV,HVZN,,HHZ,2008-04-24,True,1,1.0,100.0,,68.11030829037195,37.1783,14.7155,2005-07-10,2013-01-24
IV,HVZN,,HHZ,2008-04-25,True,1,1.0,100.0,,68.11030829037195,37.1783,14.7155,2005-07-10,2013-01-24
IV,HVZN,,HHZ,2008-04-26,True,1,1.0,100.0,,68.11030829037195,37.1783,14.7155,2005-07-10,2013-01-24
IV,HVZN,,HHZ,2008-04-27,True,1,1.0,100.0,,68.11030829037195,37.1783,14.7155,2005-07-10,2013-01-24
IV,HVZN,,HHZ,2008-04-28,True,1,1.0,100.0,,68.11030829037195,37.1783,14.7155,2005-07-10,2013-01-24
IV,HVZN,,HHZ,2008-04-29,True,1,1.0,100.0,,68.11030829037195,37.1783,14.7155,2005-07-10,2013-01-24
IV,HVZN,,HHZ,2008-04-30,True,1,1.0,100.0,,68.11030829037195,37.1783,14.7155,2005-07-10,2013-01-24
IV,HVZN,,HHZ,2008-05-01,True,1,1.0,100.0,,68.11030829037195,37.1783,14.7155,2005-07-10,2013-01-24
IV,HVZN,,HHZ,2008-05-02,True,1,1.0,100.0,,68.11030829037195,37.1783,14.7155,2005-07-10,2013-01-24
IV,HVZN,,HHZ,2008-05-03,True,1,1.0,100.0,,68.11030829037195,37.1783,14.7155,2005-07-10,2013-01-24
IV,HVZN,,HHZ,2008-05-04,True,1,1.0,100.0,,68.11030829037195,37.1783,14.7155,2005-07-10,2013-01-24
IV,HVZN,,HHZ,2008-05-05,True,1,1.0,100.0,,68.11030829037195,37.1783,14.7155,2005-07-10,2013-01-24
IV,HVZN,,HHZ,2008-05-06,True,1,1.0,100.0,,68.11030829037195,37.1783,14.7155,2005-07-10,2013-01-24
IV,HVZN,,HHZ,2008-05-07,True,1,1.0,100.0,,68.11030829037195,37.1783,14.7155,2005-07-10,2013-01-24
IV,HVZN,,HHZ,2008-05-08,True,1,1.0,100.0,,68.11030829037195,37.1783,14.7155,2005-07-10,2013-01-24
IV,HVZN,,HHZ,2008-05-09,True,1,1.0,100.0,,68.11030829037195,37.1783,14.7155,2005-07-10,2013-01-24
IV,HVZN,,HHZ,2008-05-10,True,1,1.0,100.0,,68.11030829037195,37.1783,14.7155,2005-07-10,2013-01-24
IV,HVZN,,HHZ,2008-05-11,True,1,1.0,100.0,,68.11030829037195,37.1783,14.7155,2005-07-10,2013-01-24
IV,HVZN,,HHZ,2008-05-12,True,1,1.0,100.0,,68.11030829037195,37.1783,14.7155,2005-07-10,2013-01-24
IV,HVZN,,HHZ,2008-05-13,True,1,1.0,100.0,,68.11030829037195,37.1783,14.7155,2005-07-10,2013-01-24
IV,HVZN,,LHZ,2008-04-12,True,1,1.0,1.0,,68.11030829037195,37.1783,14.7155,2005-07-10,2023-03-08
IV,HVZN,,LHZ,2008-04-13,True,1,1.0,1.0,,68.11030829037195,37.1783,14.7155,2005-07-10,2023-03-08
IV,HVZN,,LHZ,2008-04-14,True,1,1.0,1.0,,68.11030829037195,37.1783,14.7155,2005-07-10,2023-03-08
IV,HVZN,,LHZ,2008-04-15,True,1,1.0,1.0,,68.11030829037195,37.1783,14.7155,2005-07-10,2023-03-08
IV,HVZN,,LHZ,2008-04-16,True,1,1.0,1.0,,68.11030829037195,37.1783,14.7155,2005-07-10,2023-03-08
IV,HVZN,,LHZ,2008-04-17,True,1,1.0,1.0,,68.11030829037195,37.1783,14.7155,2005-07-10,2023-03-08
IV,HVZN,,LHZ,2008-04-18,True,1,1.0,1.0,,68.11030829037195,37.1783,14.7155,2005-07-10,2023-03-08
IV,HVZN,,LHZ,2008-04-19,True,1,1.0,1.0,,68.11030829037195,37.1783,14.7155,2005-07-10,2023-03-08
IV,HVZN,,LHZ,2008-04-20,True,1,1.0,1.0,,68.11030829037195,37.1783,14.7155,2005-07-10,2023-03-08
IV,HVZN,,LHZ,2008-04-21,True,1,1.0,1.0,,68.11030829037195,37.1783,14.7155,2005-07-10,2023-03-08
IV,HVZN,,LHZ,2008-04-22,True,1,1.0,1.0,,68.11030829037195,37.1783,14.7155,2005-07-10,2023-03-08
IV,HVZN,,LHZ,2008-04-23,True,1,1.0,1.0,,68.11030829037195,37.1783,14.7155,2005-07-10,2023-03-08
IV,HVZN,,LHZ,2008-04-24,True,1,1.0,1.0,,68.11030829037195,37.1783,14.7155,2005-07-10,2023-03-08
IV,HVZN,,LHZ,2008-04-25,True,1,1.0,1.0,,68.11030829037195,37.1783,14.7155,2005-07-10,2023-03-08
IV,HVZN,,LHZ,2008-04-26,True,1,1.0,1.0,,68.11030829037195,37.1783,14.7155,2005-07-10,2023-03-08
IV,HVZN,,LHZ,2008-04-27,True,1,1.0,1.0,,68.11030829037195,37.1783,14.7155,2005-07-10,2023-03-08
IV,HVZN,,LHZ,2008-04-28,True,1,1.0,1.0,,68.11030829037195,37.1783,14.7155,2005-07-10,2023-03-08
IV,HVZN,,LHZ,2008-04-29,True,1,1.0,1.0,,68.11030829037195,37.1783,14.7155,2005-07-10,2023-03-08
IV,HVZN,,LHZ,2008-04-30,True,1,1.0,1.0,,68.11030829037195,37.1783,14.7155,2005-07-10,2023-03-08
IV,HVZN,,LHZ,2008-05-01,True,1,1.0,1.0,,68.11030829037195,37.1783,14.7155,2005-07-10,2023-03-08
IV,HVZN,,LHZ,2008-05-02,True,1,1.0,1.0,,68.11030829037195,37.1783,14.7155,2005-07-10,2023-03-08
IV,HVZN,,LHZ,2008-05-03,True,1,1.0,1.0,,68.11030829037195,37.1783,14.7155,2005-07-10,2023-03-08
IV,HVZN,,LHZ,2008-05-04,True,1,1.0,1.0,,68.11030829037195,37.1783,14.7155,2005-07-10,2023-03-08
IV,HVZN,,LHZ,2008-05-05,True,1,1.0,1.0,,68.11030829037195,37.1783,14.7155,2005-07-10,2023-03-08
IV,HVZN,,LHZ,2008-05-06,True,1,1.0,1.0,,68.11030829037195,37.1783,14.7155,2005-07-10,2023-03-08
IV,HVZN,,LHZ,2008-05-07,True,1,1.0,1.0,,68.11030829037195,37.1783,14.7155,2005-07-10,2023-03-08
IV,HVZN,,LHZ,2008-05-08,True,1,1.0,1.0,,68.11030829037195,37.1783,14.7155,2005-07-10,2023-03-08
IV,HVZN,,LHZ,2008-05-09,True,1,1.0,1.0,,68.11030829037195,37.1783,14.7155,2005-07-10,2023-03-08
IV,HVZN,,LHZ,2008-05-10,True,1,1.0,1.0,,68.11030829037195,37.1783,14.7155,2005-07-10,2023-03-08
IV,HVZN,,LHZ,2008-05-11,True,1,1.0,1.0,,68.11030829037195,37.1783,14.7155,2005-07-10,2023-03-08
IV,HVZN,,LHZ,2008-05-12,True,1,1.0,1.0,,68.11030829037195,37.1783,14.7155,2005-07-10,2023-03-08
IV,HVZN,,LHZ,2008-05-13,True,1,1.0,1.0,,68.11030829037195,37.1783,14.7155,2005-07-10,2023-03-08
IV,HVZN,,VHZ,2008-04-12,True,1,1.0,0.1,,68.11030829037195,37.1783,14.7155,2005-07-10,2023-03-08
IV,HVZN,,VHZ,2008-04-13,True,1,1.0,0.1,,68.11030829037195,37.1783,14.7155,2005-07-10,2023-03-08
IV,HVZN,,VHZ,2008-04-14,True,1,1.0,0.1,,68.11030829037195,37.1783,14.7155,2005-07-10,2023-03-08
IV,HVZN,,VHZ,2008-04-15,True,1,1.0,0.1,,68.11030829037195,37.1783,14.7155,2005-07-10,2023-03-08
IV,HVZN,,VHZ,2008-04-16,True,1,1.0,0.1,,68.11030829037195,37.1783,14.7155,2005-07-10,2023-03-08
IV,HVZN,,VHZ,2008-04-17,True,1,1.0,0.1,,68.11030829037195,37.1783,14.7155,2005-07-10,2023-03-08
IV,HVZN,,VHZ,2008-04-18,True,1,1.0,0.1,,68.11030829037195,37.1783,14.7155,2005-07-10,2023-03-08
IV,HVZN,,VHZ,2008-04-19,True,1,1.0,0.1,,68.11030829037195,37.1783,14.7155,2005-07-10,2023-03-08
IV,HVZN,,VHZ,2008-04-20,True,1,1.0,0.1,,68.11030829037195,37.1783,14.7155,2005-07-10,2023-03-08
IV,HVZN,,VHZ,2008-04-21,True,1,1.0,0.1,,68.11030829037195,37.1783,14.7155,2005-07-10,2023-03-08
IV,HVZN,,VHZ,2008-04-22,True,1,1.0,0.1,,68.11030829037195,37.1783,14.7155,2005-07-10,2023-03-08
IV,HVZN,,VHZ,2008-04-23,True,1,1.0,0.1,,68.11030829037195,37.1783,14.7155,2005-07-10,2023-03-08
IV,HVZN,,VHZ,2008-04-24,True,1,1.0,0.1,,68.11030829037195,37.1783,14.7155,2005-07-10,2023-03-08
IV,HVZN,,VHZ,2008-04-25,True,1,1.0,0.1,,68.11030829037195,37.1783,14.7155,2005-07-10,2023-03-08
IV,HVZN,,VHZ,2008-04-26,True,1,1.0,0.1,,68.11030829037195,37.1783,14.7155,2005-07-10,2023-03-08
IV,HVZN,,VHZ,2008-04-27,True,1,1.0,0.1,,68.11030829037195,37.1783,14.7155,2005-07-10,2023-03-08
IV,HVZN,,VHZ,2008-04-28,True,1,1.0,0.1,,68.11030829037195,37.1783,14.7155,2005-07-10,2023-03-08
IV,HVZN,,VHZ,2008-04-29,True,1,1.0,0.1,,68.11030829037195,37.1783,14.7155,2005-07-10,2023-03-08
IV,HVZN,,VHZ,2008-04-30,True,1,1.0,0.1,,68.11030829037195,37.1783,14.7155,2005-07-10,2023-03-08
IV,HVZN,,VHZ,2008-05-01,True,1,1.0,0.1,,68.11030829037195,37.1783,14.7155,2005-07-10,2023-03-08
IV,HVZN,,VHZ,2008-05-02,True,1,1.0,0.1,,68.11030829037195,37.1783,14.7155,2005-07-10,2023-03-08
IV,HVZN,,VHZ,2008-05-03,True,1,1.0,0.1,,68.11030829037195,37.1783,14.7155,2005-07-10,2023-03-08
IV,HVZN,,VHZ,2008-05-04,True,1,1.0,0.1,,68.11030829037195,37.1783,14.7155,2005-07-10,2023-03-08
IV,HVZN,,VHZ,2008-05-05,True,1,1.0,0.1,,68.11030829037195,37.1783,14.7155,2005-07-10,2023-03-08
IV,HVZN,,VHZ,2008-05-06,True,1,1.0,0.1,,68.11030829037195,37.1783,14.7155,2005-07-10,2023-03-08
IV,HVZN,,VHZ,2008-05-07,True,1,1.0,0.1,,68.11030829037195,37.1783,14.7155,2005-07-10,2023-03-08
IV,HVZN,,VHZ,2008-05-08,True,1,1.0,0.1,,68.11030829037195,37.1783,14.7155,2005-07-10,2023-03-08
IV,HVZN,,VHZ,2008-05-09,True,1,1.0,0.1,,68.11030829037195,37.1783,14.7155,2005-07-10,2023-03-08
IV,HVZN,,VHZ,2008-05-10,True,1,1.0,0.1,,68.11030829037195,37.1783,14.7155,2005-07-10,2023-03-08
IV,HVZN,,VHZ,2008-05-11,True,1,1.0,0.1,,68.11030829037195,37.1783,14.7155,2005-07-10,2023-03-08
IV,HVZN,,VHZ,2008-05-12,True,1,1.0,0.1,,68.11030829037195,37.1783,14.7155,2005-07-10,2023-03-08
IV,HVZN,,VHZ,2008-05-13,True,1,1.0,0.1,,68.11030829037195,37.1783,14.7155,2005-07-10,2023-03-08
IV,IVPL,,BHZ,2008-04-12,True,1,1.0,20.0,,69.88336381804221,38.3763,14.9801,2005-05-11,open/unknown
IV,IVPL,,BHZ,2008-04-13,True,1,1.0,20.0,,69.88336381804221,38.3763,14.9801,2005-05-11,open/unknown
IV,IVPL,,BHZ,2008-04-14,True,1,1.0,20.0,,69.88336381804221,38.3763,14.9801,2005-05-11,open/unknown
IV,IVPL,,BHZ,2008-04-15,True,6,0.9865833333333334,20.0,,69.88336381804221,38.3763,14.9801,2005-05-11,open/unknown
IV,IVPL,,BHZ,2008-04-16,True,1,1.0,20.0,,69.88336381804221,38.3763,14.9801,2005-05-11,open/unknown
IV,IVPL,,BHZ,2008-04-17,True,7,0.9838333333333332,20.0,,69.88336381804221,38.3763,14.9801,2005-05-11,open/unknown
IV,IVPL,,BHZ,2008-04-18,True,2,0.9950833333333332,20.0,,69.88336381804221,38.3763,14.9801,2005-05-11,open/unknown
IV,IVPL,,BHZ,2008-04-19,True,1,1.0,20.0,,69.88336381804221,38.3763,14.9801,2005-05-11,open/unknown
IV,IVPL,,BHZ,2008-04-20,True,1,1.0,20.0,,69.88336381804221,38.3763,14.9801,2005-05-11,open/unknown
IV,IVPL,,BHZ,2008-04-21,True,25,0.925,20.0,,69.88336381804221,38.3763,14.9801,2005-05-11,open/unknown
IV,IVPL,,BHZ,2008-04-22,True,16,0.9565,20.0,,69.88336381804221,38.3763,14.9801,2005-05-11,open/unknown
IV,IVPL,,BHZ,2008-04-23,True,42,0.8760833333333333,20.0,,69.88336381804221,38.3763,14.9801,2005-05-11,open/unknown
IV,IVPL,,BHZ,2008-04-24,True,14,0.9284166666666666,20.0,,69.88336381804221,38.3763,14.9801,2005-05-11,open/unknown
IV,IVPL,,BHZ,2008-04-25,False,62,0.6878333333333333,20.0,,69.88336381804221,38.3763,14.9801,2005-05-11,open/unknown
IV,IVPL,,BHZ,2008-04-26,False,20,0.5015833333333333,20.0,,69.88336381804221,38.3763,14.9801,2005-05-11,open/unknown
IV,IVPL,,BHZ,2008-04-27,True,1,1.0,20.0,,69.88336381804221,38.3763,14.9801,2005-05-11,open/unknown
IV,IVPL,,BHZ,2008-04-28,True,1,1.0,20.0,,69.88336381804221,38.3763,14.9801,2005-05-11,open/unknown
IV,IVPL,,BHZ,2008-04-29,False,0,0.0,,No data available for request.,69.88336381804221,38.3763,14.9801,2005-05-11,open/unknown
IV,IVPL,,BHZ,2008-04-30,False,0,0.0,,No data available for request.,69.88336381804221,38.3763,14.9801,2005-05-11,open/unknown
IV,IVPL,,BHZ,2008-05-01,False,0,0.0,,No data available for request.,69.88336381804221,38.3763,14.9801,2005-05-11,open/unknown
IV,IVPL,,BHZ,2008-05-02,False,0,0.0,,No data available for request.,69.88336381804221,38.3763,14.9801,2005-05-11,open/unknown
IV,IVPL,,BHZ,2008-05-03,False,0,0.0,,No data available for request.,69.88336381804221,38.3763,14.9801,2005-05-11,open/unknown
IV,IVPL,,BHZ,2008-05-04,False,0,0.0,,No data available for request.,69.88336381804221,38.3763,14.9801,2005-05-11,open/unknown
IV,IVPL,,BHZ,2008-05-05,False,0,0.0,,No data available for request.,69.88336381804221,38.3763,14.9801,2005-05-11,open/unknown
IV,IVPL,,BHZ,2008-05-06,True,1,1.0,20.0,,69.88336381804221,38.3763,14.9801,2005-05-11,open/unknown
IV,IVPL,,BHZ,2008-05-07,True,2,0.9975,20.0,,69.88336381804221,38.3763,14.9801,2005-05-11,open/unknown
IV,IVPL,,BHZ,2008-05-08,True,1,1.0,20.0,,69.88336381804221,38.3763,14.9801,2005-05-11,open/unknown
IV,IVPL,,BHZ,2008-05-09,True,1,1.0,20.0,,69.88336381804221,38.3763,14.9801,2005-05-11,open/unknown
IV,IVPL,,BHZ,2008-05-10,True,22,0.9445833333333333,20.0,,69.88336381804221,38.3763,14.9801,2005-05-11,open/unknown
IV,IVPL,,BHZ,2008-05-11,True,1,0.9999166666666668,20.0,,69.88336381804221,38.3763,14.9801,2005-05-11,open/unknown
IV,IVPL,,BHZ,2008-05-12,True,2,0.9970833333333333,20.0,,69.88336381804221,38.3763,14.9801,2005-05-11,open/unknown
IV,IVPL,,BHZ,2008-05-13,True,12,0.9710000000000001,20.0,,69.88336381804221,38.3763,14.9801,2005-05-11,open/unknown
IV,IVPL,,HHZ,2008-04-12,True,1,1.0,100.0,,69.88336381804221,38.3763,14.9801,2005-05-11,open/unknown
IV,IVPL,,HHZ,2008-04-13,True,1,1.0,100.0,,69.88336381804221,38.3763,14.9801,2005-05-11,open/unknown
IV,IVPL,,HHZ,2008-04-14,True,1,1.0,100.0,,69.88336381804221,38.3763,14.9801,2005-05-11,open/unknown
IV,IVPL,,HHZ,2008-04-15,True,6,0.9869166666666667,100.0,,69.88336381804221,38.3763,14.9801,2005-05-11,open/unknown
IV,IVPL,,HHZ,2008-04-16,True,1,1.0,100.0,,69.88336381804221,38.3763,14.9801,2005-05-11,open/unknown
IV,IVPL,,HHZ,2008-04-17,True,7,0.9842,100.0,,69.88336381804221,38.3763,14.9801,2005-05-11,open/unknown
IV,IVPL,,HHZ,2008-04-18,True,2,0.9951833333333333,100.0,,69.88336381804221,38.3763,14.9801,2005-05-11,open/unknown
IV,IVPL,,HHZ,2008-04-19,True,1,1.0,100.0,,69.88336381804221,38.3763,14.9801,2005-05-11,open/unknown
IV,IVPL,,HHZ,2008-04-20,True,1,1.0,100.0,,69.88336381804221,38.3763,14.9801,2005-05-11,open/unknown
IV,IVPL,,HHZ,2008-04-21,True,25,0.9265666666666668,100.0,,69.88336381804221,38.3763,14.9801,2005-05-11,open/unknown
IV,IVPL,,HHZ,2008-04-22,True,16,0.9574833333333334,100.0,,69.88336381804221,38.3763,14.9801,2005-05-11,open/unknown
IV,IVPL,,HHZ,2008-04-23,True,42,0.8788666666666668,100.0,,69.88336381804221,38.3763,14.9801,2005-05-11,open/unknown
IV,IVPL,,HHZ,2008-04-24,True,14,0.9288333333333333,100.0,,69.88336381804221,38.3763,14.9801,2005-05-11,open/unknown
IV,IVPL,,HHZ,2008-04-25,False,62,0.69325,100.0,,69.88336381804221,38.3763,14.9801,2005-05-11,open/unknown
IV,IVPL,,HHZ,2008-04-26,False,20,0.5029666666666667,100.0,,69.88336381804221,38.3763,14.9801,2005-05-11,open/unknown
IV,IVPL,,HHZ,2008-04-27,True,1,1.0,100.0,,69.88336381804221,38.3763,14.9801,2005-05-11,open/unknown
IV,IVPL,,HHZ,2008-04-28,True,1,1.0,100.0,,69.88336381804221,38.3763,14.9801,2005-05-11,open/unknown
IV,IVPL,,HHZ,2008-04-29,False,0,0.0,,No data available for request.,69.88336381804221,38.3763,14.9801,2005-05-11,open/unknown
IV,IVPL,,HHZ,2008-04-30,False,0,0.0,,No data available for request.,69.88336381804221,38.3763,14.9801,2005-05-11,open/unknown
IV,IVPL,,HHZ,2008-05-01,False,0,0.0,,No data available for request.,69.88336381804221,38.3763,14.9801,2005-05-11,open/unknown
IV,IVPL,,HHZ,2008-05-02,False,0,0.0,,No data available for request.,69.88336381804221,38.3763,14.9801,2005-05-11,open/unknown
IV,IVPL,,HHZ,2008-05-03,False,0,0.0,,No data available for request.,69.88336381804221,38.3763,14.9801,2005-05-11,open/unknown
IV,IVPL,,HHZ,2008-05-04,False,0,0.0,,No data available for request.,69.88336381804221,38.3763,14.9801,2005-05-11,open/unknown
IV,IVPL,,HHZ,2008-05-05,False,0,0.0,,No data available for request.,69.88336381804221,38.3763,14.9801,2005-05-11,open/unknown
IV,IVPL,,HHZ,2008-05-06,True,1,1.0,100.0,,69.88336381804221,38.3763,14.9801,2005-05-11,open/unknown
IV,IVPL,,HHZ,2008-05-07,True,2,0.9975499999999999,100.0,,69.88336381804221,38.3763,14.9801,2005-05-11,open/unknown
IV,IVPL,,HHZ,2008-05-08,True,1,1.0,100.0,,69.88336381804221,38.3763,14.9801,2005-05-11,open/unknown
IV,IVPL,,HHZ,2008-05-09,True,1,1.0,100.0,,69.88336381804221,38.3763,14.9801,2005-05-11,open/unknown
IV,IVPL,,HHZ,2008-05-10,True,22,0.9459500000000001,100.0,,69.88336381804221,38.3763,14.9801,2005-05-11,open/unknown
IV,IVPL,,HHZ,2008-05-11,True,1,1.0,100.0,,69.88336381804221,38.3763,14.9801,2005-05-11,open/unknown
IV,IVPL,,HHZ,2008-05-12,True,2,0.9971166666666669,100.0,,69.88336381804221,38.3763,14.9801,2005-05-11,open/unknown
IV,IVPL,,HHZ,2008-05-13,True,12,0.9717499999999999,100.0,,69.88336381804221,38.3763,14.9801,2005-05-11,open/unknown
IV,IVPL,,LHZ,2008-04-12,True,1,1.0,1.0,,69.88336381804221,38.3763,14.9801,2005-05-11,open/unknown
IV,IVPL,,LHZ,2008-04-13,True,1,1.0,1.0,,69.88336381804221,38.3763,14.9801,2005-05-11,open/unknown
IV,IVPL,,LHZ,2008-04-14,True,1,1.0,1.0,,69.88336381804221,38.3763,14.9801,2005-05-11,open/unknown
IV,IVPL,,LHZ,2008-04-15,True,7,0.975,1.0,,69.88336381804221,38.3763,14.9801,2005-05-11,open/unknown
IV,IVPL,,LHZ,2008-04-16,True,1,1.0,1.0,,69.88336381804221,38.3763,14.9801,2005-05-11,open/unknown
IV,IVPL,,LHZ,2008-04-17,True,6,0.9783333333333334,1.0,,69.88336381804221,38.3763,14.9801,2005-05-11,open/unknown
IV,IVPL,,LHZ,2008-04-18,True,2,0.9933333333333333,1.0,,69.88336381804221,38.3763,14.9801,2005-05-11,open/unknown
IV,IVPL,,LHZ,2008-04-19,True,1,1.0,1.0,,69.88336381804221,38.3763,14.9801,2005-05-11,open/unknown
IV,IVPL,,LHZ,2008-04-20,True,1,1.0,1.0,,69.88336381804221,38.3763,14.9801,2005-05-11,open/unknown
IV,IVPL,,LHZ,2008-04-21,True,23,0.895,1.0,,69.88336381804221,38.3763,14.9801,2005-05-11,open/unknown
IV,IVPL,,LHZ,2008-04-22,True,15,0.935,1.0,,69.88336381804221,38.3763,14.9801,2005-05-11,open/unknown
IV,IVPL,,LHZ,2008-04-23,True,42,0.8133333333333334,1.0,,69.88336381804221,38.3763,14.9801,2005-05-11,open/unknown
IV,IVPL,,LHZ,2008-04-24,True,14,0.9083333333333333,1.0,,69.88336381804221,38.3763,14.9801,2005-05-11,open/unknown
IV,IVPL,,LHZ,2008-04-25,False,61,0.5983333333333334,1.0,,69.88336381804221,38.3763,14.9801,2005-05-11,open/unknown
IV,IVPL,,LHZ,2008-04-26,False,18,0.44666666666666666,1.0,,69.88336381804221,38.3763,14.9801,2005-05-11,open/unknown
IV,IVPL,,LHZ,2008-04-27,True,1,1.0,1.0,,69.88336381804221,38.3763,14.9801,2005-05-11,open/unknown
IV,IVPL,,LHZ,2008-04-28,True,1,1.0,1.0,,69.88336381804221,38.3763,14.9801,2005-05-11,open/unknown
IV,IVPL,,LHZ,2008-04-29,False,0,0.0,,No data available for request.,69.88336381804221,38.3763,14.9801,2005-05-11,open/unknown
IV,IVPL,,LHZ,2008-04-30,False,0,0.0,,No data available for request.,69.88336381804221,38.3763,14.9801,2005-05-11,open/unknown
IV,IVPL,,LHZ,2008-05-01,False,0,0.0,,No data available for request.,69.88336381804221,38.3763,14.9801,2005-05-11,open/unknown
IV,IVPL,,LHZ,2008-05-02,False,0,0.0,,No data available for request.,69.88336381804221,38.3763,14.9801,2005-05-11,open/unknown
IV,IVPL,,LHZ,2008-05-03,False,0,0.0,,No data available for request.,69.88336381804221,38.3763,14.9801,2005-05-11,open/unknown
IV,IVPL,,LHZ,2008-05-04,False,0,0.0,,No data available for request.,69.88336381804221,38.3763,14.9801,2005-05-11,open/unknown
IV,IVPL,,LHZ,2008-05-05,False,0,0.0,,No data available for request.,69.88336381804221,38.3763,14.9801,2005-05-11,open/unknown
IV,IVPL,,LHZ,2008-05-06,True,1,1.0,1.0,,69.88336381804221,38.3763,14.9801,2005-05-11,open/unknown
IV,IVPL,,LHZ,2008-05-07,True,4,0.9866666666666667,1.0,,69.88336381804221,38.3763,14.9801,2005-05-11,open/unknown
IV,IVPL,,LHZ,2008-05-08,True,1,1.0,1.0,,69.88336381804221,38.3763,14.9801,2005-05-11,open/unknown
IV,IVPL,,LHZ,2008-05-09,True,1,1.0,1.0,,69.88336381804221,38.3763,14.9801,2005-05-11,open/unknown
IV,IVPL,,LHZ,2008-05-10,True,22,0.9116666666666666,1.0,,69.88336381804221,38.3763,14.9801,2005-05-11,open/unknown
IV,IVPL,,LHZ,2008-05-11,True,1,1.0,1.0,,69.88336381804221,38.3763,14.9801,2005-05-11,open/unknown
IV,IVPL,,LHZ,2008-05-12,True,2,0.995,1.0,,69.88336381804221,38.3763,14.9801,2005-05-11,open/unknown
IV,IVPL,,LHZ,2008-05-13,True,11,0.955,1.0,,69.88336381804221,38.3763,14.9801,2005-05-11,open/unknown
IV,IVPL,,VHZ,2008-04-12,True,1,1.0,0.1,,69.88336381804221,38.3763,14.9801,2005-05-11,open/unknown
IV,IVPL,,VHZ,2008-04-13,True,1,1.0,0.1,,69.88336381804221,38.3763,14.9801,2005-05-11,open/unknown
IV,IVPL,,VHZ,2008-04-14,True,1,1.0,0.1,,69.88336381804221,38.3763,14.9801,2005-05-11,open/unknown
IV,IVPL,,VHZ,2008-04-15,True,1,0.9666666666666667,0.1,,69.88336381804221,38.3763,14.9801,2005-05-11,open/unknown
IV,IVPL,,VHZ,2008-04-16,True,1,1.0,0.1,,69.88336381804221,38.3763,14.9801,2005-05-11,open/unknown
IV,IVPL,,VHZ,2008-04-17,True,1,1.0,0.1,,69.88336381804221,38.3763,14.9801,2005-05-11,open/unknown
IV,IVPL,,VHZ,2008-04-18,True,1,1.0,0.1,,69.88336381804221,38.3763,14.9801,2005-05-11,open/unknown
IV,IVPL,,VHZ,2008-04-19,True,1,1.0,0.1,,69.88336381804221,38.3763,14.9801,2005-05-11,open/unknown
IV,IVPL,,VHZ,2008-04-20,True,1,1.0,0.1,,69.88336381804221,38.3763,14.9801,2005-05-11,open/unknown
IV,IVPL,,VHZ,2008-04-21,True,1,0.9333333333333333,0.1,,69.88336381804221,38.3763,14.9801,2005-05-11,open/unknown
IV,IVPL,,VHZ,2008-04-22,True,1,0.95,0.1,,69.88336381804221,38.3763,14.9801,2005-05-11,open/unknown
IV,IVPL,,VHZ,2008-04-23,True,1,0.8666666666666667,0.1,,69.88336381804221,38.3763,14.9801,2005-05-11,open/unknown
IV,IVPL,,VHZ,2008-04-24,True,3,0.9,0.1,,69.88336381804221,38.3763,14.9801,2005-05-11,open/unknown
IV,IVPL,,VHZ,2008-04-25,False,16,0.45,0.1,,69.88336381804221,38.3763,14.9801,2005-05-11,open/unknown
IV,IVPL,,VHZ,2008-04-26,False,4,0.31666666666666665,0.1,,69.88336381804221,38.3763,14.9801,2005-05-11,open/unknown
IV,IVPL,,VHZ,2008-04-27,True,1,1.0,0.1,,69.88336381804221,38.3763,14.9801,2005-05-11,open/unknown
IV,IVPL,,VHZ,2008-04-28,True,1,1.0,0.1,,69.88336381804221,38.3763,14.9801,2005-05-11,open/unknown
IV,IVPL,,VHZ,2008-04-29,False,0,0.0,,No data available for request.,69.88336381804221,38.3763,14.9801,2005-05-11,open/unknown
IV,IVPL,,VHZ,2008-04-30,False,0,0.0,,No data available for request.,69.88336381804221,38.3763,14.9801,2005-05-11,open/unknown
IV,IVPL,,VHZ,2008-05-01,False,0,0.0,,No data available for request.,69.88336381804221,38.3763,14.9801,2005-05-11,open/unknown
IV,IVPL,,VHZ,2008-05-02,False,0,0.0,,No data available for request.,69.88336381804221,38.3763,14.9801,2005-05-11,open/unknown
IV,IVPL,,VHZ,2008-05-03,False,0,0.0,,No data available for request.,69.88336381804221,38.3763,14.9801,2005-05-11,open/unknown
IV,IVPL,,VHZ,2008-05-04,False,0,0.0,,No data available for request.,69.88336381804221,38.3763,14.9801,2005-05-11,open/unknown
IV,IVPL,,VHZ,2008-05-05,False,0,0.0,,No data available for request.,69.88336381804221,38.3763,14.9801,2005-05-11,open/unknown
IV,IVPL,,VHZ,2008-05-06,True,1,1.0,0.1,,69.88336381804221,38.3763,14.9801,2005-05-11,open/unknown
IV,IVPL,,VHZ,2008-05-07,True,1,0.9833333333333333,0.1,,69.88336381804221,38.3763,14.9801,2005-05-11,open/unknown
IV,IVPL,,VHZ,2008-05-08,True,1,1.0,0.1,,69.88336381804221,38.3763,14.9801,2005-05-11,open/unknown
IV,IVPL,,VHZ,2008-05-09,True,1,1.0,0.1,,69.88336381804221,38.3763,14.9801,2005-05-11,open/unknown
IV,IVPL,,VHZ,2008-05-10,True,1,0.9166666666666666,0.1,,69.88336381804221,38.3763,14.9801,2005-05-11,open/unknown
IV,IVPL,,VHZ,2008-05-11,True,1,1.0,0.1,,69.88336381804221,38.3763,14.9801,2005-05-11,open/unknown
IV,IVPL,,VHZ,2008-05-12,True,1,1.0,0.1,,69.88336381804221,38.3763,14.9801,2005-05-11,open/unknown
IV,IVPL,,VHZ,2008-05-13,True,1,1.0,0.1,,69.88336381804221,38.3763,14.9801,2005-05-11,open/unknown
IV,IVUG,,BHZ,2008-04-12,False,0,0.0,,No data available for request.,72.06329785409052,38.396,14.986,2007-04-13,open/unknown
IV,IVUG,,BHZ,2008-04-13,False,0,0.0,,No data available for request.,72.06329785409052,38.396,14.986,2007-04-13,open/unknown
IV,IVUG,,BHZ,2008-04-14,False,0,0.0,,No data available for request.,72.06329785409052,38.396,14.986,2007-04-13,open/unknown
IV,IVUG,,BHZ,2008-04-15,False,0,0.0,,No data available for request.,72.06329785409052,38.396,14.986,2007-04-13,open/unknown
IV,IVUG,,BHZ,2008-04-16,False,0,0.0,,No data available for request.,72.06329785409052,38.396,14.986,2007-04-13,open/unknown
IV,IVUG,,BHZ,2008-04-17,False,0,0.0,,No data available for request.,72.06329785409052,38.396,14.986,2007-04-13,open/unknown
IV,IVUG,,BHZ,2008-04-18,False,0,0.0,,No data available for request.,72.06329785409052,38.396,14.986,2007-04-13,open/unknown
IV,IVUG,,BHZ,2008-04-19,False,0,0.0,,No data available for request.,72.06329785409052,38.396,14.986,2007-04-13,open/unknown
IV,IVUG,,BHZ,2008-04-20,False,0,0.0,,No data available for request.,72.06329785409052,38.396,14.986,2007-04-13,open/unknown
IV,IVUG,,BHZ,2008-04-21,False,0,0.0,,No data available for request.,72.06329785409052,38.396,14.986,2007-04-13,open/unknown
IV,IVUG,,BHZ,2008-04-22,False,0,0.0,,No data available for request.,72.06329785409052,38.396,14.986,2007-04-13,open/unknown
IV,IVUG,,BHZ,2008-04-23,False,0,0.0,,No data available for request.,72.06329785409052,38.396,14.986,2007-04-13,open/unknown
IV,IVUG,,BHZ,2008-04-24,False,0,0.0,,No data available for request.,72.06329785409052,38.396,14.986,2007-04-13,open/unknown
IV,IVUG,,BHZ,2008-04-25,False,0,0.0,,No data available for request.,72.06329785409052,38.396,14.986,2007-04-13,open/unknown
IV,IVUG,,BHZ,2008-04-26,False,0,0.0,,No data available for request.,72.06329785409052,38.396,14.986,2007-04-13,open/unknown
IV,IVUG,,BHZ,2008-04-27,False,0,0.0,,No data available for request.,72.06329785409052,38.396,14.986,2007-04-13,open/unknown
IV,IVUG,,BHZ,2008-04-28,False,0,0.0,,No data available for request.,72.06329785409052,38.396,14.986,2007-04-13,open/unknown
IV,IVUG,,BHZ,2008-04-29,False,0,0.0,,No data available for request.,72.06329785409052,38.396,14.986,2007-04-13,open/unknown
IV,IVUG,,BHZ,2008-04-30,False,0,0.0,,No data available for request.,72.06329785409052,38.396,14.986,2007-04-13,open/unknown
IV,IVUG,,BHZ,2008-05-01,False,0,0.0,,No data available for request.,72.06329785409052,38.396,14.986,2007-04-13,open/unknown
IV,IVUG,,BHZ,2008-05-02,False,0,0.0,,No data available for request.,72.06329785409052,38.396,14.986,2007-04-13,open/unknown
IV,IVUG,,BHZ,2008-05-03,False,0,0.0,,No data available for request.,72.06329785409052,38.396,14.986,2007-04-13,open/unknown
IV,IVUG,,BHZ,2008-05-04,False,0,0.0,,No data available for request.,72.06329785409052,38.396,14.986,2007-04-13,open/unknown
IV,IVUG,,BHZ,2008-05-05,False,0,0.0,,No data available for request.,72.06329785409052,38.396,14.986,2007-04-13,open/unknown
IV,IVUG,,BHZ,2008-05-06,False,0,0.0,,No data available for request.,72.06329785409052,38.396,14.986,2007-04-13,open/unknown
IV,IVUG,,BHZ,2008-05-07,False,0,0.0,,No data available for request.,72.06329785409052,38.396,14.986,2007-04-13,open/unknown
IV,IVUG,,BHZ,2008-05-08,False,0,0.0,,No data available for request.,72.06329785409052,38.396,14.986,2007-04-13,open/unknown
IV,IVUG,,BHZ,2008-05-09,False,0,0.0,,No data available for request.,72.06329785409052,38.396,14.986,2007-04-13,open/unknown
IV,IVUG,,BHZ,2008-05-10,False,0,0.0,,No data available for request.,72.06329785409052,38.396,14.986,2007-04-13,open/unknown
IV,IVUG,,BHZ,2008-05-11,False,0,0.0,,No data available for request.,72.06329785409052,38.396,14.986,2007-04-13,open/unknown
IV,IVUG,,BHZ,2008-05-12,False,0,0.0,,No data available for request.,72.06329785409052,38.396,14.986,2007-04-13,open/unknown
IV,IVUG,,BHZ,2008-05-13,False,0,0.0,,No data available for request.,72.06329785409052,38.396,14.986,2007-04-13,open/unknown
IV,IVUG,,HHZ,2008-04-12,False,0,0.0,,No data available for request.,72.06329785409052,38.396,14.986,2007-04-13,open/unknown
IV,IVUG,,HHZ,2008-04-13,False,0,0.0,,No data available for request.,72.06329785409052,38.396,14.986,2007-04-13,open/unknown
IV,IVUG,,HHZ,2008-04-14,False,0,0.0,,No data available for request.,72.06329785409052,38.396,14.986,2007-04-13,open/unknown
IV,IVUG,,HHZ,2008-04-15,False,0,0.0,,No data available for request.,72.06329785409052,38.396,14.986,2007-04-13,open/unknown
IV,IVUG,,HHZ,2008-04-16,False,0,0.0,,No data available for request.,72.06329785409052,38.396,14.986,2007-04-13,open/unknown
IV,IVUG,,HHZ,2008-04-17,False,0,0.0,,No data available for request.,72.06329785409052,38.396,14.986,2007-04-13,open/unknown
IV,IVUG,,HHZ,2008-04-18,False,0,0.0,,No data available for request.,72.06329785409052,38.396,14.986,2007-04-13,open/unknown
IV,IVUG,,HHZ,2008-04-19,False,0,0.0,,No data available for request.,72.06329785409052,38.396,14.986,2007-04-13,open/unknown
IV,IVUG,,HHZ,2008-04-20,False,0,0.0,,No data available for request.,72.06329785409052,38.396,14.986,2007-04-13,open/unknown
IV,IVUG,,HHZ,2008-04-21,False,0,0.0,,No data available for request.,72.06329785409052,38.396,14.986,2007-04-13,open/unknown
IV,IVUG,,HHZ,2008-04-22,False,0,0.0,,No data available for request.,72.06329785409052,38.396,14.986,2007-04-13,open/unknown
IV,IVUG,,HHZ,2008-04-23,False,0,0.0,,No data available for request.,72.06329785409052,38.396,14.986,2007-04-13,open/unknown
IV,IVUG,,HHZ,2008-04-24,False,0,0.0,,No data available for request.,72.06329785409052,38.396,14.986,2007-04-13,open/unknown
IV,IVUG,,HHZ,2008-04-25,False,0,0.0,,No data available for request.,72.06329785409052,38.396,14.986,2007-04-13,open/unknown
IV,IVUG,,HHZ,2008-04-26,False,0,0.0,,No data available for request.,72.06329785409052,38.396,14.986,2007-04-13,open/unknown
IV,IVUG,,HHZ,2008-04-27,False,0,0.0,,No data available for request.,72.06329785409052,38.396,14.986,2007-04-13,open/unknown
IV,IVUG,,HHZ,2008-04-28,False,0,0.0,,No data available for request.,72.06329785409052,38.396,14.986,2007-04-13,open/unknown
IV,IVUG,,HHZ,2008-04-29,False,0,0.0,,No data available for request.,72.06329785409052,38.396,14.986,2007-04-13,open/unknown
IV,IVUG,,HHZ,2008-04-30,False,0,0.0,,No data available for request.,72.06329785409052,38.396,14.986,2007-04-13,open/unknown
IV,IVUG,,HHZ,2008-05-01,False,0,0.0,,No data available for request.,72.06329785409052,38.396,14.986,2007-04-13,open/unknown
IV,IVUG,,HHZ,2008-05-02,False,0,0.0,,No data available for request.,72.06329785409052,38.396,14.986,2007-04-13,open/unknown
IV,IVUG,,HHZ,2008-05-03,False,0,0.0,,No data available for request.,72.06329785409052,38.396,14.986,2007-04-13,open/unknown
IV,IVUG,,HHZ,2008-05-04,False,0,0.0,,No data available for request.,72.06329785409052,38.396,14.986,2007-04-13,open/unknown
IV,IVUG,,HHZ,2008-05-05,False,0,0.0,,No data available for request.,72.06329785409052,38.396,14.986,2007-04-13,open/unknown
IV,IVUG,,HHZ,2008-05-06,False,0,0.0,,No data available for request.,72.06329785409052,38.396,14.986,2007-04-13,open/unknown
IV,IVUG,,HHZ,2008-05-07,False,0,0.0,,No data available for request.,72.06329785409052,38.396,14.986,2007-04-13,open/unknown
IV,IVUG,,HHZ,2008-05-08,False,0,0.0,,No data available for request.,72.06329785409052,38.396,14.986,2007-04-13,open/unknown
IV,IVUG,,HHZ,2008-05-09,False,0,0.0,,No data available for request.,72.06329785409052,38.396,14.986,2007-04-13,open/unknown
IV,IVUG,,HHZ,2008-05-10,False,0,0.0,,No data available for request.,72.06329785409052,38.396,14.986,2007-04-13,open/unknown
IV,IVUG,,HHZ,2008-05-11,False,0,0.0,,No data available for request.,72.06329785409052,38.396,14.986,2007-04-13,open/unknown
IV,IVUG,,HHZ,2008-05-12,False,0,0.0,,No data available for request.,72.06329785409052,38.396,14.986,2007-04-13,open/unknown
IV,IVUG,,HHZ,2008-05-13,False,0,0.0,,No data available for request.,72.06329785409052,38.396,14.986,2007-04-13,open/unknown
IV,IVUG,,LHZ,2008-04-12,False,0,0.0,,No data available for request.,72.06329785409052,38.396,14.986,2007-04-13,open/unknown
IV,IVUG,,LHZ,2008-04-13,False,0,0.0,,No data available for request.,72.06329785409052,38.396,14.986,2007-04-13,open/unknown
IV,IVUG,,LHZ,2008-04-14,False,0,0.0,,No data available for request.,72.06329785409052,38.396,14.986,2007-04-13,open/unknown
IV,IVUG,,LHZ,2008-04-15,False,0,0.0,,No data available for request.,72.06329785409052,38.396,14.986,2007-04-13,open/unknown
IV,IVUG,,LHZ,2008-04-16,False,0,0.0,,No data available for request.,72.06329785409052,38.396,14.986,2007-04-13,open/unknown
IV,IVUG,,LHZ,2008-04-17,False,0,0.0,,No data available for request.,72.06329785409052,38.396,14.986,2007-04-13,open/unknown
IV,IVUG,,LHZ,2008-04-18,False,0,0.0,,No data available for request.,72.06329785409052,38.396,14.986,2007-04-13,open/unknown
IV,IVUG,,LHZ,2008-04-19,False,0,0.0,,No data available for request.,72.06329785409052,38.396,14.986,2007-04-13,open/unknown
IV,IVUG,,LHZ,2008-04-20,False,0,0.0,,No data available for request.,72.06329785409052,38.396,14.986,2007-04-13,open/unknown
IV,IVUG,,LHZ,2008-04-21,False,0,0.0,,No data available for request.,72.06329785409052,38.396,14.986,2007-04-13,open/unknown
IV,IVUG,,LHZ,2008-04-22,False,0,0.0,,No data available for request.,72.06329785409052,38.396,14.986,2007-04-13,open/unknown
IV,IVUG,,LHZ,2008-04-23,False,0,0.0,,No data available for request.,72.06329785409052,38.396,14.986,2007-04-13,open/unknown
IV,IVUG,,LHZ,2008-04-24,False,0,0.0,,No data available for request.,72.06329785409052,38.396,14.986,2007-04-13,open/unknown
IV,IVUG,,LHZ,2008-04-25,False,0,0.0,,No data available for request.,72.06329785409052,38.396,14.986,2007-04-13,open/unknown
IV,IVUG,,LHZ,2008-04-26,False,0,0.0,,No data available for request.,72.06329785409052,38.396,14.986,2007-04-13,open/unknown
IV,IVUG,,LHZ,2008-04-27,False,0,0.0,,No data available for request.,72.06329785409052,38.396,14.986,2007-04-13,open/unknown
IV,IVUG,,LHZ,2008-04-28,False,0,0.0,,No data available for request.,72.06329785409052,38.396,14.986,2007-04-13,open/unknown
IV,IVUG,,LHZ,2008-04-29,False,0,0.0,,No data available for request.,72.06329785409052,38.396,14.986,2007-04-13,open/unknown
IV,IVUG,,LHZ,2008-04-30,False,0,0.0,,No data available for request.,72.06329785409052,38.396,14.986,2007-04-13,open/unknown
IV,IVUG,,LHZ,2008-05-01,False,0,0.0,,No data available for request.,72.06329785409052,38.396,14.986,2007-04-13,open/unknown
IV,IVUG,,LHZ,2008-05-02,False,0,0.0,,No data available for request.,72.06329785409052,38.396,14.986,2007-04-13,open/unknown
IV,IVUG,,LHZ,2008-05-03,False,0,0.0,,No data available for request.,72.06329785409052,38.396,14.986,2007-04-13,open/unknown
IV,IVUG,,LHZ,2008-05-04,False,0,0.0,,No data available for request.,72.06329785409052,38.396,14.986,2007-04-13,open/unknown
IV,IVUG,,LHZ,2008-05-05,False,0,0.0,,No data available for request.,72.06329785409052,38.396,14.986,2007-04-13,open/unknown
IV,IVUG,,LHZ,2008-05-06,False,0,0.0,,No data available for request.,72.06329785409052,38.396,14.986,2007-04-13,open/unknown
IV,IVUG,,LHZ,2008-05-07,False,0,0.0,,No data available for request.,72.06329785409052,38.396,14.986,2007-04-13,open/unknown
IV,IVUG,,LHZ,2008-05-08,False,0,0.0,,No data available for request.,72.06329785409052,38.396,14.986,2007-04-13,open/unknown
IV,IVUG,,LHZ,2008-05-09,False,0,0.0,,No data available for request.,72.06329785409052,38.396,14.986,2007-04-13,open/unknown
IV,IVUG,,LHZ,2008-05-10,False,0,0.0,,No data available for request.,72.06329785409052,38.396,14.986,2007-04-13,open/unknown
IV,IVUG,,LHZ,2008-05-11,False,0,0.0,,No data available for request.,72.06329785409052,38.396,14.986,2007-04-13,open/unknown
IV,IVUG,,LHZ,2008-05-12,False,0,0.0,,No data available for request.,72.06329785409052,38.396,14.986,2007-04-13,open/unknown
IV,IVUG,,LHZ,2008-05-13,False,0,0.0,,No data available for request.,72.06329785409052,38.396,14.986,2007-04-13,open/unknown
IV,IVUG,,VHZ,2008-04-12,False,0,0.0,,No data available for request.,72.06329785409052,38.396,14.986,2007-04-13,open/unknown
IV,IVUG,,VHZ,2008-04-13,False,0,0.0,,No data available for request.,72.06329785409052,38.396,14.986,2007-04-13,open/unknown
IV,IVUG,,VHZ,2008-04-14,False,0,0.0,,No data available for request.,72.06329785409052,38.396,14.986,2007-04-13,open/unknown
IV,IVUG,,VHZ,2008-04-15,False,0,0.0,,No data available for request.,72.06329785409052,38.396,14.986,2007-04-13,open/unknown
IV,IVUG,,VHZ,2008-04-16,False,0,0.0,,No data available for request.,72.06329785409052,38.396,14.986,2007-04-13,open/unknown
IV,IVUG,,VHZ,2008-04-17,False,0,0.0,,No data available for request.,72.06329785409052,38.396,14.986,2007-04-13,open/unknown
IV,IVUG,,VHZ,2008-04-18,False,0,0.0,,No data available for request.,72.06329785409052,38.396,14.986,2007-04-13,open/unknown
IV,IVUG,,VHZ,2008-04-19,False,0,0.0,,No data available for request.,72.06329785409052,38.396,14.986,2007-04-13,open/unknown
IV,IVUG,,VHZ,2008-04-20,False,0,0.0,,No data available for request.,72.06329785409052,38.396,14.986,2007-04-13,open/unknown
IV,IVUG,,VHZ,2008-04-21,False,0,0.0,,No data available for request.,72.06329785409052,38.396,14.986,2007-04-13,open/unknown
IV,IVUG,,VHZ,2008-04-22,False,0,0.0,,No data available for request.,72.06329785409052,38.396,14.986,2007-04-13,open/unknown
IV,IVUG,,VHZ,2008-04-23,False,0,0.0,,No data available for request.,72.06329785409052,38.396,14.986,2007-04-13,open/unknown
IV,IVUG,,VHZ,2008-04-24,False,0,0.0,,No data available for request.,72.06329785409052,38.396,14.986,2007-04-13,open/unknown
IV,IVUG,,VHZ,2008-04-25,False,0,0.0,,No data available for request.,72.06329785409052,38.396,14.986,2007-04-13,open/unknown
IV,IVUG,,VHZ,2008-04-26,False,0,0.0,,No data available for request.,72.06329785409052,38.396,14.986,2007-04-13,open/unknown
IV,IVUG,,VHZ,2008-04-27,False,0,0.0,,No data available for request.,72.06329785409052,38.396,14.986,2007-04-13,open/unknown
IV,IVUG,,VHZ,2008-04-28,False,0,0.0,,No data available for request.,72.06329785409052,38.396,14.986,2007-04-13,open/unknown
IV,IVUG,,VHZ,2008-04-29,False,0,0.0,,No data available for request.,72.06329785409052,38.396,14.986,2007-04-13,open/unknown
IV,IVUG,,VHZ,2008-04-30,False,0,0.0,,No data available for request.,72.06329785409052,38.396,14.986,2007-04-13,open/unknown
IV,IVUG,,VHZ,2008-05-01,False,0,0.0,,No data available for request.,72.06329785409052,38.396,14.986,2007-04-13,open/unknown
IV,IVUG,,VHZ,2008-05-02,False,0,0.0,,No data available for request.,72.06329785409052,38.396,14.986,2007-04-13,open/unknown
IV,IVUG,,VHZ,2008-05-03,False,0,0.0,,No data available for request.,72.06329785409052,38.396,14.986,2007-04-13,open/unknown
IV,IVUG,,VHZ,2008-05-04,False,0,0.0,,No data available for request.,72.06329785409052,38.396,14.986,2007-04-13,open/unknown
IV,IVUG,,VHZ,2008-05-05,False,0,0.0,,No data available for request.,72.06329785409052,38.396,14.986,2007-04-13,open/unknown
IV,IVUG,,VHZ,2008-05-06,False,0,0.0,,No data available for request.,72.06329785409052,38.396,14.986,2007-04-13,open/unknown
IV,IVUG,,VHZ,2008-05-07,False,0,0.0,,No data available for request.,72.06329785409052,38.396,14.986,2007-04-13,open/unknown
IV,IVUG,,VHZ,2008-05-08,False,0,0.0,,No data available for request.,72.06329785409052,38.396,14.986,2007-04-13,open/unknown
IV,IVUG,,VHZ,2008-05-09,False,0,0.0,,No data available for request.,72.06329785409052,38.396,14.986,2007-04-13,open/unknown
IV,IVUG,,VHZ,2008-05-10,False,0,0.0,,No data available for request.,72.06329785409052,38.396,14.986,2007-04-13,open/unknown
IV,IVUG,,VHZ,2008-05-11,False,0,0.0,,No data available for request.,72.06329785409052,38.396,14.986,2007-04-13,open/unknown
IV,IVUG,,VHZ,2008-05-12,False,0,0.0,,No data available for request.,72.06329785409052,38.396,14.986,2007-04-13,open/unknown
IV,IVUG,,VHZ,2008-05-13,False,0,0.0,,No data available for request.,72.06329785409052,38.396,14.986,2007-04-13,open/unknown
IV,MEU,,SHZ,2008-04-12,True,1,1.0,50.0,,72.37295776040692,37.11112,14.83,2007-12-12,2019-12-11
IV,MEU,,SHZ,2008-04-13,True,1,1.0,50.0,,72.37295776040692,37.11112,14.83,2007-12-12,2019-12-11
IV,MEU,,SHZ,2008-04-14,True,1,1.0,50.0,,72.37295776040692,37.11112,14.83,2007-12-12,2019-12-11
IV,MEU,,SHZ,2008-04-15,True,1,1.0,50.0,,72.37295776040692,37.11112,14.83,2007-12-12,2019-12-11
IV,MEU,,SHZ,2008-04-16,True,1,1.0,50.0,,72.37295776040692,37.11112,14.83,2007-12-12,2019-12-11
IV,MEU,,SHZ,2008-04-17,True,1,1.0,50.0,,72.37295776040692,37.11112,14.83,2007-12-12,2019-12-11
IV,MEU,,SHZ,2008-04-18,True,1,1.0,50.0,,72.37295776040692,37.11112,14.83,2007-12-12,2019-12-11
IV,MEU,,SHZ,2008-04-19,True,1,1.0,50.0,,72.37295776040692,37.11112,14.83,2007-12-12,2019-12-11
IV,MEU,,SHZ,2008-04-20,True,1,1.0,50.0,,72.37295776040692,37.11112,14.83,2007-12-12,2019-12-11
IV,MEU,,SHZ,2008-04-21,True,2,0.9599666666666667,50.0,,72.37295776040692,37.11112,14.83,2007-12-12,2019-12-11
IV,MEU,,SHZ,2008-04-22,True,2,0.9599666666666667,50.0,,72.37295776040692,37.11112,14.83,2007-12-12,2019-12-11
IV,MEU,,SHZ,2008-04-23,True,2,0.9583,50.0,,72.37295776040692,37.11112,14.83,2007-12-12,2019-12-11
IV,MEU,,SHZ,2008-04-24,True,1,1.0,50.0,,72.37295776040692,37.11112,14.83,2007-12-12,2019-12-11
IV,MEU,,SHZ,2008-04-25,True,1,1.0,50.0,,72.37295776040692,37.11112,14.83,2007-12-12,2019-12-11
IV,MEU,,SHZ,2008-04-26,True,1,1.0,50.0,,72.37295776040692,37.11112,14.83,2007-12-12,2019-12-11
IV,MEU,,SHZ,2008-04-27,True,1,1.0,50.0,,72.37295776040692,37.11112,14.83,2007-12-12,2019-12-11
IV,MEU,,SHZ,2008-04-28,True,1,1.0,50.0,,72.37295776040692,37.11112,14.83,2007-12-12,2019-12-11
IV,MEU,,SHZ,2008-04-29,True,1,1.0,50.0,,72.37295776040692,37.11112,14.83,2007-12-12,2019-12-11
IV,MEU,,SHZ,2008-04-30,True,1,1.0,50.0,,72.37295776040692,37.11112,14.83,2007-12-12,2019-12-11
IV,MEU,,SHZ,2008-05-01,True,1,1.0,50.0,,72.37295776040692,37.11112,14.83,2007-12-12,2019-12-11
IV,MEU,,SHZ,2008-05-02,True,1,1.0,50.0,,72.37295776040692,37.11112,14.83,2007-12-12,2019-12-11
IV,MEU,,SHZ,2008-05-03,True,1,1.0,50.0,,72.37295776040692,37.11112,14.83,2007-12-12,2019-12-11
IV,MEU,,SHZ,2008-05-04,True,1,1.0,50.0,,72.37295776040692,37.11112,14.83,2007-12-12,2019-12-11
IV,MEU,,SHZ,2008-05-05,True,1,1.0,50.0,,72.37295776040692,37.11112,14.83,2007-12-12,2019-12-11
IV,MEU,,SHZ,2008-05-06,True,1,1.0,50.0,,72.37295776040692,37.11112,14.83,2007-12-12,2019-12-11
IV,MEU,,SHZ,2008-05-07,True,1,1.0,50.0,,72.37295776040692,37.11112,14.83,2007-12-12,2019-12-11
IV,MEU,,SHZ,2008-05-08,True,1,1.0,50.0,,72.37295776040692,37.11112,14.83,2007-12-12,2019-12-11
IV,MEU,,SHZ,2008-05-09,True,1,1.0,50.0,,72.37295776040692,37.11112,14.83,2007-12-12,2019-12-11
IV,MEU,,SHZ,2008-05-10,True,1,1.0,50.0,,72.37295776040692,37.11112,14.83,2007-12-12,2019-12-11
IV,MEU,,SHZ,2008-05-11,True,1,1.0,50.0,,72.37295776040692,37.11112,14.83,2007-12-12,2019-12-11
IV,MEU,,SHZ,2008-05-12,True,1,1.0,50.0,,72.37295776040692,37.11112,14.83,2007-12-12,2019-12-11
IV,MEU,,SHZ,2008-05-13,True,1,1.0,50.0,,72.37295776040692,37.11112,14.83,2007-12-12,2019-12-11
IV,MSRU,,BHZ,2008-04-12,True,1,1.0,20.0,,72.67692836590916,38.2639,15.5083,2004-07-12,2023-03-14
IV,MSRU,,BHZ,2008-04-13,True,1,1.0,20.0,,72.67692836590916,38.2639,15.5083,2004-07-12,2023-03-14
IV,MSRU,,BHZ,2008-04-14,True,1,1.0,20.0,,72.67692836590916,38.2639,15.5083,2004-07-12,2023-03-14
IV,MSRU,,BHZ,2008-04-15,True,1,1.0,20.0,,72.67692836590916,38.2639,15.5083,2004-07-12,2023-03-14
IV,MSRU,,BHZ,2008-04-16,True,1,1.0,20.0,,72.67692836590916,38.2639,15.5083,2004-07-12,2023-03-14
IV,MSRU,,BHZ,2008-04-17,True,1,1.0,20.0,,72.67692836590916,38.2639,15.5083,2004-07-12,2023-03-14
IV,MSRU,,BHZ,2008-04-18,True,1,1.0,20.0,,72.67692836590916,38.2639,15.5083,2004-07-12,2023-03-14
IV,MSRU,,BHZ,2008-04-19,True,1,1.0,20.0,,72.67692836590916,38.2639,15.5083,2004-07-12,2023-03-14
IV,MSRU,,BHZ,2008-04-20,True,1,1.0,20.0,,72.67692836590916,38.2639,15.5083,2004-07-12,2023-03-14
IV,MSRU,,BHZ,2008-04-21,True,1,1.0,20.0,,72.67692836590916,38.2639,15.5083,2004-07-12,2023-03-14
IV,MSRU,,BHZ,2008-04-22,True,1,1.0,20.0,,72.67692836590916,38.2639,15.5083,2004-07-12,2023-03-14
IV,MSRU,,BHZ,2008-04-23,True,1,1.0,20.0,,72.67692836590916,38.2639,15.5083,2004-07-12,2023-03-14
IV,MSRU,,BHZ,2008-04-24,True,1,0.9999166666666668,20.0,,72.67692836590916,38.2639,15.5083,2004-07-12,2023-03-14
IV,MSRU,,BHZ,2008-04-25,True,1,1.0,20.0,,72.67692836590916,38.2639,15.5083,2004-07-12,2023-03-14
IV,MSRU,,BHZ,2008-04-26,True,1,1.0,20.0,,72.67692836590916,38.2639,15.5083,2004-07-12,2023-03-14
IV,MSRU,,BHZ,2008-04-27,True,1,1.0,20.0,,72.67692836590916,38.2639,15.5083,2004-07-12,2023-03-14
IV,MSRU,,BHZ,2008-04-28,True,1,1.0,20.0,,72.67692836590916,38.2639,15.5083,2004-07-12,2023-03-14
IV,MSRU,,BHZ,2008-04-29,True,1,0.9999166666666668,20.0,,72.67692836590916,38.2639,15.5083,2004-07-12,2023-03-14
IV,MSRU,,BHZ,2008-04-30,True,1,1.0,20.0,,72.67692836590916,38.2639,15.5083,2004-07-12,2023-03-14
IV,MSRU,,BHZ,2008-05-01,True,1,1.0,20.0,,72.67692836590916,38.2639,15.5083,2004-07-12,2023-03-14
IV,MSRU,,BHZ,2008-05-02,True,1,1.0,20.0,,72.67692836590916,38.2639,15.5083,2004-07-12,2023-03-14
IV,MSRU,,BHZ,2008-05-03,True,1,1.0,20.0,,72.67692836590916,38.2639,15.5083,2004-07-12,2023-03-14
IV,MSRU,,BHZ,2008-05-04,True,1,1.0,20.0,,72.67692836590916,38.2639,15.5083,2004-07-12,2023-03-14
IV,MSRU,,BHZ,2008-05-05,True,1,1.0,20.0,,72.67692836590916,38.2639,15.5083,2004-07-12,2023-03-14
IV,MSRU,,BHZ,2008-05-06,True,1,1.0,20.0,,72.67692836590916,38.2639,15.5083,2004-07-12,2023-03-14
IV,MSRU,,BHZ,2008-05-07,True,1,1.0,20.0,,72.67692836590916,38.2639,15.5083,2004-07-12,2023-03-14
IV,MSRU,,BHZ,2008-05-08,True,1,1.0,20.0,,72.67692836590916,38.2639,15.5083,2004-07-12,2023-03-14
IV,MSRU,,BHZ,2008-05-09,True,1,1.0,20.0,,72.67692836590916,38.2639,15.5083,2004-07-12,2023-03-14
IV,MSRU,,BHZ,2008-05-10,True,1,1.0,20.0,,72.67692836590916,38.2639,15.5083,2004-07-12,2023-03-14
IV,MSRU,,BHZ,2008-05-11,True,1,1.0,20.0,,72.67692836590916,38.2639,15.5083,2004-07-12,2023-03-14
IV,MSRU,,BHZ,2008-05-12,True,1,1.0,20.0,,72.67692836590916,38.2639,15.5083,2004-07-12,2023-03-14
IV,MSRU,,BHZ,2008-05-13,True,1,1.0,20.0,,72.67692836590916,38.2639,15.5083,2004-07-12,2023-03-14
IV,MSRU,,HHZ,2008-04-12,True,1,1.0,100.0,,72.67692836590916,38.2639,15.5083,2004-07-12,2023-03-14
IV,MSRU,,HHZ,2008-04-13,True,1,1.0,100.0,,72.67692836590916,38.2639,15.5083,2004-07-12,2023-03-14
IV,MSRU,,HHZ,2008-04-14,True,1,1.0,100.0,,72.67692836590916,38.2639,15.5083,2004-07-12,2023-03-14
IV,MSRU,,HHZ,2008-04-15,True,1,1.0,100.0,,72.67692836590916,38.2639,15.5083,2004-07-12,2023-03-14
IV,MSRU,,HHZ,2008-04-16,True,1,1.0,100.0,,72.67692836590916,38.2639,15.5083,2004-07-12,2023-03-14
IV,MSRU,,HHZ,2008-04-17,True,1,1.0,100.0,,72.67692836590916,38.2639,15.5083,2004-07-12,2023-03-14
IV,MSRU,,HHZ,2008-04-18,True,1,1.0,100.0,,72.67692836590916,38.2639,15.5083,2004-07-12,2023-03-14
IV,MSRU,,HHZ,2008-04-19,True,1,1.0,100.0,,72.67692836590916,38.2639,15.5083,2004-07-12,2023-03-14
IV,MSRU,,HHZ,2008-04-20,True,1,1.0,100.0,,72.67692836590916,38.2639,15.5083,2004-07-12,2023-03-14
IV,MSRU,,HHZ,2008-04-21,True,1,1.0,100.0,,72.67692836590916,38.2639,15.5083,2004-07-12,2023-03-14
IV,MSRU,,HHZ,2008-04-22,True,1,1.0,100.0,,72.67692836590916,38.2639,15.5083,2004-07-12,2023-03-14
IV,MSRU,,HHZ,2008-04-23,True,1,1.0,100.0,,72.67692836590916,38.2639,15.5083,2004-07-12,2023-03-14
IV,MSRU,,HHZ,2008-04-24,True,1,1.0,100.0,,72.67692836590916,38.2639,15.5083,2004-07-12,2023-03-14
IV,MSRU,,HHZ,2008-04-25,True,1,1.0,100.0,,72.67692836590916,38.2639,15.5083,2004-07-12,2023-03-14
IV,MSRU,,HHZ,2008-04-26,True,1,1.0,100.0,,72.67692836590916,38.2639,15.5083,2004-07-12,2023-03-14
IV,MSRU,,HHZ,2008-04-27,True,1,1.0,100.0,,72.67692836590916,38.2639,15.5083,2004-07-12,2023-03-14
IV,MSRU,,HHZ,2008-04-28,True,1,1.0,100.0,,72.67692836590916,38.2639,15.5083,2004-07-12,2023-03-14
IV,MSRU,,HHZ,2008-04-29,True,1,1.0,100.0,,72.67692836590916,38.2639,15.5083,2004-07-12,2023-03-14
IV,MSRU,,HHZ,2008-04-30,True,1,1.0,100.0,,72.67692836590916,38.2639,15.5083,2004-07-12,2023-03-14
IV,MSRU,,HHZ,2008-05-01,True,1,1.0,100.0,,72.67692836590916,38.2639,15.5083,2004-07-12,2023-03-14
IV,MSRU,,HHZ,2008-05-02,True,1,1.0,100.0,,72.67692836590916,38.2639,15.5083,2004-07-12,2023-03-14
IV,MSRU,,HHZ,2008-05-03,True,1,1.0,100.0,,72.67692836590916,38.2639,15.5083,2004-07-12,2023-03-14
IV,MSRU,,HHZ,2008-05-04,True,1,1.0,100.0,,72.67692836590916,38.2639,15.5083,2004-07-12,2023-03-14
IV,MSRU,,HHZ,2008-05-05,True,1,1.0,100.0,,72.67692836590916,38.2639,15.5083,2004-07-12,2023-03-14
IV,MSRU,,HHZ,2008-05-06,True,1,1.0,100.0,,72.67692836590916,38.2639,15.5083,2004-07-12,2023-03-14
IV,MSRU,,HHZ,2008-05-07,True,1,1.0,100.0,,72.67692836590916,38.2639,15.5083,2004-07-12,2023-03-14
IV,MSRU,,HHZ,2008-05-08,True,1,1.0,100.0,,72.67692836590916,38.2639,15.5083,2004-07-12,2023-03-14
IV,MSRU,,HHZ,2008-05-09,True,1,1.0,100.0,,72.67692836590916,38.2639,15.5083,2004-07-12,2023-03-14
IV,MSRU,,HHZ,2008-05-10,True,1,1.0,100.0,,72.67692836590916,38.2639,15.5083,2004-07-12,2023-03-14
IV,MSRU,,HHZ,2008-05-11,True,1,1.0,100.0,,72.67692836590916,38.2639,15.5083,2004-07-12,2023-03-14
IV,MSRU,,HHZ,2008-05-12,True,1,1.0,100.0,,72.67692836590916,38.2639,15.5083,2004-07-12,2023-03-14
IV,MSRU,,HHZ,2008-05-13,True,1,1.0,100.0,,72.67692836590916,38.2639,15.5083,2004-07-12,2023-03-14
IV,MSRU,,LHZ,2008-04-12,True,1,1.0,1.0,,72.67692836590916,38.2639,15.5083,2004-07-12,2023-03-14
IV,MSRU,,LHZ,2008-04-13,True,1,1.0,1.0,,72.67692836590916,38.2639,15.5083,2004-07-12,2023-03-14
IV,MSRU,,LHZ,2008-04-14,True,1,1.0,1.0,,72.67692836590916,38.2639,15.5083,2004-07-12,2023-03-14
IV,MSRU,,LHZ,2008-04-15,True,1,1.0,1.0,,72.67692836590916,38.2639,15.5083,2004-07-12,2023-03-14
IV,MSRU,,LHZ,2008-04-16,True,1,1.0,1.0,,72.67692836590916,38.2639,15.5083,2004-07-12,2023-03-14
IV,MSRU,,LHZ,2008-04-17,True,1,1.0,1.0,,72.67692836590916,38.2639,15.5083,2004-07-12,2023-03-14
IV,MSRU,,LHZ,2008-04-18,True,1,1.0,1.0,,72.67692836590916,38.2639,15.5083,2004-07-12,2023-03-14
IV,MSRU,,LHZ,2008-04-19,True,1,1.0,1.0,,72.67692836590916,38.2639,15.5083,2004-07-12,2023-03-14
IV,MSRU,,LHZ,2008-04-20,True,1,1.0,1.0,,72.67692836590916,38.2639,15.5083,2004-07-12,2023-03-14
IV,MSRU,,LHZ,2008-04-21,True,1,1.0,1.0,,72.67692836590916,38.2639,15.5083,2004-07-12,2023-03-14
IV,MSRU,,LHZ,2008-04-22,True,1,1.0,1.0,,72.67692836590916,38.2639,15.5083,2004-07-12,2023-03-14
IV,MSRU,,LHZ,2008-04-23,True,1,1.0,1.0,,72.67692836590916,38.2639,15.5083,2004-07-12,2023-03-14
IV,MSRU,,LHZ,2008-04-24,True,1,1.0,1.0,,72.67692836590916,38.2639,15.5083,2004-07-12,2023-03-14
IV,MSRU,,LHZ,2008-04-25,True,1,1.0,1.0,,72.67692836590916,38.2639,15.5083,2004-07-12,2023-03-14
IV,MSRU,,LHZ,2008-04-26,True,1,1.0,1.0,,72.67692836590916,38.2639,15.5083,2004-07-12,2023-03-14
IV,MSRU,,LHZ,2008-04-27,True,1,1.0,1.0,,72.67692836590916,38.2639,15.5083,2004-07-12,2023-03-14
IV,MSRU,,LHZ,2008-04-28,True,1,1.0,1.0,,72.67692836590916,38.2639,15.5083,2004-07-12,2023-03-14
IV,MSRU,,LHZ,2008-04-29,True,1,1.0,1.0,,72.67692836590916,38.2639,15.5083,2004-07-12,2023-03-14
IV,MSRU,,LHZ,2008-04-30,True,1,1.0,1.0,,72.67692836590916,38.2639,15.5083,2004-07-12,2023-03-14
IV,MSRU,,LHZ,2008-05-01,True,1,1.0,1.0,,72.67692836590916,38.2639,15.5083,2004-07-12,2023-03-14
IV,MSRU,,LHZ,2008-05-02,True,1,1.0,1.0,,72.67692836590916,38.2639,15.5083,2004-07-12,2023-03-14
IV,MSRU,,LHZ,2008-05-03,True,1,1.0,1.0,,72.67692836590916,38.2639,15.5083,2004-07-12,2023-03-14
IV,MSRU,,LHZ,2008-05-04,True,1,1.0,1.0,,72.67692836590916,38.2639,15.5083,2004-07-12,2023-03-14
IV,MSRU,,LHZ,2008-05-05,True,1,1.0,1.0,,72.67692836590916,38.2639,15.5083,2004-07-12,2023-03-14
IV,MSRU,,LHZ,2008-05-06,True,1,1.0,1.0,,72.67692836590916,38.2639,15.5083,2004-07-12,2023-03-14
IV,MSRU,,LHZ,2008-05-07,True,1,1.0,1.0,,72.67692836590916,38.2639,15.5083,2004-07-12,2023-03-14
IV,MSRU,,LHZ,2008-05-08,True,1,1.0,1.0,,72.67692836590916,38.2639,15.5083,2004-07-12,2023-03-14
IV,MSRU,,LHZ,2008-05-09,True,1,1.0,1.0,,72.67692836590916,38.2639,15.5083,2004-07-12,2023-03-14
IV,MSRU,,LHZ,2008-05-10,True,1,1.0,1.0,,72.67692836590916,38.2639,15.5083,2004-07-12,2023-03-14
IV,MSRU,,LHZ,2008-05-11,True,1,1.0,1.0,,72.67692836590916,38.2639,15.5083,2004-07-12,2023-03-14
IV,MSRU,,LHZ,2008-05-12,True,1,1.0,1.0,,72.67692836590916,38.2639,15.5083,2004-07-12,2023-03-14
IV,MSRU,,LHZ,2008-05-13,True,1,1.0,1.0,,72.67692836590916,38.2639,15.5083,2004-07-12,2023-03-14
IV,MSRU,,VHZ,2008-04-12,True,1,1.0,0.1,,72.67692836590916,38.2639,15.5083,2004-07-12,2023-03-14
IV,MSRU,,VHZ,2008-04-13,True,1,1.0,0.1,,72.67692836590916,38.2639,15.5083,2004-07-12,2023-03-14
IV,MSRU,,VHZ,2008-04-14,True,1,1.0,0.1,,72.67692836590916,38.2639,15.5083,2004-07-12,2023-03-14
IV,MSRU,,VHZ,2008-04-15,True,1,1.0,0.1,,72.67692836590916,38.2639,15.5083,2004-07-12,2023-03-14
IV,MSRU,,VHZ,2008-04-16,True,1,1.0,0.1,,72.67692836590916,38.2639,15.5083,2004-07-12,2023-03-14
IV,MSRU,,VHZ,2008-04-17,True,1,1.0,0.1,,72.67692836590916,38.2639,15.5083,2004-07-12,2023-03-14
IV,MSRU,,VHZ,2008-04-18,True,1,1.0,0.1,,72.67692836590916,38.2639,15.5083,2004-07-12,2023-03-14
IV,MSRU,,VHZ,2008-04-19,True,1,1.0,0.1,,72.67692836590916,38.2639,15.5083,2004-07-12,2023-03-14
IV,MSRU,,VHZ,2008-04-20,True,1,1.0,0.1,,72.67692836590916,38.2639,15.5083,2004-07-12,2023-03-14
IV,MSRU,,VHZ,2008-04-21,True,1,1.0,0.1,,72.67692836590916,38.2639,15.5083,2004-07-12,2023-03-14
IV,MSRU,,VHZ,2008-04-22,True,1,1.0,0.1,,72.67692836590916,38.2639,15.5083,2004-07-12,2023-03-14
IV,MSRU,,VHZ,2008-04-23,True,1,1.0,0.1,,72.67692836590916,38.2639,15.5083,2004-07-12,2023-03-14
IV,MSRU,,VHZ,2008-04-24,True,1,1.0,0.1,,72.67692836590916,38.2639,15.5083,2004-07-12,2023-03-14
IV,MSRU,,VHZ,2008-04-25,True,1,1.0,0.1,,72.67692836590916,38.2639,15.5083,2004-07-12,2023-03-14
IV,MSRU,,VHZ,2008-04-26,True,1,1.0,0.1,,72.67692836590916,38.2639,15.5083,2004-07-12,2023-03-14
IV,MSRU,,VHZ,2008-04-27,True,1,1.0,0.1,,72.67692836590916,38.2639,15.5083,2004-07-12,2023-03-14
IV,MSRU,,VHZ,2008-04-28,True,1,1.0,0.1,,72.67692836590916,38.2639,15.5083,2004-07-12,2023-03-14
IV,MSRU,,VHZ,2008-04-29,True,1,1.0,0.1,,72.67692836590916,38.2639,15.5083,2004-07-12,2023-03-14
IV,MSRU,,VHZ,2008-04-30,True,1,1.0,0.1,,72.67692836590916,38.2639,15.5083,2004-07-12,2023-03-14
IV,MSRU,,VHZ,2008-05-01,True,1,1.0,0.1,,72.67692836590916,38.2639,15.5083,2004-07-12,2023-03-14
IV,MSRU,,VHZ,2008-05-02,True,1,1.0,0.1,,72.67692836590916,38.2639,15.5083,2004-07-12,2023-03-14
IV,MSRU,,VHZ,2008-05-03,True,1,1.0,0.1,,72.67692836590916,38.2639,15.5083,2004-07-12,2023-03-14
IV,MSRU,,VHZ,2008-05-04,True,1,1.0,0.1,,72.67692836590916,38.2639,15.5083,2004-07-12,2023-03-14
IV,MSRU,,VHZ,2008-05-05,True,1,1.0,0.1,,72.67692836590916,38.2639,15.5083,2004-07-12,2023-03-14
IV,MSRU,,VHZ,2008-05-06,True,1,1.0,0.1,,72.67692836590916,38.2639,15.5083,2004-07-12,2023-03-14
IV,MSRU,,VHZ,2008-05-07,True,1,1.0,0.1,,72.67692836590916,38.2639,15.5083,2004-07-12,2023-03-14
IV,MSRU,,VHZ,2008-05-08,True,1,1.0,0.1,,72.67692836590916,38.2639,15.5083,2004-07-12,2023-03-14
IV,MSRU,,VHZ,2008-05-09,True,1,1.0,0.1,,72.67692836590916,38.2639,15.5083,2004-07-12,2023-03-14
IV,MSRU,,VHZ,2008-05-10,True,1,1.0,0.1,,72.67692836590916,38.2639,15.5083,2004-07-12,2023-03-14
IV,MSRU,,VHZ,2008-05-11,True,1,1.0,0.1,,72.67692836590916,38.2639,15.5083,2004-07-12,2023-03-14
IV,MSRU,,VHZ,2008-05-12,True,1,1.0,0.1,,72.67692836590916,38.2639,15.5083,2004-07-12,2023-03-14
IV,MSRU,,VHZ,2008-05-13,True,1,1.0,0.1,,72.67692836590916,38.2639,15.5083,2004-07-12,2023-03-14
IV,MRCB,01,HHZ,2008-04-12,True,1,1.0,100.0,,77.0001018812608,38.162,15.703,2007-11-08,2009-06-10
IV,MRCB,01,HHZ,2008-04-13,True,1,1.0,100.0,,77.0001018812608,38.162,15.703,2007-11-08,2009-06-10
IV,MRCB,01,HHZ,2008-04-14,True,1,1.0,100.0,,77.0001018812608,38.162,15.703,2007-11-08,2009-06-10
IV,MRCB,01,HHZ,2008-04-15,True,1,1.0,100.0,,77.0001018812608,38.162,15.703,2007-11-08,2009-06-10
IV,MRCB,01,HHZ,2008-04-16,True,1,1.0,100.0,,77.0001018812608,38.162,15.703,2007-11-08,2009-06-10
IV,MRCB,01,HHZ,2008-04-17,True,1,1.0,100.0,,77.0001018812608,38.162,15.703,2007-11-08,2009-06-10
IV,MRCB,01,HHZ,2008-04-18,True,1,1.0,100.0,,77.0001018812608,38.162,15.703,2007-11-08,2009-06-10
IV,MRCB,01,HHZ,2008-04-19,True,1,1.0,100.0,,77.0001018812608,38.162,15.703,2007-11-08,2009-06-10
IV,MRCB,01,HHZ,2008-04-20,True,1,1.0,100.0,,77.0001018812608,38.162,15.703,2007-11-08,2009-06-10
IV,MRCB,01,HHZ,2008-04-21,True,1,1.0,100.0,,77.0001018812608,38.162,15.703,2007-11-08,2009-06-10
IV,MRCB,01,HHZ,2008-04-22,True,1,1.0,100.0,,77.0001018812608,38.162,15.703,2007-11-08,2009-06-10
IV,MRCB,01,HHZ,2008-04-23,True,1,1.0,100.0,,77.0001018812608,38.162,15.703,2007-11-08,2009-06-10
IV,MRCB,01,HHZ,2008-04-24,True,1,1.0,100.0,,77.0001018812608,38.162,15.703,2007-11-08,2009-06-10
IV,MRCB,01,HHZ,2008-04-25,True,1,1.0,100.0,,77.0001018812608,38.162,15.703,2007-11-08,2009-06-10
IV,MRCB,01,HHZ,2008-04-26,True,1,1.0,100.0,,77.0001018812608,38.162,15.703,2007-11-08,2009-06-10
IV,MRCB,01,HHZ,2008-04-27,True,1,1.0,100.0,,77.0001018812608,38.162,15.703,2007-11-08,2009-06-10
IV,MRCB,01,HHZ,2008-04-28,True,1,1.0,100.0,,77.0001018812608,38.162,15.703,2007-11-08,2009-06-10
IV,MRCB,01,HHZ,2008-04-29,True,1,1.0,100.0,,77.0001018812608,38.162,15.703,2007-11-08,2009-06-10
IV,MRCB,01,HHZ,2008-04-30,True,1,1.0,100.0,,77.0001018812608,38.162,15.703,2007-11-08,2009-06-10
IV,MRCB,01,HHZ,2008-05-01,True,1,1.0,100.0,,77.0001018812608,38.162,15.703,2007-11-08,2009-06-10
IV,MRCB,01,HHZ,2008-05-02,True,1,1.0,100.0,,77.0001018812608,38.162,15.703,2007-11-08,2009-06-10
IV,MRCB,01,HHZ,2008-05-03,True,1,1.0,100.0,,77.0001018812608,38.162,15.703,2007-11-08,2009-06-10
IV,MRCB,01,HHZ,2008-05-04,True,1,1.0,100.0,,77.0001018812608,38.162,15.703,2007-11-08,2009-06-10
IV,MRCB,01,HHZ,2008-05-05,True,1,1.0,100.0,,77.0001018812608,38.162,15.703,2007-11-08,2009-06-10
IV,MRCB,01,HHZ,2008-05-06,True,1,1.0,100.0,,77.0001018812608,38.162,15.703,2007-11-08,2009-06-10
IV,MRCB,01,HHZ,2008-05-07,True,1,1.0,100.0,,77.0001018812608,38.162,15.703,2007-11-08,2009-06-10
IV,MRCB,01,HHZ,2008-05-08,True,1,1.0,100.0,,77.0001018812608,38.162,15.703,2007-11-08,2009-06-10
IV,MRCB,01,HHZ,2008-05-09,True,1,1.0,100.0,,77.0001018812608,38.162,15.703,2007-11-08,2009-06-10
IV,MRCB,01,HHZ,2008-05-10,True,1,1.0,100.0,,77.0001018812608,38.162,15.703,2007-11-08,2009-06-10
IV,MRCB,01,HHZ,2008-05-11,True,1,1.0,100.0,,77.0001018812608,38.162,15.703,2007-11-08,2009-06-10
IV,MRCB,01,HHZ,2008-05-12,True,1,1.0,100.0,,77.0001018812608,38.162,15.703,2007-11-08,2009-06-10
IV,MRCB,01,HHZ,2008-05-13,True,1,1.0,100.0,,77.0001018812608,38.162,15.703,2007-11-08,2009-06-10
IV,ILOS,,BHZ,2008-04-12,True,1,1.0,20.0,,77.70745017202847,38.4457,14.9483,2005-05-11,2023-10-20
IV,ILOS,,BHZ,2008-04-13,True,1,0.9999166666666668,20.0,,77.70745017202847,38.4457,14.9483,2005-05-11,2023-10-20
IV,ILOS,,BHZ,2008-04-14,True,1,1.0,20.0,,77.70745017202847,38.4457,14.9483,2005-05-11,2023-10-20
IV,ILOS,,BHZ,2008-04-15,True,1,1.0,20.0,,77.70745017202847,38.4457,14.9483,2005-05-11,2023-10-20
IV,ILOS,,BHZ,2008-04-16,True,1,1.0,20.0,,77.70745017202847,38.4457,14.9483,2005-05-11,2023-10-20
IV,ILOS,,BHZ,2008-04-17,True,1,1.0,20.0,,77.70745017202847,38.4457,14.9483,2005-05-11,2023-10-20
IV,ILOS,,BHZ,2008-04-18,True,18,0.9425833333333332,20.0,,77.70745017202847,38.4457,14.9483,2005-05-11,2023-10-20
IV,ILOS,,BHZ,2008-04-19,True,1,1.0,20.0,,77.70745017202847,38.4457,14.9483,2005-05-11,2023-10-20
IV,ILOS,,BHZ,2008-04-20,True,1,1.0,20.0,,77.70745017202847,38.4457,14.9483,2005-05-11,2023-10-20
IV,ILOS,,BHZ,2008-04-21,True,1,1.0,20.0,,77.70745017202847,38.4457,14.9483,2005-05-11,2023-10-20
IV,ILOS,,BHZ,2008-04-22,True,1,1.0,20.0,,77.70745017202847,38.4457,14.9483,2005-05-11,2023-10-20
IV,ILOS,,BHZ,2008-04-23,True,40,0.8995833333333333,20.0,,77.70745017202847,38.4457,14.9483,2005-05-11,2023-10-20
IV,ILOS,,BHZ,2008-04-24,False,61,0.7114999999999999,20.0,,77.70745017202847,38.4457,14.9483,2005-05-11,2023-10-20
IV,ILOS,,BHZ,2008-04-25,False,61,0.7006666666666667,20.0,,77.70745017202847,38.4457,14.9483,2005-05-11,2023-10-20
IV,ILOS,,BHZ,2008-04-26,False,35,0.39641666666666664,20.0,,77.70745017202847,38.4457,14.9483,2005-05-11,2023-10-20
IV,ILOS,,BHZ,2008-04-27,True,18,0.9276666666666668,20.0,,77.70745017202847,38.4457,14.9483,2005-05-11,2023-10-20
IV,ILOS,,BHZ,2008-04-28,True,1,1.0,20.0,,77.70745017202847,38.4457,14.9483,2005-05-11,2023-10-20
IV,ILOS,,BHZ,2008-04-29,False,0,0.0,,No data available for request.,77.70745017202847,38.4457,14.9483,2005-05-11,2023-10-20
IV,ILOS,,BHZ,2008-04-30,False,0,0.0,,No data available for request.,77.70745017202847,38.4457,14.9483,2005-05-11,2023-10-20
IV,ILOS,,BHZ,2008-05-01,False,0,0.0,,No data available for request.,77.70745017202847,38.4457,14.9483,2005-05-11,2023-10-20
IV,ILOS,,BHZ,2008-05-02,False,0,0.0,,No data available for request.,77.70745017202847,38.4457,14.9483,2005-05-11,2023-10-20
IV,ILOS,,BHZ,2008-05-03,False,0,0.0,,No data available for request.,77.70745017202847,38.4457,14.9483,2005-05-11,2023-10-20
IV,ILOS,,BHZ,2008-05-04,False,0,0.0,,No data available for request.,77.70745017202847,38.4457,14.9483,2005-05-11,2023-10-20
IV,ILOS,,BHZ,2008-05-05,False,0,0.0,,No data available for request.,77.70745017202847,38.4457,14.9483,2005-05-11,2023-10-20
IV,ILOS,,BHZ,2008-05-06,True,1,1.0,20.0,,77.70745017202847,38.4457,14.9483,2005-05-11,2023-10-20
IV,ILOS,,BHZ,2008-05-07,True,1,1.0,20.0,,77.70745017202847,38.4457,14.9483,2005-05-11,2023-10-20
IV,ILOS,,BHZ,2008-05-08,True,1,1.0,20.0,,77.70745017202847,38.4457,14.9483,2005-05-11,2023-10-20
IV,ILOS,,BHZ,2008-05-09,True,1,1.0,20.0,,77.70745017202847,38.4457,14.9483,2005-05-11,2023-10-20
IV,ILOS,,BHZ,2008-05-10,True,1,1.0,20.0,,77.70745017202847,38.4457,14.9483,2005-05-11,2023-10-20
IV,ILOS,,BHZ,2008-05-11,True,1,1.0,20.0,,77.70745017202847,38.4457,14.9483,2005-05-11,2023-10-20
IV,ILOS,,BHZ,2008-05-12,True,1,1.0,20.0,,77.70745017202847,38.4457,14.9483,2005-05-11,2023-10-20
IV,ILOS,,BHZ,2008-05-13,True,1,1.0,20.0,,77.70745017202847,38.4457,14.9483,2005-05-11,2023-10-20
IV,ILOS,,HHZ,2008-04-12,True,1,1.0,100.0,,77.70745017202847,38.4457,14.9483,2005-05-11,2023-10-20
IV,ILOS,,HHZ,2008-04-13,True,1,1.0,100.0,,77.70745017202847,38.4457,14.9483,2005-05-11,2023-10-20
IV,ILOS,,HHZ,2008-04-14,True,1,1.0,100.0,,77.70745017202847,38.4457,14.9483,2005-05-11,2023-10-20
IV,ILOS,,HHZ,2008-04-15,True,1,1.0,100.0,,77.70745017202847,38.4457,14.9483,2005-05-11,2023-10-20
IV,ILOS,,HHZ,2008-04-16,True,1,1.0,100.0,,77.70745017202847,38.4457,14.9483,2005-05-11,2023-10-20
IV,ILOS,,HHZ,2008-04-17,True,1,1.0,100.0,,77.70745017202847,38.4457,14.9483,2005-05-11,2023-10-20
IV,ILOS,,HHZ,2008-04-18,True,18,0.9437166666666666,100.0,,77.70745017202847,38.4457,14.9483,2005-05-11,2023-10-20
IV,ILOS,,HHZ,2008-04-19,True,1,1.0,100.0,,77.70745017202847,38.4457,14.9483,2005-05-11,2023-10-20
IV,ILOS,,HHZ,2008-04-20,True,1,1.0,100.0,,77.70745017202847,38.4457,14.9483,2005-05-11,2023-10-20
IV,ILOS,,HHZ,2008-04-21,True,1,1.0,100.0,,77.70745017202847,38.4457,14.9483,2005-05-11,2023-10-20
IV,ILOS,,HHZ,2008-04-22,True,1,1.0,100.0,,77.70745017202847,38.4457,14.9483,2005-05-11,2023-10-20
IV,ILOS,,HHZ,2008-04-23,True,40,0.9021499999999999,100.0,,77.70745017202847,38.4457,14.9483,2005-05-11,2023-10-20
IV,ILOS,,HHZ,2008-04-24,False,61,0.7154666666666667,100.0,,77.70745017202847,38.4457,14.9483,2005-05-11,2023-10-20
IV,ILOS,,HHZ,2008-04-25,False,61,0.7047,100.0,,77.70745017202847,38.4457,14.9483,2005-05-11,2023-10-20
IV,ILOS,,HHZ,2008-04-26,False,35,0.40003333333333335,100.0,,77.70745017202847,38.4457,14.9483,2005-05-11,2023-10-20
IV,ILOS,,HHZ,2008-04-27,True,18,0.9288166666666666,100.0,,77.70745017202847,38.4457,14.9483,2005-05-11,2023-10-20
IV,ILOS,,HHZ,2008-04-28,True,1,1.0,100.0,,77.70745017202847,38.4457,14.9483,2005-05-11,2023-10-20
IV,ILOS,,HHZ,2008-04-29,False,0,0.0,,No data available for request.,77.70745017202847,38.4457,14.9483,2005-05-11,2023-10-20
IV,ILOS,,HHZ,2008-04-30,False,0,0.0,,No data available for request.,77.70745017202847,38.4457,14.9483,2005-05-11,2023-10-20
IV,ILOS,,HHZ,2008-05-01,False,0,0.0,,No data available for request.,77.70745017202847,38.4457,14.9483,2005-05-11,2023-10-20
IV,ILOS,,HHZ,2008-05-02,False,0,0.0,,No data available for request.,77.70745017202847,38.4457,14.9483,2005-05-11,2023-10-20
IV,ILOS,,HHZ,2008-05-03,False,0,0.0,,No data available for request.,77.70745017202847,38.4457,14.9483,2005-05-11,2023-10-20
IV,ILOS,,HHZ,2008-05-04,False,0,0.0,,No data available for request.,77.70745017202847,38.4457,14.9483,2005-05-11,2023-10-20
IV,ILOS,,HHZ,2008-05-05,False,0,0.0,,No data available for request.,77.70745017202847,38.4457,14.9483,2005-05-11,2023-10-20
IV,ILOS,,HHZ,2008-05-06,True,1,1.0,100.0,,77.70745017202847,38.4457,14.9483,2005-05-11,2023-10-20
IV,ILOS,,HHZ,2008-05-07,True,1,1.0,100.0,,77.70745017202847,38.4457,14.9483,2005-05-11,2023-10-20
IV,ILOS,,HHZ,2008-05-08,True,1,1.0,100.0,,77.70745017202847,38.4457,14.9483,2005-05-11,2023-10-20
IV,ILOS,,HHZ,2008-05-09,True,1,1.0,100.0,,77.70745017202847,38.4457,14.9483,2005-05-11,2023-10-20
IV,ILOS,,HHZ,2008-05-10,True,1,1.0,100.0,,77.70745017202847,38.4457,14.9483,2005-05-11,2023-10-20
IV,ILOS,,HHZ,2008-05-11,True,1,1.0,100.0,,77.70745017202847,38.4457,14.9483,2005-05-11,2023-10-20
IV,ILOS,,HHZ,2008-05-12,True,1,1.0,100.0,,77.70745017202847,38.4457,14.9483,2005-05-11,2023-10-20
IV,ILOS,,HHZ,2008-05-13,True,1,1.0,100.0,,77.70745017202847,38.4457,14.9483,2005-05-11,2023-10-20
IV,ILOS,,LHZ,2008-04-12,True,1,1.0,1.0,,77.70745017202847,38.4457,14.9483,2005-05-11,2023-10-20
IV,ILOS,,LHZ,2008-04-13,True,1,1.0,1.0,,77.70745017202847,38.4457,14.9483,2005-05-11,2023-10-20
IV,ILOS,,LHZ,2008-04-14,True,1,1.0,1.0,,77.70745017202847,38.4457,14.9483,2005-05-11,2023-10-20
IV,ILOS,,LHZ,2008-04-15,True,1,1.0,1.0,,77.70745017202847,38.4457,14.9483,2005-05-11,2023-10-20
IV,ILOS,,LHZ,2008-04-16,True,1,1.0,1.0,,77.70745017202847,38.4457,14.9483,2005-05-11,2023-10-20
IV,ILOS,,LHZ,2008-04-17,True,1,1.0,1.0,,77.70745017202847,38.4457,14.9483,2005-05-11,2023-10-20
IV,ILOS,,LHZ,2008-04-18,True,19,0.91,1.0,,77.70745017202847,38.4457,14.9483,2005-05-11,2023-10-20
IV,ILOS,,LHZ,2008-04-19,True,1,1.0,1.0,,77.70745017202847,38.4457,14.9483,2005-05-11,2023-10-20
IV,ILOS,,LHZ,2008-04-20,True,1,1.0,1.0,,77.70745017202847,38.4457,14.9483,2005-05-11,2023-10-20
IV,ILOS,,LHZ,2008-04-21,True,1,1.0,1.0,,77.70745017202847,38.4457,14.9483,2005-05-11,2023-10-20
IV,ILOS,,LHZ,2008-04-22,True,1,1.0,1.0,,77.70745017202847,38.4457,14.9483,2005-05-11,2023-10-20
IV,ILOS,,LHZ,2008-04-23,True,39,0.8416666666666667,1.0,,77.70745017202847,38.4457,14.9483,2005-05-11,2023-10-20
IV,ILOS,,LHZ,2008-04-24,False,60,0.62,1.0,,77.70745017202847,38.4457,14.9483,2005-05-11,2023-10-20
IV,ILOS,,LHZ,2008-04-25,False,60,0.6116666666666667,1.0,,77.70745017202847,38.4457,14.9483,2005-05-11,2023-10-20
IV,ILOS,,LHZ,2008-04-26,False,32,0.32,1.0,,77.70745017202847,38.4457,14.9483,2005-05-11,2023-10-20
IV,ILOS,,LHZ,2008-04-27,True,19,0.895,1.0,,77.70745017202847,38.4457,14.9483,2005-05-11,2023-10-20
IV,ILOS,,LHZ,2008-04-28,True,1,1.0,1.0,,77.70745017202847,38.4457,14.9483,2005-05-11,2023-10-20
IV,ILOS,,LHZ,2008-04-29,False,0,0.0,,No data available for request.,77.70745017202847,38.4457,14.9483,2005-05-11,2023-10-20
IV,ILOS,,LHZ,2008-04-30,False,0,0.0,,No data available for request.,77.70745017202847,38.4457,14.9483,2005-05-11,2023-10-20
IV,ILOS,,LHZ,2008-05-01,False,0,0.0,,No data available for request.,77.70745017202847,38.4457,14.9483,2005-05-11,2023-10-20
IV,ILOS,,LHZ,2008-05-02,False,0,0.0,,No data available for request.,77.70745017202847,38.4457,14.9483,2005-05-11,2023-10-20
IV,ILOS,,LHZ,2008-05-03,False,0,0.0,,No data available for request.,77.70745017202847,38.4457,14.9483,2005-05-11,2023-10-20
IV,ILOS,,LHZ,2008-05-04,False,0,0.0,,No data available for request.,77.70745017202847,38.4457,14.9483,2005-05-11,2023-10-20
IV,ILOS,,LHZ,2008-05-05,False,0,0.0,,No data available for request.,77.70745017202847,38.4457,14.9483,2005-05-11,2023-10-20
IV,ILOS,,LHZ,2008-05-06,True,1,1.0,1.0,,77.70745017202847,38.4457,14.9483,2005-05-11,2023-10-20
IV,ILOS,,LHZ,2008-05-07,True,1,1.0,1.0,,77.70745017202847,38.4457,14.9483,2005-05-11,2023-10-20
IV,ILOS,,LHZ,2008-05-08,True,1,1.0,1.0,,77.70745017202847,38.4457,14.9483,2005-05-11,2023-10-20
IV,ILOS,,LHZ,2008-05-09,True,1,1.0,1.0,,77.70745017202847,38.4457,14.9483,2005-05-11,2023-10-20
IV,ILOS,,LHZ,2008-05-10,True,1,1.0,1.0,,77.70745017202847,38.4457,14.9483,2005-05-11,2023-10-20
IV,ILOS,,LHZ,2008-05-11,True,1,1.0,1.0,,77.70745017202847,38.4457,14.9483,2005-05-11,2023-10-20
IV,ILOS,,LHZ,2008-05-12,True,1,1.0,1.0,,77.70745017202847,38.4457,14.9483,2005-05-11,2023-10-20
IV,ILOS,,LHZ,2008-05-13,True,1,1.0,1.0,,77.70745017202847,38.4457,14.9483,2005-05-11,2023-10-20
IV,ILOS,,VHZ,2008-04-12,True,1,1.0,0.1,,77.70745017202847,38.4457,14.9483,2005-05-11,2023-10-20
IV,ILOS,,VHZ,2008-04-13,True,1,1.0,0.1,,77.70745017202847,38.4457,14.9483,2005-05-11,2023-10-20
IV,ILOS,,VHZ,2008-04-14,True,1,1.0,0.1,,77.70745017202847,38.4457,14.9483,2005-05-11,2023-10-20
IV,ILOS,,VHZ,2008-04-15,True,1,1.0,0.1,,77.70745017202847,38.4457,14.9483,2005-05-11,2023-10-20
IV,ILOS,,VHZ,2008-04-16,True,1,1.0,0.1,,77.70745017202847,38.4457,14.9483,2005-05-11,2023-10-20
IV,ILOS,,VHZ,2008-04-17,True,1,1.0,0.1,,77.70745017202847,38.4457,14.9483,2005-05-11,2023-10-20
IV,ILOS,,VHZ,2008-04-18,True,1,0.9333333333333333,0.1,,77.70745017202847,38.4457,14.9483,2005-05-11,2023-10-20
IV,ILOS,,VHZ,2008-04-19,True,1,1.0,0.1,,77.70745017202847,38.4457,14.9483,2005-05-11,2023-10-20
IV,ILOS,,VHZ,2008-04-20,True,1,1.0,0.1,,77.70745017202847,38.4457,14.9483,2005-05-11,2023-10-20
IV,ILOS,,VHZ,2008-04-21,True,1,1.0,0.1,,77.70745017202847,38.4457,14.9483,2005-05-11,2023-10-20
IV,ILOS,,VHZ,2008-04-22,True,1,1.0,0.1,,77.70745017202847,38.4457,14.9483,2005-05-11,2023-10-20
IV,ILOS,,VHZ,2008-04-23,True,1,0.9,0.1,,77.70745017202847,38.4457,14.9483,2005-05-11,2023-10-20
IV,ILOS,,VHZ,2008-04-24,False,8,0.6,0.1,,77.70745017202847,38.4457,14.9483,2005-05-11,2023-10-20
IV,ILOS,,VHZ,2008-04-25,False,14,0.48333333333333334,0.1,,77.70745017202847,38.4457,14.9483,2005-05-11,2023-10-20
IV,ILOS,,VHZ,2008-04-26,False,9,0.11666666666666667,0.1,,77.70745017202847,38.4457,14.9483,2005-05-11,2023-10-20
IV,ILOS,,VHZ,2008-04-27,True,3,0.8333333333333334,0.1,,77.70745017202847,38.4457,14.9483,2005-05-11,2023-10-20
IV,ILOS,,VHZ,2008-04-28,True,1,1.0,0.1,,77.70745017202847,38.4457,14.9483,2005-05-11,2023-10-20
IV,ILOS,,VHZ,2008-04-29,False,0,0.0,,No data available for request.,77.70745017202847,38.4457,14.9483,2005-05-11,2023-10-20
IV,ILOS,,VHZ,2008-04-30,False,0,0.0,,No data available for request.,77.70745017202847,38.4457,14.9483,2005-05-11,2023-10-20
IV,ILOS,,VHZ,2008-05-01,False,0,0.0,,No data available for request.,77.70745017202847,38.4457,14.9483,2005-05-11,2023-10-20
IV,ILOS,,VHZ,2008-05-02,False,0,0.0,,No data available for request.,77.70745017202847,38.4457,14.9483,2005-05-11,2023-10-20
IV,ILOS,,VHZ,2008-05-03,False,0,0.0,,No data available for request.,77.70745017202847,38.4457,14.9483,2005-05-11,2023-10-20
IV,ILOS,,VHZ,2008-05-04,False,0,0.0,,No data available for request.,77.70745017202847,38.4457,14.9483,2005-05-11,2023-10-20
IV,ILOS,,VHZ,2008-05-05,False,0,0.0,,No data available for request.,77.70745017202847,38.4457,14.9483,2005-05-11,2023-10-20
IV,ILOS,,VHZ,2008-05-06,True,1,1.0,0.1,,77.70745017202847,38.4457,14.9483,2005-05-11,2023-10-20
IV,ILOS,,VHZ,2008-05-07,True,1,1.0,0.1,,77.70745017202847,38.4457,14.9483,2005-05-11,2023-10-20
IV,ILOS,,VHZ,2008-05-08,True,1,1.0,0.1,,77.70745017202847,38.4457,14.9483,2005-05-11,2023-10-20
IV,ILOS,,VHZ,2008-05-09,True,1,1.0,0.1,,77.70745017202847,38.4457,14.9483,2005-05-11,2023-10-20
IV,ILOS,,VHZ,2008-05-10,True,1,1.0,0.1,,77.70745017202847,38.4457,14.9483,2005-05-11,2023-10-20
IV,ILOS,,VHZ,2008-05-11,True,1,1.0,0.1,,77.70745017202847,38.4457,14.9483,2005-05-11,2023-10-20
IV,ILOS,,VHZ,2008-05-12,True,1,1.0,0.1,,77.70745017202847,38.4457,14.9483,2005-05-11,2023-10-20
IV,ILOS,,VHZ,2008-05-13,True,1,1.0,0.1,,77.70745017202847,38.4457,14.9483,2005-05-11,2023-10-20
