timestamp,hydro_2_5_scaled,ratio_4p5_8_over_8_16_scaled,event_rate_2_5_scaled,effect_tremor_5_15_scaled,API_scaled,pressure_drop_scaled,SO2_flux_scaled,GNSS_deformation_scaled
2019-10-01 00:00:00+00:00,-0.449537381176212,0.7028386261801655,-0.9209049737864606,-1.2018028809544696,0.5415025379890046,1.4248839282184442,2.0744456615046127,-1.0622255297489844
2019-10-01 01:00:00+00:00,0.5969246008883364,0.3478982255210832,-1.4220546864570422,-0.006200245322068669,0.6654350526726567,0.7612868021591174,2.0744456615046127,-1.0622255297489844
2019-10-01 02:00:00+00:00,0.7536640551630327,0.6999536433175819,-0.5653335939891461,-0.04343595397838871,0.6086741095684732,1.6285694945418097,1.3326116820071796,-1.0622255297489844
2019-10-01 03:00:00+00:00,0.7246321612017831,0.11133467580228683,-1.4220546864570422,0.15140063036906892,0.6127423017005661,1.424883928218681,0.871962197467135,-1.0622255297489844
2019-10-01 04:00:00+00:00,0.6973646144089621,0.37091209437778805,-1.4220546864570422,0.04502931177436869,0.5582109088528961,0.990531203678698,0.9650246230954239,-1.0622255297489844
2019-10-01 05:00:00+00:00,1.0121595016222171,0.26639285680995367,-2.2787757789249383,0.12925599419725983,0.5060040832202539,-0.19956113401133818,1.0535223220250767,-1.0622255297489844
2019-10-01 06:00:00+00:00,0.6455649815535869,0.23870512779458822,-0.9209049737864606,0.06092509992189118,0.4560392600546336,-0.19956113401161304,1.1378822354011886,-1.0622255297489844
2019-10-01 07:00:00+00:00,0.3827978466258651,0.14273813750622394,-0.2895310048411366,0.047836933924772125,0.4082354030448623,-0.6753337719051404,1.2184740728400798,-1.0622255297489844
2019-10-01 08:00:00+00:00,0.5859574201977771,0.0010732512061267067,-2.2787757789249383,0.1498878595408373,0.3625131012581687,-0.19956113401133818,1.2956201055881553,-1.0622255297489844
2019-10-01 09:00:00+00:00,0.5742449956064136,0.285841834617547,-2.2787757789249383,0.10099210947584816,0.3187946530722594,-0.4397227074485675,1.3696029506396032,-1.0622255297489844
2019-10-01 10:00:00+00:00,0.7588329520780148,0.7267902077339474,-2.2787757789249383,0.018886039732706972,0.27700413769802373,0.7612868021588529,1.4406718209611111,-1.0622255297489844
2019-10-01 11:00:00+00:00,0.8085642384866455,0.7230305950645118,-0.5653335939891461,0.05783259417183848,0.23706747493261426,0.04297651512698839,1.5090475908245102,-1.0622255297489844
2019-10-01 12:00:00+00:00,0.6116778181929234,0.8517246884388417,-0.5653335939891461,-0.03490510998550767,0.19891247381136606,-0.439722707448297,1.5749269359817306,-1.0622255297489844
2019-10-01 13:00:00+00:00,0.707647837921706,0.4406228816611232,-1.4220546864570422,0.07238744309677607,0.16246887084580497,-0.19956113401161304,1.6384857443268046,-1.0622255297489844
2019-10-01 14:00:00+00:00,0.6719047060226099,0.3331269687091411,-1.4220546864570422,0.1540828923605071,0.12766835854480055,0.04297651512698839,1.6998819460595809,-1.0622255297489844
2019-10-01 15:00:00+00:00,0.7919938347909258,0.6614746032820166,-2.2787757789249383,0.1038235229912908,0.09444460491778395,0.04297651512698839,1.7592578780201917,-1.0622255297489844
2019-10-01 16:00:00+00:00,0.774017429877014,0.06284952168890631,-2.2787757789249383,0.2839351253465447,0.06273326465385247,-0.675333771904876,1.8167422712770191,-1.0622255297489844
2019-10-01 17:00:00+00:00,0.5571502407248247,-0.31889471926153456,-1.4220546864570422,0.3024931531243766,0.03247198265942392,-1.3389308979647043,1.872451931788278,-1.0622255297489844
2019-10-01 18:00:00+00:00,0.5764836798989306,0.15232317994684932,-1.4220546864570422,0.1765021741092558,0.003600390620885984,-1.5426164642880593,1.9264931693126677,-1.0622255297489844
2019-10-01 19:00:00+00:00,0.5909087672478025,0.060838219639220786,-0.06418388131856471,0.19520850972607245,-0.02393990276183859,-0.9045781734247211,1.978963018508465,-1.0622255297489844
2019-10-01 20:00:00+00:00,0.696587095560716,-0.35186136121531564,-1.4220546864570422,0.5346745989187649,-0.05020532724885292,-1.3389308979647043,2.029950287465656,-1.0622255297489844
2019-10-01 21:00:00+00:00,0.6626925706723937,-0.5831226654501507,-0.2895310048411366,0.6452051755703493,-0.07525037164571775,-0.9045781734247211,2.079536462133279,-1.0622255297489844
2019-10-01 22:00:00+00:00,0.7201916579431433,-0.829543171147606,-2.2787757789249383,0.742874491106598,-0.09912760893426564,1.424883928218681,2.1277964897736035,-1.0622255297489844
2019-10-01 23:00:00+00:00,-0.2530700003418073,-1.3135269382622965,-0.06418388131856471,0.04568345822027731,-0.12188772541257928,1.2120360795013752,1.4794056695202218,-1.0622255297489844
2019-10-02 01:00:00+00:00,0.5601611549629235,-0.45778611550283854,0.7925372111493315,0.5569337884878582,-0.1642501066075038,1.4248839282184442,1.2003197340299347,-1.3290885687373508
2019-10-02 02:00:00+00:00,0.6749468732885668,-0.7393910986875643,0.29138749847874984,0.7928667453695092,-0.18394461901083498,1.8229261914205017,1.2187923551226771,-1.3290885687373508
2019-10-02 03:00:00+00:00,0.8317033555160496,-1.395384267531421,-0.06418388131856471,1.210017366709887,-0.17004697324803783,2.9455431055452643,1.1565745440727235,-1.3290885687373508
2019-10-02 04:00:00+00:00,0.9007797825476734,-2.028949295929895,0.12634439684537754,1.796814589889311,-0.15687007065459424,2.0080438268331013,1.0921348051055912,-1.3290885687373508
2019-10-02 05:00:00+00:00,1.2073685986726332,-2.803855451467874,0.5671900876267599,2.5933291080478713,-0.07975547553175454,0.28551416426558984,1.0253085426667343,-1.3290885687373508
2019-10-02 06:00:00+00:00,1.5871788632222128,-3.2135559410853416,0.43696583135201694,3.4353317698446846,-0.10342221872654155,0.5256757377022737,0.9559121660720323,-1.3290885687373508
2019-10-02 07:00:00+00:00,1.5153411877604057,-3.030405358334522,0.7925372111493315,3.0126598890027525,-0.12598101650007082,-1.542616464287833,0.8837400493270837,-1.3290885687373508
2019-10-02 08:00:00+00:00,1.221604998736628,-2.4825519709360364,-0.06418388131856471,2.1510616700300833,-0.14748036184194943,-1.9220907965791245,0.8085608572755878,-1.3290885687373508
2019-10-02 09:00:00+00:00,1.0283491103046334,-1.874230499756194,0.8914689790124918,1.4634653941982692,-0.1679669362753597,-0.9045781734249775,0.7301130726636703,-1.3290885687373508
2019-10-02 10:00:00+00:00,0.8952480373446493,-1.3118450175052618,0.43696583135201694,0.9840926172035793,-0.18748564855441738,-1.542616464287833,0.6480995060306572,-1.3290885687373508
2019-10-02 11:00:00+00:00,0.7414973935589669,-1.0675765370464754,0.43696583135201694,0.7538893153580446,-0.20607967546821365,-1.9220907965791245,0.5621804975715919,-1.3290885687373508
2019-10-02 12:00:00+00:00,0.7220892084735073,-0.9478303250918846,-0.06418388131856471,0.6814213005270872,-0.2237905043781175,-1.1260830492473983,0.47196541821049326,-1.3290885687373508
2019-10-02 13:00:00+00:00,0.6581105649405773,-0.4606892685140251,0.43696583135201694,0.5461540090983381,-0.24065797714489887,-1.92209079657933,0.3770019322518225,-1.3290885687373508
2019-10-02 14:00:00+00:00,0.7149792366798206,-0.4500903772627206,0.12634439684537754,0.5907534970087216,-0.25672033513126075,-2.09823899129689,0.27676227462223146,-1.3290885687373508
2019-10-02 15:00:00+00:00,0.6428452100314073,-0.19049474167730157,0.12634439684537754,0.4493879062699721,-0.27201426499322107,-0.439722707448297,0.17062548767316554,-1.3290885687373508
2019-10-02 16:00:00+00:00,0.6498746074268144,0.39649374083214356,0.29138749847874984,0.26469317570094686,-0.28657494500034836,-1.1260830492473983,0.05785410015877074,-1.3290885687373508
2019-10-02 17:00:00+00:00,0.6208327991653247,0.22140510925512705,0.43696583135201694,0.32412129594287103,-0.3004360916501352,-1.3389308979647043,-0.06243697847826241,-1.3290885687373508
2019-10-02 18:00:00+00:00,0.6909316252191344,0.37582904833874153,0.43696583135201694,0.28042185410866827,-0.3136300063656127,-1.7369731611663093,-0.19132269129151172,-1.3290885687373508
2019-10-02 19:00:00+00:00,0.689856639483621,0.48076724249142255,-0.5653335939891461,0.27724480698627924,-0.32618762208775937,-1.7369731611665251,-0.3301263418733295,-1.3290885687373508
2019-10-02 20:00:00+00:00,0.726117866570599,0.4848258123351083,-0.06418388131856471,0.21537833997182337,-0.3381385495952508,-0.9045781734247211,-0.4805025363832547,-1.3290885687373508
2019-10-02 21:00:00+00:00,0.6406925484436504,0.5051788402287082,0.7925372111493315,0.17560895560785864,-0.3495111234036826,-1.5426164642880593,-0.64455792953064,-1.3290885687373508
2019-10-02 22:00:00+00:00,0.5524203484599132,0.6744414750317538,-0.9209049737864606,0.23217178907825242,-0.3603324471145855,-0.19956113401133818,-0.8250325439344321,-1.3290885687373508
2019-10-02 23:00:00+00:00,-0.3541752399754361,0.6779269667783551,-0.5653335939891461,-0.7373006191023957,-0.37062843810137314,0.5256757377022737,-1.0255822355093531,-1.3290885687373508
2019-10-03 01:00:00+00:00,0.56031702511747,0.5144314337081514,-0.06418388131856471,0.21994440198023016,-0.3897424229654141,0.5256757377025444,0.003144417244699049,-0.4341210599349021
2019-10-03 02:00:00+00:00,0.5447304421242914,0.4771161629567559,0.29138749847874984,0.20740171090004772,-0.39860671149117144,1.6285694945418097,1.2197669413499341,-0.4341210599349021
2019-10-03 03:00:00+00:00,0.5810073729182097,0.6894017129312927,0.5671900876267599,0.1957133506969478,-0.40703833995496813,2.184192021550867,0.3118855946227025,-0.4341210599349021
2019-10-03 04:00:00+00:00,0.6244602294522962,0.6843085667842823,0.43696583135201694,0.271048660477055,-0.41505793562176985,0.5256757377025444,0.3057912707745595,-0.4341210599349021
2019-10-03 05:00:00+00:00,0.6292454947055742,0.7149267032239633,-0.2895310048411366,0.30269031498007,-0.42268518919948794,-0.19956113401161304,0.29967629609621643,-0.4341210599349021
2019-10-03 06:00:00+00:00,0.6781823615174652,0.5909065178508112,0.29138749847874984,0.3076213233293259,-0.4299388928742048,0.04297651512698839,0.2935405301595679,-0.4341210599349021
2019-10-03 07:00:00+00:00,0.6892902683494243,0.21912711922818306,-0.06418388131856471,0.4271429136487989,-0.4368369772389564,-0.19956113401161304,0.28738383109922755,-0.4341210599349021
2019-10-03 08:00:00+00:00,0.5972547910077021,0.4335590304990229,0.5671900876267599,0.3436320874869968,-0.44339654710226195,-1.542616464287833,0.28120605559284784,-0.4341210599349021
2019-10-03 09:00:00+00:00,0.7650410545032527,0.5196822071128726,0.5671900876267599,0.3536564913195729,-0.4496339161688976,0.28551416426531495,0.2750070588411018,-0.4341210599349021
2019-10-03 10:00:00+00:00,1.2090086210655993,0.6144025804262601,-1.4220546864570422,0.352669212783852,-0.38798024700677564,-0.675333771904876,0.2687866945473168,-0.4341210599349021
2019-10-03 11:00:00+00:00,0.21800568921392222,1.0824819665980216,-0.06418388131856471,-0.4913823477005842,-0.32991484445858765,0.04297651512698839,0.26254481489675935,-0.4341210599349021
2019-10-03 12:00:00+00:00,0.3219856032944215,1.0610120465838622,-0.2895310048411366,-0.14216209791403683,-0.2752013806695219,-0.4397227074485675,0.2562812705355589,-0.4341210599349021
2019-10-03 13:00:00+00:00,0.5299554285253494,1.0993570488878404,0.7925372111493315,0.007751437176567481,-0.2565367692531186,0.5256757377025444,0.24999591054926396,-0.4341210599349021
2019-10-03 14:00:00+00:00,0.49819175072259736,1.0909076682625929,0.12634439684537754,0.008088267354037882,-0.2718394905814261,0.04297651512698839,0.24368858244102495,-0.4341210599349021
2019-10-03 15:00:00+00:00,0.42728405591357527,0.7495056309982226,0.12634439684537754,-0.11047971709541281,-0.2864085586839982,-0.4397227074485675,0.2373591321093954,-0.4341210599349021
2019-10-03 16:00:00+00:00,0.638611412267264,0.6164928870479157,0.6849922567119894,-0.020241248038453594,-0.30027770690472316,-0.19956113401133818,0.23100740382573734,-0.4341210599349021
2019-10-03 17:00:00+00:00,0.5606871659513066,0.5783558190083797,0.29138749847874984,-0.10831955497775607,-0.3134792529664853,-0.6753337719051404,0.22463324021123451,-0.4341210599349021
2019-10-03 18:00:00+00:00,0.4788723908096287,0.678657657916345,0.29138749847874984,-0.07764006862529951,-0.3260441455658126,-1.542616464287833,0.2182364822134934,-0.4341210599349021
2019-10-03 19:00:00+00:00,0.43220551776833416,0.6740495438985703,-0.2895310048411366,-0.08512047768012992,-0.3380020106967113,-2.09823899129689,0.21181696908272973,-0.4341210599349021
2019-10-03 20:00:00+00:00,0.6412533605160532,0.6979698479856292,0.29138749847874984,0.06312486848405356,-0.34938119755559954,-1.5426164642880593,0.20537453834752906,-0.4341210599349021
2019-10-03 21:00:00+00:00,0.5716082156312434,0.8825052558496949,-0.2895310048411366,0.16122282879926392,-0.36020882389744546,-0.9045781734247211,0.19890902579017514,-0.4341210599349021
2019-10-03 22:00:00+00:00,0.5308211834038308,0.8372487292644716,-0.2895310048411366,0.18369028487572137,-0.3705108207300744,-0.19956113401161304,0.19242026542153262,-0.4341210599349021
2019-10-03 23:00:00+00:00,-0.26437888904913087,0.7997639214366414,-0.2895310048411366,-0.6866805394265697,-0.3803119762491242,0.04297651512698839,0.18590808945547807,-0.4341210599349021
2019-10-04 01:00:00+00:00,0.5695282995898248,0.7700090440860197,-0.9209049737864606,0.17100365835061856,-0.3985054597092886,0.28551416426558984,0.17281281044502053,-0.24536427626020363
2019-10-04 02:00:00+00:00,0.6763074886276135,0.7524153106479661,0.12634439684537754,0.27764808257396695,-0.40694203318932115,0.04297651512698839,0.16622936260675444,-0.24536427626020363
2019-10-04 03:00:00+00:00,0.7077605073514943,0.7223827633010146,0.43696583135201694,0.2728777861988134,-0.41496633783169484,1.8229261914205017,0.15962180952887764,-0.24536427626020363
2019-10-04 04:00:00+00:00,0.6666999870362538,0.7064128265171028,-0.06418388131856471,0.2856071922137647,-0.4225980750887188,0.990531203678698,0.1529899740402098,-0.24536427626020363
2019-10-04 05:00:00+00:00,0.7147725721879693,0.6861038389608558,0.43696583135201694,0.28670681171363294,-0.42985604745186995,-0.4397227074485675,0.14633367700907987,-0.24536427626020363
2019-10-04 06:00:00+00:00,0.720366908334668,0.7237595268962453,0.43696583135201694,0.3114280893395504,-0.4367581953936209,-0.439722707448297,0.13965273731428904,-0.24536427626020363
2019-10-04 07:00:00+00:00,0.751517856099347,0.8218590507622949,-0.06418388131856471,0.4856894520527817,-0.4433216331891452,-0.19956113401161304,0.1329469718155412,-0.24536427626020363
2019-10-04 08:00:00+00:00,0.7835400034971849,0.9277112754558059,0.29138749847874984,0.4837934961850298,-0.4495626836103146,-0.4397227074485675,0.1262161953233204,-0.24536427626020363
2019-10-04 09:00:00+00:00,0.9008657006047304,0.7969562136196922,0.29138749847874984,0.5760277915883157,-0.4554969114900317,-0.439722707448297,0.11946022056820155,-0.24536427626020363
2019-10-04 10:00:00+00:00,1.2197709333076194,1.010904410314544,-0.06418388131856471,0.32426494229479186,-0.46113915615985424,0.28551416426531495,0.11267885816958965,-0.24536427626020363
2019-10-04 11:00:00+00:00,0.5748764789845708,1.4020477411598176,1.2230398518529833,-0.15833160881106764,-0.4665035627682095,-0.19956113401133818,0.10587191660386447,-0.24536427626020363
2019-10-04 12:00:00+00:00,0.4033141306206388,0.9724044103440341,0.12634439684537754,-0.06098825796967446,-0.47160361249027677,0.7612868021588529,0.09903920217192261,-0.24536427626020363
2019-10-04 13:00:00+00:00,1.3605642270490217,0.8835803688763543,0.7925372111493315,0.6369781320133904,-0.4764521516438726,0.28551416426558984,0.09218051896610956,-0.24536427626020363
2019-10-04 14:00:00+00:00,1.4891633184181097,1.192680074797856,0.6849922567119894,0.602443836762681,-0.4810614197284951,1.2120360795013752,0.08529566883650995,-0.24536427626020363
2019-10-04 15:00:00+00:00,0.9827471733264245,0.48492443910242944,-0.9209049737864606,0.4146823946122088,-0.4854430764070526,0.7612868021588529,0.07838445135660217,-0.24536427626020363
2019-10-04 16:00:00+00:00,0.789253231229748,0.6356708788617845,-0.06418388131856471,0.3068104056281709,-0.489608227451824,-0.19956113401161304,0.07144666378824725,-0.24536427626020363
2019-10-04 17:00:00+00:00,0.9241181290328848,0.7454671697107572,0.43696583135201694,0.3372847737334305,-0.4935674496778638,0.28551416426558984,0.06448210104600333,-0.24536427626020363
2019-10-04 18:00:00+00:00,1.0185583817941934,0.7813301479409035,-0.5653335939891461,0.42216287290577525,-0.49733081488840114,-1.1260830492473983,0.057490555660748656,-0.24536427626020363
2019-10-04 19:00:00+00:00,1.1170391887444984,0.7399342171841817,-1.4220546864570422,0.516175353634466,-0.5009079128578903,-0.675333771904876,0.05047181774260004,-0.24536427626020363
2019-10-04 20:00:00+00:00,1.1139213260400636,0.7300652744712246,-0.9209049737864606,0.5045711578712107,-0.5043078733791806,0.28551416426558984,0.04342567494310165,-0.24536427626020363
2019-10-04 21:00:00+00:00,1.0989653156527115,0.6610186951234523,-0.9209049737864606,0.5795225017753686,-0.5075393874018942,0.04297651512698839,0.0761676713423569,-0.24536427626020363
2019-10-04 22:00:00+00:00,1.1954918097773626,0.789506580819917,-1.4220546864570422,0.7497496207540557,-0.5106107272895164,0.28551416426531495,-0.20192942829995428,-0.24536427626020363
2019-10-04 23:00:00+00:00,0.259399327554169,0.6692148370346872,-1.4220546864570422,-0.34391359954919365,-0.5135297662229505,0.7612868021591174,-0.46127134256711744,-0.24536427626020363
2019-10-05 01:00:00+00:00,1.1535273026792963,0.7040800949666999,-0.9209049737864606,0.6772843997696599,-0.5189405487071651,0.5256757377025444,1.1284165943803544,0.0410253265565795
2019-10-05 02:00:00+00:00,1.0793942213028678,0.5453031888966801,-2.2787757789249383,0.4565269324188644,-0.521446205945643,1.822926191420286,0.27086096635534396,0.0410253265565795
2019-10-05 03:00:00+00:00,0.6629219440257006,0.17119755692503694,-0.06418388131856471,-0.04305403016239659,-0.5238274228818233,1.2120360795013752,-0.26488025602355003,0.0410253265565795
2019-10-05 04:00:00+00:00,0.5503407966025181,0.2171783257612323,0.43696583135201694,-0.14190956913272132,-0.5260903399063993,0.28551416426558984,-0.2568275662809579,0.0410253265565795
2019-10-05 05:00:00+00:00,0.6199886660471078,0.24118500320517927,0.43696583135201694,-0.13622810615987885,-0.5282407982744687,-0.19956113401161304,-0.24881065040803493,0.0410253265565795
2019-10-05 06:00:00+00:00,0.7624219041222347,0.518490691538119,-0.06418388131856471,-0.09416055462116382,-0.5302843543041622,-1.5426164642880593,-0.2408291919610415,0.0410253265565795
2019-10-05 07:00:00+00:00,0.6046658117634897,0.3062008017948564,-0.2895310048411366,-0.140132826153381,-0.5322262929377723,-0.9045781734247211,-0.23288287867649024,0.0410253265565795
2019-10-05 08:00:00+00:00,0.6049085481732307,0.26895163292211566,0.29138749847874984,-0.0609422224688996,-0.5340716406904088,-1.3389308979647043,-0.22497140239783908,0.0410253265565795
2019-10-05 09:00:00+00:00,0.9466806652835638,0.2167559518866287,-0.06418388131856471,0.23950916434124997,-0.5358251780105868,-0.675333771904876,-0.21709445900378704,0.0410253265565795
2019-10-05 10:00:00+00:00,0.8660724804407822,1.0320850560605979,0.9830654893132735,-0.063912847732951,-0.5374914510765132,1.2120360795013752,-0.20925174833812407,0.0410253265565795
2019-10-05 11:00:00+00:00,0.2225117290484102,1.1484190548870792,1.068339800297341,-0.4787702500358072,-0.5390747830511936,-0.19956113401161304,-0.201442974141103,0.0410253265565795
2019-10-05 12:00:00+00:00,1.5722477810523103,1.6806782274148677,1.148108590946646,0.9277592854090431,-0.5405792848187734,-1.3389308979647043,-0.19366784398228476,0.0410253265565795
2019-10-05 13:00:00+00:00,0.47037980269458485,1.2233328766255716,1.4842152019838553,-0.0036706956006815634,-0.5420088652238765,1.2120360795013752,-0.1859260691948312,0.0410253265565795
2019-10-05 14:00:00+00:00,0.3733547990480222,0.48206986602795127,-0.5653335939891461,0.20176727722462995,-0.5433672408349866,0.7612868021591174,-0.17821736481119307,0.0410253265565795
2019-10-05 15:00:00+00:00,0.20842480521927106,0.5147255139961592,-0.5653335939891461,0.17795533027141397,-0.5103441937268619,-0.4397227074485675,-0.17054144950017205,0.0410253265565795
2019-10-05 16:00:00+00:00,0.2194323817070979,0.4794340303990019,-0.2895310048411366,0.11363755878103532,-0.11412201581000826,0.5256757377025444,-0.1628980455053126,0.0410253265565795
2019-10-05 17:00:00+00:00,0.23339034624554075,0.43404933209886076,-1.4220546864570422,-0.07592487741782647,0.8585556703509518,-0.19956113401161304,-0.15528687858459464,0.0410253265565795
2019-10-05 18:00:00+00:00,0.18074290216447017,0.6248370945385312,-0.5653335939891461,-0.0922298438203471,1.9159266863240727,-0.9045781734247211,-0.14770767795139142,0.0410253265565795
2019-10-05 19:00:00+00:00,0.25316247485540705,0.5849079836751434,-0.06418388131856471,-0.304000184087154,2.3288769888712824,-1.3389308979647043,-0.14016017621666285,0.0410253265565795
2019-10-05 20:00:00+00:00,0.23862626505980505,0.6624502266158618,0.43696583135201694,-0.36799987445080024,2.232559515647951,-1.1260830492473983,-0.13264410933235155,0.0410253265565795
2019-10-05 21:00:00+00:00,0.33885746558622215,0.1627382185657005,0.12634439684537754,-0.10975093139736991,2.1164388439493313,-1.1260830492473983,-0.12515921653595413,0.0410253265565795
2019-10-05 22:00:00+00:00,0.19938089185652827,0.5121477797319822,-0.2895310048411366,-0.4124622976686453,2.004285330562904,-1.9220907965791245,-0.11770524029623769,0.0410253265565795
2019-10-05 23:00:00+00:00,-0.9771334196904771,0.7547189719256746,0.43696583135201694,-1.557996218680663,1.8960250888514953,-1.1260830492473983,-0.11028192626006977,0.0410253265565795
2019-10-06 01:00:00+00:00,-0.1965013880933799,0.8893745749268891,0.12634439684537754,-0.6010906654047088,1.814189387253473,-0.6753337719051404,-0.09552628296494602,-0.6033512797811831
2019-10-06 02:00:00+00:00,-0.7036194268933553,0.9971328132078917,0.5671900876267599,-0.9220989398375384,1.8355987142673453,0.04297651512698839,-0.0881934604268097,-0.6033512797811831
2019-10-06 03:00:00+00:00,-0.9051496179276856,0.9799036061485361,0.6849922567119894,-1.0342365940115206,1.7579982140706085,0.5256757377025444,-0.0808903134349104,-0.6033512797811831
2019-10-06 04:00:00+00:00,-0.9176031969012429,1.0658814514454036,1.3605133211168834,-1.1461710063951394,1.6585046857697505,-0.4397227074485675,-0.07361660276630345,-0.6033512797811831
2019-10-06 05:00:00+00:00,-0.756019039891131,0.8930481562288768,1.148108590946646,-0.9496600205644073,1.58794367002201,-1.542616464287833,-0.06637209207910078,-0.6033512797811831
2019-10-06 06:00:00+00:00,-0.6978248910468761,0.8728550013379012,-0.2895310048411366,-0.8592985526358531,1.545696305668002,-1.5426164642880593,-0.05915654786639229,-0.6033512797811831
2019-10-06 07:00:00+00:00,-0.6949891491024389,0.8185202549658208,-0.06418388131856471,-0.9316506209339078,1.4797106322058247,-1.5426164642880593,-0.05196973941108465,-0.6033512797811831
2019-10-06 08:00:00+00:00,-0.7524319612354299,0.8349818564487685,0.6849922567119894,-1.041233585026533,1.3904924080658785,-1.542616464287833,-0.04481143874163713,-0.6033512797811831
2019-10-06 09:00:00+00:00,-1.1464265942548686,1.1013886171391996,0.7925372111493315,-1.3425929813908544,1.3046537191131848,-0.9045781734247211,-0.03768142058866777,-0.6033512797811831
2019-10-06 10:00:00+00:00,-1.0591031654602816,0.9210062663173636,1.2936869238199127,-1.2768171285877665,1.2221064411500537,-0.4397227074485675,-0.030579462342419515,-0.6033512797811831
2019-10-06 11:00:00+00:00,-0.489714928213713,0.7061708220728748,0.43696583135201694,-0.4143697802990195,1.1427616932220186,-0.4397227074485675,-0.02350534401105419,-0.6033512797811831
2019-10-06 12:00:00+00:00,-0.628606604225863,0.8447744344404199,0.12634439684537754,-1.0566480516323737,1.06653010525022,-0.439722707448297,-0.016458848179765468,-0.6033512797811831
2019-10-06 13:00:00+00:00,-0.779809210226404,0.8492456962527077,0.6849922567119894,-1.124789856810291,0.993322073316581,0.7612868021588529,-0.009439759970682068,-0.6033512797811831
2019-10-06 14:00:00+00:00,-0.942156080796523,0.9823095444383003,0.6849922567119894,-1.1936611423656187,0.923048001703315,0.7612868021591174,-0.0024478670035547297,-0.6033512797811831
2019-10-06 15:00:00+00:00,-0.8703849196900703,0.9807706553304375,0.9830654893132735,-1.1248855393080868,0.855618530979113,0.04297651512698839,0.004517040642807922,-0.6033512797811831
2019-10-06 16:00:00+00:00,-0.692785965168367,1.0169146124606419,0.43696583135201694,-1.026779225373474,0.7909447516070843,-0.6753337719051404,0.011455170468351372,-0.6033512797811831
2019-10-06 17:00:00+00:00,-0.741153861650602,1.0914100420914712,0.29138749847874984,-1.02624878504906,0.7289384027220848,-0.9045781734247211,0.01836672758887156,-0.6033512797811831
2019-10-06 18:00:00+00:00,-0.8613488074283804,1.0082164316707392,0.8914689790124918,-1.1001003487039331,0.6695120558859124,-1.3389308979647043,0.02525191477239877,-0.6033512797811831
2019-10-06 19:00:00+00:00,-0.6722224424256146,0.7507850005825276,0.12634439684537754,-0.9435706121870178,0.6125792837767339,-0.9045781734247211,0.03211093247489433,-0.6033512797811831
2019-10-06 20:00:00+00:00,-0.7351827613773843,0.6026410303187155,-0.2895310048411366,-0.9278112588534912,0.5580548139032796,-0.4397227074485675,0.03894397887526446,-0.6033512797811831
2019-10-06 21:00:00+00:00,-0.6642669594180476,0.3751470372754145,0.6849922567119894,-0.7919286460935913,0.5058546675542706,-0.19956113401133818,0.04575124990972148,-0.6033512797811831
2019-10-06 22:00:00+00:00,-0.5372941369022183,0.6150887983823696,-0.5653335939891461,-0.8642689791182055,0.45589628429911017,0.04297651512698839,0.05253293930549495,-0.6033512797811831
2019-10-06 23:00:00+00:00,-1.3396067702216392,0.673138721737658,0.7925372111493315,-1.7832165286614998,0.4080986324471856,0.7612868021588529,0.059289238613913775,-0.6033512797811831
2019-10-07 01:00:00+00:00,-0.34061028565349233,0.6635652430011605,-0.5653335939891461,-0.7117477216042126,0.31866960829877244,0.28551416426558984,0.07272642248867293,-0.7140018081422131
2019-10-07 02:00:00+00:00,-0.21202673412581344,0.5872983093802183,-0.5653335939891461,-0.6361345922444293,0.27688462400630254,1.628569494542036,0.07940767956733569,-0.7140018081422131
2019-10-07 03:00:00+00:00,2.052302954096648,0.8704264742831952,0.43696583135201694,1.518716072770379,0.23695327833203988,0.990531203678698,0.08606429164525582,-0.7140018081422131
2019-10-07 04:00:00+00:00,-0.21856540032504324,0.5549731447332841,-0.2895310048411366,-0.6563768034905723,0.19880338589979776,0.5256757377022737,0.09269643986934975,-0.7140018081422131
2019-10-07 05:00:00+00:00,-0.2752921939273665,0.6298962132602551,-0.9209049737864606,-0.7986883377319326,0.1623646889068592,-0.439722707448297,0.09930430339663343,-0.7140018081422131
2019-10-07 06:00:00+00:00,-0.24496932763965262,0.5905377422850593,-0.5653335939891461,-0.8066634527617467,0.12756888561772328,-0.6753337719051404,0.10588805942326023,-0.7140018081422131
2019-10-07 07:00:00+00:00,-0.17917972042662922,0.49798978839026037,-0.2895310048411366,-0.7326834421734566,0.09434964984196907,-0.19956113401133818,0.11244788321303131,-0.7140018081422131
2019-10-07 08:00:00+00:00,-0.1111935310595751,0.5874680730643502,-1.4220546864570422,-0.550875602622375,0.06264264209000227,-0.4397227074485675,0.11898394812539333,-0.7140018081422131
2019-10-07 09:00:00+00:00,-0.15367293209955138,0.5568851454913488,-0.5653335939891461,-0.5469213138441817,0.03238551308934951,0.04297651512698839,0.12549642564292451,-0.7140018081422131
2019-10-07 10:00:00+00:00,-0.2860581065203556,0.5915516194656962,-1.4220546864570422,-0.7214193456190424,0.003517900327855173,-0.19956113401161304,0.13198548539833388,-0.7140018081422131
2019-10-07 11:00:00+00:00,-0.2408536101497366,0.5843413518838705,-1.4220546864570422,-0.6531835407448002,-0.024018581730346884,0.04297651512698839,0.13845129520097202,-0.7140018081422131
2019-10-07 12:00:00+00:00,-0.1253768263778482,0.5911337942219653,-2.2787757789249383,-0.580288691610915,-0.05028035713420552,-0.9045781734247211,0.1448940210628681,-0.7140018081422131
2019-10-07 13:00:00+00:00,-0.11552266493739914,0.5971609483074635,-0.9209049737864606,-0.5779939513191692,-0.0753219090452887,0.7612868021588529,0.15131382722430928,-0.7140018081422131
2019-10-07 14:00:00+00:00,-0.13408850414230283,0.6005290187599595,-0.5653335939891461,-0.5127354759785396,-0.09919580488110404,1.424883928218681,0.15771087617895896,-0.7140018081422131
2019-10-07 15:00:00+00:00,-0.11141853105605765,0.5465575254581998,0.12634439684537754,-0.5514788261675316,-0.12195272546604348,0.5256757377025444,0.16408532869853798,-0.7140018081422131
2019-10-07 16:00:00+00:00,-0.13250069775951062,0.5076223861846174,-0.5653335939891461,-0.6145765409801495,-0.1436414976850329,0.7612868021588529,0.17043734385706788,-0.7140018081422131
2019-10-07 17:00:00+00:00,-0.17524781861852323,0.5110982988546461,0.29138749847874984,-0.6186838903604294,-0.16430913016662776,-0.439722707448297,0.1767670790546907,-0.7140018081422131
2019-10-07 18:00:00+00:00,-0.19414110362988582,0.5654652314084431,-0.06418388131856471,-0.6427952375731365,-0.15142939579594816,-0.4397227074485675,0.18307469004107094,-0.7140018081422131
2019-10-07 19:00:00+00:00,-0.16337965862935305,0.5583878228027408,-0.9209049737864606,-0.5611345761818253,-0.17172961596378325,-0.4397227074485675,0.18936033093839155,-0.7140018081422131
2019-10-07 20:00:00+00:00,-0.03346456282558232,0.5019148685798615,-1.4220546864570422,-0.39246690713847954,-0.19107026762544904,-0.675333771904876,0.19562415426394916,-0.7140018081422131
2019-10-07 21:00:00+00:00,-0.12097387363903384,0.48144623959359034,-0.2895310048411366,-0.43041003686036144,-0.17680254619003455,-0.675333771904876,0.20186631095235946,-0.7140018081422131
2019-10-07 22:00:00+00:00,-0.37972259893563987,0.5383258858894076,0.12634439684537754,-0.6790820289206931,-0.1959029860996707,0.5256757377022737,0.20808695037738242,-0.7140018081422131
2019-10-07 23:00:00+00:00,-1.123651226515599,0.5997217270105115,0.43696583135201694,-1.6352237587216973,-0.21409747840033247,0.5256757377025444,-0.2671304306697714,-0.7140018081422131
2019-10-08 01:00:00+00:00,-0.17453140103919765,0.5155219332077398,-0.2895310048411366,-0.4490283818546126,-0.24792998206029854,-0.19956113401161304,-0.7492984687384677,-0.6879663897043237
2019-10-08 02:00:00+00:00,-0.18137616632199288,0.5227514962294918,0.29138749847874984,-0.43128144317589673,-0.26364465596592046,1.424883928218681,-0.2477247692105455,-0.6879663897043237
2019-10-08 03:00:00+00:00,-0.2116605982064707,0.569835520081667,-0.06418388131856471,-0.4255186098971319,-0.2786067988020981,0.990531203678698,-0.49156504624997865,-0.6879663897043237
2019-10-08 04:00:00+00:00,-0.07945807759387077,0.5718947598494779,-1.4220546864570422,-0.3122943019550874,-0.2928509301241453,0.04297651512698839,-0.5173111987861458,-0.6879663897043237
2019-10-08 05:00:00+00:00,-0.018456782202589145,0.676921851613655,0.43696583135201694,-0.2016518668873077,-0.30641012857562844,-0.675333771904876,-0.5434299916231798,-0.6879663897043237
2019-10-08 06:00:00+00:00,0.016535185620663775,0.5926759281768759,-0.2895310048411366,-0.15869644163419155,-0.3193160785609939,-0.9045781734249775,-0.5699323702926488,-0.6879663897043237
2019-10-08 07:00:00+00:00,-0.03536686954314788,0.6041700500185142,0.12634439684537754,-0.2431000511180169,-0.3315991167356786,-0.675333771904876,-0.5968297697765796,-0.6879663897043237
2019-10-08 08:00:00+00:00,-0.006851989681980607,0.678737003091729,0.7925372111493315,-0.21726898857743696,-0.3432882781551761,-1.3389308979647043,-0.6241341441318756,-0.6879663897043237
2019-10-08 09:00:00+00:00,-0.0021887346406084386,0.6934384626504515,-0.06418388131856471,-0.20910389228483667,-0.3544113419434844,-0.19956113401161304,-0.6518579983905178,-0.6879663897043237
2019-10-08 10:00:00+00:00,-0.0344405575642905,0.7058648284892707,-0.2895310048411366,-0.22263132182607823,-0.364994876358936,0.04297651512698839,-0.6800144229486258,-0.6879663897043237
2019-10-08 11:00:00+00:00,0.015044814052198494,0.6641498074875707,-0.2895310048411366,-0.17432305403244777,-0.3750642831516397,-0.439722707448297,-0.7086171306810846,-0.6879663897043237
2019-10-08 12:00:00+00:00,0.01683626715379664,0.6205130049285321,0.12634439684537754,-0.16162658815723954,-0.3846438411217088,-0.4397227074485675,-0.7376804970451578,-0.6879663897043237
2019-10-08 13:00:00+00:00,6.17831499079849e-05,0.7182242752438515,0.43696583135201694,-0.18116451937885772,-0.39375674880113987,-0.19956113401161304,-0.767219603466667,-0.6879663897043237
2019-10-08 14:00:00+00:00,-0.03505735352698325,0.6506916239248374,-0.5653335939891461,-0.1965302868908443,-0.4024251661947244,0.5256757377025444,-0.797250284336535,-0.6879663897043237
2019-10-08 15:00:00+00:00,-0.0036643971028695343,0.6115828654158175,0.12634439684537754,-0.1824088801573168,-0.41067025552676417,0.7612868021588529,-0.8277891779843328,-0.6879663897043237
2019-10-08 16:00:00+00:00,0.014115242697046119,0.565172283754078,-0.06418388131856471,-0.17561450465572487,-0.4185122209506839,0.04297651512698839,-0.8588537820396416,-0.6879663897043237
2019-10-08 17:00:00+00:00,0.009563591076698734,0.5568863170727788,0.43696583135201694,-0.22657802161196777,-0.42597034718799404,-0.675333771904876,-0.8904625136424293,-0.6879663897043237
2019-10-08 18:00:00+00:00,-0.07325292866791239,0.5896612626413562,0.29138749847874984,-0.30833257964085004,-0.4330630370714291,-0.9045781734247211,-0.9226347750212058,-0.6879663897043237
2019-10-08 19:00:00+00:00,-0.10028878026515337,0.5276481591321297,-0.9209049737864606,-0.2781675272220646,-0.4398078479746521,-0.9045781734247211,-0.9553910250236424,-0.6879663897043237
2019-10-08 20:00:00+00:00,-0.09221234628610807,0.5296803091529987,0.29138749847874984,-0.30317926124482253,-0.4462215271176111,0.04297651512698839,-0.9887528572600218,-0.6879663897043237
2019-10-08 21:00:00+00:00,-0.17257732534919776,0.5115678774590937,-0.06418388131856471,-0.41128241152339245,-0.4523200457426468,0.28551416426531495,0.1531296466095266,-0.6879663897043237
2019-10-08 22:00:00+00:00,-0.1775262990812825,0.5143743240098235,-0.2895310048411366,-0.435067949516206,-0.4581186321617086,0.28551416426558984,-0.01697756730328859,-0.6879663897043237
2019-10-08 23:00:00+00:00,-1.0177468131223208,0.5478714019637324,-0.06418388131856471,-1.3675473235110795,-0.4636318036797076,-0.19956113401161304,-0.9910746571422148,-0.6879663897043237
2019-10-09 01:00:00+00:00,-0.10339011857561926,0.5460703465231643,-0.06418388131856471,-0.26631426313951817,-0.47385659994633733,0.5256757377025444,-0.4571777091265907,0.17771127335549897
2019-10-09 02:00:00+00:00,-0.13675413130615982,0.5584329082689431,0.5671900876267599,-0.32682437196292186,-0.4785939760518489,1.6285694945418097,0.26597744707985077,0.17771127335549897
2019-10-09 03:00:00+00:00,-0.14312208727682965,0.5727585028896884,0.29138749847874984,-0.2787771640577009,-0.48309749614187636,1.424883928218681,0.2495994867309194,0.17771127335549897
2019-10-09 04:00:00+00:00,-0.1351030552331078,0.5508764972899604,0.43696583135201694,-0.2650611033639778,-0.4873785628226325,0.7612868021588529,0.23307152368527628,0.17771127335549897
2019-10-09 05:00:00+00:00,-0.11169453226765867,0.5801116105441303,0.12634439684537754,-0.2131122416450408,-0.4914480363631484,0.28551416426558984,0.21639078483126833,0.17771127335549897
2019-10-09 06:00:00+00:00,-0.0109709159509529,0.566452872987365,0.12634439684537754,-0.17061107806063533,-0.49531625917266486,-0.439722707448297,0.1995544194391208,0.17771127335549897
2019-10-09 07:00:00+00:00,0.014008072898786599,0.4801814110405413,-0.5653335939891461,-0.18252696501649196,-0.4989930793016642,-0.19956113401161304,0.18255949623697143,0.17771127335549897
2019-10-09 08:00:00+00:00,0.003605589851229223,0.4998865563639809,0.29138749847874984,-0.1312201862021251,-0.5024878729925937,-0.4397227074485675,0.16540300034791236,0.17771127335549897
2019-10-09 09:00:00+00:00,0.028774911157196072,0.5327478046292385,-0.2895310048411366,-0.0953554913044204,-0.5058095663070635,0.04297651512698839,0.14808183008003134,0.17771127335549897
2019-10-09 10:00:00+00:00,-0.005047097175743534,0.5177628918311412,0.29138749847874984,-0.14017512652937922,-0.5089666558568178,0.7612868021591174,0.1305927935609011,0.17771127335549897
2019-10-09 11:00:00+00:00,-0.05216080443988255,0.5177311766273197,0.12634439684537754,-0.2103443347367961,-0.511967228666122,-0.4397227074485675,0.11293260520738652,0.17771127335549897
2019-10-09 12:00:00+00:00,-0.07871308023454139,0.48720658697953045,0.5671900876267599,-0.2205991349506854,-0.5148189811933658,0.28551416426558984,0.09509788202100067,0.17771127335549897
2019-10-09 13:00:00+00:00,-0.08251844926453303,0.5516922273423167,-0.06418388131856471,-0.17051820388610622,-0.5175292375397231,1.2120360795013752,0.07708513969836722,0.17771127335549897
2019-10-09 14:00:00+00:00,-0.03837762220087486,0.525400459888613,-0.06418388131856471,-0.11283926411546251,-0.5201049668726073,0.990531203678698,0.05889078854559773,0.17771127335549897
2019-10-09 15:00:00+00:00,0.08811618212541195,0.5359407882042596,0.43696583135201694,0.025578310674471378,-0.5225528000914488,1.424883928218681,0.040511129184600925,0.17771127335549897
2019-10-09 16:00:00+00:00,0.08202569139341172,0.5028567784919183,0.9830654893132735,0.04480759359297779,-0.524879045763031,0.28551416426558984,0.02194234803848422,0.17771127335549897
2019-10-09 17:00:00+00:00,0.14103041749877396,0.4560092796840272,0.12634439684537754,0.12553187413344646,-0.49286293890265076,0.5256757377022737,0.003180512582260867,0.17771127335549897
2019-10-09 18:00:00+00:00,0.37795273055949785,0.351385138138011,-0.2895310048411366,0.363706612515731,-0.4286752700768962,-0.675333771904876,-0.01577843365593432,0.17771127335549897
2019-10-09 19:00:00+00:00,0.6584586231533247,0.5140394922166265,-1.4220546864570422,0.4332992755988561,-0.4356353302379237,-0.4397227074485675,-0.034938676359006,0.17771127335549897
2019-10-09 20:00:00+00:00,0.07272421151702493,0.9085002151969982,0.6849922567119894,-0.4292413102648104,-0.4422538924967272,-0.439722707448297,-0.054304535967534644,0.17771127335549897
2019-10-09 21:00:00+00:00,0.30813258777045416,1.1943342543799353,0.8914689790124918,-0.298797963112695,-0.44854740877651733,-0.19956113401161304,-0.07388047352726675,0.17771127335549897
2019-10-09 22:00:00+00:00,0.012734069287861222,1.1705723133716623,0.6849922567119894,-0.26550000838835414,-0.454531567563068,0.5256757377022737,-0.09367109685726055,0.17771127335549897
2019-10-09 23:00:00+00:00,-0.488852161218674,0.5725708788629764,0.8914689790124918,-0.728971236303229,-0.4602213265291458,0.5256757377025444,-0.11368116706001956,0.17771127335549897
2019-10-10 01:00:00+00:00,0.36685055149616624,0.7036374951803889,-0.2895310048411366,0.64540675086058,-0.4707740095366913,0.04297651512698839,-0.15437950055169936,0.7244550605511764
2019-10-10 02:00:00+00:00,19.41182556542556,0.43564373733972495,0.43696583135201694,18.47237764312939,-0.4756634728522027,1.8229261914205017,-0.17507811631503498,0.7244550605511764
2019-10-10 03:00:00+00:00,0.17843412982941548,0.49453944954527296,0.12634439684537754,0.3941640700098333,-0.48031167240852607,1.6285694945418097,-0.19601689970889344,0.7244550605511764
2019-10-10 04:00:00+00:00,0.18401693728397672,0.49255687883269567,-0.9209049737864606,0.375016742296834,-0.4847303623824087,0.04297651512698839,-0.21720148959236832,0.7244550605511764
2019-10-10 05:00:00+00:00,0.1560502969434225,0.35115031115466455,-0.5653335939891461,0.3509249309101125,-0.4889307388198818,0.5256757377025444,-0.23863772577681885,0.7244550605511764
2019-10-10 06:00:00+00:00,0.13585664413644416,0.33370177508261006,0.12634439684537754,0.3976049291980248,-0.4929234647362279,-0.9045781734247211,-0.2603316586892352,0.7244550605511764
2019-10-10 07:00:00+00:00,0.09980109882699928,0.19752945618295922,-0.5653335939891461,0.34277855115706457,-0.4967186942237885,-0.19956113401161304,-0.2822895596235423,0.7244550605511764
2019-10-10 08:00:00+00:00,0.13762226116102327,0.16757737712030085,-0.2895310048411366,0.4803649287525248,-0.5003260955930895,-1.3389308979647043,-0.3045179316232993,0.7244550605511764
2019-10-10 09:00:00+00:00,0.1665193048387806,0.18055296985715047,0.5671900876267599,0.4554858666450759,-0.5037548735736456,0.28551416426558984,-0.32702352104303706,0.7244550605511764
2019-10-10 10:00:00+00:00,0.09919353917012574,0.1594547033109209,-0.06418388131856471,0.3635540089722398,-0.507013790601433,1.2120360795013752,-0.34981332983967034,0.7244550605511764
2019-10-10 11:00:00+00:00,0.10621359355068098,0.214519090608197,0.6849922567119894,0.38073779403382146,-0.5101111872204904,1.2120360795013752,-0.37289462865000217,0.7244550605511764
2019-10-10 12:00:00+00:00,0.08722764408937202,0.2075066483236766,0.43696583135201694,0.31934924732800324,-0.5130550016263551,0.5256757377025444,-0.3962749707154479,0.7244550605511764
2019-10-10 13:00:00+00:00,0.131758481967826,0.3359659328527565,-0.9209049737864606,0.29507734341662684,-0.5158527883791794,1.2120360795013752,-0.41996220672069107,0.7244550605511764
2019-10-10 14:00:00+00:00,0.11268630807800907,0.3998311783855571,0.43696583135201694,0.2798682937461563,-0.48432736173856705,0.5256757377022737,-0.44396450061922815,0.7244550605511764
2019-10-10 15:00:00+00:00,0.03299613584698697,0.27332002712771725,-0.06418388131856471,0.1967448363112834,-0.3533961571681221,1.628569494542036,-0.46829034652561524,0.7244550605511764
2019-10-10 16:00:00+00:00,0.10085047326300849,0.3783363697562769,0.12634439684537754,0.3070365455659819,-0.33059913616584524,0.7612868021588529,-0.4929485867618851,0.7244550605511764
2019-10-10 17:00:00+00:00,0.07941327112262246,0.14508177486625054,0.43696583135201694,0.3057485819877961,-0.3090114650489326,0.7612868021591174,-0.517948431154076,0.7244550605511764
2019-10-10 18:00:00+00:00,0.07720395135786642,0.1990604644996155,0.12634439684537754,0.32822673832214666,-0.28856550878772236,-0.19956113401161304,-0.5432994776842448,0.7244550605511764
2019-10-10 19:00:00+00:00,0.026601883299208342,0.17911728120754006,-0.2895310048411366,0.25719974565785725,-0.17074180432695832,-0.4397227074485675,-0.5690117346138682,0.7244550605511764
2019-10-10 20:00:00+00:00,0.018754747504681802,0.09071158922596277,-0.5653335939891461,0.2512416384519604,-0.09278646188113929,-0.675333771904876,-0.5950956442062337,0.7244550605511764
2019-10-10 21:00:00+00:00,-0.004447971184482602,-0.05659804213800608,-0.06418388131856471,0.39309646856164,0.20009334319344618,-0.4397227074485675,-0.6215621081885521,0.7244550605511764
2019-10-10 22:00:00+00:00,-0.013076833212905968,0.02540124634600551,-0.2895310048411366,0.23913656685575357,0.8430815863176104,0.28551416426558984,-0.648422515109169,0.7244550605511764
2019-10-10 23:00:00+00:00,-0.8033912637715457,0.20813229327421842,1.148108590946646,-0.5520152556368176,1.4289046428784198,0.7612868021588529,-0.6756887697616957,0.7244550605511764
2019-10-11 01:00:00+00:00,1.5292069519929568,0.40850787131234384,0.5671900876267599,1.6376469898313633,3.433814847328896,0.5256757377025444,-0.7314892152194439,-1.0654799570537206
2019-10-11 02:00:00+00:00,0.11222817971199525,0.6376379468844944,-0.9209049737864606,0.21673823928788732,3.6646793656879666,0.990531203678698,-0.760050094545676,-1.0654799570537206
2019-10-11 03:00:00+00:00,0.12046090961089495,0.7111904260336993,-0.5653335939891461,0.23008509391365764,4.091284400548967,2.3517563703261777,-0.7890702753136276,-1.0654799570537206
2019-10-11 04:00:00+00:00,0.07250717382884653,0.5699582713441799,-0.5653335939891461,0.1383083015533706,4.588955227408335,-0.19956113401161304,-0.8185647718055041,-1.0654799570537206
2019-10-11 05:00:00+00:00,0.010901565667907469,0.460525905325901,0.29138749847874984,-0.005789934671306749,4.8598228867948725,0.04297651512698839,-0.8485493467653282,-1.0654799570537206
2019-10-11 06:00:00+00:00,0.05127786770463334,0.5438538432657017,0.29138749847874984,0.1660569238888348,4.669251609400031,-1.3389308979647043,-0.8790405619885092,-1.0654799570537206
2019-10-11 07:00:00+00:00,0.06431677301356914,0.40012884784207486,0.12634439684537754,0.21051590721780541,4.614795821900354,-1.3389308979644676,-0.9100558332592541,-1.0654799570537206
2019-10-11 08:00:00+00:00,0.1268897029647265,0.4523871971874232,0.7925372111493315,0.17423879374036857,4.595417809314256,-1.7369731611665251,-0.941613490092086,-1.0654799570537206
2019-10-11 09:00:00+00:00,0.06602671906933213,0.3787581003342911,0.29138749847874984,0.03248755279482365,4.54411441175708,0.28551416426558984,-0.9737328407905786,-1.0654799570537206
2019-10-11 10:00:00+00:00,0.048669247642830316,0.3492255531044484,-0.5653335939891461,0.05908039508289907,4.593781630364261,0.28551416426558984,-1.006434243401519,-1.0654799570537206
2019-10-11 11:00:00+00:00,0.22892322053997433,0.26701938349345,-0.06418388131856471,0.21684682166056402,4.656850268698185,0.28551416426558984,-1.0397391832174174,-1.0654799570537206
2019-10-11 12:00:00+00:00,0.24493415515031464,0.2808222450949396,-0.5653335939891461,0.284388982977683,4.537325502653512,-1.1260830492473983,-1.073670357566247,-1.0654799570537206
2019-10-11 13:00:00+00:00,0.2663665612907979,0.25443771415755356,0.12634439684537754,0.2740598204698553,4.538128792655848,0.7612868021588529,-1.108251768726411,-1.0654799570537206
2019-10-11 14:00:00+00:00,0.1750288227473156,0.2500343292590289,-0.5653335939891461,0.09587570440884344,4.48929372038988,1.2120360795013752,-1.1435088259195818,-1.0654799570537206
2019-10-11 15:00:00+00:00,0.23312735939744045,0.2760865487659498,0.8914689790124918,0.06148218895486068,4.459262955325744,1.628569494542036,-1.179468457466955,-1.0654799570537206
2019-10-11 16:00:00+00:00,0.381485766079632,0.2950700919416264,0.43696583135201694,0.2949973602563805,4.3124702453881305,0.990531203678698,-1.2161592343489964,-1.0654799570537206
2019-10-11 17:00:00+00:00,0.3416844666372334,0.4765759759696321,0.29138749847874984,0.44133138442248815,4.135223080057194,-0.19956113401161304,-1.2536115065889497,-1.0654799570537206
2019-10-11 18:00:00+00:00,0.30347385854099534,0.4983743891981333,0.12634439684537754,0.30793260500612735,3.9625161251758256,-1.1260830492473983,-1.2918575540911397,-1.0654799570537206
2019-10-11 19:00:00+00:00,0.20853486345437613,0.6063226365020095,-0.5653335939891461,0.35834903441323485,3.7943436433316506,-1.3389308979647043,-1.3309317538123608,-1.0654799570537206
2019-10-11 20:00:00+00:00,0.2524394778974961,0.590466751512349,0.29138749847874984,0.35297541866119253,3.6306939616607923,-0.675333771904876,-1.3708707654357242,-1.0654799570537206
2019-10-11 21:00:00+00:00,0.21991284530610167,0.5237839852819743,-0.2895310048411366,0.2118218695002536,3.490750289268341,-0.4397227074485675,-1.4117137380601061,-1.0654799570537206
2019-10-11 22:00:00+00:00,0.10552727871972199,0.4493331257546145,0.12634439684537754,0.12489478217050073,3.335541699421292,0.28551416426558984,-1.453502540825837,-1.0654799570537206
2019-10-11 23:00:00+00:00,-0.7775893784775455,0.4620972192732052,0.12634439684537754,-0.8896418166820046,3.304011825498453,0.5256757377025444,-1.4962820208820673,-1.0654799570537206
2019-10-12 01:00:00+00:00,0.1271731382711128,0.6388954421823547,0.43696583135201694,0.17567550326951945,3.3536390084337633,-0.19956113401161304,-1.5850090632724279,-0.3071983950501913
2019-10-12 02:00:00+00:00,0.0881672577193221,0.506225518499035,0.6849922567119894,0.03556363991872732,3.3409066130602967,0.7612868021591174,-1.631063999129381,-0.3071983950501913
2019-10-12 03:00:00+00:00,-0.1020217091525319,0.5179722921713167,0.5671900876267599,-0.16844654267121795,3.2299388825878914,0.990531203678698,-1.5228990434356473,-0.3071983950501913
2019-10-12 04:00:00+00:00,-0.06529849391321975,0.5991555707462715,-0.2895310048411366,-0.0956093100323016,3.08227551362353,0.5256757377022737,-1.5269170785641808,-0.3071983950501913
2019-10-12 05:00:00+00:00,-0.04206201908785944,0.595236639135032,0.6849922567119894,-0.06151497415653082,2.9390082884921647,-0.675333771904876,-1.5309440799789993,-0.3071983950501913
2019-10-12 06:00:00+00:00,-0.0708514034788456,0.6603645661433569,0.29138749847874984,-0.06259413947839287,2.8000943803656306,-0.19956113401161304,-1.534980087786335,-0.3071983950501913
2019-10-12 07:00:00+00:00,-0.019988882953216686,0.6921735714868081,0.29138749847874984,-0.033179477822675656,2.6654859484170705,-0.9045781734247211,-1.5390251423621162,-0.3071983950501913
2019-10-12 08:00:00+00:00,-0.09905776328231217,0.6476409517503278,0.5671900876267599,-0.07683460593095916,2.535130371671356,-0.675333771904876,-1.543079284354392,-0.3071983950501913
2019-10-12 09:00:00+00:00,-0.13878288077389342,0.6822593498922932,0.12634439684537754,-0.1514042804460348,2.408970501640336,-0.4397227074485675,-1.5471425546857809,-0.3071983950501913
2019-10-12 10:00:00+00:00,-0.11656424237982103,0.6014902936856092,-0.2895310048411366,-0.12042143415094811,2.286944931258463,0.04297651512698839,-1.5512149945559515,-0.3071983950501913
2019-10-12 11:00:00+00:00,-0.11753964901124461,0.5446226209626618,0.6849922567119894,-0.19159503869258593,2.1689882775494964,-0.4397227074485675,-1.5552966454441277,-0.3071983950501913
2019-10-12 12:00:00+00:00,-0.12429141793981924,0.5620741417531575,0.6849922567119894,-0.1875798151532302,2.055031475410007,-1.3389308979644676,-1.5593875491116238,-0.3071983950501913
2019-10-12 13:00:00+00:00,-0.09347120945619636,0.6191185151138142,0.43696583135201694,-0.07609377687429034,1.9450020798891259,0.04297651512698839,-1.5634877476044087,-0.3071983950501913
2019-10-12 14:00:00+00:00,-0.07312493597106008,0.5818932616803795,0.29138749847874984,-0.07247107879621689,1.8388245743745337,0.04297651512698839,-1.5675972832556988,-0.3071983950501913
2019-10-12 15:00:00+00:00,-0.05025755622839016,0.5555362899721148,0.29138749847874984,-0.07099660292419074,1.7364206821592247,0.990531203678698,-1.5717161986885795,-0.3071983950501913
2019-10-12 16:00:00+00:00,-0.061522324455948546,0.6208166638888002,-0.5653335939891461,-0.03775687921970975,1.6377096789590342,-0.19956113401161304,-1.5758445368186589,-0.3071983950501913
2019-10-12 17:00:00+00:00,-0.021088005746661895,0.6338432262735711,0.29138749847874984,0.03486390929006677,1.5426087040735337,-0.4397227074485675,-1.5799823408567508,-0.3071983950501913
2019-10-12 18:00:00+00:00,-0.07213870363676006,0.659317187193901,0.12634439684537754,0.0013807695036306606,1.4510330680286454,-2.09823899129689,-1.5841296543115861,-0.3071983950501913
2019-10-12 19:00:00+00:00,-0.025550326276257886,0.6171831541014637,-0.2895310048411366,0.06139517415748639,1.362896554704131,-1.3389308979644676,-1.5882865209925614,-0.3071983950501913
2019-10-12 20:00:00+00:00,0.009887449336678095,0.5898913047066034,0.12634439684537754,0.10847778077216819,1.2781117161286284,0.04297651512698839,-1.5924529850125133,-0.3071983950501913
2019-10-12 21:00:00+00:00,0.019991487847574364,0.5449796013034265,0.12634439684537754,0.06540709863877991,1.1965901583150562,-0.9045781734249775,-1.5966290907905272,-0.3071983950501913
2019-10-12 22:00:00+00:00,0.015076701338951701,0.567372684706971,0.43696583135201694,0.10072708384814143,1.1182428167058887,-0.19956113401133818,-1.3106350025292395,-0.3071983950501913
2019-10-12 23:00:00+00:00,-0.8565690884617818,0.5232514050729379,-0.9209049737864606,-0.9328269138353416,1.0429802199973102,0.04297651512698839,-1.303067504878789,-0.3071983950501913
2019-10-13 01:00:00+00:00,0.04264374917806103,0.07944101644092168,0.12634439684537754,0.0622013984824207,0.901350835869642,0.7612868021588529,-1.2880270506038936,-1.3551239871752403
2019-10-13 02:00:00+00:00,0.1883682052886796,0.043025660430088694,0.43696583135201694,0.1422682988703466,0.8348052645476334,0.28551416426558984,-1.2805535715811311,-1.3551239871752403
2019-10-13 03:00:00+00:00,0.2773879533616043,0.11999510690215344,-0.2895310048411366,0.33097083957602985,0.7709873027943894,0.7612868021588529,-1.2731109150911335,-1.3551239871752403
2019-10-13 04:00:00+00:00,0.3735358914089801,-0.016235729234906543,-1.4220546864570422,0.5225505794669488,0.7098089346638459,0.5256757377025444,-1.2656988279378227,-1.3551239871752403
2019-10-13 05:00:00+00:00,0.5822691714987303,-0.0805635943268322,0.29138749847874984,0.7389782004902005,0.6511830317868504,-0.675333771904876,-1.2583170600322355,-1.3551239871752403
2019-10-13 06:00:00+00:00,0.8948476245488718,0.6037788948714051,1.148108590946646,0.3086794867206649,0.5950235172936058,-0.19956113401161304,-1.2509653643418923,-1.3551239871752403
2019-10-13 07:00:00+00:00,1.2687894188412123,1.4063509242283188,2.0048296834145423,0.7809559407802741,0.5412455148153534,-1.7369731611665251,-1.2436434968411922,-1.3551239871752403
2019-10-13 08:00:00+00:00,0.5717683941695818,1.0339079202751504,1.748190071480388,0.12384707933647836,0.4897654828108012,-0.9045781734247211,-1.23635121646281,-1.3551239871752403
2019-10-13 09:00:00+00:00,0.6912773726701372,1.0501975548164209,1.3605133211168834,0.1459014860568953,0.44050133456383517,-0.675333771904876,-1.2290882850500726,-1.3551239871752403
2019-10-13 10:00:00+00:00,1.2417370182321876,1.144900735319983,0.8914689790124918,0.7896065132017713,0.3933725442859099,0.04297651512698839,-1.221854467310288,-1.3551239871752403
2019-10-13 11:00:00+00:00,0.26340311317553355,0.7012060081465428,-1.4220546864570422,0.6077946489516671,0.34830023982961,0.28551416426558984,-1.2146495307690086,-1.3551239871752403
2019-10-13 12:00:00+00:00,0.012408622652332706,0.568905224928316,0.43696583135201694,0.3889588920075039,0.30520728257986407,0.990531203678698,-1.2074732457252,-1.3551239871752403
2019-10-13 13:00:00+00:00,-0.12671079471003355,0.6267993219106728,-0.2895310048411366,0.28725150017899986,0.2640183351368558,0.5256757377022737,-1.200325385207303,-1.3551239871752403
2019-10-13 14:00:00+00:00,-0.008355706706895042,0.5966679674757351,-0.2895310048411366,0.3960497155510541,0.22465991744072297,2.3517563703261777,-1.1932057249301564,-1.3551239871752403
2019-10-13 15:00:00+00:00,0.0007546131349774612,0.5592205965703537,-0.9209049737864606,0.44546885312558065,0.18706045201355104,0.5256757377025444,-1.186114043252772,-1.3551239871752403
2019-10-13 16:00:00+00:00,-0.0904734145393087,0.5325261085741195,0.29138749847874984,0.38280317157433325,0.15115029900998683,1.2120360795013752,-1.1790501211369304,-1.3551239871752403
2019-10-13 17:00:00+00:00,-0.07216837269419434,0.432794994153248,-0.9209049737864606,0.4313451712756115,0.11686178177493577,1.822926191420286,-1.1720137421065886,-1.3551239871752403
2019-10-13 18:00:00+00:00,-0.07692071608063746,0.21174354534363274,-0.2895310048411366,0.5317544271469602,0.08412920360634728,0.28551416426558984,-1.1650046922080743,-1.3551239871752403
2019-10-13 19:00:00+00:00,-0.4139165196151119,-0.4935060581632798,0.12634439684537754,0.4334157646860662,0.05288885641394691,-1.3389308979647043,-1.158022759971049,-1.3551239871752403
2019-10-13 20:00:00+00:00,-0.9790846033150725,-0.9892471096555252,0.5671900876267599,0.4912890347858435,0.02307902195189764,1.2120360795013752,-1.1510677363702246,-1.3551239871752403
2019-10-13 21:00:00+00:00,-0.8592677012141553,-0.6105480253172026,1.2230398518529833,0.24186519188449856,-0.005360033714305474,0.990531203678698,-1.1441394147878152,-1.3551239871752403
2019-10-13 22:00:00+00:00,-1.1439310640389464,-0.5313620567497704,0.29138749847874984,-0.2951130635554029,-0.03248607186812807,1.8229261914205017,-1.1372375909767063,-1.3551239871752403
2019-10-13 23:00:00+00:00,-1.9440503761642645,-0.6407060402942498,0.8914689790124918,-1.241555274201441,-0.05835489831579674,1.6285694945418097,-1.130362063024325,-1.3551239871752403
2019-10-14 01:00:00+00:00,-0.856949620394762,-1.0578028829499713,1.6492583036172277,0.6798922036663024,-0.106534498908147,2.9455431055452643,-1.116689098506178,0.13865814569866533
2019-10-14 02:00:00+00:00,-1.325242285634705,0.15041667662218303,1.068339800297341,-0.9409761336565412,-0.12894732751410984,1.424883928218681,-1.109891269472323,0.13865814569866533
2019-10-14 03:00:00+00:00,-0.9378811703109337,-0.8568994261691891,1.068339800297341,0.2562259757552487,0.010258623346344095,1.424883928218681,-1.1031189512934214,0.13865814569866533
2019-10-14 04:00:00+00:00,-0.7134681558498217,-1.216504310160763,1.4239111800946556,0.6028471659533184,0.32438045336617655,2.6629734884447465,-1.096371953211139,0.13865814569866533
2019-10-14 05:00:00+00:00,-0.9321012570334012,-0.8298832392427473,1.748190071480388,0.06149481623010251,0.3732894664483483,2.184192021550867,-1.0896500865987753,0.13865814569866533
2019-10-14 06:00:00+00:00,-1.2247214461100624,-0.2735988437218043,1.748190071480388,-0.817541467609045,0.44928577602787145,2.184192021550867,-1.0829531649296271,0.13865814569866533
2019-10-14 07:00:00+00:00,-0.9355862089615995,-0.9826126046432391,1.6997137692426652,0.01927281793596345,0.4317029132136929,1.8229261914205017,-1.0762810037459252,0.13865814569866533
2019-10-14 08:00:00+00:00,-0.5829950560458511,-1.6992789559915054,2.3111520274250332,0.9980869639275662,0.5336731447655036,0.28551416426531495,-1.0696334206283535,0.13865814569866533
2019-10-14 09:00:00+00:00,-0.6508281681173951,-1.5049137870467637,2.2172344135847797,0.6612565949967508,0.913446038466546,2.3517563703261777,-1.0630102351661204,0.13865814569866533
2019-10-14 10:00:00+00:00,-0.33974124336543177,-1.8191161281070218,2.398434441647781,1.3174375984864326,0.9579892833255288,2.5111891562297117,-1.0564112689275824,0.13865814569866533
2019-10-14 11:00:00+00:00,-0.5166789281055815,-1.6882346953459793,2.0428630618504666,0.930373947472734,1.0548293732654144,1.6285694945418097,-1.0498363454313981,0.13865814569866533
2019-10-14 12:00:00+00:00,-0.48017473053509,-1.6763501465973123,2.4799576502943235,0.9771654385107847,1.3053017703605905,0.9905312036789543,-1.0432852901182117,0.13865814569866533
2019-10-14 13:00:00+00:00,-0.5315788982700215,-1.583687526224327,1.596655161914439,0.8047356788372637,1.5351185775326543,1.822926191420286,-1.0367579303228405,0.13865814569866533
2019-10-14 14:00:00+00:00,-0.38048514486463725,-1.346183333927966,1.748190071480388,0.5532756812526469,1.8202388078383704,3.2031992742898527,-1.0302540952469736,0.13865814569866533
2019-10-14 15:00:00+00:00,-0.29302752791319436,-1.5132246149928805,1.8397865817811696,0.7781282187331388,2.3797821610495107,1.6285694945418097,-1.0237736159323505,0.13865814569866533
2019-10-14 16:00:00+00:00,-0.07863431450930675,-1.7532816471857513,1.9655886964101257,1.1121922165400426,2.745396795101245,2.3517563703261777,-1.017316325234429,0.13865814569866533
2019-10-14 17:00:00+00:00,-0.09399307586412249,-1.6306600540436251,2.2172344135847797,1.0732102964103052,3.315789374829461,1.628569494542036,-1.0108820577965145,0.13865814569866533
2019-10-14 18:00:00+00:00,-0.024061042490561388,-1.7614656370293942,2.0797609443208795,1.1457322951054116,3.441409933575306,0.7612868021588529,-1.0044706500243548,0.13865814569866533
2019-10-14 19:00:00+00:00,-0.26367594886313267,-1.233734684872409,1.148108590946646,0.06993693376554459,3.5396564340621453,0.990531203678698,-0.9980819400611811,0.13865814569866533
2019-10-14 20:00:00+00:00,-0.6468612163140511,-0.6245445011459727,0.9830654893132735,-0.7020469839516098,3.631713252215184,-0.439722707448297,-0.9917157677631907,0.13865814569866533
2019-10-14 21:00:00+00:00,-0.8836421054233289,-1.0403590024951537,0.9830654893132735,-0.37104122866686345,3.955118455560077,0.5256757377022737,-0.9853719746754606,0.13865814569866533
2019-10-14 22:00:00+00:00,-0.8915283025258564,-1.296659418077936,1.4239111800946556,-0.13165356850718538,4.074953905764232,1.424883928218681,-0.979050404008282,0.13865814569866533
2019-10-14 23:00:00+00:00,-2.078546245685935,-0.6747987387662849,0.7925372111493315,-1.8120754929109772,4.1869028027862205,1.2120360795013752,-0.9727509006139101,0.13865814569866533
2019-10-15 01:00:00+00:00,-1.4131685980760254,-0.5305235755425681,1.3605133211168834,-0.9187223501703167,4.0656582438306454,1.2120360795013752,-0.9602174831257311,-0.8213979091985071
2019-10-15 02:00:00+00:00,-1.4550420274245897,-0.6733568242440415,0.9830654893132735,-0.8078043545947353,4.0379438824898575,1.4248839282184442,-0.9539832667425943,-0.8213979091985071
2019-10-15 03:00:00+00:00,-1.3935837223915466,-0.6072751366363576,1.7948366364904942,-0.8655710619625208,4.187071456532989,1.424883928218681,-0.947770513009857,-0.8213979091985071
2019-10-15 04:00:00+00:00,-1.3171899765451516,-0.3642058675561107,1.4239111800946556,-1.0682256735879356,4.188546309564634,0.990531203678698,-0.9415790746546782,-0.8213979091985071
2019-10-15 05:00:00+00:00,-1.2574330288127813,-0.4393054379721442,1.4842152019838553,-0.9705058823523706,4.137768175954402,0.7612868021591174,-0.9354088059148734,-0.8213979091985071
2019-10-15 06:00:00+00:00,-1.289446653426793,0.18714885745450296,1.2936869238199127,-1.4218968255725164,4.1591534634415135,0.7612868021588529,-0.9292595625183275,-0.8213979091985071
2019-10-15 07:00:00+00:00,-1.3061505422929676,0.058025275402310374,1.596655161914439,-1.2902357947841634,4.265637087504342,0.5256757377025444,-0.9231312016627508,-0.8213979091985071
2019-10-15 08:00:00+00:00,-1.2767878995228739,-0.23091460587808108,1.2230398518529833,-1.276775475017457,4.176929416268939,0.7612868021588529,-0.9170235819957827,-0.8213979091985071
2019-10-15 09:00:00+00:00,-1.328660555332458,0.46604925950967696,1.596655161914439,-1.5819613774044556,4.073989723511466,2.0080438268331013,-0.9109365635954284,-0.8213979091985071
2019-10-15 10:00:00+00:00,-1.434687687722672,-0.3928269229294001,0.9830654893132735,-1.2327101563067162,4.25500492348721,2.3517563703261777,-0.9048700079508243,-0.8213979091985071
2019-10-15 11:00:00+00:00,-1.7937801884865263,0.3780646975102132,1.5417133491798856,-2.258666822779221,4.5389687989488685,0.5256757377025444,-0.8988237779433276,-0.8213979091985071
2019-10-15 12:00:00+00:00,-1.9632818675550094,0.6128802585486517,1.8831590064090324,-2.7362348340680143,4.621560225094431,-0.4397227074485675,-0.892797737827919,-0.8213979091985071
2019-10-15 13:00:00+00:00,-1.443559175317724,0.9924613589820355,1.068339800297341,-1.307088202107097,4.569136965227436,0.28551416426558984,-0.8867917532149174,-0.8213979091985071
2019-10-15 14:00:00+00:00,-0.9975943712990336,0.7983016251767535,1.2230398518529833,0.005743783135621727,4.435859923301506,0.5256757377025444,-0.8808056910519954,-0.8213979091985071
2019-10-15 15:00:00+00:00,-0.9697602867059956,0.467045800364535,0.6849922567119894,0.1888637290895541,4.2897607536643685,0.28551416426531495,-0.8748394196064948,-0.8213979091985071
2019-10-15 16:00:00+00:00,-0.8863179609049564,0.2741185791575593,-0.06418388131856471,0.14496299195827111,4.130588166349617,0.28551416426558984,-0.8688928084480311,-0.8213979091985071
2019-10-15 17:00:00+00:00,-1.072287640064933,-0.1683699137228809,-0.2895310048411366,-0.0030685752362308413,3.958001465648384,-0.675333771904876,-0.8629657284313842,-0.8213979091985071
2019-10-15 18:00:00+00:00,-0.9971597073363295,-0.08658566936691525,-1.4220546864570422,0.1523349205610589,3.789949005030347,-1.3389308979647043,-0.8570580516796714,-0.8213979091985071
2019-10-15 19:00:00+00:00,-1.017282455250606,-0.08824136952107042,-0.5653335939891461,0.08863208809889726,3.6264189550501005,-1.3389308979647043,-0.8511696515677911,-0.8213979091985071
2019-10-15 20:00:00+00:00,-1.1616162546039235,-0.6232014056974361,-0.2895310048411366,0.020882348497969612,3.4673936139335146,-1.9220907965791245,-0.8453004027061389,-0.8213979091985071
2019-10-15 21:00:00+00:00,-1.14238077620533,-0.899870729162326,-0.5653335939891461,-0.012462759943368271,3.3128494997550035,-1.5426164642880593,0.8138095957749578,-0.8213979091985071
2019-10-15 22:00:00+00:00,-1.1429742222217112,-0.8357038355557791,-0.2895310048411366,-0.0782745926746452,3.1627574718755267,-0.9045781734247211,1.6633705444597175,-0.8213979091985071
2019-10-15 23:00:00+00:00,-1.9101047363824626,-1.6570544711653792,0.12634439684537754,-0.6158786104473717,3.0170828803163348,-0.9045781734247211,1.5917797325313239,-0.8213979091985071
2019-10-16 01:00:00+00:00,-1.000041431373425,-2.076761314313451,-0.9209049737864606,0.6639751685337395,2.7388209382004827,-1.542616464287833,1.4394696351809688,0.9132118442258742
2019-10-16 02:00:00+00:00,-0.7931543969001293,-2.0552460325290363,-0.2895310048411366,0.7606155313358727,2.6061384424910155,-0.4397227074485675,0.6119437702628239,0.9132118442258742
2019-10-16 03:00:00+00:00,-0.8987103395320705,-2.1148333890524613,-0.9209049737864606,0.6911773418668331,2.4776835579542955,-0.675333771904876,0.8310948408079032,0.9132118442258742
2019-10-16 04:00:00+00:00,-0.7848829883101665,-1.879728762379175,-0.9209049737864606,0.5106753887314768,2.3533971801958664,-1.3389308979647043,0.7891817730675375,0.9132118442258742
2019-10-16 05:00:00+00:00,-0.6808666570633006,-2.3200435660831467,-0.9209049737864606,0.7983216097635403,2.233216072255996,-2.265803340072201,0.746272056895193,0.9132118442258742
2019-10-16 06:00:00+00:00,-0.4918581915244736,-2.574312844003903,-1.4220546864570422,1.2239023763532777,2.117073152617875,-2.5770204581907694,0.7023171368590245,0.9132118442258742
2019-10-16 07:00:00+00:00,-0.47649083525177177,-2.5698435693961135,-0.5653335939891461,1.1643542616218436,2.0048977931485985,-2.577020458190938,0.6572648204075736,0.9132118442258742
2019-10-16 08:00:00+00:00,-0.5096375287101108,-2.544028958421333,-2.2787757789249383,0.8919038765688757,1.8966161243617243,-3.237794200230458,0.6110589052882486,0.9132118442258742
2019-10-16 09:00:00+00:00,-0.5127428986839748,-2.6477690057693835,-2.2787757789249383,1.0210544376719144,1.792151345436517,-2.4252361259757347,0.5636387580006526,0.9132118442258742
2019-10-16 10:00:00+00:00,-0.523283708811518,-2.885266185693308,-2.2787757789249383,1.2731229244107891,1.6914240365078559,-2.09823899129689,0.5149388353537685,0.9132118442258742
2019-10-16 11:00:00+00:00,-0.44519707193950336,-2.774975712221521,-1.4220546864570422,1.1470462000192865,1.5943524708490167,-1.542616464287833,0.4648881396555965,0.9132118442258742
2019-10-16 12:00:00+00:00,-0.4256997291420705,-2.5639859878598306,-1.4220546864570422,1.087026328292198,1.5008529247030666,-2.09823899129689,0.41340959617178297,0.9132118442258742
2019-10-16 13:00:00+00:00,-0.5541272620599357,-2.3918249569803756,-1.4220546864570422,0.6972330680041906,1.4108399826734959,-1.3389308979647043,0.3604193391529844,0.9132118442258742
2019-10-16 14:00:00+00:00,-0.6463455434713208,-2.481182255438425,-1.4220546864570422,0.586036757466098,1.3242268367566865,-0.4397227074485675,0.3058258898280857,0.9132118442258742
2019-10-16 15:00:00+00:00,-0.5651205898466874,-2.5619994294057884,-1.4220546864570422,0.7313370799008495,1.240925577283608,-0.9045781734247211,0.24952920613293905,0.9132118442258742
2019-10-16 16:00:00+00:00,-0.5073691273594678,-2.1737003684001714,-1.4220546864570422,0.5622052969987107,1.1608474742317696,-1.5426164642880593,0.1914195793818505,0.9132118442258742
2019-10-16 17:00:00+00:00,-0.3356825699079486,-1.6794056324985205,-1.4220546864570422,0.6359861052849839,1.0839032475667887,-1.3389308979644676,0.13137634731133327,0.9132118442258742
2019-10-16 18:00:00+00:00,-0.483207408080482,-1.8184656760071027,-1.4220546864570422,0.576312382490637,1.010003325472609,-2.09823899129689,0.06926638555610894,0.9132118442258742
2019-10-16 19:00:00+00:00,-0.5269391560474704,-1.6152710589899446,-1.4220546864570422,0.6222389792004087,0.9390580895267746,-2.09823899129689,0.004942330144718625,0.9132118442258742
2019-10-16 20:00:00+00:00,-0.5144615222784242,-1.1722335140354794,-2.2787757789249383,0.2428071250155581,0.8709781060696077,-1.5426164642880593,-0.061759528673678066,0.9132118442258742
2019-10-16 21:00:00+00:00,-0.45889260435398316,-0.9073353205868356,-2.2787757789249383,0.026429782525200333,0.8056743432008998,-0.9045781734247211,-0.13102175700792287,0.9132118442258742
2019-10-16 22:00:00+00:00,-0.6315964372397076,-1.3824282434626693,-2.2787757789249383,0.0014800669698226778,0.7430583730127887,-1.3389308979647043,1.4555808748217496,0.9132118442258742
2019-10-16 23:00:00+00:00,-1.4085687546273022,-1.6296267726716462,-1.4220546864570422,-0.8384965353471016,0.6830425588311965,0.28551416426558984,-1.6374822692444841,0.9132118442258742
2019-10-17 01:00:00+00:00,-0.4821580282434894,-1.488329696849309,-2.2787757789249383,0.10048225042272635,0.5704658259927399,-1.1260830492473983,1.8485421751366968,-0.7432916538848386
2019-10-17 02:00:00+00:00,-0.5683850909111438,-1.465809924383225,-2.2787757789249383,-0.0753915346097805,0.5177350648636327,0.28551416426558984,3.0770458235004754,-0.7432916538848386
2019-10-17 03:00:00+00:00,-0.4228815476362853,-1.679860173278291,-2.2787757789249383,0.18161294653951499,0.4672650449511227,0.7612868021588529,2.995293335743858,-0.7432916538848386
2019-10-17 04:00:00+00:00,-0.5175076738485873,-2.175993818176337,-2.2787757789249383,0.5355767188844687,0.4189743716010733,-1.1260830492473983,2.9096608243968536,-0.7432916538848386
2019-10-17 05:00:00+00:00,-0.6569174691513546,-2.0697018016253126,-2.2787757789249383,0.490910488700544,0.37278325454986383,-1.3389308979647043,2.81976156235249,-0.7432916538848386
2019-10-17 06:00:00+00:00,-0.4944883421211057,-1.8811359797953993,-2.2787757789249383,0.3154134055464734,0.32861359477847457,-0.675333771904876,2.7251479576149444,-0.7432916538848386
2019-10-17 07:00:00+00:00,-0.536029181443746,-0.8488005839774199,-2.2787757789249383,-0.36333362718135304,0.2863890588161389,-1.7369731611663093,2.6252980704520885,-0.7432916538848386
2019-10-17 08:00:00+00:00,-0.5243623531903918,-0.32413792069614467,-2.2787757789249383,-0.5739217579656872,0.24603514112524555,-1.7369731611665251,2.5195981771247697,-0.7432916538848386
2019-10-17 09:00:00+00:00,-0.5688370322277926,-0.7290990058411931,-2.2787757789249383,-0.3650388712297217,0.20747921523031396,-1.542616464287833,2.4073199019972527,-0.7432916538848386
2019-10-17 10:00:00+00:00,-0.5583860389893388,-1.1883279089815346,-2.2787757789249383,-0.10506741195283745,0.17065057427481223,-0.4397227074485675,2.2875897519103083,-0.7432916538848386
2019-10-17 11:00:00+00:00,-0.5046334637074869,-0.7135243143119819,-2.2787757789249383,-0.15114500643646242,0.13548046170137892,-0.675333771904876,2.1593478066735647,-0.7432916538848386
2019-10-17 12:00:00+00:00,-0.5513605218877935,-0.6513698767452607,-2.2787757789249383,-0.22669969108131524,0.10190209275459204,0.28551416426531495,2.0212905765624343,-0.7432916538848386
2019-10-17 13:00:00+00:00,-0.40947486096514313,-0.8339607968290838,-2.2787757789249383,-0.19903138130272444,0.06985066750182964,-0.439722707448297,1.8717901356612767,-0.7432916538848386
2019-10-17 14:00:00+00:00,-0.5022485869388599,-0.7290143018652802,-2.2787757789249383,-0.4588050868250678,0.03926337605792668,-0.19956113401161304,1.7087766323999718,-0.7432916538848386
2019-10-17 15:00:00+00:00,-0.6254215218001343,-0.14999280279879543,-2.2787757789249383,-0.5986698319043974,0.01007939668417942,0.28551416426558984,1.529562274309537,-0.7432916538848386
2019-10-17 16:00:00+00:00,-0.7014769267232464,0.009202550999042448,-1.4220546864570422,-0.4960983281444049,-0.017760112587354514,-0.4397227074485675,1.3305678922301731,-0.7432916538848386
2019-10-17 17:00:00+00:00,-0.6669982167284303,-0.005759225227012057,-2.2787757789249383,-0.4333309922677988,-0.04431202817656243,0.04297651512698839,1.1068792334348625,-0.7432916538848386
2019-10-17 18:00:00+00:00,-0.608927627108943,0.009109413788564811,-2.2787757789249383,-0.409469407785715,-0.06963128042342073,-1.9220907965791245,0.8514874077690169,-0.7432916538848386
2019-10-17 19:00:00+00:00,-0.6281299403302347,0.10258289846775129,-2.2787757789249383,-0.47232389397832086,-0.093770877728373,-0.9045781734247211,0.5538981978523663,-0.7432916538848386
2019-10-17 20:00:00+00:00,-0.8387886798737532,0.18401455709087183,-2.2787757789249383,-0.5595301206915932,-0.11678193482169305,0.28551416426558984,0.19735307021049453,-0.7432916538848386
2019-10-17 21:00:00+00:00,-0.9375437836415552,0.11724752134853618,-1.4220546864570422,-0.7202180677748943,-0.13871370464961627,-0.6753337719051404,0.15490454486549232,-0.7432916538848386
2019-10-17 22:00:00+00:00,-0.8494183050736683,0.0683481191296022,-1.4220546864570422,-0.6641612759842067,-0.15961361339663452,-0.19956113401161304,-0.5005954003607749,-0.7432916538848386
2019-10-17 23:00:00+00:00,-1.6612267069279054,0.08268361766661979,-1.4220546864570422,-1.6999791563292592,-0.17952729819512805,-0.19956113401133818,-1.1732990979457594,-0.7432916538848386
2019-10-18 01:00:00+00:00,-0.6526937175704818,0.11219689958056489,-2.2787757789249383,-0.7524070542353832,-0.21656984097805618,0.990531203678698,-0.903870541084559,-0.1965478666891613
2019-10-18 02:00:00+00:00,-0.620200413658566,0.1064762064183539,-2.2787757789249383,-0.7996001003913188,-0.23378139684883417,1.424883928218681,-1.5090971725230864,-0.1965478666891613
2019-10-18 03:00:00+00:00,-0.48143671828885864,0.09727350964408613,-2.2787757789249383,-0.7463655500896079,-0.2501722125298905,2.0080438268331013,-1.2924643888324696,-0.1965478666891613
2019-10-18 04:00:00+00:00,-0.5169770879752212,-0.02654192838714262,-2.2787757789249383,-0.792558935953416,-0.265779612109317,0.7612868021588529,-1.0990721194727058,-0.1965478666891613
2019-10-18 05:00:00+00:00,-0.6614846259507836,-0.15829241678277295,-2.2787757789249383,-0.9513678898473835,-0.28063939208224475,1.2120360795013752,-0.9244134604924125,-0.1965478666891613
2019-10-18 06:00:00+00:00,-0.6584457471755858,-0.07646810121702638,-2.2787757789249383,-0.7935527471279527,-0.29478586787046746,0.990531203678698,-0.7651773986885767,-0.1965478666891613
2019-10-18 07:00:00+00:00,-0.6312235690754259,-0.010940703523370874,-2.2787757789249383,-0.7138349863966447,-0.30825192050972555,-0.675333771904876,-0.618859880997296,-0.1965478666891613
2019-10-18 08:00:00+00:00,-0.5972564668075031,-0.22958752727980933,-2.2787757789249383,-0.6368681443066254,-0.32106904330710695,-0.19956113401161304,-0.4835211743934028,-0.1965478666891613
2019-10-18 09:00:00+00:00,-0.5948862354921469,-0.03992877540913583,-2.2787757789249383,-0.6805837768849906,-0.33326738829258573,0.7612868021591174,-0.3576280813799662,-0.1965478666891613
2019-10-18 10:00:00+00:00,-0.6896815440433919,-0.37858507304754774,-1.4220546864570422,-0.7445032036428415,-0.3448758123089066,-0.19956113401161304,-0.2399477166751048,-0.1965478666891613
2019-10-18 11:00:00+00:00,-0.5700300550706323,-0.5559457657081459,-1.4220546864570422,-0.7984982364523185,-0.32253122618654706,0.5256757377022737,-0.1294738604535502,-0.1965478666891613
2019-10-18 12:00:00+00:00,-0.5038054575094922,-0.323482773102749,-2.2787757789249383,-0.8139211974419417,-0.26824209554693845,0.9905312036789543,-0.025374589184872624,-0.1965478666891613
2019-10-18 13:00:00+00:00,-0.5782340516432706,-0.5895367252760628,-2.2787757789249383,-0.483832737540211,-0.21705983511932742,2.351756370325992,0.07304579155822406,-0.1965478666891613
2019-10-18 14:00:00+00:00,-0.5331531288460314,-0.6915957817977334,-0.9209049737864606,-0.3164968673496152,-0.16878562276475292,1.628569494542036,0.16637495758707765,-0.1965478666891613
2019-10-18 15:00:00+00:00,-0.560495438579926,-0.94282944669418,-1.4220546864570422,-0.1066515492420311,-0.15567406676650614,0.7612868021588529,0.255113832297458,-0.1965478666891613
2019-10-18 16:00:00+00:00,-0.428229601090234,-0.8025712234311974,-1.4220546864570422,-0.045180071546466465,-0.0465525921395116,1.2120360795013752,0.33969286397419785,-0.1965478666891613
2019-10-18 17:00:00+00:00,-0.49207530684588924,-0.6781773317377887,-1.4220546864570422,-0.24309773374089913,-0.039720129903862256,0.5256757377025444,0.4204846559129121,-0.1965478666891613
2019-10-18 18:00:00+00:00,-0.6473317377957969,-0.4163708666390136,-2.2787757789249383,-0.7861360738339297,0.030357117920517936,-0.675333771904876,0.49781388809046034,-0.1965478666891613
2019-10-18 19:00:00+00:00,-0.6387208882047043,-0.4866542953431572,-2.2787757789249383,-0.5489895464847878,0.0015828643110840238,-0.4397227074485675,0.5719651987876171,-0.1965478666891613
2019-10-18 20:00:00+00:00,-0.711300254837257,-0.04156671737090492,-1.4220546864570422,-0.7513706377631163,-0.02586420021945622,0.5256757377025444,0.6431895097026987,-0.1965478666891613
2019-10-18 21:00:00+00:00,-0.736309550042791,-0.153903101244062,-1.4220546864570422,-0.7619006570418367,-0.052040365573541476,-0.19956113401161304,0.7117091494493103,-0.1965478666891613
2019-10-18 22:00:00+00:00,-0.49164606541372546,-0.22326918951626554,-0.9209049737864606,-0.5963816644822334,-0.07699998235562241,0.04297651512698839,0.7777220393733769,-0.1965478666891613
2019-10-18 23:00:00+00:00,-1.4390897905291626,-0.9078569036092832,-0.9209049737864606,-1.462934886014955,-0.10079548730779875,0.5256757377022737,0.8414051403708184,-0.1965478666891613
2019-10-19 01:00:00+00:00,-0.6356233507746905,-0.3939783357370626,-1.4220546864570422,-0.8508717507226792,-0.1450945192935837,0.04297651512698839,0.962401699811846,-1.1142963666247634
2019-10-19 02:00:00+00:00,-0.805689516743219,-0.3500842980036066,-1.4220546864570422,-0.9663823250926175,-0.16569363204232757,0.5256757377022737,1.01998774239363,-1.1142963666247634
2019-10-19 03:00:00+00:00,-0.8322853061601192,-0.6415429754232098,-1.4220546864570422,-1.0947121871346606,-0.18531987869978375,0.28551416426558984,1.043175603481004,-1.1142963666247634
2019-10-19 04:00:00+00:00,-0.7923920669723944,-1.089418810928971,-2.2787757789249383,-0.8472425993583774,-0.20401663031691356,-0.439722707448297,1.0096670287324676,-1.1142963666247634
2019-10-19 05:00:00+00:00,-0.8981793499809119,-1.6895916332473386,-2.2787757789249383,-0.5634958255553195,-0.22182556361805753,-0.6753337719051404,0.9755244650042131,-1.1142963666247634
2019-10-19 06:00:00+00:00,-0.8862792630041242,-1.6301882311558498,-2.2787757789249383,-0.5509106280400502,-0.2387867047868209,-1.1260830492473983,0.9407234584834514,-1.1142963666247634
2019-10-19 07:00:00+00:00,-0.8935159047706747,-1.3659602293356305,-2.2787757789249383,-0.5878438817822674,-0.25493847436158673,-1.9220907965791245,0.9052381126635103,-1.1142963666247634
2019-10-19 08:00:00+00:00,-1.1355061945347922,-1.6282789510008853,-1.4220546864570422,-0.7619962977889925,-0.2703177329510042,-2.09823899129689,0.8690409725778839,-1.1142963666247634
2019-10-19 09:00:00+00:00,-1.143337637255843,-1.0292025038402834,-0.9209049737864606,-1.230067554696256,-0.28495982750652665,-1.1260830492473983,0.8321028971844179,-1.1142963666247634
2019-10-19 10:00:00+00:00,-1.050913965468331,-1.2991934382331243,-2.2787757789249383,-0.9682491016892235,-0.2988986379144658,-1.3389308979647043,0.7943929184136015,-1.1142963666247634
2019-10-19 11:00:00+00:00,-0.9705486911636191,-0.8569429561255633,-1.4220546864570422,-1.223762842907616,-0.312166623694042,-0.9045781734247211,0.755878085172875,-1.1142963666247634
2019-10-19 12:00:00+00:00,-1.0251433035055613,-0.897863094993493,-0.9209049737864606,-1.1290617982001363,-0.3247948706105239,-0.19956113401161304,0.7165232903380542,-1.1142963666247634
2019-10-19 13:00:00+00:00,-0.9908533246022408,-0.8817412603560696,-2.2787757789249383,-0.9448605766731019,-0.33681313703367277,0.04297651512698839,0.6762910784556146,-1.1142963666247634
2019-10-19 14:00:00+00:00,-1.0283616152827546,-0.922593729023411,-0.9209049737864606,-1.1352519273875774,-0.3482498998914898,0.990531203678698,0.635141431516156,-1.1142963666247634
2019-10-19 15:00:00+00:00,-1.020004072219043,-0.7311264185073018,-2.2787757789249383,-1.0921571218885828,-0.3591324000875923,-0.19956113401133818,0.5930315297280628,-1.1142963666247634
2019-10-19 16:00:00+00:00,-1.0956335828210135,-0.811401732309265,-2.2787757789249383,-1.2076239552264165,-0.3694866872675078,-0.19956113401161304,0.5499154837066217,-1.1142963666247634
2019-10-19 17:00:00+00:00,-1.06320375524479,-0.6556819185636165,-0.5653335939891461,-1.027976951605171,-0.37933766383486467,-0.4397227074485675,0.5057440338794414,-1.1142963666247634
2019-10-19 18:00:00+00:00,-1.1176004726631616,-0.788287601872781,-2.2787757789249383,-1.0059166840489742,-0.3887091281328143,-1.1260830492473983,0.4604642121712596,-1.1142963666247634
2019-10-19 19:00:00+00:00,-1.09886513952574,-1.4672990918571962,-2.2787757789249383,-0.8471995729295183,-0.3976238167192049,-0.675333771904876,0.4140189601414525,-1.1142963666247634
2019-10-19 20:00:00+00:00,-1.1279263045899885,-1.2277264121661868,-0.9209049737864606,-0.9148000917899445,-0.4061034456760285,-1.1260830492473983,0.3663466966697366,-1.1142963666247634
2019-10-19 21:00:00+00:00,-1.0989602691524125,-1.2771681382334878,-0.9209049737864606,-1.0168936400696023,-0.41416875090458144,-0.6753337719051404,0.6288983081009966,-1.1142963666247634
2019-10-19 22:00:00+00:00,-1.0922849775658046,-0.9821685301470102,-0.9209049737864606,-1.1189027608752151,-0.421839527367679,-0.439722707448297,0.858058203164808,-1.1142963666247634
2019-10-19 23:00:00+00:00,-1.8969981849706354,-0.6453466928286598,-2.2787757789249383,-2.3596905531658066,-0.4291346672491481,0.990531203678698,0.8757005473384913,-1.1142963666247634
2019-10-20 01:00:00+00:00,-1.1193359866992543,-0.20397185929490666,-2.2787757789249383,-1.417970178573283,-0.442669313318879,0.5256757377025444,0.9104760879877454,-0.36252365923070684
2019-10-20 02:00:00+00:00,-1.0737806958507194,-0.29153472570294786,-2.2787757789249383,-1.4363847110550791,-0.44894241787205214,0.7612868021588529,0.9276157425838102,-0.36252365923070684
2019-10-20 03:00:00+00:00,-1.138912201616513,-0.30789931861285547,-1.4220546864570422,-1.5021918118806452,-0.4549071510613836,1.2120360795013752,1.3521437214984453,-0.36252365923070684
2019-10-20 04:00:00+00:00,-1.028580103783297,-0.1399477073998875,-1.4220546864570422,-1.5869246116626463,-0.4605784245318212,0.5256757377025444,1.2996481828921795,-0.36252365923070684
2019-10-20 05:00:00+00:00,-1.0165157817249462,-0.2978206725220528,-0.5653335939891461,-1.4387303093773003,-0.4659704526118651,0.990531203678698,1.245579693686094,-0.36252365923070684
2019-10-20 06:00:00+00:00,-1.0369790544405633,-0.271575743475796,-1.4220546864570422,-1.3928886538678134,-0.47109678263552557,0.04297651512698839,1.1898410722411523,-0.36252365923070684
2019-10-20 07:00:00+00:00,-1.082648095021218,-0.06824446411036193,-0.5653335939891461,-1.2574473616967232,-0.47597032416870344,-0.9045781734247211,1.132325842783411,-0.36252365923070684
2019-10-20 08:00:00+00:00,-1.202130131330726,-0.4547183887672998,-2.2787757789249383,-1.1892979886390487,-0.48060337715685325,-0.9045781734249775,1.0729170111205446,-0.36252365923070684
2019-10-20 09:00:00+00:00,-1.1171413950573688,-0.9273199656926021,-0.9209049737864606,-0.9899857787544688,-0.48500765901326565,-0.675333771904876,1.0114856318854093,-0.36252365923070684
2019-10-20 10:00:00+00:00,-1.0337083716349722,-1.171664660964979,-1.4220546864570422,-0.8416694133013378,-0.48919433066929546,0.04297651512698839,0.9478891232012335,-0.36252365923070684
2019-10-20 11:00:00+00:00,-1.012116423077888,-1.380471819866728,-0.5653335939891461,-0.7153753013830281,-0.4931740216096153,0.04297651512698839,0.8819692733775868,-0.36252365923070684
2019-10-20 12:00:00+00:00,-1.049614062979353,-0.8965745237891667,-0.9209049737864606,-0.9408220349807633,-0.49695685391690914,1.822926191420286,0.8135498695350118,-0.36252365923070684
2019-10-20 13:00:00+00:00,-1.0735007771260674,-0.588846263813344,-0.06418388131856471,-1.1318885598559205,-0.5005524653515708,1.424883928218681,0.7424338587029287,-0.36252365923070684
2019-10-20 14:00:00+00:00,-1.0943125129745463,-0.7578006483654754,-0.5653335939891461,-1.202504835397228,-0.5039700314927948,1.2120360795013752,0.668399926224354,-0.36252365923070684
2019-10-20 15:00:00+00:00,-0.9949971340379494,-1.3821818057165594,-2.2787757789249383,-0.8523825947524584,-0.507218286968101,0.7612868021591174,0.5911983417814488,-0.36252365923070684
2019-10-20 16:00:00+00:00,-1.1154242017921012,-1.2099231522132865,-2.2787757789249383,-0.9892637316836541,-0.5103055457987664,0.990531203678698,0.5105458764805011,-0.36252365923070684
2019-10-20 17:00:00+00:00,-1.1101352429467854,-0.5921731920080492,-2.2787757789249383,-1.3879681652151485,-0.513239720888883,0.04297651512698839,0.4261195299941834,-0.36252365923070684
2019-10-20 18:00:00+00:00,-0.8961294893134272,-0.8932785092942528,-2.2787757789249383,-1.3781862766563187,-0.5160283426858902,-0.19956113401161304,0.3375487169824197,-0.36252365923070684
2019-10-20 19:00:00+00:00,-0.8204793546340002,-0.9084997181123412,-1.4220546864570422,-1.384133491457553,-0.5186785770403856,-0.19956113401161304,0.24440543511295496,-0.36252365923070684
2019-10-20 20:00:00+00:00,-0.9585784508477244,-0.40735083069846306,-1.4220546864570422,-1.5712690197728392,-0.521197242292869,-0.439722707448297,0.1461917547628443,-0.36252365923070684
2019-10-20 21:00:00+00:00,-0.9049746204302396,-0.8865937416844639,-0.5653335939891461,-1.318748546069552,-0.5235908256148387,0.28551416426531495,2.024831187937733,-0.36252365923070684
2019-10-20 22:00:00+00:00,-1.0080766606381508,-0.5717684785004397,-2.2787757789249383,-1.4158050403238491,-0.5258654986313067,1.424883928218681,0.9359068909055815,-0.36252365923070684
2019-10-20 23:00:00+00:00,-1.7814284485540857,-0.3307589792293969,-1.4220546864570422,-2.4462718326679003,-0.528027132351401,1.424883928218681,-0.057374412897971704,-0.36252365923070684
2019-10-21 01:00:00+00:00,-0.7890832864692604,-0.7162783839433083,-0.5653335939891461,-1.420814156970177,-0.5320333478086888,1.822926191420286,0.6400703686372735,-0.7270195173611584
2019-10-21 02:00:00+00:00,-0.7391211793426394,-0.5660827350181156,-0.9209049737864606,-1.3873966226485808,-0.5338882936932363,2.0080438268331013,-0.23864794469947595,-0.7270195173611584
2019-10-21 03:00:00+00:00,-0.8201437173107864,-0.8428011880786692,-0.2895310048411366,-1.2053472434034116,-0.5356509540051961,2.0080438268331013,0.9321315290312585,-0.7270195173611584
2019-10-21 04:00:00+00:00,-0.787957274779976,-1.2818699667985631,-1.4220546864570422,-1.040325836126089,-0.5373258982183434,0.5256757377025444,1.011298874851782,-0.7270195173611584
2019-10-21 05:00:00+00:00,-0.9253606030075889,-2.3273061694329504,-0.5653335939891461,-0.13114457680010128,-0.5389174716709936,0.28551416426558984,1.087138653916903,-0.7270195173611584
2019-10-21 06:00:00+00:00,-0.8836486313928787,-2.745123563394551,-0.5653335939891461,0.32559670069895125,-0.5404298063540877,-0.4397227074485675,1.1599193482688965,-0.7270195173611584
2019-10-21 07:00:00+00:00,-0.8113573392428336,-2.8461436826307573,-0.9209049737864606,0.4058647144217734,-0.5418668312000865,-0.675333771904876,1.2298782026733046,-0.7270195173611584
2019-10-21 08:00:00+00:00,-1.017589743167875,-2.505729258062532,-0.9209049737864606,-0.06851047705216462,-0.5432322818938012,-1.3389308979647043,1.2972258900903495,-0.7270195173611584
2019-10-21 09:00:00+00:00,-0.8256223877627547,-2.9152288890616327,-0.9209049737864606,0.6104515859831963,-0.5445297102255872,0.04297651512698839,1.3621503373886354,-0.7270195173611584
2019-10-21 10:00:00+00:00,-0.8228461352774222,-2.66537073053017,-2.2787757789249383,0.1764354652974159,-0.5457624930066415,0.7612868021588529,1.4248198863978614,-0.7270195173611584
2019-10-21 11:00:00+00:00,-0.7449864520048817,-2.8669856729324676,-0.9209049737864606,0.5259733298013662,-0.5469338405654491,0.5256757377025444,1.4853859242298653,-0.7270195173611584
2019-10-21 12:00:00+00:00,-0.8280228445246616,-2.747506445773953,-0.2895310048411366,0.25115688553011406,-0.548046804843744,1.628569494542036,1.5439850863330595,-0.7270195173611584
2019-10-21 13:00:00+00:00,-0.7849034642349176,-2.834219619624179,-0.9209049737864606,0.34559851542590414,-0.5491042871096715,1.2120360795013752,1.6007411129519677,-0.7270195173611584
2019-10-21 14:00:00+00:00,-0.7909057783359088,-2.6027225038870077,-1.4220546864570422,0.11483626363273546,-0.550109045305195,1.2120360795013752,1.6557664224342399,-0.7270195173611584
2019-10-21 15:00:00+00:00,-0.8875535576948431,-2.078328880419583,-0.2895310048411366,-0.524585952552374,-0.5510637010441046,0.5256757377022737,1.7091634516793945,-0.7270195173611584
2019-10-21 16:00:00+00:00,-0.7440365291844967,-2.429980451911172,-0.5653335939891461,0.37291539968452275,-0.5176207221416635,0.7612868021591174,1.761025803900231,-0.7270195173611584
2019-10-21 17:00:00+00:00,-0.6747639796839942,-2.7461125450019397,-0.9209049737864606,0.652062288955776,-0.4859992358666843,1.2120360795013752,1.811439236008307,-0.7270195173611584
2019-10-21 18:00:00+00:00,-0.5606646772610304,-2.9588207614167685,-0.5653335939891461,1.1252737244525512,-0.3885028418972501,-0.6753337719051404,1.8604825117851027,-0.7270195173611584
2019-10-21 19:00:00+00:00,-0.6459589754002112,-2.9054552094103268,-0.06418388131856471,0.8647597097101016,-0.36383605070349745,-0.439722707448297,1.908228142153041,-0.7270195173611584
2019-10-21 20:00:00+00:00,-0.48845133867171875,-3.0982767941190725,-0.2895310048411366,1.440788432082938,-0.34048394454232006,-0.6753337719051404,1.9547430300131619,-0.7270195173611584
2019-10-21 21:00:00+00:00,-0.60339820406616,-3.0589072183607287,-0.9209049737864606,1.1299872846381647,-0.35174290334210073,-0.439722707448297,2.0376830906243266,-0.7270195173611584
2019-10-21 22:00:00+00:00,-0.4879579311001631,-3.1237853503615054,-0.9209049737864606,1.243685130996066,-0.36245594702437556,-0.19956113401161304,1.3682191821201317,-0.7270195173611584
2019-10-21 23:00:00+00:00,-1.5304105692686754,-2.5789553440500836,-0.5653335939891461,-0.7195984725919277,-0.3726487584616262,0.28551416426558984,1.7709369056958328,-0.7270195173611584
2019-10-22 01:00:00+00:00,-0.8596207308901711,-2.1140312765585705,-0.5653335939891461,-0.29153105211676095,-0.3596819513886392,0.28551416426558984,2.3781729932243185,1.1117319098147809
2019-10-22 02:00:00+00:00,-0.8041738827698184,-2.606704006969575,0.29138749847874984,0.2711993862490687,-0.37000954352061,0.990531203678698,2.8293965643755548,1.1117319098147809
2019-10-22 03:00:00+00:00,-0.8395916135058159,-2.5071836797542058,0.43696583135201694,0.21173025274171073,-0.3798350855640789,0.990531203678698,2.659646691767366,1.1117319098147809
2019-10-22 04:00:00+00:00,-0.7844781362490691,-2.190988387312143,-2.2787757789249383,-0.12783291959611773,-0.3891823197860392,0.5256757377025444,2.62617120103088,1.1117319098147809
2019-10-22 05:00:00+00:00,-0.4656253537007463,-1.8743751601689007,-1.4220546864570422,0.5424577439445285,-0.39807392883394993,0.990531203678698,2.59206298446621,1.1117319098147809
2019-10-22 06:00:00+00:00,-0.7077489518581318,-1.9958769189650132,-0.9209049737864606,0.004077090011921829,-0.40653157699370035,0.7612868021588529,2.557297662009358,1.1117319098147809
2019-10-22 07:00:00+00:00,-0.8788130516367834,-2.1812395109768636,-1.4220546864570422,-0.012093734416035699,-0.4145759504310615,0.04297651512698839,2.5218494167574623,1.1117319098147809
2019-10-22 08:00:00+00:00,-0.9456255812215134,-1.8536588064535595,-0.06418388131856471,-0.553934635016527,-0.4222267963784168,-0.19956113401161304,2.4856908797956643,1.1117319098147809
2019-10-22 09:00:00+00:00,-0.9415380222515177,-1.9275584462505981,-0.9209049737864606,-0.36140354233536914,-0.39575538386395603,1.2120360795013752,2.4487930032476237,1.1117319098147809
2019-10-22 10:00:00+00:00,-0.9400307325482165,-1.521194970251674,-1.4220546864570422,-0.7176129380960581,-0.370701201732772,2.0080438268333065,2.411124920074511,1.1117319098147809
2019-10-22 11:00:00+00:00,-1.2228153762292717,-0.8148250270697204,-0.5653335939891461,-1.3421999200724128,-0.3469836447658893,1.822926191420286,2.372653788927132,1.1117319098147809
2019-10-22 12:00:00+00:00,-1.1711572014700333,-1.187474452007987,0.43696583135201694,-1.0766158238644101,-0.32452718082229765,2.3517563703261777,2.333344622097252,1.1117319098147809
2019-10-22 13:00:00+00:00,-1.0638250982273054,-1.3350532020696477,-0.9209049737864606,-0.9985901099056697,-0.3032609811849158,3.3237472304844355,2.293160094309542,1.1117319098147809
2019-10-22 14:00:00+00:00,-0.7787892964792821,-1.9990870580525482,-0.06418388131856471,0.132819886332452,-0.08720183003905252,2.5111891562297117,2.2520603297354156,1.1117319098147809
2019-10-22 15:00:00+00:00,-0.37774005534865035,-3.2770872454251285,1.2936869238199127,1.6264087123935302,0.14318305645396287,1.2120360795013752,2.210002664182652,1.1117319098147809
2019-10-22 16:00:00+00:00,-0.4420971914521877,-3.2159024806978076,-0.06418388131856471,1.5242279416758175,0.1404754572020402,0.5256757377022737,2.1669413789057645,1.1117319098147809
2019-10-22 17:00:00+00:00,-0.24670714690510825,-3.130855128878197,0.5671900876267599,1.6368739602714442,0.13790225404122167,0.28551416426558984,2.122827401873567,1.1117319098147809
2019-10-22 18:00:00+00:00,-0.3805828067772958,-3.0882819562056363,0.8914689790124918,1.3959972084295404,0.13545682243174628,-0.439722707448297,2.0776079715998015,1.1117319098147809
2019-10-22 19:00:00+00:00,-0.33270104521652666,-3.0922732374052484,-0.06418388131856471,1.5116477205249248,0.13313285986641474,-0.19956113401161304,2.031226257761924,1.1117319098147809
2019-10-22 20:00:00+00:00,-0.5315909552384602,-2.813178249449561,-0.06418388131856471,0.9088867011870378,0.13092437065214588,0.28551416426558984,1.9836209317663034,1.1117319098147809
2019-10-22 21:00:00+00:00,-0.7571440360592234,-2.702718876486382,-0.5653335939891461,0.48369094421089875,0.09755277009689414,0.04297651512698839,2.396455960563192,1.1117319098147809
2019-10-22 22:00:00+00:00,-0.7157230409074258,-2.7569102616683496,-0.9209049737864606,0.5728508326043504,0.09711680800760863,0.28551416426531495,1.3767345793998327,1.1117319098147809
2019-10-22 23:00:00+00:00,-1.7928460929066863,-1.8262687385364542,-1.4220546864570422,-1.442297873593774,0.09670261852345026,0.04297651512698839,0.3071121254811962,1.1117319098147809
2019-10-23 01:00:00+00:00,-0.9618433010307024,-1.5268691529836038,-2.2787757789249383,-0.7034762954306217,0.03452824386372788,-1.542616464287833,-0.3703117989516892,0.15818470952708158
2019-10-23 02:00:00+00:00,-0.9463764321379516,-1.4440170805496237,-0.5653335939891461,-0.6763256363502091,0.005562037941333011,-1.1260830492473983,0.2188316925922165,0.15818470952708158
2019-10-23 03:00:00+00:00,-0.937973664018088,-0.8302164657932078,-2.2787757789249383,-1.089639330575787,-0.02206887724341645,-1.3389308979647043,-0.36830558078383524,0.15818470952708158
2019-10-23 04:00:00+00:00,-1.0138247115610115,-0.6590305625036416,-0.9209049737864606,-1.2198709952132252,-0.0484210670835694,-1.9220907965791245,-0.35746127040364983,0.15818470952708158
2019-10-23 05:00:00+00:00,-0.9854410588370904,-0.9400090172693449,-2.2787757789249383,-1.020769268822634,-0.04149341317829452,-2.4252361259757347,-0.3466817369166046,0.15818470952708158
2019-10-23 06:00:00+00:00,-1.113958299622175,-0.9784053374185842,-2.2787757789249383,-1.2008406369898958,0.12301622678165808,-2.5770204581907694,-0.335966211045104,0.15818470952708158
2019-10-23 07:00:00+00:00,-1.0701950283480184,-0.3529593518108138,-1.4220546864570422,-1.337081509192911,0.12131084471602542,-2.8595900752912873,-0.3253139371343838,0.15818470952708158
2019-10-23 08:00:00+00:00,-0.8968893894403113,-0.30585289316473757,-2.2787757789249383,-1.30379987437195,0.08837596095303883,-2.4252361259757347,-0.3147241728327448,0.15818470952708158
2019-10-23 09:00:00+00:00,-0.8533878791975724,-0.4276328236640043,-2.2787757789249383,-1.3029774137053192,0.05694162884751037,-1.3389308979647043,-0.3041961887811096,0.15818470952708158
2019-10-23 10:00:00+00:00,-0.8519531512300492,-0.21747380444938388,-2.2787757789249383,-1.288497090153117,0.026945866873932408,-0.9045781734247211,-0.2937292683115861,0.15818470952708158
2019-10-23 11:00:00+00:00,-0.8961852951580147,-0.8378587853292794,-2.2787757789249383,-1.1000002005109337,-0.0016713210837605017,-1.1260830492473983,-0.2833227071547213,0.15818470952708158
2019-10-23 12:00:00+00:00,-0.9007225391205443,-1.5361957030121705,-1.4220546864570422,-0.7409811051256053,-0.028967956617052683,-0.675333771904876,-0.2729758131551469,0.15818470952708158
2019-10-23 13:00:00+00:00,-0.8664888050957193,-1.5642459094227599,-1.4220546864570422,-0.6731729907256424,-0.05500010327094277,-0.19956113401161304,-0.2626879059953322,0.15818470952708158
2019-10-23 14:00:00+00:00,-0.7776037924548058,-1.6001124955842665,-1.4220546864570422,-0.6665127058865044,-0.07982188802527371,0.7612868021588529,-0.25245831692716575,0.15818470952708158
2019-10-23 15:00:00+00:00,-0.8093035272866153,-1.9160718157639072,-1.4220546864570422,-0.47750361366127964,-0.1034855272184138,0.5256757377025444,-0.24228638851110107,0.15818470952708158
2019-10-23 16:00:00+00:00,-0.7618129121003248,-1.9121808946852805,-1.4220546864570422,-0.47211821200432563,-0.12604135638284994,0.28551416426558984,-0.23217147436261407,0.15818470952708158
2019-10-23 17:00:00+00:00,-0.7142387461008806,-2.03211974526754,-0.9209049737864606,-0.23881694134679354,-0.14753786349359632,-0.4397227074485675,-0.22211293890572795,0.15818470952708158
2019-10-23 18:00:00+00:00,-0.5448377836647701,-2.4874646629063517,-0.9209049737864606,0.2358973969013119,-0.16802172516204397,-1.3389308979647043,-0.2121101571333642,0.15818470952708158
2019-10-23 19:00:00+00:00,-0.6577872180163776,-2.470161891008258,-2.2787757789249383,0.1671129924278395,-0.18753784533962828,-0.439722707448297,-0.2021625143743068,0.15818470952708158
2019-10-23 20:00:00+00:00,-0.5739420898113722,-2.7653881180544464,-1.4220546864570422,0.5681098483932537,-0.20612939612712383,0.990531203678698,-0.19226940606654544,0.15818470952708158
2019-10-23 21:00:00+00:00,-0.6158899264899725,-2.3960661099491314,-2.2787757789249383,0.19578220120308346,-0.2238378603162014,-0.19956113401161304,-0.1824302375368036,0.15818470952708158
2019-10-23 22:00:00+00:00,-0.5631344297206979,-2.3219610081468076,-2.2787757789249383,0.10804784256514181,-0.2407030753199211,1.2120360795013752,1.4261349125252727,0.15818470952708158
2019-10-23 23:00:00+00:00,-1.3881662880048906,-2.6358479046657797,-0.5653335939891461,-0.6629736962664495,-0.22384757025557694,1.424883928218681,1.1068451900575116,0.15818470952708158
2019-10-24 01:00:00+00:00,-0.4298071164435761,-2.729163073824328,-0.2895310048411366,0.6940803596352555,-0.2567720832872559,1.2120360795013752,0.6504499140594197,-2.731746737078643
2019-10-24 02:00:00+00:00,-0.4212126889107687,-2.746447286432604,0.12634439684537754,0.828073982550125,-0.23907497795807298,1.8229261914205017,2.389167553465945,-2.731746737078643
2019-10-24 03:00:00+00:00,-0.16496199624710242,-2.9092832074129418,0.12634439684537754,1.2703975288547513,-0.22230463955720237,1.6285694945418097,1.2452907030462368,-2.731746737078643
2019-10-24 04:00:00+00:00,-0.31270410795747616,-2.7168397561500455,-0.5653335939891461,0.8114045729437724,-0.2064104598654553,1.2120360795013752,1.2270989267291024,-2.731746737078643
2019-10-24 05:00:00+00:00,-0.22062013721677853,-3.000231106174059,-0.06418388131856471,1.063619066477756,-0.19134480467092238,1.2120360795013752,1.2087218949165504,-2.731746737078643
2019-10-24 06:00:00+00:00,-0.09896777867526035,-3.075946538795344,0.12634439684537754,1.4422519186276304,-0.20975571172743704,0.28551416426558984,1.1901557956671573,-2.731746737078643
2019-10-24 07:00:00+00:00,-0.23001344437421178,-2.990383584912459,0.12634439684537754,1.1056452902668277,-0.22729166415160892,-0.19956113401161304,1.1713966981597692,-2.731746737078643
2019-10-24 08:00:00+00:00,-0.1211609413984167,-2.9947102837954174,-0.9209049737864606,1.2797241705911842,-0.24399217428014133,-1.542616464287833,1.152440547698326,-2.731746737078643
2019-10-24 09:00:00+00:00,-0.24519282524681796,-2.5865401723087893,-0.5653335939891461,0.7812053906212655,-0.2598951632192404,-2.09823899129689,1.1332831604515432,-2.731746737078643
2019-10-24 10:00:00+00:00,-0.5035696193692438,-2.464328330932119,-0.2895310048411366,0.3399796771194225,-0.2750370067638996,-1.3389308979647043,1.1139202179103638,-2.731746737078643
2019-10-24 11:00:00+00:00,-0.25022884413964597,-2.991271711867399,-0.5653335939891461,1.3084079799872537,-0.2894525817962545,-0.675333771904876,1.0943472610448233,-2.731746737078643
2019-10-24 12:00:00+00:00,-0.16404889206539483,-2.751128199882327,-0.5653335939891461,1.1526430974651445,-0.30317531293324934,-0.4397227074485675,1.0745596841405534,-2.731746737078643
2019-10-24 13:00:00+00:00,-0.3023736263048111,-2.632721122317023,-1.4220546864570422,0.6697366830462538,-0.3162372192174063,-0.4397227074485675,1.0545527282936018,-2.731746737078643
2019-10-24 14:00:00+00:00,-0.2628105955195413,-2.657736553306546,-0.9209049737864606,0.6143251290032791,-0.3286689606666403,0.28551416426558984,1.034321474540592,-2.731746737078643
2019-10-24 15:00:00+00:00,-0.4873482516848,-2.1961520367764984,-0.9209049737864606,-0.13121677769218631,-0.34049988451977414,0.04297651512698839,1.0138608365994122,-2.731746737078643
2019-10-24 16:00:00+00:00,-0.4071743653073362,-1.916696086587721,-0.5653335939891461,-0.46016548029597215,-0.351758071033684,-0.19956113401161304,0.9931655531936322,-2.731746737078643
2019-10-24 17:00:00+00:00,-0.46504953389459297,-1.7985675685204392,-0.2895310048411366,-0.5307647711520015,-0.3624703787059512,-0.439722707448297,0.9722301799316742,-2.731746737078643
2019-10-24 18:00:00+00:00,-0.2548505080998727,-2.1065844855919633,-0.2895310048411366,-0.004711138028106336,-0.37266248881340736,-0.9045781734247211,0.9510490807093717,-2.731746737078643
2019-10-24 19:00:00+00:00,-0.1922444524855002,-2.47403020464955,0.29138749847874984,0.2146177419215579,-0.3823589491722444,-0.4397227074485675,0.9296164186019608,-2.731746737078643
2019-10-24 20:00:00+00:00,-0.3530855621223539,-2.575016761796466,0.43696583135201694,0.10449609525971965,-0.39158321703932303,-0.19956113401161304,0.9079261462086776,-2.731746737078643
2019-10-24 21:00:00+00:00,-0.45197260528892064,-2.6405589302229404,0.29138749847874984,0.2770802941765205,-0.4003577010871419,0.5256757377025444,0.3591131811633631,-2.731746737078643
2019-10-24 22:00:00+00:00,-0.5508448093844417,-2.5823929117315374,0.12634439684537754,0.3041514921917844,-0.4087038023965475,0.04297651512698839,1.136170481210944,-2.731746737078643
2019-10-24 23:00:00+00:00,-1.3371360966753216,-2.6351750333222883,-0.2895310048411366,-0.4413792532523236,-0.41664195442189045,1.2120360795013752,1.6775794309997596,-2.731746737078643
2019-10-25 01:00:00+00:00,-0.6099177584556811,-2.2946454682275115,-0.2895310048411366,-0.025793183705283385,-0.43137153862594263,0.5256757377025444,2.431269569358795,0.16469356413655367
2019-10-25 02:00:00+00:00,-0.3995815791177267,-2.1546756661451005,-0.9209049737864606,-0.281161624244501,-0.43819934422595225,1.2120360795013752,2.71568357713996,0.16469356413655367
2019-10-25 03:00:00+00:00,-0.48575218766377665,-2.4933882088806083,-0.2895310048411366,0.3510896868126842,-0.44469201966545824,0.04297651512698839,2.6480549914358305,0.16469356413655367
2019-10-25 04:00:00+00:00,-0.5337128481793918,-2.8071206057277003,-0.5653335939891461,0.8602058149472903,-0.45086572173551265,-0.19956113401161304,2.577792982993702,0.16469356413655367
2019-10-25 05:00:00+00:00,-0.5301714927161916,-2.6903595063150925,0.29138749847874984,0.6342022939606546,-0.4567358563670042,-1.3389308979647043,2.504684124737531,0.16469356413655367
2019-10-25 06:00:00+00:00,-0.4174075748843983,-2.7042599145510615,-1.4220546864570422,0.5162762934597405,-0.4623171108265207,-0.9045781734247211,2.42848794381021,0.16469356413655367
2019-10-25 07:00:00+00:00,-0.3878617473096065,-1.3138329944217275,-0.5653335939891461,-0.28639230518932285,-0.36631787840888863,-2.09823899129689,2.3489321495554467,0.16469356413655367
2019-10-25 08:00:00+00:00,-0.5894370829313619,-0.20764717479691397,0.5671900876267599,-1.2750074179458744,-0.34283369745986436,-2.8595900752912873,2.2657067602548526,0.16469356413655367
2019-10-25 09:00:00+00:00,-0.695949937395743,-0.06891055466930025,-1.4220546864570422,-1.2669005694118576,-0.3539787933100825,-1.1260830492473983,2.1784568088388827,0.16469356413655367
2019-10-25 10:00:00+00:00,-0.7663515828877234,-0.16455727245755067,-0.2895310048411366,-1.2415787454969915,-0.3645833241565544,-0.675333771904876,2.086773193920942,0.16469356413655367
2019-10-25 11:00:00+00:00,-0.6469158674301484,-0.1288341017914571,-0.5653335939891461,-1.3179509459589442,-0.3746727373735691,0.28551416426531495,1.9901810797999924,0.16469356413655367
2019-10-25 12:00:00+00:00,-0.6519948305602628,-0.17179798941137864,-0.5653335939891461,-1.4047561461516622,-0.3842713556667596,-1.3389308979644676,1.8881250126353422,0.16469356413655367
2019-10-25 13:00:00+00:00,-0.6583649161395508,-0.1567250441652415,-0.9209049737864606,-1.4219118603789311,-0.3934024197912057,-0.19956113401161304,1.7799495699534706,0.16469356413655367
2019-10-25 14:00:00+00:00,-0.710758092330795,-0.23187964980046172,-0.9209049737864606,-1.4064144582751896,-0.40208813033090807,0.5256757377022737,1.6648738316503764,0.16469356413655367
2019-10-25 15:00:00+00:00,-0.7406261770184905,-0.28664219358156456,-0.9209049737864606,-1.2670366190634337,-0.4103496884859942,0.28551416426558984,1.5419571427143626,0.16469356413655367
2019-10-25 16:00:00+00:00,-0.7691463189335551,-0.5130885384967011,-0.2895310048411366,-1.2447669308757148,-0.41820733582433667,-0.9045781734247211,1.410052340368257,0.16469356413655367
2019-10-25 17:00:00+00:00,-0.7539402831675103,-0.7343696214052391,-0.5653335939891461,-1.098668205973143,-0.4256803929636965,-0.4397227074485675,1.2677404996720891,0.16469356413655367
2019-10-25 18:00:00+00:00,-0.8548087020995317,-0.7641625611550268,-0.9209049737864606,-0.9847854941359359,-0.4327872971588932,-0.675333771904876,1.1132376766310632,0.16469356413655367
2019-10-25 19:00:00+00:00,-0.9515411540228998,-0.8616142825918981,-0.9209049737864606,-1.0235131523512446,-0.4395456387761039,-1.1260830492473983,0.9442578635650203,0.16469356413655367
2019-10-25 20:00:00+00:00,-0.9183576792738614,-0.5943960028734091,-0.06418388131856471,-1.0434427918226017,-0.4459721966431418,-1.3389308979647043,0.7578049035949928,0.16469356413655367
2019-10-25 21:00:00+00:00,-0.9535886274866563,-0.5417889604358225,-0.9209049737864606,-1.0490988467065976,-0.45208297227056315,-0.19956113401161304,0.5498440073981491,0.16469356413655367
2019-10-25 22:00:00+00:00,-0.9312635432339457,-0.3314699933185293,-1.4220546864570422,-0.9893493061310802,-0.45789322294378015,0.04297651512698839,0.3147582061780838,0.16469356413655367
2019-10-25 23:00:00+00:00,-1.806119260639822,0.12060387188672937,-0.9209049737864606,-2.0320125056258753,-0.46341749369103297,0.7612868021591174,0.04439495489661591,0.16469356413655367
2019-10-26 01:00:00+00:00,-0.9744408009106832,-0.5021868908257698,-1.4220546864570422,-0.8511636463494171,-0.473662898248631,0.28551416426558984,1.3805008284391205,-2.367250878948191
2019-10-26 02:00:00+00:00,-0.9986784896232334,-0.9223769003897093,-0.5653335939891461,-0.8187294294489943,-0.47840983300653944,2.184192021550867,1.799764138580705,-2.367250878948191
2019-10-26 03:00:00+00:00,-0.9970992350503797,-1.1325215992145818,-0.5653335939891461,-0.7630419201987898,-0.48292244599053474,1.424883928218681,1.6277020655899226,-2.367250878948191
2019-10-26 04:00:00+00:00,-1.0628733746155365,-0.9693811791259663,-0.5653335939891461,-0.8941969775460216,-0.48721216192932865,-0.19956113401161304,1.6092345239603871,-2.367250878948191
2019-10-26 05:00:00+00:00,-0.9260569348614102,-1.2983159975878422,-1.4220546864570422,-0.7986326744070458,-0.4912898622189263,-0.19956113401161304,1.5905760382410175,-2.367250878948191
2019-10-26 06:00:00+00:00,-0.8958399795581472,-1.7722137026895541,-0.5653335939891461,-0.4878140826270748,-0.4951659094394349,-0.675333771904876,1.5717226186326219,-2.367250878948191
2019-10-26 07:00:00+00:00,-0.8875793204223738,-1.3902414247292705,-0.9209049737864606,-0.5613136350632518,-0.4988501708944925,-1.3389308979647043,1.5526701489635768,-2.367250878948191
2019-10-26 08:00:00+00:00,-0.8962672483079228,-1.49613247750954,-2.2787757789249383,-0.5860797984756043,-0.5023520411993309,-1.9220907965791245,1.533414381295888,-2.367250878948191
2019-10-26 09:00:00+00:00,-0.9511896678321953,-1.066006993922012,0.12634439684537754,-0.8349765937891889,-0.5056804639442429,-0.675333771904876,1.5139509302403613,-2.367250878948191
2019-10-26 10:00:00+00:00,-0.9177951852377837,-1.416027907648296,-1.4220546864570422,-0.5793972068520278,-0.508843952460722,-1.1260830492473983,1.494275266961841,-2.367250878948191
2019-10-26 11:00:00+00:00,-0.8125940099862676,-1.722474092581647,-2.2787757789249383,-0.30143955897056435,-0.511850609717916,0.04297651512698839,1.4743827128540319,-2.367250878948191
2019-10-26 12:00:00+00:00,-0.7775095113343453,-2.080367386748597,-1.4220546864570422,-0.08246891708858552,-0.5147081473771841,0.28551416426531495,1.4542684328617954,-2.367250878948191
2019-10-26 13:00:00+00:00,-0.8011888338543929,-2.2693917027232815,-0.9209049737864606,0.11611160107334534,-0.5174239040326086,0.28551416426558984,1.4339274284270884,-2.367250878948191
2019-10-26 14:00:00+00:00,-0.7266948304700102,-1.597063626309425,-2.2787757789249383,-0.289398874657595,-0.520004862665194,0.5256757377025444,1.4133545300327806,-2.367250878948191
2019-10-26 15:00:00+00:00,-0.8163218549409309,-1.0978468687412528,-1.4220546864570422,-0.6203696304604353,-0.5224576673382996,0.28551416426558984,1.392544389316549,-2.367250878948191
2019-10-26 16:00:00+00:00,-0.8027002848384254,-1.0499948713496294,-0.9209049737864606,-0.7981238561836075,-0.5247886391615603,0.04297651512698839,1.3714914707247368,-2.367250878948191
2019-10-26 17:00:00+00:00,-0.8507159995066289,-0.6590670899756227,0.29138749847874984,-0.9276542848539334,-0.5270037915501441,-0.4397227074485675,1.3501900426736027,-2.367250878948191
2019-10-26 18:00:00+00:00,-0.8346263705843664,-0.5238146580555213,-0.5653335939891461,-1.0947762161945442,-0.5291088448057862,-0.675333771904876,1.328634168182646,-2.367250878948191
2019-10-26 19:00:00+00:00,-0.8085156562595952,-0.2186188225014218,-1.4220546864570422,-1.0587723548833883,-0.5311092400455041,-0.9045781734249775,1.3068176949417207,-2.367250878948191
2019-10-26 20:00:00+00:00,-0.7709547610920617,-0.47530425395583364,-2.2787757789249383,-1.042705045146973,-0.5330101525033629,-1.1260830492473983,1.2847342447703531,-2.367250878948191
2019-10-26 21:00:00+00:00,-0.7731205237038913,-0.49879732135918253,-1.4220546864570422,-0.9639323521850371,-0.5348165042300517,-0.439722707448297,1.262377202424082,-2.367250878948191
2019-10-26 22:00:00+00:00,-0.7955891983004677,-0.4610917210694362,-1.4220546864570422,-1.0478488378540005,-0.536532976214426,0.28551416426558984,0.46697912517810086,-2.367250878948191
2019-10-26 23:00:00+00:00,-1.5608537564548581,-0.6439135053862438,-0.9209049737864606,-2.074950844955053,-0.538164019950505,0.5256757377022737,-0.9896687659717517,-2.367250878948191
2019-10-27 01:00:00+00:00,-0.7103257323654658,-0.9499789177382822,-0.9209049737864606,-0.7142281899028036,-0.5411865468817924,0.28551416426558984,-0.748163703030922,-0.704238526228005
2019-10-27 02:00:00+00:00,-0.724202171788745,-1.5055560169656237,-2.2787757789249383,-0.43206627342839404,-0.5425858823819991,0.04297651512698839,-0.638540495434355,-0.704238526228005
2019-10-27 03:00:00+00:00,-0.7792790926799198,-1.6593364919568743,-0.9209049737864606,-0.2962322390019026,-0.5439155138517573,0.7612868021588529,-0.5351968462417096,-0.704238526228005
2019-10-27 04:00:00+00:00,-0.7611493022845877,-1.586166512351206,-0.9209049737864606,-0.40239610524621205,-0.5451789009664212,0.04297651512698839,-0.4374521419573532,-0.704238526228005
2019-10-27 05:00:00+00:00,-0.827448559841862,-1.213852891892675,-0.9209049737864606,-0.6588109488618674,-0.5463793328933857,0.04297651512698839,-0.34473075685367094,-0.704238526228005
2019-10-27 06:00:00+00:00,-0.8066495154658099,-1.0649678915078216,-0.2895310048411366,-0.6629043834179944,-0.5475199365779345,-1.1260830492473983,-0.25654151174336753,-0.704238526228005
2019-10-27 07:00:00+00:00,-0.7197606542053243,-1.4897316697610674,-0.9209049737864606,-0.49517822008552576,-0.5486036846378943,-1.542616464287833,-0.17246192305322697,-0.704238526228005
2019-10-27 08:00:00+00:00,-0.7389528400324382,-1.6920833344673507,-0.5653335939891461,-0.38167283482378966,-0.5496334028844387,-1.7369731611665251,-0.09212596118402128,-0.704238526228005
2019-10-27 09:00:00+00:00,-0.7355459544217176,-0.9979506158608591,-1.4220546864570422,-0.7321918280432689,-0.5506117774857192,-0.9045781734247211,-0.015214419807858674,-0.704238526228005
2019-10-27 10:00:00+00:00,-0.7011676466540537,-1.0006428225995134,-2.2787757789249383,-0.7483249338055418,-0.5515413617893868,-0.439722707448297,0.058552744890402415,-0.704238526228005
2019-10-27 11:00:00+00:00,-0.692077104916264,-0.906031313218989,-0.2895310048411366,-0.6927982874215752,-0.5524245828194001,0.28551416426531495,0.12942256962177318,-0.704238526228005
2019-10-27 12:00:00+00:00,-0.7389360156238625,-0.742795263207131,-2.2787757789249383,-0.8361000702546832,-0.5532637474619414,0.5256757377025444,0.19761407563374084,-0.704238526228005
2019-10-27 13:00:00+00:00,-0.7222896417791208,-0.41687571661546996,-1.4220546864570422,-0.9749094514838201,-0.5540610483546247,0.7612868021588529,0.26332235102323764,-0.704238526228005
2019-10-27 14:00:00+00:00,-0.7741995572325517,-0.44577988271126584,-2.2787757789249383,-1.0572350733326943,-0.554818569492636,1.2120360795013752,0.32672191553655605,-0.704238526228005
2019-10-27 15:00:00+00:00,-0.8988359106076811,-0.6899984872916545,-0.5653335939891461,-0.9975403326345564,-0.5555382915648431,0.5256757377025444,0.38796951406447894,-0.704238526228005
2019-10-27 16:00:00+00:00,-0.766975553281761,-0.8139051257827674,-1.4220546864570422,-0.8205438074705856,-0.5562220970324065,-0.4397227074485675,0.44720645142107734,-0.704238526228005
2019-10-27 17:00:00+00:00,-0.8537856439305739,-0.6568413558606976,-1.4220546864570422,-0.9087160115136931,-0.5568717749618451,-0.439722707448297,0.5045605559296384,-0.704238526228005
2019-10-27 18:00:00+00:00,-0.734886594350383,-0.22524796576033204,-1.4220546864570422,-1.045676612586736,-0.5574890256240423,-0.9045781734247211,0.5601478404553302,-0.704238526228005
2019-10-27 19:00:00+00:00,-0.7327546274803032,0.025881941961119075,-2.2787757789249383,-1.1974432162638016,-0.5580754648701582,-1.1260830492473983,0.6140739151578796,-0.704238526228005
2019-10-27 20:00:00+00:00,-0.6341034106059427,0.04404546844646167,-0.2895310048411366,-1.203021285561743,-0.5586326282949313,-0.9045781734249775,0.6664351952080809,-0.704238526228005
2019-10-27 21:00:00+00:00,-0.6341788978793856,0.05569963504018301,-0.2895310048411366,-1.1590636758361312,-0.5591619751974104,-0.19956113401133818,0.7173199381720439,-0.704238526228005
2019-10-27 22:00:00+00:00,-0.8362215980378886,-0.06964820491837537,-0.06418388131856471,-1.2059544767250174,-0.559664892348709,0.04297651512698839,0.4097464734818108,-0.704238526228005
2019-10-27 23:00:00+00:00,-1.5563611654427565,-0.06178427694126485,-1.4220546864570422,-2.137479168852943,-0.560142697575923,0.990531203678698,-0.5303680994503632,-0.704238526228005
2019-10-28 01:00:00+00:00,-0.6462881218003944,-0.06400692621555856,-0.06418388131856471,-1.2052474482122353,-0.5610279191327944,0.5256757377025444,-0.4661723377915539,0.5714969772285761
2019-10-28 02:00:00+00:00,-0.6815167378502434,0.030581015327903395,0.43696583135201694,-1.2271406039777806,-0.5614376562505985,1.628569494542036,-0.43491100084467366,0.5714969772285761
2019-10-28 03:00:00+00:00,-0.587174366479798,0.030911464468259816,0.29138749847874984,-1.0764236658928776,-0.56182692903625,1.4248839282184442,-0.4041819971710497,0.5714969772285761
2019-10-28 04:00:00+00:00,-0.5392435390608978,-0.06768172254664907,0.12634439684537754,-1.1984538796270656,-0.5621967585125875,0.28551416426558984,-0.3739675002453578,0.5714969772285761
2019-10-28 05:00:00+00:00,-0.5877771271950817,-0.07606891129920108,-0.06418388131856471,-1.0019936169271086,-0.5625481148648711,0.7612868021591174,-0.3442505642652847,0.5714969772285761
2019-10-28 06:00:00+00:00,-0.726891610577763,-0.12652398043518476,0.43696583135201694,-1.1399889638245435,-0.5628819199618892,-0.4397227074485675,-0.3150150670738451,0.5714969772285761
2019-10-28 07:00:00+00:00,-0.7581514064341565,-0.09712576603945751,0.8914689790124918,-1.1405564582375511,-0.5631990497530218,-0.675333771904876,-0.2862456576319195,0.5714969772285761
2019-10-28 08:00:00+00:00,-0.7129163721633294,-0.1575389707627345,0.43696583135201694,-1.1375197802116856,-0.5635003365472808,-0.19956113401161304,-0.2579277076125431,0.5714969772285761
2019-10-28 09:00:00+00:00,-0.661950662260224,-0.06570937422552742,0.43696583135201694,-1.081161879792719,-0.5637865711800368,-0.6753337719051404,-0.2300472667348275,0.5714969772285761
2019-10-28 10:00:00+00:00,-0.6337399973478469,-0.06510125981008902,0.7925372111493315,-1.12946593094736,-0.5640585050729012,0.7612868021591174,-0.20259102149608396,0.5714969772285761
2019-10-28 11:00:00+00:00,-0.6566168370863695,-0.08169284672888862,0.6849922567119894,-1.0662127596027913,-0.5643168521919556,0.990531203678698,-0.1755462569965582,0.5714969772285761
2019-10-28 12:00:00+00:00,-0.5988994698435706,-0.06848461079178708,0.43696583135201694,-1.0188899907211932,-0.5645622909092798,0.990531203678698,-0.14890082158276063,0.5714969772285761
2019-10-28 13:00:00+00:00,-0.5930281003167404,-0.0863352380386293,0.7925372111493315,-0.9473965930710175,-0.5647954657724991,1.2120360795013752,-0.12264309406329862,0.5714969772285761
2019-10-28 14:00:00+00:00,-0.5229696783107727,-0.0739411263097898,-0.2895310048411366,-1.091581187306346,-0.5650169891868396,1.628569494542036,-0.09676195327581963,0.5714969772285761
2019-10-28 15:00:00+00:00,-0.5728622391564486,-0.22804928100562868,0.29138749847874984,-1.0786561294491872,-0.5652274430139763,0.5256757377022737,-0.07124674980559494,0.5714969772285761
2019-10-28 16:00:00+00:00,-0.4801108179894879,-0.8600309845922697,0.7925372111493315,-0.8238718715834316,-0.5654273800917387,-0.19956113401133818,-0.04608727967573458,0.5714969772285761
2019-10-28 17:00:00+00:00,-0.5548541836602147,-0.5948232932928299,0.6849922567119894,-0.9323190240628206,-0.565617325678563,0.04297651512698839,-0.021273759846362747,0.5714969772285761
2019-10-28 18:00:00+00:00,-0.5057540877177329,-0.170313023086656,0.8914689790124918,-0.9960519293577788,-0.565797778826375,-0.6753337719051404,0.0032031946244821144,0.5714969772285761
2019-10-28 19:00:00+00:00,-0.6197000151121935,-0.14006541832172004,0.43696583135201694,-1.0237446051620587,-0.4632210442496404,-0.9045781734247211,0.027352591891657126,0.5714969772285761
2019-10-28 20:00:00+00:00,-0.5428301650900534,-0.09278330321219308,0.43696583135201694,-1.016772053030987,-0.36716475428063794,-0.19956113401161304,0.051183083226530805,0.5714969772285761
2019-10-28 21:00:00+00:00,-0.6171166121166862,-0.24995438758166863,0.5671900876267599,-1.117211908882183,-0.31030402208559515,-0.19956113401161304,0.07470298162346584,0.5714969772285761
2019-10-28 22:00:00+00:00,-0.5557692560070078,0.05035410675279312,0.5671900876267599,-0.9679872219269906,-0.15843723601690549,0.9905312036789543,-0.5385877177315781,0.5714969772285761
2019-10-28 23:00:00+00:00,-1.4769906652645077,0.018710589993751404,0.12634439684537754,-2.0138133699340446,-0.11346892193756353,0.7612868021588529,-1.4747184070345971,0.5714969772285761
2019-10-29 01:00:00+00:00,-0.8747360959742216,0.07528833277567971,-0.5653335939891461,-0.9736433368970551,-0.12578069624699584,0.9905312036789543,0.321354356843751,-0.20631114860337
2019-10-29 02:00:00+00:00,-0.6032978457184209,0.1359590761850793,-0.2895310048411366,-1.0227490325914874,-0.14728946396301767,2.184192021550867,-0.635918959236125,-0.20631114860337
2019-10-29 03:00:00+00:00,-0.6313137461263857,0.15463489280179826,-0.06418388131856471,-1.036090312052379,-0.16778504426298377,2.184192021550867,-0.6637672010045353,-0.20631114860337
2019-10-29 04:00:00+00:00,-0.6898303237044912,0.1342437849061503,0.29138749847874984,-1.1159377452999244,-0.18731236184291253,0.7612868021588529,-0.6920519340085114,-0.20631114860337
2019-10-29 05:00:00+00:00,-0.6118264851496326,-0.11912034908089472,-0.2895310048411366,-0.8744701253758026,-0.20591460905434322,-0.4397227074485675,-0.7207870594853399,-0.20631114860337
2019-10-29 06:00:00+00:00,-0.754851024464619,-0.3253122998287158,-0.06418388131856471,-0.8454843269622839,-0.22363328842746566,-0.19956113401133818,-0.7499871535163392,-0.20631114860337
2019-10-29 07:00:00+00:00,-0.7357256143869356,-0.8336342708357705,0.5671900876267599,-0.6265087907493081,-0.2405082565870652,-0.4397227074485675,-0.779667511427276,-0.20631114860337
2019-10-29 08:00:00+00:00,-0.7028066350205917,-1.4452033772037638,0.5671900876267599,-0.24509912218200375,-0.2565777692466046,-1.1260830492473983,-0.8098441959015199,-0.20631114860337
2019-10-29 09:00:00+00:00,-0.6483722556888523,-1.839142640568011,0.43696583135201694,-0.011786709394131671,-0.27187852699364407,-0.4397227074485675,-0.8405340891848201,-0.20631114860337
2019-10-29 10:00:00+00:00,-0.6754561366190652,-1.85281753995875,-0.2895310048411366,-0.012792901957272515,-0.28644572160636167,0.28551416426558984,-0.8717549498064943,-0.20631114860337
2019-10-29 11:00:00+00:00,-0.6814352315290317,-1.744267229804545,1.148108590946646,-0.16230937104481982,-0.3003130826662362,-0.439722707448297,-0.9035254742941757,-0.20631114860337
2019-10-29 12:00:00+00:00,-0.6639676412330622,-1.5437413220827503,1.148108590946646,-0.22272835016708029,-0.3135129242557873,0.990531203678698,-0.935865364419125,-0.20631114860337
2019-10-29 13:00:00+00:00,-0.5938226283243266,-1.5889954174572773,0.43696583135201694,-0.2255321812479934,-0.3260761915527268,0.5256757377022737,-0.9687954005777237,-0.20631114860337
2019-10-29 14:00:00+00:00,-0.5131711464199068,-1.6708146990572983,0.5671900876267599,-0.1467576277563669,-0.3380325071528832,0.28551416426558984,-1.0023375219935802,-0.20631114860337
2019-10-29 15:00:00+00:00,-0.633925506477188,-1.2974432150740458,-0.5653335939891461,-0.33484248583992365,-0.3494102169738587,0.7612868021591174,-1.036514914515426,-0.20631114860337
2019-10-29 16:00:00+00:00,-0.6357491464288749,-0.6919220736606071,0.7925372111493315,-0.7281343317152714,-0.360236435609582,0.5256757377022737,-1.071352106890759,-0.20631114860337
2019-10-29 17:00:00+00:00,-0.569752074940849,-1.3668139176187033,0.12634439684537754,-0.4259561868082662,-0.3705370910227485,-0.19956113401161304,-1.1068750765164639,-0.20631114860337
2019-10-29 18:00:00+00:00,-0.594574892336053,-0.9295048846145691,1.4239111800946556,-0.7469161238742438,-0.3803369684776725,-0.9045781734247211,-1.1431113658084036,-0.20631114860337
2019-10-29 19:00:00+00:00,-0.4288283688624374,-0.6340692897939632,1.068339800297341,-0.824965783439918,-0.38965975363032657,-1.542616464287833,-1.180090210495816,-0.20631114860337
2019-10-29 20:00:00+00:00,-0.5201094581891332,-0.15387233278132556,0.6849922567119894,-1.0705795468622443,-0.3985280747053801,-1.3389308979647043,-1.2178426813376324,-0.20631114860337
2019-10-29 21:00:00+00:00,-0.48248689337381684,-0.029152410507311797,0.5671900876267599,-1.1195284701172277,-0.40696354370196497,-1.1260830492473983,-1.2317539368765207,-0.20631114860337
2019-10-29 22:00:00+00:00,-0.5611880273835946,0.021700602458700795,0.7925372111493315,-1.0769297469368233,-0.4149867965806739,0.7612868021588529,-0.8139757663494658,-0.20631114860337
2019-10-29 23:00:00+00:00,-1.3397613288010104,-0.23453842562266256,0.5671900876267599,-1.889637072167744,-0.42261753239410543,-0.19956113401161304,-1.0629343541889469,-0.20631114860337
2019-10-30 01:00:00+00:00,-0.6855096789512946,-0.4789381941967693,-0.2895310048411366,-0.795611462853386,-0.4367757916604994,1.2120360795013752,1.4574475574915726,-0.06311634719497786
2019-10-30 02:00:00+00:00,-0.7685972772074992,-0.4071177128393307,-2.2787757789249383,-0.6861296352195119,-0.44333836554022465,1.424883928218681,1.9846683821817226,-0.06311634719497786
2019-10-30 03:00:00+00:00,-0.779990904696672,-0.7324864295311292,0.29138749847874984,-0.7162571716484649,-0.44957859371800646,2.184192021550867,1.9022669334836453,-0.06311634719497786
2019-10-30 04:00:00+00:00,-0.8283820867802277,-1.0714251314070307,-1.4220546864570422,-0.43846940670741086,-0.4555120390879194,1.2120360795013752,1.8159221187934063,-0.06311634719497786
2019-10-30 05:00:00+00:00,-0.7781935502279509,-2.0470359633792543,0.12634439684537754,0.3030193810068301,-0.4611535391260384,0.04297651512698839,1.7252374612394028,-0.06311634719497786
2019-10-30 06:00:00+00:00,-0.7098747381347925,-2.1231983294388597,-0.5653335939891461,0.2725119335492362,-0.4665172372057418,-0.6753337719051404,1.6297535098985476,-0.06311634719497786
2019-10-30 07:00:00+00:00,-0.7564052773386213,-1.9461916561030783,0.29138749847874984,0.20602158529523829,-0.4716166128047089,-1.1260830492473983,1.5289337539918988,-0.06311634719497786
2019-10-30 08:00:00+00:00,-0.7809663216663443,-1.916989179292841,0.43696583135201694,0.20881886191562538,-0.4764645106179699,-1.1260830492473983,1.4221463642670849,-0.06311634719497786
2019-10-30 09:00:00+00:00,-0.7467803470334006,-1.8205717461584459,0.29138749847874984,0.11847393633771724,-0.4810731685941561,-0.675333771904876,1.3086401842277042,-0.06311634719497786
2019-10-30 10:00:00+00:00,-0.7993825756544298,-1.5656784360021323,0.12634439684537754,-0.08931476795158323,-0.48545424491449185,-0.4397227074485675,1.1875126512075989,-0.06311634719497786
2019-10-30 11:00:00+00:00,-0.8706523875981177,-1.248894169164267,0.12634439684537754,-0.27504422865715583,-0.4896188439360798,0.990531203678698,1.0576661560024911,-0.06311634719497786
2019-10-30 12:00:00+00:00,-0.7675944596764219,-1.6438342891540076,-0.06418388131856471,0.05596957655317626,-0.49357754112268376,1.2120360795013752,0.9177474497761603,-0.06311634719497786
2019-10-30 13:00:00+00:00,-0.8224269084997621,-1.6952503762933269,-0.2895310048411366,0.032714350778591715,-0.4973404069875842,0.5256757377025444,0.7660615248877984,-0.06311634719497786
2019-10-30 14:00:00+00:00,-0.8178900976243929,-1.5552211896200017,0.43696583135201694,0.28345178423176637,-0.5009170300741415,0.990531203678698,0.6004458684951892,-0.06311634719497786
2019-10-30 15:00:00+00:00,-0.8271671716772313,-0.30015872034083785,-0.06418388131856471,-0.6714509316161625,-0.5043165390005571,0.28551416426558984,0.41808096968641284,-0.06311634719497786
2019-10-30 16:00:00+00:00,-0.7692458133399956,-0.07826412281819238,-0.2895310048411366,-0.6914162681622908,-0.50754762359591,-0.19956113401161304,0.215193880499599,-0.06311634719497786
2019-10-30 17:00:00+00:00,-0.8848306851534898,-0.559102164805387,0.5671900876267599,-0.6867477675670896,-0.5106185551549793,-0.9045781734247211,-0.01342692328805929,-0.06311634719497786
2019-10-30 18:00:00+00:00,-0.7962059706479873,-0.26376705135783,-0.06418388131856471,-0.6840401562604832,-0.5135372058396035,-2.5770204581907694,-0.2752708385649555,-0.06311634719497786
2019-10-30 19:00:00+00:00,-0.7281473655750343,0.022199295503203827,-0.2895310048411366,-0.9191971938560805,-0.5163110672544077,-1.7369731611665251,-0.5816627378957013,-0.06311634719497786
2019-10-30 20:00:00+00:00,-0.7403492590691816,0.11252484760722054,0.6849922567119894,-0.9221336654137232,-0.518947268224709,-0.9045781734247211,-0.9509319988483995,-0.06311634719497786
2019-10-30 21:00:00+00:00,-0.6839034001154343,0.09761363525750026,-0.5653335939891461,-0.8365322750113431,-0.5214525918042239,-0.9045781734247211,-1.4157291001625807,-0.06311634719497786
2019-10-30 22:00:00+00:00,-0.6621819876485697,0.12125271254794158,-0.9209049737864606,-0.8938930233203184,-0.5238334915399704,-0.4397227074485675,-1.5389647691409156,-0.06311634719497786
2019-10-30 23:00:00+00:00,-1.5602081496655162,0.1863460195743093,-0.06418388131856471,-1.865831133290512,-0.5260961070213869,0.04297651512698839,-1.3709163675649279,-0.06311634719497786
2019-10-31 01:00:00+00:00,-0.5762479566364891,0.23663747801735796,0.12634439684537754,-0.987238555016666,-0.5302895622878285,0.5256757377025444,-0.20611009928703083,0.8090701704743163
2019-10-31 02:00:00+00:00,-0.47696015061671415,0.2075483070678082,-0.9209049737864606,-0.9555526019419444,-0.5322312419139297,1.2120360795013752,-0.20591724751892276,0.8090701704743163
2019-10-31 03:00:00+00:00,-0.49057681034570255,0.17665119583088032,-0.9209049737864606,-1.024997270480834,-0.5340763434744333,0.7612868021588529,-0.20572441635795635,0.8090701704743163
2019-10-31 04:00:00+00:00,-0.5155526047674514,0.2216941685325871,-1.4220546864570422,-1.021818643660993,-0.5358296467901498,0.04297651512698839,-0.15150726802638967,0.8090701704743163
2019-10-31 05:00:00+00:00,-0.49640869561813505,0.18707020081223205,-2.2787757789249383,-0.9788755469434994,-0.537495697441709,0.7612868021591174,-0.09887160582073096,0.8090701704743163
2019-10-31 06:00:00+00:00,-0.47663359068538197,0.09219352336364416,-1.4220546864570422,-0.9621179765535623,-0.5390788180232761,-0.4397227074485675,-0.04772777644414969,0.8090701704743163
2019-10-31 07:00:00+00:00,-0.4606310607208293,-0.06468863352408494,-0.06418388131856471,-0.8200214135562532,-0.5405831188775693,-0.675333771904876,0.0020064594920898102,0.8090701704743163
2019-10-31 08:00:00+00:00,-0.5449820947461612,-1.322731187684255,-1.4220546864570422,-0.2954008354382654,-0.5420125083339277,-1.7369731611665251,0.050406723048052306,0.8090701704743163
2019-10-31 09:00:00+00:00,-0.38689317039693505,-2.098831438099509,-0.06418388131856471,0.24224626390006362,-0.5433707024704713,0.28551416426558984,0.09754270860066516,0.8090701704743163
2019-10-31 10:00:00+00:00,-0.4120611228045506,-2.0380086815944853,-0.2895310048411366,0.38363462467007264,-0.5446612344207195,0.7612868021588529,0.14347878743476233,0.8090701704743163
2019-10-31 11:00:00+00:00,-0.2466858476988047,-2.424853358277386,-1.4220546864570422,0.7267678642677773,-0.5458874632443338,0.7612868021591174,0.18827453639870895,0.8090701704743163
2019-10-31 12:00:00+00:00,-0.1358841668826461,-2.6982645106860326,-0.9209049737864606,1.4085236572013362,-0.5470525823809483,1.822926191420286,0.23198520251847932,0.8090701704743163
2019-10-31 13:00:00+00:00,0.045494478407268335,-3.1131310103326877,-0.06418388131856471,1.8404456459589464,-0.5481596277053973,0.7612868021591174,0.27466211266001594,0.8090701704743163
2019-10-31 14:00:00+00:00,-0.06351811058647026,-2.805355257355408,-0.06418388131856471,1.4251684954152835,-0.5492114852019547,-0.19956113401161304,0.3163530358592035,0.8090701704743163
2019-10-31 15:00:00+00:00,-0.4440812826554248,-2.389007260684755,-0.9209049737864606,0.843907497424496,-0.5502108982745416,0.28551416426558984,0.3571025047340485,0.8090701704743163
2019-10-31 16:00:00+00:00,-0.33628158910964845,-2.3687421793212775,-0.06418388131856471,0.8772087869589711,-0.5511604747092246,-0.4397227074485675,0.3969521014018163,0.8090701704743163
2019-10-31 17:00:00+00:00,-0.5696346712074606,-1.7062709865245205,-0.2895310048411366,0.14820229994718773,-0.5520626933046678,-1.3389308979647043,0.43594071250350686,0.8090701704743163
2019-10-31 18:00:00+00:00,-0.6233836558938236,-1.2711718267194634,-0.06418388131856471,-0.1168086902535177,-0.5529199101856038,-1.542616464287833,0.47410475725654483,0.8090701704743163
2019-10-31 19:00:00+00:00,-0.5338306738894036,-1.3306866104933384,-0.2895310048411366,-0.14841096083971897,-0.5537343648137705,-1.1260830492473983,0.511478391888002,0.8090701704743163
2019-10-31 20:00:00+00:00,-0.4590105283098742,-1.2649090856735028,0.29138749847874984,-0.07439509544397892,-0.5545081857101685,-1.5426164642880593,0.5480936933243865,0.8090701704743163
2019-10-31 21:00:00+00:00,-0.5117701785409492,-0.8900021556007799,-0.5653335939891461,-0.265723634684582,-0.5552433959019447,-0.9045781734247211,0.6942487993922025,0.8090701704743163
2019-10-31 22:00:00+00:00,-0.533080346964752,-0.37311483924785294,-0.2895310048411366,-0.6208067378537218,-0.5559419181066177,-0.6753337719051404,0.35555052599599796,0.8090701704743163
2019-10-31 23:00:00+00:00,-1.411476944682437,-0.36159821677552123,-0.2895310048411366,-1.7304968198083193,-0.556605579665856,0.04297651512698839,0.9123114352534659,0.8090701704743163
2019-11-01 01:00:00+00:00,-0.5061420701037288,0.028235725058977326,0.12634439684537754,-0.8830547743331472,-0.5578351812778795,1.2120360795013752,1.6808569088751388,-1.2802721591663084
2019-11-01 02:00:00+00:00,-0.46644648322797244,-0.045495102428220635,-0.2895310048411366,-0.8319779095748806,-0.5584043402624707,0.5256757377022737,1.4927640904502903,-1.2802721591663084
2019-11-01 03:00:00+00:00,-0.560737908938764,-0.4541934972423424,-0.06418388131856471,-0.7677233509665499,-0.5589450847595349,1.8229261914205017,1.400684036524246,-1.2802721591663084
2019-11-01 04:00:00+00:00,-0.6978688414272778,-0.7470125631306301,-0.5653335939891461,-0.5450579821514737,-0.5594588312620823,1.2120360795013752,1.332708177324253,-1.2802721591663084
2019-11-01 05:00:00+00:00,-0.5530111802967266,-1.9039157022282522,-0.5653335939891461,0.0646062825574356,-0.5599469258501549,0.7612868021588529,1.2620712450174283,-1.2802721591663084
2019-11-01 06:00:00+00:00,-0.432901989790959,-2.2884948439774284,0.12634439684537754,0.4082608623736459,-0.5604106476714602,-1.1260830492473983,1.1885563732618591,-1.2802721591663084
2019-11-01 07:00:00+00:00,-0.375164589713279,-2.5108626080050263,0.29138749847874984,0.6839395975502555,-0.560851212251859,-1.1260830492473983,1.1119190548743145,-1.2802721591663084
2019-11-01 08:00:00+00:00,-0.39494223837505,-1.4826288709786832,0.12634439684537754,-0.10517881631376735,-0.5612697746438313,-2.09823899129689,1.0318822352969528,-1.2802721591663084
2019-11-01 09:00:00+00:00,-0.4528179908590107,0.08613920679553658,-0.06418388131856471,-0.8468781625131192,-0.5616674324206928,-1.5426164642880593,0.9481302666022294,-1.2802721591663084
2019-11-01 10:00:00+00:00,-0.4391604531254225,0.19487559177678515,-0.9209049737864606,-0.844974423619795,-0.5276451707693459,-0.675333771904876,0.8603013889574918,-1.2802721591663084
2019-11-01 11:00:00+00:00,-0.5149834172236807,0.19196732162790292,0.12634439684537754,-0.8752428818476887,-0.5297183394561946,-1.7369731611663093,0.7679782870373725,-1.2802721591663084
2019-11-01 12:00:00+00:00,-0.4641335833128103,0.2335592184073942,-0.2895310048411366,-0.9043310281586255,-0.5316884264755574,-0.9045781734249775,0.6706760978400922,-1.2802721591663084
2019-11-01 13:00:00+00:00,-0.46185201160207073,0.21311176730751838,-1.4220546864570422,-0.8452922877069816,-0.5335605299734387,-0.675333771904876,0.5678269972157394,-1.2802721591663084
2019-11-01 14:00:00+00:00,-0.48502163908049606,-0.03220270983711591,-1.4220546864570422,-0.6861471882115592,-0.5353394986002321,-0.19956113401161304,0.45876012256947496,-1.2802721591663084
2019-11-01 15:00:00+00:00,-0.6040757083733941,0.02441690261346391,-0.9209049737864606,-0.681911174103117,-0.5370299434638443,0.04297651512698839,0.34267502861706434,-1.2802721591663084
2019-11-01 16:00:00+00:00,-0.553430127856023,-0.09945944251643024,-0.06418388131856471,-0.6801310353797761,-0.5386362495351711,-0.675333771904876,0.21860600340523803,-1.2802721591663084
2019-11-01 17:00:00+00:00,-0.5813946184588327,-0.16872074682635446,-0.2895310048411366,-0.5180136833754148,-0.5401625865285665,-1.1260830492473983,0.08537318706906687,-1.2802721591663084
2019-11-01 18:00:00+00:00,-0.5390537926538969,0.0034323362058325604,0.43696583135201694,-0.6088895475569717,-0.5416129192792314,-1.7369731611665251,-0.058485834846884785,-1.2802721591663084
2019-11-01 19:00:00+00:00,-0.49345859018842314,0.10542571575156046,-0.5653335939891461,-0.6816737137868227,-0.5429910176387827,-1.7369731611663093,-0.2148141416935821,-1.2802721591663084
2019-11-01 20:00:00+00:00,-0.45143749504684694,0.11385526887493715,0.5671900876267599,-0.6808257209721483,-0.5443004659095437,-1.1260830492473983,-0.3859802537799875,-1.2802721591663084
2019-11-01 21:00:00+00:00,-0.5628959552017091,0.2163503598312713,-1.4220546864570422,-0.7122136809792502,-0.5455446718374366,-0.675333771904876,-0.12209342915679659,-1.2802721591663084
2019-11-01 22:00:00+00:00,-0.5607926360374332,0.2794170810387771,-0.9209049737864606,-0.655537421456449,-0.5467268751826284,-1.3389308979647043,-0.6001227989201658,-1.2802721591663084
2019-11-01 23:00:00+00:00,-1.408185993974561,0.3218235633793141,-0.9209049737864606,-1.7400208629003266,-0.5478501558864328,0.5256757377022737,-1.8741103991889034,-1.2802721591663084
2019-11-02 01:00:00+00:00,-0.6004880404899546,0.2519558661818734,-0.06418388131856471,-0.7660191120822575,-0.5499315163578488,-0.19956113401161304,0.6881826560242355,-1.3258341414326147
2019-11-02 02:00:00+00:00,-0.6075907934493799,0.2884866100607824,0.12634439684537754,-0.7500758153872016,-0.5508950251150296,0.04297651512698839,0.6372921256028247,-1.3258341414326147
2019-11-02 03:00:00+00:00,-0.6778298662914005,0.3353665306180549,-0.2895310048411366,-0.6837149574312467,-0.5518104829932791,1.2120360795013752,0.584924717305379,-1.3258341414326147
2019-11-02 04:00:00+00:00,-0.6880066755012607,0.3635186663091694,-0.9209049737864606,-0.6870130090465658,-0.5526802804218873,0.5256757377022737,0.530992142551975,-1.3258341414326147
2019-11-02 05:00:00+00:00,-0.6346083710981535,0.4679861781522137,0.29138749847874984,-0.577717393627406,-0.5535066894856145,0.28551416426558984,0.4753979512770294,-1.3258341414326147
2019-11-02 06:00:00+00:00,-0.5863383092078521,0.4617294888643195,-0.2895310048411366,-0.7700831452464905,-0.5542918697277682,-0.675333771904876,0.41803649391838027,-1.3258341414326147
2019-11-02 07:00:00+00:00,-0.5349857008704745,0.550822268861401,-0.5653335939891461,-0.6511002405925972,-0.5550378736741726,-1.1260830492473983,0.3587917129486246,-1.3258341414326147
2019-11-02 08:00:00+00:00,-0.5468630114100486,0.40090281544589784,-0.06418388131856471,-0.7153460787113072,-0.5557466520909184,-1.7369731611665251,0.2975357292144796,-1.3258341414326147
2019-11-02 09:00:00+00:00,-0.5350119123248233,0.25961901775268825,-0.9209049737864606,-0.8480716171742657,-0.5564200589882393,-0.19956113401133818,0.23412717980135606,-1.3258341414326147
2019-11-02 10:00:00+00:00,-0.4155739270555254,0.3085630388519488,-0.06418388131856471,-0.8710305251124122,-0.5570598563823472,-0.4397227074485675,0.1684092530992869,-1.3258341414326147
2019-11-02 11:00:00+00:00,-0.3198766576729379,0.35922993591734775,0.8914689790124918,-0.8057500280660834,-0.557667718826528,0.04297651512698839,0.1002073523644554,-1.3258341414326147
2019-11-02 12:00:00+00:00,-0.3312378061964867,0.382512172398301,0.12634439684537754,-0.8866624448956257,-0.5582452377223354,-0.4397227074485675,0.029326300165516163,-1.3258341414326147
2019-11-02 13:00:00+00:00,-0.32168902286994233,0.35399183440495624,0.29138749847874984,-0.8947057918112066,-0.5587939254212306,-0.19956113401133818,-0.04445302899026652,-1.3258341414326147
2019-11-02 14:00:00+00:00,-0.26466542034264917,0.2231770139054134,0.12634439684537754,-0.8582906362328115,-0.5593152191265666,0.5256757377022737,-0.12137779421641422,-1.3258341414326147
2019-11-02 15:00:00+00:00,-0.24759881007129683,0.0723107217327162,0.29138749847874984,-0.8456603335855392,-0.5598104846053696,-0.19956113401161304,-0.20172818402107512,-1.3258341414326147
2019-11-02 16:00:00+00:00,-0.3046978258415061,0.1525981187558068,0.29138749847874984,-0.8697659124209913,-0.5602810197189665,0.04297651512698839,-0.28582357703177286,-1.3258341414326147
2019-11-02 17:00:00+00:00,-0.3876372436392539,0.08878530049488506,-1.4220546864570422,-0.7828305869610049,-0.5607280577810673,0.04297651512698839,-0.3740302096677573,-1.3258341414326147
2019-11-02 18:00:00+00:00,-0.35925730221243496,-0.390626553214343,-0.5653335939891461,-0.7055447452114274,-0.5611527707515634,-0.439722707448297,-0.466770815943751,-1.3258341414326147
2019-11-02 19:00:00+00:00,-0.5289066867896236,0.0554606761844056,-1.4220546864570422,-0.8010693248456783,-0.5615562722738938,-0.6753337719051404,-0.5645368812507459,-1.3258341414326147
2019-11-02 20:00:00+00:00,-0.5544619158769157,0.2216797225776319,-0.2895310048411366,-0.7734554840809904,-0.5619396205634876,-0.439722707448297,-0.6679044097167575,-1.3258341414326147
2019-11-02 21:00:00+00:00,-0.5245299072730264,0.17095936021367278,0.29138749847874984,-0.8538753788382356,-0.5623038211544413,0.28551416426558984,-0.7880200900840846,-1.3258341414326147
2019-11-02 22:00:00+00:00,-0.5080139156387764,0.1786324181553658,0.12634439684537754,-0.806333055042648,-0.5626498295112731,0.28551416426531495,-0.9167044552839414,-1.3258341414326147
2019-11-02 23:00:00+00:00,-1.3804363190556825,0.1253254863378343,-0.9209049737864606,-1.8688652393200265,-0.5629785535122463,0.9905312036789543,-1.055274590274642,-1.3258341414326147
2019-11-03 01:00:00+00:00,-0.4197587088731524,0.13926520110080298,-0.5653335939891461,-1.029421055127037,-0.5635875560788409,1.4248839282184442,0.7411789798626292,-1.146840639672125
2019-11-03 02:00:00+00:00,-0.43642632240920154,0.12475362375238436,0.12634439684537754,-1.1207584875988255,-0.5638694331440174,1.2120360795013752,0.6797617210788851,-1.146840639672125
2019-11-03 03:00:00+00:00,-0.34383765521144677,0.09626038168406546,-0.2895310048411366,-1.063774067942556,-0.5641372270155498,1.2120360795013752,0.6161803457101651,-1.146840639672125
2019-11-03 04:00:00+00:00,-0.35644507101701833,0.21338570987410704,-0.5653335939891461,-0.9646310553046885,-0.5643916408145565,0.7612868021591174,0.550276755099551,-1.146840639672125
2019-11-03 05:00:00+00:00,-0.42455923835975456,0.3773043964497415,-0.9209049737864606,-0.7890842370839283,-0.5646333426072511,0.5256757377022737,0.481874866870002,-1.146840639672125
2019-11-03 06:00:00+00:00,-0.446065421288143,0.3619260452279685,-0.9209049737864606,-0.8592923287663025,-0.564862967147844,-0.439722707448297,0.41077777953257316,-1.146840639672125
2019-11-03 07:00:00+00:00,-0.4753652425384138,0.3799992524419469,-0.9209049737864606,-0.8077888522167371,-0.5650811175352517,-0.4397227074485675,0.3367643552833631,-1.146840639672125
2019-11-03 08:00:00+00:00,-0.5490196172509774,0.38242879022180326,-0.2895310048411366,-0.8084074854017288,-0.5652883667878364,-1.3389308979647043,0.2595850715729807,-1.146840639672125
2019-11-03 09:00:00+00:00,-0.5860108766912703,0.36747689163347125,-0.9209049737864606,-0.8368146694881067,-0.5654852593401943,-0.9045781734247211,0.17895694525556524,-1.146840639672125
2019-11-03 10:00:00+00:00,-0.40589264491516885,0.34542493775672983,-0.2895310048411366,-0.8735529405160872,-0.5656723124657973,0.5256757377025444,0.09455726882475951,-1.146840639672125
2019-11-03 11:00:00+00:00,-0.42434996359410904,0.390300416172853,-0.06418388131856471,-0.8600031155613038,-0.5658500176291543,-0.19956113401161304,0.006015808672569692,-1.146840639672125
2019-11-03 12:00:00+00:00,-0.3849615841518056,0.43039677699153917,0.12634439684537754,-0.8943608685567185,-0.566018841770928,-1.1260830492473983,-0.08709501129044514,-1.146840639672125
2019-11-03 13:00:00+00:00,-0.23777878763222748,0.3817772188566636,-0.06418388131856471,-0.9554454042665294,-0.5661792285293172,0.5256757377025444,-0.18527259909993563,-1.146840639672125
2019-11-03 14:00:00+00:00,-0.2656888635602058,0.32354931506305956,-0.2895310048411366,-1.0188823985316524,-0.5663315994008403,0.7612868021588529,-0.28910028133810706,-1.146840639672125
2019-11-03 15:00:00+00:00,-0.35604575138046335,0.36363219535245483,-0.2895310048411366,-1.004668445757067,-0.5664763548435011,0.28551416426558984,-0.39926830649750844,-1.146840639672125
2019-11-03 16:00:00+00:00,0.28046842596614885,0.42405815217588033,0.5671900876267599,-0.7051746828159692,-0.5666138753251749,0.7612868021588529,-0.5166016865269204,-1.146840639672125
2019-11-03 17:00:00+00:00,-0.2401606840016499,0.3104340237130475,0.43696583135201694,-1.0686327005257987,-0.5667445223199276,-0.19956113401161304,-0.6420977353999159,-1.146840639672125
2019-11-03 18:00:00+00:00,-0.2692530751805195,0.306128528506333,0.6849922567119894,-0.9818897200086455,-0.566868639254816,-0.675333771904876,-0.7769776630722922,-1.146840639672125
2019-11-03 19:00:00+00:00,-0.1925454768992528,0.30469508109045723,0.29138749847874984,-1.042824939275239,-0.5669865524096471,-0.19956113401161304,-0.9227590549528831,-1.146840639672125
2019-11-03 20:00:00+00:00,-0.21175414517415797,0.3309527265174777,-0.06418388131856471,-1.062926219122886,-0.5670985717719849,0.04297651512698839,-1.081360283187808,-1.146840639672125
2019-11-03 21:00:00+00:00,-0.290577239116708,0.2713900161275423,-0.2895310048411366,-0.983624353398595,-0.5672049918496468,0.5256757377025444,-1.1509444272275753,-1.146840639672125
2019-11-03 22:00:00+00:00,-0.3800013390427844,0.35309429120936825,0.9830654893132735,-0.8805321754901824,-0.5673060924427782,0.7612868021588529,-1.2308807924918355,-1.146840639672125
2019-11-03 23:00:00+00:00,-1.1869392360356876,0.34945832001581956,0.12634439684537754,-1.7581660913275758,-0.5674021393775085,1.2120360795013752,-1.2458165147302973,-1.146840639672125
2019-11-04 01:00:00+00:00,-0.22105415010431181,0.21682453329757612,-0.06418388131856471,-0.8255789098802342,-0.56758006985436,0.990531203678698,-1.2760639977245676,-1.5503896254594107
2019-11-04 02:00:00+00:00,-0.24148990044052718,-0.03739758673367907,-0.5653335939891461,-0.7500276199081324,-0.5676624212811407,1.424883928218681,-1.291380007928766,-1.5503896254594107
2019-11-04 03:00:00+00:00,-0.16459585892055656,-0.48533622880282,0.12634439684537754,-0.5882679917247654,-0.5677406560463951,2.0080438268331013,-1.3068271210982199,-1.5503896254594107
2019-11-04 04:00:00+00:00,-0.15021152853762426,-0.9892580856848473,0.29138749847874984,-0.31819388836121054,-0.5678149798945118,1.424883928218681,-1.322407601072147,-1.5503896254594107
2019-11-04 05:00:00+00:00,0.010941041224851114,-1.7113274101375353,0.29138749847874984,0.14360560444592899,-0.5678855882913041,0.990531203678698,-1.3381237708375597,-1.5503896254594107
2019-11-04 06:00:00+00:00,-0.08603504794545486,-1.112326564166225,0.43696583135201694,-0.2399019555476238,-0.5679526669370968,0.04297651512698839,-1.3539780146078684,-1.5503896254594107
2019-11-04 07:00:00+00:00,-0.09653493322324097,-1.1885594205131318,-0.9209049737864606,-0.1773194812589563,-0.5680163922542385,-0.439722707448297,-1.369972779993606,-1.5503896254594107
2019-11-04 08:00:00+00:00,-0.09628857018509752,-1.3805737489746384,-0.2895310048411366,-0.019428222551702585,-0.5680769318503179,-0.6753337719051404,-1.3861105802702134,-1.5503896254594107
2019-11-04 09:00:00+00:00,-0.15775036653995983,-0.4680726868963619,0.12634439684537754,-0.5138493500777543,-0.5681344449582791,-0.439722707448297,-1.4023939967481451,-1.5503896254594107
2019-11-04 10:00:00+00:00,-0.12881199220102046,-0.4647365377904936,-0.9209049737864606,-0.4807049722778782,-0.5681890828545967,0.5256757377022737,-1.4188256812508777,-1.5503896254594107
2019-11-04 11:00:00+00:00,-0.17176566865117346,-0.07855960281016047,-0.06418388131856471,-0.5374530672045831,-0.568240989256592,0.28551416426558984,-1.4354083587067785,-1.5503896254594107
2019-11-04 12:00:00+00:00,-0.24485613934892803,0.2691549779935898,0.29138749847874984,-0.6334238463149401,-0.5682903006999385,0.5256757377025444,-1.4521448298611663,-1.5503896254594107
2019-11-04 13:00:00+00:00,-0.18065216795427536,0.3221041803226745,-0.06418388131856471,-0.6083786256445923,-0.5683371468973332,0.990531203678698,-1.469037974115316,-1.5503896254594107
2019-11-04 14:00:00+00:00,-0.25969386996613225,0.32474222002420217,-0.06418388131856471,-0.5521566935418373,-0.56838165107927,1.424883928218681,-1.4860907524996043,-1.5503896254594107
2019-11-04 15:00:00+00:00,-0.24692344993329535,0.33975606825135485,-0.06418388131856471,-0.6016712409847853,-0.5684239303178218,0.5256757377022737,-1.5033062107884783,-1.5503896254594107
2019-11-04 16:00:00+00:00,-0.2737953495571608,0.350267587550953,-0.06418388131856471,-0.5896760820933683,-0.5684640958342518,0.5256757377025444,-1.5206874827654344,-1.5503896254594107
2019-11-04 17:00:00+00:00,-0.2787416460613152,0.42696844764916253,0.12634439684537754,-0.5332132048987424,-0.5685022532912893,-0.19956113401161304,-1.5382377936467762,-1.5503896254594107
2019-11-04 18:00:00+00:00,-0.2541486243559874,0.40385668124835766,-0.5653335939891461,-0.5079852864623666,-0.5685385030708036,-0.9045781734247211,-1.5559604636734885,-1.5503896254594107
2019-11-04 19:00:00+00:00,-0.1700981496148905,0.3690203231726574,-0.5653335939891461,-0.6157521689484035,-0.5685729405376281,-0.19956113401161304,-1.5738589118812534,-1.5503896254594107
2019-11-04 20:00:00+00:00,-0.26988889832561286,0.390845866539136,0.29138749847874984,-0.6569661939655447,-0.5686056562902111,0.5256757377025444,-1.5919366600592955,-1.5503896254594107
2019-11-04 21:00:00+00:00,-0.20172175456537123,0.3438230220065775,0.5671900876267599,-0.6653371786722122,-0.5686367363987539,0.5256757377022737,-0.718294778893283,-1.5503896254594107
2019-11-04 22:00:00+00:00,-0.14621113070697203,0.35196905511064935,-0.5653335939891461,-0.6465767487422703,-0.5686662626314596,0.5256757377025444,1.2691723877314338,-1.5503896254594107
2019-11-04 23:00:00+00:00,-1.0355985108631995,0.31399984153284916,1.068339800297341,-1.5926967094917945,-0.5686943126694861,0.7612868021588529,1.2371000378629535,-1.5503896254594107
2019-11-05 01:00:00+00:00,-0.10203801730719854,-0.01937329734881866,0.12634439684537754,-0.5392292262209184,-0.568746275666023,0.990531203678698,1.1711929459371233,-1.485301079364687
2019-11-05 02:00:00+00:00,-0.11577603122927023,-0.11243125251973592,0.12634439684537754,-0.516715958802595,-0.5687703253391135,1.424883928218681,1.1373142203539692,-1.485301079364687
2019-11-05 03:00:00+00:00,-0.24147208207274834,-0.1594174841249415,0.43696583135201694,-0.3489494865028614,-0.5687931726061429,1.2120360795013752,1.1027872858625305,-1.485301079364687
2019-11-05 04:00:00+00:00,-0.17087744233854663,-0.05293939505600765,-0.5653335939891461,-0.3738056287328115,-0.5688148775798494,0.28551416426558984,1.0675868531713353,-1.485301079364687
2019-11-05 05:00:00+00:00,-0.1752726325171659,-0.3488356320165006,0.29138749847874984,-0.14669292723464544,-0.5688354973680717,0.28551416426558984,1.0316861235364627,-1.485301079364687
2019-11-05 06:00:00+00:00,-0.1897496983841998,-0.3107953942415091,-0.5653335939891461,-0.05623978879187056,-0.568855086223922,-1.1260830492473983,0.9950566661917072,-1.485301079364687
2019-11-05 07:00:00+00:00,-0.1710445860580772,-0.33949591151786507,-0.06418388131856471,-0.1290559874272033,-0.5688736956884582,-0.4397227074485675,0.9576682830794238,-1.485301079364687
2019-11-05 08:00:00+00:00,-0.20600226817492745,-0.31007331011710054,0.29138749847874984,-0.13115101820256933,-0.5688913747262272,-1.3389308979647043,0.9194888592696738,-1.485301079364687
2019-11-05 09:00:00+00:00,-0.20578305771097935,-0.21326430779300964,-0.06418388131856471,-0.15935893960596312,-0.5689081698540375,-0.439722707448297,0.8804841972112718,-1.485301079364687
2019-11-05 10:00:00+00:00,-0.23625088833667046,0.24780533759426843,0.29138749847874984,-0.30339473550212187,-0.568924125263299,0.5256757377022737,0.8406178326711947,-1.485301079364687
2019-11-05 11:00:00+00:00,-0.10394677306633757,0.2844813171089075,-0.2895310048411366,-0.4247505665830839,-0.5689392829362501,-0.19956113401133818,0.79985082987975,-1.485301079364687
2019-11-05 12:00:00+00:00,-0.049801446831039715,0.3570738343778278,-0.5653335939891461,-0.4799192298205862,-0.5689536827563763,0.990531203678698,0.7581415529971298,-1.485301079364687
2019-11-05 13:00:00+00:00,0.02321126411912347,0.3482066082268871,0.12634439684537754,-0.5682099299718486,-0.5689673626133137,1.6285694945418097,0.715445410539143,-1.485301079364687
2019-11-05 14:00:00+00:00,-0.1278931746018218,0.24604374123821474,-0.2895310048411366,-0.478238232430409,-0.5689803585025098,0.5256757377025444,0.6717145688293842,-1.485301079364687
2019-11-05 15:00:00+00:00,-0.08500379137617982,0.26444709023884627,0.8914689790124918,-0.41172718865567937,-0.5689927046199038,0.28551416426558984,0.6268976298612339,-1.485301079364687
2019-11-05 16:00:00+00:00,-0.1431642473307624,0.4307380132613488,-1.4220546864570422,-0.4387096694755724,-0.569004433451877,-0.9045781734247211,0.5809392681297517,-1.485301079364687
2019-11-05 17:00:00+00:00,-0.17830388793616747,0.3186155756891821,0.29138749847874984,-0.37803782104864003,-0.5690155758607065,-1.1260830492473983,0.5337798199980783,-1.485301079364687
2019-11-05 18:00:00+00:00,-0.23273799681451635,0.09444059565926881,-0.5653335939891461,-0.158699671061502,-0.5690261611657502,-1.3389308979647043,0.4853548179536614,-1.485301079364687
2019-11-05 19:00:00+00:00,0.0046515589641547015,-0.8464784845255171,0.5671900876267599,0.10698862662186011,-0.5690362172205737,-0.19956113401161304,0.43559446063348717,-1.485301079364687
2019-11-05 20:00:00+00:00,0.17631333217818115,-0.7591486264088684,1.068339800297341,0.08795944943091666,-0.5690457704862222,-1.1260830492473983,0.3844230076863074,-1.485301079364687
2019-11-05 21:00:00+00:00,-0.15167982961697438,0.15923134892375762,0.12634439684537754,-0.2690076566244283,-0.569054846100832,0.04297651512698839,0.3317580863056316,-1.485301079364687
2019-11-05 22:00:00+00:00,-0.09191476602402482,-0.18534055603442579,0.43696583135201694,-0.11888984860799463,-0.569063467945761,-0.675333771904876,-0.37438967123818956,-1.485301079364687
2019-11-05 23:00:00+00:00,-0.9335898158862419,0.3586823129340893,-0.06418388131856471,-1.329358003329278,-0.5690716587084163,0.04297651512698839,-1.5506773161965586,-1.485301079364687
2019-11-06 01:00:00+00:00,-0.08949704852794725,0.06385451341653854,-0.06418388131856471,-0.08335283848869696,-0.5690868321219081,0.7612868021588529,-0.19344256532880516,-0.5512804429054053
2019-11-06 02:00:00+00:00,-0.13496300582632562,0.08861011806026271,-0.5653335939891461,-0.06781910178209347,-0.5690938547002098,0.5256757377025444,-0.3118989170005916,-0.5512804429054053
2019-11-06 03:00:00+00:00,-0.09234937824447838,0.3612153556823438,0.8914689790124918,-0.0924620493129713,-0.5691005261562123,0.990531203678698,0.2568046949195379,-0.5512804429054053
2019-11-06 04:00:00+00:00,-0.15883121910585715,0.4308254910230801,0.7925372111493315,-0.25789686548661267,-0.5691068640453857,-0.19956113401161304,0.234677631351281,-0.5512804429054053
2019-11-06 05:00:00+00:00,-0.25438755378056854,0.42899573798774315,0.43696583135201694,-0.19666199006973004,-0.5691128850454893,0.04297651512698839,0.21227588715230788,-0.5512804429054053
2019-11-06 06:00:00+00:00,-0.1682086784622591,0.4386081158987626,0.7925372111493315,-0.3515378713952418,-0.5691186050004512,-0.675333771904876,0.18959255685674753,-0.5512804429054053
2019-11-06 07:00:00+00:00,-0.12157116192942154,0.34497022319701914,0.5671900876267599,-0.28385017893969433,-0.5691240389620542,-1.5426164642880593,0.16662047127528884,-0.5512804429054053
2019-11-06 08:00:00+00:00,-0.09885889275087037,0.3788760267093352,-0.06418388131856471,-0.3115185132634341,-0.5691292012295384,-0.9045781734247211,0.14335218389284976,-0.5512804429054053
2019-11-06 09:00:00+00:00,-0.11872170878473709,0.30691249997090686,-0.5653335939891461,-0.3601279943077581,-0.5691341053872233,0.04297651512698839,0.11977995637779813,-0.5512804429054053
2019-11-06 10:00:00+00:00,-0.19169776949325723,0.37145897729247274,-0.5653335939891461,-0.31652356361751505,-0.5691387643402507,0.04297651512698839,0.0958957431321726,-0.5512804429054053
2019-11-06 11:00:00+00:00,-0.09349750781584121,0.3234847527671542,0.8914689790124918,-0.3079194374313759,-0.5691431903485386,-0.675333771904876,0.07169117480571571,-0.5512804429054053
2019-11-06 12:00:00+00:00,-0.11709839540045931,0.40407458379433897,0.8914689790124918,-0.2912463686535135,-0.56914739505904,-0.6753337719051404,0.04715754068919238,-0.5512804429054053
2019-11-06 13:00:00+00:00,-0.08355491759516522,0.35180711109165475,0.5671900876267599,-0.30881122724326004,-0.5691513895363882,0.28551416426558984,0.022285769894304863,-0.5512804429054053
2019-11-06 14:00:00+00:00,-0.13557389860437313,0.27270997100238337,0.6849922567119894,-0.3682311764322688,-0.5691551842920096,0.04297651512698839,-0.002933588781540647,-0.5512804429054053
2019-11-06 15:00:00+00:00,-0.035072694407883055,0.42454938191633557,0.8914689790124918,-0.460467393629652,-0.5691587893117817,-0.4397227074485675,-0.028510388417473335,-0.5512804429054053
2019-11-06 16:00:00+00:00,-0.055483962061127934,0.37750486350265205,-0.5653335939891461,-0.3992700371578905,-0.5691622140823088,0.04297651512698839,-0.05445490708150517,-0.5512804429054053
2019-11-06 17:00:00+00:00,-0.11252462632815508,0.36247015482347766,0.7925372111493315,-0.3689478677867068,-0.5691654676158829,-0.439722707448297,-0.08077787262866629,-0.5512804429054053
2019-11-06 18:00:00+00:00,-0.15987071974630487,0.28804583635357234,0.29138749847874984,-0.33041833594739783,-0.5691685584741986,0.04297651512698839,-0.10749048933466293,-0.5512804429054053
2019-11-06 19:00:00+00:00,-0.18097874497505595,0.377026327479176,0.5671900876267599,-0.3590264140998139,-0.5691714947908799,-0.6753337719051404,-0.13460446653055244,-0.5512804429054053
2019-11-06 20:00:00+00:00,-0.1348706713813169,0.41993923222785257,0.43696583135201694,-0.3128580201126963,-0.569174284292884,-0.9045781734247211,-0.16213204942159026,-0.5512804429054053
2019-11-06 21:00:00+00:00,-0.1579308230496868,0.3981920817913533,0.9830654893132735,-0.28523485218368755,-0.5691769343208316,-1.3389308979647043,-0.19008605229328157,-0.5512804429054053
2019-11-06 22:00:00+00:00,-0.2267876828875352,0.5649602413081827,0.12634439684537754,-0.32890120030872994,-0.5691794518483242,-0.19956113401133818,-0.2184798943300149,-0.5512804429054053
2019-11-06 23:00:00+00:00,-1.1315932628005176,0.43948983029134336,0.12634439684537754,-1.3275342154105614,-0.5691818435002922,0.28551416426531495,-0.24732763829690613,-0.5512804429054053
2019-11-07 01:00:00+00:00,-0.21683190481974915,0.36881180741103664,1.2936869238199127,-0.2662423360673917,-0.569186274037752,0.04297651512698839,-0.30644455538390286,-0.043589783366561025
2019-11-07 02:00:00+00:00,-0.2832047554477269,0.3717049146991859,-0.2895310048411366,-0.19015307978407173,-0.5691883245823336,0.7612868021591174,-0.33674546597179367,-0.043589783366561025
2019-11-07 03:00:00+00:00,-0.33174668228159787,0.4787237841171352,-0.5653335939891461,-0.30695293019604314,-0.5691902726002502,0.990531203678698,-0.3675638557758131,-0.043589783366561025
2019-11-07 04:00:00+00:00,-0.33266966192289127,0.49036990108957634,0.43696583135201694,-0.28017450539203576,-0.5691921232177801,0.04297651512698839,-0.3989177073764131,-0.043589783366561025
2019-11-07 05:00:00+00:00,-0.2910109079714816,0.4274973454491763,-0.06418388131856471,-0.17295101949153202,-0.569193881304893,0.04297651512698839,-0.4308259573047899,-0.043589783366561025
2019-11-07 06:00:00+00:00,-0.28181137012534546,0.44093021460317816,0.6849922567119894,-0.3265321210921264,-0.5691955514880649,-0.19956113401161304,-0.4633085647336967,-0.043589783366561025
2019-11-07 07:00:00+00:00,-0.2636100228269092,0.4138506031424988,0.43696583135201694,-0.28004988181589036,-0.5691971381624523,-0.4397227074485675,-0.4963865864645118,-0.043589783366561025
2019-11-07 08:00:00+00:00,-0.23668636160614445,0.3858667807411779,0.7925372111493315,-0.34382947278021503,-0.5691986455034582,-1.1260830492473983,-0.5300822589160704,-0.043589783366561025
2019-11-07 09:00:00+00:00,-0.2363338668019712,0.4386438839745019,0.29138749847874984,-0.3976414329508174,-0.5692000774777185,-0.9045781734247211,-0.5644190879147368,-0.043589783366561025
2019-11-07 10:00:00+00:00,-0.2636891870037945,0.4097116659198379,-0.2895310048411366,-0.3014511187626012,-0.5692014378535409,-0.19956113401161304,-0.5994219471937756,-0.043589783366561025
2019-11-07 11:00:00+00:00,-0.2560697781665495,0.3956880649449901,0.12634439684537754,-0.2630123742699058,-0.5692027302108206,0.04297651512698839,-0.635117186635832,-0.043589783366561025
2019-11-07 12:00:00+00:00,-0.19930203797866006,0.3411571020714033,1.2230398518529833,-0.3819486569282071,-0.5692039579504602,-0.675333771904876,-0.6715327514383924,-0.043589783366561025
2019-11-07 13:00:00+00:00,-0.1512817608923817,0.4137531621024425,0.5671900876267599,-0.33385225297893617,-0.56920512430332,0.990531203678698,-0.7086983135522338,-0.043589783366561025
2019-11-07 14:00:00+00:00,-0.12509068933222126,0.38009718301027445,0.43696583135201694,-0.2695823661867419,-0.5692062323387195,0.7612868021591174,-0.7466454169416366,-0.043589783366561025
2019-11-07 15:00:00+00:00,-0.11073229970141024,0.42882448738871515,0.7925372111493315,-0.24045152284599075,-0.5692072849725136,0.28551416426531495,-0.785407638448042,-0.043589783366561025
2019-11-07 16:00:00+00:00,-0.10554142171930356,0.3480300659786547,0.5671900876267599,-0.22259541161517965,-0.5692082849747667,-0.439722707448297,-0.8250207663127083,-0.043589783366561025
2019-11-07 17:00:00+00:00,-0.22417942599176952,0.36625225941178624,0.9830654893132735,-0.1698849221933023,-0.5692092349770413,-0.4397227074485675,-0.8655229987369133,-0.043589783366561025
2019-11-07 18:00:00+00:00,-0.16742193500549868,0.30580662341127773,0.8914689790124918,-0.2627613864342035,-0.5692101374793233,-1.1260830492473983,-0.9069551652406493,-0.043589783366561025
2019-11-07 19:00:00+00:00,-0.1844721594848628,0.3510753513647301,0.7925372111493315,-0.3095781732714493,-0.5692109948566004,-0.675333771904876,-0.9493609740350276,-0.043589783366561025
2019-11-07 20:00:00+00:00,-0.22808953186170347,0.4038222507566217,0.43696583135201694,-0.31414832403666126,-0.5692118093651123,-1.5426164642880593,-0.9927872891653724,-0.043589783366561025
2019-11-07 21:00:00+00:00,-0.2521398129596437,0.33676938892866765,0.12634439684537754,-0.28932421677399317,-0.5692125831482875,-0.439722707448297,-0.9694580682695395,-0.043589783366561025
2019-11-07 22:00:00+00:00,-0.21441139471558995,0.3090849097223046,0.29138749847874984,-0.2933197759979253,-0.5692133182423843,0.28551416426531495,-0.9464265926501857,-0.043589783366561025
2019-11-07 23:00:00+00:00,-1.2719566444117885,0.3326432608451957,0.5671900876267599,-1.0891688349095139,-0.5692140165818489,0.9905312036789543,-0.9236853578801908,-0.043589783366561025
2019-11-08 01:00:00+00:00,-0.3815595818424166,0.350110622199121,0.9830654893132735,-0.143812468649625,-0.5692153102558934,0.28551416426558984,-0.8790449803387674,0.8774131438737766
2019-11-08 02:00:00+00:00,-0.2964209264489613,0.4484896405311569,0.6849922567119894,-0.039233705856041086,-0.5692159089948602,0.7612868021588529,-0.8571321753778617,0.8774131438737766
2019-11-08 03:00:00+00:00,-0.06691461006018744,0.4668206695704164,-0.5653335939891461,-0.17320731710675286,-0.5692164777969267,1.424883928218681,-0.8354822617828309,0.8774131438737766
2019-11-08 04:00:00+00:00,-0.11823917072385831,0.413785453763072,0.6849922567119894,-0.15860213014555025,-0.5692170181589334,-0.4397227074485675,-0.8140890063622909,0.8774131438737766
2019-11-08 05:00:00+00:00,-0.3100657262198674,0.37251015163760415,0.43696583135201694,-0.20060078096143574,-0.5692175315028788,0.5256757377025444,-0.7929463950148369,0.8774131438737766
2019-11-08 06:00:00+00:00,-0.3700339129738106,0.36861250193226464,0.6849922567119894,-0.19384948232037097,-0.5692180191796624,-0.9045781734247211,-0.7720486225801334,0.8774131438737766
2019-11-08 07:00:00+00:00,-0.40862059647045523,0.3534902674282865,0.12634439684537754,-0.29902042902567355,-0.5692184824726386,-1.1260830492473983,-0.7513900832709439,0.8774131438737766
2019-11-08 08:00:00+00:00,-0.4666797464076044,0.3299346395310833,0.7925372111493315,-0.18567633526943128,-0.5692189226009949,-1.7369731611665251,-0.7309653616466435,0.8774131438737766
2019-11-08 09:00:00+00:00,-0.38475761821988885,0.4596393974852201,-0.2895310048411366,-0.18473464515185684,-0.5692193407229593,-0.9045781734247211,-0.7107692240918586,0.8774131438737766
2019-11-08 10:00:00+00:00,-0.4283545556324379,0.42377328857654895,0.6849922567119894,-0.22118070226260428,-0.569219737938849,-0.439722707448297,-0.6907966107666812,0.8774131438737766
2019-11-08 11:00:00+00:00,-0.35397503804748776,0.3841618156278493,0.29138749847874984,-0.32909617022233173,-0.5692201152939653,0.990531203678698,-0.6710426279974903,0.8774131438737766
2019-11-08 12:00:00+00:00,-0.40538514114133506,0.3847036954675108,1.068339800297341,-0.36789718894004464,-0.569220473781345,0.5256757377022737,-0.6515025410797466,0.8774131438737766
2019-11-08 13:00:00+00:00,-0.43077616852592393,0.44298111454868194,0.8914689790124918,-0.19015818241735258,-0.5692208143443729,0.7612868021591174,-0.6321717674662894,0.8774131438737766
2019-11-08 14:00:00+00:00,-0.4213144921122873,0.5181982575061114,0.29138749847874984,-0.20223325905168885,-0.5692211378792649,1.2120360795013752,-0.613045870316612,0.8774131438737766
2019-11-08 15:00:00+00:00,-0.3927805834577299,0.4336683914555743,0.29138749847874984,-0.2823643760060148,-0.534785703397672,0.5256757377022737,-0.5941205523844023,0.8774131438737766
2019-11-08 16:00:00+00:00,-0.3836025261650577,0.46015714762526344,0.5671900876267599,-0.1751791864019358,-0.5365037081450735,0.04297651512698839,-0.5753916502222919,0.8774131438737766
2019-11-08 17:00:00+00:00,-0.36311582457557023,0.22328861492247826,0.7925372111493315,-0.17001587458137446,-0.538136208712504,-0.675333771904876,-0.5568551286842471,0.8774131438737766
2019-11-08 18:00:00+00:00,-0.41497851198691293,0.3014259704354697,0.7925372111493315,-0.33779128919240825,-0.539687441862583,-0.4397227074485675,-0.538507075707459,0.8774131438737766
2019-11-08 19:00:00+00:00,-0.44620813455047403,0.4029149092725931,-0.5653335939891461,-0.22823706784215597,-0.5411614362442873,-0.439722707448297,-0.5203436973568437,0.8774131438737766
2019-11-08 20:00:00+00:00,-0.38974706760780503,0.2985187605492636,0.5671900876267599,-0.2605513691329929,-0.5425620224389027,-0.4397227074485675,-0.5023613131164526,0.8774131438737766
2019-11-08 21:00:00+00:00,-0.41928525272807127,0.2680804528950176,0.43696583135201694,-0.27667936319912895,-0.543892842538275,0.28551416426558984,-0.48455635141317777,0.8774131438737766
2019-11-08 22:00:00+00:00,-0.2939567621321445,0.21669747063839562,0.12634439684537754,-0.19284027940969026,-0.5451573592754269,0.7612868021588529,-0.46692534535913305,0.8774131438737766
2019-11-08 23:00:00+00:00,-1.1561714210713196,0.20879767097578827,0.7925372111493315,-1.0477514791756688,-0.5463588647269444,1.2120360795013752,-0.44946492870001314,0.8774131438737766
2019-11-09 01:00:00+00:00,-0.4452314728789552,0.1566144150257448,0.12634439684537754,-0.10531958151214729,-0.5485852061628353,1.2120360795013752,-0.4150428787553021,0.31114279284968244
2019-11-09 02:00:00+00:00,-0.4005210566618657,0.17496088850727867,0.8914689790124918,-0.12355759996015396,-0.5152775064185101,1.424883928218681,-0.3980749823165582,0.31114279284968244
2019-11-09 03:00:00+00:00,-0.3446795926709884,0.24388704742678305,-0.2895310048411366,-0.04507580373651469,-0.4837833323670396,2.184192021550867,-0.3812651421261847,0.31114279284968244
2019-11-09 04:00:00+00:00,-0.36931826752697444,0.16533797565269379,1.068339800297341,-0.039315517843976716,-0.48803050975379875,0.7612868021588529,-0.36461044074590243,0.31114279284968244
2019-11-09 05:00:00+00:00,-0.4533119849769891,0.14381616890394214,0.12634439684537754,0.00020649922451641332,-0.49206774965747346,0.7612868021591174,-0.34810804077542834,0.31114279284968244
2019-11-09 06:00:00+00:00,-0.3503537566824345,0.1939059819046246,-0.06418388131856471,0.0775043812641559,-0.49590531542639105,0.04297651512698839,-0.33175518195126447,0.31114279284968244
2019-11-09 07:00:00+00:00,-0.3303379165933782,0.022421294778504394,-0.06418388131856471,0.11393046248508831,-0.46546211254914066,-0.6753337719051404,-0.31554917837576363,0.31114279284968244
2019-11-09 08:00:00+00:00,-0.3696657230113142,-0.31212532139734267,0.8914689790124918,0.1616023504843815,-0.43666487507350593,0.04297651512698839,-0.29948741586951244,0.31114279284968244
2019-11-09 09:00:00+00:00,-0.4288896131883647,-0.4646871178931445,1.068339800297341,0.22174820973797438,-0.4432328945387465,0.04297651512698839,-0.28356734944050116,0.31114279284968244
2019-11-09 10:00:00+00:00,-0.4869071058634804,-0.2880467651132755,0.12634439684537754,0.1840189694466223,-0.4494783056285566,1.2120360795013752,-0.2677865008639545,0.31114279284968244
2019-11-09 11:00:00+00:00,-0.43645395332407844,-0.31511506578491066,0.43696583135201694,0.14130775809688026,-0.4554166834576879,1.628569494542036,-0.25214245636706867,0.31114279284968244
2019-11-09 12:00:00+00:00,-0.4141991243194453,-0.4095720912728296,0.43696583135201694,0.36625765010179095,-0.4610628771975872,2.0080438268331013,-0.23663286441324272,0.31114279284968244
2019-11-09 13:00:00+00:00,-0.37511184745769466,-0.25426749863586123,0.5671900876267599,0.32827475595103733,-0.46643104141005926,2.184192021550867,-0.22125543358071806,0.31114279284968244
2019-11-09 14:00:00+00:00,-0.32007496375408073,-0.1636551083588805,-0.5653335939891461,0.4125947449327559,-0.47153466627242085,1.8229261914205017,-0.20600793053083832,0.31114279284968244
2019-11-09 15:00:00+00:00,-0.3724208183950768,-0.2694908646126783,0.12634439684537754,0.44955851154685794,-0.4424096533848764,2.0080438268331013,-0.19088817806142855,0.31114279284968244
2019-11-09 16:00:00+00:00,-0.3278582718987208,-0.6520884489136984,0.5671900876267599,0.8260996287575134,-0.18249881870197943,2.3517563703261777,-0.1758940532410446,0.31114279284968244
2019-11-09 17:00:00+00:00,-0.29652416899654455,-1.3104102574513004,-0.06418388131856471,1.273462591429545,0.21157038902307918,1.6285694945418097,-0.16102348562009586,0.31114279284968244
2019-11-09 18:00:00+00:00,-0.0661053112369431,-1.7796451566182299,-0.9209049737864606,1.84902156568963,0.8530163447761643,1.2120360795013752,-0.1462744555150769,0.31114279284968244
2019-11-09 19:00:00+00:00,-0.013261847910669748,-1.7254142510697386,-0.06418388131856471,1.8584116714216845,0.8449360534132434,0.5256757377025444,-0.13164499236234237,0.31114279284968244
2019-11-09 20:00:00+00:00,0.08613439405516542,-1.7881658000289742,0.12634439684537754,1.9612447169995044,0.865353158297245,0.7612868021588529,-0.11713317313807683,0.31114279284968244
2019-11-09 21:00:00+00:00,0.2047597520316718,-1.892153110921316,-0.06418388131856471,2.198681158253162,0.8566702625896159,0.28551416426558984,-0.10273712084129007,0.31114279284968244
2019-11-09 22:00:00+00:00,0.14093575565048716,-1.7253572271048534,0.5671900876267599,1.9160339054330875,0.8484113850957538,1.822926191420286,-0.08845500303683994,0.31114279284968244
2019-11-09 23:00:00+00:00,-0.7586564908706976,-1.7714432209636506,0.29138749847874984,0.855587335351492,0.8123528230640192,2.0080438268333065,-0.07428503045566243,0.31114279284968244
2019-11-10 01:00:00+00:00,0.2082320914279358,-1.6873762168866389,0.43696583135201694,1.8771575602277477,0.7735318174721867,2.0080438268331013,-0.04627457169780157,0.8058157431695814
2019-11-10 02:00:00+00:00,-0.11615934396028259,-0.998343117866703,0.12634439684537754,0.9701111780433161,0.7693586771836176,1.424883928218681,-0.032430710963799375,0.8058157431695814
2019-11-10 03:00:00+00:00,-0.20632974964122172,-0.05204469344684739,0.29138749847874984,0.38176934675510443,0.8782800374652437,2.511189156229535,-0.018692243898497825,0.8058157431695814
2019-11-10 04:00:00+00:00,-0.2654247918475057,-0.11886578331011137,-0.06418388131856471,0.318444641562315,0.8969404303929488,2.0080438268331013,-0.005057577889429045,0.8058157431695814
2019-11-10 05:00:00+00:00,-0.2226396616207321,-0.5274857951949381,-0.5653335939891461,0.6028646408627385,0.8867192823391543,1.8229261914205017,0.008474843847262716,0.8058157431695814
2019-11-10 06:00:00+00:00,-0.18605893944857602,-0.5377530260971248,0.12634439684537754,0.6473126965987953,0.8489404472592444,0.28551416426558984,0.02190654333352788,0.8058157431695814
2019-11-10 07:00:00+00:00,-0.17434896972739541,-0.509677388979003,0.6849922567119894,0.6023132193674208,0.7845409935377006,0.04297651512698839,0.03523900885671799,0.8058157431695814
2019-11-10 08:00:00+00:00,-0.039417512575938916,-0.91638140188469,-0.06418388131856471,1.183428506978374,0.808160513623577,0.28551416426531495,0.04847369595921716,0.8058157431695814
2019-11-10 09:00:00+00:00,-0.0024272078124915335,-1.4034359912481458,0.12634439684537754,1.4530820660333168,1.133819777844626,0.9905312036789543,0.0616120283920487,0.8058157431695814
2019-11-10 10:00:00+00:00,-0.22744268438070353,-0.4710945067586561,0.29138749847874984,0.5883088068945393,1.7822452941708555,1.6285694945418097,0.07465539903402037,0.8058157431695814
2019-11-10 11:00:00+00:00,-0.3338339873541549,-0.09079057085571185,0.29138749847874984,0.28104546600951336,1.6818752355101048,2.6629734884449157,0.087605170777889,0.8058157431695814
2019-11-10 12:00:00+00:00,-0.26405192934769406,-0.5746788302028316,0.12634439684537754,0.6312943605192406,1.635505854876997,-0.4397227074485675,0.10046267738495436,0.8058157431695814
2019-11-10 13:00:00+00:00,-0.2554960697326255,-0.4967622445811693,0.43696583135201694,0.5480655633622263,1.716257089993179,2.6629734884447465,0.11322922430942607,0.8058157431695814
2019-11-10 14:00:00+00:00,-0.306552570784839,-0.10136108434183326,-0.5653335939891461,0.37711901291190825,1.6933129469492847,1.8229261914205017,0.12590608949383278,0.8058157431695814
2019-11-10 15:00:00+00:00,-0.4086301670842764,0.45792494643215514,-0.5653335939891461,0.06563548373794098,1.5961723522689528,-0.4397227074485675,0.13849452413669183,0.8058157431695814
2019-11-10 16:00:00+00:00,-0.3840247883554049,-0.09374462500060812,-0.06418388131856471,0.11242438028135697,1.5026053926311496,-1.3389308979647043,0.15099575343358304,0.8058157431695814
2019-11-10 17:00:00+00:00,-0.36734606813412923,0.27548116849867416,0.43696583135201694,0.07108108702243653,1.4383864382161788,-1.3389308979644676,0.16341097729273335,0.8058157431695814
2019-11-10 18:00:00+00:00,-0.3726554454635389,-0.18580626910527714,0.12634439684537754,0.07451812273588468,1.3507283280928057,-1.92209079657933,0.17574137102615814,0.8058157431695814
2019-11-10 19:00:00+00:00,-0.40774566174987226,0.17046995181355176,-0.2895310048411366,-0.10181127203447321,1.2664094670674666,-1.7369731611663093,0.1879880860173392,0.8058157431695814
2019-11-10 20:00:00+00:00,-0.3896432068429316,0.15706516575156582,-0.2895310048411366,-0.11512248753126406,1.1853413500645755,-1.3389308979647043,0.20015225036641116,0.8058157431695814
2019-11-10 21:00:00+00:00,-0.3601155173611686,0.42994448174003747,-0.9209049737864606,-0.021568590496090202,1.1074348394063196,-1.1260830492473983,0.21223496951374343,0.8058157431695814
2019-11-10 22:00:00+00:00,-0.41270219227627847,0.36472367801942446,-0.5653335939891461,-0.20477816931126389,1.0326004269088502,-0.439722707448297,-0.6112473291224827,0.8058157431695814
2019-11-10 23:00:00+00:00,-1.3708653848074452,0.642043836892342,-0.06418388131856471,-1.203760098731231,0.9607484831952854,-0.19956113401161304,-2.1692775573496714,0.8058157431695814
2019-11-11 01:00:00+00:00,-0.42444406255027833,0.4457208958679461,-0.2895310048411366,-0.09491875606773674,0.825634278749176,0.7612868021588529,-1.8726911355484814,0.9717915357111253
2019-11-11 02:00:00+00:00,-0.42711383731864194,0.4886816249648669,-0.06418388131856471,-0.1711742749245555,0.7621942032500272,1.2120360795013752,-1.740876330351661,0.9717915357111253
2019-11-11 03:00:00+00:00,-0.4035662766347609,0.4806551459439436,0.12634439684537754,-0.19384159611800295,0.7013813657501425,1.2120360795013752,-1.6180377905237613,0.9717915357111253
2019-11-11 04:00:00+00:00,-0.405963498256889,0.49381065233422483,0.12634439684537754,-0.1923943650769027,0.700792074254516,0.5256757377025444,-1.5030305484664779,0.9717915357111253
2019-11-11 05:00:00+00:00,-0.3036933752923585,0.6883030278708963,-0.06418388131856471,0.06837351128409862,0.757442186139148,0.04297651512698839,-1.394915633599824,0.9717915357111253
2019-11-11 06:00:00+00:00,-0.3304000359852044,0.5221490221545906,-0.9209049737864606,-0.04918081031341623,0.9507423227414735,0.04297651512698839,-1.292913439881957,0.9717915357111253
2019-11-11 07:00:00+00:00,-0.3177307045230542,0.2191836554553799,-0.2895310048411366,0.0755292492626457,1.3682517981590703,-1.1260830492473983,-1.1963695850230673,0.9717915357111253
2019-11-11 08:00:00+00:00,-0.40776051485161885,0.1818125603305165,-0.2895310048411366,0.1105334932383123,1.816486495091154,-1.1260830492473983,-1.104729449306603,0.9717915357111253
2019-11-11 09:00:00+00:00,-0.35657413535174914,0.6740744044568598,-0.5653335939891461,0.0975868763975378,2.0062271613796696,-0.19956113401161304,-1.017518873713622,0.9717915357111253
2019-11-11 10:00:00+00:00,-0.41875709244573645,0.569664521899447,-0.2895310048411366,-0.12129026732552499,2.017602570126865,0.04297651512698839,-0.9343293115704407,0.9717915357111253
2019-11-11 11:00:00+00:00,-0.44183228680570275,0.6822635384384734,-0.06418388131856471,-0.027198870917037446,1.9808338292300915,-0.439722707448297,-0.8548062548468754,0.9717915357111253
2019-11-11 12:00:00+00:00,-0.42638816204588653,0.6241625443460482,0.12634439684537754,0.02405419340564222,1.8975883007575818,-0.6753337719051404,-0.7786401049642353,0.9717915357111253
2019-11-11 13:00:00+00:00,-0.3563349129460902,0.17889050863851166,-0.06418388131856471,0.2148066528166638,1.7930889954304792,-0.9045781734247211,-0.7055588935705512,0.9717915357111253
2019-11-11 14:00:00+00:00,-0.37025445219998554,-0.41326686060561757,0.12634439684537754,0.23426073210353351,1.692327896830586,-1.1260830492473983,-0.6353224208910617,0.9717915357111253
2019-11-11 15:00:00+00:00,-0.3216934771417398,-0.6099736640617069,-0.5653335939891461,0.49705783234525125,1.5952232979053564,-1.3389308979647043,-0.5677174927609453,0.9717915357111253
2019-11-11 16:00:00+00:00,-0.34930257430771827,-0.49119161047422605,-2.2787757789249383,0.43476345055561594,1.5016914917575603,-1.7369731611663093,-0.5025540181248167,0.9717915357111253
2019-11-11 17:00:00+00:00,-0.4356721690020445,-0.09922610863577193,-0.2895310048411366,0.3054000921403869,1.4116470770854606,-1.7369731611665251,-0.43966178694980046,0.9717915357111253
2019-11-11 18:00:00+00:00,-0.4438564404744549,0.11116696809054366,0.12634439684537754,0.13262737878770836,1.325003257281512,-2.425236125975558,-0.37888779097730874,0.9717915357111253
2019-11-11 19:00:00+00:00,-0.35117603364029387,0.41213544941757213,-0.5653335939891461,0.20375198671759628,1.2416721314552757,-1.7369731611665251,-0.3200939811362403,0.9717915357111253
2019-11-11 20:00:00+00:00,-0.4262687710033238,0.5366487157315999,-0.06418388131856471,-0.04563524419328098,1.1615649758397426,-1.542616464287833,-0.26315537890654783,0.9717915357111253
2019-11-11 21:00:00+00:00,-0.5254758756338664,0.5702190217918794,0.29138749847874984,-0.18978836910362584,1.0845925142386346,-1.3389308979647043,-0.5106441983980381,0.9717915357111253
2019-11-11 22:00:00+00:00,-0.6905123991818395,0.36771175875301987,0.43696583135201694,-0.4274247802353848,1.010665176371874,-0.675333771904876,-0.1531436178962247,0.9717915357111253
2019-11-11 23:00:00+00:00,-1.4657067081606996,0.5527945634309973,0.5671900876267599,-1.3098751075338304,0.9396933431738553,-0.6753337719051404,-2.3298586193092055,0.9717915357111253
2019-11-12 01:00:00+00:00,-0.6581502743874181,0.2278175547692086,-0.06418388131856471,-0.23667484152513255,0.8062588452150046,-0.19956113401161304,0.9028516394432793,1.6389491331820425
2019-11-12 02:00:00+00:00,-0.5130320443179948,0.04560547321573194,-0.2895310048411366,-0.0021463952865471833,0.7436187096455571,-0.439722707448297,1.818039146823767,1.6389491331820425
2019-11-12 03:00:00+00:00,-0.593891740114704,0.34006942434789417,-0.2895310048411366,-0.3039958403155051,0.7694232345940035,-0.19956113401161304,1.2911675487120107,1.6389491331820425
2019-11-12 04:00:00+00:00,-0.5723006244717252,-0.23570493884233135,-0.5653335939891461,0.041432257383821454,0.736940654377738,-0.4397227074485675,1.2388624173351128,1.6389491331820425
2019-11-12 05:00:00+00:00,-0.5638232425769604,0.3412371024746815,-0.06418388131856471,-0.2403894179857293,0.6771800951860927,-1.542616464287833,1.1849958957544673,1.6389491331820425
2019-11-12 06:00:00+00:00,-0.615819780867584,0.45486299366574257,0.8914689790124918,-0.4026803112989435,0.6199244097737556,-1.9220907965791245,1.1294718881113304,1.6389491331820425
2019-11-12 07:00:00+00:00,-0.6457008576352028,0.43384299454006386,0.29138749847874984,-0.3832727287563533,0.6234242310624597,-1.3389308979647043,1.0721851447789097,1.6389491331820425
2019-11-12 08:00:00+00:00,-0.5015524836005385,0.4552308593888375,-0.06418388131856471,-0.2165147630805702,0.5684395436687261,-1.1260830492473983,1.01302006151933,1.6389491331820425
2019-11-12 09:00:00+00:00,-0.39488919468405553,0.577597652423194,-0.06418388131856471,-0.00011948966435048141,0.5157953509417527,-1.3389308979647043,0.9518492750272469,1.6389491331820425
2019-11-12 10:00:00+00:00,-0.4223928085043838,0.5667590072045507,-0.2895310048411366,-0.15792072156903744,0.46540880847324806,-0.9045781734247211,0.8885320119721712,1.6389491331820425
2019-11-12 11:00:00+00:00,-0.4172605829584164,0.7385016746116955,-0.5653335939891461,-0.037694199133462496,0.41719858025893597,-0.19956113401161304,0.8229121377276283,1.6389491331820425
2019-11-12 12:00:00+00:00,-0.5044543845479665,0.6247211402343473,-0.5653335939891461,-0.15268774184416942,0.37108493818794897,-0.675333771904876,0.7548158367509752,1.6389491331820425
2019-11-12 13:00:00+00:00,-0.4674069246855222,0.7128775618981185,-0.9209049737864606,-0.09049186012596679,0.3572428214008308,-0.4397227074485675,0.6840488378870729,1.6389491331820425
2019-11-12 14:00:00+00:00,-0.4376698833949487,0.6883469769114131,-0.06418388131856471,-0.06409573472639167,0.3137561683098064,0.28551416426558984,0.6103930730697269,1.6389491331820425
2019-11-12 15:00:00+00:00,-0.4473550462229031,0.6286719592142327,-0.06418388131856471,-0.022044033716171446,0.2721885950867042,0.5256757377022737,0.5336026246447417,1.6389491331820425
2019-11-12 16:00:00+00:00,-0.4046717246527961,0.6834964940073863,-0.06418388131856471,0.0896706380685075,0.23246624250224726,-0.439722707448297,0.45339877145323687,1.6389491331820425
2019-11-12 17:00:00+00:00,-0.35737789249332563,0.635321767491981,-0.9209049737864606,0.20950044152958663,0.19451714561413969,-0.6753337719051404,0.3694638819326874,1.6389491331820425
2019-11-12 18:00:00+00:00,-0.3715716321829291,0.7867808914508773,-0.2895310048411366,0.009397463390179626,0.15827127082014472,-1.3389308979644676,0.2814338164314934,1.6389491331820425
2019-11-12 19:00:00+00:00,-0.3580471720824008,0.7580413109583709,-0.5653335939891461,0.02502926480372384,0.12366054327697179,-0.6753337719051404,0.18888837951259085,1.6389491331820425
2019-11-12 20:00:00+00:00,-0.35695139296827033,0.8670056336501296,-0.9209049737864606,0.11173769137970294,0.09061886538362929,0.04297651512698839,0.09133918901076775,1.6389491331820425
2019-11-12 21:00:00+00:00,-0.39426454092103896,0.8222657920978699,-0.5653335939891461,0.022393054948084665,0.05908212702203338,-0.439722707448297,-0.011785925093007757,1.6389491331820425
2019-11-12 22:00:00+00:00,-0.4149893301840333,0.6283002601048143,-0.06418388131856471,-0.02533232538245717,0.02898820823587746,0.28551416426531495,0.43986065781575795,1.6389491331820425
2019-11-12 23:00:00+00:00,-1.25611389571074,0.5117687221920264,-0.5653335939891461,-0.9363016904896441,0.00027697501198842777,0.7612868021591174,-0.25904762739374537,1.6389491331820425
2019-11-13 01:00:00+00:00,-0.5124203876220816,0.4260722269688889,-0.06418388131856471,-0.12970933562033518,-0.0532281095588236,0.7612868021588529,1.7413154215618345,0.844868870826415
2019-11-13 02:00:00+00:00,-0.4546393039561758,0.6359590859278603,0.12634439684537754,-0.019331183211134566,-0.07813242105733509,0.28551416426558984,1.696594731958851,0.844868870826415
2019-11-13 03:00:00+00:00,-0.4070351190030936,0.6223924559462929,-0.2895310048411366,0.07348149453766804,-0.10187501408040588,1.2120360795013752,1.6507375794204089,0.844868870826415
2019-11-13 04:00:00+00:00,-0.3456449681355891,0.6105448895279914,-0.2895310048411366,0.0881139603634161,-0.12450635402184729,0.5256757377025444,1.6036846938264557,0.844868870826415
2019-11-13 05:00:00+00:00,-0.33599098200220723,0.4139815796235471,-0.06418388131856471,0.21438437171652996,-0.14607505630337936,0.28551416426558984,1.5553720439414,0.844868870826415
2019-11-13 06:00:00+00:00,-0.3360655736789094,0.4178830667422941,-0.2895310048411366,0.19721695341303774,-0.1666279223779503,-0.19956113401161304,1.5057303134095112,0.844868870826415
2019-11-13 07:00:00+00:00,-0.3450887401687628,0.49750338597194105,-0.9209049737864606,0.08314724721070811,-0.1862099782721732,-0.4397227074485675,1.4546843026163152,0.844868870826415
2019-11-13 08:00:00+00:00,-0.3301156204916937,0.5735266590467823,-0.2895310048411366,0.10439636127977256,-0.20486451526150934,-0.19956113401161304,1.402152243462781,0.844868870826415
2019-11-13 09:00:00+00:00,-0.37333060083550046,0.6465290915219654,-0.2895310048411366,0.06659120075747064,-0.2226331323027253,0.04297651512698839,1.3480450113791995,0.844868870826415
2019-11-13 10:00:00+00:00,-0.32721030369094595,0.5577297305094563,-0.2895310048411366,0.111030435249813,-0.2395557798782198,0.5256757377025444,1.2922652155128374,0.844868870826415
2019-11-13 11:00:00+00:00,-0.33655373409621475,0.561685848189612,-1.4220546864570422,-0.01762235781856958,-0.25567080493590244,1.424883928218681,1.2347061437643223,0.844868870826415
2019-11-13 12:00:00+00:00,-0.3755196481581153,0.5640750188402263,-0.9209049737864606,0.024786786526270695,-0.27101499663622275,1.6285694945418097,1.175250533965416,0.844868870826415
2019-11-13 13:00:00+00:00,-0.29215880595622135,0.6782252137828746,-0.06418388131856471,0.17268838905470618,-0.2856236326446517,0.7612868021591174,1.113769135640426,0.844868870826415
2019-11-13 14:00:00+00:00,-0.3319988685839432,0.6326095072047779,-0.9209049737864606,0.1362578336164986,-0.29953052573321937,1.822926191420286,1.0501190180089028,0.844868870826415
2019-11-13 15:00:00+00:00,-0.3777999157262156,0.5125585813125316,-0.2895310048411366,0.03086078804080032,-0.31276807047868777,1.2120360795013752,0.9841415685312144,0.844868870826415
2019-11-13 16:00:00+00:00,-0.3917458589439392,0.592460135296953,-0.9209049737864606,0.07435943569371854,-0.3253672898674377,1.2120360795013752,0.9156601114922476,0.844868870826415
2019-11-13 17:00:00+00:00,-0.31497780194288766,0.47796851846079474,-0.2895310048411366,0.2823067354465627,-0.33735788163827524,0.990531203678698,0.8444770566356621,0.844868870826415
2019-11-13 18:00:00+00:00,-0.32234309152713236,0.31022537076390494,0.29138749847874984,0.2768090434310565,-0.18357577229930966,-0.675333771904876,0.7703704619716647,0.844868870826415
2019-11-13 19:00:00+00:00,-0.15207192330460997,-0.7375942997430166,0.12634439684537754,1.1903348256641177,-0.20235522637678569,0.28551416426558984,0.6930898601131578,0.844868870826415
2019-11-13 20:00:00+00:00,-0.12030290791693397,-0.955851221420397,0.43696583135201694,1.217379775339047,-0.12247789793961,0.5256757377022737,0.6123511502688046,0.844868870826415
2019-11-13 21:00:00+00:00,-0.20392862565799627,-0.28334816293303167,-0.06418388131856471,0.6213544789220683,0.35661877033372397,0.5256757377025444,0.5278302930785046,0.844868870826415
2019-11-13 22:00:00+00:00,-0.2367643305169782,-0.19581255270307352,-0.9209049737864606,0.547140797114496,0.6684224959050725,1.424883928218681,0.43915545497051756,0.844868870826415
2019-11-13 23:00:00+00:00,-1.0848629463766088,0.15549098892572152,-0.2895310048411366,-0.5928425543789917,0.7555002856571037,0.990531203678698,0.3458971207412685,0.844868870826415
2019-11-14 01:00:00+00:00,-0.23014650797937403,0.633840803135231,-1.4220546864570422,0.12483036042853067,0.6918218264631983,0.04297651512698839,0.14354435791767095,-0.06637077449971446
2019-11-14 02:00:00+00:00,-0.31142714692134105,0.5964751612153041,-0.06418388131856471,0.055502418934365784,0.6339505079580916,0.5256757377022737,0.45327167279909686,-0.06637077449971446
2019-11-14 03:00:00+00:00,-0.3039502297906406,0.6094278366092938,-0.9209049737864606,-0.009823997624274829,0.5785197877082494,0.990531203678698,0.05018993673193756,-0.06637077449971446
2019-11-14 04:00:00+00:00,-0.3267739012538559,0.5579477409544875,-0.5653335939891461,0.009829317681447342,0.5254451793452002,0.5256757377025444,0.4365532034262644,-0.06637077449971446
2019-11-14 05:00:00+00:00,-0.4039892871842841,0.5145169258062492,-0.5653335939891461,-0.08909370582291017,0.47464356909454875,0.28551416426558984,0.7546073136859198,-0.06637077449971446
2019-11-14 06:00:00+00:00,-0.3891064837980108,0.28550407016935697,0.12634439684537754,0.04874253410748147,0.42603333152399153,-1.1260830492473983,1.0249158713845719,-0.06637077449971446
2019-11-14 07:00:00+00:00,-0.4215773576142397,0.013464924537384024,-2.2787757789249383,0.09118594291127838,0.37953443154201655,-0.4397227074485675,1.2599603386162272,-0.06637077449971446
2019-11-14 08:00:00+00:00,-0.41259297881026535,0.3341466935860385,-0.06418388131856471,0.009556259349814262,0.3350685131732772,-1.542616464287833,1.4678888982975016,-0.06637077449971446
2019-11-14 09:00:00+00:00,-0.3837684488283725,0.5984841183784878,0.29138749847874984,-0.036311830151100115,0.2925589756927623,-1.3389308979647043,1.654315869769049,-0.06637077449971446
2019-11-14 10:00:00+00:00,-0.3607735391997351,0.5341622854634095,-0.2895310048411366,0.026346937933714096,0.25193103774488484,0.28551416426558984,1.8232743401546185,-0.06637077449971446
2019-11-14 11:00:00+00:00,-0.410884145730537,-0.03393097910317836,-0.2895310048411366,0.06407841562005093,0.21311179010632997,0.28551416426531495,1.9777593227857415,-0.06637077449971446
2019-11-14 12:00:00+00:00,-0.3685680001800635,-0.6163868916830635,-0.2895310048411366,0.3297517939721205,0.20695046273464246,1.2120360795013752,2.1200560286423284,-0.06637077449971446
2019-11-14 13:00:00+00:00,-0.3600979595728689,-0.2227530160234453,0.12634439684537754,0.16894009243881386,0.1701455737082128,0.04297651512698839,2.25194782963276,-0.06637077449971446
2019-11-14 14:00:00+00:00,-0.33875414123989983,0.020921448999824233,-0.06418388131856471,0.2832512966805418,0.1349982619228918,-0.439722707448297,2.3748532292794833,-0.06637077449971446
2019-11-14 15:00:00+00:00,-0.36681333812200695,-0.18141601870961876,-0.5653335939891461,0.2309167056209439,0.10144177041309474,-0.6753337719051404,2.4899190730735645,-0.06637077449971446
2019-11-14 16:00:00+00:00,-0.2755082067325807,-0.6449227427543056,0.29138749847874984,0.4877841212233628,0.06941132716173405,-1.3389308979644676,2.5980857725799598,-0.06637077449971446
2019-11-14 17:00:00+00:00,-0.3117304795278936,-0.6563895047533712,-0.5653335939891461,0.44654295672316924,0.038844150220259964,-1.3389308979647043,2.700134057996272,-0.06637077449971446
2019-11-14 18:00:00+00:00,-0.29017264450085795,-0.49449065459087066,0.12634439684537754,0.49367865077832407,0.009679445712321736,-1.7369731611665251,2.7967192014783846,-0.06637077449971446
2019-11-14 19:00:00+00:00,-0.3020702552275388,-0.7698888391444947,-0.9209049737864606,0.5960005928541655,-0.01814160062829289,-1.7369731611663093,2.8883965363330444,-0.06637077449971446
2019-11-14 20:00:00+00:00,-0.2419377369244255,-0.9594278686136924,0.43696583135201694,0.6447020354906666,-0.04467583775808873,-1.1260830492473983,2.9756408004825756,-0.06637077449971446
2019-11-14 21:00:00+00:00,-0.25979393157834363,-0.8383585522329954,-0.5653335939891461,0.5861483897547015,-0.06997816886149451,-0.675333771904876,2.040181686339135,-0.06637077449971446
2019-11-14 22:00:00+00:00,-0.3072146408633896,-0.6996512272866681,-0.5653335939891461,0.4693360086537388,-0.09410157555288384,-0.4397227074485675,1.79943203984853,-0.06637077449971446
2019-11-14 23:00:00+00:00,-1.1802491609534902,-0.6289501292121932,0.12634439684537754,-0.6085801874534392,-0.11709714620017835,-0.9045781734247211,0.6693936206235265,-0.06637077449971446
2019-11-15 01:00:00+00:00,-0.333134023134038,-0.9715994356296571,-0.2895310048411366,0.5518679844594092,-0.15989986133198214,-0.675333771904876,1.6657878452428891,2.0782968193214253
2019-11-15 02:00:00+00:00,-0.330322475489613,-0.8860795325781344,0.12634439684537754,0.525454218426509,-0.1798000189205587,0.28551416426558984,1.2742020991719458,2.0782968193214253
2019-11-15 03:00:00+00:00,-0.3286483450014053,-0.9244774682152804,0.29138749847874984,0.5926035468725828,-0.19875844442628857,0.04297651512698839,2.295564517270711,2.0782968193214253
2019-11-15 04:00:00+00:00,-0.31209877757128496,-0.9167418325531113,0.29138749847874984,0.6620005197862996,-0.21681729504220357,-0.6753337719051404,2.229187289062566,2.0782968193214253
2019-11-15 05:00:00+00:00,-0.25388429615405705,-1.0233721395713187,-0.9209049737864606,0.6883401515572946,-0.23401706476318035,-1.3389308979644676,2.1602750294317166,2.0782968193214253
2019-11-15 06:00:00+00:00,-0.3055659878594224,-0.6723581769133966,-0.2895310048411366,0.48995314608036095,-0.2503966289946901,-1.1260830492473983,2.0886263910309526,2.0782968193214253
2019-11-15 07:00:00+00:00,-0.2539456413355711,-0.9919768336787104,-0.2895310048411366,0.6887326844204337,-0.2659932900616267,-1.3389308979647043,2.014015042596061,2.0782968193214253
2019-11-15 08:00:00+00:00,-0.1933475626549462,-1.0749122389537207,0.29138749847874984,0.7712128197900062,-0.2808428233467754,-2.72164547881674,1.9361853564750953,2.0782968193214253
2019-11-15 09:00:00+00:00,-0.26454392872840565,-0.969445158845582,0.12634439684537754,0.6919852419268993,-0.2949795238142593,-1.7369731611665251,1.854847123561601,2.0782968193214253
2019-11-15 10:00:00+00:00,-0.2603765628148511,-0.716409096080969,-0.06418388131856471,0.5359822693708366,-0.3084362526977219,-0.9045781734247211,1.7696690199262657,2.0782968193214253
2019-11-15 11:00:00+00:00,-0.32162610078180187,-0.6898053766642172,0.12634439684537754,0.4126341788620789,-0.32124448415600404,-1.1260830492473983,1.6802704537192223,2.0782968193214253
2019-11-15 12:00:00+00:00,-0.32934796921841775,-0.42110695182705826,-0.2895310048411366,0.2894369205917286,-0.33343435172063907,0.5256757377025444,1.5862112852203447,2.0782968193214253
2019-11-15 13:00:00+00:00,-0.26365666192829673,-0.40487608749887066,0.43696583135201694,0.32311338234596393,-0.3450346943796457,-0.19956113401161304,1.486978717429429,2.0782968193214253
2019-11-15 14:00:00+00:00,-0.39535571535554886,-0.28587862239830275,0.5671900876267599,0.060969203186790194,-0.35607310216083216,0.28551416426558984,1.3819703679374769,2.0782968193214253
2019-11-15 15:00:00+00:00,-0.384644172344804,0.30606699966769874,0.6849922567119894,-0.09582989466698694,-0.36657596109519897,-0.9045781734249775,1.2704721041979599,2.0782968193214253
2019-11-15 16:00:00+00:00,-0.28298632735005924,0.5251543605034246,-0.06418388131856471,-0.09502467316193151,-0.37656849745704735,-0.9045781734247211,1.151628569367245,2.0782968193214253
2019-11-15 17:00:00+00:00,-0.3091999601732666,0.591848656108423,0.12634439684537754,-0.06062240016165204,-0.38607482119215436,-1.1260830492473983,1.024403300598945,2.0782968193214253
2019-11-15 18:00:00+00:00,-0.32931886272546107,0.43104480825169406,-0.2895310048411366,-0.029187294937031847,-0.3951179684588743,-1.9220907965791245,0.8875236924428506,2.0782968193214253
2019-11-15 19:00:00+00:00,-0.3128447579092416,0.5191787406898511,-0.06418388131856471,-0.045829816846958304,-0.4037199432193771,-1.1260830492473983,0.7394033222113999,2.0782968193214253
2019-11-15 20:00:00+00:00,-0.24575337469395048,0.5129021582038189,0.12634439684537754,0.0704325808292862,-0.4119017578294485,-0.675333771904876,0.5780294536565933,2.0782968193214253
2019-11-15 21:00:00+00:00,-0.22351439446190402,0.5484280684439375,-0.5653335939891461,-0.010852657544778278,-0.41968347258544014,0.04297651512698839,0.4320913951895059,2.0782968193214253
2019-11-15 22:00:00+00:00,-0.16268392810387453,0.6265321911537054,-0.06418388131856471,0.06812947047844613,-0.4270842341961841,0.04297651512698839,1.6634302491139326,2.0782968193214253
2019-11-15 23:00:00+00:00,-1.022413643506893,0.7333318004142669,0.12634439684537754,-0.8508285244692508,-0.4341223131558963,0.5256757377022737,0.6689110856778954,2.0782968193214253
2019-11-16 01:00:00+00:00,-0.19614685917765176,0.6555623132480298,0.29138749847874984,0.11148678454938948,-0.44717934044480234,0.04297651512698839,0.7175203178523494,0.25256310136443083
2019-11-16 02:00:00+00:00,-0.21468890074835828,0.5513824544699979,-0.06418388131856471,0.10341271823531858,-0.4532307693743392,1.2120360795013752,0.7413425862232621,0.25256310136443083
2019-11-16 03:00:00+00:00,-0.2411705425023439,0.5703278166920264,-0.5653335939891461,0.11751754493523524,-0.45898454372988795,1.424883928218681,0.7648544745731671,0.25256310136443083
2019-11-16 04:00:00+00:00,-0.17263688562662163,0.432396840724398,-0.5653335939891461,0.12009701362867752,-0.46445507425346483,0.5256757377025444,0.7880639668650172,0.25256310136443083
2019-11-16 05:00:00+00:00,-0.16669346253111827,0.15050651083341338,0.12634439684537754,0.2417331477309823,-0.46965609612759046,-0.4397227074485675,0.8109787429100569,0.25256310136443083
2019-11-16 06:00:00+00:00,-0.19108187820512681,-0.15034529391396437,-0.5653335939891461,0.31260869546957076,-0.47460069851360104,-0.9045781734247211,0.8336061936233189,0.25256310136443083
2019-11-16 07:00:00+00:00,-0.2650732678020164,0.2124189236407937,0.43696583135201694,0.12137618102771441,-0.4793013530061428,-1.1260830492473983,0.8559534353344779,0.25256310136443083
2019-11-16 08:00:00+00:00,-0.22913186048436357,0.38229751164096243,0.29138749847874984,0.0923050025996818,-0.4837699410225309,-1.5426164642880593,0.8780273232233995,0.25256310136443083
2019-11-16 09:00:00+00:00,-0.2455854246707154,0.2550054380025884,0.43696583135201694,0.12429072996276526,-0.4880177801477673,-0.675333771904876,0.8998344639438578,0.25256310136443083
2019-11-16 10:00:00+00:00,-0.2498205963616258,0.41190425677792053,0.5671900876267599,0.18245476383609607,-0.4920556494578147,0.04297651512698839,0.9213812274935724,0.25256310136443083
2019-11-16 11:00:00+00:00,-0.3180418561348232,0.411633086058215,-0.06418388131856471,0.17294146998260473,-0.49589381384520836,-0.19956113401161304,0.9426737583839391,0.25256310136443083
2019-11-16 12:00:00+00:00,-0.2872615095179594,0.3731772436369891,0.43696583135201694,0.11302977158663978,-0.4995420473722515,1.2120360795013752,0.9637179861584431,0.25256310136443083
2019-11-16 13:00:00+00:00,-0.32650305565495985,0.305997946587168,-0.2895310048411366,-0.05698397605432715,-0.5030096556779821,0.04297651512698839,0.9845196353048176,0.25256310136443083
2019-11-16 14:00:00+00:00,-0.38569215237720805,0.053829818443223036,0.8914689790124918,-0.04708446981175679,-0.5063054974657832,0.04297651512698839,1.005084234602393,0.25256310136443083
2019-11-16 15:00:00+00:00,-0.33701793494201643,-0.028136100792830597,-0.06418388131856471,-0.017025817051381818,-0.5094380050989955,0.28551416426558984,1.0254171259428226,0.25256310136443083
2019-11-16 16:00:00+00:00,-0.2946572154112849,0.16083285548539014,0.12634439684537754,0.07726873382970038,-0.5124152043322173,-1.1260830492473983,1.0455234726593985,0.25256310136443083
2019-11-16 17:00:00+00:00,-0.3749918825662638,0.3251458858052966,-0.2895310048411366,-0.00800800200658514,-0.5152447332061006,0.04297651512698839,1.0654082673974412,0.25256310136443083
2019-11-16 18:00:00+00:00,-0.31803795064380985,0.3356994306929296,1.148108590946646,-0.026198980017547262,-0.5179338601334772,-0.6753337719051404,1.085076339555778,0.25256310136443083
2019-11-16 19:00:00+00:00,-0.2987337982773411,0.49826891158153663,-0.06418388131856471,-0.031140675304359686,-0.5204895012045302,-0.675333771904876,1.1045323623270615,0.25256310136443083
2019-11-16 20:00:00+00:00,-0.2994240762462389,0.5436693837379699,0.29138749847874984,-0.051311451890788604,-0.522918236738499,-0.675333771904876,1.123780859362593,0.25256310136443083
2019-11-16 21:00:00+00:00,-0.2599709384544025,0.5979900935763591,0.6849922567119894,-0.029955445739151102,-0.5252263271090946,-0.6753337719051404,0.18213459991872036,0.25256310136443083
2019-11-16 22:00:00+00:00,-0.27421564506140383,0.544954194294368,-0.06418388131856471,-0.05134918876673922,-0.5274197278704197,0.990531203678698,0.18667043983829987,0.25256310136443083
2019-11-16 23:00:00+00:00,-1.2374767566601146,0.4183135035282517,0.29138749847874984,-1.0486366582350977,-0.5295041042097125,0.5256757377025444,0.19119490761372152,0.25256310136443083
2019-11-17 01:00:00+00:00,-0.34538444179003414,0.44844546364224347,0.43696583135201694,0.0038899435724987917,-0.5333670747470132,1.424883928218681,0.20020995383170292,1.6422035604867784
2019-11-17 02:00:00+00:00,-0.49406967670724344,0.2522310088322947,0.6849922567119894,-0.16733575756357355,-0.5351556686477171,1.424883928218681,0.2047006447640552,1.6422035604867784
2019-11-17 03:00:00+00:00,-0.3861661397120748,0.2729954327393941,-0.5653335939891461,0.00995107381522699,-0.5368552621299676,1.2120360795013752,0.20918018854025666,1.6422035604867784
2019-11-17 04:00:00+00:00,-0.34986059548134585,0.24203531726491187,0.7925372111493315,0.17956565958277265,-0.5384702635511689,1.6285694945418097,0.21364864036405004,1.6422035604867784
2019-11-17 05:00:00+00:00,-0.3441059013255437,0.1666872464536339,-0.06418388131856471,0.271126460960709,-0.5400048648859349,0.990531203678698,0.21810605503011332,1.6422035604867784
2019-11-17 06:00:00+00:00,-0.3774545111748166,0.087532067215771,0.8914689790124918,0.17483945274294682,-0.5414630521556488,0.5256757377025444,0.22255248692809398,1.6422035604867784
2019-11-17 07:00:00+00:00,-0.3303119969901374,0.04371333138783246,0.12634439684537754,0.2895795453931325,-0.5428486153739929,-0.675333771904876,0.22698799004658887,1.6422035604867784
2019-11-17 08:00:00+00:00,-0.3019327436389541,-0.1448063426944627,0.12634439684537754,0.38239243667351464,-0.5441651580290628,-0.4397227074485675,0.23141261797707946,1.6422035604867784
2019-11-17 09:00:00+00:00,-0.4015779161830252,-0.18518692202880968,0.43696583135201694,0.21216294782358308,-0.5454161061220071,0.28551416426558984,0.23582642391781705,1.6422035604867784
2019-11-17 10:00:00+00:00,-0.41427007341585365,-0.24276592871942287,0.29138749847874984,0.10677772379883567,-0.5466047167814329,0.7612868021588529,0.24022946067765838,1.6422035604867784
2019-11-17 11:00:00+00:00,-0.40356515895728845,-0.2208646092972928,-0.06418388131856471,0.312692592082804,-0.5477340864721464,0.7612868021591174,0.244621780679857,1.6422035604867784
2019-11-17 12:00:00+00:00,-0.4010215515227964,-0.08837877283397493,0.29138749847874984,0.1886690587541528,-0.37881786165334325,0.990531203678698,0.24900343596581193,1.6422035604867784
2019-11-17 13:00:00+00:00,-0.35975217991300634,-0.19120095067331658,0.29138749847874984,0.2905477506273545,-0.35466778858742853,1.424883928218681,0.25337447819876247,1.6422035604867784
2019-11-17 14:00:00+00:00,-0.31773295608396046,-0.21983610257024475,0.12634439684537754,0.34697504723468675,-0.33180319792426466,1.822926191420286,0.25773495866744633,1.6422035604867784
2019-11-17 15:00:00+00:00,-0.31444930822907935,0.08010438318604098,-0.5653335939891461,0.13816388556880277,-0.3434824836597844,0.990531203678698,0.2620849282897095,1.6422035604867784
2019-11-17 16:00:00+00:00,-0.2971028283367677,0.23698668730323466,-0.06418388131856471,0.031198379086296354,-0.35459613451209093,0.28551416426558984,0.26642443761607276,1.6422035604867784
2019-11-17 17:00:00+00:00,-0.281791151725103,0.09572310060881924,0.5671900876267599,0.06336944623561368,-0.36517069849239564,0.5256757377025444,0.2707535368332595,1.6422035604867784
2019-11-17 18:00:00+00:00,-0.28401106200360526,0.02749263818490916,-0.2895310048411366,0.06414666547330146,-0.3752315578528693,-0.19956113401161304,0.27507227576767496,1.6422035604867784
2019-11-17 19:00:00+00:00,-0.149144058352159,-0.09645129071759966,0.12634439684537754,0.341659260551968,-0.38480297263054025,-0.19956113401161304,0.279380703888849,1.6422035604867784
2019-11-17 20:00:00+00:00,-0.20481384237505976,-0.40005058148912825,-0.06418388131856471,0.5573806307465408,-0.3939081233136532,0.28551416426558984,0.2836788703128347,1.6422035604867784
2019-11-17 21:00:00+00:00,-0.17894710462286617,-0.3890973190026854,-0.2895310048411366,0.5835948745779088,-0.3689526482532463,0.990531203678698,0.28796682380556937,1.6422035604867784
2019-11-17 22:00:00+00:00,-0.20255020084532038,-0.463792789326522,0.12634439684537754,0.6003347846193143,-0.3788296014422272,1.2120360795013752,0.2922446127861944,1.6422035604867784
2019-11-17 23:00:00+00:00,-1.116775544793337,-0.517547560152577,0.29138749847874984,-0.3647782013162128,-0.38822581242285376,0.28551416426558984,0.2965122853303354,1.6422035604867784
2019-11-18 00:00:00+00:00,-1.0673630845012476,-0.451146732417325,0.43696583135201694,-0.2626340007300885,-0.3971640727871732,2.8075985090707176,0.30076988917334196,0.180965700660235
2019-11-18 01:00:00+00:00,-0.2667693683790136,-0.5148682747192947,-0.06418388131856471,0.6428066863293294,-0.4056661514946824,1.2120360795013752,0.305017471713495,0.180965700660235
2019-11-18 02:00:00+00:00,-0.3820657675984599,-0.19878189069479385,-0.2895310048411366,-0.09362839468377675,-0.4137528352221121,0.28551416426558984,0.30925508001516966,0.180965700660235
2019-11-18 03:00:00+00:00,-0.42979425161275503,-0.0954272300844337,-0.06418388131856471,-0.16184329993306176,-0.28758706013321544,0.990531203678698,-0.032885102959761624,0.180965700660235
2019-11-18 04:00:00+00:00,-0.32875241983550163,-0.12135570337185876,-0.5653335939891461,-0.028724705567616658,-0.10497067223951312,0.04297651512698839,-0.04062046199984988,0.180965700660235
2019-11-18 05:00:00+00:00,-0.39571033054253274,-0.3811473258278006,0.43696583135201694,-0.18381007230118263,-0.12745685377660523,-0.4397227074485675,-0.04838912103083933,0.180965700660235
2019-11-18 06:00:00+00:00,-0.4241173633634347,-0.22089158078219745,0.6849922567119894,-0.2907784394403569,-0.14888677279014775,-1.1260830492473983,-0.056191367999398334,0.180965700660235
2019-11-18 07:00:00+00:00,-0.5138637321171585,-0.3953555384510104,-0.5653335939891461,-0.3197949850187591,-0.16930699056477216,-1.542616464287833,-0.06402749460325201,0.180965700660235
2019-11-18 08:00:00+00:00,-0.5228523428916118,-0.23138183483623231,0.29138749847874984,-0.3983968496848835,-0.18876229829347266,-1.7369731611665251,-0.07189779635662072,0.180965700660235
2019-11-18 09:00:00+00:00,-0.4064869699023855,0.0950321773771492,0.29138749847874984,-0.3264356295511874,-0.20729575800935338,-1.1260830492473983,-0.07980257265708988,0.180965700660235
2019-11-18 10:00:00+00:00,-0.5063530784732104,0.0664344335449679,0.43696583135201694,-0.31751006462509135,-0.1921840019300183,-0.19956113401133818,-0.08774212685395047,0.180965700660235
2019-11-18 11:00:00+00:00,-0.4823938488116341,0.30254608261794297,0.12634439684537754,-0.30747627344375755,-0.14531584550343302,-0.19956113401161304,-0.09571676631805152,0.180965700660235
2019-11-18 12:00:00+00:00,-0.47303693833763605,0.29300347465454696,0.43696583135201694,-0.2598597444066048,-0.036866111469470914,0.990531203678698,-0.10372680251320092,0.180965700660235
2019-11-18 13:00:00+00:00,-0.4265557601180034,0.36882458818113834,-0.5653335939891461,-0.18866986358466864,0.09602899552689942,0.28551416426558984,-0.111772551069161,0.180965700660235
2019-11-18 14:00:00+00:00,-0.4935806054595712,0.2761150904321229,0.12634439684537754,-0.30008890840733243,0.25067783007576955,0.7612868021588529,-0.1198543318562733,0.180965700660235
2019-11-18 15:00:00+00:00,-0.42217841429283615,0.3065417271510794,0.29138749847874984,-0.1988895272776933,0.30378731939450043,0.990531203678698,-0.12797246906176735,0.180965700660235
2019-11-18 16:00:00+00:00,-0.39349606548712945,0.3003246866508573,-0.2895310048411366,-0.12461593373728876,0.2626613047967958,0.04297651512698839,-0.13612729126779005,0.180965700660235
2019-11-18 17:00:00+00:00,-0.4662483544413462,0.19968590578984644,-0.2895310048411366,-0.28453278019787964,0.22336337432298212,-1.1260830492473983,-0.14431913153120748,0.180965700660235
2019-11-18 18:00:00+00:00,-0.5007620675336147,0.22019339114353265,-0.5653335939891461,-0.38571515630624575,0.1858220153378134,-0.439722707448297,-0.1525483274652282,0.180965700660235
2019-11-18 19:00:00+00:00,-0.47618225565404426,0.0994191840340463,0.29138749847874984,-0.10361904629618915,0.1499676538514698,-1.1260830492473983,-0.1608152213228906,0.180965700660235
2019-11-18 20:00:00+00:00,-0.10847217718499996,-0.5994188585181182,1.9250608927652373,0.30197819757703376,0.11573267976924076,-0.4397227074485675,-0.16912016008247704,0.180965700660235
2019-11-18 21:00:00+00:00,-0.3258653172692891,-0.14114801846201208,0.6849922567119894,-0.06963789799375647,0.08305146336975089,-0.19956113401161304,-0.258207271137586,0.180965700660235
2019-11-18 22:00:00+00:00,-1.8963227085771408,-0.9769393904412927,0.29138749847874984,-1.9523424443582524,0.05186036370223563,0.7612868021591174,-0.3519217190445902,0.180965700660235
2019-11-19 03:00:00+00:00,-1.5543226074549328,-0.9469815407218738,0.5671900876267599,-1.1399513936464405,-0.08383202152199135,1.628569494542036,1.5675149730122149,0.7049284967227589
2019-11-19 04:00:00+00:00,-0.463468126872127,-0.03608188723314248,0.29138749847874984,-0.18404100779482555,-0.10730818146425344,0.7612868021588529,1.554077478553022,0.7049284967227589
2019-11-19 05:00:00+00:00,-0.41792489150324985,0.25535926663924197,0.12634439684537754,-0.2695456991388588,-0.1296847138225357,-0.19956113401161304,1.5405391745868722,0.7049284967227589
2019-11-19 06:00:00+00:00,-0.47911200293238954,0.10116280659533673,0.5671900876267599,-0.2492427339750956,-0.15100980306630737,-0.19956113401161304,1.526898537106097,0.7049284967227589
2019-11-19 07:00:00+00:00,-0.4648368346687381,0.13940514934375978,0.7925372111493315,-0.25025723639872605,-0.1713298285687591,-1.1260830492473983,1.513154007280409,0.7049284967227589
2019-11-19 08:00:00+00:00,-0.4217492219876987,0.13164304168518282,0.5671900876267599,-0.18482291295483996,-0.19068940368744336,-0.9045781734247211,1.499303990387855,0.7049284967227589
2019-11-19 09:00:00+00:00,-0.418631291282173,0.17228530781881488,0.6849922567119894,-0.1327016570627611,-0.2091314168863954,-0.675333771904876,1.4853468547044306,0.7049284967227589
2019-11-19 10:00:00+00:00,-0.3583821595881812,0.24852520607091494,0.6849922567119894,-0.0047838265833035,-0.226697074531425,-0.6753337719051404,1.4712809303504097,0.7049284967227589
2019-11-19 11:00:00+00:00,-0.40872003278907537,0.1546894090617641,-0.2895310048411366,-0.05973011788611548,-0.2434259450201382,0.04297651512698839,1.4571045080913694,0.7049284967227589
2019-11-19 12:00:00+00:00,-0.3919545412889872,-0.013941104691926968,0.29138749847874984,-0.061491069329445903,-0.2593560039370539,0.7612868021591174,1.4428158380917393,0.7049284967227589
2019-11-19 13:00:00+00:00,-0.4089261991365038,0.14620329161244955,0.12634439684537754,-0.09828618202163387,-0.2745236799518266,0.5256757377022737,1.428413128618611,0.7049284967227589
2019-11-19 14:00:00+00:00,-0.4295063580248176,0.14740903731890714,0.43696583135201694,-0.18835749478581715,-0.2889639012049611,0.7612868021591174,1.4138945446934106,0.7049284967227589
2019-11-19 15:00:00+00:00,-0.38476442641347264,0.262582787215211,0.12634439684537754,-0.12306896904516108,-0.30271014195041057,0.7612868021588529,1.399258206688883,0.7049284967227589
2019-11-19 16:00:00+00:00,-0.3466233812451257,0.2784574197599293,-0.5653335939891461,-0.060570081942141925,-0.3157944692480552,0.04297651512698839,1.3845021888687183,0.7049284967227589
2019-11-19 17:00:00+00:00,-0.32643870982320433,0.35663624517027215,0.9830654893132735,-0.14835753933759804,-0.3282475895212676,-0.439722707448297,1.3696245178669804,0.7049284967227589
2019-11-19 18:00:00+00:00,-0.32540220572435075,0.4488100244679117,-0.06418388131856471,-0.05213502127345236,-0.34009889481550776,-0.19956113401161304,1.3546231711043264,0.7049284967227589
2019-11-19 19:00:00+00:00,-0.3011485953790935,0.5226842014043751,-0.06418388131856471,-0.008369618508478912,-0.35137650861325614,-0.6753337719051404,1.339496075137846,0.7049284967227589
2019-11-19 20:00:00+00:00,-0.2823435769901164,0.7046862581841432,-1.4220546864570422,0.04198404330764177,-0.36210733107853166,-0.439722707448297,1.324241103941158,0.7049284967227589
2019-11-19 21:00:00+00:00,-0.24554040363214968,0.7626275841590302,-0.5653335939891461,0.08458521907571001,-0.3723170836208595,0.04297651512698839,1.297511817496479,0.7049284967227589
2019-11-19 22:00:00+00:00,-0.29591823679122925,0.6873695164131265,-0.06418388131856471,0.0015235444182483042,-0.38203035268382357,0.04297651512698839,0.4840829844167255,0.7049284967227589
2019-11-19 23:00:00+00:00,-0.5940722450085393,0.6496965442532666,-0.5653335939891461,-0.3640466404827152,-0.39127063267740037,-0.19956113401161304,-1.5407833375148565,0.7049284967227589
2019-11-20 01:00:00+00:00,-0.28393554793331927,0.6172986204771262,0.12634439684537754,0.056674611129456424,-0.4084209939965197,0.990531203678698,-1.28982245965311,0.19398340987917975
2019-11-20 02:00:00+00:00,-0.3361626153344903,0.6255497054067888,-1.4220546864570422,0.06743207112441056,-0.416372977098985,0.9905312036789543,-0.9181984160857966,0.19398340987917975
2019-11-20 03:00:00+00:00,-0.3585924894222006,0.4965028923838194,-0.06418388131856471,-0.003891199021301351,-0.4239358536266488,0.990531203678698,-0.9034955895720986,0.19398340987917975
2019-11-20 04:00:00+00:00,-0.4425837269689112,0.449904742714718,0.29138749847874984,-0.10367704376282003,-0.43112826770521356,0.5256757377022737,-0.8889115850740597,0.19398340987917975
2019-11-20 05:00:00+00:00,-0.4223747112790663,0.3565879261429703,0.29138749847874984,-0.06405456929850872,-0.4379680079933063,0.04297651512698839,-0.8744444974396324,0.19398340987917975
2019-11-20 06:00:00+00:00,-0.3701429228443226,0.47326223394094913,0.12634439684537754,-0.002930301869553309,-0.4444720433009236,-1.3389308979644676,-0.8600924669724467,0.19398340987917975
2019-11-20 07:00:00+00:00,-0.3166962145877768,0.5212189839250981,-0.2895310048411366,0.040810103918598094,-0.4506565570794314,-1.5426164642880593,-0.8458536779971555,0.19398340987917975
2019-11-20 08:00:00+00:00,-0.29878631440363906,0.3512952147079957,-0.9209049737864606,0.08849916239285925,-0.4565369807820732,-1.3389308979647043,-0.831726357480937,0.19398340987917975
2019-11-20 09:00:00+00:00,-0.3414009741801867,0.2613514657774459,-0.2895310048411366,0.09288312775377644,-0.46212802609879794,-1.542616464287833,-0.8177087737085387,0.19398340987917975
2019-11-20 10:00:00+00:00,-0.2899953601837856,0.5127174747904604,0.12634439684537754,0.18371984376274306,-0.4674437160734091,-0.19956113401161304,-0.8037992350083816,0.19398340987917975
2019-11-20 11:00:00+00:00,-0.304623037076062,0.48417896546425465,0.5671900876267599,0.11219976669439143,-0.4724974151147398,0.04297651512698839,-0.7899960885273891,0.19398340987917975
2019-11-20 12:00:00+00:00,-0.21366856558050723,0.6878472561487207,-0.2895310048411366,0.20787218040087657,-0.47730185791673674,0.28551416426558984,-0.7762977190523136,0.19398340987917975
2019-11-20 13:00:00+00:00,-0.2578484492744593,0.7569457214917277,-0.06418388131856471,0.07296081238874158,-0.48186917730506507,0.28551416426531495,-0.7627025478754633,0.19398340987917975
2019-11-20 14:00:00+00:00,-0.255958321982683,0.6989476279870425,0.43696583135201694,0.09106076223626873,-0.48621093103014834,0.5256757377025444,-0.7492090317028374,0.19398340987917975
2019-11-20 15:00:00+00:00,-0.3098598257725953,0.6282109126327192,-0.5653335939891461,0.09944864771047887,-0.49033812752852135,-0.4397227074485675,-0.7358156616027776,0.19398340987917975
2019-11-20 16:00:00+00:00,-0.15758652948362734,0.9215152992661843,-0.5653335939891461,0.17418225165649426,-0.4942612506759638,-0.675333771904876,-0.7225209619933505,0.19398340987917975
2019-11-20 17:00:00+00:00,-0.126582483818676,0.8604624364205155,0.29138749847874984,0.09038965028085497,-0.4979902835571928,-1.5426164642880593,-0.7093234896667557,0.19398340987917975
2019-11-20 18:00:00+00:00,-0.19622986928957864,0.749949946768998,0.29138749847874984,0.05502441996011846,-0.5015347312779331,-2.265803340072016,-0.6962218328491495,0.19398340987917975
2019-11-20 19:00:00+00:00,-0.2192168227811225,0.8056518009544652,0.12634439684537754,0.021235182813945198,-0.5049036428459546,-2.09823899129689,-0.6832146102943539,0.19398340987917975
2019-11-20 20:00:00+00:00,-0.18455963375636833,0.8918931173071208,0.5671900876267599,0.07501201891670634,-0.5081056321482613,-1.3389308979647043,-0.6703004704099925,0.19398340987917975
2019-11-20 21:00:00+00:00,-0.11166668092832653,0.8706948962502542,0.29138749847874984,0.05903403818659997,-0.5111488980519925,-0.4397227074485675,-0.6574780904146745,0.19398340987917975
2019-11-20 22:00:00+00:00,0.7733755592807632,0.6922107932996123,-0.2895310048411366,1.1843578737279454,-0.5140412436568086,-0.439722707448297,-0.6447461755249069,0.19398340987917975
2019-11-20 23:00:00+00:00,-0.9895829788329984,0.7959664415674782,0.12634439684537754,-0.9320581006483242,-0.5167900947266048,-0.19956113401161304,-0.6321034581704945,0.19398340987917975
2019-11-21 01:00:00+00:00,-0.11132894526275314,0.8235443701901782,-0.06418388131856471,0.09126647913081752,-0.5218852347054929,-0.19956113401161304,-0.6070806773357366,-0.027317646842880808
2019-11-21 02:00:00+00:00,-0.20946241878505287,0.6992817880970036,0.5671900876267599,-0.024365308553334266,-0.52424464341374,0.04297651512698839,-0.5946982080954252,-0.027317646842880808
2019-11-21 03:00:00+00:00,-0.25047533463197313,0.6098478990819631,-0.2895310048411366,-0.011906616081643784,-0.5264868287453676,0.28551416426558984,-0.5824001234824672,-0.027317646842880808
2019-11-21 04:00:00+00:00,-0.2773587272651568,0.6129161218986171,0.29138749847874984,0.04318635733333386,-0.5286175794693996,-0.9045781734247211,-0.5701852811408855,-0.027317646842880808
2019-11-21 05:00:00+00:00,-0.18905351332109216,0.6709210761936132,0.29138749847874984,0.052884252979940184,-0.5306424019132172,-0.6753337719051404,-0.5580525617557774,-0.027317646842880808
2019-11-21 06:00:00+00:00,-0.20204028621077277,0.6934604209779249,-0.5653335939891461,0.11452340401996085,-0.5325665334112551,-1.1260830492473983,-0.5460008684378087,-0.027317646842880808
2019-11-21 07:00:00+00:00,-0.16873536851333287,0.7532927557426562,0.29138749847874984,0.11861156848569546,-0.5343949551456714,-1.7369731611663093,-0.5340291261281177,-0.027317646842880808
2019-11-21 08:00:00+00:00,-0.1556927053798221,0.8965106822433648,0.29138749847874984,0.17151431315598642,-0.5361324044032914,-1.3389308979647043,-0.522136281022837,-0.027317646842880808
2019-11-21 09:00:00+00:00,-0.11219572961455591,0.8716932705691712,-0.2895310048411366,0.12698108569759614,-0.5377833862724842,-2.09823899129689,-0.5103213000164465,-0.027317646842880808
2019-11-21 10:00:00+00:00,-0.08849203203681713,0.8937755653201267,0.43696583135201694,0.18984842846713085,-0.5393521848029402,0.28551416426558984,-0.49858317016323533,-0.027317646842880808
2019-11-21 11:00:00+00:00,-0.08203645246687362,0.890776819535568,0.43696583135201694,0.18411677412722718,-0.5408428736506832,-0.4397227074485675,-0.48692089815616396,-0.027317646842880808
2019-11-21 12:00:00+00:00,-0.04474320842102086,0.9109086551803208,0.7925372111493315,0.21141275349442057,-0.542259326229915,0.5256757377025444,-0.47533350982245687,-0.027317646842880808
2019-11-21 13:00:00+00:00,-0.14302145967767507,0.8095186713022787,-0.06418388131856471,0.05893335050992646,-0.5436052253926421,0.28551416426558984,-0.4638200496352881,-0.027317646842880808
2019-11-21 14:00:00+00:00,-0.16502447720453714,0.7776543942957764,0.12634439684537754,0.04909667550050884,-0.5448840726562996,0.990531203678698,-0.45237958024094416,-0.027317646842880808
2019-11-21 15:00:00+00:00,-0.1214705358499546,0.8355101670011762,0.12634439684537754,0.10272777011983607,-0.5460991969989291,0.28551416426558984,-0.44101118200088024,-0.027317646842880808
2019-11-21 16:00:00+00:00,-0.08540283699214953,0.8389820486971505,0.29138749847874984,0.09992852916416135,-0.5472537632407551,-0.4397227074485675,-0.429713952548113,-0.027317646842880808
2019-11-21 17:00:00+00:00,-0.10391001349987987,0.8201690717277175,0.12634439684537754,0.09566951750732465,-0.5483507800303368,-1.542616464287833,-0.41848700635741126,-0.027317646842880808
2019-11-21 18:00:00+00:00,-0.10179582869130377,0.8774479188448876,-0.2895310048411366,0.12189413917172998,-0.549393107452799,-0.19956113401161304,-0.40732947432877253,-0.027317646842880808
2019-11-21 19:00:00+00:00,0.05788922234159913,0.9824028411189084,0.29138749847874984,0.21432579967036128,-0.550383464276989,-0.9045781734247211,-0.39624050338369937,-0.027317646842880808
2019-11-21 20:00:00+00:00,0.13195562031317656,0.9881369072704966,-1.4220546864570422,0.1856426990407659,-0.5513244348577474,-0.19956113401161304,-0.38521925607380386,-0.027317646842880808
2019-11-21 21:00:00+00:00,0.05908440250748937,0.8979648544986378,-0.5653335939891461,0.13757872062173285,-0.5522184757088672,0.28551416426558984,-0.37426491020129055,-0.027317646842880808
2019-11-21 22:00:00+00:00,0.09349620204359194,0.9449598000446867,0.43696583135201694,0.157373029556461,-0.5530679217616831,0.990531203678698,-0.005135028982517612,-0.027317646842880808
2019-11-21 23:00:00+00:00,-0.775385254625479,0.9869849299684791,0.12634439684537754,-0.7601495078641592,-0.553874992323636,1.2120360795013752,-1.3142395610478135,-0.027317646842880808
2019-11-22 01:00:00+00:00,0.26296218073136973,1.0829646858256512,0.29138749847874984,0.31003156509237745,-0.5553703398459391,0.7612868021588529,0.9584572054756194,-1.039444538615831
2019-11-22 02:00:00+00:00,0.24945425436917226,1.0493133320517976,-0.2895310048411366,0.23480116943455495,-0.556062526999616,2.3517563703261777,0.9053837705429258,-1.039444538615831
2019-11-22 03:00:00+00:00,0.2671920777896472,0.9999790843531637,0.43696583135201694,0.19675317146034985,-0.556720169078307,1.424883928218681,0.8507020295765318,-1.039444538615831
2019-11-22 04:00:00+00:00,0.24661712954077605,0.9784529259404092,0.5671900876267599,0.21607391006961493,-0.5573449870792602,0.7612868021588529,0.794311453972805,-1.039444538615831
2019-11-22 05:00:00+00:00,0.34529117906247053,1.0445368813930154,-0.5653335939891461,0.14604366321503298,-0.5579386165582967,1.424883928218681,0.7361017847633342,-1.039444538615831
2019-11-22 06:00:00+00:00,0.7149548444510416,1.2508279295642888,-0.9209049737864606,0.04118794151626942,-0.558502611842781,-1.9220907965791245,0.6759517348661672,-1.039444538615831
2019-11-22 07:00:00+00:00,1.2588249082281875,1.8262191115755881,1.3605133211168834,0.479257535504793,-0.5590384500396769,-1.9220907965791245,0.6137274674996631,-1.039444538615831
2019-11-22 08:00:00+00:00,1.7602605843935815,1.9276890863334326,2.0797609443208795,1.2396570527630604,-0.5595475348483756,-1.1260830492473983,0.5492808027692583,-1.039444538615831
2019-11-22 09:00:00+00:00,0.31431448312642984,0.9616207758573648,0.8914689790124918,0.09905961271077471,-0.5600312001875576,-0.19956113401161304,0.4824470919876624,-1.039444538615831
2019-11-22 10:00:00+00:00,0.08266482752137252,0.7879832566327679,1.148108590946646,0.12132937821909083,-0.5604907136449359,0.5256757377025444,0.41304268300544117,-1.039444538615831
2019-11-22 11:00:00+00:00,0.12746315598791985,0.8638794895212181,0.5671900876267599,0.17993988031179223,-0.5609272797583211,0.28551416426531495,0.34086187833021175,-1.039444538615831
2019-11-22 12:00:00+00:00,0.10802118329819997,0.9219134696083795,0.43696583135201694,0.19390562877155765,-0.5613420431360846,0.7612868021591174,0.26567325914096457,-1.039444538615831
2019-11-22 13:00:00+00:00,0.13046981196038399,0.9191030486887791,0.12634439684537754,0.18777494665386918,-0.5617360914247018,1.424883928218681,0.1872152096493996,-1.039444538615831
2019-11-22 14:00:00+00:00,0.10512969005873177,0.8842672347824142,0.6849922567119894,0.1718621271232203,-0.5621104581307356,1.2120360795013752,0.105190423533604,-1.039444538615831
2019-11-22 15:00:00+00:00,0.10660552047988821,0.9236793942240503,-0.9209049737864606,0.15305526906416467,-0.5624661253042513,0.7612868021588529,0.019259101331932076,-1.039444538615831
2019-11-22 16:00:00+00:00,0.07397010754894337,0.849090473326456,0.12634439684537754,0.11194020051981392,-0.5628040260903528,0.990531203678698,-0.0709695543268964,-1.039444538615831
2019-11-22 17:00:00+00:00,0.0591632219383273,0.8028925048278266,-0.2895310048411366,0.1474068471999326,-0.5631250471552127,0.04297651512698839,-0.16594808380996595,-1.039444538615831
2019-11-22 18:00:00+00:00,0.14119570902598105,0.7873756280600049,-0.5653335939891461,0.15881324455174148,-0.56343003099267,0.28551416426558984,-0.26620450362802217,-1.039444538615831
2019-11-22 19:00:00+00:00,0.20541016730351905,0.9228827575305891,-0.9209049737864606,0.16197019904303908,-0.5637197781171781,0.990531203678698,-0.3723600837991351,-1.039444538615831
2019-11-22 20:00:00+00:00,0.2465781262925771,0.9196718887090525,0.43696583135201694,0.17865444030731717,-0.563995049148635,0.7612868021591174,-0.485152688518618,-1.039444538615831
2019-11-22 21:00:00+00:00,0.25763910613941,0.8725467767916454,0.29138749847874984,0.15119129644895443,-0.5642565667943462,0.7612868021588529,-1.1632710753343314,-1.039444538615831
2019-11-22 22:00:00+00:00,0.48369686344735985,0.9218988760298993,-0.9209049737864606,0.15746447271200195,-0.5645050177331256,0.28551416426558984,-1.2555078483618454,-1.039444538615831
2019-11-22 23:00:00+00:00,-0.3907673129660039,0.9585961253490582,-0.06418388131856471,-0.7571467036546233,-0.5647410544063197,0.7612868021588529,-2.1243251324838237,-1.039444538615831
2019-11-23 01:00:00+00:00,0.6131577632909082,1.0703271333663404,-1.4220546864570422,0.2770403487824487,-0.5651783336646701,0.5256757377025444,-1.9416341203440939,0.4348110304296566
2019-11-23 02:00:00+00:00,0.5525588203617335,1.0111121963295566,-0.2895310048411366,0.29890073709153836,-0.565380724850579,0.990531203678698,-1.856786455308339,0.4348110304296566
2019-11-23 03:00:00+00:00,0.8217319098870001,1.0078901709635188,-0.9209049737864606,0.35917263524645004,-0.565573001972606,0.28551416426558984,-1.77574958768044,0.4348110304296566
2019-11-23 04:00:00+00:00,1.2606094854965366,1.3159669513890044,-2.2787757789249383,0.38489194593938136,-0.5657556701984202,0.5256757377022737,-1.698195868831359,0.4348110304296566
2019-11-23 05:00:00+00:00,1.5058810170466677,1.6397912280364169,0.8914689790124918,0.869565792295566,-0.565929209489479,0.04297651512698839,-1.6238381705192007,0.4348110304296566
2019-11-23 06:00:00+00:00,1.341423103353756,1.673983819308177,1.2230398518529833,0.9516219230883298,-0.5660940758562616,-0.439722707448297,-1.552423467029004,0.4348110304296566
2019-11-23 07:00:00+00:00,0.6624901833013848,1.274479810854921,0.43696583135201694,0.3018918587638406,-0.5662507025512296,-1.1260830492473983,-1.4837276396876313,0.4348110304296566
2019-11-23 08:00:00+00:00,1.1377326525528504,1.4628211343961126,1.2230398518529833,0.6044529903215813,-0.5663995012025862,-1.5426164642880593,-1.4175512345926415,0.4348110304296566
2019-11-23 09:00:00+00:00,1.7386397468257748,1.7950202829393058,1.3605133211168834,0.9360917264643154,-0.5665408628917551,-1.1260830492473983,-1.353715971099182,0.4348110304296566
2019-11-23 10:00:00+00:00,1.4891361842518642,1.535630914794175,0.8914689790124918,0.8628888538819587,-0.5666751591773432,0.04297651512698839,-1.2920618470654224,0.4348110304296566
2019-11-23 11:00:00+00:00,1.130252158402583,1.1528133857886034,0.43696583135201694,0.7481730944059233,-0.5668027430682374,0.28551416426558984,-1.2324447224960533,0.4348110304296566
2019-11-23 12:00:00+00:00,0.3852583709271395,1.0316209646283157,-0.5653335939891461,0.27058903527862205,-0.5669239499483447,0.28551416426558984,-1.1747342897373076,0.4348110304296566
2019-11-23 13:00:00+00:00,0.09199082499643228,1.1971314058252194,0.43696583135201694,0.07061201468932825,-0.5670390984553574,0.7612868021588529,-1.11881235831301,0.4348110304296566
2019-11-23 14:00:00+00:00,0.4735496525370666,1.0776732566500704,-0.2895310048411366,0.399102665366288,-0.5671484913158246,1.424883928218681,-1.064571397630107,0.4348110304296566
2019-11-23 15:00:00+00:00,0.4803625189603899,0.8993419396703999,-0.06418388131856471,0.4030342076674521,-0.567252416138692,0.990531203678698,-1.0119132923847463,0.4348110304296566
2019-11-23 16:00:00+00:00,2.9468167937243814,0.8582235529176563,-0.06418388131856471,2.1010249168773028,-0.5673511461693542,0.28551416426558984,-0.9607482744692722,0.4348110304296566
2019-11-23 17:00:00+00:00,0.47833991017088756,0.6373177656412867,-1.4220546864570422,0.3643142764129225,-0.567444941006187,0.04297651512698839,-0.910994002170339,0.4348110304296566
2019-11-23 18:00:00+00:00,0.611621340920625,0.5936868450081895,-0.06418388131856471,0.3723198882196165,-0.5675340472814139,0.04297651512698839,-0.8625747629369966,0.4348110304296566
2019-11-23 19:00:00+00:00,0.6491566809944066,0.5000820541083922,-0.5653335939891461,0.38388419441672816,-0.5676186993080684,-1.1260830492473983,-0.8154207803383365,0.4348110304296566
2019-11-23 20:00:00+00:00,0.5081197935656872,0.4646822334239423,-0.06418388131856471,0.36789216717858625,-0.5676991196947477,0.04297651512698839,-0.7694676092863171,0.4348110304296566
2019-11-23 21:00:00+00:00,0.5397074638435614,0.5764179811027514,0.29138749847874984,0.3912260427379352,-0.5677755199297382,0.5256757377022737,-0.7246556063685159,0.4348110304296566
2019-11-23 22:00:00+00:00,0.49358636096597414,0.6331186143185156,0.43696583135201694,0.343015683374595,-0.5678481009360461,0.5256757377025444,-0.6809294643677114,0.4348110304296566
2019-11-23 23:00:00+00:00,-0.23184646224846872,0.6096185383767382,-0.06418388131856471,-0.598053982166888,-0.5679170535987722,0.04297651512698839,-0.6382378018546914,0.4348110304296566
2019-11-24 01:00:00+00:00,0.6392179708667558,0.6075286389000035,-0.06418388131856471,0.3779245934766816,-0.5680447902259183,1.2120360795013752,-0.5557698816827267,0.399012330077559
2019-11-24 02:00:00+00:00,0.6809565640497133,0.5805242765279947,0.12634439684537754,0.38967256654053145,-0.5681039101571935,1.2120360795013752,-0.2937832209413819,0.399012330077559
2019-11-24 03:00:00+00:00,0.6628642234125217,0.6952211553504104,-0.06418388131856471,0.4277227435304181,-0.5681600745608011,1.8229261914205017,-0.3013401606163205,0.399012330077559
2019-11-24 04:00:00+00:00,0.7514644856492143,0.6318846068122326,-0.06418388131856471,0.42191161584008285,-0.5682134311674132,1.6285694945418097,-0.30585475637479237,0.399012330077559
2019-11-24 05:00:00+00:00,0.6853423716801211,0.6282001105430536,-0.06418388131856471,0.43901451040029693,-0.5682641203256257,0.7612868021591174,-0.31038067464327274,0.399012330077559
2019-11-24 06:00:00+00:00,0.7473252055627093,0.629280194224707,-0.06418388131856471,0.42017246781397594,-0.5683122753706246,0.04297651512698839,-0.31491797235781444,0.399012330077559
2019-11-24 07:00:00+00:00,0.682939806869675,0.6316416391094315,-1.4220546864570422,0.4164905574357709,-0.5683580229744684,-0.6753337719051404,-0.31946670688501194,0.399012330077559
2019-11-24 08:00:00+00:00,0.7978199018602044,0.7211399496274404,-0.9209049737864606,0.4346552916282932,-0.568401483478885,-0.675333771904876,-0.32402693602635657,0.399012330077559
2019-11-24 09:00:00+00:00,0.6334172152764891,0.6324890665294187,-0.2895310048411366,0.38764613507804574,-0.5684427712114756,0.04297651512698839,-0.3285987180226407,0.399012330077559
2019-11-24 10:00:00+00:00,0.7242637687412556,0.6773800977257808,-0.06418388131856471,0.39485992585168866,-0.5684819947861282,0.28551416426558984,-0.33318211155842326,0.399012330077559
2019-11-24 11:00:00+00:00,0.7251234430105006,0.6731991048827332,-0.9209049737864606,0.38117268226960616,-0.568519257388444,0.7612868021588529,-0.33777717576654714,0.399012330077559
2019-11-24 12:00:00+00:00,0.7861018523816281,0.7920916966715341,-0.9209049737864606,0.4381850320154239,-0.5685546570469182,0.28551416426558984,-0.34238397023271777,0.399012330077559
2019-11-24 13:00:00+00:00,0.7804523360972068,0.8082566598786074,-0.9209049737864606,0.4274405970189034,-0.5685882868905835,0.5256757377022737,-0.34700255500014027,0.399012330077559
2019-11-24 14:00:00+00:00,0.810682969080532,0.7240109633619869,-0.9209049737864606,0.44343170259584286,-0.5686202353937906,0.5256757377025444,-0.3516329905742131,0.399012330077559
2019-11-24 15:00:00+00:00,0.8522669609592657,0.7547116083728674,-0.9209049737864606,0.41477712101476827,-0.5686505866087702,0.990531203678698,-0.35627533792728544,0.399012330077559
2019-11-24 16:00:00+00:00,0.874332792329877,0.8277354170958423,-0.9209049737864606,0.44319378619219285,-0.5686794203865838,-0.19956113401161304,-0.3609296585034742,0.399012330077559
2019-11-24 17:00:00+00:00,0.9302474297714882,0.8389449054454933,-2.2787757789249383,0.4369183552523612,-0.5687068125870415,-1.3389308979644676,-0.3655960142235437,0.399012330077559
2019-11-24 18:00:00+00:00,1.0309219916564973,0.8641062698262694,-0.5653335939891461,0.46473772689877313,-0.568732835278137,-0.9045781734249775,-0.3702744674898471,0.399012330077559
2019-11-24 19:00:00+00:00,1.0767926495661635,0.9394586147710909,-1.4220546864570422,0.5241196223530349,-0.5687575569255249,-0.9045781734247211,-0.3749650811913358,0.399012330077559
2019-11-24 20:00:00+00:00,1.065484548773849,0.9286902314009693,-0.06418388131856471,0.5013884188774846,-0.5687810425725334,-1.3389308979647043,-0.3796679187086301,0.399012330077559
2019-11-24 21:00:00+00:00,1.238671332131843,1.073718678295437,-0.5653335939891461,0.6511345812581866,-0.568803354011188,-0.9045781734247211,-0.3843830439191592,0.399012330077559
2019-11-24 22:00:00+00:00,1.5529805842758013,1.4489562657430826,0.43696583135201694,0.6465627886289688,-0.5688245499446922,-1.1260830492473983,-0.3891105212023649,0.399012330077559
2019-11-24 23:00:00+00:00,1.0665469038576316,1.5350432587203395,0.9830654893132735,0.3749193724003674,-0.5688446861417926,-0.675333771904876,-0.3938504154449785,0.399012330077559
2019-11-25 01:00:00+00:00,2.2841053644693394,1.5483194152087463,1.7948366364904942,1.5946493372019002,-0.5688819886020839,-0.19956113401161304,-0.403367716923925,0.06055189038499689
2019-11-25 02:00:00+00:00,2.1394761001294453,1.5450138975482364,1.6997137692426652,1.485058021695035,-0.5688992530141077,0.7612868021588529,-0.40814525651860784,0.06055189038499689
2019-11-25 03:00:00+00:00,1.300963098326002,0.9788827798024394,-0.2895310048411366,0.7694674399981755,-0.5689156542455166,0.28551416426558984,-0.41293547780044276,0.06055189038499689
2019-11-25 04:00:00+00:00,0.7961743606554621,0.3546224055275558,-1.4220546864570422,0.5341507281945996,-0.5689312354514426,0.04297651512698839,-0.41773844827418516,0.06055189038499689
2019-11-25 05:00:00+00:00,0.6640248914832166,0.28600704364279533,-1.4220546864570422,0.5582584184453722,-0.5689460376296416,-0.675333771904876,-0.42255423598502195,0.06055189038499689
2019-11-25 06:00:00+00:00,0.6276192364946389,0.25317918588787364,-0.9209049737864606,0.6021538961286945,-0.5689600997283245,-1.7369731611665251,-0.42738290952435587,0.06055189038499689
2019-11-25 07:00:00+00:00,0.6361854331790399,0.29014000423493697,-0.06418388131856471,0.6547883611267812,-0.5689734587486014,-1.9220907965791245,-0.43222453803566735,0.06055189038499689
2019-11-25 08:00:00+00:00,0.6723034677356637,0.35366005342452095,-0.9209049737864606,0.561280887432459,-0.5689861498418062,-1.7369731611663093,-0.4370791912204542,0.06055189038499689
2019-11-25 09:00:00+00:00,0.6267687629211461,0.45616136180824696,0.29138749847874984,0.5066611880299754,-0.5689982064019581,-0.9045781734247211,-0.4419469393442548,0.06055189038499689
2019-11-25 10:00:00+00:00,0.5627437309661035,0.3506198868393601,0.29138749847874984,0.480016051439978,-0.5690096601536033,-0.19956113401161304,-0.44682785324274715,0.06055189038499689
2019-11-25 11:00:00+00:00,0.6458379535535923,0.5350530264228488,0.43696583135201694,0.47183188216160704,-0.5690205412352658,0.5256757377022737,-0.45172200432793647,0.06055189038499689
2019-11-25 12:00:00+00:00,0.8280360412243688,0.5078332714870714,0.29138749847874984,0.5390649056280934,-0.5690308782787288,-0.439722707448297,-0.45662946459442305,0.06055189038499689
2019-11-25 13:00:00+00:00,0.9457214321707534,0.4572099807647186,-0.2895310048411366,0.583487618813143,-0.5690406984843536,0.04297651512698839,-0.46155030662575713,0.06055189038499689
2019-11-25 14:00:00+00:00,1.0314374504920925,0.4379344216837293,-0.9209049737864606,0.5828244003827001,-0.5690500276926345,0.04297651512698839,-0.46648460360088034,0.06055189038499689
2019-11-25 15:00:00+00:00,1.0445514675784453,0.5285495418479284,-1.4220546864570422,0.6428750291703716,-0.5690588904521775,0.5256757377022737,-0.4714324293006547,0.06055189038499689
2019-11-25 16:00:00+00:00,1.001438792321614,0.6539758797511444,-0.9209049737864606,0.6095457559951084,-0.5690673100842809,-0.439722707448297,-0.47639385811448354,0.06055189038499689
2019-11-25 17:00:00+00:00,1.116370622945767,0.7708777972777119,-0.9209049737864606,0.6920596896788017,-0.5690753087442895,-0.6753337719051404,-0.48136896504702026,0.06055189038499689
2019-11-25 18:00:00+00:00,1.1733832967608124,0.7553803773378887,-2.2787757789249383,0.6533499832142976,-0.5690829074798806,-0.9045781734247211,-0.48635782572497466,0.06055189038499689
2019-11-25 19:00:00+00:00,1.1782606652245038,0.7736503976731147,-0.2895310048411366,0.6486685196870905,-0.5690901262864383,-1.1260830492473983,-0.49136051640400735,0.06055189038499689
2019-11-25 20:00:00+00:00,1.2276983498656566,0.6615694569927084,-1.4220546864570422,0.6142970002155099,-0.5690969841596591,-1.1260830492473983,-0.49637711397572587,0.06055189038499689
2019-11-25 21:00:00+00:00,1.1690733571387268,0.852127829570439,-0.2895310048411366,0.6665267796488963,-0.5691034991455283,-0.675333771904876,-0.5014076959747752,0.06055189038499689
2019-11-25 22:00:00+00:00,1.3176913788023354,0.8556616225933876,-0.5653335939891461,0.7250090353427372,-0.5691096883877981,-0.19956113401161304,-0.5064523405860274,0.06055189038499689
2019-11-25 23:00:00+00:00,0.24182921482256275,0.7826873625432351,-0.5653335939891461,-0.3962149824765388,-0.5691155681730934,0.28551416426558984,-0.5002520355419819,0.06055189038499689
2019-11-26 01:00:00+00:00,1.4880402376933222,1.1501272851807907,-0.9209049737864606,0.801266635471373,-0.569126460488583,0.5256757377025444,-0.4879149711284636,0.9197206988353475
2019-11-26 02:00:00+00:00,1.5026221547998226,0.9611652543468134,-1.4220546864570422,0.9197361285746651,-0.5691315016814404,0.990531203678698,-0.48177792345578635,0.9197206988353475
2019-11-26 03:00:00+00:00,1.5367638201389047,1.1007542282486071,0.29138749847874984,0.8196566276290177,-0.5691362908180645,1.424883928218681,-0.47566167571402235,0.9197206988353475
2019-11-26 04:00:00+00:00,1.969155948317905,1.460089301946999,1.2936869238199127,1.355425089108789,-0.5691408405009344,0.28551416426558984,-0.4695660873873405,0.9197206988353475
2019-11-26 05:00:00+00:00,2.4467239099025293,1.2878813605098531,2.150408016287809,1.7847897096978804,-0.5691451627024375,0.04297651512698839,-0.4634910193790181,0.9197206988353475
2019-11-26 06:00:00+00:00,2.7958222472844048,1.6732825151599235,2.1842727996372537,2.0703111927010043,-0.5691492687963717,-0.4397227074485675,-0.4574363339923982,0.9197206988353475
2019-11-26 07:00:00+00:00,2.0822526358090894,1.0637797088640264,1.2230398518529833,1.6763454691696429,-0.5691531695878712,-0.9045781734247211,-0.4514018949121594,0.9197206988353475
2019-11-26 08:00:00+00:00,1.007520218256257,0.5043717567617445,0.29138749847874984,0.8634353900140929,-0.5691568753418369,-1.1260830492473983,-0.4453875671859022,0.9197206988353475
2019-11-26 09:00:00+00:00,0.96693769898482,0.13493514605070944,-0.9209049737864606,0.7983612879369084,-0.5691603958099466,-0.6753337719051404,-0.43939321720604296,0.9197206988353475
2019-11-26 10:00:00+00:00,0.8998578983791442,0.13706897565896436,-0.5653335939891461,0.7357528372327247,-0.5691637402563136,0.7612868021591174,-0.4334187126920002,0.9197206988353475
2019-11-26 11:00:00+00:00,0.8786017102935758,0.21107862064060454,-0.2895310048411366,0.6972029898058717,-0.5691669174818628,0.04297651512698839,-0.4274639226726829,0.9197206988353475
2019-11-26 12:00:00+00:00,1.1453690175070252,0.17310799072935412,-0.9209049737864606,0.8699761439150583,-0.5691699358474887,0.990531203678698,-0.42152871746926124,0.9197206988353475
2019-11-26 13:00:00+00:00,1.1076762788889436,0.2212756079900718,-1.4220546864570422,0.8370960359953546,-0.5691728032960556,0.5256757377025444,-0.4156129686782226,0.9197206988353475
2019-11-26 14:00:00+00:00,1.0831555852046646,0.31567918691619984,-1.4220546864570422,0.836023470703106,-0.5691755273732971,1.2120360795013752,-0.4097165491547039,0.9197206988353475
2019-11-26 15:00:00+00:00,1.0089935808398172,0.2528555655717258,-0.5653335939891461,0.7533181923125036,-0.5691781152476721,0.5256757377022737,-0.4038393329960931,0.9197206988353475
2019-11-26 16:00:00+00:00,1.0815389067859487,0.35364998543137927,-1.4220546864570422,0.7503034880322094,-0.5691805737292268,-0.19956113401161304,-0.39798119552590094,0.9197206988353475
2019-11-26 17:00:00+00:00,1.0267891702303389,0.5704422783013501,-0.2895310048411366,0.7439598576869163,-0.5691829092875146,-0.675333771904876,-0.39214201327789056,0.9197206988353475
2019-11-26 18:00:00+00:00,1.1533649060378466,0.5666848127538205,-0.9209049737864606,0.7390746818594867,-0.5691851280686199,-0.9045781734247211,-0.3863216639804623,0.9197206988353475
2019-11-26 19:00:00+00:00,1.2089323521569995,0.6534623347045873,-2.2787757789249383,0.6854939241172269,-0.5691872359113302,-0.19956113401161304,-0.38052002654129413,0.9197206988353475
2019-11-26 20:00:00+00:00,1.2212666420954186,0.6777958553409643,-0.06418388131856471,0.8216263087334014,-0.5691892383625012,-0.4397227074485675,-0.37473698103222325,0.9197206988353475
2019-11-26 21:00:00+00:00,0.8635396728820307,0.7602065198283504,0.29138749847874984,0.7246590559371244,-0.5691911406916516,0.04297651512698839,-0.368972408674371,0.9197206988353475
2019-11-26 22:00:00+00:00,0.8826528668467338,0.8629835917946423,0.43696583135201694,0.7082971839660649,-0.5691929479048298,0.5256757377025444,-0.5241712163743056,0.9197206988353475
2019-11-26 23:00:00+00:00,0.1694923899937715,0.9343070411430522,-0.5653335939891461,-0.22222805374009352,-0.5691946647577873,0.04297651512698839,-1.036905234986477,0.9197206988353475
2019-11-27 01:00:00+00:00,1.4585151283267757,1.007710148265044,-0.2895310048411366,0.8071660251142802,-0.5691978452290191,0.04297651512698839,-0.8034058241091963,-0.977610419825844
2019-11-27 02:00:00+00:00,1.8286803977468646,1.5225070387145794,1.2230398518529833,0.9957533274224744,-0.5691993172168415,1.424883928218681,-0.8104854275356683,-0.977610419825844
2019-11-27 03:00:00+00:00,2.650310593362733,1.7296503972947297,2.3409362944517516,1.889543576939914,-0.5692007156055634,1.424883928218681,-0.8175929141516537,-0.977610419825844
2019-11-27 04:00:00+00:00,2.9135081742942495,1.72244470671916,1.4239111800946556,2.129455553691472,-0.5692020440751118,0.7612868021588529,-0.8247285044631418,-0.977610419825844
2019-11-27 05:00:00+00:00,2.736096225621549,1.5766011816300733,1.9250608927652373,2.035326630784735,-0.5692033061214193,0.5256757377025444,-0.8318924216022175,-0.977610419825844
2019-11-27 06:00:00+00:00,1.415894827919415,0.9041631612627995,0.5671900876267599,1.0207193128275174,-0.5692045050656251,-0.9045781734247211,-0.8390848913689307,-0.977610419825844
2019-11-27 07:00:00+00:00,0.6291167720421416,0.7530922009343743,0.7925372111493315,0.7761648793524751,-0.5692056440628136,-1.1260830492473983,-0.846306142273999,-0.977610419825844
2019-11-27 08:00:00+00:00,0.550964455188473,0.835558442484016,0.12634439684537754,0.6305742233631917,-0.5692067261103166,-0.6753337719051404,-0.8535564055823707,-0.977610419825844
2019-11-27 09:00:00+00:00,0.6298318394199705,0.8140711558136293,1.068339800297341,0.6825253432285772,-0.5692077540556015,-1.542616464287833,-0.8608359153576646,-0.977610419825844
2019-11-27 10:00:00+00:00,0.632178060587838,0.7474293432416805,-0.06418388131856471,0.5928161162641834,-0.5692087306037641,0.5256757377022737,-0.8681449085075118,-0.977610419825844
2019-11-27 11:00:00+00:00,0.7236791729592066,0.6526739122717654,-0.2895310048411366,0.6446621269326009,-0.5692096583246463,-0.19956113401133818,-0.875483624829818,-0.977610419825844
2019-11-27 12:00:00+00:00,0.7772821350469785,0.5758387677009588,0.29138749847874984,0.7525228921754562,-0.5692105396596,2.184192021550867,-0.8828523070599705,-0.977610419825844
2019-11-27 13:00:00+00:00,0.8605096487616443,0.4866391686008498,-0.9209049737864606,0.7945561942202816,-0.5692113769279102,-0.19956113401161304,-0.890251200919013,-0.977610419825844
2019-11-27 14:00:00+00:00,0.997101572678571,0.45289969083595166,0.12634439684537754,0.8747270665458702,-0.5692121723328989,1.424883928218681,-0.8976805551628129,-0.977610419825844
2019-11-27 15:00:00+00:00,0.981070785472399,0.5453042203777698,-0.9209049737864606,0.8523628283056969,-0.5692129279677229,0.5256757377022737,-0.9051406216322435,-0.977610419825844
2019-11-27 16:00:00+00:00,1.0127576775187643,0.666079321291528,0.43696583135201694,0.7961019712436593,-0.5692136458208825,-0.675333771904876,-0.912631655304409,-0.977610419825844
2019-11-27 17:00:00+00:00,1.028625805471155,0.665586851321512,-0.5653335939891461,0.8046838656171726,-0.5692143277814532,-1.9220907965791245,-0.9201539143449361,-0.977610419825844
2019-11-27 18:00:00+00:00,1.0106683573101019,0.7164183296456701,-0.5653335939891461,0.8175214013774809,-0.5692149756440578,-1.5426164642880593,-0.9277076601613603,-0.977610419825844
2019-11-27 19:00:00+00:00,1.0119461343594587,0.7164633773431872,-0.5653335939891461,0.8790904505016913,-0.5692155911135883,-1.1260830492473983,-0.9352931574576349,-0.977610419825844
2019-11-27 20:00:00+00:00,1.2734263797850285,0.707809444881472,0.29138749847874984,0.8295428619667079,-0.5692161758096933,0.04297651512698839,-0.9429106742897901,-0.977610419825844
2019-11-27 21:00:00+00:00,1.2544734614362636,0.8265536227896539,0.29138749847874984,0.7944349914934484,-0.5692167312710389,0.5256757377025444,-0.9505604821227711,-0.977610419825844
2019-11-27 22:00:00+00:00,1.0962651983427898,0.5969383623410649,-0.2895310048411366,0.9097222685041134,-0.5692172589593584,0.5256757377022737,-0.9582428558884868,-0.977610419825844
2019-11-27 23:00:00+00:00,0.5766494257672414,0.8571747718686268,-0.2895310048411366,-0.21807069045524372,-0.5692177602632994,0.04297651512698839,-0.9659580740450994,-0.977610419825844
2019-11-28 01:00:00+00:00,1.5445472648101422,0.9866229055833698,0.8914689790124918,0.9818977474997351,-0.5692186889289463,0.04297651512698839,-0.9814881753596096,-0.25187313086967683
2019-11-28 02:00:00+00:00,1.912109920815314,1.4072327185411049,1.596655161914439,1.0865272222377471,-0.5692191187344996,0.7612868021591174,-0.9893036336167202,-0.25187313086967683
2019-11-28 03:00:00+00:00,1.3108133301573246,0.6374053780899137,0.5671900876267599,1.0746498695086977,-0.5692195270498,1.2120360795013752,-0.9971530865909449,-0.25187313086967683
2019-11-28 04:00:00+00:00,1.1065492704542432,0.638430668015996,-0.5653335939891461,0.8068744969334057,-0.5692199149493575,0.7612868021588529,-1.0050368313067757,-0.25187313086967683
2019-11-28 05:00:00+00:00,1.3698664851744191,0.6963261984403026,0.43696583135201694,0.7873049418737439,-0.5692202834539576,0.28551416426558984,-1.0129551686986131,-0.25187313086967683
2019-11-28 06:00:00+00:00,1.2627334042910552,0.7824317181973712,-0.06418388131856471,0.7654505208977559,-0.5692206335333458,-0.19956113401161304,-1.0209084036796918,-0.25187313086967683
2019-11-28 07:00:00+00:00,1.0928319267951139,0.5996126317136931,-0.5653335939891461,0.8761919390090461,-0.569220966108781,-0.19956113401161304,-1.0288968452125347,-0.25187313086967683
2019-11-28 08:00:00+00:00,1.4329967372959045,0.8818050073649971,-0.2895310048411366,0.7614163469040239,-0.5692212820554594,-0.19956113401161304,-1.0369208063809703,-0.25187313086967683
2019-11-28 09:00:00+00:00,1.6021740340143047,1.2059069609179052,0.43696583135201694,0.8973956149689429,-0.5692215822048172,-1.542616464287833,-1.0449806044637615,-0.25187313086967683
2019-11-28 10:00:00+00:00,2.062669927279741,1.3752899741108784,1.596655161914439,1.2881211869622355,-0.5692218673467192,0.7612868021588529,-1.053076561009884,-0.25187313086967683
2019-11-28 11:00:00+00:00,2.6693165213819103,1.2870657448404104,2.4799576502943235,1.9000875474461636,-0.569222138231537,0.04297651512698839,-1.0612090019155003,-0.25187313086967683
2019-11-28 12:00:00+00:00,2.7433448770754114,1.2481702126519343,2.0428630618504666,2.0065248029259646,-0.5692223955721237,0.28551416426558984,-1.0693782575026793,-0.25187313086967683
2019-11-28 13:00:00+00:00,2.3754673034333593,1.107217767338931,1.5417133491798856,1.8250649988063137,-0.56922264004569,0.28551416426558984,-1.0775846625999013,-0.25187313086967683
2019-11-28 14:00:00+00:00,0.7848325801531556,0.36450284721892856,-0.2895310048411366,0.9050808676199683,-0.5692228722955861,0.990531203678698,-1.0858285566244055,-0.25187313086967683
2019-11-28 15:00:00+00:00,0.28825243498504277,0.6569955500844399,1.148108590946646,0.1603895859355002,-0.5692230929329944,0.5256757377025444,-1.094110283666425,-0.25187313086967683
2019-11-28 16:00:00+00:00,0.2425053606863814,0.8818551068996785,0.9830654893132735,-0.08055859758299969,-0.569223302538539,-0.4397227074485675,-1.1024301925753648,-0.25187313086967683
2019-11-28 17:00:00+00:00,0.18785581461532772,0.9608957558220337,1.2936869238199127,-0.06200402686684217,-0.5347877495930875,-0.4397227074485675,-1.110788637047975,-0.25187313086967683
2019-11-28 18:00:00+00:00,0.15782718162052983,0.9772938769409117,0.7925372111493315,0.024529710422148972,-0.5022322925684968,-0.675333771904876,-1.119185975718575,-0.25187313086967683
2019-11-28 19:00:00+00:00,0.22706522244799077,0.9369893752401014,1.3605133211168834,0.12376218375190759,-0.4714461480774687,-0.9045781734247211,-1.1276225722513873,-0.25187313086967683
2019-11-28 20:00:00+00:00,0.2083616400918653,1.0027846240391696,1.4239111800946556,0.14893363687369604,-0.47630245528118337,-0.9045781734247211,-1.1360987954350408,-0.25187313086967683
2019-11-28 21:00:00+00:00,0.25511507765838565,1.051402054324568,1.2230398518529833,0.1586326144485295,-0.48091911313733227,-0.4397227074485675,-0.6025740880263674,-0.25187313086967683
2019-11-28 22:00:00+00:00,0.3095387325133135,1.1447876146192164,1.068339800297341,0.23857849535438233,-0.48530779925401735,0.7612868021588529,-0.8644653807608583,-0.25187313086967683
2019-11-28 23:00:00+00:00,-0.6529467373371447,1.1346446556954868,1.2936869238199127,-0.8068770784179793,-0.48947963654333176,-0.439722707448297,-0.8428087521805983,-0.25187313086967683
2019-11-29 01:00:00+00:00,0.33918060071818484,1.1915813760889733,1.2230398518529833,0.4086147850954776,-0.4972146316097954,0.28551416426558984,-0.8002599247908687,0.675638650980134
2019-11-29 02:00:00+00:00,0.4642307328421388,1.136684741514233,1.148108590946646,0.5440276127937831,-0.5007974814983668,1.2120360795013752,-0.7793558959104233,0.675638650980134
2019-11-29 03:00:00+00:00,0.48464873729888924,1.1372693941728522,1.2936869238199127,0.4468481923019199,-0.504202911871882,0.04297651512698839,-0.7586912426029283,0.675638650980134
2019-11-29 04:00:00+00:00,0.6174664474061267,1.1372319532472466,1.068339800297341,0.5700008178609443,-0.5074396272516081,0.04297651512698839,-0.7382605446176297,0.675638650980134
2019-11-29 05:00:00+00:00,1.0965045269843512,1.0896997835908242,1.3605133211168834,0.6618811389972515,-0.5105159129448926,-0.19956113401161304,-0.7180585637431831,0.675638650980134
2019-11-29 06:00:00+00:00,1.0821449239861711,1.0974466216005234,1.148108590946646,0.8082825379845111,-0.5134396544753009,-0.6753337719051404,-0.6980802357460827,0.675638650980134
2019-11-29 07:00:00+00:00,1.2168780783026056,0.9713499616940228,0.8914689790124918,0.7452919645457455,-0.5162183561861657,-0.675333771904876,-0.6783206627504624,0.675638650980134
2019-11-29 08:00:00+00:00,1.695979201046952,1.131627881475783,2.0428630618504666,1.1806016454925499,-0.5188591590453688,-0.675333771904876,-0.6587751060305888,0.675638650980134
2019-11-29 09:00:00+00:00,2.138645119582274,1.040519970338695,1.748190071480388,1.5652355322594649,-0.5213688576789768,-1.3389308979647043,-0.6394389791895074,0.675638650980134
2019-11-29 10:00:00+00:00,2.6029896553200973,1.0523442530283287,2.0428630618504666,2.0266051867192947,-0.5237539166611436,0.04297651512698839,-0.6203078416992845,0.675638650980134
2019-11-29 11:00:00+00:00,2.804566944078611,1.3662457114326187,1.7948366364904942,2.0672236134338355,-0.5260204860873061,-0.6753337719051404,-0.6013773927800793,0.675638650980134
2019-11-29 12:00:00+00:00,3.0636455158417464,1.4483880313703879,1.6997137692426652,2.3558287448482593,-0.5281744164573237,-0.19956113401133818,-0.5826434655969409,0.675638650980134
2019-11-29 13:00:00+00:00,2.359921942753067,1.4032972736794065,1.4239111800946556,1.8613128461694206,-0.4959790173377436,0.5256757377022737,-0.5641020217547474,0.675638650980134
2019-11-29 14:00:00+00:00,1.053402657817914,0.7697498515648793,1.4842152019838553,1.0351174099913916,-0.4996230334468349,0.5256757377025444,-0.545749146073087,0.675638650980134
2019-11-29 15:00:00+00:00,0.8419851652373207,0.27892479326372593,1.148108590946646,0.773632471696782,-0.5030866310765036,0.990531203678698,-0.5275810416241734,0.675638650980134
2019-11-29 16:00:00+00:00,0.8088549027439578,0.31355732749596443,-0.2895310048411366,0.7085461464821596,-0.5063786589899946,0.04297651512698839,-0.509594025018065,0.675638650980134
2019-11-29 17:00:00+00:00,0.9035265996333945,0.4184216784649798,0.43696583135201694,0.7019962470077707,-0.5095075400696091,-0.675333771904876,-0.4917845219205409,0.675638650980134
2019-11-29 18:00:00+00:00,0.8492159162603234,0.6346345492247518,0.9830654893132735,0.5790893244778158,-0.4783266872416194,-0.9045781734249775,-0.4741490627899939,0.675638650980134
2019-11-29 19:00:00+00:00,0.93681148575388,0.5646560902452346,0.12634439684537754,0.7397563812440783,-0.3144508905344219,-0.9045781734247211,-0.45668427882061924,0.675638650980134
2019-11-29 20:00:00+00:00,0.9652712160149179,0.7095032524951262,0.6849922567119894,0.715127093616486,-0.2606256431675825,-0.19956113401161304,-0.4393868980800376,0.675638650980134
2019-11-29 21:00:00+00:00,1.0132917286900283,0.5256678423209236,0.6849922567119894,0.7757488039024779,-0.2427264349261588,0.28551416426558984,-0.42225374183027525,0.675638650980134
2019-11-29 22:00:00+00:00,0.9604152271662164,0.6313894368814351,0.7925372111493315,0.6993804660277837,-0.2586899327191992,0.7612868021591174,-0.40528172102174914,0.675638650980134
2019-11-29 23:00:00+00:00,0.07756231188198676,0.7491527765984769,0.6849922567119894,-0.2987947959919077,-0.2738895192206107,0.7612868021588529,-0.3884678329505942,0.675638650980134
2019-11-30 01:00:00+00:00,1.1251095414333776,0.5656514120578178,1.2230398518529833,0.8670933132671921,-0.3021354681495338,0.28551416426558984,-0.3553028569490318,0.34043263859230793
2019-11-30 02:00:00+00:00,1.2385203063513193,0.5155825573159681,0.5671900876267599,1.007945558282958,-0.3152474924576251,0.7612868021591174,-0.33894616736519184,0.34043263859230793
2019-11-30 03:00:00+00:00,1.2470400049515,0.6741945585134457,0.9830654893132735,0.8897102332903764,-0.3277270224963774,0.5256757377022737,-0.3227364015329741,0.34043263859230793
2019-11-30 04:00:00+00:00,1.3702513944077204,0.9000036433280817,0.7925372111493315,1.0162824689224048,-0.3396035056357743,0.990531203678698,-0.30667094345175827,0.34043263859230793
2019-11-30 05:00:00+00:00,1.171560060110772,0.6063709769989762,1.068339800297341,0.9540059174899143,-0.3509051187323864,0.04297651512698839,-0.2907472463723182,0.34043263859230793
2019-11-30 06:00:00+00:00,1.5055261627246885,0.9806805816616783,0.9830654893132735,0.9689497307863717,-0.36165881340067857,-0.19956113401133818,-0.27496283037386804,0.34043263859230793
2019-11-30 07:00:00+00:00,2.1802593568276656,1.1505503471417493,2.3700196897434833,1.4796344322193633,-0.37189036060815467,-0.4397227074485675,-0.25931528004615556,0.34043263859230793
2019-11-30 08:00:00+00:00,2.6142359690791284,1.1603915739770503,2.1842727996372537,1.9626893575039384,-0.38162439449886415,-1.1260830492473983,-0.24380224227118738,0.34043263859230793
2019-11-30 09:00:00+00:00,2.8911487315332742,1.1942889977390225,2.3409362944517516,2.309974126313339,-0.3908844553638624,-0.675333771904876,-0.2284214240994924,0.34043263859230793
2019-11-30 10:00:00+00:00,2.6016172120486747,1.1337495955214907,2.150408016287809,2.0219811983029548,-0.3996930316901361,0.28551416426531495,-0.21317059071612057,0.34043263859230793
2019-11-30 11:00:00+00:00,1.362321737722463,0.6127814970019848,1.068339800297341,1.1949191975231883,-0.4080716012312169,0.04297651512698839,-0.19804756349187824,0.34043263859230793
2019-11-30 12:00:00+00:00,1.3391911362057183,0.4546495976675282,1.596655161914439,1.1203331653774218,-0.41604067105339365,1.2120360795013752,-0.183050218115537,0.34043263859230793
2019-11-30 13:00:00+00:00,0.904861721216852,0.4193030843809646,0.8914689790124918,0.6338844225962672,-0.423619816521066,0.9905312036789543,-0.16817648280302205,0.34043263859230793
2019-11-30 14:00:00+00:00,0.9664090110116518,0.3107849149611237,0.6849922567119894,0.7455383440168263,-0.39707368176282054,0.5256757377022737,-0.15342433657979512,0.34043263859230793
2019-11-30 15:00:00+00:00,1.1501313803652224,0.23179651156120656,0.5671900876267599,0.9572370914416711,-0.3719490420217785,0.7612868021591174,-0.1387918076328782,0.34043263859230793
2019-11-30 16:00:00+00:00,1.2022840708795905,0.13974397094984947,0.8914689790124918,1.127199549812155,-0.38168022048047845,0.04297651512698839,-0.12427697172915304,0.34043263859230793
2019-11-30 17:00:00+00:00,1.4048742404639152,0.44829672373147406,0.6849922567119894,1.039809652498937,-0.3573775047717782,-0.4397227074485675,-0.10987795069676323,0.34043263859230793
2019-11-30 18:00:00+00:00,1.391661434451167,0.42041734760501115,1.3605133211168834,1.0423620298238614,-0.33436889077517723,-0.4397227074485675,-0.09559291096662621,0.34043263859230793
2019-11-30 19:00:00+00:00,1.4058457502811734,0.06523331178229733,0.29138749847874984,1.1848442961166616,-0.3459239964776914,-0.19956113401133818,-0.08142006217121614,0.34043263859230793
2019-11-30 20:00:00+00:00,1.3659594339864287,0.3161480756639253,0.9830654893132735,1.12339004424944,-0.3569192882834051,-0.4397227074485675,-0.06735765579794445,0.34043263859230793
2019-11-30 21:00:00+00:00,1.3896264006240966,0.17661049542119253,0.9830654893132735,1.0960194449771574,-0.3673810592982637,0.04297651512698839,-0.0534039838946048,0.34043263859230793
2019-11-30 22:00:00+00:00,1.810431862868904,0.6062310958676053,1.6997137692426652,1.3907241135034112,-0.37733444632197727,0.5256757377025444,-0.039557377824480246,0.34043263859230793
2019-11-30 23:00:00+00:00,1.3377731631210006,0.9329146082619761,1.9655886964101257,0.7004745230340382,-0.386803473208896,0.7612868021588529,-0.02581620706885468,0.34043263859230793
2019-12-01 01:00:00+00:00,1.6993205553847415,0.7039212736449615,0.9830654893132735,1.5507828556403758,-0.4043792311191913,0.28551416426558984,0.0013561668540334186,1.3265241119273687
2019-12-01 02:00:00+00:00,2.049729639162266,0.6198589911281485,1.8831590064090324,1.6066968494122542,-0.41252882251797185,1.4248839282184442,0.014790450624811834,1.3265241119273687
2019-12-01 03:00:00+00:00,2.592357642279672,1.1142357558159912,2.2172344135847797,2.1374389697003,-0.4202798545031678,0.7612868021591174,0.02812546238417465,1.3265241119273687
2019-12-01 04:00:00+00:00,1.0935372096055505,0.11908975327823398,0.43696583135201694,1.1293265546030735,-0.4276514034408683,-0.9045781734247211,0.04136265850864199,1.3265241119273687
2019-12-01 05:00:00+00:00,1.4572362286226557,0.2309429345067758,0.8914689790124918,1.0692176668583095,-0.4346616723784383,1.4248839282184442,0.05450346355916906,1.3265241119273687
2019-12-01 06:00:00+00:00,1.0102003898262886,-0.22062233862293654,1.3605133211168834,1.0075164842244368,-0.4413280272135394,-0.439722707448297,0.06754927120115935,1.3265241119273687
2019-12-01 07:00:00+00:00,1.0266997653999368,-0.09784124203122985,0.5671900876267599,1.0241032292329626,-0.44766703173716343,-1.3389308979647043,0.0805014450914679,1.3265241119273687
2019-12-01 08:00:00+00:00,1.196936423789307,-0.1950955529025051,0.29138749847874984,1.2162672980454303,-0.4536944815470502,-0.675333771904876,0.09336131973379057,1.3265241119273687
2019-12-01 09:00:00+00:00,1.3787216144280174,0.13916431305161103,0.9830654893132735,1.2240123560741158,-0.42553164419704087,-1.1260830492473983,0.10613020130379755,1.3265241119273687
2019-12-01 10:00:00+00:00,1.2454213424231058,0.03554056613597744,0.7925372111493315,1.2035372902755168,-0.39888293488958004,0.5256757377022737,0.11880936844527612,1.3265241119273687
2019-12-01 11:00:00+00:00,1.3082407169505568,0.39767066976134813,0.5671900876267599,1.0844809370087465,-0.37366157726484706,0.990531203678698,0.13140007303849885,1.3265241119273687
2019-12-01 12:00:00+00:00,1.3590538156677339,0.12559158851269367,0.12634439684537754,1.288134755858743,-0.3497863252025683,1.628569494542036,0.1439035409419765,1.3265241119273687
2019-12-01 13:00:00+00:00,1.4789889829928957,0.6376068002423091,1.4842152019838553,0.944224872198772,-0.32718105275986853,0.990531203678698,0.1563209727086831,1.3265241119273687
2019-12-01 14:00:00+00:00,1.8623217176769074,0.8117525489261425,1.8831590064090324,1.244947940233187,-0.33908394043604284,1.628569494542036,0.1686535442778169,1.3265241119273687
2019-12-01 15:00:00+00:00,2.118614720528764,1.318503850465261,1.9250608927652373,1.3681850138352991,-0.35041072228673464,0.04297651512698839,0.18090240764307616,1.3265241119273687
2019-12-01 16:00:00+00:00,1.932002555370225,1.114112538135327,1.5417133491798856,1.4583005972437328,-0.36118840385812095,0.990531203678698,0.19306869149841144,1.3265241119273687
2019-12-01 17:00:00+00:00,1.251036113931874,0.4677219193284131,0.8914689790124918,0.7511278936435337,-0.37144280806739505,-1.1260830492473983,0.20515350186215556,1.3265241119273687
2019-12-01 18:00:00+00:00,1.6497681616437931,1.0551589280422409,0.6849922567119894,0.7694443311771829,-0.3476857527696655,-1.5426164642880593,0.2171579226803936,1.3265241119273687
2019-12-01 19:00:00+00:00,1.4569194440206599,0.8849456221147429,1.148108590946646,0.9243670683805356,-0.32519201572571266,-1.542616464287833,0.22908301641039477,1.3265241119273687
2019-12-01 20:00:00+00:00,1.3057693531076402,0.5553655942870427,0.5671900876267599,0.8322211063821024,-0.27075002002552884,-0.6753337719051404,0.2409298245848983,1.3265241119273687
2019-12-01 21:00:00+00:00,1.2400666251849803,0.5594664737051506,0.12634439684537754,0.7594560445786337,-0.21942474241368623,-0.19956113401133818,0.25269936835799467,1.3265241119273687
2019-12-01 22:00:00+00:00,1.31608990506802,0.6941531270685486,0.5671900876267599,0.6931780546074432,-0.20368081881656566,0.7612868021588529,0.26439264903331827,1.3265241119273687
2019-12-01 23:00:00+00:00,0.587451864807685,0.9047925974156871,1.2230398518529833,-0.3676827949043865,-0.22150571838588598,1.424883928218681,0.2760106485752455,1.3265241119273687
2019-12-02 01:00:00+00:00,1.3389330724717503,0.8326691949893861,1.2230398518529833,0.5550589197126655,-0.2546484256899759,0.5256757377025444,0.29902463837343357,1.0531522183295297
2019-12-02 02:00:00+00:00,1.628589248632366,0.9903695539526468,1.6997137692426652,0.8974702847793157,-0.2700415719798136,0.7612868021588529,0.31042250023768664,1.0531522183295297
2019-12-02 03:00:00+00:00,1.8307725066794673,1.2610600583779983,1.2936869238199127,1.0776257246017222,-0.2846969173685184,2.0080438268333065,0.3217488250979369,1.0531522183295297
2019-12-02 04:00:00+00:00,2.1499504940042167,1.4123694038840844,1.9250608927652373,1.3671321487773103,-0.29864836830949454,0.990531203678698,0.33300450533914605,1.0531522183295297
2019-12-02 05:00:00+00:00,2.217825700328284,1.5340785233232401,1.5417133491798856,1.4400734059583717,-0.31192841003019645,0.5256757377022737,0.3441904167517042,1.0531522183295297
2019-12-02 06:00:00+00:00,2.1062139349747686,1.2520738907990696,1.6997137692426652,1.496724451709799,-0.3245681531484196,-0.675333771904876,0.35530741894035067,1.0531522183295297
2019-12-02 07:00:00+00:00,1.3480142070483876,0.4546634587421919,1.148108590946646,0.7333956069466597,-0.3365973800368498,-1.3389308979647043,0.3663563557205724,1.0531522183295297
2019-12-02 08:00:00+00:00,1.9453908395019486,1.139720438617523,1.3605133211168834,1.087713585093809,-0.34804459078549566,0.28551416426558984,0.3773380555029397,1.0531522183295297
2019-12-02 09:00:00+00:00,2.143177282883869,1.1060160552123928,1.5417133491798856,1.5489546945808095,-0.35893704863001474,0.04297651512698839,0.3882533316658249,1.0531522183295297
2019-12-02 10:00:00+00:00,1.37273045718058,0.5974998628070094,1.2230398518529833,0.7294305166148239,-0.3693008247309302,-0.19956113401161304,0.3991029829169098,1.0531522183295297
2019-12-02 11:00:00+00:00,1.8637878230338685,1.085559251911476,1.3605133211168834,1.1914240442451323,-0.37916084220442514,0.5256757377025444,0.4098877936438946,1.0531522183295297
2019-12-02 12:00:00+00:00,1.5581113607921726,0.7349578678105306,1.4239111800946556,0.9098141446745013,-0.3885409193198056,1.424883928218681,0.4206085342547856,1.0531522183295297
2019-12-02 13:00:00+00:00,0.7075173399502467,0.11555294862978781,0.29138749847874984,0.5141376651400411,-0.3974638117919182,1.6285694945418097,0.4312659615081404,1.0531522183295297
2019-12-02 14:00:00+00:00,0.6005478131198543,-0.22586972013215798,0.43696583135201694,0.5227011372742534,-0.40595125410883187,1.8229261914205017,0.44186081883361367,1.0531522183295297
2019-12-02 15:00:00+00:00,0.5571341108348686,-0.3003138102209212,-0.06418388131856471,0.533917358439447,-0.4140239998460388,1.2120360795013752,0.45239383664314886,1.0531522183295297
2019-12-02 16:00:00+00:00,0.6072727792444044,-0.3472673169650444,0.8914689790124918,0.6010582195686015,-0.42170186092833023,-0.19956113401161304,0.46286573263314273,1.0531522183295297
2019-12-02 17:00:00+00:00,0.7326677933508068,-0.14500768818394158,0.5671900876267599,0.5887202645753912,-0.42900374580943224,0.5256757377022737,0.47327721207789236,1.0531522183295297
2019-12-02 18:00:00+00:00,0.8915179104414248,-0.09977757039965725,1.148108590946646,0.6997660431896366,-0.13772598589183274,0.28551416426558984,0.4836289681146231,1.0531522183295297
2019-12-02 19:00:00+00:00,0.8065367753082763,-0.2744517300246517,0.5671900876267599,0.7262436861704515,0.15918585494861023,-0.675333771904876,0.493921682020393,1.0531522183295297
2019-12-02 20:00:00+00:00,0.7894353098684604,-0.1792915454465673,0.9830654893132735,0.6571461386334568,0.18669622117126644,-0.4397227074485675,0.5041560234811409,1.0531522183295297
2019-12-02 21:00:00+00:00,1.0244730655149392,-0.020267327187403514,0.43696583135201694,0.9060234024544964,0.181835632481759,0.7612868021591174,0.5143326508531498,1.0531522183295297
2019-12-02 22:00:00+00:00,0.8839405781405086,-0.11767817804544459,1.148108590946646,0.8063023913760564,0.17721490162721412,1.6285694945418097,0.524452211417179,1.0531522183295297
2019-12-02 23:00:00+00:00,0.08802313358144667,-0.0164655861446686,0.5671900876267599,-0.1316849541675459,0.14174855434749903,1.628569494542036,0.5345153416255116,1.0531522183295297
2019-12-03 01:00:00+00:00,1.013901658301193,-0.58061009835139,1.2936869238199127,1.2244012497823482,0.0755618803648615,0.7612868021591174,0.5544748040763916,0.9099574169211382
2019-12-03 02:00:00+00:00,0.8332105366615677,-1.20351169259625,1.6997137692426652,1.4445028757187663,0.04471322117968754,1.6285694945418097,0.5643723572099917,0.9099574169211382
2019-12-03 03:00:00+00:00,0.7655411434394229,-0.8932921197674735,0.5671900876267599,1.3108838078383442,0.015278774300488105,0.28551416426558984,0.5742159222181409,0.9099574169211382
2019-12-03 04:00:00+00:00,0.5489976756118139,-0.036569010947597486,0.12634439684537754,0.9017068753291645,0.4788522278564345,-1.1260830492473983,0.5840060848844396,0.9099574169211382
2019-12-03 05:00:00+00:00,0.6127012502827596,0.886438901169782,0.8914689790124918,0.9351749767030519,0.5485182116702111,-0.439722707448297,0.5937434215100793,0.9099574169211382
2019-12-03 06:00:00+00:00,0.46736529683926203,0.9592501836097151,1.068339800297341,0.8810222071656272,0.4967264096488939,-1.3389308979647043,0.6034284991174048,0.9099574169211382
2019-12-03 07:00:00+00:00,0.7341715489598001,1.028942301107586,0.7925372111493315,1.142627928151119,0.44716171317523296,-1.7369731611665251,0.6130618756480481,0.9099574169211382
2019-12-03 08:00:00+00:00,0.7114135248395694,0.9523015999348616,0.9830654893132735,1.2147751019853288,0.39974337554709233,-1.3389308979644676,0.622644100155796,0.9099574169211382
2019-12-03 09:00:00+00:00,0.7323926743060961,0.9157617625292918,1.2230398518529833,0.8566447187843411,0.35439229170179287,-1.3389308979647043,0.6321757129943721,0.9099574169211382
2019-12-03 10:00:00+00:00,1.2254075774727793,1.2259842789830153,1.2230398518529833,0.8439698002741521,0.3110310798388285,-0.9045781734247211,0.6416572460002786,0.9099574169211382
2019-12-03 11:00:00+00:00,1.6122468315756249,1.221870841805544,1.6492583036172277,1.034744523925181,0.269584150747266,-1.1260830492473983,0.6510892226708629,0.9099574169211382
2019-12-03 12:00:00+00:00,1.7727795669172,1.3074913744666308,1.4842152019838553,1.303738988468375,0.22997776548359916,0.5256757377022737,0.6604721583377549,0.9099574169211382
2019-12-03 13:00:00+00:00,0.9574681095561717,1.0250670903548118,1.3605133211168834,1.356516320228566,0.1921400820726701,0.04297651512698839,0.6698065603358189,0.9099574169211382
2019-12-03 14:00:00+00:00,0.769292195840784,0.964654525053681,1.068339800297341,1.0639898283709062,0.15600119192132708,0.04297651512698839,0.6790929281677561,0.9099574169211382
2019-12-03 15:00:00+00:00,0.9762740265582858,1.0559891198406142,0.8914689790124918,1.2567799232488368,0.1214931466427731,0.5256757377025444,0.6883317536644977,0.9099574169211382
2019-12-03 16:00:00+00:00,0.7941877029524456,0.988654921411073,1.4239111800946556,1.1762898858934403,0.08854997599010431,-1.5426164642880593,0.6975235211415085,0.9099574169211382
2019-12-03 17:00:00+00:00,0.8696311327513302,1.0456118809203592,0.5671900876267599,1.1421763234031967,0.05710769759122506,-0.9045781734247211,0.7066687075511345,0.9099574169211382
2019-12-03 18:00:00+00:00,0.8284082007193386,0.9892512989974227,1.4842152019838553,1.1315647280941703,0.027104319165221498,-0.9045781734247211,0.7157677826311042,0.9099574169211382
2019-12-03 19:00:00+00:00,0.8098039178794775,1.0004971738061497,1.148108590946646,1.1414911991179815,-0.0015201661168315875,-1.3389308979647043,0.7248212090493118,0.9099574169211382
2019-12-03 20:00:00+00:00,0.8974958013767769,1.2348554496123596,1.3605133211168834,0.8989985574073772,-0.028823790484827336,-0.675333771904876,0.7338294425449805,0.9099574169211382
2019-12-03 21:00:00+00:00,1.0569989231409591,1.338588119010207,1.6492583036172277,0.894232201620686,-0.054862628019087686,0.04297651512698839,1.65646408128866,0.9099574169211382
2019-12-03 22:00:00+00:00,0.8340054617664,0.9512895264410511,0.43696583135201694,1.2404943557599735,-0.07969081610617225,0.5256757377022737,-0.15061244511783345,0.9099574169211382
2019-12-03 23:00:00+00:00,0.003082952283735234,0.9931150140609779,0.5671900876267599,0.29728453276996764,-0.10336058133998982,0.990531203678698,-1.8911972189902775,0.9099574169211382
2019-12-04 01:00:00+00:00,0.9688390769600692,1.0196020094913893,1.2230398518529833,1.2409976778522724,-0.14742437797048702,0.7612868021591174,-1.8429280587071581,0.9457561172732358
2019-12-04 02:00:00+00:00,1.013369702302678,1.084712666593589,0.9830654893132735,1.1059225963392605,-0.16791359354361135,0.7612868021588529,-1.833799025659776,0.9457561172732358
2019-12-04 03:00:00+00:00,0.9875769909984067,1.1418902171855543,0.8914689790124918,1.1320409196520902,-0.1874348294866882,1.2120360795013752,-1.8247159415996972,0.9457561172732358
2019-12-04 04:00:00+00:00,0.9776938963577152,1.0645204588279726,0.9830654893132735,1.1915323375586195,-0.20603126715309067,0.28551416426558984,-1.815678346294119,0.9457561172732358
2019-12-04 05:00:00+00:00,1.0391911452054918,1.1701335985977466,1.068339800297341,0.8436451676260298,-0.22374439835300228,0.5256757377025444,-1.8066857863904522,0.9457561172732358
2019-12-04 06:00:00+00:00,0.9957146198620014,0.9787477474882335,1.4239111800946556,1.082690446422834,-0.24061406927726176,0.04297651512698839,-1.7977378152798553,0.9457561172732358
2019-12-04 07:00:00+00:00,0.9248489320366019,1.1826949448308097,1.148108590946646,0.796962154834907,-0.25667852549742437,-1.1260830492473983,-1.7888339929641466,0.9457561172732358
2019-12-04 08:00:00+00:00,0.9536437307998532,1.067203127677625,1.596655161914439,0.8276457430437404,-0.27197445775539164,-1.1260830492473983,-1.7799738859259742,0.9457561172732358
2019-12-04 09:00:00+00:00,0.7310108406007924,0.9359963777888476,0.5671900876267599,1.1782043082660798,-0.2865370482825652,-0.4397227074485675,-1.771157067002161,0.9457561172732358
2019-12-04 10:00:00+00:00,0.8676331680563041,0.9588559670513653,0.9830654893132735,1.0517821161010528,-0.30040001741372097,0.04297651512698839,-1.7623831152601295,0.9457561172732358
2019-12-04 11:00:00+00:00,0.7710603791085766,0.890592257222627,0.9830654893132735,1.094531027757914,-0.31359567028466445,0.04297651512698839,-1.753651615877314,0.9457561172732358
2019-12-04 12:00:00+00:00,0.7607306883053937,1.0018921920866828,0.8914689790124918,0.8003797285325881,-0.3261549434251528,1.2120360795013752,-1.7449621600234788,0.9457561172732358
2019-12-04 13:00:00+00:00,0.8289734467008352,1.113105889680471,0.8914689790124918,0.8623119294811045,-0.33810745107957435,1.2120360795013752,-1.7363143447458533,0.9457561172732358
2019-12-04 14:00:00+00:00,0.8916957755938394,0.9442182016663262,0.7925372111493315,1.3166670559997309,-0.34948153110747754,0.5256757377025444,-1.7277077728570083,0.9457561172732358
2019-12-04 15:00:00+00:00,1.0557003357370662,0.958376627712105,1.148108590946646,0.8770419669107452,-0.36030429033420647,0.28551416426531495,-1.7191420528253916,0.9457561172732358
2019-12-04 16:00:00+00:00,1.0897728662278536,1.2115704391704913,1.2936869238199127,0.8671653365967866,-0.37060164923875694,-0.19956113401133818,-1.710616798668451,0.9457561172732358
2019-12-04 17:00:00+00:00,0.913518975037423,0.9347711202122099,0.5671900876267599,0.9682477543982447,-0.3803983858814632,-1.1260830492473983,-1.7021316298482698,0.9457561172732358
2019-12-04 18:00:00+00:00,1.1949333735058898,1.1836927671192345,1.8397865817811696,0.9079852482733698,-0.3897181789883765,-1.3389308979647043,-1.6936861711696425,0.9457561172732358
2019-12-04 19:00:00+00:00,1.5630166048399754,1.105070222697863,1.4239111800946556,1.0622065121574966,-0.3985836501222429,-1.3389308979647043,-1.6852800526805258,0.9457561172732358
2019-12-04 20:00:00+00:00,1.7373915342767892,1.3230203085012837,1.9655886964101257,1.245442196990618,-0.40701640488185203,-1.1260830492473983,-1.6769129095747985,0.9457561172732358
2019-12-04 21:00:00+00:00,1.6215064647152178,1.197291247479673,1.4239111800946556,1.1642021105295595,-0.4150370730823629,-0.19956113401161304,-1.668584382097263,0.9457561172732358
2019-12-04 22:00:00+00:00,1.0349536252664264,0.8181048571710314,1.4842152019838553,1.305886349078369,-0.42266534787895393,-0.439722707448297,-1.6602941154508308,0.9457561172732358
2019-12-04 23:00:00+00:00,0.26634098846806425,0.8880104801317078,0.5671900876267599,0.44363076159514314,-0.42992002380497546,0.5256757377022737,-1.652041759705829,0.9457561172732358
2019-12-05 01:00:00+00:00,1.2317556259212294,0.9032827342560941,0.8914689790124918,1.2990339901297967,-0.4433794845398901,0.7612868021588529,-1.63564940500874,0.44457431234386585
2019-12-05 02:00:00+00:00,1.1236161353384446,0.871643316926142,1.3605133211168834,1.3124467553147305,-0.44961769208350516,0.990531203678698,-1.6275087297467128,0.44457431234386585
2019-12-05 03:00:00+00:00,1.3451728723186955,0.9770839627424642,0.8914689790124918,1.350347988001491,-0.4555492144639052,0.9905312036789543,-1.6194046125988037,0.44457431234386585
2019-12-05 04:00:00+00:00,1.424373773138786,1.0992365614557482,1.4239111800946556,1.1567866859524627,-0.461188884597274,0.5256757377022737,-1.6113367266823448,0.44457431234386585
2019-12-05 05:00:00+00:00,1.4970824309729367,1.1986579392893844,1.5417133491798856,1.217884731211342,-0.4665508414947684,-0.19956113401161304,-1.6033047494793693,0.44457431234386585
2019-12-05 06:00:00+00:00,1.801660937172897,1.2210608780992243,1.5417133491798856,1.282269597867035,-0.47164856046243575,-0.9045781734247211,-1.595308362759254,0.44457431234386585
2019-12-05 07:00:00+00:00,1.740848137974772,1.222862141364106,1.6492583036172277,1.29839471896716,-0.47649488220728625,-1.3389308979647043,-1.587347252503058,0.44457431234386585
2019-12-05 08:00:00+00:00,1.102438678073111,0.9457696532501463,1.2230398518529833,1.3307820893329803,-0.4811020408666817,-1.3389308979644676,-1.5794211088295336,0.44457431234386585
2019-12-05 09:00:00+00:00,1.3489840527943635,0.8730581517867403,1.068339800297341,1.349428395892922,-0.4854816909806021,-0.9045781734249775,-1.571529625922747,0.44457431234386585
2019-12-05 10:00:00+00:00,1.0749343465474048,0.8407577589802259,0.9830654893132735,1.222274173746168,-0.48964493342834503,0.28551416426558984,-1.5636725019612785,0.44457431234386585
2019-12-05 11:00:00+00:00,1.3281571291321514,0.9789753337534057,1.148108590946646,1.3990924272797642,-0.49360234035288364,0.04297651512698839,-1.5558494390489566,0.44457431234386585
2019-12-05 12:00:00+00:00,1.4566594359572764,1.069969934414278,1.4842152019838553,1.2934047661708408,-0.49736397909744895,0.5256757377025444,-1.5480601431470866,0.44457431234386585
2019-12-05 13:00:00+00:00,1.3868276732138634,1.1261741098117375,1.5417133491798856,1.1887509651185628,-0.5009394351799974,0.28551416426558984,-1.5403043240081356,0.44457431234386585
2019-12-05 14:00:00+00:00,1.247026278349096,0.8924411404584113,1.2936869238199127,1.3285741520245105,-0.5043378343320435,0.04297651512698839,-1.5325816951108373,0.44457431234386585
2019-12-05 15:00:00+00:00,1.3376031266785309,1.0916302831326805,1.148108590946646,1.0545515579111362,-0.5075678636289414,-0.4397227074485675,-1.5248919735966782,0.44457431234386585
2019-12-05 16:00:00+00:00,1.241944910371286,0.8608816970455418,0.8914689790124918,1.2737311916059795,-0.5106377917391388,-0.9045781734247211,-1.5172348802077316,0.44457431234386585
2019-12-05 17:00:00+00:00,1.362312310710226,1.0198975272181916,1.596655161914439,1.253374056709377,-0.5135554883201365,-1.3389308979647043,-1.5096101392258061,0.44457431234386585
2019-12-05 18:00:00+00:00,1.4013101713787215,1.0584312076390106,1.2936869238199127,1.1033260168829984,-0.5163284425890013,-1.1260830492473983,-1.5020174784128726,0.44457431234386585
2019-12-05 19:00:00+00:00,1.5452564027839475,1.238324934367308,1.068339800297341,1.1035997334565912,-0.5189637810952328,-1.5426164642880593,-1.4944566289527406,0.44457431234386585
2019-12-05 20:00:00+00:00,1.6453704996530325,1.175154583328994,1.8397865817811696,1.2987147571434543,-0.521468284723609,-1.3389308979644676,-1.4869273253939492,0.44457431234386585
2019-12-05 21:00:00+00:00,1.2281933324277345,1.0574133187511234,1.596655161914439,1.3609985548275836,-0.523848404954402,-0.19956113401161304,-1.479429305593848,0.44457431234386585
2019-12-05 22:00:00+00:00,1.3289531238915038,1.0539285820219824,1.3605133211168834,1.229861397658629,-0.5261102794079848,0.7612868021588529,-1.4719623106638313,0.44457431234386585
2019-12-05 23:00:00+00:00,0.45011194624962536,1.2170559823172367,0.7925372111493315,-0.016338784046335257,-0.5282597467004477,0.5256757377025444,-1.464526084915703,0.44457431234386585
2019-12-06 01:00:00+00:00,1.2538968802253843,0.8705776318573124,1.4842152019838553,1.3023937979918192,-0.5322434037642034,0.28551416426558984,-1.4497449339002335,1.4436834948978707
2019-12-06 02:00:00+00:00,1.3887398118133976,0.7811461228590709,1.148108590946646,1.4466641025018803,-0.5340879003196943,0.5256757377025444,-1.4423995127910703,1.4436834948978707
2019-12-06 03:00:00+00:00,1.3458397295862932,1.0816385171963496,0.6849922567119894,1.1105097213981248,-0.5358406285810697,0.04297651512698839,-1.4350838690803434,1.4436834948978707
2019-12-06 04:00:00+00:00,1.7317022038645062,1.0204695109870394,1.2230398518529833,1.8305805302904268,-0.5375061326604283,0.28551416426558984,-1.4277977623149551,1.4436834948978707
2019-12-06 05:00:00+00:00,1.1176421865238801,0.9190597514227761,1.596655161914439,1.112209244319743,-0.5390887337540329,-0.19956113401161304,-1.4205409549425962,1.4436834948978707
2019-12-06 06:00:00+00:00,1.3061166608227146,0.9795045178784055,1.068339800297341,1.1607170295666034,-0.5405925408740644,-0.6753337719051404,-1.4133132122652714,1.4436834948978707
2019-12-06 07:00:00+00:00,1.480517380723454,1.0722962331999075,1.6997137692426652,1.0152103939434654,-0.5420214610835642,-1.7369731611663093,-1.4061143023937548,1.4436834948978707
2019-12-06 08:00:00+00:00,1.652930367447606,1.0874995248858461,1.068339800297341,1.2174343022663359,-0.5433792092556029,-0.675333771904876,-1.3989439962029477,1.4436834948978707
2019-12-06 09:00:00+00:00,1.4532961419678136,0.7306231884041181,0.9830654893132735,1.4733726697647014,-0.5446693173770362,-1.1260830492473983,-1.3918020672881233,1.4436834948978707
2019-12-06 10:00:00+00:00,1.5762590350202084,1.0941981504224996,1.596655161914439,1.0717109617130394,-0.545895143416504,-0.6753337719051404,-1.3846882919220294,1.4436834948978707
2019-12-06 11:00:00+00:00,1.7447444445039362,1.0415071916211784,1.5417133491798856,1.2883782461969018,-0.5470598797756485,0.04297651512698839,-1.3776024490128362,1.4436834948978707
2019-12-06 12:00:00+00:00,1.4041092942353464,0.8135642807428738,1.3605133211168834,1.3555145846484513,-0.5481665613418308,0.28551416426558984,-1.3705443200629068,1.4436834948978707
2019-12-06 13:00:00+00:00,1.5495924342292038,1.09231485862839,1.148108590946646,1.067049743565417,-0.54921807315998,-0.4397227074485675,-1.3635136891283683,1.4436834948978707
2019-12-06 14:00:00+00:00,1.5194174677454824,1.0882857539374398,1.068339800297341,1.2067704880358334,-0.5502171577405158,0.5256757377025444,-1.3565103427794696,1.4436834948978707
2019-12-06 15:00:00+00:00,1.0547545494863764,0.7827424071295944,1.2230398518529833,1.2835975070655103,-0.5168203893273646,-0.675333771904876,-1.3495340700617051,1.4436834948978707
2019-12-06 16:00:00+00:00,1.1117008317412922,0.9291412476192159,1.2230398518529833,1.241298764926444,-0.4852423915436126,-0.19956113401161304,-1.3425846624576856,1.4436834948978707
2019-12-06 17:00:00+00:00,1.2141618811319703,0.8811551778989131,1.4842152019838553,1.1596081241951972,-0.4894174616471555,-1.3389308979647043,-1.3356619138497423,1.4436834948978707
2019-12-06 18:00:00+00:00,1.3772343951863875,1.008606938665434,1.3605133211168834,1.0320734270029142,-0.4933861180869652,-0.675333771904876,-1.3287656204832452,1.4436834948978707
2019-12-06 19:00:00+00:00,1.2485746897481858,0.852148502665917,1.6997137692426652,1.2651320498920493,-0.4971584558427952,-1.5426164642880593,-1.321895580930617,1.4436834948978707
2019-12-06 20:00:00+00:00,1.2828071483670305,1.0087402153215732,0.9830654893132735,1.043594124991877,-0.5007440868082697,-0.9045781734247211,-1.3150515960560338,1.4436834948978707
2019-12-06 21:00:00+00:00,1.3628287985201923,1.0460603598517917,1.5417133491798856,1.1362517869439004,-0.5041521618813732,-0.19956113401161304,-1.3082334689807895,1.4436834948978707
2019-12-06 22:00:00+00:00,1.2488423161933346,0.8123123887370222,1.3605133211168834,1.2906914398771403,-0.5073913921448578,0.7612868021588529,-1.3014410050493124,1.4436834948978707
2019-12-06 23:00:00+00:00,0.34025944537918457,1.010576475864856,0.5671900876267599,-0.020104526974253047,-0.5104700691640719,0.04297651512698839,-1.2946740117958198,1.4436834948978707
2019-12-07 01:00:00+00:00,1.0587958036596492,0.9182150074119583,1.2936869238199127,0.9815087337029007,-0.5161769479749578,0.28551416426558984,-1.2812156782128763,2.7064012891355076
2019-12-07 02:00:00+00:00,1.1051979145287725,0.936925575327979,0.9830654893132735,1.118862151170098,-0.5188198061899266,0.5256757377025444,-1.2745239636093313,2.7064012891355076
2019-12-07 03:00:00+00:00,1.0293575931379215,0.600217035357865,1.2230398518529833,1.157124830371618,-0.5213314588692118,1.2120360795013752,-1.2678569710731278,2.7064012891355076
2019-12-07 04:00:00+00:00,0.9877717160024887,0.843223593236749,0.7925372111493315,0.8982033169384168,-0.5237183755117815,0.28551416426558984,-1.261214518608564,2.7064012891355076
2019-12-07 05:00:00+00:00,1.0346705213351053,0.88322082592515,1.3605133211168834,0.9830917652570785,-0.5259867109051641,-0.19956113401161304,-1.2545964262222582,2.7064012891355076
2019-12-07 06:00:00+00:00,1.0922738021756542,0.5474046386871293,1.596655161914439,1.1918865798435827,-0.5281423200189257,-1.3389308979647043,-1.2480025158938837,2.7064012891355076
2019-12-07 07:00:00+00:00,0.8965557812988371,0.5542433619398821,0.43696583135201694,0.8478373425836112,-0.5301907722338447,-1.7369731611663093,-1.2414326115474363,2.7064012891355076
2019-12-07 08:00:00+00:00,0.9840521233604537,0.6854508369852396,0.6849922567119894,0.8946062884182412,-0.5321373649323894,-0.4397227074485675,-1.2348865390230226,2.7064012891355076
2019-12-07 09:00:00+00:00,1.0621714826558974,0.5579372657850326,1.068339800297341,1.132725970312611,-0.533987136475561,-0.9045781734247211,-1.228364126049158,2.7064012891355076
2019-12-07 10:00:00+00:00,1.171417455505737,0.5868165121999928,1.4842152019838553,1.2155129400394336,-0.5357448785905443,0.04297651512698839,-1.2218652022155632,2.7064012891355076
2019-12-07 11:00:00+00:00,1.2112750424306176,0.6502869140775203,1.4842152019838553,1.0733588193572567,-0.5374151481929509,0.04297651512698839,-1.215389598946451,2.7064012891355076
2019-12-07 12:00:00+00:00,1.1829226543967457,0.6165337958676478,1.148108590946646,0.8715139830819797,-0.5390022786668118,1.424883928218681,-1.2089371494742869,2.7064012891355076
2019-12-07 13:00:00+00:00,1.1466524954709434,0.772603662508096,1.7948366364904942,1.0291537332423972,-0.5405103906247715,1.6285694945418097,-1.2025076888140214,2.7064012891355076
2019-12-07 14:00:00+00:00,1.0700719978490507,0.7685179261141607,1.4842152019838553,0.9158093150842918,-0.541943402170276,0.990531203678698,-1.1961010537377754,2.7064012891355076
2019-12-07 15:00:00+00:00,1.156405240781625,0.8171504885858291,1.2936869238199127,0.9753916622360916,-0.5433050386828219,0.28551416426558984,-1.1897170827499766,2.7064012891355076
2019-12-07 16:00:00+00:00,1.0227615839365838,0.6233647725183473,0.8914689790124918,1.131395840736937,-0.5445988421466762,-0.19956113401161304,-1.1833556160629335,2.7064012891355076
2019-12-07 17:00:00+00:00,0.8696165481487403,0.6671383012405229,0.5671900876267599,1.0640884209988626,-0.37591131629624797,-0.439722707448297,-1.1770164955728364,2.7064012891355076
2019-12-07 18:00:00+00:00,0.7870756860040206,0.731405799984232,0.5671900876267599,0.9598924918569843,0.03827350989174875,-1.1260830492473983,-1.170699564836182,2.7064012891355076
2019-12-07 19:00:00+00:00,0.7361141807841668,0.6532234977903363,0.8914689790124918,1.0373815521229242,0.956928378607496,-1.1260830492473983,-1.1644046690466052,2.7064012891355076
2019-12-07 20:00:00+00:00,0.8572113799212174,0.6431770194743792,1.148108590946646,0.9634408533038437,1.8761378522154895,-0.6753337719051404,-1.1581316550121166,2.7064012891355076
2019-12-07 21:00:00+00:00,0.8098911878213756,0.687727516615176,0.8914689790124918,0.850266592635345,2.1783039769978703,0.9905312036789543,-1.1518803711327332,2.7064012891355076
2019-12-07 22:00:00+00:00,0.9347008691020439,0.7028996397262329,1.148108590946646,0.8241943443140332,2.204051277874718,1.4248839282184442,-1.1456506673784952,2.7064012891355076
2019-12-07 23:00:00+00:00,0.7310765123130906,1.1153106331606308,1.7948366364904942,0.3618156337712871,2.274310995122124,1.2120360795013752,-1.1394423952678598,2.7064012891355076
2019-12-08 01:00:00+00:00,1.5356389303964615,0.6624661294485168,1.9250608927652373,1.0955252002862927,2.1103060504604647,0.5256757377022737,-1.1270895596662738,0.4933907219149076
2019-12-08 02:00:00+00:00,0.7489954631413593,-0.621020856718898,0.8914689790124918,0.2633776621709228,1.9983638552152874,2.184192021550867,-1.1209447067650222,0.4933907219149076
2019-12-08 03:00:00+00:00,0.8511677615102745,-0.7427843981745856,1.4239111800946556,0.45465318197983057,1.8903108716357369,2.0080438268333065,-1.1148207066460882,0.4933907219149076
2019-12-08 04:00:00+00:00,0.6604494026715155,-0.9451634858151348,1.6997137692426652,0.44677999963465354,1.786070134746636,1.2120360795013752,-1.1087174182586435,0.4933907219149076
2019-12-08 05:00:00+00:00,1.4048102371156863,-0.7449617047329942,2.426210605435818,1.6028174262356287,1.7104209606332872,1.2120360795013752,-1.102634701978166,0.4933907219149076
2019-12-08 06:00:00+00:00,1.4121973523003781,-0.9204899240126103,2.5314645726156937,1.7546779602416314,1.612655992558306,-0.4397227074485675,-1.096572419587274,0.4933907219149076
2019-12-08 07:00:00+00:00,3.2496095942229752,0.26986282644536874,2.899584154318362,2.715800701087168,1.5184792116022516,-0.9045781734247211,-1.0905304342568798,0.4933907219149076
2019-12-08 08:00:00+00:00,2.5034057011519377,-0.3366976406291657,2.4799576502943235,1.4592055674670197,1.42780550283834,-0.4397227074485675,-1.0845086105276607,0.4933907219149076
2019-12-08 09:00:00+00:00,3.1498969212025454,-0.4756192976356511,1.5417133491798856,2.0101253965904866,1.340548302063961,-0.439722707448297,-1.0785068142918357,0.4933907219149076
2019-12-08 10:00:00+00:00,-0.8165376048185116,-2.5248430038011676,0.43696583135201694,-1.6687622359979857,1.2830690948201355,0.990531203678698,-1.0725249127752452,0.4933907219149076
2019-12-08 11:00:00+00:00,-0.6950622190481508,0.36360111135293793,0.29138749847874984,-2.5502142758001534,1.2280170224664582,0.7612868021588529,-1.066562774519727,0.4933907219149076
2019-12-08 12:00:00+00:00,-0.14288427012033725,0.7580996624023904,-0.2895310048411366,-1.9661172585759883,1.1484417405881662,0.28551416426558984,-1.0606202693657816,0.4933907219149076
2019-12-08 13:00:00+00:00,-1.0080671808016324,0.5495928142496161,0.12634439684537754,-2.900893927012536,1.8193618193755128,0.990531203678698,-1.0546972684355231,0.4933907219149076
2019-12-08 14:00:00+00:00,-0.9451285273028193,0.32253542030758997,0.9830654893132735,-2.7937735297558643,2.311109213306621,0.990531203678698,-1.0487936441159085,0.4933907219149076
2019-12-08 15:00:00+00:00,-0.3380478949111626,0.6959940898746421,0.6849922567119894,-2.2186742804456316,2.486807662878263,1.424883928218681,-1.0429092700422389,0.4933907219149076
2019-12-08 16:00:00+00:00,-0.3867222038223801,0.539755388094146,0.6849922567119894,-2.3608162025278547,2.429628975749897,0.28551416426558984,-1.0370440210819318,0.4933907219149076
2019-12-08 17:00:00+00:00,-0.26012878052777055,0.6977556072505352,0.29138749847874984,-2.3812651763562234,2.3069214081469123,-0.4397227074485675,-1.0311977733185544,0.4933907219149076
2019-12-08 18:00:00+00:00,-0.7835259143069788,0.37914641080840344,0.43696583135201694,-2.733633732988547,2.188293875740286,-0.439722707448297,-1.0253704040361142,0.4933907219149076
2019-12-08 19:00:00+00:00,-0.05094784242184369,0.2998209578348501,0.5671900876267599,-2.0869114658684498,2.0736779040414337,-0.9045781734247211,-1.0195617917036042,0.4933907219149076
2019-12-08 20:00:00+00:00,1.358802796675276,1.3905760118541857,1.5417133491798856,-1.2901768964677807,1.9630015880486615,-0.4397227074485675,-1.0137718159597937,0.4933907219149076
2019-12-08 21:00:00+00:00,0.8646142092945414,1.6273805461543454,1.6492583036172277,-1.3939944069093186,1.8561898996295128,-0.4397227074485675,-0.9758748364975433,0.4933907219149076
2019-12-08 22:00:00+00:00,0.510996552591234,0.5705651646761253,0.43696583135201694,-1.5184324955568975,1.753164998697378,0.04297651512698839,-0.8689096928252116,0.4933907219149076
2019-12-08 23:00:00+00:00,0.04863135733968374,0.5939391623288792,-0.2895310048411366,-2.299976342888459,1.6538465457345226,0.5256757377025444,-1.160548810760508,0.4933907219149076
2019-12-09 01:00:00+00:00,3.1931828098832984,0.05299815472960974,1.8831590064090324,2.8059273616014067,1.4659969945595908,1.822926191420286,-1.4944911978369875,0.9685371084063892
2019-12-09 02:00:00+00:00,-0.9578627311196526,-0.42532786047710236,0.29138749847874984,-1.9049124337359784,1.3772955061391758,1.628569494542036,0.5568574076693978,0.9685371084063892
2019-12-09 03:00:00+00:00,-0.9975862078612705,-0.8524565745210271,0.7925372111493315,-1.8457420302505472,1.2919602845756528,0.990531203678698,0.5568574076693978,0.9685371084063892
2019-12-09 04:00:00+00:00,-2.279200562519808,-1.0238615150667993,0.8914689790124918,-3.2707504333427746,1.2099030735840008,1.2120360795013752,0.5568574076693978,0.9685371084063892
2019-12-09 05:00:00+00:00,-2.1073423446277704,-1.1791504768419954,0.5671900876267599,-3.1790327645740506,1.131034901350295,1.2120360795013752,0.5568574076693978,0.9685371084063892
2019-12-09 06:00:00+00:00,-0.9363751046252003,-1.3366706245881046,0.7925372111493315,-2.044276427807046,1.0552663463621033,-0.9045781734247211,0.5568574076693978,0.9685371084063892
2019-12-09 07:00:00+00:00,-1.0456208469553017,-1.731854167846039,0.12634439684537754,-2.890683868285086,0.9825077907432942,-1.5426164642880593,0.5568574076693978,0.9685371084063892
2019-12-09 08:00:00+00:00,-1.3632401810071797,-1.5034122076961653,-0.06418388131856471,-2.5904179985910876,0.9126696602240679,-1.3389308979647043,0.5568574076693978,0.9685371084063892
2019-12-09 09:00:00+00:00,-1.5811963355197334,-0.7455266737037963,-0.5653335939891461,-3.037267855628906,0.8456626500667906,-0.439722707448297,0.5568574076693978,0.9685371084063892
2019-12-09 10:00:00+00:00,-1.6131985140865497,-1.172161688654401,0.6849922567119894,-2.374595177713513,0.7813979364494803,-1.3389308979647043,0.5568574076693978,0.9685371084063892
2019-12-09 11:00:00+00:00,-1.069494785360133,-1.2978381378841772,0.29138749847874984,-1.6799570304688733,0.719787372979702,-0.9045781734247211,0.5568574076693978,0.9685371084063892
2019-12-09 12:00:00+00:00,-1.473566947286345,-0.5130131495380831,0.43696583135201694,-2.9151993613272373,0.6607436721705681,0.28551416426531495,0.5568574076693978,0.9685371084063892
2019-12-09 13:00:00+00:00,-2.049030642642114,-0.5157848337751437,0.29138749847874984,-3.233793497141025,0.604180571856399,0.5256757377025444,0.5568574076693978,0.9685371084063892
2019-12-09 14:00:00+00:00,-1.66842822050638,-0.5070698341035086,1.148108590946646,-2.7627616104800556,0.5500129866576373,0.7612868021588529,0.5568574076693978,0.9685371084063892
2019-12-09 15:00:00+00:00,-2.006553619133207,-0.7209886797710543,0.12634439684537754,-2.9458056311573664,0.49815714472237044,-0.19956113401133818,0.5568574076693978,0.9685371084063892
2019-12-09 16:00:00+00:00,-2.252487296159929,-0.8161883798717999,0.12634439684537754,-2.9495739782582846,0.4485307100752077,-0.6753337719051404,0.5568574076693978,0.9685371084063892
2019-12-09 17:00:00+00:00,-1.6978623711721648,-0.8211899661428403,1.148108590946646,-2.5614998003589986,0.4010528909934559,-0.675333771904876,0.5568574076693978,0.9685371084063892
2019-12-09 18:00:00+00:00,-1.6225307519787366,-1.0163087430380306,1.2936869238199127,-2.352991160014476,0.3556445349058726,-1.3389308979647043,0.5568574076693978,0.9685371084063892
2019-12-09 19:00:00+00:00,-2.6698575790300247,-1.5869021698334376,0.6849922567119894,-2.959392085093361,0.3122282103714083,-0.675333771904876,0.5568574076693978,0.9685371084063892
2019-12-09 20:00:00+00:00,-2.49982710262576,-1.4217493004677433,0.43696583135201694,-2.878154931412404,0.2707282767448905,-1.1260830492473983,0.5568574076693978,0.9685371084063892
2019-12-09 21:00:00+00:00,-2.579427186743063,-1.2978287983986665,-0.06418388131856471,-2.9340529020079993,0.23107094217453764,0.04297651512698839,0.5568574076693978,0.9685371084063892
2019-12-09 22:00:00+00:00,-2.6540407794920577,-1.3812316029203462,0.43696583135201694,-2.9909301674310456,0.1931843106032665,0.04297651512698839,0.5568574076693978,0.9685371084063892
2019-12-09 23:00:00+00:00,-3.2001711292704704,-1.187159132541927,0.8914689790124918,-3.931432260956847,0.15699841846312046,0.5256757377022737,0.5568574076693978,0.9685371084063892
2019-12-10 01:00:00+00:00,-1.3523148980437512,-1.1757987109178416,0.12634439684537754,-2.243051053625461,0.08945881425188136,0.7612868021588529,0.5568574076693978,-0.7400372265801026
2019-12-10 02:00:00+00:00,-0.668802978977593,-0.8237374751610852,-0.06418388131856471,-2.0560010502408597,0.05797503739910295,-0.19956113401133818,0.5568574076693978,-0.7400372265801026
2019-12-10 03:00:00+00:00,-0.37617596449355445,-0.4606744656238657,0.29138749847874984,-1.2046210279866563,0.027931882790358714,0.28551416426531495,0.5568574076693978,-0.7400372265801026
2019-12-10 04:00:00+00:00,-0.4593242881318675,-0.4714664308387093,0.6849922567119894,-2.1195563096899384,-0.0007307123152313495,0.04297651512698839,0.5568574076693978,-0.7400372265801026
2019-12-10 05:00:00+00:00,0.2968882104285212,-0.17054157577574883,0.8914689790124918,-1.8387856764862962,-0.02807083567364489,0.04297651512698839,0.5568574076693978,-0.7400372265801026
2019-12-10 06:00:00+00:00,0.11471128921917227,-0.09247175864515905,0.5671900876267599,-1.9329921004447426,-0.05414461635569475,-1.1260830492473983,0.5568574076693978,-0.7400372265801026
2019-12-10 07:00:00+00:00,1.7075926563212118,0.23145736213950024,0.7925372111493315,-1.244407704499547,-0.07900624606938779,-0.19956113401133818,0.5568574076693978,-0.7400372265801026
2019-12-10 08:00:00+00:00,0.9415423085566909,0.23339141204875166,0.12634439684537754,-1.5310904043463018,-0.10270800494299857,-0.4397227074485675,0.5568574076693978,-0.7400372265801026
2019-12-10 09:00:00+00:00,1.2072487430778476,0.7335483093979863,0.7925372111493315,-1.0970864647767344,-0.12530029123739747,-0.19956113401161304,0.5568574076693978,-0.7400372265801026
2019-12-10 10:00:00+00:00,0.31323753755868744,-0.012562735948313206,0.43696583135201694,-1.9345307795133657,-0.14683165448746,0.28551416426558984,0.5568574076693978,-0.7400372265801026
2019-12-10 11:00:00+00:00,0.4050364635651039,0.1288744163324397,0.7925372111493315,-1.5283714153659014,-0.1673488316041146,1.628569494542036,0.5568574076693978,-0.7400372265801026
2019-12-10 12:00:00+00:00,0.5195864836035942,0.14706643372218633,0.43696583135201694,-1.527321621479807,-0.18689678550035324,0.5256757377022737,0.5568574076693978,-0.7400372265801026
2019-12-10 13:00:00+00:00,0.7155949965473812,0.09828524530001932,-0.5653335939891461,-1.4245720390263643,-0.20551874583594562,0.990531203678698,0.5568574076693978,-0.7400372265801026
2019-12-10 14:00:00+00:00,1.1735220200395906,0.2604350032038835,0.43696583135201694,-1.1983635781964803,-0.22325625150649447,1.2120360795013752,0.5568574076693978,-0.7400372265801026
2019-12-10 15:00:00+00:00,1.2956039144585971,0.34520657579349,0.29138749847874984,-1.3692665064343492,-0.24014919453247607,0.7612868021591174,0.5568574076693978,-0.7400372265801026
2019-12-10 16:00:00+00:00,0.8887845900111211,0.197416655604934,0.43696583135201694,-1.393672396079966,-0.25623586503299106,0.04297651512698839,0.5568574076693978,-0.7400372265801026
2019-12-10 17:00:00+00:00,0.7282832871599583,-0.4020813873231601,-0.06418388131856471,-1.282978439285811,-0.2715529969967962,-0.19956113401161304,0.5568574076693978,-0.7400372265801026
2019-12-10 18:00:00+00:00,1.4724897196342397,-0.07393846967487011,0.5671900876267599,-1.0157933877774248,-0.28613581458984944,0.5256757377025444,0.5568574076693978,-0.7400372265801026
2019-12-10 19:00:00+00:00,3.2772265992110934,0.08967693327347842,1.8831590064090324,0.5631380675991914,-0.3000180787638679,-0.4397227074485675,0.5568574076693978,-0.7400372265801026
2019-12-10 20:00:00+00:00,3.141401242400039,0.21314018973788773,2.0797609443208795,0.29008495550609603,-0.31323213395431004,0.04297651512698839,0.5568574076693978,-0.7400372265801026
2019-12-10 21:00:00+00:00,3.57556098004352,0.05083206743021824,2.3700196897434833,0.6701411463607726,-0.32580895467863774,0.7612868021588529,0.5568574076693978,-0.7400372265801026
2019-12-10 22:00:00+00:00,2.470321003327494,-0.4158562974637114,1.8397865817811696,-0.1041409272332205,-0.3377781918668044,1.424883928218681,0.5568574076693978,-0.7400372265801026
2019-12-10 23:00:00+00:00,2.94777249878254,-0.24570453891841196,2.426210605435818,-0.47026811112685385,-0.34916821877549803,0.990531203678698,0.5568574076693978,-0.7400372265801026
