timestamp,API,pressure_drop
2019-09-29 00:00:00+00:00,0.0,0.0
2019-09-29 01:00:00+00:00,0.0,0.3000000000000682
2019-09-29 02:00:00+00:00,0.0,0.6999999999999318
2019-09-29 03:00:00+00:00,0.0,0.40000000000009095
2019-09-29 04:00:00+00:00,0.0,0.599999999999909
2019-09-29 05:00:00+00:00,0.0,-0.09999999999990905
2019-09-29 06:00:00+00:00,0.0,-0.5
2019-09-29 07:00:00+00:00,0.0,-0.40000000000009095
2019-09-29 08:00:00+00:00,0.0,-0.5
2019-09-29 09:00:00+00:00,0.0,-0.09999999999990905
2019-09-29 10:00:00+00:00,0.005000000000000001,0.1999999999999318
2019-09-29 11:00:00+00:00,0.004750000000000001,0.6000000000000227
2019-09-29 12:00:00+00:00,0.004512500000000001,0.6000000000000227
2019-09-29 13:00:00+00:00,0.004286875000000001,0.2999999999999545
2019-09-29 14:00:00+00:00,0.004072531250000001,1.0
2019-09-29 15:00:00+00:00,0.0038689046875000003,0.8000000000000682
2019-09-29 16:00:00+00:00,0.003675459453125,0.599999999999909
2019-09-29 17:00:00+00:00,0.0034916864804687498,0.6000000000000227
2019-09-29 18:00:00+00:00,0.003317102156445312,0.20000000000004547
2019-09-29 19:00:00+00:00,0.0031512470486230464,0.39999999999997726
2019-09-29 20:00:00+00:00,0.007993684696191895,0.7000000000000455
2019-09-29 21:00:00+00:00,0.022594000461382303,0.7999999999999545
2019-09-29 22:00:00+00:00,0.20646430043831324,1.6000000000000227
2019-09-29 23:00:00+00:00,0.2611410854163976,1.5
2019-09-30 00:00:00+00:00,0.3880840311455777,1.5
2019-09-30 01:00:00+00:00,0.3686798295882988,-0.5
2019-09-30 02:00:00+00:00,0.3502458381088839,0.1999999999999318
2019-09-30 03:00:00+00:00,0.33273354620343965,0.5
2019-09-30 04:00:00+00:00,0.31609686889326766,-0.0
2019-09-30 05:00:00+00:00,0.3002920254486043,-0.5
2019-09-30 06:00:00+00:00,0.2852774241761741,-0.39999999999997726
2019-09-30 07:00:00+00:00,0.27101355296736535,-0.10000000000002274
2019-09-30 08:00:00+00:00,0.2574628753189971,-0.7999999999999545
2019-09-30 09:00:00+00:00,0.24458973155304722,-0.2999999999999545
2019-09-30 10:00:00+00:00,0.23236024497539484,-0.10000000000002274
2019-09-30 11:00:00+00:00,0.22074223272662508,-0.3000000000000682
2019-09-30 12:00:00+00:00,0.20970512109029382,-0.1999999999999318
2019-09-30 13:00:00+00:00,0.19921986503577913,-0.0
2019-09-30 14:00:00+00:00,0.18925887178399017,0.2999999999999545
2019-09-30 15:00:00+00:00,0.17979592819479065,0.39999999999997726
2019-09-30 16:00:00+00:00,0.1708061317850511,-0.09999999999990905
2019-09-30 17:00:00+00:00,0.17226582519579856,-0.40000000000009095
2019-09-30 18:00:00+00:00,0.18865253393600862,0.10000000000002274
2019-09-30 19:00:00+00:00,0.20921990723920816,-0.39999999999997726
2019-09-30 20:00:00+00:00,0.20375891187724776,-0.0
2019-09-30 21:00:00+00:00,0.20357096628338536,-0.5
2019-09-30 22:00:00+00:00,0.19339241796921608,0.20000000000004547
2019-09-30 23:00:00+00:00,0.18372279707075526,0.5
2019-10-01 00:00:00+00:00,0.17453665721721748,0.599999999999909
2019-10-01 01:00:00+00:00,0.1958098243563566,0.3000000000000682
2019-10-01 02:00:00+00:00,0.18601933313853877,0.6999999999999318
2019-10-01 03:00:00+00:00,0.18671836648161183,0.6000000000000227
2019-10-01 04:00:00+00:00,0.17738244815753124,0.39999999999997726
2019-10-01 05:00:00+00:00,0.16851332574965466,-0.09999999999990905
2019-10-01 06:00:00+00:00,0.16008765946217193,-0.10000000000002274
2019-10-01 07:00:00+00:00,0.15208327648906333,-0.3000000000000682
2019-10-01 08:00:00+00:00,0.14447911266461017,-0.09999999999990905
2019-10-01 09:00:00+00:00,0.13725515703137964,-0.20000000000004547
2019-10-01 10:00:00+00:00,0.13039239917981066,0.2999999999999545
2019-10-01 11:00:00+00:00,0.12387277922082011,-0.0
2019-10-01 12:00:00+00:00,0.1176791402597791,-0.1999999999999318
2019-10-01 13:00:00+00:00,0.11179518324679014,-0.10000000000002274
2019-10-01 14:00:00+00:00,0.10620542408445062,-0.0
2019-10-01 15:00:00+00:00,0.10089515288022809,-0.0
2019-10-01 16:00:00+00:00,0.09585039523621668,-0.2999999999999545
2019-10-01 17:00:00+00:00,0.09105787547440584,-0.6000000000000227
2019-10-01 18:00:00+00:00,0.08650498170068555,-0.7000000000000455
2019-10-01 19:00:00+00:00,0.08217973261565127,-0.39999999999997726
2019-10-01 20:00:00+00:00,0.0780707459848687,-0.6000000000000227
2019-10-01 21:00:00+00:00,0.07416720868562526,-0.39999999999997726
2019-10-01 22:00:00+00:00,0.07045884825134399,0.6000000000000227
2019-10-01 23:00:00+00:00,0.06693590583877679,0.5
2019-10-02 00:00:00+00:00,0.06358911054683794,1.1000000000000227
2019-10-02 01:00:00+00:00,0.06040965501949604,0.599999999999909
2019-10-02 02:00:00+00:00,0.057389172268521235,0.8000000000000682
2019-10-02 03:00:00+00:00,0.059519713655095174,1.5
2019-10-02 04:00:00+00:00,0.06154372797234041,0.8999999999999773
2019-10-02 05:00:00+00:00,0.07346654157372338,0.10000000000002274
2019-10-02 06:00:00+00:00,0.06979321449503721,0.1999999999999318
2019-10-02 07:00:00+00:00,0.06630355377028535,-0.6999999999999318
2019-10-02 08:00:00+00:00,0.06298837608177107,-0.8999999999999773
2019-10-02 09:00:00+00:00,0.05983895727768252,-0.40000000000009095
2019-10-02 10:00:00+00:00,0.056847009413798395,-0.6999999999999318
2019-10-02 11:00:00+00:00,0.05400465894310847,-0.8999999999999773
2019-10-02 12:00:00+00:00,0.05130442599595304,-0.5
2019-10-02 13:00:00+00:00,0.04873920469615539,-0.900000000000091
2019-10-02 14:00:00+00:00,0.04630224446134762,-1.0
2019-10-02 15:00:00+00:00,0.043987132238280234,-0.1999999999999318
2019-10-02 16:00:00+00:00,0.04178777562636622,-0.5
2019-10-02 17:00:00+00:00,0.03969838684504791,-0.6000000000000227
2019-10-02 18:00:00+00:00,0.037713467502795514,-0.7999999999999545
2019-10-02 19:00:00+00:00,0.035827794127655736,-0.8000000000000682
2019-10-02 20:00:00+00:00,0.034036404421272946,-0.39999999999997726
2019-10-02 21:00:00+00:00,0.0323345842002093,-0.7000000000000455
2019-10-02 22:00:00+00:00,0.030717854990198832,-0.09999999999990905
2019-10-02 23:00:00+00:00,0.029181962240688888,0.1999999999999318
2019-10-03 00:00:00+00:00,0.02772286412865444,-0.39999999999997726
2019-10-03 01:00:00+00:00,0.026336720922221717,0.20000000000004547
2019-10-03 02:00:00+00:00,0.02501988487611063,0.6999999999999318
2019-10-03 03:00:00+00:00,0.023768890632305098,1.0
2019-10-03 04:00:00+00:00,0.022580446100689842,0.20000000000004547
2019-10-03 05:00:00+00:00,0.021451423795655348,-0.10000000000002274
2019-10-03 06:00:00+00:00,0.02037885260587258,-0.0
2019-10-03 07:00:00+00:00,0.01935990997557895,-0.10000000000002274
2019-10-03 08:00:00+00:00,0.0183919144768,-0.6999999999999318
2019-10-03 09:00:00+00:00,0.01747231875296,0.09999999999990905
2019-10-03 10:00:00+00:00,0.026598702815312,-0.2999999999999545
2019-10-03 11:00:00+00:00,0.0352687676745464,-0.0
2019-10-03 12:00:00+00:00,0.04350532929081908,-0.20000000000004547
2019-10-03 13:00:00+00:00,0.04633006282627812,0.20000000000004547
2019-10-03 14:00:00+00:00,0.04401355968496421,-0.0
2019-10-03 15:00:00+00:00,0.041812881700715995,-0.20000000000004547
2019-10-03 16:00:00+00:00,0.039722237615680195,-0.09999999999990905
2019-10-03 17:00:00+00:00,0.03773612573489618,-0.3000000000000682
2019-10-03 18:00:00+00:00,0.03584931944815137,-0.6999999999999318
2019-10-03 19:00:00+00:00,0.0340568534757438,-1.0
2019-10-03 20:00:00+00:00,0.03235401080195661,-0.7000000000000455
2019-10-03 21:00:00+00:00,0.030736310261858777,-0.39999999999997726
2019-10-03 22:00:00+00:00,0.029199494748765837,-0.10000000000002274
2019-10-03 23:00:00+00:00,0.027739520011327543,-0.0
2019-10-04 00:00:00+00:00,0.026352544010761165,0.2999999999999545
2019-10-04 01:00:00+00:00,0.025034916810223105,0.10000000000002274
2019-10-04 02:00:00+00:00,0.02378317096971195,-0.0
2019-10-04 03:00:00+00:00,0.02259401242122635,0.8000000000000682
2019-10-04 04:00:00+00:00,0.02146431180016503,0.39999999999997726
2019-10-04 05:00:00+00:00,0.02039109621015678,-0.20000000000004547
2019-10-04 06:00:00+00:00,0.019371541399648938,-0.1999999999999318
2019-10-04 07:00:00+00:00,0.01840296432966649,-0.10000000000002274
2019-10-04 08:00:00+00:00,0.017482816113183162,-0.20000000000004547
2019-10-04 09:00:00+00:00,0.016608675307524003,-0.1999999999999318
2019-10-04 10:00:00+00:00,0.0157782415421478,0.09999999999990905
2019-10-04 11:00:00+00:00,0.01498932946504041,-0.09999999999990905
2019-10-04 12:00:00+00:00,0.014239862991788388,0.2999999999999545
2019-10-04 13:00:00+00:00,0.013527869842198968,0.10000000000002274
2019-10-04 14:00:00+00:00,0.012851476350089019,0.5
2019-10-04 15:00:00+00:00,0.012208902532584567,0.2999999999999545
2019-10-04 16:00:00+00:00,0.011598457405955338,-0.10000000000002274
2019-10-04 17:00:00+00:00,0.01101853453565757,0.10000000000002274
2019-10-04 18:00:00+00:00,0.010467607808874691,-0.5
2019-10-04 19:00:00+00:00,0.009944227418430956,-0.2999999999999545
2019-10-04 20:00:00+00:00,0.009447016047509409,0.10000000000002274
2019-10-04 21:00:00+00:00,0.008974665245133937,-0.0
2019-10-04 22:00:00+00:00,0.00852593198287724,0.09999999999990905
2019-10-04 23:00:00+00:00,0.008099635383733378,0.3000000000000682
2019-10-05 00:00:00+00:00,0.007694653614546708,0.8999999999999773
2019-10-05 01:00:00+00:00,0.007309920933819372,0.20000000000004547
2019-10-05 02:00:00+00:00,0.006944424887128403,0.7999999999999545
2019-10-05 03:00:00+00:00,0.006597203642771983,0.5
2019-10-05 04:00:00+00:00,0.006267343460633383,0.10000000000002274
2019-10-05 05:00:00+00:00,0.005953976287601714,-0.10000000000002274
2019-10-05 06:00:00+00:00,0.005656277473221628,-0.7000000000000455
2019-10-05 07:00:00+00:00,0.005373463599560546,-0.39999999999997726
2019-10-05 08:00:00+00:00,0.005104790419582519,-0.6000000000000227
2019-10-05 09:00:00+00:00,0.004849550898603392,-0.2999999999999545
2019-10-05 10:00:00+00:00,0.004607073353673222,0.5
2019-10-05 11:00:00+00:00,0.004376719685989561,-0.10000000000002274
2019-10-05 12:00:00+00:00,0.004157883701690083,-0.6000000000000227
2019-10-05 13:00:00+00:00,0.003949989516605579,0.5
2019-10-05 14:00:00+00:00,0.0037524900407752996,0.3000000000000682
2019-10-05 15:00:00+00:00,0.008564865538736536,-0.20000000000004547
2019-10-05 16:00:00+00:00,0.06813662226179971,0.20000000000004547
2019-10-05 17:00:00+00:00,0.22972979114870976,-0.10000000000002274
2019-10-05 18:00:00+00:00,0.4332433015912743,-0.39999999999997726
2019-10-05 19:00:00+00:00,0.5215811365117106,-0.6000000000000227
2019-10-05 20:00:00+00:00,0.500502079686125,-0.5
2019-10-05 21:00:00+00:00,0.47547697570181874,-0.5
2019-10-05 22:00:00+00:00,0.45170312691672776,-0.8999999999999773
2019-10-05 23:00:00+00:00,0.42911797057089135,-0.5
2019-10-06 00:00:00+00:00,0.4076620720423468,-0.39999999999997726
2019-10-06 01:00:00+00:00,0.41227896844022943,-0.3000000000000682
2019-10-06 02:00:00+00:00,0.416665020018218,-0.0
2019-10-06 03:00:00+00:00,0.40083176901730705,0.20000000000004547
2019-10-06 04:00:00+00:00,0.3807901805664417,-0.20000000000004547
2019-10-06 05:00:00+00:00,0.36675067153811963,-0.6999999999999318
2019-10-06 06:00:00+00:00,0.35841313796121366,-0.7000000000000455
2019-10-06 07:00:00+00:00,0.34549248106315295,-0.7000000000000455
2019-10-06 08:00:00+00:00,0.3282178570099953,-0.6999999999999318
2019-10-06 09:00:00+00:00,0.3118069641594955,-0.39999999999997726
2019-10-06 10:00:00+00:00,0.2962166159515207,-0.20000000000004547
2019-10-06 11:00:00+00:00,0.28140578515394465,-0.20000000000004547
2019-10-06 12:00:00+00:00,0.2673354958962474,-0.1999999999999318
2019-10-06 13:00:00+00:00,0.253968721101435,0.2999999999999545
2019-10-06 14:00:00+00:00,0.24127028504636322,0.3000000000000682
2019-10-06 15:00:00+00:00,0.22920677079404506,-0.0
2019-10-06 16:00:00+00:00,0.2177464322543428,-0.3000000000000682
2019-10-06 17:00:00+00:00,0.20685911064162563,-0.39999999999997726
2019-10-06 18:00:00+00:00,0.19651615510954434,-0.6000000000000227
2019-10-06 19:00:00+00:00,0.18669034735406712,-0.39999999999997726
2019-10-06 20:00:00+00:00,0.17735582998636376,-0.20000000000004547
2019-10-06 21:00:00+00:00,0.16848803848704558,-0.09999999999990905
2019-10-06 22:00:00+00:00,0.1600636365626933,-0.0
2019-10-06 23:00:00+00:00,0.15206045473455862,0.2999999999999545
2019-10-07 00:00:00+00:00,0.14445743199783068,0.39999999999997726
2019-10-07 01:00:00+00:00,0.13723456039793913,0.10000000000002274
2019-10-07 02:00:00+00:00,0.13037283237804217,0.7000000000000455
2019-10-07 03:00:00+00:00,0.12385419075914006,0.39999999999997726
2019-10-07 04:00:00+00:00,0.11766148122118306,0.1999999999999318
2019-10-07 05:00:00+00:00,0.1117784071601239,-0.1999999999999318
2019-10-07 06:00:00+00:00,0.10618948680211769,-0.3000000000000682
2019-10-07 07:00:00+00:00,0.10088001246201181,-0.09999999999990905
2019-10-07 08:00:00+00:00,0.09583601183891122,-0.20000000000004547
2019-10-07 09:00:00+00:00,0.09104421124696566,-0.0
2019-10-07 10:00:00+00:00,0.08649200068461738,-0.10000000000002274
2019-10-07 11:00:00+00:00,0.08216740065038651,-0.0
2019-10-07 12:00:00+00:00,0.07805903061786718,-0.39999999999997726
2019-10-07 13:00:00+00:00,0.07415607908697382,0.2999999999999545
2019-10-07 14:00:00+00:00,0.07044827513262512,0.6000000000000227
2019-10-07 15:00:00+00:00,0.06692586137599386,0.20000000000004547
2019-10-07 16:00:00+00:00,0.06357956830719416,0.2999999999999545
2019-10-07 17:00:00+00:00,0.06040058989183445,-0.1999999999999318
2019-10-07 18:00:00+00:00,0.062380560397242726,-0.20000000000004547
2019-10-07 19:00:00+00:00,0.05926153237738059,-0.20000000000004547
2019-10-07 20:00:00+00:00,0.056298455758511556,-0.2999999999999545
2019-10-07 21:00:00+00:00,0.05848353297058598,-0.2999999999999545
2019-10-07 22:00:00+00:00,0.05555935632205668,0.1999999999999318
2019-10-07 23:00:00+00:00,0.05278138850595384,0.20000000000004547
2019-10-08 00:00:00+00:00,0.050142319080656146,1.0
2019-10-08 01:00:00+00:00,0.04763520312662334,-0.10000000000002274
2019-10-08 02:00:00+00:00,0.04525344297029217,0.6000000000000227
2019-10-08 03:00:00+00:00,0.04299077082177756,0.39999999999997726
2019-10-08 04:00:00+00:00,0.04084123228068868,-0.0
2019-10-08 05:00:00+00:00,0.03879917066665424,-0.2999999999999545
2019-10-08 06:00:00+00:00,0.03685921213332152,-0.40000000000009095
2019-10-08 07:00:00+00:00,0.03501625152665545,-0.2999999999999545
2019-10-08 08:00:00+00:00,0.033265438950322676,-0.6000000000000227
2019-10-08 09:00:00+00:00,0.03160216700280654,-0.10000000000002274
2019-10-08 10:00:00+00:00,0.03002205865266621,-0.0
2019-10-08 11:00:00+00:00,0.0285209557200329,-0.1999999999999318
2019-10-08 12:00:00+00:00,0.027094907934031253,-0.20000000000004547
2019-10-08 13:00:00+00:00,0.025740162537329688,-0.10000000000002274
2019-10-08 14:00:00+00:00,0.024453154410463203,0.20000000000004547
2019-10-08 15:00:00+00:00,0.023230496689940042,0.2999999999999545
2019-10-08 16:00:00+00:00,0.02206897185544304,-0.0
2019-10-08 17:00:00+00:00,0.020965523262670885,-0.2999999999999545
2019-10-08 18:00:00+00:00,0.01991724709953734,-0.39999999999997726
2019-10-08 19:00:00+00:00,0.01892138474456047,-0.39999999999997726
2019-10-08 20:00:00+00:00,0.01797531550733245,-0.0
2019-10-08 21:00:00+00:00,0.017076549731965825,0.09999999999990905
2019-10-08 22:00:00+00:00,0.016222722245367534,0.10000000000002274
2019-10-08 23:00:00+00:00,0.015411586133099156,-0.10000000000002274
2019-10-09 00:00:00+00:00,0.014641006826444198,0.7000000000000455
2019-10-09 01:00:00+00:00,0.013908956485121988,0.20000000000004547
2019-10-09 02:00:00+00:00,0.013213508660865889,0.6999999999999318
2019-10-09 03:00:00+00:00,0.012552833227822593,0.6000000000000227
2019-10-09 04:00:00+00:00,0.011925191566431462,0.2999999999999545
2019-10-09 05:00:00+00:00,0.01132893198810989,0.10000000000002274
2019-10-09 06:00:00+00:00,0.010762485388704394,-0.1999999999999318
2019-10-09 07:00:00+00:00,0.010224361119269174,-0.10000000000002274
2019-10-09 08:00:00+00:00,0.009713143063305715,-0.20000000000004547
2019-10-09 09:00:00+00:00,0.009227485910140429,-0.0
2019-10-09 10:00:00+00:00,0.008766111614633407,0.3000000000000682
2019-10-09 11:00:00+00:00,0.008327806033901736,-0.20000000000004547
2019-10-09 12:00:00+00:00,0.00791141573220665,0.10000000000002274
2019-10-09 13:00:00+00:00,0.007515844945596316,0.5
2019-10-09 14:00:00+00:00,0.0071400526983165,0.39999999999997726
2019-10-09 15:00:00+00:00,0.006783050063400675,0.6000000000000227
2019-10-09 16:00:00+00:00,0.006443897560230641,0.10000000000002274
2019-10-09 17:00:00+00:00,0.01112170268221911,0.1999999999999318
2019-10-09 18:00:00+00:00,0.020565617548108157,-0.2999999999999545
2019-10-09 19:00:00+00:00,0.01953733667070275,-0.20000000000004547
2019-10-09 20:00:00+00:00,0.01856046983716761,-0.1999999999999318
2019-10-09 21:00:00+00:00,0.01763244634530923,-0.10000000000002274
2019-10-09 22:00:00+00:00,0.016750824028043766,0.1999999999999318
2019-10-09 23:00:00+00:00,0.015913282826641575,0.20000000000004547
2019-10-10 00:00:00+00:00,0.015117618685309496,0.2999999999999545
2019-10-10 01:00:00+00:00,0.01436173775104402,-0.0
2019-10-10 02:00:00+00:00,0.013643650863491818,0.8000000000000682
2019-10-10 03:00:00+00:00,0.012961468320317226,0.6999999999999318
2019-10-10 04:00:00+00:00,0.012313394904301365,-0.0
2019-10-10 05:00:00+00:00,0.011697725159086295,0.20000000000004547
2019-10-10 06:00:00+00:00,0.01111283890113198,-0.39999999999997726
2019-10-10 07:00:00+00:00,0.01055719695607538,-0.10000000000002274
2019-10-10 08:00:00+00:00,0.01002933710827161,-0.6000000000000227
2019-10-10 09:00:00+00:00,0.009527870252858029,0.10000000000002274
2019-10-10 10:00:00+00:00,0.009051476740215126,0.5
2019-10-10 11:00:00+00:00,0.00859890290320437,0.5
2019-10-10 12:00:00+00:00,0.008168957758044151,0.20000000000004547
2019-10-10 13:00:00+00:00,0.007760509870141943,0.5
2019-10-10 14:00:00+00:00,0.012372484376634848,0.1999999999999318
2019-10-10 15:00:00+00:00,0.03175386015780311,0.7000000000000455
2019-10-10 16:00:00+00:00,0.035166167149912955,0.2999999999999545
2019-10-10 17:00:00+00:00,0.0384078587924173,0.3000000000000682
2019-10-10 18:00:00+00:00,0.04148746585279643,-0.10000000000002274
2019-10-10 19:00:00+00:00,0.05941309256015661,-0.20000000000004547
2019-10-10 20:00:00+00:00,0.07144243793214877,-0.2999999999999545
2019-10-10 21:00:00+00:00,0.11787031603554135,-0.20000000000004547
2019-10-10 22:00:00+00:00,0.2269768002337643,0.10000000000002274
2019-10-10 23:00:00+00:00,0.3356279602220761,0.2999999999999545
2019-10-11 00:00:00+00:00,0.46384656221097226,0.5
2019-10-11 01:00:00+00:00,0.7856542341004238,0.20000000000004547
2019-10-11 02:00:00+00:00,0.8463715223954026,0.39999999999997726
2019-10-11 03:00:00+00:00,0.9640529462756324,1.1000000000000227
2019-10-11 04:00:00+00:00,1.1108502989618507,-0.10000000000002274
2019-10-11 05:00:00+00:00,1.195307784013758,-0.0
2019-10-11 06:00:00+00:00,1.13554239481307,-0.6000000000000227
2019-10-11 07:00:00+00:00,1.1187652750724166,-0.599999999999909
2019-10-11 08:00:00+00:00,1.1128270113187957,-0.8000000000000682
2019-10-11 09:00:00+00:00,1.0971856607528558,0.10000000000002274
2019-10-11 10:00:00+00:00,1.112326377715213,0.10000000000002274
2019-10-11 11:00:00+00:00,1.1317100588294522,0.10000000000002274
2019-10-11 12:00:00+00:00,1.0951245558879796,-0.5
2019-10-11 13:00:00+00:00,1.0953683280935806,0.2999999999999545
2019-10-11 14:00:00+00:00,1.0805999116889016,0.5
2019-10-11 15:00:00+00:00,1.0715699161044563,0.7000000000000455
2019-10-11 16:00:00+00:00,1.0279914202992335,0.39999999999997726
2019-10-11 17:00:00+00:00,0.9765918492842718,-0.10000000000002274
2019-10-11 18:00:00+00:00,0.9277622568200582,-0.5
2019-10-11 19:00:00+00:00,0.8813741439790552,-0.6000000000000227
2019-10-11 20:00:00+00:00,0.8373054367801024,-0.2999999999999545
2019-10-11 21:00:00+00:00,0.8004401649410973,-0.20000000000004547
2019-10-11 22:00:00+00:00,0.7604181566940423,0.10000000000002274
2019-10-11 23:00:00+00:00,0.7523972488593402,0.20000000000004547
2019-10-12 00:00:00+00:00,0.7947773864163732,0.2999999999999545
2019-10-12 01:00:00+00:00,0.7650385170955545,-0.10000000000002274
2019-10-12 02:00:00+00:00,0.7617865912407767,0.3000000000000682
2019-10-12 03:00:00+00:00,0.7336972616787378,0.39999999999997726
2019-10-12 04:00:00+00:00,0.6970123985948009,0.1999999999999318
2019-10-12 05:00:00+00:00,0.6621617786650609,-0.2999999999999545
2019-10-12 06:00:00+00:00,0.6290536897318078,-0.10000000000002274
2019-10-12 07:00:00+00:00,0.5976010052452173,-0.39999999999997726
2019-10-12 08:00:00+00:00,0.5677209549829564,-0.2999999999999545
2019-10-12 09:00:00+00:00,0.5393349072338085,-0.20000000000004547
2019-10-12 10:00:00+00:00,0.5123681618721181,-0.0
2019-10-12 11:00:00+00:00,0.48674975377851215,-0.20000000000004547
2019-10-12 12:00:00+00:00,0.4624122660895865,-0.599999999999909
2019-10-12 13:00:00+00:00,0.4392916527851072,-0.0
2019-10-12 14:00:00+00:00,0.4173270701458518,-0.0
2019-10-12 15:00:00+00:00,0.3964607166385592,0.39999999999997726
2019-10-12 16:00:00+00:00,0.37663768080663124,-0.10000000000002274
2019-10-12 17:00:00+00:00,0.35780579676629964,-0.20000000000004547
2019-10-12 18:00:00+00:00,0.33991550692798467,-1.0
2019-10-12 19:00:00+00:00,0.32291973158158543,-0.599999999999909
2019-10-12 20:00:00+00:00,0.30677374500250615,-0.0
2019-10-12 21:00:00+00:00,0.2914350577523808,-0.40000000000009095
2019-10-12 22:00:00+00:00,0.2768633048647618,-0.09999999999990905
2019-10-12 23:00:00+00:00,0.2630201396215237,-0.0
2019-10-13 00:00:00+00:00,0.24986913264044752,-0.10000000000002274
2019-10-13 01:00:00+00:00,0.23737567600842513,0.2999999999999545
2019-10-13 02:00:00+00:00,0.22550689220800385,0.10000000000002274
2019-10-13 03:00:00+00:00,0.21423154759760366,0.2999999999999545
2019-10-13 04:00:00+00:00,0.20351997021772347,0.20000000000004547
2019-10-13 05:00:00+00:00,0.1933439717068373,-0.2999999999999545
2019-10-13 06:00:00+00:00,0.1836767731214954,-0.10000000000002274
2019-10-13 07:00:00+00:00,0.17449293446542063,-0.8000000000000682
2019-10-13 08:00:00+00:00,0.1657682877421496,-0.39999999999997726
2019-10-13 09:00:00+00:00,0.15747987335504213,-0.2999999999999545
2019-10-13 10:00:00+00:00,0.14960587968729,-0.0
2019-10-13 11:00:00+00:00,0.1421255857029255,0.10000000000002274
2019-10-13 12:00:00+00:00,0.1350193064177792,0.39999999999997726
2019-10-13 13:00:00+00:00,0.12826834109689023,0.1999999999999318
2019-10-13 14:00:00+00:00,0.1218549240420457,1.1000000000000227
2019-10-13 15:00:00+00:00,0.11576217783994341,0.20000000000004547
2019-10-13 16:00:00+00:00,0.10997406894794624,0.5
2019-10-13 17:00:00+00:00,0.10447536550054892,0.7999999999999545
2019-10-13 18:00:00+00:00,0.09925159722552147,0.10000000000002274
2019-10-13 19:00:00+00:00,0.0942890173642454,-0.6000000000000227
2019-10-13 20:00:00+00:00,0.08957456649603313,0.5
2019-10-13 21:00:00+00:00,0.08509583817123147,0.39999999999997726
2019-10-13 22:00:00+00:00,0.08084104626266989,0.8000000000000682
2019-10-13 23:00:00+00:00,0.07679899394953639,0.6999999999999318
2019-10-14 00:00:00+00:00,0.07295904425205957,0.6000000000000227
2019-10-14 01:00:00+00:00,0.06931109203945658,1.5
2019-10-14 02:00:00+00:00,0.06584553743748375,0.6000000000000227
2019-10-14 03:00:00+00:00,0.08755326056560957,0.6000000000000227
2019-10-14 04:00:00+00:00,0.1381755975373291,1.2999999999999545
2019-10-14 05:00:00+00:00,0.14626681766046265,1.0
2019-10-14 06:00:00+00:00,0.15895347677743954,1.0
2019-10-14 07:00:00+00:00,0.15600580293856756,0.8000000000000682
2019-10-14 08:00:00+00:00,0.17320551279163918,0.09999999999990905
2019-10-14 09:00:00+00:00,0.23954523715205722,1.1000000000000227
2019-10-14 10:00:00+00:00,0.24756797529445435,1.2000000000000455
2019-10-14 11:00:00+00:00,0.26518957652973163,0.6999999999999318
2019-10-14 12:00:00+00:00,0.31193009770324504,0.40000000000009095
2019-10-14 13:00:00+00:00,0.35633359281808274,0.7999999999999545
2019-10-14 14:00:00+00:00,0.4135169131771786,1.7000000000000455
2019-10-14 15:00:00+00:00,0.5328410675183197,0.6999999999999318
2019-10-14 16:00:00+00:00,0.6161990141424037,1.1000000000000227
2019-10-14 17:00:00+00:00,0.7553890634352836,0.7000000000000455
2019-10-14 18:00:00+00:00,0.7876196102635193,0.2999999999999545
2019-10-14 19:00:00+00:00,0.8132386297503434,0.39999999999997726
2019-10-14 20:00:00+00:00,0.8375766982628263,-0.1999999999999318
2019-10-14 21:00:00+00:00,0.925697863349685,0.1999999999999318
2019-10-14 22:00:00+00:00,0.9594129701822007,0.6000000000000227
2019-10-14 23:00:00+00:00,0.9914423216730908,0.5
2019-10-15 00:00:00+00:00,1.0018702055894362,0.20000000000004547
2019-10-15 01:00:00+00:00,0.9567766953099643,0.5
2019-10-15 02:00:00+00:00,0.9489378605444662,0.599999999999909
2019-10-15 03:00:00+00:00,0.9914909675172427,0.6000000000000227
2019-10-15 04:00:00+00:00,0.9919164191413806,0.39999999999997726
2019-10-15 05:00:00+00:00,0.9773205981843116,0.3000000000000682
2019-10-15 06:00:00+00:00,0.983454568275096,0.2999999999999545
2019-10-15 07:00:00+00:00,1.0142818398613411,0.20000000000004547
2019-10-15 08:00:00+00:00,0.9885677478682741,0.2999999999999545
2019-10-15 09:00:00+00:00,0.9591393604748604,0.8999999999999773
2019-10-15 10:00:00+00:00,1.0111823924511174,1.1000000000000227
2019-10-15 11:00:00+00:00,1.0956232728285615,0.20000000000004547
2019-10-15 12:00:00+00:00,1.1208421091871335,-0.20000000000004547
2019-10-15 13:00:00+00:00,1.1048000037277768,0.10000000000002274
2019-10-15 14:00:00+00:00,1.0645600035413878,0.20000000000004547
2019-10-15 15:00:00+00:00,1.0213320033643183,0.09999999999990905
2019-10-15 16:00:00+00:00,0.9752654031961023,0.10000000000002274
2019-10-15 17:00:00+00:00,0.9265021330362971,-0.2999999999999545
2019-10-15 18:00:00+00:00,0.8801770263844823,-0.6000000000000227
2019-10-15 19:00:00+00:00,0.8361681750652581,-0.6000000000000227
2019-10-15 20:00:00+00:00,0.7943597663119951,-0.8999999999999773
2019-10-15 21:00:00+00:00,0.7546417779963953,-0.7000000000000455
2019-10-15 22:00:00+00:00,0.7169096890965755,-0.39999999999997726
2019-10-15 23:00:00+00:00,0.6810642046417467,-0.39999999999997726
2019-10-16 00:00:00+00:00,0.6470109944096593,-0.10000000000002274
2019-10-16 01:00:00+00:00,0.6146604446891762,-0.6999999999999318
2019-10-16 02:00:00+00:00,0.5839274224547174,-0.20000000000004547
2019-10-16 03:00:00+00:00,0.5547310513319815,-0.2999999999999545
2019-10-16 04:00:00+00:00,0.5269944987653824,-0.6000000000000227
2019-10-16 05:00:00+00:00,0.5006447738271133,-1.1000000000000227
2019-10-16 06:00:00+00:00,0.4756125351357576,-1.2999999999999545
2019-10-16 07:00:00+00:00,0.4518319083789697,-1.3000000000000682
2019-10-16 08:00:00+00:00,0.4292403129600212,-1.7999999999999545
2019-10-16 09:00:00+00:00,0.4077782973120201,-1.2000000000000455
2019-10-16 10:00:00+00:00,0.3873893824464191,-1.0
2019-10-16 11:00:00+00:00,0.3680199133240981,-0.6999999999999318
2019-10-16 12:00:00+00:00,0.3496189176578932,-1.0
2019-10-16 13:00:00+00:00,0.33213797177499854,-0.6000000000000227
2019-10-16 14:00:00+00:00,0.3155310731862486,-0.20000000000004547
2019-10-16 15:00:00+00:00,0.29975451952693616,-0.39999999999997726
2019-10-16 16:00:00+00:00,0.2847667935505893,-0.7000000000000455
2019-10-16 17:00:00+00:00,0.27052845387305985,-0.599999999999909
2019-10-16 18:00:00+00:00,0.25700203117940684,-1.0
2019-10-16 19:00:00+00:00,0.2441519296204365,-1.0
2019-10-16 20:00:00+00:00,0.23194433313941465,-0.7000000000000455
2019-10-16 21:00:00+00:00,0.2203471164824439,-0.39999999999997726
2019-10-16 22:00:00+00:00,0.2093297606583217,-0.6000000000000227
2019-10-16 23:00:00+00:00,0.19886327262540562,0.10000000000002274
2019-10-17 00:00:00+00:00,0.18892010899413533,-0.10000000000002274
2019-10-17 01:00:00+00:00,0.17947410354442855,-0.5
2019-10-17 02:00:00+00:00,0.17050039836720712,0.10000000000002274
2019-10-17 03:00:00+00:00,0.16197537844884677,0.2999999999999545
2019-10-17 04:00:00+00:00,0.15387660952640442,-0.5
2019-10-17 05:00:00+00:00,0.1461827790500842,-0.6000000000000227
2019-10-17 06:00:00+00:00,0.13887364009758,-0.2999999999999545
2019-10-17 07:00:00+00:00,0.131929958092701,-0.7999999999999545
2019-10-17 08:00:00+00:00,0.12533346018806593,-0.8000000000000682
2019-10-17 09:00:00+00:00,0.11906678717866263,-0.6999999999999318
2019-10-17 10:00:00+00:00,0.1131134478197295,-0.20000000000004547
2019-10-17 11:00:00+00:00,0.10745777542874302,-0.2999999999999545
2019-10-17 12:00:00+00:00,0.10208488665730586,0.09999999999990905
2019-10-17 13:00:00+00:00,0.09698064232444056,-0.1999999999999318
2019-10-17 14:00:00+00:00,0.09213161020821853,-0.10000000000002274
2019-10-17 15:00:00+00:00,0.0875250296978076,0.10000000000002274
2019-10-17 16:00:00+00:00,0.0831487782129172,-0.20000000000004547
2019-10-17 17:00:00+00:00,0.07899133930227134,-0.0
2019-10-17 18:00:00+00:00,0.07504177233715777,-0.8999999999999773
2019-10-17 19:00:00+00:00,0.07128968372029988,-0.39999999999997726
2019-10-17 20:00:00+00:00,0.06772519953428488,0.10000000000002274
2019-10-17 21:00:00+00:00,0.06433893955757063,-0.3000000000000682
2019-10-17 22:00:00+00:00,0.06112199257969209,-0.10000000000002274
2019-10-17 23:00:00+00:00,0.058065892950707486,-0.09999999999990905
2019-10-18 00:00:00+00:00,0.055162598303172106,0.5
2019-10-18 01:00:00+00:00,0.0524044683880135,0.39999999999997726
2019-10-18 02:00:00+00:00,0.04978424496861282,0.6000000000000227
2019-10-18 03:00:00+00:00,0.04729503272018218,0.8999999999999773
2019-10-18 04:00:00+00:00,0.04493028108417307,0.2999999999999545
2019-10-18 05:00:00+00:00,0.04268376702996441,0.5
2019-10-18 06:00:00+00:00,0.04054957867846619,0.39999999999997726
2019-10-18 07:00:00+00:00,0.038522099744542876,-0.2999999999999545
2019-10-18 08:00:00+00:00,0.03659599475731573,-0.10000000000002274
2019-10-18 09:00:00+00:00,0.03476619501944994,0.3000000000000682
2019-10-18 10:00:00+00:00,0.03302788526847744,-0.10000000000002274
2019-10-18 11:00:00+00:00,0.036376491005053566,0.1999999999999318
2019-10-18 12:00:00+00:00,0.04455766645480089,0.40000000000009095
2019-10-18 13:00:00+00:00,0.052329783132060846,1.099999999999909
2019-10-18 14:00:00+00:00,0.059713293975457805,0.7000000000000455
2019-10-18 15:00:00+00:00,0.06172762927668492,0.2999999999999545
2019-10-18 16:00:00+00:00,0.07864124781285067,0.5
2019-10-18 17:00:00+00:00,0.07970918542220815,0.20000000000004547
2019-10-18 18:00:00+00:00,0.09072372615109774,-0.2999999999999545
2019-10-18 19:00:00+00:00,0.08618753984354284,-0.20000000000004547
2019-10-18 20:00:00+00:00,0.08187816285136569,0.20000000000004547
2019-10-18 21:00:00+00:00,0.0777842547087974,-0.10000000000002274
2019-10-18 22:00:00+00:00,0.07389504197335753,-0.0
2019-10-18 23:00:00+00:00,0.07020028987468965,0.1999999999999318
2019-10-19 00:00:00+00:00,0.06669027538095516,0.8000000000000682
2019-10-19 01:00:00+00:00,0.0633557616119074,-0.0
2019-10-19 02:00:00+00:00,0.06018797353131202,0.1999999999999318
2019-10-19 03:00:00+00:00,0.057178574854746415,0.10000000000002274
2019-10-19 04:00:00+00:00,0.05431964611200909,-0.1999999999999318
2019-10-19 05:00:00+00:00,0.051603663806408635,-0.3000000000000682
2019-10-19 06:00:00+00:00,0.0490234806160882,-0.5
2019-10-19 07:00:00+00:00,0.04657230658528379,-0.8999999999999773
2019-10-19 08:00:00+00:00,0.044243691256019596,-1.0
2019-10-19 09:00:00+00:00,0.04203150669321862,-0.5
2019-10-19 10:00:00+00:00,0.039929931358557685,-0.6000000000000227
2019-10-19 11:00:00+00:00,0.0379334347906298,-0.39999999999997726
2019-10-19 12:00:00+00:00,0.036036763051098306,-0.10000000000002274
2019-10-19 13:00:00+00:00,0.034234924898543385,-0.0
2019-10-19 14:00:00+00:00,0.032523178653616217,0.39999999999997726
2019-10-19 15:00:00+00:00,0.030897019720935403,-0.09999999999990905
2019-10-19 16:00:00+00:00,0.02935216873488863,-0.10000000000002274
2019-10-19 17:00:00+00:00,0.027884560298144196,-0.20000000000004547
2019-10-19 18:00:00+00:00,0.026490332283236984,-0.5
2019-10-19 19:00:00+00:00,0.025165815669075133,-0.2999999999999545
2019-10-19 20:00:00+00:00,0.023907524885621374,-0.5
2019-10-19 21:00:00+00:00,0.022712148641340305,-0.3000000000000682
2019-10-19 22:00:00+00:00,0.021576541209273287,-0.1999999999999318
2019-10-19 23:00:00+00:00,0.02049771414880962,0.39999999999997726
2019-10-20 00:00:00+00:00,0.01947282844136914,0.5
2019-10-20 01:00:00+00:00,0.018499187019300683,0.20000000000004547
2019-10-20 02:00:00+00:00,0.01757422766833565,0.2999999999999545
2019-10-20 03:00:00+00:00,0.016695516284918867,0.5
2019-10-20 04:00:00+00:00,0.015860740470672922,0.20000000000004547
2019-10-20 05:00:00+00:00,0.015067703447139275,0.39999999999997726
2019-10-20 06:00:00+00:00,0.014314318274782311,-0.0
2019-10-20 07:00:00+00:00,0.013598602361043195,-0.39999999999997726
2019-10-20 08:00:00+00:00,0.012918672242991034,-0.40000000000009095
2019-10-20 09:00:00+00:00,0.012272738630841482,-0.2999999999999545
2019-10-20 10:00:00+00:00,0.011659101699299406,-0.0
2019-10-20 11:00:00+00:00,0.011076146614334436,-0.0
2019-10-20 12:00:00+00:00,0.010522339283617713,0.7999999999999545
2019-10-20 13:00:00+00:00,0.009996222319436827,0.6000000000000227
2019-10-20 14:00:00+00:00,0.009496411203464984,0.5
2019-10-20 15:00:00+00:00,0.009021590643291735,0.3000000000000682
2019-10-20 16:00:00+00:00,0.008570511111127149,0.39999999999997726
2019-10-20 17:00:00+00:00,0.00814198555557079,-0.0
2019-10-20 18:00:00+00:00,0.00773488627779225,-0.10000000000002274
2019-10-20 19:00:00+00:00,0.007348141963902637,-0.10000000000002274
2019-10-20 20:00:00+00:00,0.006980734865707505,-0.1999999999999318
2019-10-20 21:00:00+00:00,0.00663169812242213,0.09999999999990905
2019-10-20 22:00:00+00:00,0.006300113216301023,0.6000000000000227
2019-10-20 23:00:00+00:00,0.005985107555485971,0.6000000000000227
2019-10-21 00:00:00+00:00,0.0056858521777116726,1.2000000000000455
2019-10-21 01:00:00+00:00,0.005401559568826089,0.7999999999999545
2019-10-21 02:00:00+00:00,0.005131481590384784,0.8999999999999773
2019-10-21 03:00:00+00:00,0.004874907510865545,0.8999999999999773
2019-10-21 04:00:00+00:00,0.004631162135322268,0.20000000000004547
2019-10-21 05:00:00+00:00,0.004399604028556154,0.10000000000002274
2019-10-21 06:00:00+00:00,0.004179623827128345,-0.20000000000004547
2019-10-21 07:00:00+00:00,0.003970642635771928,-0.2999999999999545
2019-10-21 08:00:00+00:00,0.0037721105039833316,-0.6000000000000227
2019-10-21 09:00:00+00:00,0.0035835049787841648,-0.0
2019-10-21 10:00:00+00:00,0.0034043297298449564,0.2999999999999545
2019-10-21 11:00:00+00:00,0.0032341132433527085,0.20000000000004547
2019-10-21 12:00:00+00:00,0.003072407581185073,0.7000000000000455
2019-10-21 13:00:00+00:00,0.002918787202125819,0.5
2019-10-21 14:00:00+00:00,0.002772847842019528,0.5
2019-10-21 15:00:00+00:00,0.0026342054499185513,0.1999999999999318
2019-10-21 16:00:00+00:00,0.007502495177422625,0.3000000000000682
2019-10-21 17:00:00+00:00,0.012127370418551494,0.5
2019-10-21 18:00:00+00:00,0.026521001897623922,-0.3000000000000682
2019-10-21 19:00:00+00:00,0.030194951802742724,-0.1999999999999318
2019-10-21 20:00:00+00:00,0.03368520421260559,-0.3000000000000682
2019-10-21 21:00:00+00:00,0.032000944001975305,-0.1999999999999318
2019-10-21 22:00:00+00:00,0.030400896801876538,-0.10000000000002274
2019-10-21 23:00:00+00:00,0.028880851961782708,0.10000000000002274
2019-10-22 00:00:00+00:00,0.03243680936369357,0.39999999999997726
2019-10-22 01:00:00+00:00,0.03081496889550889,0.10000000000002274
2019-10-22 02:00:00+00:00,0.029274220450733444,0.39999999999997726
2019-10-22 03:00:00+00:00,0.02781050942819677,0.39999999999997726
2019-10-22 04:00:00+00:00,0.026419983956786932,0.20000000000004547
2019-10-22 05:00:00+00:00,0.025098984758947583,0.39999999999997726
2019-10-22 06:00:00+00:00,0.023844035521000204,0.2999999999999545
2019-10-22 07:00:00+00:00,0.02265183374495019,-0.0
2019-10-22 08:00:00+00:00,0.02151924205770268,-0.10000000000002274
2019-10-22 09:00:00+00:00,0.025443279954817547,0.5
2019-10-22 10:00:00+00:00,0.02917111595707667,0.900000000000091
2019-10-22 11:00:00+00:00,0.03271256015922283,0.7999999999999545
2019-10-22 12:00:00+00:00,0.03607693215126169,1.1000000000000227
2019-10-22 13:00:00+00:00,0.0392730855436986,1.7999999999999545
2019-10-22 14:00:00+00:00,0.07230943126651368,1.2000000000000455
2019-10-22 15:00:00+00:00,0.108693959703188,0.5
2019-10-22 16:00:00+00:00,0.1082592617180286,0.1999999999999318
2019-10-22 17:00:00+00:00,0.10784629863212718,0.10000000000002274
2019-10-22 18:00:00+00:00,0.10745398370052082,-0.1999999999999318
2019-10-22 19:00:00+00:00,0.10708128451549478,-0.10000000000002274
2019-10-22 20:00:00+00:00,0.10672722028972005,0.10000000000002274
2019-10-22 21:00:00+00:00,0.10139085927523404,-0.0
2019-10-22 22:00:00+00:00,0.10132131631147234,0.09999999999990905
2019-10-22 23:00:00+00:00,0.10125525049589873,-0.0
2019-10-23 00:00:00+00:00,0.09619248797110379,-1.5
2019-10-23 01:00:00+00:00,0.0913828635725486,-0.6999999999999318
2019-10-23 02:00:00+00:00,0.08681372039392117,-0.5
2019-10-23 03:00:00+00:00,0.08247303437422511,-0.6000000000000227
2019-10-23 04:00:00+00:00,0.07834938265551385,-0.8999999999999773
2019-10-23 05:00:00+00:00,0.07943191352273815,-1.2000000000000455
2019-10-23 06:00:00+00:00,0.10546031784660126,-1.2999999999999545
2019-10-23 07:00:00+00:00,0.1051873019542712,-1.5
2019-10-23 08:00:00+00:00,0.09992793685655764,-1.2000000000000455
2019-10-23 09:00:00+00:00,0.09493154001372975,-0.6000000000000227
2019-10-23 10:00:00+00:00,0.09018496301304325,-0.39999999999997726
2019-10-23 11:00:00+00:00,0.08567571486239109,-0.5
2019-10-23 12:00:00+00:00,0.08139192911927152,-0.2999999999999545
2019-10-23 13:00:00+00:00,0.07732233266330794,-0.10000000000002274
2019-10-23 14:00:00+00:00,0.07345621603014255,0.2999999999999545
2019-10-23 15:00:00+00:00,0.06978340522863541,0.20000000000004547
2019-10-23 16:00:00+00:00,0.06629423496720363,0.10000000000002274
2019-10-23 17:00:00+00:00,0.06297952321884344,-0.20000000000004547
2019-10-23 18:00:00+00:00,0.059830547057901265,-0.6000000000000227
2019-10-23 19:00:00+00:00,0.0568390197050062,-0.1999999999999318
2019-10-23 20:00:00+00:00,0.05399706871975588,0.39999999999997726
2019-10-23 21:00:00+00:00,0.051297215283768086,-0.10000000000002274
2019-10-23 22:00:00+00:00,0.048732354519579676,0.5
2019-10-23 23:00:00+00:00,0.051295736793600694,0.6000000000000227
2019-10-24 00:00:00+00:00,0.04873094995392065,0.7999999999999545
2019-10-24 01:00:00+00:00,0.04629440245622462,0.5
2019-10-24 02:00:00+00:00,0.04897968233341339,0.8000000000000682
2019-10-24 03:00:00+00:00,0.05153069821674272,0.6999999999999318
2019-10-24 04:00:00+00:00,0.05395416330590558,0.5
2019-10-24 05:00:00+00:00,0.0562564551406103,0.5
2019-10-24 06:00:00+00:00,0.053443632383579784,0.10000000000002274
2019-10-24 07:00:00+00:00,0.050771450764400795,-0.10000000000002274
2019-10-24 08:00:00+00:00,0.048232878226180755,-0.6999999999999318
2019-10-24 09:00:00+00:00,0.045821234314871714,-1.0
2019-10-24 10:00:00+00:00,0.04353017259912813,-0.6000000000000227
2019-10-24 11:00:00+00:00,0.04135366396917172,-0.2999999999999545
2019-10-24 12:00:00+00:00,0.03928598077071313,-0.20000000000004547
2019-10-24 13:00:00+00:00,0.037321681732177474,-0.20000000000004547
2019-10-24 14:00:00+00:00,0.0354555976455686,0.10000000000002274
2019-10-24 15:00:00+00:00,0.033682817763290164,-0.0
2019-10-24 16:00:00+00:00,0.031998676875125656,-0.10000000000002274
2019-10-24 17:00:00+00:00,0.03039874303136937,-0.1999999999999318
2019-10-24 18:00:00+00:00,0.028878805879800903,-0.39999999999997726
2019-10-24 19:00:00+00:00,0.027434865585810857,-0.20000000000004547
2019-10-24 20:00:00+00:00,0.026063122306520314,-0.10000000000002274
2019-10-24 21:00:00+00:00,0.024759966191194298,0.20000000000004547
2019-10-24 22:00:00+00:00,0.023521967881634583,-0.0
2019-10-24 23:00:00+00:00,0.022345869487552853,0.5
2019-10-25 00:00:00+00:00,0.02122857601317521,0.2999999999999545
2019-10-25 01:00:00+00:00,0.02016714721251645,0.20000000000004547
2019-10-25 02:00:00+00:00,0.019158789851890626,0.5
2019-10-25 03:00:00+00:00,0.018200850359296094,-0.0
2019-10-25 04:00:00+00:00,0.017290807841331288,-0.10000000000002274
2019-10-25 05:00:00+00:00,0.016426267449264724,-0.6000000000000227
2019-10-25 06:00:00+00:00,0.015604954076801488,-0.39999999999997726
2019-10-25 07:00:00+00:00,0.029824706372961418,-1.0
2019-10-25 08:00:00+00:00,0.03333347105431335,-1.5
2019-10-25 09:00:00+00:00,0.03166679750159768,-0.5
2019-10-25 10:00:00+00:00,0.03008345762651779,-0.2999999999999545
2019-10-25 11:00:00+00:00,0.028579284745191898,0.09999999999990905
2019-10-25 12:00:00+00:00,0.027150320507932302,-0.599999999999909
2019-10-25 13:00:00+00:00,0.025792804482535688,-0.10000000000002274
2019-10-25 14:00:00+00:00,0.024503164258408903,0.1999999999999318
2019-10-25 15:00:00+00:00,0.023278006045488457,0.10000000000002274
2019-10-25 16:00:00+00:00,0.022114105743214034,-0.39999999999997726
2019-10-25 17:00:00+00:00,0.02100840045605333,-0.20000000000004547
2019-10-25 18:00:00+00:00,0.019957980433250665,-0.2999999999999545
2019-10-25 19:00:00+00:00,0.018960081411588132,-0.5
2019-10-25 20:00:00+00:00,0.018012077341008726,-0.6000000000000227
2019-10-25 21:00:00+00:00,0.017111473473958288,-0.10000000000002274
2019-10-25 22:00:00+00:00,0.016255899800260373,-0.0
2019-10-25 23:00:00+00:00,0.015443104810247353,0.3000000000000682
2019-10-26 00:00:00+00:00,0.014670949569734984,0.1999999999999318
2019-10-26 01:00:00+00:00,0.013937402091248234,0.10000000000002274
2019-10-26 02:00:00+00:00,0.013240531986685821,1.0
2019-10-26 03:00:00+00:00,0.01257850538735153,0.6000000000000227
2019-10-26 04:00:00+00:00,0.011949580117983952,-0.10000000000002274
2019-10-26 05:00:00+00:00,0.011352101112084755,-0.10000000000002274
2019-10-26 06:00:00+00:00,0.010784496056480516,-0.2999999999999545
2019-10-26 07:00:00+00:00,0.01024527125365649,-0.6000000000000227
2019-10-26 08:00:00+00:00,0.009733007690973666,-0.8999999999999773
2019-10-26 09:00:00+00:00,0.009246357306424981,-0.2999999999999545
2019-10-26 10:00:00+00:00,0.008784039441103732,-0.5
2019-10-26 11:00:00+00:00,0.008344837469048546,-0.0
2019-10-26 12:00:00+00:00,0.007927595595596118,0.09999999999990905
2019-10-26 13:00:00+00:00,0.007531215815816312,0.10000000000002274
2019-10-26 14:00:00+00:00,0.007154655025025496,0.20000000000004547
2019-10-26 15:00:00+00:00,0.006796922273774221,0.10000000000002274
2019-10-26 16:00:00+00:00,0.006457076160085509,-0.0
2019-10-26 17:00:00+00:00,0.006134222352081233,-0.20000000000004547
2019-10-26 18:00:00+00:00,0.005827511234477171,-0.2999999999999545
2019-10-26 19:00:00+00:00,0.0055361356727533124,-0.40000000000009095
2019-10-26 20:00:00+00:00,0.005259328889115646,-0.5
2019-10-26 21:00:00+00:00,0.0049963624446598635,-0.1999999999999318
2019-10-26 22:00:00+00:00,0.00474654432242687,0.10000000000002274
2019-10-26 23:00:00+00:00,0.004509217106305526,0.1999999999999318
2019-10-27 00:00:00+00:00,0.00428375625099025,0.5
2019-10-27 01:00:00+00:00,0.004069568438440738,0.10000000000002274
2019-10-27 02:00:00+00:00,0.0038660900165187004,-0.0
2019-10-27 03:00:00+00:00,0.0036727855156927654,0.2999999999999545
2019-10-27 04:00:00+00:00,0.003489146239908127,-0.0
2019-10-27 05:00:00+00:00,0.0033146889279127207,-0.0
2019-10-27 06:00:00+00:00,0.0031489544815170847,-0.5
2019-10-27 07:00:00+00:00,0.0029915067574412305,-0.6999999999999318
2019-10-27 08:00:00+00:00,0.0028419314195691687,-0.8000000000000682
2019-10-27 09:00:00+00:00,0.00269983484859071,-0.39999999999997726
2019-10-27 10:00:00+00:00,0.0025648431061611747,-0.1999999999999318
2019-10-27 11:00:00+00:00,0.002436600950853116,0.09999999999990905
2019-10-27 12:00:00+00:00,0.00231477090331046,0.20000000000004547
2019-10-27 13:00:00+00:00,0.002199032358144937,0.2999999999999545
2019-10-27 14:00:00+00:00,0.00208908074023769,0.5
2019-10-27 15:00:00+00:00,0.001984626703225805,0.20000000000004547
2019-10-27 16:00:00+00:00,0.0018853953680645146,-0.20000000000004547
2019-10-27 17:00:00+00:00,0.001791125599661289,-0.1999999999999318
2019-10-27 18:00:00+00:00,0.0017015693196782244,-0.39999999999997726
2019-10-27 19:00:00+00:00,0.001616490853694313,-0.5
2019-10-27 20:00:00+00:00,0.0015356663110095974,-0.40000000000009095
2019-10-27 21:00:00+00:00,0.0014588829954591174,-0.09999999999990905
2019-10-27 22:00:00+00:00,0.0013859388456861615,-0.0
2019-10-27 23:00:00+00:00,0.0013166419034018534,0.39999999999997726
2019-10-28 00:00:00+00:00,0.0012508098082317607,0.6999999999999318
2019-10-28 01:00:00+00:00,0.0011882693178201726,0.20000000000004547
2019-10-28 02:00:00+00:00,0.001128855851929164,0.7000000000000455
2019-10-28 03:00:00+00:00,0.0010724130593327058,0.599999999999909
2019-10-28 04:00:00+00:00,0.0010187924063660705,0.10000000000002274
2019-10-28 05:00:00+00:00,0.0009678527860477669,0.3000000000000682
2019-10-28 06:00:00+00:00,0.0009194601467453785,-0.20000000000004547
2019-10-28 07:00:00+00:00,0.0008734871394081096,-0.2999999999999545
2019-10-28 08:00:00+00:00,0.000829812782437704,-0.10000000000002274
2019-10-28 09:00:00+00:00,0.0007883221433158188,-0.3000000000000682
2019-10-28 10:00:00+00:00,0.0007489060361500278,0.3000000000000682
2019-10-28 11:00:00+00:00,0.0007114607343425264,0.39999999999997726
2019-10-28 12:00:00+00:00,0.0006758876976254001,0.39999999999997726
2019-10-28 13:00:00+00:00,0.00064209331274413,0.5
2019-10-28 14:00:00+00:00,0.0006099886471069235,0.7000000000000455
2019-10-28 15:00:00+00:00,0.0005794892147515773,0.1999999999999318
2019-10-28 16:00:00+00:00,0.0005505147540139984,-0.09999999999990905
2019-10-28 17:00:00+00:00,0.0005229890163132984,-0.0
2019-10-28 18:00:00+00:00,0.0004968395654976335,-0.3000000000000682
2019-10-28 19:00:00+00:00,0.015471997587222754,-0.39999999999997726
2019-10-28 20:00:00+00:00,0.029698397707861618,-0.10000000000002274
2019-10-28 21:00:00+00:00,0.03821347782246853,-0.10000000000002274
2019-10-28 22:00:00+00:00,0.061302803931345115,0.40000000000009095
2019-10-28 23:00:00+00:00,0.06823766373477785,0.2999999999999545
2019-10-29 00:00:00+00:00,0.06982578054803897,0.7999999999999545
2019-10-29 01:00:00+00:00,0.06633449152063702,0.40000000000009095
2019-10-29 02:00:00+00:00,0.06301776694460516,1.0
2019-10-29 03:00:00+00:00,0.0598668785973749,1.0
2019-10-29 04:00:00+00:00,0.05687353466750615,0.2999999999999545
2019-10-29 05:00:00+00:00,0.05402985793413084,-0.20000000000004547
2019-10-29 06:00:00+00:00,0.0513283650374243,-0.09999999999990905
2019-10-29 07:00:00+00:00,0.04876194678555308,-0.20000000000004547
2019-10-29 08:00:00+00:00,0.04632384944627543,-0.5
2019-10-29 09:00:00+00:00,0.044007656973961654,-0.20000000000004547
2019-10-29 10:00:00+00:00,0.04180727412526357,0.10000000000002274
2019-10-29 11:00:00+00:00,0.03971691041900039,-0.1999999999999318
2019-10-29 12:00:00+00:00,0.03773106489805037,0.39999999999997726
2019-10-29 13:00:00+00:00,0.03584451165314785,0.1999999999999318
2019-10-29 14:00:00+00:00,0.034052286070490455,0.10000000000002274
2019-10-29 15:00:00+00:00,0.03234967176696593,0.3000000000000682
2019-10-29 16:00:00+00:00,0.030732188178617635,0.1999999999999318
2019-10-29 17:00:00+00:00,0.02919557876968675,-0.10000000000002274
2019-10-29 18:00:00+00:00,0.027735799831202414,-0.39999999999997726
2019-10-29 19:00:00+00:00,0.026349009839642293,-0.6999999999999318
2019-10-29 20:00:00+00:00,0.025031559347660177,-0.6000000000000227
2019-10-29 21:00:00+00:00,0.023779981380277166,-0.5
2019-10-29 22:00:00+00:00,0.022590982311263306,0.2999999999999545
2019-10-29 23:00:00+00:00,0.02146143319570014,-0.10000000000002274
2019-10-30 00:00:00+00:00,0.020388361535915132,0.3000000000000682
2019-10-30 01:00:00+00:00,0.019368943459119374,0.5
2019-10-30 02:00:00+00:00,0.018400496286163404,0.6000000000000227
2019-10-30 03:00:00+00:00,0.017480471471855233,1.0
2019-10-30 04:00:00+00:00,0.01660644789826247,0.5
2019-10-30 05:00:00+00:00,0.015776125503349347,-0.0
2019-10-30 06:00:00+00:00,0.014987319228181879,-0.3000000000000682
2019-10-30 07:00:00+00:00,0.014237953266772784,-0.5
2019-10-30 08:00:00+00:00,0.013526055603434143,-0.5
2019-10-30 09:00:00+00:00,0.012849752823262436,-0.2999999999999545
2019-10-30 10:00:00+00:00,0.012207265182099313,-0.20000000000004547
2019-10-30 11:00:00+00:00,0.011596901922994347,0.39999999999997726
2019-10-30 12:00:00+00:00,0.01101705682684463,0.5
2019-10-30 13:00:00+00:00,0.010466203985502399,0.20000000000004547
2019-10-30 14:00:00+00:00,0.009942893786227279,0.39999999999997726
2019-10-30 15:00:00+00:00,0.009445749096915914,0.10000000000002274
2019-10-30 16:00:00+00:00,0.008973461642070118,-0.10000000000002274
2019-10-30 17:00:00+00:00,0.008524788559966611,-0.39999999999997726
2019-10-30 18:00:00+00:00,0.00809854913196828,-1.2999999999999545
2019-10-30 19:00:00+00:00,0.007693621675369865,-0.8000000000000682
2019-10-30 20:00:00+00:00,0.007308940591601372,-0.39999999999997726
2019-10-30 21:00:00+00:00,0.006943493562021303,-0.39999999999997726
2019-10-30 22:00:00+00:00,0.006596318883920238,-0.20000000000004547
2019-10-30 23:00:00+00:00,0.006266502939724226,-0.0
2019-10-31 00:00:00+00:00,0.005953177792738014,0.5
2019-10-31 01:00:00+00:00,0.005655518903101113,0.20000000000004547
2019-10-31 02:00:00+00:00,0.005372742957946057,0.5
2019-10-31 03:00:00+00:00,0.005104105810048754,0.2999999999999545
2019-10-31 04:00:00+00:00,0.004848900519546316,-0.0
2019-10-31 05:00:00+00:00,0.0046064554935690005,0.3000000000000682
2019-10-31 06:00:00+00:00,0.00437613271889055,-0.20000000000004547
2019-10-31 07:00:00+00:00,0.004157326082946023,-0.2999999999999545
2019-10-31 08:00:00+00:00,0.0039494597787987215,-0.8000000000000682
2019-10-31 09:00:00+00:00,0.0037519867898587853,0.10000000000002274
2019-10-31 10:00:00+00:00,0.0035643874503658458,0.2999999999999545
2019-10-31 11:00:00+00:00,0.0033861680778475532,0.3000000000000682
2019-10-31 12:00:00+00:00,0.0032168596739551754,0.7999999999999545
2019-10-31 13:00:00+00:00,0.0030560166902574163,0.3000000000000682
2019-10-31 14:00:00+00:00,0.0029032158557445453,-0.10000000000002274
2019-10-31 15:00:00+00:00,0.002758055062957318,0.10000000000002274
2019-10-31 16:00:00+00:00,0.0026201523098094517,-0.20000000000004547
2019-10-31 17:00:00+00:00,0.002489144694318979,-0.6000000000000227
2019-10-31 18:00:00+00:00,0.00236468745960303,-0.6999999999999318
2019-10-31 19:00:00+00:00,0.0022464530866228784,-0.5
2019-10-31 20:00:00+00:00,0.0021341304322917342,-0.7000000000000455
2019-10-31 21:00:00+00:00,0.0020274239106771474,-0.39999999999997726
2019-10-31 22:00:00+00:00,0.00192605271514329,-0.3000000000000682
2019-10-31 23:00:00+00:00,0.0018297500793861255,-0.0
2019-11-01 00:00:00+00:00,0.0017382625754168192,-0.09999999999990905
2019-11-01 01:00:00+00:00,0.001651349446645978,0.5
2019-11-01 02:00:00+00:00,0.0015687819743136792,0.1999999999999318
2019-11-01 03:00:00+00:00,0.0014903428755979951,0.8000000000000682
2019-11-01 04:00:00+00:00,0.0014158257318180954,0.5
2019-11-01 05:00:00+00:00,0.0013450344452271906,0.2999999999999545
2019-11-01 06:00:00+00:00,0.001277782722965831,-0.5
2019-11-01 07:00:00+00:00,0.0012138935868175394,-0.5
2019-11-01 08:00:00+00:00,0.0011531989074766624,-1.0
2019-11-01 09:00:00+00:00,0.0010955389621028293,-0.7000000000000455
2019-11-01 10:00:00+00:00,0.006040762013997688,-0.2999999999999545
2019-11-01 11:00:00+00:00,0.005738723913297804,-0.7999999999999545
2019-11-01 12:00:00+00:00,0.005451787717632914,-0.40000000000009095
2019-11-01 13:00:00+00:00,0.005179198331751267,-0.2999999999999545
2019-11-01 14:00:00+00:00,0.004920238415163704,-0.10000000000002274
2019-11-01 15:00:00+00:00,0.004674226494405518,-0.0
2019-11-01 16:00:00+00:00,0.004440515169685242,-0.2999999999999545
2019-11-01 17:00:00+00:00,0.00421848941120098,-0.5
2019-11-01 18:00:00+00:00,0.0040075649406409305,-0.8000000000000682
2019-11-01 19:00:00+00:00,0.0038071866936088836,-0.7999999999999545
2019-11-01 20:00:00+00:00,0.0036168273589284395,-0.5
2019-11-01 21:00:00+00:00,0.0034359859909820173,-0.2999999999999545
2019-11-01 22:00:00+00:00,0.003264186691432916,-0.6000000000000227
2019-11-01 23:00:00+00:00,0.00310097735686127,0.1999999999999318
2019-11-02 00:00:00+00:00,0.0029459284890182066,-0.09999999999990905
2019-11-02 01:00:00+00:00,0.002798632064567296,-0.10000000000002274
2019-11-02 02:00:00+00:00,0.002658700461338931,-0.0
2019-11-02 03:00:00+00:00,0.0025257654382719844,0.5
2019-11-02 04:00:00+00:00,0.002399477166358385,0.1999999999999318
2019-11-02 05:00:00+00:00,0.0022795033080404655,0.10000000000002274
2019-11-02 06:00:00+00:00,0.002165528142638442,-0.2999999999999545
2019-11-02 07:00:00+00:00,0.00205725173550652,-0.5
2019-11-02 08:00:00+00:00,0.0019543891487311935,-0.8000000000000682
2019-11-02 09:00:00+00:00,0.0018566696912946338,-0.09999999999990905
2019-11-02 10:00:00+00:00,0.001763836206729902,-0.20000000000004547
2019-11-02 11:00:00+00:00,0.0016756443963934068,-0.0
2019-11-02 12:00:00+00:00,0.0015918621765737364,-0.20000000000004547
2019-11-02 13:00:00+00:00,0.0015122690677450495,-0.09999999999990905
2019-11-02 14:00:00+00:00,0.0014366556143577968,0.1999999999999318
2019-11-02 15:00:00+00:00,0.001364822833639907,-0.10000000000002274
2019-11-02 16:00:00+00:00,0.0012965816919579115,-0.0
2019-11-02 17:00:00+00:00,0.0012317526073600158,-0.0
2019-11-02 18:00:00+00:00,0.0011701649769920149,-0.1999999999999318
2019-11-02 19:00:00+00:00,0.0011116567281424141,-0.3000000000000682
2019-11-02 20:00:00+00:00,0.0010560738917352933,-0.1999999999999318
2019-11-02 21:00:00+00:00,0.0010032701971485285,0.10000000000002274
2019-11-02 22:00:00+00:00,0.0009531066872911021,0.09999999999990905
2019-11-02 23:00:00+00:00,0.000905451352926547,0.40000000000009095
2019-11-03 00:00:00+00:00,0.0008601787852802196,-0.0
2019-11-03 01:00:00+00:00,0.0008171698460162086,0.599999999999909
2019-11-03 02:00:00+00:00,0.0007763113537153981,0.5
2019-11-03 03:00:00+00:00,0.0007374957860296282,0.5
2019-11-03 04:00:00+00:00,0.0007006209967281467,0.3000000000000682
2019-11-03 05:00:00+00:00,0.0006655899468917393,0.1999999999999318
2019-11-03 06:00:00+00:00,0.0006323104495471524,-0.1999999999999318
2019-11-03 07:00:00+00:00,0.0006006949270697948,-0.20000000000004547
2019-11-03 08:00:00+00:00,0.000570660180716305,-0.6000000000000227
2019-11-03 09:00:00+00:00,0.0005421271716804898,-0.39999999999997726
2019-11-03 10:00:00+00:00,0.0005150208130964653,0.20000000000004547
2019-11-03 11:00:00+00:00,0.000489269772441642,-0.10000000000002274
2019-11-03 12:00:00+00:00,0.0004648062838195599,-0.5
2019-11-03 13:00:00+00:00,0.00044156596962858184,0.20000000000004547
2019-11-03 14:00:00+00:00,0.00041948767114715274,0.2999999999999545
2019-11-03 15:00:00+00:00,0.0003985132875897951,0.10000000000002274
2019-11-03 16:00:00+00:00,0.00037858762321030536,0.2999999999999545
2019-11-03 17:00:00+00:00,0.00035965824204979005,-0.10000000000002274
2019-11-03 18:00:00+00:00,0.00034167532994730054,-0.2999999999999545
2019-11-03 19:00:00+00:00,0.0003245915634499355,-0.10000000000002274
2019-11-03 20:00:00+00:00,0.00030836198527743874,-0.0
2019-11-03 21:00:00+00:00,0.00029294388601356676,0.20000000000004547
2019-11-03 22:00:00+00:00,0.0002782966917128884,0.2999999999999545
2019-11-03 23:00:00+00:00,0.00026438185712724397,0.5
2019-11-04 00:00:00+00:00,0.00025116276427088175,0.6000000000000227
2019-11-04 01:00:00+00:00,0.00023860462605733765,0.39999999999997726
2019-11-04 02:00:00+00:00,0.00022667439475447076,0.6000000000000227
2019-11-04 03:00:00+00:00,0.0002153406750167472,0.8999999999999773
2019-11-04 04:00:00+00:00,0.00020457364126590983,0.6000000000000227
2019-11-04 05:00:00+00:00,0.00019434495920261433,0.39999999999997726
2019-11-04 06:00:00+00:00,0.00018462771124248362,-0.0
2019-11-04 07:00:00+00:00,0.00017539632568035942,-0.1999999999999318
2019-11-04 08:00:00+00:00,0.00016662650939634145,-0.3000000000000682
2019-11-04 09:00:00+00:00,0.00015829518392652438,-0.1999999999999318
2019-11-04 10:00:00+00:00,0.00015038042473019815,0.1999999999999318
2019-11-04 11:00:00+00:00,0.00014286140349368824,0.10000000000002274
2019-11-04 12:00:00+00:00,0.00013571833331900383,0.20000000000004547
2019-11-04 13:00:00+00:00,0.00012893241665305364,0.39999999999997726
2019-11-04 14:00:00+00:00,0.00012248579582040096,0.6000000000000227
2019-11-04 15:00:00+00:00,0.0001163615060293809,0.1999999999999318
2019-11-04 16:00:00+00:00,0.00011054343072791186,0.20000000000004547
2019-11-04 17:00:00+00:00,0.00010501625919151627,-0.10000000000002274
2019-11-04 18:00:00+00:00,9.976544623194045e-05,-0.39999999999997726
2019-11-04 19:00:00+00:00,9.477717392034342e-05,-0.10000000000002274
2019-11-04 20:00:00+00:00,9.003831522432625e-05,0.20000000000004547
2019-11-04 21:00:00+00:00,8.553639946310993e-05,0.1999999999999318
2019-11-04 22:00:00+00:00,8.125957948995444e-05,0.20000000000004547
2019-11-04 23:00:00+00:00,7.719660051545671e-05,0.2999999999999545
2019-11-05 00:00:00+00:00,7.333677048968387e-05,0.5
2019-11-05 01:00:00+00:00,6.966993196519967e-05,0.39999999999997726
2019-11-05 02:00:00+00:00,6.618643536693969e-05,0.6000000000000227
2019-11-05 03:00:00+00:00,6.28771135985927e-05,0.5
2019-11-05 04:00:00+00:00,5.973325791866307e-05,0.10000000000002274
2019-11-05 05:00:00+00:00,5.6746595022729915e-05,0.10000000000002274
2019-11-05 06:00:00+00:00,5.390926527159342e-05,-0.5
2019-11-05 07:00:00+00:00,5.1213802008013744e-05,-0.20000000000004547
2019-11-05 08:00:00+00:00,4.8653111907613056e-05,-0.6000000000000227
2019-11-05 09:00:00+00:00,4.62204563122324e-05,-0.1999999999999318
2019-11-05 10:00:00+00:00,4.390943349662078e-05,0.1999999999999318
2019-11-05 11:00:00+00:00,4.171396182178974e-05,-0.09999999999990905
2019-11-05 12:00:00+00:00,3.962826373070025e-05,0.39999999999997726
2019-11-05 13:00:00+00:00,3.7646850544165235e-05,0.6999999999999318
2019-11-05 14:00:00+00:00,3.576450801695697e-05,0.20000000000004547
2019-11-05 15:00:00+00:00,3.397628261610912e-05,0.10000000000002274
2019-11-05 16:00:00+00:00,3.227746848530366e-05,-0.39999999999997726
2019-11-05 17:00:00+00:00,3.066359506103848e-05,-0.5
2019-11-05 18:00:00+00:00,2.9130415307986552e-05,-0.6000000000000227
2019-11-05 19:00:00+00:00,2.7673894542587222e-05,-0.10000000000002274
2019-11-05 20:00:00+00:00,2.6290199815457858e-05,-0.5
2019-11-05 21:00:00+00:00,2.4975689824684964e-05,-0.0
2019-11-05 22:00:00+00:00,2.3726905333450713e-05,-0.2999999999999545
2019-11-05 23:00:00+00:00,2.2540560066778176e-05,-0.0
2019-11-06 00:00:00+00:00,2.1413532063439266e-05,-0.10000000000002274
2019-11-06 01:00:00+00:00,2.0342855460267304e-05,0.2999999999999545
2019-11-06 02:00:00+00:00,1.9325712687253937e-05,0.20000000000004547
2019-11-06 03:00:00+00:00,1.835942705289124e-05,0.39999999999997726
2019-11-06 04:00:00+00:00,1.7441455700246677e-05,-0.10000000000002274
2019-11-06 05:00:00+00:00,1.656938291523434e-05,-0.0
2019-11-06 06:00:00+00:00,1.5740913769472623e-05,-0.2999999999999545
2019-11-06 07:00:00+00:00,1.4953868080998991e-05,-0.7000000000000455
2019-11-06 08:00:00+00:00,1.4206174676949042e-05,-0.39999999999997726
2019-11-06 09:00:00+00:00,1.349586594310159e-05,-0.0
2019-11-06 10:00:00+00:00,1.2821072645946509e-05,-0.0
2019-11-06 11:00:00+00:00,1.2180019013649183e-05,-0.2999999999999545
2019-11-06 12:00:00+00:00,1.1571018062966722e-05,-0.3000000000000682
2019-11-06 13:00:00+00:00,1.0992467159818386e-05,0.10000000000002274
2019-11-06 14:00:00+00:00,1.0442843801827467e-05,-0.0
2019-11-06 15:00:00+00:00,9.920701611736093e-06,-0.20000000000004547
2019-11-06 16:00:00+00:00,9.424666531149287e-06,-0.0
2019-11-06 17:00:00+00:00,8.953433204591823e-06,-0.1999999999999318
2019-11-06 18:00:00+00:00,8.505761544362231e-06,-0.0
2019-11-06 19:00:00+00:00,8.08047346714412e-06,-0.3000000000000682
2019-11-06 20:00:00+00:00,7.676449793786914e-06,-0.39999999999997726
2019-11-06 21:00:00+00:00,7.292627304097567e-06,-0.6000000000000227
2019-11-06 22:00:00+00:00,6.927995938892689e-06,-0.09999999999990905
2019-11-06 23:00:00+00:00,6.581596141948054e-06,0.09999999999990905
2019-11-07 00:00:00+00:00,6.252516334850651e-06,0.6000000000000227
2019-11-07 01:00:00+00:00,5.939890518108118e-06,-0.0
2019-11-07 02:00:00+00:00,5.642895992202712e-06,0.3000000000000682
2019-11-07 03:00:00+00:00,5.360751192592576e-06,0.39999999999997726
2019-11-07 04:00:00+00:00,5.092713632962947e-06,-0.0
2019-11-07 05:00:00+00:00,4.8380779513147994e-06,-0.0
2019-11-07 06:00:00+00:00,4.596174053749059e-06,-0.10000000000002274
2019-11-07 07:00:00+00:00,4.366365351061606e-06,-0.20000000000004547
2019-11-07 08:00:00+00:00,4.148047083508525e-06,-0.5
2019-11-07 09:00:00+00:00,3.940644729333099e-06,-0.39999999999997726
2019-11-07 10:00:00+00:00,3.743612492866444e-06,-0.10000000000002274
2019-11-07 11:00:00+00:00,3.5564318682231215e-06,-0.0
2019-11-07 12:00:00+00:00,3.3786102748119653e-06,-0.2999999999999545
2019-11-07 13:00:00+00:00,3.209679761071367e-06,0.39999999999997726
2019-11-07 14:00:00+00:00,3.0491957730177985e-06,0.3000000000000682
2019-11-07 15:00:00+00:00,2.8967359843669082e-06,0.09999999999990905
2019-11-07 16:00:00+00:00,2.7518991851485626e-06,-0.1999999999999318
2019-11-07 17:00:00+00:00,2.6143042258911342e-06,-0.20000000000004547
2019-11-07 18:00:00+00:00,2.4835890145965776e-06,-0.5
2019-11-07 19:00:00+00:00,2.3594095638667488e-06,-0.2999999999999545
2019-11-07 20:00:00+00:00,2.241439085673411e-06,-0.7000000000000455
2019-11-07 21:00:00+00:00,2.1293671313897404e-06,-0.1999999999999318
2019-11-07 22:00:00+00:00,2.0228987748202533e-06,0.09999999999990905
2019-11-07 23:00:00+00:00,1.9217538360792406e-06,0.40000000000009095
2019-11-08 00:00:00+00:00,1.8256661442752785e-06,0.7999999999999545
2019-11-08 01:00:00+00:00,1.7343828370615145e-06,0.10000000000002274
2019-11-08 02:00:00+00:00,1.6476636952084387e-06,0.2999999999999545
2019-11-08 03:00:00+00:00,1.5652805104480168e-06,0.6000000000000227
2019-11-08 04:00:00+00:00,1.4870164849256158e-06,-0.20000000000004547
2019-11-08 05:00:00+00:00,1.412665660679335e-06,0.20000000000004547
2019-11-08 06:00:00+00:00,1.3420323776453682e-06,-0.39999999999997726
2019-11-08 07:00:00+00:00,1.2749307587630997e-06,-0.5
2019-11-08 08:00:00+00:00,1.2111842208249445e-06,-0.8000000000000682
2019-11-08 09:00:00+00:00,1.1506250097836971e-06,-0.39999999999997726
2019-11-08 10:00:00+00:00,1.0930937592945122e-06,-0.1999999999999318
2019-11-08 11:00:00+00:00,1.0384390713297866e-06,0.39999999999997726
2019-11-08 12:00:00+00:00,9.865171177632973e-07,0.1999999999999318
2019-11-08 13:00:00+00:00,9.371912618751324e-07,0.3000000000000682
2019-11-08 14:00:00+00:00,8.903316987813757e-07,0.5
2019-11-08 15:00:00+00:00,0.005000845815113843,0.1999999999999318
2019-11-08 16:00:00+00:00,0.00475080352435815,-0.0
2019-11-08 17:00:00+00:00,0.004513263348140242,-0.2999999999999545
2019-11-08 18:00:00+00:00,0.00428760018073323,-0.20000000000004547
2019-11-08 19:00:00+00:00,0.004073220171696569,-0.1999999999999318
2019-11-08 20:00:00+00:00,0.0038695591631117405,-0.20000000000004547
2019-11-08 21:00:00+00:00,0.0036760812049561535,0.10000000000002274
2019-11-08 22:00:00+00:00,0.003492277144708346,0.2999999999999545
2019-11-08 23:00:00+00:00,0.0033176632874729285,0.5
2019-11-09 00:00:00+00:00,0.003151780123099282,0.6000000000000227
2019-11-09 01:00:00+00:00,0.0029941911169443177,0.5
2019-11-09 02:00:00+00:00,0.007844481561097103,0.6000000000000227
2019-11-09 03:00:00+00:00,0.01245225748304225,1.0
2019-11-09 04:00:00+00:00,0.011829644608890136,0.2999999999999545
2019-11-09 05:00:00+00:00,0.011238162378445628,0.3000000000000682
2019-11-09 06:00:00+00:00,0.010676254259523347,-0.0
2019-11-09 07:00:00+00:00,0.01514244154654718,-0.3000000000000682
2019-11-09 08:00:00+00:00,0.01938531946921982,-0.0
2019-11-09 09:00:00+00:00,0.018416053495758828,-0.0
2019-11-09 10:00:00+00:00,0.017495250820970885,0.5
2019-11-09 11:00:00+00:00,0.01662048827992234,0.7000000000000455
2019-11-09 12:00:00+00:00,0.015789463865926223,0.8999999999999773
2019-11-09 13:00:00+00:00,0.014999990672629911,1.0
2019-11-09 14:00:00+00:00,0.014249991138998415,0.8000000000000682
2019-11-09 15:00:00+00:00,0.018537491582048496,0.8999999999999773
2019-11-09 16:00:00+00:00,0.05761061700294608,1.1000000000000227
2019-11-09 17:00:00+00:00,0.11973008615279879,0.6999999999999318
2019-11-09 18:00:00+00:00,0.22874358184515886,0.5
2019-11-09 19:00:00+00:00,0.22730640275290093,0.20000000000004547
2019-11-09 20:00:00+00:00,0.2309410826152559,0.2999999999999545
2019-11-09 21:00:00+00:00,0.22939402848449308,0.10000000000002274
2019-11-09 22:00:00+00:00,0.22792432706026844,0.7999999999999545
2019-11-09 23:00:00+00:00,0.221528110707255,0.900000000000091
2019-11-10 00:00:00+00:00,0.21545170517189224,0.5
2019-11-10 01:00:00+00:00,0.21467911991329763,0.8999999999999773
2019-11-10 02:00:00+00:00,0.21394516391763274,0.6000000000000227
2019-11-10 03:00:00+00:00,0.23324790572175108,1.1999999999999318
2019-11-10 04:00:00+00:00,0.23658551043566353,0.8999999999999773
2019-11-10 05:00:00+00:00,0.23475623491388034,0.8000000000000682
2019-11-10 06:00:00+00:00,0.22801842316818632,0.10000000000002274
2019-11-10 07:00:00+00:00,0.216617502009777,-0.0
2019-11-10 08:00:00+00:00,0.22078662690928816,0.09999999999990905
2019-11-10 09:00:00+00:00,0.2797472955638237,0.40000000000009095
2019-11-10 10:00:00+00:00,0.40575993078563255,0.6999999999999318
2019-11-10 11:00:00+00:00,0.3854719342463509,1.3000000000000682
2019-11-10 12:00:00+00:00,0.37619833753403337,-0.20000000000004547
2019-11-10 13:00:00+00:00,0.3923884206573317,1.2999999999999545
2019-11-10 14:00:00+00:00,0.3877689996244651,0.8000000000000682
2019-11-10 15:00:00+00:00,0.3683805496432418,-0.20000000000004547
2019-11-10 16:00:00+00:00,0.3499615221610797,-0.6000000000000227
2019-11-10 17:00:00+00:00,0.3374634460530257,-0.599999999999909
2019-11-10 18:00:00+00:00,0.3205902737503744,-0.900000000000091
2019-11-10 19:00:00+00:00,0.30456076006285565,-0.7999999999999545
2019-11-10 20:00:00+00:00,0.28933272205971283,-0.6000000000000227
2019-11-10 21:00:00+00:00,0.2748660859567272,-0.5
2019-11-10 22:00:00+00:00,0.2611227816588908,-0.1999999999999318
2019-11-10 23:00:00+00:00,0.24806664257594624,-0.10000000000002274
2019-11-11 00:00:00+00:00,0.23566331044714892,0.39999999999997726
2019-11-11 01:00:00+00:00,0.22388014492479147,0.2999999999999545
2019-11-11 02:00:00+00:00,0.21268613767855188,0.5
2019-11-11 03:00:00+00:00,0.20205183079462427,0.5
2019-11-11 04:00:00+00:00,0.20194923925489305,0.20000000000004547
2019-11-11 05:00:00+00:00,0.21185177729214838,-0.0
2019-11-11 06:00:00+00:00,0.24625918842754096,-0.0
2019-11-11 07:00:00+00:00,0.32394622900616393,-0.5
2019-11-11 08:00:00+00:00,0.41274891755585574,-0.5
2019-11-11 09:00:00+00:00,0.4521114716780629,-0.10000000000002274
2019-11-11 10:00:00+00:00,0.45450589809415975,-0.0
2019-11-11 11:00:00+00:00,0.4467806031894518,-0.1999999999999318
2019-11-11 12:00:00+00:00,0.4294415730299792,-0.3000000000000682
2019-11-11 13:00:00+00:00,0.40796949437848024,-0.39999999999997726
2019-11-11 14:00:00+00:00,0.3875710196595562,-0.5
2019-11-11 15:00:00+00:00,0.3681924686765784,-0.6000000000000227
2019-11-11 16:00:00+00:00,0.34978284524274944,-0.7999999999999545
2019-11-11 17:00:00+00:00,0.33229370298061195,-0.8000000000000682
2019-11-11 18:00:00+00:00,0.3156790178315813,-1.1999999999999318
2019-11-11 19:00:00+00:00,0.29989506694000223,-0.8000000000000682
2019-11-11 20:00:00+00:00,0.2849003135930021,-0.6999999999999318
2019-11-11 21:00:00+00:00,0.27065529791335197,-0.6000000000000227
2019-11-11 22:00:00+00:00,0.25712253301768434,-0.2999999999999545
2019-11-11 23:00:00+00:00,0.2442664063668001,-0.3000000000000682
2019-11-12 00:00:00+00:00,0.2320530860484601,-0.0
2019-11-12 01:00:00+00:00,0.22045043174603707,-0.10000000000002274
2019-11-12 02:00:00+00:00,0.20942791015873521,-0.1999999999999318
2019-11-12 03:00:00+00:00,0.21395651465079846,-0.10000000000002274
2019-11-12 04:00:00+00:00,0.20825868891825852,-0.20000000000004547
2019-11-12 05:00:00+00:00,0.1978457544723456,-0.6999999999999318
2019-11-12 06:00:00+00:00,0.18795346674872832,-0.8999999999999773
2019-11-12 07:00:00+00:00,0.1885557934112919,-0.6000000000000227
2019-11-12 08:00:00+00:00,0.1791280037407273,-0.5
2019-11-12 09:00:00+00:00,0.17017160355369093,-0.6000000000000227
2019-11-12 10:00:00+00:00,0.16166302337600638,-0.39999999999997726
2019-11-12 11:00:00+00:00,0.15357987220720606,-0.10000000000002274
2019-11-12 12:00:00+00:00,0.14590087859684575,-0.2999999999999545
2019-11-12 13:00:00+00:00,0.14360583466700347,-0.20000000000004547
2019-11-12 14:00:00+00:00,0.13642554293365328,0.10000000000002274
2019-11-12 15:00:00+00:00,0.1296042657869706,0.1999999999999318
2019-11-12 16:00:00+00:00,0.12312405249762207,-0.1999999999999318
2019-11-12 17:00:00+00:00,0.11696784987274096,-0.3000000000000682
2019-11-12 18:00:00+00:00,0.1111194573791039,-0.599999999999909
2019-11-12 19:00:00+00:00,0.1055634845101487,-0.3000000000000682
2019-11-12 20:00:00+00:00,0.10028531028464126,-0.0
2019-11-12 21:00:00+00:00,0.0952710447704092,-0.1999999999999318
2019-11-12 22:00:00+00:00,0.09050749253188874,0.09999999999990905
2019-11-12 23:00:00+00:00,0.0859821179052943,0.3000000000000682
2019-11-13 00:00:00+00:00,0.08168301201002957,0.39999999999997726
2019-11-13 01:00:00+00:00,0.0775988614095281,0.2999999999999545
2019-11-13 02:00:00+00:00,0.07371891833905168,0.10000000000002274
2019-11-13 03:00:00+00:00,0.07003297242209909,0.5
2019-11-13 04:00:00+00:00,0.06653132380099414,0.20000000000004547
2019-11-13 05:00:00+00:00,0.06320475761094442,0.10000000000002274
2019-11-13 06:00:00+00:00,0.0600445197303972,-0.10000000000002274
2019-11-13 07:00:00+00:00,0.057042293743877336,-0.20000000000004547
2019-11-13 08:00:00+00:00,0.05419017905668347,-0.10000000000002274
2019-11-13 09:00:00+00:00,0.05148067010384929,-0.0
2019-11-13 10:00:00+00:00,0.04890663659865682,0.20000000000004547
2019-11-13 11:00:00+00:00,0.046461304768723975,0.6000000000000227
2019-11-13 12:00:00+00:00,0.044138239530287775,0.6999999999999318
2019-11-13 13:00:00+00:00,0.041931327553773386,0.3000000000000682
2019-11-13 14:00:00+00:00,0.03983476117608471,0.7999999999999545
2019-11-13 15:00:00+00:00,0.03784302311728047,0.5
2019-11-13 16:00:00+00:00,0.03595087196141645,0.5
2019-11-13 17:00:00+00:00,0.03415332836334563,0.39999999999997726
2019-11-13 18:00:00+00:00,0.05744566194517835,-0.2999999999999545
2019-11-13 19:00:00+00:00,0.05457337884791943,0.10000000000002274
2019-11-13 20:00:00+00:00,0.06684470990552346,0.1999999999999318
2019-11-13 21:00:00+00:00,0.1435024744102473,0.20000000000004547
2019-11-13 22:00:00+00:00,0.19632735068973495,0.6000000000000227
2019-11-13 23:00:00+00:00,0.2115109831552482,0.39999999999997726
2019-11-14 00:00:00+00:00,0.21093543399748577,0.20000000000004547
2019-11-14 01:00:00+00:00,0.20038866229761146,-0.0
2019-11-14 02:00:00+00:00,0.1903692291827309,0.1999999999999318
2019-11-14 03:00:00+00:00,0.18085076772359435,0.39999999999997726
2019-11-14 04:00:00+00:00,0.17180822933741463,0.20000000000004547
2019-11-14 05:00:00+00:00,0.1632178178705439,0.10000000000002274
2019-11-14 06:00:00+00:00,0.1550569269770167,-0.5
2019-11-14 07:00:00+00:00,0.14730408062816586,-0.20000000000004547
2019-11-14 08:00:00+00:00,0.13993887659675755,-0.6999999999999318
2019-11-14 09:00:00+00:00,0.13294193276691968,-0.6000000000000227
2019-11-14 10:00:00+00:00,0.1262948361285737,0.10000000000002274
2019-11-14 11:00:00+00:00,0.11998009432214501,0.09999999999990905
2019-11-14 12:00:00+00:00,0.11898108960603776,0.5
2019-11-14 13:00:00+00:00,0.11303203512573587,-0.0
2019-11-14 14:00:00+00:00,0.10738043336944907,-0.1999999999999318
2019-11-14 15:00:00+00:00,0.1020114117009766,-0.3000000000000682
2019-11-14 16:00:00+00:00,0.09691084111592776,-0.599999999999909
2019-11-14 17:00:00+00:00,0.09206529906013138,-0.6000000000000227
2019-11-14 18:00:00+00:00,0.0874620341071248,-0.8000000000000682
2019-11-14 19:00:00+00:00,0.08308893240176855,-0.7999999999999545
2019-11-14 20:00:00+00:00,0.07893448578168012,-0.5
2019-11-14 21:00:00+00:00,0.07498776149259612,-0.2999999999999545
2019-11-14 22:00:00+00:00,0.07123837341796631,-0.20000000000004547
2019-11-14 23:00:00+00:00,0.06767645474706799,-0.39999999999997726
2019-11-15 00:00:00+00:00,0.06429263200971458,0.1999999999999318
2019-11-15 01:00:00+00:00,0.061078000409228846,-0.2999999999999545
2019-11-15 02:00:00+00:00,0.0580241003887674,0.10000000000002274
2019-11-15 03:00:00+00:00,0.05512289536932903,-0.0
2019-11-15 04:00:00+00:00,0.05236675060086258,-0.3000000000000682
2019-11-15 05:00:00+00:00,0.049748413070819446,-0.599999999999909
2019-11-15 06:00:00+00:00,0.04726099241727847,-0.5
2019-11-15 07:00:00+00:00,0.04489794279641454,-0.6000000000000227
2019-11-15 08:00:00+00:00,0.042653045656593815,-1.3999999999999773
2019-11-15 09:00:00+00:00,0.04052039337376412,-0.8000000000000682
2019-11-15 10:00:00+00:00,0.03849437370507591,-0.39999999999997726
2019-11-15 11:00:00+00:00,0.036569655019822116,-0.5
2019-11-15 12:00:00+00:00,0.03474117226883101,0.20000000000004547
2019-11-15 13:00:00+00:00,0.03300411365538945,-0.10000000000002274
2019-11-15 14:00:00+00:00,0.03135390797261998,0.10000000000002274
2019-11-15 15:00:00+00:00,0.029786212573988977,-0.40000000000009095
2019-11-15 16:00:00+00:00,0.028296901945289527,-0.39999999999997726
2019-11-15 17:00:00+00:00,0.026882056848025047,-0.5
2019-11-15 18:00:00+00:00,0.025537954005623795,-0.8999999999999773
2019-11-15 19:00:00+00:00,0.024261056305342605,-0.5
2019-11-15 20:00:00+00:00,0.023048003490075474,-0.2999999999999545
2019-11-15 21:00:00+00:00,0.0218956033155717,-0.0
2019-11-15 22:00:00+00:00,0.020800823149793115,-0.0
2019-11-15 23:00:00+00:00,0.01976078199230346,0.1999999999999318
2019-11-16 00:00:00+00:00,0.018772742892688286,0.5
2019-11-16 01:00:00+00:00,0.01783410574805387,-0.0
2019-11-16 02:00:00+00:00,0.016942400460651177,0.5
2019-11-16 03:00:00+00:00,0.01609528043761862,0.6000000000000227
2019-11-16 04:00:00+00:00,0.015290516415737686,0.20000000000004547
2019-11-16 05:00:00+00:00,0.014525990594950801,-0.20000000000004547
2019-11-16 06:00:00+00:00,0.01379969106520326,-0.39999999999997726
2019-11-16 07:00:00+00:00,0.013109706511943096,-0.5
2019-11-16 08:00:00+00:00,0.01245422118634594,-0.7000000000000455
2019-11-16 09:00:00+00:00,0.011831510127028643,-0.2999999999999545
2019-11-16 10:00:00+00:00,0.01123993462067721,-0.0
2019-11-16 11:00:00+00:00,0.010677937889643349,-0.10000000000002274
2019-11-16 12:00:00+00:00,0.010144040995161181,0.5
2019-11-16 13:00:00+00:00,0.009636838945403122,-0.0
2019-11-16 14:00:00+00:00,0.009154996998132965,-0.0
2019-11-16 15:00:00+00:00,0.008697247148226317,0.10000000000002274
2019-11-16 16:00:00+00:00,0.008262384790815,-0.5
2019-11-16 17:00:00+00:00,0.00784926555127425,-0.0
2019-11-16 18:00:00+00:00,0.007456802273710537,-0.3000000000000682
2019-11-16 19:00:00+00:00,0.00708396216002501,-0.2999999999999545
2019-11-16 20:00:00+00:00,0.006729764052023759,-0.2999999999999545
2019-11-16 21:00:00+00:00,0.006393275849422571,-0.3000000000000682
2019-11-16 22:00:00+00:00,0.006073612056951442,0.39999999999997726
2019-11-16 23:00:00+00:00,0.00576993145410387,0.20000000000004547
2019-11-17 00:00:00+00:00,0.005481434881398676,1.0
2019-11-17 01:00:00+00:00,0.005207363137328742,0.6000000000000227
2019-11-17 02:00:00+00:00,0.004946994980462305,0.6000000000000227
2019-11-17 03:00:00+00:00,0.0046996452314391896,0.5
2019-11-17 04:00:00+00:00,0.00446466296986723,0.6999999999999318
2019-11-17 05:00:00+00:00,0.004241429821373869,0.39999999999997726
2019-11-17 06:00:00+00:00,0.004029358330305175,0.20000000000004547
2019-11-17 07:00:00+00:00,0.003827890413789916,-0.2999999999999545
2019-11-17 08:00:00+00:00,0.00363649589310042,-0.20000000000004547
2019-11-17 09:00:00+00:00,0.003454671098445399,0.10000000000002274
2019-11-17 10:00:00+00:00,0.003281937543523129,0.2999999999999545
2019-11-17 11:00:00+00:00,0.003117840666346972,0.3000000000000682
2019-11-17 12:00:00+00:00,0.02796194863302963,0.39999999999997726
2019-11-17 13:00:00+00:00,0.03156385120137815,0.6000000000000227
2019-11-17 14:00:00+00:00,0.03498565864130924,0.7999999999999545
2019-11-17 15:00:00+00:00,0.03323637570924377,0.39999999999997726
2019-11-17 16:00:00+00:00,0.03157455692378158,0.10000000000002274
2019-11-17 17:00:00+00:00,0.029995829077592503,0.20000000000004547
2019-11-17 18:00:00+00:00,0.02849603762371288,-0.10000000000002274
2019-11-17 19:00:00+00:00,0.027071235742527233,-0.10000000000002274
2019-11-17 20:00:00+00:00,0.02571767395540087,0.10000000000002274
2019-11-17 21:00:00+00:00,0.029431790257630826,0.39999999999997726
2019-11-17 22:00:00+00:00,0.027960200744749284,0.5
2019-11-17 23:00:00+00:00,0.02656219070751182,0.10000000000002274
2019-11-18 00:00:00+00:00,0.025234081172136227,1.3999999999999773
2019-11-18 01:00:00+00:00,0.023972377113529415,0.5
2019-11-18 02:00:00+00:00,0.022773758257852942,0.10000000000002274
2019-11-18 03:00:00+00:00,0.04163507034496029,0.39999999999997726
2019-11-18 04:00:00+00:00,0.06955331682771229,-0.0
2019-11-18 05:00:00+00:00,0.06607565098632667,-0.20000000000004547
2019-11-18 06:00:00+00:00,0.06277186843701034,-0.5
2019-11-18 07:00:00+00:00,0.05963327501515982,-0.6999999999999318
2019-11-18 08:00:00+00:00,0.056651611264401824,-0.8000000000000682
2019-11-18 09:00:00+00:00,0.05381903070118173,-0.5
2019-11-18 10:00:00+00:00,0.05612807916612264,-0.09999999999990905
2019-11-18 11:00:00+00:00,0.06332167520781651,-0.10000000000002274
2019-11-18 12:00:00+00:00,0.08015559144742568,0.39999999999997726
2019-11-18 13:00:00+00:00,0.1011478118750544,0.10000000000002274
2019-11-18 14:00:00+00:00,0.12609042128130168,0.2999999999999545
2019-11-18 15:00:00+00:00,0.1347859002172366,0.39999999999997726
2019-11-18 16:00:00+00:00,0.12804660520637476,-0.0
2019-11-18 17:00:00+00:00,0.12164427494605601,-0.5
2019-11-18 18:00:00+00:00,0.1155620611987532,-0.1999999999999318
2019-11-18 19:00:00+00:00,0.10978395813881554,-0.5
2019-11-18 20:00:00+00:00,0.10429476023187476,-0.20000000000004547
2019-11-18 21:00:00+00:00,0.09908002222028102,-0.10000000000002274
2019-11-18 22:00:00+00:00,0.09412602110926696,0.3000000000000682
2019-11-18 23:00:00+00:00,0.08941972005380361,0.5
2019-11-19 00:00:00+00:00,0.08494873405111343,0.5
2019-11-19 01:00:00+00:00,0.08070129734855776,-0.0
2019-11-19 02:00:00+00:00,0.07666623248112986,0.39999999999997726
2019-11-19 03:00:00+00:00,0.07283292085707337,0.7000000000000455
2019-11-19 04:00:00+00:00,0.06919127481421969,0.2999999999999545
2019-11-19 05:00:00+00:00,0.0657317110735087,-0.10000000000002274
2019-11-19 06:00:00+00:00,0.06244512551983326,-0.10000000000002274
2019-11-19 07:00:00+00:00,0.05932286924384159,-0.5
2019-11-19 08:00:00+00:00,0.05635672578164951,-0.39999999999997726
2019-11-19 09:00:00+00:00,0.053538889492567035,-0.2999999999999545
2019-11-19 10:00:00+00:00,0.050861945017938684,-0.3000000000000682
2019-11-19 11:00:00+00:00,0.04831884776704175,-0.0
2019-11-19 12:00:00+00:00,0.04590290537868966,0.3000000000000682
2019-11-19 13:00:00+00:00,0.04360776010975517,0.1999999999999318
2019-11-19 14:00:00+00:00,0.04142737210426741,0.3000000000000682
2019-11-19 15:00:00+00:00,0.03935600349905404,0.2999999999999545
2019-11-19 16:00:00+00:00,0.03738820332410134,-0.0
2019-11-19 17:00:00+00:00,0.03551879315789627,-0.1999999999999318
2019-11-19 18:00:00+00:00,0.03374285350000146,-0.10000000000002274
2019-11-19 19:00:00+00:00,0.03205571082500139,-0.3000000000000682
2019-11-19 20:00:00+00:00,0.030452925283751316,-0.1999999999999318
2019-11-19 21:00:00+00:00,0.02893027901956375,-0.0
2019-11-19 22:00:00+00:00,0.02748376506858556,-0.0
2019-11-19 23:00:00+00:00,0.02610957681515628,-0.10000000000002274
2019-11-20 00:00:00+00:00,0.024804097974398465,0.39999999999997726
2019-11-20 01:00:00+00:00,0.023563893075678542,0.39999999999997726
2019-11-20 02:00:00+00:00,0.022385698421894615,0.40000000000009095
2019-11-20 03:00:00+00:00,0.021266413500799882,0.39999999999997726
2019-11-20 04:00:00+00:00,0.020203092825759886,0.1999999999999318
2019-11-20 05:00:00+00:00,0.019192938184471892,-0.0
2019-11-20 06:00:00+00:00,0.0182332912752483,-0.599999999999909
2019-11-20 07:00:00+00:00,0.017321626711485884,-0.7000000000000455
2019-11-20 08:00:00+00:00,0.01645554537591159,-0.6000000000000227
2019-11-20 09:00:00+00:00,0.01563276810711601,-0.6999999999999318
2019-11-20 10:00:00+00:00,0.014851129701760208,-0.10000000000002274
2019-11-20 11:00:00+00:00,0.014108573216672197,-0.0
2019-11-20 12:00:00+00:00,0.013403144555838586,0.10000000000002274
2019-11-20 13:00:00+00:00,0.012732987328046655,0.09999999999990905
2019-11-20 14:00:00+00:00,0.012096337961644322,0.20000000000004547
2019-11-20 15:00:00+00:00,0.011491521063562105,-0.20000000000004547
2019-11-20 16:00:00+00:00,0.010916945010383998,-0.2999999999999545
2019-11-20 17:00:00+00:00,0.010371097759864797,-0.7000000000000455
2019-11-20 18:00:00+00:00,0.009852542871871556,-1.099999999999909
2019-11-20 19:00:00+00:00,0.009359915728277978,-1.0
2019-11-20 20:00:00+00:00,0.008891919941864078,-0.6000000000000227
2019-11-20 21:00:00+00:00,0.008447323944770874,-0.20000000000004547
2019-11-20 22:00:00+00:00,0.00802495774753233,-0.1999999999999318
2019-11-20 23:00:00+00:00,0.007623709860155713,-0.10000000000002274
2019-11-21 00:00:00+00:00,0.007242524367147928,-0.10000000000002274
2019-11-21 01:00:00+00:00,0.006880398148790531,-0.10000000000002274
2019-11-21 02:00:00+00:00,0.006536378241351004,-0.0
2019-11-21 03:00:00+00:00,0.006209559329283454,0.10000000000002274
2019-11-21 04:00:00+00:00,0.005899081362819281,-0.39999999999997726
2019-11-21 05:00:00+00:00,0.005604127294678317,-0.3000000000000682
2019-11-21 06:00:00+00:00,0.005323920929944401,-0.5
2019-11-21 07:00:00+00:00,0.005057724883447181,-0.7999999999999545
2019-11-21 08:00:00+00:00,0.004804838639274822,-0.6000000000000227
2019-11-21 09:00:00+00:00,0.004564596707311081,-1.0
2019-11-21 10:00:00+00:00,0.0043363668719455266,0.10000000000002274
2019-11-21 11:00:00+00:00,0.00411954852834825,-0.20000000000004547
2019-11-21 12:00:00+00:00,0.003913571101930837,0.20000000000004547
2019-11-21 13:00:00+00:00,0.0037178925468342953,0.10000000000002274
2019-11-21 14:00:00+00:00,0.0035319979194925804,0.39999999999997726
2019-11-21 15:00:00+00:00,0.0033553980235179514,0.10000000000002274
2019-11-21 16:00:00+00:00,0.0031876281223420537,-0.20000000000004547
2019-11-21 17:00:00+00:00,0.003028246716224951,-0.6999999999999318
2019-11-21 18:00:00+00:00,0.002876834380413703,-0.10000000000002274
2019-11-21 19:00:00+00:00,0.0027329926613930177,-0.39999999999997726
2019-11-21 20:00:00+00:00,0.0025963430283233667,-0.10000000000002274
2019-11-21 21:00:00+00:00,0.002466525876907198,0.10000000000002274
2019-11-21 22:00:00+00:00,0.002343199583061838,0.39999999999997726
2019-11-21 23:00:00+00:00,0.0022260396039087463,0.5
2019-11-22 00:00:00+00:00,0.002114737623713309,0.8999999999999773
2019-11-22 01:00:00+00:00,0.0020090007425276435,0.2999999999999545
2019-11-22 02:00:00+00:00,0.0019085507054012612,1.1000000000000227
2019-11-22 03:00:00+00:00,0.001813123170131198,0.6000000000000227
2019-11-22 04:00:00+00:00,0.001722467011624638,0.2999999999999545
2019-11-22 05:00:00+00:00,0.001636343661043406,0.6000000000000227
2019-11-22 06:00:00+00:00,0.0015545264779912357,-0.8999999999999773
2019-11-22 07:00:00+00:00,0.0014768001540916738,-0.8999999999999773
2019-11-22 08:00:00+00:00,0.00140296014638709,-0.5
2019-11-22 09:00:00+00:00,0.0013328121390677355,-0.10000000000002274
2019-11-22 10:00:00+00:00,0.0012661715321143486,0.20000000000004547
2019-11-22 11:00:00+00:00,0.001202862955508631,0.09999999999990905
2019-11-22 12:00:00+00:00,0.0011427198077331995,0.3000000000000682
2019-11-22 13:00:00+00:00,0.0010855838173465394,0.6000000000000227
2019-11-22 14:00:00+00:00,0.0010313046264792123,0.5
2019-11-22 15:00:00+00:00,0.0009797393951552517,0.2999999999999545
2019-11-22 16:00:00+00:00,0.0009307524253974891,0.39999999999997726
2019-11-22 17:00:00+00:00,0.0008842148041276147,-0.0
2019-11-22 18:00:00+00:00,0.0008400040639212339,0.10000000000002274
2019-11-22 19:00:00+00:00,0.0007980038607251722,0.39999999999997726
2019-11-22 20:00:00+00:00,0.0007581036676889135,0.3000000000000682
2019-11-22 21:00:00+00:00,0.0007201984843044678,0.2999999999999545
2019-11-22 22:00:00+00:00,0.0006841885600892444,0.10000000000002274
2019-11-22 23:00:00+00:00,0.0006499791320847821,0.2999999999999545
2019-11-23 00:00:00+00:00,0.000617480175480543,-0.39999999999997726
2019-11-23 01:00:00+00:00,0.0005866061667065158,0.20000000000004547
2019-11-23 02:00:00+00:00,0.00055727585837119,0.39999999999997726
2019-11-23 03:00:00+00:00,0.0005294120654526304,0.10000000000002274
2019-11-23 04:00:00+00:00,0.0005029414621799989,0.1999999999999318
2019-11-23 05:00:00+00:00,0.00047779438907099897,-0.0
2019-11-23 06:00:00+00:00,0.000453904669617449,-0.1999999999999318
2019-11-23 07:00:00+00:00,0.0004312094361365765,-0.5
2019-11-23 08:00:00+00:00,0.00040964896432974765,-0.7000000000000455
2019-11-23 09:00:00+00:00,0.00038916651611326024,-0.5
2019-11-23 10:00:00+00:00,0.0003697081903075972,-0.0
2019-11-23 11:00:00+00:00,0.00035122278079221733,0.10000000000002274
2019-11-23 12:00:00+00:00,0.0003336616417526065,0.10000000000002274
2019-11-23 13:00:00+00:00,0.00031697855966497613,0.2999999999999545
2019-11-23 14:00:00+00:00,0.0003011296316817273,0.6000000000000227
2019-11-23 15:00:00+00:00,0.00028607315009764094,0.39999999999997726
2019-11-23 16:00:00+00:00,0.0002717694925927589,0.10000000000002274
2019-11-23 17:00:00+00:00,0.0002581810179631209,-0.0
2019-11-23 18:00:00+00:00,0.00024527196706496487,-0.0
2019-11-23 19:00:00+00:00,0.0002330083687117166,-0.5
2019-11-23 20:00:00+00:00,0.00022135795027613078,-0.0
2019-11-23 21:00:00+00:00,0.00021029005276232423,0.1999999999999318
2019-11-23 22:00:00+00:00,0.000199775550124208,0.20000000000004547
2019-11-23 23:00:00+00:00,0.0001897867726179976,-0.0
2019-11-24 00:00:00+00:00,0.00018029743398709772,0.39999999999997726
2019-11-24 01:00:00+00:00,0.00017128256228774282,0.5
2019-11-24 02:00:00+00:00,0.00016271843417335567,0.5
2019-11-24 03:00:00+00:00,0.00015458251246468788,0.8000000000000682
2019-11-24 04:00:00+00:00,0.00014685338684145347,0.6999999999999318
2019-11-24 05:00:00+00:00,0.0001395107174993808,0.3000000000000682
2019-11-24 06:00:00+00:00,0.00013253518162441175,-0.0
2019-11-24 07:00:00+00:00,0.00012590842254319115,-0.3000000000000682
2019-11-24 08:00:00+00:00,0.0001196130014160316,-0.2999999999999545
2019-11-24 09:00:00+00:00,0.00011363235134523001,-0.0
2019-11-24 10:00:00+00:00,0.0001079507337779685,0.10000000000002274
2019-11-24 11:00:00+00:00,0.00010255319708907007,0.2999999999999545
2019-11-24 12:00:00+00:00,9.742553723461656e-05,0.10000000000002274
2019-11-24 13:00:00+00:00,9.255426037288572e-05,0.1999999999999318
2019-11-24 14:00:00+00:00,8.792654735424144e-05,0.20000000000004547
2019-11-24 15:00:00+00:00,8.353021998652937e-05,0.39999999999997726
2019-11-24 16:00:00+00:00,7.93537089872029e-05,-0.10000000000002274
2019-11-24 17:00:00+00:00,7.538602353784275e-05,-0.599999999999909
2019-11-24 18:00:00+00:00,7.161672236095061e-05,-0.40000000000009095
2019-11-24 19:00:00+00:00,6.803588624290307e-05,-0.39999999999997726
2019-11-24 20:00:00+00:00,6.463409193075792e-05,-0.6000000000000227
2019-11-24 21:00:00+00:00,6.140238733422002e-05,-0.39999999999997726
2019-11-24 22:00:00+00:00,5.833226796750901e-05,-0.5
2019-11-24 23:00:00+00:00,5.541565456913356e-05,-0.2999999999999545
2019-11-25 00:00:00+00:00,5.264487184067688e-05,-0.0
2019-11-25 01:00:00+00:00,5.001262824864304e-05,-0.10000000000002274
2019-11-25 02:00:00+00:00,4.7511996836210886e-05,0.2999999999999545
2019-11-25 03:00:00+00:00,4.513639699440034e-05,0.10000000000002274
2019-11-25 04:00:00+00:00,4.287957714468032e-05,-0.0
2019-11-25 05:00:00+00:00,4.07355982874463e-05,-0.2999999999999545
2019-11-25 06:00:00+00:00,3.869881837307399e-05,-0.8000000000000682
2019-11-25 07:00:00+00:00,3.676387745442029e-05,-0.8999999999999773
2019-11-25 08:00:00+00:00,3.492568358169927e-05,-0.7999999999999545
2019-11-25 09:00:00+00:00,3.31793994026143e-05,-0.39999999999997726
2019-11-25 10:00:00+00:00,3.152042943248359e-05,-0.10000000000002274
2019-11-25 11:00:00+00:00,2.9944407960859406e-05,0.1999999999999318
2019-11-25 12:00:00+00:00,2.8447187562816434e-05,-0.1999999999999318
2019-11-25 13:00:00+00:00,2.702482818467561e-05,-0.0
2019-11-25 14:00:00+00:00,2.567358677544183e-05,-0.0
2019-11-25 15:00:00+00:00,2.4389907436669737e-05,0.1999999999999318
2019-11-25 16:00:00+00:00,2.317041206483625e-05,-0.1999999999999318
2019-11-25 17:00:00+00:00,2.2011891461594437e-05,-0.3000000000000682
2019-11-25 18:00:00+00:00,2.0911296888514715e-05,-0.39999999999997726
2019-11-25 19:00:00+00:00,1.986573204408898e-05,-0.5
2019-11-25 20:00:00+00:00,1.8872445441884528e-05,-0.5
2019-11-25 21:00:00+00:00,1.7928823169790302e-05,-0.2999999999999545
2019-11-25 22:00:00+00:00,1.7032382011300785e-05,-0.10000000000002274
2019-11-25 23:00:00+00:00,1.6180762910735746e-05,0.10000000000002274
2019-11-26 00:00:00+00:00,1.537172476519896e-05,0.2999999999999545
2019-11-26 01:00:00+00:00,1.460313852693901e-05,0.20000000000004547
2019-11-26 02:00:00+00:00,1.387298160059206e-05,0.39999999999997726
2019-11-26 03:00:00+00:00,1.3179332520562455e-05,0.6000000000000227
2019-11-26 04:00:00+00:00,1.2520365894534332e-05,0.10000000000002274
2019-11-26 05:00:00+00:00,1.1894347599807614e-05,-0.0
2019-11-26 06:00:00+00:00,1.1299630219817233e-05,-0.20000000000004547
2019-11-26 07:00:00+00:00,1.0734648708826371e-05,-0.39999999999997726
2019-11-26 08:00:00+00:00,1.0197916273385052e-05,-0.5
2019-11-26 09:00:00+00:00,9.6880204597158e-06,-0.3000000000000682
2019-11-26 10:00:00+00:00,9.20361943673001e-06,0.3000000000000682
2019-11-26 11:00:00+00:00,8.743438464893509e-06,-0.0
2019-11-26 12:00:00+00:00,8.306266541648832e-06,0.39999999999997726
2019-11-26 13:00:00+00:00,7.890953214566391e-06,0.20000000000004547
2019-11-26 14:00:00+00:00,7.4964055538380705e-06,0.5
2019-11-26 15:00:00+00:00,7.121585276146167e-06,0.1999999999999318
2019-11-26 16:00:00+00:00,6.765506012338858e-06,-0.10000000000002274
2019-11-26 17:00:00+00:00,6.4272307117219145e-06,-0.2999999999999545
2019-11-26 18:00:00+00:00,6.105869176135819e-06,-0.39999999999997726
2019-11-26 19:00:00+00:00,5.800575717329027e-06,-0.10000000000002274
2019-11-26 20:00:00+00:00,5.510546931462576e-06,-0.20000000000004547
2019-11-26 21:00:00+00:00,5.235019584889447e-06,-0.0
2019-11-26 22:00:00+00:00,4.973268605644975e-06,0.20000000000004547
2019-11-26 23:00:00+00:00,4.724605175362726e-06,-0.0
2019-11-27 00:00:00+00:00,4.488374916594589e-06,0.2999999999999545
2019-11-27 01:00:00+00:00,4.26395617076486e-06,-0.0
2019-11-27 02:00:00+00:00,4.050758362226617e-06,0.6000000000000227
2019-11-27 03:00:00+00:00,3.848220444115285e-06,0.6000000000000227
2019-11-27 04:00:00+00:00,3.6558094219095207e-06,0.2999999999999545
2019-11-27 05:00:00+00:00,3.4730189508140444e-06,0.20000000000004547
2019-11-27 06:00:00+00:00,3.299368003273342e-06,-0.39999999999997726
2019-11-27 07:00:00+00:00,3.1343996031096746e-06,-0.5
2019-11-27 08:00:00+00:00,2.977679622954191e-06,-0.3000000000000682
2019-11-27 09:00:00+00:00,2.8287956418064813e-06,-0.6999999999999318
2019-11-27 10:00:00+00:00,2.687355859716157e-06,0.1999999999999318
2019-11-27 11:00:00+00:00,2.552988066730349e-06,-0.09999999999990905
2019-11-27 12:00:00+00:00,2.4253386633938314e-06,1.0
2019-11-27 13:00:00+00:00,2.3040717302241396e-06,-0.10000000000002274
2019-11-27 14:00:00+00:00,2.1888681437129325e-06,0.6000000000000227
2019-11-27 15:00:00+00:00,2.079424736527286e-06,0.1999999999999318
2019-11-27 16:00:00+00:00,1.9754534997009214e-06,-0.2999999999999545
2019-11-27 17:00:00+00:00,1.8766808247158753e-06,-0.8999999999999773
2019-11-27 18:00:00+00:00,1.7828467834800814e-06,-0.7000000000000455
2019-11-27 19:00:00+00:00,1.6937044443060773e-06,-0.5
2019-11-27 20:00:00+00:00,1.6090192220907734e-06,-0.0
2019-11-27 21:00:00+00:00,1.5285682609862347e-06,0.20000000000004547
2019-11-27 22:00:00+00:00,1.452139847936923e-06,0.1999999999999318
2019-11-27 23:00:00+00:00,1.3795328555400766e-06,-0.0
2019-11-28 00:00:00+00:00,1.3105562127630727e-06,0.5
2019-11-28 01:00:00+00:00,1.245028402124919e-06,-0.0
2019-11-28 02:00:00+00:00,1.182776982018673e-06,0.3000000000000682
2019-11-28 03:00:00+00:00,1.1236381329177392e-06,0.5
2019-11-28 04:00:00+00:00,1.0674562262718522e-06,0.2999999999999545
2019-11-28 05:00:00+00:00,1.0140834149582595e-06,0.10000000000002274
2019-11-28 06:00:00+00:00,9.633792442103465e-07,-0.10000000000002274
2019-11-28 07:00:00+00:00,9.152102819998291e-07,-0.10000000000002274
2019-11-28 08:00:00+00:00,8.694497678998376e-07,-0.10000000000002274
2019-11-28 09:00:00+00:00,8.259772795048457e-07,-0.6999999999999318
2019-11-28 10:00:00+00:00,7.846784155296034e-07,0.2999999999999545
2019-11-28 11:00:00+00:00,7.454444947531232e-07,-0.0
2019-11-28 12:00:00+00:00,7.08172270015467e-07,0.10000000000002274
2019-11-28 13:00:00+00:00,6.727636565146936e-07,0.10000000000002274
2019-11-28 14:00:00+00:00,6.391254736889588e-07,0.39999999999997726
2019-11-28 15:00:00+00:00,6.071692000045108e-07,0.20000000000004547
2019-11-28 16:00:00+00:00,5.768107400042853e-07,-0.20000000000004547
2019-11-28 17:00:00+00:00,0.005000547970203005,-0.20000000000004547
2019-11-28 18:00:00+00:00,0.009750520571692855,-0.2999999999999545
2019-11-28 19:00:00+00:00,0.014262994543108212,-0.39999999999997726
2019-11-28 20:00:00+00:00,0.0135498448159528,-0.39999999999997726
2019-11-28 21:00:00+00:00,0.01287235257515516,-0.20000000000004547
2019-11-28 22:00:00+00:00,0.012228734946397401,0.2999999999999545
2019-11-28 23:00:00+00:00,0.01161729819907753,-0.1999999999999318
2019-11-29 00:00:00+00:00,0.011036433289123654,0.5
2019-11-29 01:00:00+00:00,0.01048461162466747,0.10000000000002274
2019-11-29 02:00:00+00:00,0.009960381043434096,0.5
2019-11-29 03:00:00+00:00,0.00946236199126239,-0.0
2019-11-29 04:00:00+00:00,0.008989243891699271,-0.0
2019-11-29 05:00:00+00:00,0.008539781697114307,-0.10000000000002274
2019-11-29 06:00:00+00:00,0.008112792612258592,-0.3000000000000682
2019-11-29 07:00:00+00:00,0.0077071529816456616,-0.2999999999999545
2019-11-29 08:00:00+00:00,0.007321795332563378,-0.2999999999999545
2019-11-29 09:00:00+00:00,0.006955705565935209,-0.6000000000000227
2019-11-29 10:00:00+00:00,0.006607920287638448,-0.0
2019-11-29 11:00:00+00:00,0.0062775242732565255,-0.3000000000000682
2019-11-29 12:00:00+00:00,0.005963648059593699,-0.09999999999990905
2019-11-29 13:00:00+00:00,0.010665465656614016,0.1999999999999318
2019-11-29 14:00:00+00:00,0.010132192373783315,0.20000000000004547
2019-11-29 15:00:00+00:00,0.00962558275509415,0.39999999999997726
2019-11-29 16:00:00+00:00,0.009144303617339441,-0.0
2019-11-29 17:00:00+00:00,0.008687088436472468,-0.2999999999999545
2019-11-29 18:00:00+00:00,0.013252734014648845,-0.40000000000009095
2019-11-29 19:00:00+00:00,0.03759009731391641,-0.39999999999997726
2019-11-29 20:00:00+00:00,0.04571059244822059,-0.10000000000002274
2019-11-29 21:00:00+00:00,0.04842506282580955,0.10000000000002274
2019-11-29 22:00:00+00:00,0.04600380968451907,0.3000000000000682
2019-11-29 23:00:00+00:00,0.043703619200293115,0.2999999999999545
2019-11-30 00:00:00+00:00,0.041518438240278455,0.2999999999999545
2019-11-30 01:00:00+00:00,0.03944251632826453,0.10000000000002274
2019-11-30 02:00:00+00:00,0.037470390511851304,0.3000000000000682
2019-11-30 03:00:00+00:00,0.03559687098625874,0.1999999999999318
2019-11-30 04:00:00+00:00,0.0338170274369458,0.39999999999997726
2019-11-30 05:00:00+00:00,0.03212617606509851,-0.0
2019-11-30 06:00:00+00:00,0.03051986726184358,-0.09999999999990905
2019-11-30 07:00:00+00:00,0.0289938738987514,-0.20000000000004547
2019-11-30 08:00:00+00:00,0.02754418020381383,-0.5
2019-11-30 09:00:00+00:00,0.026166971193623136,-0.2999999999999545
2019-11-30 10:00:00+00:00,0.02485862263394198,0.09999999999990905
2019-11-30 11:00:00+00:00,0.02361569150224488,-0.0
2019-11-30 12:00:00+00:00,0.022434906927132632,0.5
2019-11-30 13:00:00+00:00,0.021313161580776,0.40000000000009095
2019-11-30 14:00:00+00:00,0.0252475035017372,0.1999999999999318
2019-11-30 15:00:00+00:00,0.02898512832665034,0.3000000000000682
2019-11-30 16:00:00+00:00,0.02753587191031782,-0.0
2019-11-30 17:00:00+00:00,0.03115907831480193,-0.20000000000004547
2019-11-30 18:00:00+00:00,0.034601124399061836,-0.20000000000004547
2019-11-30 19:00:00+00:00,0.032871068179108745,-0.09999999999990905
2019-11-30 20:00:00+00:00,0.031227514770153307,-0.20000000000004547
2019-11-30 21:00:00+00:00,0.029666139031645642,-0.0
2019-11-30 22:00:00+00:00,0.02818283208006336,0.20000000000004547
2019-11-30 23:00:00+00:00,0.02677369047606019,0.2999999999999545
2019-12-01 00:00:00+00:00,0.02543500595225718,0.6000000000000227
2019-12-01 01:00:00+00:00,0.02416325565464432,0.10000000000002274
2019-12-01 02:00:00+00:00,0.0229550928719121,0.599999999999909
2019-12-01 03:00:00+00:00,0.021807338228316497,0.3000000000000682
2019-12-01 04:00:00+00:00,0.02071697131690067,-0.39999999999997726
2019-12-01 05:00:00+00:00,0.019681122751055637,0.599999999999909
2019-12-01 06:00:00+00:00,0.018697066613502854,-0.1999999999999318
2019-12-01 07:00:00+00:00,0.01776221328282771,-0.6000000000000227
2019-12-01 08:00:00+00:00,0.016874102618686326,-0.2999999999999545
2019-12-01 09:00:00+00:00,0.02103039748775201,-0.5
2019-12-01 10:00:00+00:00,0.02497887761336441,0.1999999999999318
2019-12-01 11:00:00+00:00,0.02872993373269619,0.39999999999997726
2019-12-01 12:00:00+00:00,0.032293437046061385,0.7000000000000455
2019-12-01 13:00:00+00:00,0.035678765193758316,0.39999999999997726
2019-12-01 14:00:00+00:00,0.0338948269340704,0.7000000000000455
2019-12-01 15:00:00+00:00,0.03220008558736688,-0.0
2019-12-01 16:00:00+00:00,0.030590081307998535,0.39999999999997726
2019-12-01 17:00:00+00:00,0.029060577242598605,-0.5
2019-12-01 18:00:00+00:00,0.03260754838046867,-0.7000000000000455
2019-12-01 19:00:00+00:00,0.03597717096144523,-0.6999999999999318
2019-12-01 20:00:00+00:00,0.04417831241337297,-0.3000000000000682
2019-12-01 21:00:00+00:00,0.05196939679270433,-0.09999999999990905
2019-12-01 22:00:00+00:00,0.05437092695306911,0.2999999999999545
2019-12-01 23:00:00+00:00,0.05165238060541565,0.6000000000000227
2019-12-02 00:00:00+00:00,0.049069761575144866,0.1999999999999318
2019-12-02 01:00:00+00:00,0.04661627349638762,0.20000000000004547
2019-12-02 02:00:00+00:00,0.044285459821568236,0.2999999999999545
2019-12-02 03:00:00+00:00,0.04207118683048982,0.900000000000091
2019-12-02 04:00:00+00:00,0.039967627488965325,0.39999999999997726
2019-12-02 05:00:00+00:00,0.037969246114517054,0.1999999999999318
2019-12-02 06:00:00+00:00,0.0360707838087912,-0.2999999999999545
2019-12-02 07:00:00+00:00,0.03426724461835164,-0.6000000000000227
2019-12-02 08:00:00+00:00,0.032553882387434056,0.10000000000002274
2019-12-02 09:00:00+00:00,0.03092618826806235,-0.0
2019-12-02 10:00:00+00:00,0.02937987885465923,-0.10000000000002274
2019-12-02 11:00:00+00:00,0.027910884911926268,0.20000000000004547
2019-12-02 12:00:00+00:00,0.02651534066632995,0.6000000000000227
2019-12-02 13:00:00+00:00,0.025189573633013454,0.6999999999999318
2019-12-02 14:00:00+00:00,0.02393009495136278,0.8000000000000682
2019-12-02 15:00:00+00:00,0.02273359020379464,0.5
2019-12-02 16:00:00+00:00,0.021596910693604907,-0.10000000000002274
2019-12-02 17:00:00+00:00,0.02051706515892466,0.1999999999999318
2019-12-02 18:00:00+00:00,0.06449121190097844,0.10000000000002274
2019-12-02 19:00:00+00:00,0.11126665130592953,-0.2999999999999545
2019-12-02 20:00:00+00:00,0.11570331874063305,-0.20000000000004547
2019-12-02 21:00:00+00:00,0.1149181528036014,0.3000000000000682
2019-12-02 22:00:00+00:00,0.11417224516342134,0.6999999999999318
2019-12-02 23:00:00+00:00,0.10846363290525027,0.7000000000000455
2019-12-03 00:00:00+00:00,0.10304045125998774,1.6999999999999318
2019-12-03 01:00:00+00:00,0.09788842869698836,0.3000000000000682
2019-12-03 02:00:00+00:00,0.09299400726213894,0.6999999999999318
2019-12-03 03:00:00+00:00,0.08834430689903199,0.10000000000002274
2019-12-03 04:00:00+00:00,0.16392709155408042,-0.5
2019-12-03 05:00:00+00:00,0.17573073697637637,-0.1999999999999318
2019-12-03 06:00:00+00:00,0.16694420012755753,-0.6000000000000227
2019-12-03 07:00:00+00:00,0.15859699012117964,-0.8000000000000682
2019-12-03 08:00:00+00:00,0.15066714061512065,-0.599999999999909
2019-12-03 09:00:00+00:00,0.14313378358436463,-0.6000000000000227
2019-12-03 10:00:00+00:00,0.13597709440514638,-0.39999999999997726
2019-12-03 11:00:00+00:00,0.12917823968488906,-0.5
2019-12-03 12:00:00+00:00,0.1227193277006446,0.1999999999999318
2019-12-03 13:00:00+00:00,0.11658336131561237,-0.0
2019-12-03 14:00:00+00:00,0.11075419324983174,-0.0
2019-12-03 15:00:00+00:00,0.10521648358734015,0.20000000000004547
2019-12-03 16:00:00+00:00,0.09995565940797313,-0.7000000000000455
2019-12-03 17:00:00+00:00,0.09495787643757447,-0.39999999999997726
2019-12-03 18:00:00+00:00,0.09020998261569574,-0.39999999999997726
2019-12-03 19:00:00+00:00,0.08569948348491095,-0.6000000000000227
2019-12-03 20:00:00+00:00,0.0814145093106654,-0.2999999999999545
2019-12-03 21:00:00+00:00,0.07734378384513213,-0.0
2019-12-03 22:00:00+00:00,0.07347659465287552,0.1999999999999318
2019-12-03 23:00:00+00:00,0.06980276492023174,0.39999999999997726
2019-12-04 00:00:00+00:00,0.06631262667422015,1.0
2019-12-04 01:00:00+00:00,0.06299699534050913,0.3000000000000682
2019-12-04 02:00:00+00:00,0.059847145573483675,0.2999999999999545
2019-12-04 03:00:00+00:00,0.056854788294809486,0.5
2019-12-04 04:00:00+00:00,0.05401204888006901,0.10000000000002274
2019-12-04 05:00:00+00:00,0.051311446436065555,0.20000000000004547
2019-12-04 06:00:00+00:00,0.048745874114262275,-0.0
2019-12-04 07:00:00+00:00,0.04630858040854916,-0.5
2019-12-04 08:00:00+00:00,0.0439931513881217,-0.5
2019-12-04 09:00:00+00:00,0.04179349381871562,-0.20000000000004547
2019-12-04 10:00:00+00:00,0.03970381912777984,-0.0
2019-12-04 11:00:00+00:00,0.03771862817139084,-0.0
2019-12-04 12:00:00+00:00,0.035832696762821296,0.5
2019-12-04 13:00:00+00:00,0.03404106192468023,0.5
2019-12-04 14:00:00+00:00,0.03233900882844622,0.20000000000004547
2019-12-04 15:00:00+00:00,0.030722058387023906,0.09999999999990905
2019-12-04 16:00:00+00:00,0.02918595546767271,-0.09999999999990905
2019-12-04 17:00:00+00:00,0.027726657694289072,-0.5
2019-12-04 18:00:00+00:00,0.026340324809574617,-0.6000000000000227
2019-12-04 19:00:00+00:00,0.025023308569095886,-0.6000000000000227
2019-12-04 20:00:00+00:00,0.02377214314064109,-0.5
2019-12-04 21:00:00+00:00,0.022583535983609036,-0.10000000000002274
2019-12-04 22:00:00+00:00,0.021454359184428583,-0.1999999999999318
2019-12-04 23:00:00+00:00,0.020381641225207154,0.1999999999999318
2019-12-05 00:00:00+00:00,0.019362559163946795,0.20000000000004547
2019-12-05 01:00:00+00:00,0.018394431205749455,0.2999999999999545
2019-12-05 02:00:00+00:00,0.01747470964546198,0.39999999999997726
2019-12-05 03:00:00+00:00,0.01660097416318888,0.40000000000009095
2019-12-05 04:00:00+00:00,0.015770925455029436,0.1999999999999318
2019-12-05 05:00:00+00:00,0.014982379182277964,-0.10000000000002274
2019-12-05 06:00:00+00:00,0.014233260223164065,-0.39999999999997726
2019-12-05 07:00:00+00:00,0.01352159721200586,-0.6000000000000227
2019-12-05 08:00:00+00:00,0.012845517351405567,-0.599999999999909
2019-12-05 09:00:00+00:00,0.012203241483835288,-0.40000000000009095
2019-12-05 10:00:00+00:00,0.011593079409643523,0.10000000000002274
2019-12-05 11:00:00+00:00,0.011013425439161346,-0.0
2019-12-05 12:00:00+00:00,0.010462754167203278,0.20000000000004547
2019-12-05 13:00:00+00:00,0.009939616458843115,0.10000000000002274
2019-12-05 14:00:00+00:00,0.009442635635900958,-0.0
2019-12-05 15:00:00+00:00,0.00897050385410591,-0.20000000000004547
2019-12-05 16:00:00+00:00,0.008521978661400614,-0.39999999999997726
2019-12-05 17:00:00+00:00,0.008095879728330584,-0.6000000000000227
2019-12-05 18:00:00+00:00,0.007691085741914054,-0.5
2019-12-05 19:00:00+00:00,0.007306531454818351,-0.7000000000000455
2019-12-05 20:00:00+00:00,0.006941204882077433,-0.599999999999909
2019-12-05 21:00:00+00:00,0.006594144637973561,-0.10000000000002274
2019-12-05 22:00:00+00:00,0.006264437406074882,0.2999999999999545
2019-12-05 23:00:00+00:00,0.005951215535771138,0.20000000000004547
2019-12-06 00:00:00+00:00,0.005653654758982581,0.1999999999999318
2019-12-06 01:00:00+00:00,0.005370972021033452,0.10000000000002274
2019-12-06 02:00:00+00:00,0.0051024234199817785,0.20000000000004547
2019-12-06 03:00:00+00:00,0.004847302248982689,-0.0
2019-12-06 04:00:00+00:00,0.004604937136533554,0.10000000000002274
2019-12-06 05:00:00+00:00,0.004374690279706876,-0.10000000000002274
2019-12-06 06:00:00+00:00,0.004155955765721532,-0.3000000000000682
2019-12-06 07:00:00+00:00,0.003948157977435455,-0.7999999999999545
2019-12-06 08:00:00+00:00,0.003750750078563682,-0.2999999999999545
2019-12-06 09:00:00+00:00,0.003563212574635498,-0.5
2019-12-06 10:00:00+00:00,0.003385051945903723,-0.3000000000000682
2019-12-06 11:00:00+00:00,0.0032157993486085367,-0.0
2019-12-06 12:00:00+00:00,0.0030550093811781095,0.10000000000002274
2019-12-06 13:00:00+00:00,0.002902258912119204,-0.20000000000004547
2019-12-06 14:00:00+00:00,0.0027571459665132435,0.20000000000004547
2019-12-06 15:00:00+00:00,0.007619288668187582,-0.2999999999999545
2019-12-06 16:00:00+00:00,0.012238324234778202,-0.10000000000002274
2019-12-06 17:00:00+00:00,0.011626408023039292,-0.6000000000000227
2019-12-06 18:00:00+00:00,0.011045087621887327,-0.2999999999999545
2019-12-06 19:00:00+00:00,0.01049283324079296,-0.7000000000000455
2019-12-06 20:00:00+00:00,0.009968191578753312,-0.39999999999997726
2019-12-06 21:00:00+00:00,0.009469781999815645,-0.10000000000002274
2019-12-06 22:00:00+00:00,0.008996292899824863,0.2999999999999545
2019-12-06 23:00:00+00:00,0.00854647825483362,-0.0
2019-12-07 00:00:00+00:00,0.008119154342091938,0.5
2019-12-07 01:00:00+00:00,0.007713196624987341,0.10000000000002274
2019-12-07 02:00:00+00:00,0.007327536793737974,0.20000000000004547
2019-12-07 03:00:00+00:00,0.006961159954051075,0.5
2019-12-07 04:00:00+00:00,0.006613101956348521,0.10000000000002274
2019-12-07 05:00:00+00:00,0.006282446858531095,-0.10000000000002274
2019-12-07 06:00:00+00:00,0.00596832451560454,-0.6000000000000227
2019-12-07 07:00:00+00:00,0.0056699082898243125,-0.7999999999999545
2019-12-07 08:00:00+00:00,0.005386412875333097,-0.20000000000004547
2019-12-07 09:00:00+00:00,0.0051170922315664415,-0.39999999999997726
2019-12-07 10:00:00+00:00,0.004861237619988119,-0.0
2019-12-07 11:00:00+00:00,0.004618175738988713,-0.0
2019-12-07 12:00:00+00:00,0.004387266952039277,0.6000000000000227
2019-12-07 13:00:00+00:00,0.004167903604437313,0.6999999999999318
2019-12-07 14:00:00+00:00,0.003959508424215447,0.39999999999997726
2019-12-07 15:00:00+00:00,0.0037615330030046747,0.10000000000002274
2019-12-07 16:00:00+00:00,0.003573456352854441,-0.10000000000002274
2019-12-07 17:00:00+00:00,0.028394783535211722,-0.1999999999999318
2019-12-07 18:00:00+00:00,0.09197504435845115,-0.5
2019-12-07 19:00:00+00:00,0.24737629214052861,-0.5
2019-12-07 20:00:00+00:00,0.4250074775335022,-0.3000000000000682
2019-12-07 21:00:00+00:00,0.4887571036568271,0.40000000000009095
2019-12-07 22:00:00+00:00,0.4943192484739858,0.599999999999909
2019-12-07 23:00:00+00:00,0.5096032860502865,0.5
2019-12-08 00:00:00+00:00,0.4991231217477721,1.3000000000000682
2019-12-08 01:00:00+00:00,0.4741669656603835,0.1999999999999318
2019-12-08 02:00:00+00:00,0.4504586173773643,1.0
2019-12-08 03:00:00+00:00,0.42793568650849606,0.900000000000091
2019-12-08 04:00:00+00:00,0.40653890218307126,0.5
2019-12-08 05:00:00+00:00,0.3912119570739177,0.5
2019-12-08 06:00:00+00:00,0.3716513592202218,-0.20000000000004547
2019-12-08 07:00:00+00:00,0.3530687912592107,-0.39999999999997726
2019-12-08 08:00:00+00:00,0.33541535169625014,-0.20000000000004547
2019-12-08 09:00:00+00:00,0.31864458411143765,-0.1999999999999318
2019-12-08 10:00:00+00:00,0.30771235490586574,0.39999999999997726
2019-12-08 11:00:00+00:00,0.29732673716057245,0.2999999999999545
2019-12-08 12:00:00+00:00,0.2824604003025438,0.10000000000002274
2019-12-08 13:00:00+00:00,0.4133373802874166,0.39999999999997726
2019-12-08 14:00:00+00:00,0.5176705112730458,0.39999999999997726
2019-12-08 15:00:00+00:00,0.5567869857093934,0.6000000000000227
2019-12-08 16:00:00+00:00,0.5439476364239237,0.10000000000002274
2019-12-08 17:00:00+00:00,0.5167502546027275,-0.20000000000004547
2019-12-08 18:00:00+00:00,0.4909127418725911,-0.1999999999999318
2019-12-08 19:00:00+00:00,0.46636710477896154,-0.39999999999997726
2019-12-08 20:00:00+00:00,0.44304874954001344,-0.20000000000004547
2019-12-08 21:00:00+00:00,0.42089631206301276,-0.20000000000004547
2019-12-08 22:00:00+00:00,0.3998514964598621,-0.0
2019-12-08 23:00:00+00:00,0.379858921636869,0.20000000000004547
2019-12-09 00:00:00+00:00,0.36086597555502553,0.7000000000000455
2019-12-09 01:00:00+00:00,0.34282267677727424,0.7999999999999545
2019-12-09 02:00:00+00:00,0.3256815429384105,0.7000000000000455
2019-12-09 03:00:00+00:00,0.30939746579148997,0.39999999999997726
2019-12-09 04:00:00+00:00,0.29392759250191547,0.5
2019-12-09 05:00:00+00:00,0.2792312128768197,0.5
2019-12-09 06:00:00+00:00,0.26526965223297866,-0.39999999999997726
2019-12-09 07:00:00+00:00,0.2520061696213297,-0.7000000000000455
2019-12-09 08:00:00+00:00,0.23940586114026322,-0.6000000000000227
2019-12-09 09:00:00+00:00,0.22743556808325005,-0.1999999999999318
2019-12-09 10:00:00+00:00,0.21606378967908754,-0.6000000000000227
2019-12-09 11:00:00+00:00,0.20526060019513315,-0.39999999999997726
2019-12-09 12:00:00+00:00,0.19499757018537647,0.09999999999990905
2019-12-09 13:00:00+00:00,0.18524769167610763,0.20000000000004547
2019-12-09 14:00:00+00:00,0.17598530709230226,0.2999999999999545
2019-12-09 15:00:00+00:00,0.16718604173768714,-0.09999999999990905
2019-12-09 16:00:00+00:00,0.15882673965080277,-0.3000000000000682
2019-12-09 17:00:00+00:00,0.1508854026682626,-0.2999999999999545
2019-12-09 18:00:00+00:00,0.14334113253484948,-0.6000000000000227
2019-12-09 19:00:00+00:00,0.136174075908107,-0.2999999999999545
2019-12-09 20:00:00+00:00,0.12936537211270166,-0.5
2019-12-09 21:00:00+00:00,0.12289710350706658,-0.0
2019-12-09 22:00:00+00:00,0.11675224833171324,-0.0
2019-12-09 23:00:00+00:00,0.11091463591512758,0.1999999999999318
2019-12-10 00:00:00+00:00,0.10536890411937119,0.6000000000000227
2019-12-10 01:00:00+00:00,0.10010045891340263,0.2999999999999545
2019-12-10 02:00:00+00:00,0.0950954359677325,-0.09999999999990905
2019-12-10 03:00:00+00:00,0.09034066416934587,0.09999999999990905
2019-12-10 04:00:00+00:00,0.08582363096087857,-0.0
2019-12-10 05:00:00+00:00,0.08153244941283463,-0.0
2019-12-10 06:00:00+00:00,0.0774558269421929,-0.5
2019-12-10 07:00:00+00:00,0.07358303559508325,-0.09999999999990905
2019-12-10 08:00:00+00:00,0.06990388381532908,-0.20000000000004547
2019-12-10 09:00:00+00:00,0.06640868962456263,-0.10000000000002274
2019-12-10 10:00:00+00:00,0.06308825514333449,0.10000000000002274
2019-12-10 11:00:00+00:00,0.059933842386167765,0.7000000000000455
2019-12-10 12:00:00+00:00,0.056937150266859374,0.1999999999999318
2019-12-10 13:00:00+00:00,0.0540902927535164,0.39999999999997726
2019-12-10 14:00:00+00:00,0.05138577811584058,0.5
2019-12-10 15:00:00+00:00,0.048816489210048546,0.3000000000000682
2019-12-10 16:00:00+00:00,0.04637566474954612,-0.0
2019-12-10 17:00:00+00:00,0.04405688151206881,-0.10000000000002274
2019-12-10 18:00:00+00:00,0.04185403743646537,0.20000000000004547
2019-12-10 19:00:00+00:00,0.0397613355646421,-0.20000000000004547
2019-12-10 20:00:00+00:00,0.03777326878640999,-0.0
2019-12-10 21:00:00+00:00,0.03588460534708949,0.2999999999999545
2019-12-10 22:00:00+00:00,0.034090375079735016,0.6000000000000227
2019-12-10 23:00:00+00:00,0.032385856325748266,0.39999999999997726
2019-12-11 00:00:00+00:00,0.030766563509460852,0.6000000000000227
2019-12-11 01:00:00+00:00,0.029228235333987808,0.10000000000002274
2019-12-11 02:00:00+00:00,0.027766823567288417,0.39999999999997726
2019-12-11 03:00:00+00:00,0.026378482388923995,0.6000000000000227
2019-12-11 04:00:00+00:00,0.025059558269477793,0.2999999999999545
2019-12-11 05:00:00+00:00,0.023806580356003904,0.20000000000004547
2019-12-11 06:00:00+00:00,0.02261625133820371,-0.5
2019-12-11 07:00:00+00:00,0.02148543877129352,-0.5
2019-12-11 08:00:00+00:00,0.030411166832728848,-0.2999999999999545
2019-12-11 09:00:00+00:00,0.048890608491092405,-0.40000000000009095
2019-12-11 10:00:00+00:00,0.056446078066537786,-0.0
2019-12-11 11:00:00+00:00,0.0636237741632109,0.10000000000002274
2019-12-11 12:00:00+00:00,0.07044258545505036,-0.6999999999999318
2019-12-11 13:00:00+00:00,0.15192045618229785,0.2999999999999545
2019-12-11 14:00:00+00:00,0.19432443337318298,0.7000000000000455
2019-12-11 15:00:00+00:00,0.21460821170452382,0.1999999999999318
2019-12-11 16:00:00+00:00,0.22387780111929761,0.10000000000002274
2019-12-11 17:00:00+00:00,0.22268391106333274,0.10000000000002274
2019-12-11 18:00:00+00:00,0.2215497155101661,-0.20000000000004547
2019-12-11 19:00:00+00:00,0.2154722297346578,-0.39999999999997726
2019-12-11 20:00:00+00:00,0.2046986182479249,-0.39999999999997726
2019-12-11 21:00:00+00:00,0.19446368733552866,-0.0
2019-12-11 22:00:00+00:00,0.18474050296875222,-0.0
2019-12-11 23:00:00+00:00,0.1755034778203146,0.2999999999999545
2019-12-12 00:00:00+00:00,0.16672830392929888,0.3000000000000682
2019-12-12 01:00:00+00:00,0.15839188873283394,0.2999999999999545
2019-12-12 02:00:00+00:00,0.15047229429619224,0.2999999999999545
2019-12-12 03:00:00+00:00,0.14294867958138263,0.3000000000000682
2019-12-12 04:00:00+00:00,0.1358012456023135,0.10000000000002274
2019-12-12 05:00:00+00:00,0.1290111833221978,-0.10000000000002274
2019-12-12 06:00:00+00:00,0.1225606241560879,-0.39999999999997726
2019-12-12 07:00:00+00:00,0.1164325929482835,-0.40000000000009095
2019-12-12 08:00:00+00:00,0.11061096330086931,-0.5
2019-12-12 09:00:00+00:00,0.10508041513582583,-0.09999999999990905
2019-12-12 10:00:00+00:00,0.09982639437903454,0.5
2019-12-12 11:00:00+00:00,0.09483507466008281,-0.0
2019-12-12 12:00:00+00:00,0.09009332092707867,0.5
2019-12-12 13:00:00+00:00,0.08558865488072473,0.5
2019-12-12 14:00:00+00:00,0.0813092221366885,0.39999999999997726
2019-12-12 15:00:00+00:00,0.07724376102985407,-0.10000000000002274
2019-12-12 16:00:00+00:00,0.07838157297836137,-0.10000000000002274
2019-12-12 17:00:00+00:00,0.0794624943294433,-0.0
2019-12-12 18:00:00+00:00,0.07548936961297113,-0.10000000000002274
2019-12-12 19:00:00+00:00,0.07171490113232257,-0.5
2019-12-12 20:00:00+00:00,0.06812915607570644,-0.2999999999999545
2019-12-12 21:00:00+00:00,0.0647226982719211,0.10000000000002274
2019-12-12 22:00:00+00:00,0.061486563358325044,0.1999999999999318
2019-12-12 23:00:00+00:00,0.05841223519040879,0.3000000000000682
